Headline,Attention Score
"If You Know Anyone Who Is Afraid Of Gay People, Here's A Cartoon That Will Ease Them Back To Reality",1
"SCIENCE FACT: Gay Science, Like Straight Science, Is Really Just Plain Old Fact Science",0
The Dirty Secret In Every Restaurant Menu,1
What Happens When You Combine Financial Desperation With Your Steak?,0
A Terrified Child Genius Saves His Own Life With Engineering Skills,1
You Have 50 Seconds To Make A Suit Of Armor. GO!,0
One Conspiracy Theory That's Actually Worth Your Time,1
Would You Let Someone Steal Your Stuff And Sell It Overseas? Because That's What's Been Happening.,0
Soledad O'Brien Clashes With Anti-Gay Interview Guest,1
"CNN's Best Journalist In Action. By The Way, They're Getting Rid Of Her.",0
A Bunch Of Bullies Thought It Would Be Funny To Pummel This Kid. They Aren't Laughing Now.,1
This Bullied Kid Went Through Hell So Your Kids Won't Have To,0
"Here's A Magazine Saying ""Sorry We're Not Sorry"" For Being Racist",1
Popular Business Magazine Warns That The Minorities Care About Fancy Houses Now,0
Those Idiots From “Jackass” Have Nothing On This Air Force Vet,1
Meet The Man Who’ll Save At Least A Few Of Your Lives One Day,0
"A Very ""Shocking"" 98 Seconds. That Joke (Although Terrible) Will Make WAY More Sense After Watching.",1
"If You Enjoy The Ol' Night Sky, You Should Get Your Fill ASAP. It Genuinely Won't Be There For Long.",0
A Joke About Male Genitalia That Even Hillary Clinton Would Laugh At,1
"Finally, An Answer To The Question: Do Feminist D**k Jokes Exist?",0
The National Holiday We Used To Celebrate In November Until Thanksgiving Came Along,1
"11,000 People You Should Really Be Thankful For On Thanksgiving",0
Love It: An NFL Player Who Genuinely Respects Women,1
This 2-Time Super Bowl Champ Is Dancing For Women's Rights. Will You Join Him?,0
The CEO Of The NRA Attacks Himself In The Most Reasonable Super Bowl Ad Of 2013,1
The NRA's CEO Attacks The NRA's Biggest Fan For Being Unreasonable,0
"If You Watch This And Make It Through With Dry Eyes, Let's Not Be Friends",1
Aaron Swartz Said 'The Revolution Will Be A/B Tested' To This Woman. He Was Right.,0
Fox News Haters Will Love This Poll Result. So Will Fox News.,1
Here's 2012's Most Trusted Media Outlet. And Least Trusted Media Outlet. (They're The Same.),0
"Americans Are Better Than Any Other Country At This One, Totally F*cked Up Thing",1
Are You Genetically Predisposed To Going To Prison?,0
"WTF New York? No One Should Ever, EVER Make Art Like This.",1
Here Is Some Art That You Won't Want Life To Imitate,0
"Forget Crop Circles, The U.S. Military Does Even Weirder Stuff In The Middle Of Nowhere",1
These Cool-Looking Things DEFINITELY Don't Call To Mind A Hellish War The U.S. Wages With Robots,0
Mark Zuckerberg Wants To Hire You. You Just Have To Learn This One Thing.,1
How Kids Can Convince Their Parents That They Should Spend More Time In Front Of The Computer,0
"See The Teacher’s Resignation Video That 280,000 People Have Already Watched",1
"With A Videotaped Resignation, This Teacher Angrily Busts An Already Busted Educational System",0
This School Totally Understands The Difference Between Learning And Education,1
Would You Let These Guys Design A School?,0
Just One More Very Good Reason To Raise The Minimum Wage,1
"In A Fight Between Minimum Wage And The Glass Ceiling, Everyone Loses",0
Dumbledore Is Gay. Harry Potter Has This To Say.,1
"First He Was Harry Potter, Now He's Helping To End Teen Suicide",0
Watch A Lesbian Attack The Word 'Gay',1
"Acceptance And Tolerance Are 2 Different Things. One Changes The World, The Other Just Rots There.",0
I Can’t Believe This Is From A Television Show,1
Why You Should Treat Everyone Like Your Mother,0
¿Cómo Se Dice ‘Nada’ En Español?,1
"En Vez De ‘Sí Se Puede,’ Ya Es ‘Sí Se Shhhhhhhhh’?",0
Watch A Smart Guy Stump A Religious Bigot With Her Own Religion,1
Believe Homosexuality's An Abomination? Do I Ever Have A Daughter To Sell Into Slavery For You!,0
How To Disarm A Tea Partier With Nothing But Words,1
I Had More Inclusive Tea Parties Than This When I Was In My Terrible 2’s,0
The Crazy Reason Fewer Americans Are Adopting,1
Why Is This A Political Story? I Just See Beautiful Kids.,0
The Most Powerful Photo Of Martin Luther King Jr. I've Ever Seen,1
The Most Powerful Memories Of Martin Luther King Jr.,0
What Would Cause A Group Of 8-Year-Olds To Riot?,1
Why Do Our Children Have To Fight Our Battles? Because We're Not Doing It.,0
This Is Not An Acceptable Solution To Child Abuse,1
I Don't Think Toy Soldiers Are Going To Cut It,0
Here's The Chart That Most Republicans DON'T Want You To See,1
"Hey There, GOP - You Look Mighty Uncomfortable On That Fence",0
Colin Powell's Quote About Gay Marriage Is Chock-Full Of Common Sense And Decency,1
Former Member Of The Bush Administration Comes Down On The Right Side Of History,0
Possibly The Worst Thing That Can Be Done To A Child,1
The Lifeless Body Is A Metaphor,0
"Afghanistan In The 1960s. Prepare To Be Very, Very Surprised.",1
The Afghanistan That We Know Today Looks NOTHING Like The Afghanistan From The 1960s,0
The Google Maps Revelation That Is Blowing My Mind,1
The Google Maps Version Of Journalism. It's Pretty Awesome.,0
The Most Sensible Definition Of Marriage I've Ever Heard,1
Marriage Is Where A Man And A Woman Fight All The Time,0
Watch 1 Of The Best TV Shows Ever Give Liberals Their Swagger Back,1
Return Of The L Word,0
10 Amazing Honeymoon Spots That May Not Last As Long As Your Marriage,1
10 Amazing Honeymoon Spots That May Not Last As Long As The Average Marriage,0
"This Is How The U.S. Would Look, If It Turned All Its Money Into Land ",1
Why Playing Real Life Monopoly Is More Like A Game Of 'Sorry!’,0
I Thought God Hated Women Until I Saw This.,1
God Is On The Phone. She Doesn't Sound Happy.,0
How To Take Down A Little Word With A Lot Of Power,1
Why Everybody Should Have A Personal Jihad,0
Are You Falling For The Biggest Trick Designed To Get Your Cash?,1
"Introducing ‘50 Shades Of Green’, In Which Powerful Corporations Have Their Way With The Environment",0
America's Old Nemesis Rears Its Ugly Head,1
"When People Are Hungry, They Die. Can We Get 50 Million Americans Off Death Row, Please?",0
These Are Some Of The Toughest (But Important) Photos I’ve Seen This Week,1
These Wolves Are About To Find Out What Happened To The Dodo Bird,0
Two Abortion Protesters Decided To Yell At This Guy's Wife. They Probably Shouldn't Have Done That.,1
Emotional Husband’s Powerful Confrontation With Abortion Protestors,0
How Poor People Became The McDonald’s Hamburger Meat Of The American Economy,1
"Remember The Military Industrial Complex? It Grew A Newer, Creepier Head, And It's Coming For You.",0
"Gross, Is That Blood? Nah, It's Just Paint. THAT'S Blood.",1
Remember That Time We Got Shot With Tear Gas? I Painted It.,0
Here’s The Ad That Muslims Across America Wish You Would See,1
A Bunch Of People Decided To Fight Hate With Beautiful Art,0
The Unbelievable Loophole In U.S. Child Labor Law,1
Meet The Kids Whom U.S. Child Labor Laws Failed To Protect,0
This Really Offends Me About Child Offenders,1
"Where Will These 2,570 Kids All Spend Their 50th Birthday?",0
MUST WATCH: A Politician Loses It And Restores My Faith In Humanity,1
A Politician Asks For Forgiveness And Genuinely Means It,0
Meet A Woman Who'll Make You Furious That She Calls Herself An American,1
Meet The Woman Who Gave Mitt Romney His Stance On Immigration,0
"If You Think 1 Canadian Dude Is Actually 180,000 Hispanic People, You Might Be Kinda Sorta Racist",1
Why Martin Luther King Jr. Would Still Be Fighting For Voting Rights If He Were Alive Today,0
The Schoolhouse Rock Parody That Is Equal Parts Painfully Accurate And Funny,1
"Learning About The Government Is Too Depressing For Kids, Even When It Looks Like This",0
You Won't Believe What Saved The Lives Of 11 Children In 11 Seconds In Sandy Hook,1
"11 Kids, 11 Seconds, And 1 Mind Blowing Hopeful Fact About The Sandy Hook Tragedy",0
Just One More Sad Example Of What Kind Of Non-News 24 Hour News Networks Consider 'Newsworthy',1
OF COURSE The Media Stopped Covering The Sequester As Soon As It Started To Really Matter,0
I Bet This Man Has Embarrassed A Few Police Officers Who Have Tried To Arrest Him,1
The Professor Of Dirt Is About To Prove Just How Dirty Your City Is,0
Remember Those Troubled Kids In School? Turns Out They Weren't Actually Troubled.,1
Teamwork And Leadership Are Overrated — There Is Definitely An 'I' In 'Team',0
The Man In The Sweater Who Never Mentioned The Most Important Thing In His Life,1
Is It Possible To Teach Morality Without Talking Religion? Everyone's Favorite Minister Thought So.,0
Watch A Feminist Senator Teach A U.S. General How To Do His Damn Job,1
Watch A US Senator Slap Some Sense Into The US Military,0
It's Disgusting What People Consider Beautiful Nowadays,1
Killing An Elephant To Make A Trinket Is Beyond Stupid,0
This Future Map Of The United States Is Way Cooler Than Any Current Map Of The United States,1
MAP: This Is What Americans Look Like On Speed,0
What Would Happen If The U.S. Eliminated The Penny? Let's Ask A Country That Actually Did.,1
Why Is Canada Deliberately Getting Rid Of Good Luck?,0
1 In 3 Women Need You To Watch This.  The Other 2 In 3 Women Would Prefer You To Watch It Too.,1
A World Leader Would Like You To Do Something Other Than Celebrate Valentine's Day This Year,0
"If You Watch One Moment From The State Of The Union, Make It This One",1
"Like The President Said, They Deserve A Vote",0
"If You’re Afraid Of The Unknown, You’ve Already Lost",1
Are You Curious Enough To Eat A Worm?,0
There's Some Things About Women That I Didn't Think I'd Want To Know. This Is One Of Them.,1
Do We Need Laws To Protect Women From Violence? Ask This Chart.,0
"People Get Tired Of Hearing The Word Awesome. But In My Defense, Seriously, This Kid Is Awesome.",1
"What Do Robert Frost, Space Jam, And Journey Have In Common? Just Ask The President.",0
Watch A Real Person Correct An Elected Official On How Democracy Should Actually Function,1
2 Members Of Congress Debate Whether Accepting Legalized Bribes Is Cool. Righteous Honesty Prevails.,0
Why Oregon Just Became The Best State To Have Sex In,1
Having An Abortion? Better Move To Oregon.,0
These Girls Have Seen Their Own Potential. They're Going To Do Amazing Things With It.,1
Bring Your Daughter To Work Day Just Got A 21st Century Upgrade,0
"If This Video Goes Viral, The Internet Could Be In Huge Trouble",1
Just A Reminder To Stop Every Once In Awhile And Zoom In On The Flowers,0
Some Strange Things Are Happening To Astronauts Returning To Earth,1
Advice For Saving The Earth From Some Of The Only People Who Have Left It,0
Looking At This Map For 5 Seconds Will Change How You Think About Race,1
Cosmetics Salesmen Will Find This Map Very Helpful. Neo-Nazis Won't.,0
"The Only Man In History With The Right To Say ""I Told You So"" To The Entire Planet",1
Nickola Tesla Exactly Predicted Our Energy Crisis 100 YEARS AGO,0
Take Your iPhone From Dead To 100% In 30 Seconds Using Science,1
FINALLY! A Battery I Can Throw In The Trash,0
See A 17-Year-Old Girl’s Laser-Sharp And Laid Back Take-Down Of An Annoyingly Popular Reality Show,1
How Exactly Does Punishing Fat People Go With Your Pledge To Love Your Body?,0
Watch A Diner Waitress Explain To A Wall Street Guy How Money Works In America,1
A Journalist Goes Undercover As A Waitress. Guess Which Job Was Harder?,0
College-Age Republicans Decide To Compromise In An Awesome Way,1
"These Republicans Have Officially Endorsed Gay Marriage. Sadly, They're Not The Ones In Power.",0
WATCH: The TEDxTalk That Knocked Me Down A Peg Or Two,1
What Your Reaction To Celebrity Gossip Says About You,0
9 Out Of 10 Americans Are Completely Wrong About This Mind-Blowing Fact,1
"Meet The Person Who Has No Clue How Money Really Works. Ok, Stop Looking In The Mirror Now.",0
I Honestly Didn't Think A Video About Birds Would Make Me Cry. I Was Wrong.,1
A Short Video About Birds That's Guaranteed To Break Your Heart,0
This Is Exactly How Desperate We Are To Get Oil Out Of The Ground,1
What Would Someone From 200 Years Ago Think Of This Thing We Now Do To Get Oil Out Of The Ground?,0
Watch A Nervous Mom Make An Heroic Phone Call While Her Kid Naps,1
Watch This Mom Check “Gun Control Advocacy” Off Of Her To-Do List,0
A Depressing Map Of The US That Will Make You Not Want To Have Babies,1
MAP: Why You Should Move To Canada To Have Your Baby,0
I've Never Met A 15-Year-Old And Thought 'She's Gonna Run The World One Day.' Yet Here We Are.,1
"A Teen Girl Who Loves Fashion? And She's A Feminist?! Stop, My Head Is Exploding!",0
How To Win An Argument That Might Just Save The Planet,1
Move Over Al Gore—A Flowchart Took Your Job,0
ALL KINDS OF WRONG: CNN Pays A Touching Trubute To The Rapists Who Attacked A 15 Year Old Girl,1
The One Where CNN Feels The Need To Sympathize With Sexual Predators,0
Why Your Part In The Steubenville Tragedy Is Bigger Than You Think It Is,1
Want To Prevent Tragedies Like Steubenville? Stop Letting Them Happen.,0
Stop Turning Everything I Do Into A Political Statement!,1
"Once Upon A Time, There Wasn’t 'Liberal' Beer Or 'Conservative' Beer, There Was Just … BEER",0
NAILED IT: Watch A Really Smart Comedian Destroy A Really Dumb Idea,1
Stephen Colbert Celebrates The End Of Racism — And The Continuation Of Ignorance,0
How Science Allowed A Woman To See The Light,1
"Bless Australia For Giving Us Kangaroos, Crocodile Dundee ... And THE BIONIC EYE?",0
Want To Hear A Genius Ruin Politics And Religion In 5 Sentences?,1
"If You Call It ""Flip-Flopping"" One More Time, Carl Sagan Is Gonna Be Pissed",0
Hillary Breaks Down Gay Marriage So People With Extra-Thick Heads Can Understand,1
Can We Hurry Up And Just Elect Hillary As President Yet?,0
These Are Literally The Smallest Apartments You'll Ever See,1
"These People Aren't Vampires, So Why Are They Living In Coffins?",0
Offensive Things You Might Say That You Didn’t Realize Were Offensive,1
Things I've Overheard In The Melting Pot,0
Watch This Bride Dump Her Very Important Groom At The Altar,1
"With This Ring, McDonald's, I Thee Wed",0
The People With The Most Power In The World Actually Believe This Really Horrible Thing,1
The Simplest Way To Think Your Way Out Of Wall Street's Awful Economic Dogma,0
"These Christians Are Advocating The Government Do Something, And I'm Actually Not Outraged. At All.",1
Why The Jobs Crisis Isn't Just Some God Of Economics Testing Our Faith In Fiscal Austerity,0
The Single Greatest Gift For A Woman,1
How Did 3 Geniuses Combine Purses With Saving The Planet?,0
I Don't Like Being Lied To. Neither Did This Documentary Crew.,1
Thank Goodness B.P. Cleaned Up Their Oil Spill. Now These Lovely Birds Can … Keep Dying?,0
"If My Dentist Caught Me Showing People This, He'd Slap Me In The Face",1
"Is That A Soda In Your Pocket, Or Are You Just Happy To See An Early Grave?",0
SWOON: Watch This Star Calmly Blow Apart Any Argument That We Can't Solve Poverty In One Generation,1
Why Is This Rockstar Calling Himself An 'Insufferable Little Jumped-Up Jesus'?,0
Why Women (And Men) Love This Picture So Much,1
Something REALLY Sexy Is Happening At This Store,0
Remember Sandy Hook? Apparently The Senate Doesn't.,1
The NRA Claims It's Latest Victim. Say Goodbye To Background Check Reform.,0
WTF: Why You're Way More Likely To Get Arrested At The End Of An Officer's Shift,1
So Messed Up: Why You're Way More Likely To Get Arrested At The End Of An Officer's Shift,0
About To Start An Argument Over Israel and Palestine? Watch This Video First. ,1
This Guy Lives In A War Zone. So What's He Smiling About?,0
Should A Parent Listen To Their Kid In This Situation?,1
Would You Sacrifice This Much For Your Kid's Education?,0
A Head-Slappingly Simple Strategy That Might Just Reduce The Crime Rate,1
A Strategy To Combat Crime That McGruff Wished He Thought Of,0
"This 9-Year-Old Has Blown Away The Minds Of Millions, Will You Be Next?",1
"Does Your Life Need More Meaning? Here, This 9-Year-Old Can Help.",0
This Girl's Middle School Photography Project Will Steal Your Breath Away,1
This Girl Makes Me Want To Dump My Thanksgiving Dinner On Columbus' Head ,0
"What The Craziest Thing About The Fact That Humans Exist? I Don’t Know, But I Bet It’s In Here.",1
How Do You Go From An Amoeba To A Global Superpower? Like This.,0
I’ve Never Had A Pie Chart Make Me Gasp Before,1
"This Isn't A Pie Chart, It’s A Big Fat Raspberry",0
Did The Supreme Court Just Legalize Gay Marriage? Well... Sort Of.,1
The Supreme Court Did What They're Paid To Do. Talk About Stuff. Here's The Abbreviated Version.,0
"This Doctor Had A Breakdown, Saw A Therapist, And Ended Up Changing, Like, Millions of Lives",1
"This Amazing Storyteller Can Change The Way You Live, Love, Work, And Parent",0
Why Going Off The Grid Isn’t Just For Conspiracy Theorists Anymore,1
Don't Want To Go Solar To Save The Environment? Go Solar To Save The Wallet.,0
This Isn’t Just A Car: It’s The End Of Gasoline As We Know It,1
The Future Of The Auto Industry Is Right Between Your Nostrils,0
"When Your Carbon Footprint Needs A Commercial, Your ‘Feet’ Are Too Damn Big",1
NERD ALERT: The Climate Action Superhero You Didn’t Know You Were Waiting For,0
A Supermodel Hemorrhages During Childbirth And Turns Her Experience Into An International Campaign,1
See What Can Happen When A Safe Place To Give Birth Isn’t A Guarantee,0
"OMG. Google ""Tucker Carlson"" And ""Gay Marriage""",1
10 Democratic Senators To The Right Of Tucker Carlson,0
Jennifer Lawrence Summarizes Everything That’s Wrong With Our Culture Today In 1 Sentence,1
What Could Hollywood Do To Change The Lives Of Half The Population?,0
In Case You Missed It: Why Everyone Is Posting Those Pink Equal Signs on Facebook This Week!,1
Support For Gay Marriage + A Little Creativity On Facebook = These Kick-Ass Profile Pics,0
"Congressman 'Accidentally' Uses Horrific Racial Slur, Apologizes, And Is Still Racist",1
Would You Forgive A Congressman For Being Horribly Racist If He Grew Up On A Farm? Me Neither.,0
Why Don't More Moms Talk To Their Daughters Like This Famous Actress Talks To Hers?,1
How Complimenting Yourself Creates Positive Change In Other People,0
"It's Hard To Visualize Billions Or Trillions Of Dollars. After You See This, You Won't Want To.",1
What Has Enough Money To Remake The Statue Of Liberty Out Of Dollar Bills?,0
"A Gay Soldier Is Being Singled Out And Prosecuted, But That's Not Even The Craziest Part",1
What If The Characters In 'Mr. Smith Goes To Washington' Were Gay?,0
Here's Why We Can't Have Nice Things,1
HBO's Game Of Thrones Really Needs To Stop Letting Congresscritters Write Their Scripts,0
The Most Honest Cable Company In The World Has A Message For You. It's Not Good.,1
The One Where Your Cable Company Offers To Punch You In The Face And Tells You To Say Thank You,0
Your Cable Company Has Been Keeping A Really Sketchy Secret From You For Like Forever,1
The One Where Your Cable Company Stops Talking About You Behind Your Back,0
A Photographer Asked People What They’d Like To Say To The World. Their Answers Will Blow You Away.,1
Ink That Makes You Think,0
"North Korea Would Ban This Video If They Could. Lucky For Us, They Can't.",1
What Do You Do When North Korea Threatens To Punish Your Family When You Escape?,0
You Won’t Believe What These Muslims Are Protesting About,1
Muslim America Rocks — We Just Don’t Hear About It Often,0
This Adorable Kid Just Wants To Take A Girl On A Date. So Why Is That Such A Big Deal?,1
"If You Can See Past The Super-Adorable Kid, There’s A Really Great Message Here",0
"I Don’t Know Anything About Soccer, But This Is The Most Inspiring Goal I’ve Ever Seen",1
These High School Athletes Were Winners Long Before The Game Ended,0
"History May Not Remember This Speech, But I Guarantee That You Will",1
This Speech On Gay Marriage Made 4 Years Ago Will Have You Cheering Right Now,0
How Kids Are Playing With Something Far More Dangerous Than Guns Every Day At School,1
Why Giving Kids Forks And Knives Can Help Save Their Lives,0
Our Nation's Capital Has A Secret. And It's Dirtier Than You Can Possibly Imagine.,1
I Got A Fever And The Only Prescription Is To Make It Rain... Fish.,0
The Mainstream Media Is Too Busy Covering War To Show You THIS,1
Why Is This Kid Riding A Bomb?!,0
Our Nation's Capital Has A Secret. And It's Dirtier Than You Can Possibly Imagine.,1
SECRET: Fishing Is Like Sex...,0
"They Had Polio And The Black Plague, We've Got This To Deal With",1
"""Damn It."" -The Present. ""Sorry About That!"" -The Past.",0
The Little Girl's Toy That Thousands Of Grown-Ass Men Can't Wait To Play With.,1
What Happens When A Bunch Of Dudes Get Down With My Little Pony?,0
What Lots Of Teachers Think But Are Scared To Say,1
Who Ever Heard Of Parents Getting Homework?,0
Guess The 1 Word The Postal Service Can’t Stand?,1
This Company Exposed A US Government Agency’s Religious Bias,0
An Iraq War Veteran Provides A Shocking Demonstration With His Weapon,1
I Bet This Weird Gray Torso Thing Wishes There Were Background Checks,0
Finally: A Kid’s Show That Isn’t Peddling Obesity And Actually Respects Kids,1
This Hiptastic Children’s Show Makes Me Want To Be A Kid Again,0
8 Things Women Want That Most Men Take For Granted,1
What Women Want Is So Much More Than A Terrible Film Starring Mel-Effing-Gibson,0
See The Video That Got This Terrific Tree Hugger Fired,1
Meet The Coolest Tree Hugger Ever,0
Teacher Caught On Camera Making A Student Cry. It’s Actually Pretty Amazing.,1
This Teacher Is Pushing His Kids Around. That’s Why They Love Him So Much.,0
I Can Barely Wait For A Bus. This Woman Has Waited Her Entire Life.,1
Could You Keep Waiting For Your Child To Come Home After Everyone Else Has Given Up?,0
The Scariest Horror Film Of The Year Is Actually A Documentary,1
Are You Unlucky Enough To Be Witnessing The Death Of America's Middle Class?,0
"This Filmmaker Could Have Been Killed At Any Moment, But He Kept The Camera Rolling Anyway ",1
MUST WATCH: The Unbelievable Footage Of Syria A Filmmaker Risked His Life To Get,0
How Do You Handle Gay Football Players In The NFL? Here's Archie Bunker's Wise 42-Year-Old Lesson.,1
"We May Not Call Them La-Dee-Dahs Anymore, But Why Do We Think The Same Way About Gay Athletes? ",0
You Don't Need To Speak A Foreign Language To Understand How Insane This Is,1
I've Been Told That Americans Get More Anti-Immigrant When They Hear Spanish. Prove Me Wrong.,0
Check Out This Hilarious But Real Prank A Bank Pulled On Men,1
"This Might Look Like An Episode Of 'Punk'd,' But It's Real",0
What’s The Most Quietly Despised One-Fifth Of America Nobody’s Talking About?,1
Guess Which Socially Vilified Group Needs An Extreme Makeover?,0
America Put This Famous Gay Space Dude In Jail When He Was 5 Years Old. Now He's Going Where?,1
Everything You Wanted To Know About Gay Broadway Space Prisoners-Of-War But Were Afraid To Ask,0
"Man Lands In America, He Wasn't Born Here, But We Let Him Stay. Do You Know His Name?",1
Ka-Pow! What's Your Answer To The Superman Question?,0
"Here's How Immigration Works, And I Still Don't Get It",1
Want To Work In America? Go Back In Time And Get In Line At Ellis Island,0
"This Might Be Why I Thought ""Harry Potter"" Was Written By A Dude For So Long",1
"We've Elected Women And Put Them In Space, So Why Is It So Hard To Find Them HERE?",0
"If You Enjoy When Rich People Fail, You’ll Love This Chart",1
The Biggest Financial Busts In History In One Easy-To-Read Chart,0
"Like Being A Woman In America Isn't Hard Enough, Now We Have To Worry About This?",1
"If Every State Did This One Thing, More Women Would Be Alive Today",0
Watch The Video That Coca-Cola And McDonald's Hope You Never See,1
How The Food Industry Has Made Children More Annoying,0
There Is Bravery In This World. A 9-Year-Old Kid In Star Wars Pajamas Taught Me That.,1
The Best Part About Being Sick Is That You Get All The Free Ice Cream You Want. The Worst Part Is-,0
That Thing They Teach You About In Health Class Isn't Nearly As Dangerous As It Used To Be,1
F*ck AIDS. Ferreal.,0
We Couldn't Decide Wether Or Not To Accuse Google Of Not Caring About Your Privacy In This Headline,1
Google May Or May Not Be Game To Give All Your Private Info To The Feds. We Have No Idea Either Way.,0
" If You Hate It When Companies Get Away With Not Paying Taxes, Here's A Way To Vent Productively",1
You Remember Space Invaders? There's A New Version With A Way Scarier Real Life Villain.,0
" If You Hate It When Companies Get Away With Not Paying Taxes, Here's A Way To Vent Productively",1
"Don't Worry, You Can Play This Game At Work. All Your Bosses Do.",0
This Is Why Journalism Has Sucked For The Past 20 Years,1
Why Good Journalists Get Fired And Bad Journalists Get Promoted,0
2 People Described The Same Person To A Forensic Artist And This Is What Happened,1
How Did This Artist Draw 7 Women Perfectly Without Ever Seeing Their Faces?,0
Why You’re Being Smart For Not Liking This Little Girl,1
Scam alert! Look Before You “Like” Facebook Users.,0
"Want Another Reason To Turn Off Fox News? You’re Welcome 
",1
Behind Organized Hate’s Playbook,0
"If You Watch This Video, You Probably Won’t Need To Turn On Fox News For A Few Months",1
Behind Organized Hate’s Playbook,0
The Future Of Marriage Equality In One Stunning Chart,1
CHART: The Incredible Rise Of Gay Marriage,0
"Just When You’re Beaten Down For Being Different, Something  Amazing Happens",1
The Painful Way To Become Facebook Famous,0
The Most Inspiring Slab Of Concrete You’ll See Today,1
Why Is This Girl Lugging Around A Bag Of Manure Making Me So Hungry?,0
What Happens When Preschool Teachers Get Tired Of Being Treated Like Preschoolers,1
"Can Unions Really Make A Difference? Why Don’t You Ask Some Preschoolers.
",0
New Zealand’s 8-Minute Long PSA On Preventing Rape Is The Most Powerful Thing You’ll See Today,1
"When You Play This Party Video Backwards, It Reveals A Secret Message",0
"Sometimes Corporate Tax Breaks Are Cartoonishly Unfair. This Time, For Instance.",1
Guess What? I Discovered The Secret To Paying No Taxes!,0
"Sometimes Corporate Tax Breaks Are Cartoonishly Unfair. This Time, For Instance.",1
Guess What? I Discovered The Trick To Paying No Taxes!,0
This Documentary Is About Lawyers You'll Actually Like. Seriously.,1
Our Justice System Would All Go To Hell Without People Like This,0
This Is What Happens When A Diet Ad Goes Rogue,1
Diet Ads You’ve Been Busted,0
This New Zealand Politician Unleashes One Of The Funniest Gay Marriage Speeches On Record,1
"Find Out Why This Politician Said ‘Big Gay Rainbow’ In A Real, Live Floor Debate",0
The Future Of Marriage Equality In 1 Stunning Chart,1
CHART: The Incredible Rise Of Gay Marriage,0
Here's Why You Don't Mess With A Feminist And Her Laptop,1
Why I Never Want To See Another Article Asking Where All The Feminists Have Gone,0
Here's Why You Don't Mess With A Feminist And Her Laptop,1
Why I Never Want To See Another Article Asking Where All The Feminists Have Gone,0
"How The Boston Bomber Was Identified, Arrested, Got A Tan And Disappeared In Just A Few Hours
",1
WTF Happened In Boston The Day After The Bombings? A Handy Guide To The Arrest Clusterf$&k.,0
This Is How The NRA Handles Reporters,1
Did You Know The NRA Used To Support The Law It Just Helped Destroy?,0
"A Whole Country Decided To Legalize Gay Marriage. In Response, They Got What They Deserved.",1
This Is My Favorite Song Sung By A Legislative Branch Of Government Celebrating Gay Marriage EVER,0
"This Is How The World Doesn't End, Not With A Whimper, But With The Click Of Your Camera Lens?",1
"This Is Not How The World Will End. At Least, Not If These People Can Help It. ",0
"If You're A Human Being, You're Going To Want To See This",1
What Do 1 Billion People Do Once A Year?,0
"If You're A Human Being, You're Going To Want To See This",1
What Do 1 Billion People Do EVERY Year?,0
How A Talk Show Host Found Out The Hard Way There Are Some Things Bob Costas Won’t Joke About,1
Bob Costas Has A Bone To Pick With The Masters,0
The Feds Will Not Be Cutting Your Social Security. They'll Just Be Decreasing Your Benefits By 10%.,1
Will The Government Cut Your Social Security? It Depends On How You Define Cuts.,0
"I Can't Believe What The Government Is Planning To Do To Your Poor, Gentle, Sweet, Old Grandma",1
"I Can't Believe What The Government Is Planning To Do To Your Sweet, Gentle, Old Grandma",0
"The DIY House That The Real Estate Industry Hopes You Won’t See
",1
"How You Can Make A House By The Same Process You Make Wine
",0
"This Desert Miracle Can Only Mean One Of Two Things: Engineers Rule, Or There Are Wizards Afoot",1
"This Wild Invention Brings A Whole New Meaning To The Phrase ‘Make It Rain’
",0
The Most Passive Aggressive Way To Cure Malaria Using Elizabeth Banks I Have Ever Seen,1
"What Do A Bearded Lady, A Supermodel, Jerky Puppies, Competitive Eating And Malaria Have In Common?",0
Watch The Most Selfish Political Movement In America Get Destroyed By One Of Its Own,1
Why Are Some Of The Most Influential Minds Of The Right Wing Stuck In Their Teen Years?,0
"Why Was This Second-Year Med Student Deprived Of 1,138 Rights Most Americans Have?",1
"How To Improve Our Quality Of Life, One Gay Marriage At A Time",0
"Two Years Ago, President Obama Quietly Signed A Radical Media Bill. It’s About To Go Live.",1
Why There May Be Fewer Terrible Songs Coming Out Of Your Radio In The Near Future,0
Guess How Much Money The Senators Who Voted Against Background Checks Got From The NRA?,1
"The Senate Has Some Bosses, And I'm Pretty Sure We Aren't Them",0
"Well, That Pretty Much Disproves Everything I Thought I Knew About The Human Body",1
Swimming At The North Pole In A Speedo? Talk To This Man First.,0
Why Is A Successful Actress Like Sophia Bush Living On $1.50 A Day?,1
Think You Could Live On $1.50 A Day? Prove It.,0
You Will Not Believe What It Cost The NRA To Make Sure Background Checks Got Killed,1
"Say What You Will About The NRA, They Sure Do Pay Their Employ- Er, I Mean, Senators Well",0
"The Completely Obvious Way To Solve Homelessness
",1
"The Incredible Reason Why This Man Feels Human Again
",0
"If You Can Read This, You're One Of The 83 People In The World Who Can ",1
"The World, In A Nutshell, According To The Worst Disney Song Ever",0
What People Who Get Bombed All The Time Have To Say To Boston,1
Is This The Most Touching Love Letter Ever?,0
Here’s A Very Important Story That The Mainstream Media Isn’t Really Covering,1
Meet The Folks Who Are On The Frontlines Of The Battle To Save Public Education,0
How Often Does A Football Player Make You Cry? Depends On How Many Times You Watch This Video.,1
This Guy Is A Football Player. He's Also A Boy Who Misses His Mom.,0
An Anti-Gay Scoutmaster Gets A Hard Life Lesson From A Straight Boy Scout And A Gay News Anchor,1
"The Boy Scout Motto Is 'Always Be Prepared.' Clearly, The Anti-Gay Scoutmaster Didn't Get The Memo.",0
Everybody's Favorite Homophobe Meets Neil Patrick Harris,1
The Way Homophobia In America Dies Out,0
The One Cause That Has The Tea Party And Progressives Marching Side By Side,1
Why Would Anyone Run A 5k Dressed As A $100 Bill?,0
"Something Tells Me Exxon Won't Be Running This Ad Anytime Soon 
",1
"Who Needs A Gas Station When You've Got A Perfectly Good Front Lawn To Spill Oil On Instead? 
",0
"After This, You’ll Never Look At The Ocean The Same Way Again",1
Extreme City Makeover: Mother Earth Edition,0
"Move Over Pussy Riot, These Pakistani Dudes Might Die For Doing This",1
Find This Under 'Exhibit A' In The 'How To Piss Off A Dictator' Handbook,0
This Is What Democracy Looks Like When A Nerd Does It,1
Patton Oswalt Proves That A Good Filibuster Doesn't Have To Be Boring,0
Representative Brian Sims Brings The House Down With A Single Sentence About Abortion,1
Representative Brian Sims Reminds Anti-Abortion Senators How To Do Their Jobs,0
Representative Brian Sims Brings The House Down With A Single Sentence About Abortion,1
What Anti-Abortion Senators Seem To Be Forgetting About How To Do Their Jobs,0
The People Who Approved These Ads Have A Lot Of Explaining To Do,1
"Here's How Sexist Advertising Affects Women. But Do You Know How It Affects Men, Too?",0
A Congressman Decided To Insult A 4-Star General And Then Tried To Walk Out. HAHAHA.,1
A Congressman Taking Money From A Defense Contractor Tried To Shame A 4-Star General. Didn't Work.,0
A Bunch Of People In Israel Were Asked What They'd Wish For. Their Answers May Surprise You.,1
What Do The Israelis And The Palestinians Really Want? This.,0
A Bunch Of People In Jerusalem Were Asked What They'd Wish For. Their Answers May Surprise You.,1
Here's Something You Don't See In Jerusalem Every Day...,0
This Man Tells A Senate Subcommittee About Al-Qaeda's Best Recruiting Technique. It Will Shock You,1
The Testimony President Obama Really Needs To Hear,0
From Honorably Discharged To Absolutely Nothing: An American Tragedy,1
Inside A Slow-Motion Tragedy We Can All Tackle Together,0
"Some Jerks Freaked Out About A Gay NBA Player, So The President And The Internet Responded Like This",1
"If An NBA Player Being Gay Makes You Panic, Then This Will Give You A Heart Attack",0
This Waitress Is About To Get A $500 Tip. Watch Her Reaction.,1
"Aaron’s Last Wish Was To Tip A Waitress $500, So His Family’s Been Doing It All Year",0
"A Seriously Scary Thing Is Scheduled To Happen In New York This November
",1
Think New Yorkers Are Cranky Now? Wait Until They’re Living Over A Giant Pipeline Of Dangerous Gas,0
An Interviewer Asks An Expert What We Can Do To Stay Safer. Her Answer Is Not What I Expected.,1
Here's Your Invitation To Play The Save-The-World Symphony.,0
Some Big Things Are Hiding Right In Front Of You. And In You.,1
Want To See The World Around You? Are You Sure?,0
"A Seriously Scary Thing Is Scheduled To Happen In New York This November
",1
Think New Yorkers Are Cranky Now? Wait Until They’re Living Over A Giant Pipeline Of Dangerous Gas,0
3 Words I Wish I'd Heard When My Boyfriend Cheated On Me,1
TELL NO ONE: We Have An Exclusive Page From The Most Inspiring Book Coming Out This Year,0
"He Wants To Be A Marine, So Why Won’t We Let Him?",1
Meet A Few Young People Who Are American In Every Way But The Papers,0
Everything You Know About Sugar Is About To Be Blown Away,1
Put Your Sugar In Perspective,0
"Wait, They Say He’d Make The Perfect Marine — So, Why Are We Trying To Get Rid Of Him?",1
Four Soul-Stirring And Thoroughly American Stories You Need To Hear,0
"14 Books The Giant Nerds At Upworthy Are Reading And Shamelessly Promoting, As If You Care",1
"If You Like Upworthy, Then You May Want To Know What The Nerds Who Work Here Are Reading And Stuff",0
People Turn To The Internet For Answers. Their Questions Will Make You Cry.,1
"Lesson #3,456 In What The Internet Can Teach Us About Ourselves",0
"This Girl Lost Her Mom, Her Grandma And Her Hearing. So Why Is This Rock Band Playing Her A Song?",1
Sign Language Won't Take Away Her Pain. Only The President And Congress Can Do That.,0
"Are We Ready For A Lady President? But I Mean, Like, Are We REALLY?",1
These Girls Shouldn't Have To Wait Twenty Years For Their Pretend Election To Become A Reality,0
Senator Al Franken On How Cheetos Are Bringing Forth The Apocalypse? Sort Of?,1
The One Where A U.S. Senator Waxes Philosophically About Cheetos?,0
Watch An Abused Child Get A Secret Help Message In Broad Daylight That His Abuser Can't See,1
How To Stop Child Abuse With Epic And Secret Ninja-Spy Messaging Action,0
Here’s What The Little Guys Can Do That The Big Guys Just Can’t,1
"Give Me 6 Minutes, And I’ll Make You A Forever Believer In Community Radio",0
What’s It Like To Leave Your Culture Behind And Be Unwelcome In Your New Home?,1
Immigrant Voices: What It Was Like Coming To America,0
Creepy Corporation Does Something So Cartoonishly Evil That We Have To Make A Dr. Evil Reference,1
"It's Rare That I Imagine A CEO Petting HIs Creepy Cat In A Volcano Lair, But This Company Is Special",0
How Al Gore Could Have Won The 2000 Presidential Election With Ease,1
How Mr. Squash Became Mayor Of Plantville,0
"Guess Who Is Responsible For 25% Of The American Diet?
",1
"It’s Going To Hurt A Lot More If We NEVER Get Stung By Bees Again
",0
You Won't Believe Who Is A Bigger Threat To America Than Osama Bin Laden,1
I Would Really Love It If Congress Stopped Trying To Kill All Of Us,0
Watch These Straight People Answer A Question Gay People Have Been Asked For Years,1
Straight People: We're Just Born This Way!,0
The Scariest Math Problem I've Ever Seen. Can You Solve It?,1
One Of These Things Is Not Like The Other One,0
"Meet Dale. Gay People Make Him Uncomfortable. Ironically, He Makes Everyone Else Uncomfortable.",1
"If Gay People Scare You, Then You Are Doing It Wrong",0
"The Earth-Shatteringly Amazing Speech That’ll Change The Way You Think About Adulthood
",1
Some Advice For Getting Through The Frustrating Moments Of Adulthood,0
Elizabeth Warren Has A New Idea That’ll Make You Swoon,1
Elizabeth Warren Has A Very Good Idea. Let’s Make It A Reality,0
How Much Does It Cost To Make Congress Ignore Something 91% Of Americans Support?,1
The United States Senate Has Over 8 Million Reasons To Be Ashamed,0
It Doesn't Take A Rocket Scientist To Understand How Much This Epic Song Rocks. Especially IN SPACE.,1
Watch A Classic And Epic Rock Song About Space Being Sung By A Space Man IN SPACE,0
The Final Act Of The Departing Commander Of The International Space Station Truly Rocked,1
I Was Unaware That They Took The Old 1980s MTV Channel Up Into Space,0
"I Think I Speak For Everyone When I Say, 'Please Keep Your Genitals Out Of Our Toy Stores.' Okay?",1
"Why Toys 'For Boys' And Toys 'For Girls' Makes No Sense
",0
What Do Prisoners Want? I'll Give You A Hint: Every American Child Gets It For Free.,1
"We Already Threw One Book At Them, Why Can't We Do It Again?",0
"I Think I Speak For Everyone When I Say, 'Please Keep Your Genitals Out Of Our Toy Stores.' Okay?",1
FLOWCHART: When It's Okay For Boys To Play With Dolls And Girls To Play With Cars,0
"How Delaware Just Ruined The List Of The Top 10 Best States
",1
Ain't No Party Like A Delaware Party Cause A Delaware Party Is Inclusive,0
"You've Heard The Anti-Gay Leviticus Bible Quote, But Have You Heard The Very Next Line?",1
A Suitable Punishment For Gay People According To Leviticus. Who's Picking And Choosing Now?,0
The One Where Bill Maher Gets Clobbered By A Knuckle-Sandwich Of Fact,1
Glenn Greenwald Scores One For Historical Context,0
"It May Look Like Graffiti, But It's Actually A Ridiculously Concise Indictment Of The Media",1
"This Is A Bleak View Of Corporate News. In Other News, It's A Pretty Accurate One.",0
Did This Billionaire Just Say What I Think He Said?,1
What Dirty Secret Did This Knight Just Reveal About His Virgin?,0
30 Classic Dr. Seuss Quotes That Will Change Your Life. Again.,1
The Greatest Quotes By Dr. Seuss Never Get Old,0
Here's A Home Video That Wouldn't Have Been Possible 20 Years Ago,1
Tell Me What It's Gonna Be Like Now That You Two Are Going To Be Grandpas',0
The Punishment For Blowing The Whistle On Government Corruption Is Horrific,1
Trying To Uncover Government Corruption? You May Have To Finish Your Investigation From Prison.,0
"When His Dad Beat His Mom, He Was Powerless To Stop Him. He's Not Powerless Now.",1
"A Starship Captain. A Superhero. A Knight. Before All That, He Was A Scared Little Boy.",0
The Zombie Bill That Could Destroy Your Right To Privacy,1
Meet The Bill That Would Let 603 Government Agencies Spy On You (Without A Warrant),0
A Kid Falls Off HIs Skateboard And The World Is WAY Better Off For It,1
It's A Good Thing This Kid Totally Biffed It Off His Skateboard,0
Meet The Happiest Man To Call HImself A Christian Who Is In No Way A Christian At All,1
Know How White People Always Save African People In Movies? They Just Make Everything Worse In This.,0
All The Men In This Video Are Awful. Thankfully All The Women In This Video Are Amazing.,1
Women Earn 78¢ On Every $1 Compared To These Men. So Some Women Are Gonna Do Something About That.,0
Why America Needs To Behave Better If We Want To Be The Greatest Nation On The Planet,1
America Is Sick Of Mass Killings. So Is Pakistan. So Is Yemen.,0
"If You Like 'Mission: Impossible,' You'll LOVE This Movie. The Problem Is, This One Isn't Fiction.",1
America Knows War. They Are War Masters.' — A Guy America Is Trying To Kill.,0
The Kind Of Girl-On-Girl Love That Everyone Can Agree On,1
"Oh Snap, Is My Favorite TV Star Building An Army Of…Young Girls?",0
Here's The Sexiest Homage You'll Ever Hear To An Inanimate Object.,1
"Move Over, John Keats. Grecian Urns Are SO 1820.",0
Best Way To Answer A Question. Hands Down.,1
"BOOM: How You Hope to Have Any Question Answered, Every Time.",0
Ten Cents Can’t Buy Anything These Days. Or Can It?,1
How Amazing Would It Be If Food Workers Didn’t Have To Struggle To Feed Their Families?,0
"They May Look Ordinary, But 16 Million Kids Have A Secret. And It Hurts. ",1
Some Of The 16 Million America Kids In Pain Could Live In Your Neighborhood. Do You Want To Help?,0
"The State Of The World Is The Question, And GIRLS Are The Answer",1
Can One Small Investment REALLY Change the Future of Humanity?,0
These Homophobic Signs Just Got Pretty Gay,1
Step 1: Put Down The Sign. Step 2: Apply Cold Water To Burn.,0
I Bet You Wouldn't Let Aliens Treat Your Mother This Way,1
"ET Go Home, This Is MY Planet To Destroy",0
"Bitch, Please.  I’m A Momma.  I got this.",1
Give Me The Highs.  Give Me The Lows.  Give Me Motherhood.,0
Take A Deep Breath And Try Not To Cough Up A Lung,1
Would You Like Your Gas Mask In White Or Original Camo?,0
"I Hope I Die With As Much Grace, Style, Courage And Love Of Life As This Kid Did",1
Cancer Wasn't A Death Sentence For This Kid. It Was A Wake Up Call.,0
This Kid Just Died. What He Left Behind Is Wonderful.,1
"If You Take Your Life For Granted, You Should Watch This Story About A Kid Who Is No Longer With Us",0
"Would You Rather Be A Jerk To Everyone, Or A Nobody? This Graduation Speech Makes It Really Obvious.",1
"Are You A Nobody? Great! According To This College Graduation Speech, You're Officially Not A Jerk.",0
"If You're Curious What Neil deGrasse Tyson Would Be Like As Your Dad,
Watch His Graduation Speech",1
"If You Mess With Human Curiosity, You're Going To Hear About It From Neil deGrasse Tyson",0
How Did This Famous Nerd Sneak Into A Secret Meeting Of The Illuminati?,1
How Do You Say Nerd In Irish?,0
We Have Found Out Who Is In The Illuminati. The Other Thing We Found Out: They Are Weird.,1
Why The Illuminati Think Matt Damon Is A Wanker,0
"One Of The Most Patriotic Things I've Ever Seen Doesn't Involve Guns, God, Or Glory",1
One Woman And An Army Of Paintbrushes Are Making Sure We Never Forget Our Army Of Fallen Heroes,0
Which 7-Letter-Word Is NOT A 4-Letter-Word (Despite What Some Politicians Would Like You To Think)?,1
The Founding Fathers Probably Would Have Hated To See America NOT Moving In Which Direction?,0
9 Places Where No Woman Has Ever Been,1
Check Out Some Of The World’s Most Crowded Sausage Fests,0
10 Magical Pieces Of Street Art That’ll Hit You Square In The Soul,1
10 Beautiful Reasons To Look Up From Your Smartphone,0
Have You Heard Of The Recent IRS Scandal? Because They Kinda Covered Up A Much Bigger One.,1
"When You Screw Up, The IRS Makes You Pay. When The IRS Screws Up, The IRS Makes You Pay.",0
Which 7-Letter-Word Is NOT A 4-Letter-Word (Despite What Some Politicians Would Like You To Think)?,1
"On The Journey For Access To Women's Healthcare, There's Just One Direction In Which We Should Move",0
A Fan Asked Patrick Stewart A Question He Doesn't Always Get. I Wasn't Expecting This Answer.,1
Patrick Stewart Is Basically A Wonderful And Amazing Human Being. For The Reals.,0
A Fan Asked Patrick Stewart A Question He Doesn't Always Get. I Wasn't Expecting This Answer.,1
I'm Not Crying. That's Just Space Rain On My Face.,0
A Fan Asked Patrick Stewart A Question He Doesn't Always Get. I Wasn't Expecting This Answer.,1
The Time I Really Felt Like Giving Patrick Stewart A Giant Hug For Being A Wonderful Human Being,0
They Reduced Driving Speed By 22%.  And They Did It By Making Speed Cameras Fantabulous.,1
"Forget Powerball, You Can Win The Lottery Just By Driving Your Car!",0
Imagine A World Where Speeders Get Tickets And People Who Obey The Law Get AWESOME,1
"Imagine Obeying Speed Limits For Fun?  Yes, Please.",0
My Family Is In A Commercial And People Are Pissed,1
"Dear YouTube Commenters, It's 2013 And Interracial Families Exist. Deal With It.",0
"There's A Good Reason This Guy Talked Back To His Teacher, Walked Out, And Got An F",1
Why Your Barbie Doll May Be Poisoning Your Brain,0
"There's A Good Reason This Guy Talked Back To His Teacher, Walked Out, And Got An F",1
This Is Why Barbie May Be Poisoning Your Thoughts,0
7 Wonderful People Share Something You Should Know Before It's Too Late,1
What Skipping The Star Wars Prequels And Saving Your Own Life Have In Common,0
"The Absolute Best Summary Of Why The World's Middle Class Got Screwed, And How We Can Fight Back",1
Working People And Students Did Not Cause This Damned Economy To Crash,0
"If We Had More Drones, People Wouldn’t Get Away with Stuff Like This. That's Not A Good Thing. 
",1
Drone Crossing Ahead'. That's All I'm Gonna Say.,0
"When Trying To Make A Living Turned Into A Nightmare, This Woman Changed It Back Into A Dream",1
"Think Lawmakers Don't Affect You? As My Mother Used To Say, 'You've Got Another Thing Coming, Mister!'",0
"When Trying To Make A Living Turned Into A Nightmare, This Woman Changed It Back Into A Dream",1
"Think Lawmakers Don't Affect You? As My Mother Used To Say, 'You've Got Another Thing Coming, Mister!'",0
The Doctor Said His Son Should Be Committed.  He Chose To Commit To His Son Instead.,1
"Disability, Schmissability.  This Father-Son Duo Has Got This.",0
An Interviewer Asked A Muslim Man About The Murder Of An British Soldier. Here's How He Answered.,1
Lost: Hope In Humanity After The Murder Of A Soldier. Found: An Inspiring Interview To Restore It.,0
"You Don't Have To Wear A Fedora, But You DO Have To Be A Decent Human Being",1
"Not Only Do You Look Fedorable, But You're Also A Good Person",0
An Interviewer Asked A Muslim Man About The Murder Of An British Soldier. Here's How He Answered.,1
"After The Tragic Murder Of A British Solider, This Man Delivers A Powerful Smackdown Against Hatred",0
This Hilarious Lashing of PBS by Stephen Colbert Was Brought to You by the Letter “C” for Censorship,1
"You Just Know Bert & Ernie Could Be Next To Go If Stephen Colbert Can’t Change PBS’ Mind
",0
This Is An Ass-Off-The-Couch Kind Of Video.  Just An Invitation To Rock Your Inner Buddha.,1
I Dare You To Kick Off Those Mental Training Wheels And Make Your Next Bike Ride This Inspiring,0
1 Minute And 45 Seconds That’ll Make You Think Twice About Poverty,1
Where Do You Think Poverty Is Growing? You’re Probably Wrong,0
"A Prison Ignored The Most Obvious Cries For Help, And The Result Is Devastating",1
The Heartbeat In This Video Obviously Does Not Belong To The Corporation Involved,0
Boys Who Know How To Break Boxes Grow Into Men Who Respect Women,1
"In This Case, It's Totally Okay To Teach Your Kids To Break Things",0
"Next Time Someone Says You Can't Do Something, Here's Proof You Shouldn't Stop Trying.",1
"How Do You Respond To The Doc Who Says You'll Be A Vegetable? Smile, Nod, Then Prove Him SO Wrong.",0
A Politician Learned The Hard Way What It’s Like To Actually Live On Government Handouts,1
"As Other Senators Try to Cut Social Programs, Watch One Politician Do Something Else With Them",0
WHOA: 9-Year-Old Proves THAT Even 'Failing' Schools Are Capable Of Producing Ridiculously Smart Kids,1
Chicago Public Schools' Loudest Advocate Still Needs A Booster Seat,0
Guess What Natural Wonder Of The World Is Getting Destroyed Now,1
It’s One Of Richest Ecosystems In The World. And It’s Under Attack.,0
"Dive In! 400,000 Swimming Pools Full Of An Asthma-Causing Substance?",1
"Just A Guess, But If You’ve Been Breathing Lately, This Video Might Pertain To You",0
You Know Those Relationships That You Stay In Too Long? Yeah -- Here’s Another One.,1
"Poisonous Fish, Exploding Mountaintops, And Kids With Asthma? WTF?!",0
2 Lesbians Went To A Macklemore Concert And This Is What They Got,1
When I Say Macklemore Do You Immediately Think Of 2 Lesbians? You Will Now.,0
2 Lesbians Went To A Macklemore Concert And This Is What They Got,1
"If I Were A Lesbian Going To A Macklemore Concert, This Is How I Would Propose To My Girlfriend",0
Macklemore Just Caused A Lesbian Wedding To Be Planned,1
That TIme Watching 2 Lesbians Made Me Cry A Little,0
" When Facebook 'Likes' Meet Real Life, Things Get...Complicated",1
"If Armchair Activism Were An Actual Olympic Sport, This Would Be A Great Way To Advertise It",0
Girl On Girl: Not As Sexy As It Sounds,1
This Girl Is Here To Remind You That Most Women Kick Butt!,0
Watch A Kid At A Dinner Table Accidentally Destroy One Of His Mother's Lifelong Beliefs,1
Watch An Adorable Kid's Accidental And Profound Argument For Vegetarianism,0
"Nearly 4 Billion Was Spent On This Unjust War. Not Iraq or Afghanistan, The Other One.",1
WARNING: The Video You're About To Watch Contains A Serious Substance Known As Injustice,0
America Has Been Waiting Hundreds Of Years For It. This Breakup Needs To Happen.,1
What Life Would Look Like If The Two Biggest Celebrities In America Were Sexy Lounge Singers,0
"This Unjust War Costs Us About $3.6 Billion Every Year. No Not Iraq or Afghanistan, The Other One.",1
"This Unjust War Costs Us $3.6 Billion Every Year. No Not Iraq or Afghanistan, The Other One.",0
Imagine The Most Graphic Horror Movie You've Ever Seen… This Is Worse.  And It's Real.,1
The Truth About The Life Of This Lil' Guy Is Cold-Blooded,0
Is This For Real? A Woman Becomes The *Property* Of Her Husband's Family If He Dies?,1
E-Q-U-A-L-I-T-Y. There's Another Word I Wouldn't Mind Aretha Franklin Spelling.,0
"Nobody Knows About This Little Town, But You Should Before It's Literally Wiped Off The Map Forever",1
What If We Woke Up Tomorrow And Little Communities Like This Were Gone Forever?,0
"This Unjust War Costs Us Nearly $4 Billion Every Year. No Not Iraq or Afghanistan, The Other One.",1
"To Say There Isn't Injustice Here Is Is As Big A Lie As Saying ""I Didn't Inhale"" 
",0
"In Their Yearbook, They're ""Cutest Couple"", But In My Book, They're ""Most Inspiring""",1
"If There's An Award For ""Super Awesome High School"", I Know Just Which School To Honor First
",0
It Takes A Radical Movement In America To Get What Every Other Developed Country Doesn’t Think Twice About,1
"While Politicians Can't Stop Fighting Over Health Care, These Radicals Are Giving It Away For Free",0
There’s A Very Special Relationship Between These Billionaires And These Food Stamp Recipients,1
New Jobs Numbers? Why Are We Counting New Jobs? Even The Ones We Have Don’t Pay.,0
This Guy Must Be Pretty Special If All These Famous Folks Are Changing Their Names,1
Some People Are OK With Truthiness. I Prefer TRUTH.,0
Every US Agency Probably Wants This Man Dead. So You Should Hear What He Says Before That Happens.,1
You Won't Believe Who The NSA Spies On More Than Russia. Meet INSERT YOUR NAME HERE.,0
"An Ex-CIA Dude Just Pissed Off Everyone In The Government, So Watch This Before He Disappears",1
"A Secret Government Agency Is Watching You Watch This. Also, Apparently, Everything Else You Do. ",0
"An Ex-CIA Dude Just Enraged Everyone In The Government, So Watch This Before He 'Disappears'",1
If You Are Going To Give Away The Government's Most Horrible Secret About Spying On Americans...,0
Stupid Law Says No Gay Marriage? Google Says Challenge Accepted.,1
Put A Ring On It: Gloriously Gay Video Chats For A More Wonderous World,0
"I'd Like To Think I'm An Informed Straight Ally, But I'm Embarrassed I Didn't Know This",1
"They Call It The 'Defense Of Marriage Act,' So Why Is It Tearing This Couple Apart? ",0
"I'd Like To Think I'm An Informed Straight Ally, But I'm Embarrassed I Didn't Know This",1
"They Call It The 'Defense Of Marriage Act,' So Why Is It Tearing This Couple Apart? ",0
"I'd Like To Think I'm An Informed Straight Ally, But I'm Embarrassed I Didn't Know This",1
"They Call It The 'Defense Of Marriage Act,' So Why Is It Tearing This Couple Apart? ",0
" What Bros Need To Know About Rape, By Peter Gabriel",1
He Said WHAT Is A Weapon Of War?,0
Move Over Adele: This Lady Wins The 'Songs That Make Me Cry' Award,1
Super Awesome Granny Tickles The Ivories—And The Heartstrings—For Equality,0
A Bus Full Of Rude British Complainers Won't Let Facts Stop Their Angry Rant,1
These British People Want To Stop Giving Out Foreign Aid,0
"If You Know Someone Who Doesn't Believe Sexism Exists, Show Them This ",1
Women: Now Is The Time We End This. Men: Will You Join Them?,0
Move Over Adele: This Lady Wins The 'Songs That Make Me Cry' Award,1
GRANNY FIERCENESS: My New Favorite 72-Year Old Sings For Equality,0
"You're Probably A Part Of This Crowd, And Thats Why Corporate America Is Scared Of You",1
Wanted: People To Revolutionize The Economy. Hipster Beard Not Necessary.,0
They Replaced Black People With White To Make You See This Differently. Did It Work?,1
Do You Think People Will See This Issue Differently Because Their Skin Is White?,0
He Made A Choice. He Took A Life. He Made Another Choice. He's Saving A Community.,1
He Was Looking At The Man In The Mirror And He Did Change His Ways. See How.,0
The First Time This Kid Played Harmonica He Earned $80. You'll Be Floored By What He Did With It.,1
"Tell Me, If This Kid And His Harmonica Are The Future Of America... We Win, Right?",0
The Knowledge I Gained At School Doesn't Compare To What I Lost,1
See Me After Class: Is Debt The Only Major Being Offered These Days?,0
Hold Up. Are Hamburgers (Or Lack Thereof) Really The Answer To Global Warming?,1
"Yo, Help A Planet Out. Our Climate Is Out Of This World.",0
Why Is This Artist Telling You To Throw Away Your Phone? And So Beautifully?,1
SPOTTED! Soul Man In An Army Helmet Telling You How To Find Humanity In Your Digital Life,0
If You Had A Chance To Help A Blind Man Would You Do it Like This?,1
"What If Everyone Reshaped The Words They Say and Though?
",0
You Know The Name Of One Of These Athletes But The Other Two Are The Ones You Should Remember,1
"I Agree With This Superstar, Love Watching These Two Brothers Bond Over Disability",0
TABOO ALERT: People Feel Really Awkward If You Bring This Up. Especially If You've Tried It.,1
TABOO ALERT: This TED Talk Exposes A Silent Killer,0
Some High Schoolers Built A Car. You Won't Guess What It's Powered By,1
"This Car Doesn't Just Look Cool, It's Got An Amazing Story, Too",0
I Wish I'd Seen This At 3 Years Old Instead Of 30. I'd Be A Better Person Today.,1
"Republican? Democrat? Screw That, I'm With The Kindness Party.",0
This MIT Professor Has Her Sassy Pants On And She's Not Letting Mark Zuckerberg Off The Hook.,1
It's Up To Parents And Politicians To Reclaim Our Privacy Rights Before It's Too Late.,0
Here's One Minute Of Things A Girl Can't Do. As If We Needed More.,1
"If You're Sick Of Being Told The Things, You Can't Do, Because You're A Girl, Raise Your Hand.",0
"I Don't Think I've Ever Gone This Far For My Students, But Mad Props To The Woman Who Did.",1
An Absolutely Riveting TED Talk About A Woman Risking Her Life In Afghanistan,0
All Of The Kids In This Video Are Alive (But The Mom Will Bring You To Tears Over What She Lost),1
What Does A Sour Gallon Of Milk Have To Do With The Best Years Of Parenting?,0
These Kids Don't Want iPods Or Toys. What They Want -- And Don't Have -- Is Beyond Sad.,1
We'd Travel To The Ends Of The Earth For Our Kids. What Do You Do When You're Not Allowed?,0
"When A Short Skirt And Red Underwear Was The Mandatory Uniform, Female Flight Attendants Got Mad",1
"Height, Age, And Weight Requirements For Female Flight Attendants? Not Cool.",0
"Well, This Is Just About The Most Devastatingly Inspirational Thing I've Seen Today",1
"8 Million Children Per Year. If You Just Read This, That's Another.
",0
These Parents Are Modeling Tolerance For Their Children Just Like We All Should,1
"Parenting Is About More Than Genitals.  Maybe Education Should Be, Too?",0
What These Two Pranksters Did To Homeless People Will Make You Say Wow,1
"Two Guys, A Videocamera, And Some Bananas. It's Not What You Think.",0
"Who Knew Tween Girls Were Capable Of This. Oh, Wait, I Did And I Hope They Know, Too. ",1
"Talking About Boys, Texting, Shopping, Changing The World... Yep, Tween Girls Are Busy These Days. ",0
"She's Not Just Destined For Greatness, She's Destined To Do Great Things For Women",1
"Remember When Math Was ""Too Hard"" For The Ladies?  Not So Much.",0
How This Clip Manages To Offend By Acting As Inoffensive As Possible Is Genius,1
An App That Will Award Me Points For NOT Doing Something? Sign Me Up!,0
"If You Do This With Your Kids Everyday, I Guarantee They'll Be The Most Beautifullest Human Beings",1
PRECIOUS! I Wanted To See These Little Kids Break Into Cute Fist-Bumping After They Said These Words,0
"We're Teaching Kids History, But We're Leaving This Entire Bit Out?",1
"Let's Add ""The Civil War Was About States Rights"" To The List Of Lies My Teacher Told Me",0
Maybe The Coolest Car Commercial You'll Ever See,1
Find Out Why This Car's Look Might Be The Least Cool Thing About It.,0
"Waaaaaiiiit, Shouldn't My Lunch Be Worth More Than Where It Came From?",1
"Hey, Wheels Off! The Future Of Food Doesn't Include Your Car Eating My Lunch!",0
He Was Asked A Pretentious Question. His Answer Shows The Problem With The Way America Functions.,1
This Guy Gives An Interviewer His Comeuppance & Sums Up The Way Politics Works—With Boston Charm.,0
How To Scare The Crap Out Of Terrorists (And Your Citizens) 101,1
That Awkward Moment When You Realize That Your Government Saw You Peeing In That Bush,0
File This Under ‘Seriously Brilliant’ And ‘Why Didn’t We Think Of That Before?’,1
Fleeing From Disaster? Just Look For The Friendly Metal Giant Nearest You.,0
What 3-Letter-Word Can Be Used For Dragonflies But Not Peanut Butter?,1
Yay or Nay: That Dragonfly Is So Gay (Words Matter!),0
I Would Be Thrilled -- Like You Wouldn't Believe --To See These People Out Of A Job,1
Lions And Tigers And Squeeze Cages — Oh My?,0
"If Your Friends Are Using This 3-Letter-Word, You May Need To Stage An Intervention",1
Does Your Tongue Need A Transformation? Ask The Chart.,0
People Like These Are Usually Ignored When Others Pass Them By. I Dare You To Ignore Them Now.,1
You Can't Help But See The Joy In These People Now That They're No Longer Ignored,0
"What This Kid Does With A Cow, Popsicle Sticks, and A Superman Cape Will Move You To Act!

",1
Are You Ready To Take On One Of The Most Adorable Challenges To Save The World?,0
"There May Be 50 Ways To Leave Your Lover, But Here Are 4 To Be A Real Man.",1
"When You Got Elected To A Legislative Body, That Doesn't Mean You Should Actually Legislate Bodies. ",0
Hold On A Sec. Why Isn't My Lunch Be Worth More Than Where It Came From?,1
"Waaaaaiiiit, Shouldn't My Lunch Be Worth More Than Where It Came From?",0
Did You Know Babies Could Commit Crimes? These Folks Didn't Either,1
"Unlike The People In This Video, You Don't Need Papers. But You Might Need Kleenex",0
You Won't Believe This Video Was Shot In America,1
"Most People Don't Put ""Human Rights Abuse"" On Their Grocery List. Yet Here We Are",0
"If A Picture Can Be Worth A Thousand Words, This One Is Worth $1.2 Trillion",1
"If Sequestration Sounds Like A Funny Word, That's Because Congress Doesn't Speak American",0
"In 30 Minutes These Protesters ""Get Disappeared"" In Plain Sight. That Was Their Plan",1
"They Told This Art It Could Be Anything, So It Turned Into A Protest",0
"This Man Has Gone Viral. And He Won't Stop Until You Do, Too",1
"His Favorite Song Must Be ""Fever"", The Way He Gives And Gets It. All Day Long.",0
Meet A Family With 9 Adopted Kids Whose Love Will Leave You Speechless,1
One Of The Most Amazing Family of Soul Ninja’s You Will Ever Meet.  Huggles Required.,0
Simplest Description of PTSD Ever Told In Two And Half Minutes,1
A Vivid Description Of The Day The Ghost Began To Haunt Him,0
The Only Time You'll Want To Hear 'Serial Killer' And '6-Year-Old Girl' In The Same Story,1
A Fatal Disease and A Deadly Virus Battle It Out To -- Save One Girl’s Life?,0
Meet A Family With 9 Adopted Kids Whose Love Will Leave You Speechless,1
"Parents Make INCREDIBLE Leap Of Faith, Their Love Might Change Your View Of Family",0
The Secrets That Those Who Own Everything Don't Want Us To Know,1
Did You Know That The Coal Companies Once Had A Larger Army Than The Federal Government?,0
People Thought He Was A Monster And Wanted Him To Die. I’m Glad He’s Alive To Tell His Story.,1
Your Opinion On A Life Or Death Issue Might Change After You Watch This Video,0
Remember Those ‘Work From Home’ Ads? You’re Already Doing It. Surprise!,1
I’m All Hopped Up On Using My Mouse Clicks For Good. What Are You Gonna Do With  Yours?,0
"G.I. Joe Is A Big Fat Lie, And This Girl Knows His Secret.",1
The Connection Between G.I. Joe And My Monthly Expenses That All Men Should Know About.,0
"Typical Teen, Atypical Body. Watch How She Handles That Combo. ",1
"What If You Could Hear Every Sound Around You, But No One Could Hear You?",0
"The Secrets A Teen Carried Nearly Killed Her, So She Did The Only Thing She could With Them.",1
" 'Be The Change You Want To See.' It's An Inspiring Quote, But In Action, It's Life Altering. ",0
The Reality Of Who Actually Works For Minimum Wage Will Shock You,1
Women Are Finally Getting A Bigger Piece Of This Pie...Too Bad That Pie Is Only Worth $7.55,0
"If Intersectionality Had A YouTube Account, This Would Be Its First Post.",1
"Oppression Is A MultiPlayer Game, But No One Ever Wins.",0
The Law Most Landlords Hope You Never Hear About.,1
"This Video Isn't Real, But What It Could Mean For The Next Roof Over Your Head Is As Real As It Gets",0
This Woman Is So. Freaking. Beautiful. (And I Would Say That Without Ever Having Seen Her Picture),1
"Overcoming Critics Can't Be An Easy Feat In The Modeling World, But This Young Woman Figured Out How.",0
This Comedian Shows These Real Journalists That They Never Should Have Underestimated Him,1
One Of These Hosts Is Professional. Hint: It Isn't The Three Who Are Currently Hosting This Show,0
"She Had A ‘Pretty Woman’ Moment At A Dress Shop, But Her Response Is Way Better Than Julia Roberts’",1
"How To Feel Beautifully Confident, Even When Some Jerk Tells You You Shouldn't",0
Who Doesn't Like A Little Gratuitous Nudity To Go With Their Violence Towards Women?,1
"If You're A Woman In A Video Game, Your Chances Of Getting Killed Just Skyrocketed",0
Children In Every Country Except Brazil Are Terrified To Have Chemotherapy. This Is Brazil's Way.,1
Batman Is Here To Lend A Hand To Children With Cancer,0
The Three Adorable Things That James Gandolfini Was Afraid Of — You May Remember Him Differently Now,1
Everybody's Favorite Mafia Boss Talks About Why It's Okay To Be Scared,0
Ladies: Did You Know 'The Wizard Of Oz' Is Actually A Cautionary Tale For You?,1
The Wizard Of Oz': A Story About How Women Can't Be Trusted To Fend For Themselves?,0
Ladies: Did You Know 'The Wizard Of Oz' Is Actually A Cautionary Tale For You?,1
"For A Story With So Many Strong Women, The Director Of 'Oz' Sure Made Them Seem Helpless",0
"What Happens When You Combine A Racist and A Strong Black Man? A Stunning Moment, That's What.",1
So You're Telling Me This Movie Is Historically Significant Because A Black Guy Slaps A White Guy?,0
That Awkward Moment When Someone Proves That You'll Only Ever Be A Bitch,1
"Wait, We Got The Right To Vote And The Right To Work, But Not The Right To Succeed? All Righty Then.",0
"He Shot His Entire Community, And They Love Him For It",1
"If You See This Man Coming At You, You'll Want To Smile When He Shoots",0
Is This Horrifying? Yes. Did It Save A Few Lives? You Be The Judge.,1
Would There Be Less Accidents In The U.S. Workplace If Our Government Did This?,0
AIDS-Related Problem Goes Unsolved For 10 Years – So Some Gamers Solved It in 3 Weeks,1
GEEK UP! Internet Gamers Solve 10-Year Old AIDS-Related Challenge. How They Beat It Is Beautiful!,0
"That's Weird, Why Isn’t The Media Reporting On The Most Exciting Media News In Years?",1
"For Once, There’s Good News On The Subject Of Corporate Control Of The Media
",0
"Civil Rights Defenders Won This Fight In 1965. This Justice Explains How It’s Been Undone In 2013.
",1
"How Can This Law Have Served It’s Purpose When The Problem So OBVIOUSLY Still Exists?
",0
"Photographer Sick of Fashion, Reframes His Idea Of Beauty –– With Gorgeous Results",1
"Photographer’s Sense of Beauty Once Defined By Editors, Now Defined By Humanity",0
"One City Is About To Make Its Schools So Dangerous, People Are Refusing Food In Protest",1
Can You Imagine Anything Worse For Schools Than Teacher Layoffs? It’s Happening Right Now.,0
Stop Collecting Used Books To Send To Developing Countries. Start Supporting This Instead.,1
How To Turn A Classroom In A Developing Nation Into A World-Class Library,0
Watching People Disrobe Has Never Been This Disturbing,1
What Would Happen If You Took Off Every Piece Of Clothing That's Not Made In The USA?,0
Oh Snap! How 23 Words From One Female Senator Silenced A Room Full Of Anti-Choicers,1
"We Were Watching, We Were Supporting, And We Were Blown Away By The Question She Asked",0
Oh SNAP! How 23 Words From One Female Senator Silenced A Room Full Of Anti-Choicers,1
"The 23 Words That Summarized What Was REALLY At The Core Of The Anti-choice Bill
",0
"This Could Easily Be Shown On TV, And That Scares The Crap Out Of Me",1
"Fun Outside Of School Activities Include: Bike Rides, Zoo Trips, Shooting AK47's
",0
"This Could Easily Be Shown On TV, And That Scares The Crap Out Of Me",1
"Why Does It Feel Like This Infomercial Is Trying To Get Me Killed?
",0
The Age-Old Problem Of How To Get Textbooks To Kids All Over The World Has Just Been Solved,1
Struggling To Provide Opportunities In The Developing World? There’s An App For That!,0
Here's The Saddest Reason Any Kid Could Ever Get Teased At The Lunch Table,1
This Kid Says He Had A Good Day. What Can We Do To Make It Better?,0
Why The Religion Of 'Positive Thinking' Needs To Be Burned At The Stake,1
The Tsunami Of Positive Thinking And Why It Can Swamp Us,0
Words Like Good And Will Don't Belong Together If This Is The Kind Of Thing They Do,1
"If You Put The Word 'Good' In Your Name, Don't You Have An Obligation To NOT Be Bad?",0
I’m So Sorry My Country Is Breaking Up Your Family,1
Since When Is Separating Families An American Value?,0
What's The Worst Thing You Could Say To A Congresswoman Who Lost Her Legs In Battle? FOUND IT.,1
Telling Amputee Vets That A Sore Foot In Prep School Is 'In The Line Of Duty' Under Oath? BAD IDEA.,0
Here's How DOMA Is Like That Awkward Person At The End Of A Party Who Just Won't Leave,1
"Until This Map Is Rainbow Colored And Covered In Glitter, We Have A LOT Left To Do
",0
A Beloved World Leader Goes On Oprah And Is Totally Clueless About The Show’s Topic,1
Oprah Reflects On An Interview With Nelson Mandela. Take A Moment To Be Inspired.,0
Watch An 83-Year-Old World War ll Vet Shave Off About 50 Years In 15 Seconds,1
"Which Footage Is More Moving — World War Ll Pilot Surviving A Plane Crash, Or That Same Pilot Seeing It For The First Time 50 Years Later? 
",0
Are You Afflicted With The Human Condition? This Quick Quiz Will Tell You.,1
"YOU GUYS, You are NOT The Only One Who Feels How You Feel Right Now",0
The Supreme Court Did WHAT!? The Terrifying Ruling No One's Talking About.,1
Why Is Everyone So Silent On The Supreme Court Ruling That Messed With Our Right To Remain Silent?,0
"What's The Dumbest Thing You Could Say To A Congresswoman Who Lost Her Legs In Battle? Um, THIS.",1
Shady IRS Contractor Tries To Lie To Injured Vet. He Does Not Get Away With It.,0
The Supreme Court Did WHAT!? The Terrifying Ruling No One's Talking About.,1
Is Knowing The Bill Of Rights REALLY Necessary To Be Protected By Them?,0
What Happens When Corporations Are Treated Like People? Ben & Jerry’s Has An Answer For That.,1
"The Difference Between A Democracy And A Dough-ocracy, Courtesy Of Ben & Jerry’s",0
"I Hate To Be The Bearer Of Bad News, But There’s Some Unseemly Sh*t Happening In Iceland, Folks",1
How Can Such A Tiny Country Keep Killing Such Ginormous Animals?,0
"I Think I’m Supposed To Be Turned On By This, But I’m Super Grossed Out Instead",1
Watching This Couple Eat Sexy Foods On The Beach Is Decidedly Unsexy,0
Listen To A Guy Describe How He Got ‘Fixed’ While In Prison. It’s Not What You Think.,1
Prison Drama Isn’t Always A Bad Thing,0
"On Mother's Day, She Was On The Bathroom Floor, Hungover, And Pregnant. ",1
"Alcoholism, Bulimia, And Drug Addiction Taught This Woman That Life Is Brutiful",0
This Is Why The 2014 World Cup Is A Bad Idea,1
"When I'm Feeling Poor And Hungry, All I Want From My Government Is Some... Soccer?",0
"Having A Near-death Experience Is Hard, But The Beauty With Which This Woman Talks About It...Oof.
",1
"Everyone Has Their Own Ways Of Dealing With Death. Egg Salad, Poetry, Commercials...
",0
This Video Celebrating Pride Is Like A Unicorn Leaping Into A Pool Full Of Skittles,1
DOMA is DONEZO: YouTube Commemorates The Viral Videos That Changed The World,0
"A lot Of Us Assumed It Was Over, But We Were Incredibly Wrong.",1
"Are We Post-Racial? Ohhh, Ohhh Let Me Answer This Question!",0
Watching People Disrobe Has Never Been This Disturbing,1
That $29.99 Shirt You're Wearing? There's A Snowball's Chance In July That It's Made Here.,0
The Most Beautiful Sounding Middle Finger To Islamist Rebels I've Ever Heard.,1
"Love Is Blind, Talent Is A Gift, And Using Your Talents To Make A Stand Is Just Plain Inspiring.",0
"I Thought America Valued Freedom Of Assembly. So... What's Happening Here? 
",1
Top Tip On How To Avoid Getting Arrested In America: Never Stand Up For What You Believe In,0
Are You Human? Here’s A Quick Quiz To Find Out.,1
We Are More Alike Than We Are Different. You Can Tell By Our Text Messages.,0
"If You Look A Little Closer, These People Might Surprise You",1
"Eighty-Six Percent Of These Workers Have Something In Common, But It's Not What You Think",0
Here's Some Retro Advertising Actually Makes A Lot More Sense For Kids Than What's Around Today,1
"Moms And Dads, Step Away From The Bedazzled Princess Unicorn Toys - There ARE Other Options",0
"Here’s One Minute Of Powerful Realtalk That Everyone Confused About Human Rights Should Watch
",1
"Dear UN, Please Get It Together For The World's Women. Love, A Surprising Humanitarian Star",0
It Only Took Rachel Maddow 48 Seconds To Dismantle An Anti-Gay Zealot's Flawed Ideas On Marriage,1
Out-Of-Touch-Guys: Gay Marriage Is Will Destroy Straight Marriage. Rachel Maddow: Bless Your Hearts.,0
It Only Took Rachel Maddow 48 Seconds To Shut Down An Anti-Gay Zealot's Flawed Ideas On Marriage,1
It Only Took Rachel Maddow 48 Seconds To Debunk An Anti-Gay Zealot's Flawed Ideas On Marriage,0
"The Recovery Is Over! Stock Market Is Up! Life Is Great! Wait, What?",1
"The Stock Market Is Up, And I'd Prefer Not To Cheer...Kthanxbye",0
"Wow, This Elementary School Was Horrible To A Little Girl. What She Did About It Was Equalitastic.",1
This Court Case Is A Huge Victory For Equal Rights. And It's About ... Bathrooms?,0
Bill Nye The Science Guy Explains The Basics Of Something You Should Really Know,1
If Only We Could Get Everyone In Congress To Watch This Simple Explanation Of A Captain Planet Issue,0
"Look, I Get It. Girls Like Pink. That's Only Because You Forgot To Show Them Something Way Cooler.",1
"Instead Of Giving Your Daughter A Doll, Why Don't You Give Her Super Giant Brain Powers AND A Doll",0
"Wow, This Elementary School Was Horrible To A Little Girl. What She Did About It Was Equalitastic.",1
"Every Once In A While, A Court Makes A Badass Ruling And Bathroom Users Rejoice",0
The Little Girls Toy That Will Help Your Little Girl Change An Entire Dude-Dominated Industry,1
My Daughter Will Not Be Defined By The Color Pink. She Will Define How To Engineer Pink.,0
Socialized Medicine: You Keep Using That Word. I Do Not Think It Means What You Think It Means.,1
Can We Get The People Fighting Over Health Care A Time Machine? They're Stuck In 2009.,0
Watch A Bunch Of Little Girls Sing A Power Ballad Shattering What Little Girls Are Supposed To Like,1
It's Time To DePinkerate Our Daughters Lives And Insmartify Their Spongey Brains,0
"If You Wrote A Letter To Your 12-Year-Old Self, Would It Sound A Bit Like These?",1
"Helping Australian Teens Fight Bullying, One Letter To The Past At A Time",0
Dog Tries To Save Owner After Cops Handcuff Him. What Ensues Is Heartbreaking.,1
Horrifying Video: Dog Shot After Trying To Save Owner. Was Any Of This Necessary?,0
Dog Tries To Save Owner After Cops Handcuff Him. What Ensues Is Heartbreaking.,1
Did These Cops Really Need To Shoot This Man's Dog?,0
The True Story Of A Man With No Heart. Literally No Heart.,1
WHOA: Doctors Prove Life Possible Without A Pulse Or A Heartbeat?,0
What Goes Through A Soldier’s Mind During An Attack? Might Not Be What You Expect.,1
Something You Should Watch Before You BBQ,0
"Rapper Makes A Reference On Needing To Use A Fist In A Way You Wouldn't Imagine
",1
"HOT CELEB TRENDS: Tuxedos, White Ties and Reflecting Thoughtfully On Workers Rights",0
A Simple Joke About A Super Obvious Problem In Hollywood Said In A Refreshingly Sly Way,1
"This TV Character Is Speaking Fluent Onion—Or, When What You're Saying Couldn't Have More Layers",0
These Women Paint A Vivid Picture Of What Fairness Should Look Like When Leading A Country,1
These Women Are Getting This Part Of The World To Embrace Another 'L' Word: Leader,0
Know An American Who Thinks We're Equal? Show Them What This Guy Does When He's Stopped By A Cop.,1
"The Two Dangers Of Driving Are Car Crashes & Bullet Wounds. For People Who Look Like This, At Least.",0
This Film Will Speak To You Only Because It Doesn’t Say One Word,1
What Would This Combat Zone Be Like Without The Combat?,0
"If You're Young, This Is The Only Obamacare Infographic You Need. I Obamadare You To Click On It.",1
INFOGRAPHIC: Does Obamacare Make You Obamascared?,0
Meet The Doctor Who Thinks We've Got America's Biggest Health Problem Backwards,1
"He's Talking About Revolutionary Science, But This Is Really An Apology To A Patient He Failed",0
"The Next Time Someone Talks About Starving Kids In Africa, Show Them This",1
"These People Were Hungry For A Better Food System, So They Went Ahead And Made One",0
This Comedian Is So Funny You Wont Realize You Heard Something Meaningful Until She Takes Her Bow,1
"The ""Chow Like Cho Diet"" Will Give You Some Food For Thought About The Real Hollywood",0
Try NOT Wanting To Be A Better Person – After Meeting This Man,1
One Man Gives All Of Himself To Those Who Have Nothing,0
BOOYAH! Morgan Freeman Says What Everyone Is Too Embarrassed To Say About Our History.,1
I Needed A Refresher Course On The DOI. Don’t Know What The DOI Is? Aha! I'm Not The Only One!,0
This Is Literally Just A Video Of A Bunch Of Super Happy People. Watch It And Just TRY Not To Smile.,1
"There’s A Lot Left To Do, But Let’s Just Smile And Hug Each Other For A Moment, Shall We?",0
He Said He'd Never Been Out Of His Wheelchair For Long. What He Did When He Got Out Was Astounding.,1
A Man With Cerebral Palsy Shows Us What Determination Looks Like,0
"In The Worst Moment Of Her Life She Turned To YouTube For Help, And It Worked. ",1
It Isn't Just For Status Updates: Social Media Changed This Woman’s Life,0
A Bunch Of Congressmen Have Zero Helpful Answers To Some Really Simple Questions,1
Great. How Has The Government Lost Track Of 60 Billion Dollars This Time??,0
Westboro Baptist Church May Have Met Their Match... And She's 5 Years Old.,1
She Could Have Been Selling Prune Juice For Her Cause And I Still Would Have Bought Five Glasses.,0
I Doubt His Parents Thought Sending Their Gay Kid To A Christian School Would Have These Results,1
Should Militaristic Brainwashing Techniques Be Used On Troubled Kids?,0
THE LAST LAUGH: This Woman Became Exactly What She Was Told She Couldn't Be.,1
She Didn't Let Aged Advice Stop Her. Now She's Giving Age Old Advice That'll Make You Never Stop.,0
"I Always Wondered If Those Doctors On Tv Were Hazardous To My Health, And This Doc Confirms It",1
Rapping Doctor Says That All The Doctors On Tv Are Sucka MDs,0
"A Mother Is Looking For Her Son, She Finds Him In The Scariest  Place.",1
"It's 10:00pm, Do You Know Where Your Brothers Are?",0
OMG!!! This Veterinarian Essentially Tortures Himself To Shed Light On A Dangerous Habit.,1
"For The Love Of Dog, This Veterinarian Essentially Roasts Himself",0
"So If Her Parents Had Given Up, They Never Would Have Seen This ",1
Your Special Child May Be Way More Special Than You Even Realize,0
Homosexuality Has Spread To Our Cereal And This Host Has Had Enough!,1
I Knew I Saw That Fruit Loops Toucan At The Gay Bar The Other Night,0
This Comedian Totally His The Bulls Eye About America's Newest Media Disgrace,1
How Long WILL It Be Before Paula Deen Is Back On TV Waving A Stick Of Butter?,0
"If You Think We Haven’t Come A Long Way, Watch How Ridiculous Men Were 40 Years Ago",1
Freshest Cross-Body Block A Marathon Has EVER Seen,0
"If This Sweet Project Won Second Place At The Science Fair, First Place Must’ve Been A Time Machine",1
The One Time I Admit A Fifteen-Year Old Is Waaay Smarter Than Me,0
"If You Think We Haven’t Come A Long Way, Watch How Ridiculous Men Were 40 Years Ago",1
On The Right Track: Meet The Boston Marathoner Who Changed That Course For Female Runners Forever,0
Being Told To Eat Healthy Is Meaningless If You Can't Compare Foods. Here's A Good Method.,1
"Here's A Video To Help You Judge Your Food, Which Is Okay Because Food Doesn't Have Feelings",0
"The Next Time You Hear Someone Say That Americans Are Lazy, Show Them This",1
The Top Reason We're All Stressed To The Max Is Right Here,0
This Hilarious Parody Of Race In Hollywood Is So On The Money,1
Ever See Pimp #2 On Law And Order And Think To Yourself 'This Is My Dream?',0
I'm Not Sure I Could Do What This Actress Did—In Front Of A Police Car—In A Foreign Country...,1
"She May Act For A Living, But This Time Her Fearless Actions For Gay RIghts Take Center Stage",0
"Do You Understand These Two Words? Here, Let Stephen Fry Break It Down To You.
",1
"Let Britain Show You How To Send A Message To Your Leaders
",0
"Calling Them ""Girls"" Was Their First Mistake. What Happens Next Is A Great Moment In Fierceness.",1
"After This Verbal Beatdown Of A Corporate Big Wig, The Only Thing Missing Was Two Snaps And A Circle",0
"Don’t Be Distracted By The Wondrous British Accents. Just Listen To These Two Words.
",1
WOW: How One Country Is Sending Two Powerful Words To Their Leaders,0
"I Cannot Believe The Men Are Doing This In Front Of Our Eyes
",1
"As A Woman Who Regularly Protests, The Fact This Isn’t A Bigger Issue Makes Me So Mad
",0
"I Cannot Believe The Men Think They Can Get Away With This In Front Of Our Eyes
",1
"The Justice System Is Screwed, The Country Is In Upheaval, And These Women Have Had Enough
",0
What Happens When Corporations Are Treated Like People? Ben & Jerry’s Has An Answer For That.,1
"The Scoop on Citizens United, Courtesy Of Ben & Jerry’s",0
The Only Time It’s OK To Make A Kid Cry In Front Of His Entire School Is Right Here,1
A Bunch Of Middle Schoolers Actually Raised Their Hands And Volunteered For Something?!,0
This Comedian Is TOTALLY Right About America's Newest Disgraced Celebrity,1
So How Long Before We See Paula Deen Back On TV?,0
"A Little Kid Talks To Paris Hilton... Wait, Where Are You Going? I Promise Its A Good Thing.",1
What Do @ParisHilton And @CharlieSheen Have In Common With Brazilian Children?,0
Watch A Pro Wrestler Make All These Kids Smile While He Body Slams Their Worst Fears,1
"These Kids Are Worried About Their Future, So This Pro Wrestler Decided To Give Them Hope In The Ring",0
"This Woman Doesn't Believe In God, But Her View On Life & Death Is Absolutely Heavenly",1
"This Playwright Just Convinced Me That I Am A Flower, And I Think You Are Too",0
Bette Midler Didn’t Know This Was Going To Be Caught On Tape. That Makes This Even More Amazing.,1
Bette Midler Gives Private Performance Over Cell Phone For Woman's Last Wish. Beautiful.,0
Muhammad Ali Was Asked By America To Kill People. His Response Is Legendary,1
"Muhammad Ali Could Throw A Mean Punch, But The Fight For His Freedom Was His Real Knock-out",0
When Hanging Out With A 9-Year-Old Tanzanian Boy Doesn’t Look Like A Feed The Children Campaign,1
What’s More Compelling Than Footage Of A Child Soldier In Africa? How About Movie Reviews?,0
"In Case You Missed It, Here's What The Trayvon Martin Case Was About (Aside From Attempted Justice)",1
Imagine If This Man Had Walked Down The Wrong Street On The Wrong Night Wearing The Wrong Thing,0
The One Where McDonald's Makes An Employee Budget Planner And It Blows Up In Their Faces,1
"If You Follow This Budget Planner From McDonald's, Happy Meals Might Be Your Only Way To Eat",0
"If Your Heart Is Broken For Trayvon Martin, Here Is A Small Bit Of Solace",1
I’d Like To Create A Playlist For America This Week. Here's Track 1.,0
I Can't Believe I Live In A Country Where Children Are Saying What I Just Heard This Pundit Say,1
"I Bet If All Of Your Neighbors Were Alligators, You Would Know How This Host Feels",0
This Comedian Heard Her Staff But Maybe Wasn't Listening? Now She's Not Saying Anything.,1
"If Laughter Is The Best Medicine, Why Do These Funny People Worry About Getting Sick?",0
How Can Our Kids Accept Diversity If This Is What We Use To Raise Them?,1
"Brown Bear. Brown Bear. What Do You See?  Well, Apparently Not You.",0
Why Do We Need To Keep Convincing People This Is A Real Disease?,1
"We Might Not Hold Relays Or Fundraisers For This, But It's No Less A Disease",0
The Most Beautiful Answer To A Rude Question That Gets Asked All The Time,1
These Hardworking People Make Something That Can't Be Measured In Dollars,0
"The Wheelchair Is 2,300 Years Old. There’s Finally A Better Option.",1
"This Guy Can Walk Now, Thanks To Science NONFICTION",0
A Perspective On George Zimmerman That Every Person Should Hear,1
"What Happens When You Identify With A Killer, Even If You Don't Want To?",0
What Stevie Wonder Did For Trayvon Just Made My Heart Skip A Beat,1
It's Looking Like Florida Isn't The Sunshine Of Stevie Wonder's Life,0
"This Is The Story Of A Kid Who Only Wanted A Dime, But Got A Life Lesson He Won’t Forget Instead",1
"You Can’t Decide What You Want People To Remember You By, Which Is Why This Story Is So Wonderful
",0
How Did It Not Dawn On The Police That This Woman Was The Victim Of A Hate Crime?,1
"To The Court, Its Case Closed. To A Mother's Heart, Its Being Closed-Minded.",0
"I’d Like A Bag Of Fries, A Coke, And This Massive Injustice Sorted Out By The Time I Pick It Up",1
"You May Think You're Too Good For A Big Mac, But I Don't Think You're Above Supporting These Workers",0
I Don’t Think Eminem Realizes He’s Become A Science Teacher,1
"Anything That Encourages Kids To Consider Being A Rapper Alongside A Brain Surgeon Is Amazing
",0
"The Government Wants You To Be Ready For Zombies. And They Have A Good Reason, Too.",1
How Does The Government Get People To Care About Emergency Preparedness? Zombies.,0
Watch The First 54 Seconds Of This Video And I Guarantee You’ll End Up Watching The Whole Thing,1
"This Is The Sound Of Your Trash Can. You’re Going To Want To Put It On Repeat. 
",0
"As A Man, I’m Disgusted That We Could Demean Women This Way. Disgusted.",1
"Call Me Crazy, But I Don’t Think Moms Should Have To Hide In Dirty Bathroom Stalls",0
"Whether You're For War Or Against It, Here's How It Changes The People Who Fight",1
100 Reasons We Can’t Take Our Troops For Granted,0
Here's The Infographic Your Gas Station Doesn't Want You To See,1
How Far Away Are We From Knee-High Flooding In New York?,0
"Terrorists Bomb A City Council Meeting, But You've Never Heard Of The City",1
Why We Can't Just Shoot Our Way Out Of A Terrorist War,0
A Holocaust Survivor's Compassionate Message To The German Population,1
"A Holocaust Survivor Has Nothing But Love, Peace, And Good Advice For Germany",0
A Famous Actor Dies And Leaves Behind This Important Message I’d Never Seen Before Now,1
"A Famous Actor Dies Too Soon, But His Wish For All Kids Lives On",0
"Think Trayvon's Record Said Something About His Character?  Well, Get A Load Of This.",1
"Hey, People With Records Are No Good And Deserve To Die...Unless They're White",0
"Some Of These People Have Done Horrible Things, But What We Are Doing To Them Should Be A Crime",1
5 Ways To Make Our Current Prison System More American,0
"If You Knew Watching A Two Minute Video Would Feed A Hungry Kid, Would You Do It?",1
What Could Possibly Make Summer Break Suck For A Kid?,0
One Girl Had A Mission To Show Everyone They Were Beautiful. Here's Her Story.,1
Cancer Sucks. This Little Girl Decided Not To Let It Block Her Shine.,0
"By The Time He’s Done Brushing His Teeth, This Kid Will Be Dead. It's Pretty Cool.  ",1
What Ends Up Killing This Kid In The End? Only Time Will Tell.,0
Those Teachers Enjoying 3 Months Of Paid Time Off? Let's Put That Into Perspective...,1
"If You Can Read This, Thank A ParentNurseComfortorProtectorSafetyNetCounselor",0
Meet 4 Kenyan Women Who Want You To Keep Your 'Poverty Porn' To Yourself,1
What's Unusual About The Messaging For This African Charity?,0
"If We’re Going To Change The Influence Money Has Over Politicians, We Need To Listen To These Folks
",1
"Q: How Exactly Can We Turn A Moment Of Outrage Into A Movement? 
",0
You Won’t Believe How Much One Clerical Error Messed Up This Girl’s Life Plans,1
"This Teen Wants To Help Cancer Patients, So OBVIOUSLY Deporting Her Totally Makes Sense",0
"She Did Well In School And Had Plans To Be A Doctor, So The U.S. Gov’t Took The Next Logical Step",1
"This Teen Wants To Help Cancer Patients, So OBVIOUSLY Deporting Her Totally Makes Sense",0
Watch A Religious Man Eloquently Explain What Everyone Missed About The Trayvon Martin Case,1
"Based On What I've Heard About Hannibal Lector, You Should Probably Start Profiling Your Grandfather",0
Six Startling Facts About Moms Working In The Restaurant Industry,1
True Story: Over 90% Of Working Mothers In This Industry Have NO Paid Sick Days,0
You'll Want To See Why This Teen Can't Distinguish Corporate Farmers From Drug Dealers,1
PASS THE MIC: He Says Fruits Filled With Pesticides And Hoods Filled With Bullets Go Hand In Hand,0
Short And Bitter: Racism's Catch 22 Explained In Two Sentences,1
"Well, If You Put It That Way... What Were The Last 200 Years For, America?",0
"One Of The Best Reasons For Straight-Up Lying On Climate Change I've Seen In A Long Time
",1
"The US Chamber Of Commerce Totally Reversed Its Position On Climate Change? Well, Kinda Sorta.",0
Rachel Maddow Connects The Dots. Only The Dots Are Women’s Rights. And They’re Disappearing.,1
When Are These Legislators Going To Stop Exploiting Their Power At The Expense Of Women?,0
He’s Caught Lots Of Criminals In The Act; Now He Has To Hide His Face So They Won't Catch Him,1
Could This Guy With A Mop On His Head Actually Be A Real Life Superhero?,0
"Armed With A Glass Of Water And Some Cold-Hard Facts, This Guy Blows Up The Debate On Islam",1
"Meet Islam’s Most Eloquent Defender
",0
"I’ll Puke If One More Politician Swears The Children Are The Future, And This Infographic Is Why",1
I Don’t Think The College System Is Supposed To Function Like A Pair Of Cement Shoes,0
5 Statistics That I Always Keep In Mind When Talking About Race,1
"If This Kid And I Were Standing At A Train Station, Its 8 Times More Likely He'll Get Shot.",0
Consider This Trashy Fact Before Digging Into Your Next Seafood Feast,1
What Do You Have To Do With The Junk In Not-So-Free Willy's Trunk?,0
What Could Make An Entire Room Full Of Football Players So Emotional?,1
"There May Be No Crying In Baseball, But In Football Its AOK",0
"One Fact About Raising The Minimum Wage Is So Unbelievable, I Had To Fact Check It Like 5 Times",1
By The Numbers: What A Minimum Wage Increase Would Do To Your Shopping Bill.,0
A Celebrity Couple Are Hounded By Paparazzi As They Walk Down The Street. They Respond Wonderfully.,1
The Kind Of Attention Seeking That I Am Totally Cool With Celebrities Doing,0
Watch A Retired Teacher Destroy What's Left Of A Politician's Mayoral Campaign In Under 2 Minutes,1
Watch The Guy With A Funny Name Act Unfortunately Like HIs Name When Challenged On His Shortcomings,0
His Jokes Will Wake The Part Of You That Used To Make Friends Without Mark Zuckerberg's Help,1
W-W-Dumber-You? This Jokester May Be Right About When Technology And Human Nature Mix,0
You Can See Her Groundbreaking Joy In Every Note She Sings,1
This Pioneer For Women Uses Her Heart As Much Her Lungs To Make Beautiful Music,0
The Food Pyramid Was Supposed To Show Us How To Eat. It Did That. But In The Worst Way.,1
"How The Food Industry Plays Politics, Manipulates Psychology, And Laces Addiction Into Food For Profit.",0
Some Geek Boys Called These Geek Girls 'Fake.' They Won't Make That Mistake Again.,1
"Hey, Cool. A Music Video About My Life. Featuring People I Want To Be Friends With.",0
"This Commercial Isn't Real, But It's Brutally Honest",1
"Can You Guess What Suffocates Dolphins, Is Almost Immortal, And Can Be Used To Make New Islands?",0
"Why The Police Drove Past Her Instead Of Helping Her (Like She Asked Them To) Is Dumbfounding
",1
"Congratulations For Winning My Prestigious Slow-Ass Award, Detroit Police",0
Can You Believe Some Condescending Geek Guys Think These Brilliant Geek Girls Aren't 'Real'?,1
"I'd List All The Nerdy Stuff I Like, But Oh Wait — I've Got Nothing To Prove",0
Here Is What It Looks Like When Girls Get Sick Of Being Called 'Fake',1
"I'm A Geek Girl, I'm Not Weak. I Like What I Like, And I've Got Nothing To Prove. ",0
Desmond Tutu Delivers One Kick-Ass Line Against Anyone Advocating For A Homophobic God,1
"If Heaven Is Homophobic, Desmond Tutu Would Rather Go To Hell",0
"If White People Don't Deal With This Issue, Then It's All Their Fault When It Happens Again",1
Why Don't More White People Speak Out About White On White Crime,0
"I Hate To Yell “Misogyny!” In A Crowded Country, But What Else Can You Call Texas’s Actions?",1
There’s Nothing Worse Than Being Stood Up By Your Governor On Your Way To A Cancer Screening,0
Split Screen Look At Growing Up Rich Vs. Growing Up Poor,1
Two Lives. Same Planet. Completely Different Worlds.,0
This Little Girl's Words Will Take You To A Dark Place So We Can See The Light,1
"Sticks And Stones May Break Her Bones, But Words Can Always Hurt Her",0
"I Think Many Women Will Agree With What She Thinks Is The Worst Thing We Do To Girls
",1
Girls Shouldn't Feel Guilty For Being Born A Girl. Yet Why Are So Many Made To Feel That Way?,0
I Want To Pay A Tiny Bit More Taxes After Seeing This,1
I Bet You Didn't Know How Much Of A Rockstar You Are At Fighting Global Disease,0
"There Are Two Sets Of Loud Noises, But His Neighbors Only Decide To Complain About One",1
Perhaps They'd Wish It Were A Private Matter. The Second Part Of His Test Certainly Suggests That.,0
"When The Police Think These Boys Are Dealing Drugs By High-Fiving In Public, Something's Not Right",1
"Reality Check: Their Job Is To Protect People, Not Demonize Them
",0
Watch This Guy Totally Misspell Father At A Spelling Bee For A Totally Beautiful Reason,1
You Would Have A Hard Time Spelling This Word Too If That Had Happened To You,0
"This Disease Hasn't Made News In 60 Years, But Its Resurgence Could Make Headlines in The Next 10",1
This Put One Of Our Most Popular Presidents In A Wheelchair. We Can Put It Away For Good.,0
"An Infographic About Malaria That Made Me Happy. No, I'm Not A Psychopath.",1
Progress Or Not Enough? You Be The Judge Of How One Disease Is Being Fought,0
"Turns Out, Learning This Dance Could Be A Matter Of Life And Death",1
"Which Is More Of A Pickle: Being A Teen, Or Critters Facing Climate Change?",0
"Here’s a Bet, If In The Next Ten Minutes You Drop Your Shoulder Like This Lady, This Experiment Wins",1
Performance Art Just Got Pumped Full Of Swagger,0
"The Plan That Will Make College Students Love President Obama For … Oh, About Two Years.",1
"Planning To Go To College? Might As Well Start Writing Checks To The White House Right Now.
",0
Why College Students Will Soon Be Screwed As Soon As They Graduate,1
Money + Republicans + Democrats = Broke Students,0
Would You Be Able To Guess The Top Five Happiest Careers In The U.S.?,1
What Keeps Employees From Bashing In Their Copy Machines With Baseball Bats?,0
This Boy Lays Out An Experience Most White People Will Never Have To Worry About,1
"Walking Down The Street Can Be Worrying If You're White. My Bad, I Mean't Black.",0
What's The Word For When Your Government Does Something That Makes You Want To Vomit?,1
Why The United States Government Needs A Timeout Now More Than Ever,0
One Of These Things Is Not Like The Others' Shouldn't Have Come To Mind When I Viewed A Class Photo,1
"The World Would Be A Better Place With Less Of The 'Before' And More Of The ""After'",0
"I'm Not Religious, But This Time I Think We Should Listen To Jesus",1
The Real Question About Deportation Is - Would We Kick Moses Out?,0
"This Photographer Introduces Us To The Army's Version Of The Chastity Belt.
",1
"When You See These Soldiers, Think To Yourself ‘What Was I Doing At This Age?’",0
One Of These Things Is Not Like The Others' Shouldn't Have Come To Mind When I Viewed A Class Photo,1
"The World Would Be A Better Place With Less Of The 'Before' And More Of The ""After'",0
The Beer/Marijuana Commercial That Is Making Adults Everywhere Rethink Their Position,1
"Finally, A Way To Look At Marijuana That Even My Mom Approves Of",0
A Police Officer Gets Fired For Exactly The Wrong Reason,1
How Broken Is A System That Allows Cops To Be Fired For Not Writing Enough Tickets?,0
The Arrogance Of People Who Are Comfortable Will Never Fail To Shock Me,1
This Economist's Ideas Are So Not My Cup Of Tea That They're Actually Coffee,0
"One Of The Highest Paid Jobs You Can Get Out Of College Is One I've Never Even Thought Twice About
",1
Some Surprising Reasons Why ‘Made In The USA’ Just Isn't Really A Thing,0
"Next Time I'm The Mayor Of NYC, I Hope I Don't Get Shamed As Badly As The Daily Show Shamed This Guy",1
The Mayor Of NYC Thinks That His Program To Unfairly Judge Citizens Is Being Unfairly Judged,0
Perhaps This Infographic Will Make You Quit Smoking - Or I Hope It At Least Opens Your Eyes,1
"The, Frankly, Depressing Amount The Tobacco Industry Earn In One Infographic",0
A Child Shouldn't Be Saying Sorry To Her Mom For Costing Her Money,1
"Forget The American Dream, How Do These Families Make It Through To Tomorrow?",0
Imagine If There Was A Town In The USA Where You Couldn't Get Water. It's Not Imaginary Anymore.,1
"Dear Oil Companies, Have You Tried NOT Being Cartoonishly Evil For LIke 5 Minutes? Just Sayin'. ",0
"Next Time I'm The Mayor Of NYC, I Hope I Don't Get Shamed As Badly As The Daily Show Shamed This Guy",1
The Daily Show' Treats Mayor Bloomberg To Some Accountability Ice Cream With Reality Sprinkles,0
"I Never Want To Hear Any Child Say What These Kids Do To Their Parents. Ever.
",1
"Can Someone Explain Why These Children Are The Ones Saying Sorry?
",0
"Everybody Poops, But 2.6 Billion People Do It In A Really Crappy Way",1
Why We Need To Make #2 Our #1 Priority,0
What Happens When ‘I Can’t’ Isn’t Part of A Child's Vocabulary Is Pretty Darn Cool,1
Fulfilling Your Potential Takes An Amazing Attitude and Spirit. Arms Are Optional.,0
The Tolerant Residents Of This Wonderful Small Town In Kentucky Bought A Tear To My Eye,1
This Small Town Shows You Don't Need To Be From A City To Be Open Minded,0
The Controversial Mass Text That You Should Absolutely Not Be Mad About,1
The Only Spam I Am Willing To Have Sent Directly To My Phone,0
The Controversial Mass Text That You Should Absolutely Not Be Mad About,1
"Your Phone Is Trying To Help You Be A Hero These Days, And Here Is How",0
"The Simplest, Most Brilliant Way to Save Gas That I Have Ever Seen",1
How To Keep Your Kids Happy And Save A Ton Of Gas And Aggravation,0
"When Detroit Failed To Find A Connection, This 25-Year Old Took It To the Streets",1
Meet A Young Leader Whose Putting Some Heart And Soul Back Into Motown,0
"He Got Mad As Hell When His City Couldn't Connect, Then Did Something Badass About It",1
What Drives This 25-Year Old To Connect The Motor City?,0
Meet 5 Women Who Took Advantage Of A Law You Should Know More About,1
Title What Now? Taking Advantage Of The Law That's Apparently Not Just About Sports.,0
"If A 'Nice Guy' Says These Two Words To You And Means Them, Revoke His Nice Guy Card",1
Just Because You Are Nice To A Girl Doesn't Mean She Owes You Something,0
Parents Unknowingly Allow Children To Ride This Thing. Looks Fun!,1
"Using Little Kids To Make Political Points? Looks Pretty Fun, Actually.",0
Neil Gaiman Casually Encapsulates A Piece Of Every Book Lover's Soul In One Epic Quote,1
"Here's Your Literary ""YES, THIS"" Moment For The Day (And Every Day)",0
"The 2,200 Missing People In Arizona No One Seems To Give A Shit About
",1
Would You Want The Contents Of Your Pocket Be What You Leave Behind In The World?,0
Here's The Most Perfect Quote About How To Make A Bad Thing A Little Better,1
BAD DAY FIXER OF THE DAY: One Quote That Everybody Who's Ever Needed An Escape Can Identify With,0
I Wasn't Expecting To Get Emotional When This Sitcom Star Started Talking About His Fame,1
A Fictional Captain And A Real Sergeant Gave This Sitcom Star His Best Stories On Fame,0
The Brilliant Reenactment Of The Trayvon Martin Murder That Every American Should Watch,1
MUST WATCH: Here's 26 Really Valid Reasons We Shouldn't Stop Talking About Trayvon Martin. YET.,0
"In A Country That Can't Stay Out Of The Headlines, Here's One Thing The Media Hasn't Covered",1
Living Through A Civil War Is One Thing. Doing It On An Empty Stomach Is Another.,0
I Used To Order This Every Time I Went To Get Drive-Through. Nooooooot After Watching This,1
Chicken Nuggets — Would You Like Microscopic Fiber With That?,0
A Woman Is One Of The Most Important People In Movie History And You've Never Even Heard Of Her,1
Watching This Made Me Think — Is There A Woman Who Successfully Made Fire Before Prometheus?,0
I Can Think Of One Or Two CEOs That'd Ground Their Kids For Getting Near This Thing,1
"Could A Carnival Ride Destroy A Corporation? Not Likely, But It Still Looks Awesome. ",0
"They Tried To Make This Popstar Dress And Sing A Certain Way. She Refuses, And Answers Wonderfully.",1
Janelle Monae Wants To Redefine And Rebel Against Something That Women Face Everyday,0
4 Demands From the 1963 March On Washington Still Haven’t Been Met,1
"Hooray For Civil Rights! Now Where Are The Economic Opportunities? 
",0
What’s It Like To Take Pictures In A Country Where Cameras Were Outlawed?,1
The Bravest Photographers In Afghanistan Might Be The Ones Working After The Troops Are Gone,0
What We Talk About When We Talk About Food Stamps,1
"Breaking: Media Company To Merge With Straw Man Factory
",0
"They Were Married 19 Years When Oregon Cancelled Their Vows. They're Fighting Back, The Right Way.",1
"You Can't Ignore Their Love, But Oregon Can Ignore Their Totally Legitimate Marriage. FOR NOW.",0
What’s It Like To Take Pictures In A Country Where Cameras Were Outlawed?,1
Being A Photographer Is A Job That’s Both A Century Old And Brand New … In Afghanistan,0
"Dear Religious Extremists: The Cameras Are Staying, And That's Final.",1
The Taliban Could Come Back. But These Guys Are Ready To Shoot No Matter What.,0
Your Unhealthy Love For Public Health In 14 Images,1
14 Ways You Reveal You Unhealthy Obsession With Public Health,0
"This Great Talent Might Not Fit Your Image Of A Rocker, But... Well, Just Listen To Him Play.",1
A Handicapable Musician Shows That You Can Do Anything If You Have The Motivation,0
"Before He Was Assassinated, MLK Jr. Had A Really Radical Idea
",1
WATCH: The MLK Jr. Speech You Probably Haven’t Heard Before,0
He’s Worked At Burger King For 8 Years. Guess How Much He Makes.,1
"He’s Got 3 Kids, Works 2 Jobs, And Makes Barely Enough To Survive. 
",0
"The Reason Why She Lives In A Shelter Should Make You Very Upset
",1
What If You Worked Full-Time And Still Couldn’t Afford To Move Your Daughter Out Of The Shelter?,0
"Hard To Believe The Woman At The End Of This Video Is The Same Woman As At The Beginning
",1
A Brave Woman With AIDS Allows Us To Witness Her Incredible Recovery,0
"I Knew Looks Could Be Deceiving, I Just Didn't Know They Could Be SO Deceiving",1
"Sweet Baby Zeus' Thunderpants, Looks Can Be Deceiving",0
Don't Think Looks Can Be Deceiving? Take A Peek At This Guy.,1
People Who Assume He 'Can't' Will Hear His Rockin' Vengeance When He 'Does',0
"If You Didn't Love Bill Nye Before You See This, You'll Love Him After (Or You're A Cold Robot)",1
Are You As Good At Your Job As Bill Nye Is At His Job?,0
"When I Saw That This Was A List Of Things Made In China, I Didn't Expect To Be So Shocked",1
"If I Had A Nickel For All Of The Items Now Made In China, I'd Have To Start Making Nickels In China",0
These Are The People You Should Thank For Making Our World Waaaay Less Deadly,1
They’ve Already Saved 20 Million Lives. Let’s Help Them Save 20 Million More.,0
"When I Saw That This Was A List Of Things Made In China, I Didn't Expect To Be So Shocked",1
"If You Are Reading My Words Right Now, There's An 80% Chance It's On Something Made In China",0
A Hilarious And Beautiful Song About All The Crazy Sh*t Women Do To Look Good,1
"A Song Called 'The Armpit Song' Is, Meaningful, Beautiful, And About So Much More Than That",0
"If 287,000 Women Had Been Given A Few More Choices About Their Sex Lives They’d Still Be Alive",1
I’m Lucky To Live Somewhere Where I Have Choices About My Maternal Health. 222 Million Don’t.,0
Watch A Gut-Wrenching Moment A Father Sees His Son For the First Time After He Is Thought To Be Dead,1
Watch The Father and Son Who Capture The Gut-Wrenching Human Side Of War,0
The Warning Label That We Never Knew We Needed Until We Saw It,1
The Cheapest Way To Change Our Gas Pumps In Order To Slow Down Climate Change,0
"Bullying And Rape Culture Have A New Enemy, And He Is … A Fraternity Brother",1
"The Hardest Bullies To Stand Up To Are The Ones Who You Call Brother
",0
This Rapper Schools Us On Who We Have To Thank For That 5 O'Clock Feeling,1
A Rapper's Verses Tell Us Who We Have To Thank — For That 5 O'Clock Feeling,0
You Know Those Power Lines That Stretch On Forever When You're Driving Across The Countryside?,1
The Incredible Things That These People Do So You Can Turn On Your Lights,0
Why Is This Mom Putting A Bullet Proof Vest On Her Kid?,1
Shots Fired! Moms Take Aim At Congress To Help Save Our Children,0
"If We Legalize Weed In America, We'll Have To Deal With A Lot More Of These People",1
"If You Can Be Hypnotized By A Cat, You Probably Shouldn't Be Driving, Right?",0
"This Woman Saw A Ginormous Problem, And, Well, She Pretty Much Saved The Day",1
This Woman's Ambition As A Child Is Causing A Ginormous Change In Her Community,0
At 5pm The Mans Daughter Was Sick. By 7pm She Was Dead. Her Killer Is Now Being Cleaned Up.,1
These Powerful People Know That The Poor Do Not Deserve Poor Solutions,0
You Know Those Power Lines That Stretch On Forever When You're Driving Across The Countryside?,1
You Know Those Power Lines That Stretch On Forever? Here Are The People Who Actually Hang Them.,0
"After I Saw This, I Put Down My Phone And Didn’t Pick It Up For The Rest Of The Day",1
"If You Ever Feel Panicked When Your Phone Is At 20% Battery, This Might Help",0
A Ginormous Energy Company Picked A Fight With College Kids. They Probably Shouldn't Have Done That.,1
Once Upon A Time Some College Kids Chased An Energy Company Out Of Town,0
"A Ginormous Energy Company Picked A Fight With College Kids And Really, Really, Regretted It",1
Dear Ginormous Greedy Energy Company. Check. Your Move.,0
What’s Schizophrenia Like? A Woman Who Hears Voices Explains It Beautifully.,1
"Talking To The Voices In Her Head Helped Her Get Better, Now She’s Helping Others",0
Hilarious Examples Of People Who Can’t Think For Themselves,1
"I’m Betting Lady Gaga Would’ve Kept Her Hat On, In This Situation",0
"20 Years Ago We Thought Of It As Sci-fi, And Now 162 Countries Can Stare Me In The Face",1
"""Global Community"" Used To Be Just A Saying, But He Shows That It's As Real As We Want It To Be",0
"Fast Food Workers Have Had Enough. If You Want Fries With That, You Might Have To Get Your Own ...",1
"50 Years Later, One Congressman Is Still Marching For Justice. This Time, It's About Minimum Wage.",0
This Woman Saw A Huge Problem In Her Community And Did Something No One Else Knew How To Do,1
"Her Community Needed Some Serious Help, So She Took On The Challenge",0
A Bunch Of Young Punks Just Managed To Make A Giant Monolithic Corporation Freak Out Big Time,1
A Giant Monolithic Corporation Is Trying To Bully A City Into Paying More For Dirtier Power. Whoops.,0
His Piano Playing Is Beautiful. I’m Glad He Has Somewhere To Play It Now.,1
"For These Homeless Families, One Key Makes All The Difference In The World",0
"When Everything In Syria Is An Emergency Room, A 'Normal' Hospital Visit Looks Like This",1
This Doctor Is Doing The Best He Can Do To Save Lives In Syria,0
​Sorry Pregnant Lady: You Can't Give Birth Here Because You're Poor,1
They're Not Letting A Little Thing Like Money Kill Them,0
A Pastor Asks His Politician Why He Supports Gay Marriage. I Don't Think He Was Expecting That Reply,1
"The Eloquent, Perfect Reply A Prime Minister Gives To An Anti-Gay Marriage Pastor Live On Television",0
"She Swam From Cuba To Florida, Walked Up Onto The Beach And Told Everyone 2 Things To Never Forget",1
"What's Grown, Profound, And Just Walked Out Of The Water After Swimming From Cuba? ",0
"She Swam From Cuba To Florida, Walked Up Onto The Beach And Told Everyone 2 Things To Never Forget",1
"I Wish I Could Push Myself As Far As She Just Did. Oh Wait, Apparently I Can ",0
Alyssa Milano Made A Sex Tape And It's Really Important That You Watch It. I'm Not Joking.,1
A Celebrity Sex Tape About Syria. Trust Me.,0
A Boy Came Out On Facebook. His Mother Found Out And Decides To Leave A Letter.,1
The World Would Be A Drastically Different Place If All Mom's Said These Words To Their Gay Child,0
A Journalist Was Asked By Her Network To Cover Paris Hilton. She Did This Instead.,1
Fellow 'Journalists' Try To Bully Her Into Covering A Paris Hilton Story. It Doesn't Work.,0
Pretty Much The Next Jimi Hendrix — Is That Too Subtle For How Talented I Think This Kid Is?,1
I Have The Perfect Casting For A Jimi Hendrix Movie If You Wait About 10 Years,0
A Journalist Was Asked By Her Network To Cover Paris Hilton. She Did This Instead.,1
Fellow 'Journalists' Try To Bully Her Into Covering A Paris Hilton Story. It Doesn't Work.,0
When She Realized Her Students Were Suicidal This Teacher Changed Her Curriculum,1
If You Heard Your Students Were Suicidal What Would You Do?,0
Half Of Us Did This Illegal Act After We Graduated College. It's Not Okay.,1
There's A Word For What This Is... What's It Called Again? Oh Yeah — Slavery.,0
"Nice Try Banning This Advert, Rupert Murdoch, But Australia Can Watch It Here Instead",1
"Well This Looks Familiar: Rupert Murdoch, What Are You Trying To Do To Australia's Election?
",0
"No Matter What You Think About Intervening In Syria, Here’s One Voice You Should Hear Out
",1
"On Syria, Should America Be More Like Sweden? 
",0
"A Simple Gesture Shows The Goodness In People, And That's All It Really Takes",1
How In The World Are Basketball And Beer Making Me Tear Up?,0
He Just Came Up With The Worst Idea In The History Of The Internet. It Involves Robbing You.,1
"Meet John Wooley. The Big Cable Companies Hired Him To Screw- Er, Show You A ""Better"" Internet.",0
It's Cute That They Thought We Wouldn't Notice Them Trying To Rip Us Off,1
Click Here If You Think Websites Shouldn't Be Pay-Per-View,0
"A Boy Makes Anti-Muslim Comments In Front Of An American Soldier. Bad Idea, Dude.",1
"Do Americans Have A Problem with Muslims? If So, Can They Listen To The Soldier Here Speak?",0
"Jimmy Kimmel Puts One Over On The Entire World, And The Biggest Sucker Was The News Cycle",1
"TWERK. Did I Get Your Attention? No? You Must Not Be The News, Then.",0
Seeing America From This Perspective Makes Me Feel Like A Total Heel,1
"America And China Are Just Stomping The Planet With Our Big, Fat, Designer-Shoe Carbon Footprint",0
"A Boy Tries To Commit Suicide At Age 15, Then Becomes An Awesome Role Model At 41",1
"He Was 15 Years Old The First Time He Tried To Kill HImself. Now, He's A Role Model For Gay Kids. ",0
A Comedian Rises From The Dead To Explain Why We're Going To Invade Syria,1
Q: Why Some Countries Are So Good At War? A: Because They Get A Lot Of Practice.,0
"You Know, These Ladies Really Have A Point About Something Most Of Us Don't Even Notice",1
Sunday Night Gets A Poke In The Right Direction... Um... I Mean... You'll See.,0
"On September 11, 2001, A 12-Year-Old Kid Learned A Hard Lesson. It's Time You Learned More About It.",1
"That Day Had No Black Or White, Because Under That Rubble Everyone Was Gray",0
Think Seeing A Little Male Nudity On TV Is Too Explicit? Then ... It's Time To Hear The Hard Truth.,1
The Sunday Night Double Standard Gets Hilariously Spoofed,0
They Told Her No Firm Would Pay Her Equally. So She Started Her Own.,1
How One Determined Lady Paved The Way For Women On Wall Street,0
It Takes A Lot Of Bravery To Ask A Question Like This In Front Of A Bunch Of Working Class Folks,1
A Bunch Of America Working Class Folks Stand Up For An Undocumented Family In A Really Cool Way,0
Here's A Debate Between An Atheist And A Christian. You'll Be Surprised At How It Plays Out.,1
A Debate About Religion That Doesn't End In Fisticuffs. Seriously.,0
"It’s Not Illegal To Torture Animals, But It Is Illegal To Take A Picture Of Someone Doing It",1
How Do You Stop Whistleblowers From Exposing Your Disgusting Business Practices? Outlaw Them!,0
One Of My Favorite Authors Says There's Something We Should Remove From All Classrooms,1
Wouldn't It Be Great If We Could Make Education Better For All Kids Without Spending A Dime?,0
"Beautiful Flash Mob Of Marriage Proposal Adorableness, Aisle 10",1
"Can We Get A Judge To Aisle 10, We Have An Engagement To Clean Up",0
This Man Kept A Secret For Most Of His Life. Not The Kind Of Secret You're Probably Thinking...,1
Can You Really Define What An American Is?,0
"Before He Dies, What This Guy Does For His Child Is Beautiful",1
A Zombie Touched My Heart Without Eating It,0
His First 4 Sentences Are Interesting. The 5th Blew My Mind. And Made Me A Little Sick.,1
What First-World Country Pays The Most In Taxes For Healthcare?  WRONG.,0
"After An 8-Hour Workday Or 40-Hour Workweek, You're Pretty Much Shot",1
"We're Working More, But We're Making Less. Ummm, Maybe We Should Stop That?",0
How Do You Get Kids To Study Harder? One Pizza Owner Had This Genius Idea.,1
You Want Free Pizza? Recite Abraham Lincoln's Gettysburg Address And You'll Get It.,0
An NBC Panel Suggests We Stop Talking About Banks Being Evil. Barney Frank's Response? Priceless.,1
"When You Hear NBC Hosts Talking About The Poor, Poor Bankers, You Know Something's Up",0
The Simple Act Of Kindness That You'll Remember Next Time You're Talking To A Waiter In A Restaurant,1
"The Act Of Kindness I'd Do If I Had A Spare $200. But Hey, I'll Just Smile At This In The Meantime.",0
The Reason We're All Safer on The Job In One Image,1
The Reason You're Much More Likely To Come Home From Work In One Piece Today,0
"If You Don't Think Teachers Do Enough On The Job, Have I Got A Graphic For You",1
Perhaps We Should Let The Pentagon Raise Money From Bake Sales And Use Their Budget For Schools?,0
"13 People Were Just Murdered In DC, So The Chief Medical Officer Said What She Felt We Need To Hear",1
"When Trauma Surgeons Start To Lecture Us About ""Senseless Trauma"" You Know Something Needs To Change",0
One Of The Best Points I've Ever Heard Was Made In A Single Word,1
And Now Presenting: A Perfectly Political Punchline.,0
"13 People Were Just Murdered In DC, So The Chief Medical Officer Said What She Felt We Need To Hear",1
"After The 13 Dead In DC On Monday, Their Trauma Center Doctor Wants To Be Put Out Of Business",0
I Can Guarantee In One Minute Your Respect For This Kid Will Multiply,1
"Middle School And Rehab Should Never Go Together, But For Jacob, It Has",0
A Bold and Beautiful Reason To Talk To Each Other In The Elevator,1
A Vibrant Reminds To Get Out There And Find Them,0
"One Infographic You’ll Want To Take To The Grocery Store And Tape To Your Fridge
",1
"Could Giant Ziploc Bags Help End Hunger In Developing Countries?
",0
He Was In A Coma. What He Could Hear His Students Saying To Him Is Absolutely Moving.,1
This Man Knows How To Make You Feel Impact Of Educators,0
Watch These Straight People Answer A Question Gay People Have Been Asked For Years,1
Straight People: We're Just Born This Way!,0
"Ok, Ok I Got One - A Muslim And A Jew Walk Into A Bar…What Do They Demand?",1
"We Can All Agree That Iran, Israel And The US Need Peace. These Two Comedians Are Stepping Up",0
"He Was Asked An Arrogant Question. His Great Answer Shows The Problem With How The U.S. Functions.
",1
This Guy Gives An Interviewer His Comeuppance & Sums Up The Way Politics Works—With Boston Charm.,0
"Next Time You Bully Someone, You Better Hope They're Not Related To Him",1
"To Save His Sister, One Boy Risks Everything (Everything = Christmas Presents)",0
I Didn't Realize How Much We Needed To Examine Ourselves Until This Actress Spelled It Out,1
Solidarity Is For Everyone But Those Who Really Need It,0
"The President Wants Your Money, But It's For Something Totally AWESOME",1
Funding America's Plans For Syria ... With Kickstarter?,0
Fracking Is Pretty Hard To Understand — Until It Isn't,1
Drilling Holes And Pumping Chemicals: Spend A Day Ruining Drinking Water,0
One Teen Says A Brilliant Goodbye To All The Names He Was Called In School,1
You Can Call Him Vinny. I’m Gonna Call Him ‘Mister Brave-Smart-Awesome.’,0
And The Winner For 'Biggest Hint That Hollywood Is Twisted' Is...,1
Every Year A Different Person Wins. But Somehow It's All The Same.,0
Doing This To Kids Is Like Helping A Person Who Is On Fire By Drowning Them,1
"If You Want To Complain About Immigration, You Are Doing It Wrong",0
I'm Sorry ... Immigrants Contribute HOW MUCH Money To This Country?,1
"According To This, The Mexican Border Is Basically The New Ellis Island. How Do You Feel About That?",0
The Surprising Story Of How One Of The Most Famous Women In Our Culture Came To Be,1
How 'We Can Do It' Grew From Wartime Propaganda To A Feminist Symbol,0
Winston Churchill's Perfectly Hilarious Response To A Gay Scandal In Parliament,1
Gay Scandal In Parliament? Winston Churchill Doesn't Need A Speechwriter For This One.,0
His Friends Know He Is About To Die. See How They Say Goodbye.,1
A Single Image That Shows How Close These Teams Can Get,0
College Kids Do Something To Incoming Freshman No One Expected,1
"College Students Lend A Hand To Disabled Kid. Actually, An Arm. It’s Robotic And Insanely Cool.",0
"The Biggest Myths About Obamacare, Shot Down In One Clip",1
So Are You Worried That The Affordable Care Act Is Costing Jobs?,0
At First I Thought He Was Making Fun Of Himself. Then I Realized He Was Warning Me.,1
"He Isn't A Superhero, But His Superpower Is Tellin' It Like It Is.",0
Okay. This Is How I Want Every Law Explained To Me.,1
And This Little Piggie Really Knows It's Facts,0
"She's Not From Here, So Why Does She Sound Like That?",1
She Knows She And Her Family Belong Just Where They Are,0
Something To Think About Before You Take That Next Pill,1
"You Need To Know What Superbugs Are, And You Need To Know How You're Creating Them.",0
"She's Not From Here, So Why Does She Sound Like That?",1
She Knows She And Her Family Belong Just Where They Are,0
"These Dancing Teens Are Defying Expectations, Statistics, And Maybe A Few Laws Of Physics
",1
"In A City Where Becoming A Statistic Seems Like Fate, Some Incredible Teens Are Bursting Through",0
I Just Want To Know Who’s Been Hiding These Numbers From Us All Along?,1
"You Thought The Mormons Moved To Utah For Religion, But It Was Really For The Fuel Savings",0
I Just Want To Know Who’s Been Hiding These Numbers From Us All Along?,1
"If You Love Smog, International Conflict, And Price Spikes, Find Yourself A Different Infographic",0
Corporate Media Tried To Stop The Little Guys. So The Little Guys Called In Some Friends.,1
"If You Hate Mainstream Media, You Can’t Just Walk Outside And Build Your Own. Or Can You? ",0
What This Craigslist Ad Says About The Government Shutdown Is Pretty Bold,1
How This Could All End Up If The Government Fails To Get Itself Working Again,0
These Comments About Politics Are Too Mean To Be True. But They ARE True.,1
Who's Decision Is It Anyway? Theirs Or Ours?,0
"Before You Hit The Drive-Through With Your Kids, Watch This Video. It Might Make You Think Twice.",1
Serving Up An Order Of Truth: $2 Billion In Marketing To Our Kids Is Too Much For Me,0
A Senator Gets Mad About The Shutdown And Starts Naming Names. About Time.,1
Don't Like It When The Government Shuts Down? Maybe You Should Start Saying What She Is Saying.,0
Something To Keep In Mind Next Time You're Thinking About Ordering Crab Or Lobster,1
"If A Kid Comes Out Of Their Shell Early In Life, It's A Good Thing. For Crabs, Not So Much",0
Think Everyone Should Just Pull Themselves Up By Their Bootstraps? Try This One On For Size.,1
What Does Your Life Expectancy Have To Do With Your Zip Code? This.,0
SNEAK PEEK: The Documentary That The NFL Would Rather You Skip,1
Meet The Doctor Who Tackled The NFL's Biggest Scandal,0
The Woman Who Has As Close To A Super Power As We Can Get,1
"The Overwhelming Power Of Love, Told Through The Story Of One Woman's House",0
Just Take My Money Already - I’m Ready To Make A Reservation RIGHT NOW,1
Just Take My Money Already! I’m Ready To Make A Reservation RIGHT NOW.,0
It Only Took A Minute For All These Man Tears To Start Flowing,1
What A Special Gift To Find On Your Doorstep,0
"When They Called Him A Terrorist And Broke His Jaw, I Bet They Didn't Expect This Response ",1
"If Everyone Took The Advice Of A Man Who Was Beaten For Wearing A Turban, We'd Live In A Safer World",0
A Two-Minute Lesson For The Next Time You Face 'Incredible Odds',1
Don't You Miss When Life Lessons Could Be Wrapped Up This Snuggly?,0
The Woman Who Has As Close To A Super Power As We Can Get,1
So Many Kids Fall Through The Cracks  — Meet The Woman Making Sure That Doesn't Happen On Her Watch,0
"He's A Fraud, A Murderer, And Sorely Mistaken - We Gave THIS Guy A National Holiday?",1
"Move Over, Columbus. The Italians Have A New Hero.",0
The Debt Ceiling And Budget Battles Are Just A Screen. You Read That Right.,1
Some Of Your Paycheck Goes To Something Every Week Thay They Want To Get Rid Of,0
A Father Thought He Could Suppress Who His Son Really Was. His Son Had Another Idea.,1
Dawson's Creek Reminds Us That Coming Out Is Bittersweet For Some,0
I Kinda Want All Girls To Play This As Their Motivational Music For School Every Morning,1
The Growing Epidemic Of Girls Getting An Education,0
The Vice Principal Wanted A School Full Of Kids Like Him. So How In The World Did This Happen?,1
How Much Is A Kid's Future Worth? I Think The Answer Is More Than A Simple Mistake.,0
"The Daily Show Hires A Hostage Negotiator To Talk To A GOP Strategist. It Is Television Gold.​​​​
",1
America Is So Screwed That Even Hostage Negotiators Can't Sort This Shutdown Mess Out,0
Further Proof That Being Born A White Man Is A Bit Like Hitting The Lottery,1
Why Equal Pay For Equal Work Means Everything To Women Of Color,0
Her Husband Won A Nobel Prize. But She's About To Be A WAY Bigger Deal.,1
The Current One Made History With A Beard. The Next One Will Make History In A ... Bigger ... Way.,0
Here Are 5 Fact-Checked Things About The Place You Live That You May Not Have All The Facts About,1
I Get It. You Don't Think Global Warming Is Man Made. It's Still A Real Thing Though.,0
Watch A Music Video Parody That Deserves Both A VMA And A Nobel Prize,1
"For The Love Of Jay-Z And Alicia, Watch This Great Parody Music Video
",0
"If You Know A Girl Who’s Ever Felt Invisible Or Unheard, Please Show Her This",1
250 Million Girls Are About To Tell You Why This Moment’s Important.,0
"If Women Were In Charge, I Wonder: Would We Be In This Situation?",1
"\When A Country Makes A Mockery Of It's Own System, These People Are Put At Risk",0
Congress Did Something So Spectacularly Creepy That It's Too Unbelievable To Make Up,1
The GOP Made A Rule That Their Boss Couldn't End The Shutdown. Or Almost Anyone Else. Not Joking.,0
Two Doctors Kill A Man By Drawing On His Hand. I Would Not Recommend This Hospital.,1
"Nurse, This Man Is Dying! Get His Horoscope In Here, Stat! ",0
That Moment You Realise That America Is Actually Way More Sexist Than You Could Have Imagined,1
"Why Does This Woman Look So Upset, And Why Will You Be Cop",0
A Lobbyists And A Congressman Walk Into A Restaurant. See What Happens Next.,1
Watch A Lobbyist And A Congressman Literally Stuff Each Other’s Faces,0
"What They're Trying To Do To This Man Is Rough, But What He Says At The End Is Devastating",1
Does The Future Of Our Cities Look A Lot Like Detroit?,0
One Of The World's Most Despised Groups Is Shocking The Country With Some Cut-Throat Awesomeness,1
Do You Hate Collection Agencies? So Does This Collection Agency.,0
"We've All Done This Without Thinking And It May Ruin Our Chances At A Happy, Wealthy Life ",1
"If You Chased Dreams On Twitter, Pictured A Future On Instagram, Or Found Destiny On Facebook... ",0
Watch A Student Totally Nail Something About Women That I've Been Trying To Articulate For 37 Years,1
Watch Lily Myers Define What's At The Core Of Women's Issues In 3.5 Thought Provoking Minutes,0
Watch What Happens When This Surgeon Decides To Take The Dollars Out Of His Healthcare,1
Cracking Open Rib Cages Isn’t The Only Way This Cardiac Surgeon Shows Heart,0
"Need Your Faith In Humanity Restored? Meet ""Doctor Feelgood.""",1
Even Apocalyptic Sandstorms Can’t Seem To Stop These People From Doing Their Thang.,0
Watch Oprah Get Confused When An Amazing Woman Talks About How She Doesn't Believe In God,1
Everything You And Oprah Wanted To Know About Atheists But Were Afraid To Ask,0
The Eerie Thought About God That The Inventor Of The Nuclear Bomb Had When It Went Off,1
"The Men Who Built The Atomic Bomb Felt Like Gods When It Worked, But Not In An Egotistical Way",0
The Study Every Democrat Should Know About,1
Does Democracy Still Work In America?,0
This Video Will Make You As Uncomfortable As An Open-Backed Hospital Gown Does.,1
"Um, Gynecological Sock Puppets? Time To Add One More Thing To Your List Of Biggest Fears. ",0
"There's One Thing Almost Every TV Wife Has In Common, And It's Not That They're Naggy Buzzkills",1
Why I Almost Always Find Myself Rooting For TV Wives In Antihero Dramas,0
"National Park Service Workers Tell The Truth About The Shutdown, And It's Very Real",1
Our National Parks Don't Just Stay Beautiful On Their Own. They Need These People.,0
His Mom Made A Mistake He Will Never Be Able To Forget,1
"A Child Should Never Have To Call Their Parents In Jail. And Yet, Here We Are.",0
"It's Not Perfect, But A Couple Teens Put Together The Most Authentic Obamacare Pitch I've Seen",1
There Are Teens Who Don't Ever Think About Health Care. And Then There Are Teens Who Rap About It.,0
The Get-Rich-Quick Plan That Is Actually Killing People,1
" I Believe In Justice. I Also Believe Prison Should Be A Life Sentence, Not A Death Sentence. ",0
The Huge Invasion Of Privacy That This Woman Just Shrugs Her Shoulders At Has Me Going 'WTF?',1
Need A Halloween Costume? How About Going As The Constitution? It's All Make-Believe Now.,0
Four College Kids Decided To Try Living Like 1.1 Billion People Do Every Day,1
Think You Could Live On What 1.1 Billion People Do Every Day?,0
"I Got The Subway Earlier, And A Woman Was Being Tortured Right Next To Me",1
"Sorry For The Train Delay, There's A Child Soldier On The Track
",0
"They Openly Told Everyone All It Was Fake, And They STILL Bought Everything. Unbelievable.",1
Proof People Will Buy Anything They See On The News. See What I Did There?,0
"You Do This Everyday, Sometimes In The Privacy Of Your Own Bedroom. Mind If Everyone Knows About It?",1
"Meet Six People Who Have Betrayed Our Country Or Are Helping Save It, Depending On Who You Ask",0
A Kid Walks Into A Church And Asks For Something No Human Should Ever Have To Ask For,1
"Teens Ask For A Lot Of Things, But What One Is Pleading For Is Legit ... And Truly Gut Wrenching",0
She Works At McDonald's And Called Its Help Line. You Won't Believe What They Told Her To Do.,1
Tired Of People Getting Public Assistance? Call McDonald's Help Line And Tell THEM.,0
"If You Had 30 Pizzas, You'd Probably Throw A Pizza Party For Your Friends, Right? Not These Guys.",1
A Dream Team Combination: Pizza And An Act Of Kindness That Made Me Smile,0
Life For Millions Of People Goes A Little Something Like This,1
"If A Musician Like This Can Add His Voice To Something We All Need To Know About, Can Things Change?",0
Too Many People Don't Know What Stunting Is. Don't Be One Of Them.,1
Does Every Child Deserve To Grow To Their Potential? It Sucks That We Even Have To Ask That.,0
Like. Totally. Whatever. If You Know Someone Who Uses Those Words Show Them This Video.,1
"A Wonderful Reminder To Speak Up, Speak Loud And Well, You Know...",0
Like. Totally. Whatever. If You Know Someone Who Uses Those Words Show Them This Video.,1
"Like, You’ll Totally Get This Dude But Whatever",0
Like. Totally. Whatever. If You Know Someone Who Uses These Words Show Them This Video.,1
Like. Totally. Whatever. This Poet Has Something To Say To You.,0
He's Speaking. She's Playing. And I'm Just Over Here Trying To Pick My Jaw Off The Floor.,1
"This Guy Just Spoke The Most Beautiful Words About Ninjas, Braces, and Mono ",0
This Pastor Explains The One Thing That Always Changes People's Perception Of Gay People,1
"Why This Pastor Has A Problem With The Phrase Love The Sinner, Hate The Sin",0
Do You Really Mean To Tell Me You Don’t Like The Way I Have Sex? 'Cause That's All I'm Hearing.,1
"I’m Opinionated, Daring, And Confident — That’s What You Meant By Calling Me Those Names, Right?",0
The Reason This Guy Is So Pissed Is The Same Reason Intelligent Conversation Is Hard To Find,1
"When He Beats Around The Bush It's Maddening. But When He Does The Opposite, That's Just Lovely.",0
Can Somebody Please Explain How This Is Still Legal?,1
You Won't Believe Who's Been Sending Your Congressman To NFL Games,0
"How 'We, The People' Became 'We, The Corporations' In Under 4 Minutes",1
How Corporations Have Been Kinda Trying To Become 'People' For Almost 200 Years,0
"If You've Ever Heard People Say, 'There Are Plenty Of Jobs Out There...' Then Take A Look At This",1
Why The Old Saw That Has No Teeth: 'Out Of Work? Just Go Get A Job!',0
Star Into Her Eyes — Now Watch One Year In An Abusive Relationship Happen In One MInute,1
What It Must Feel Like To Have Domestic Violence Literally Stare Us In The Face,0
I Think This Is What People Mean When They Call Our Teachers ‘Heroes’,1
Teachers Describe Picking Up The Pieces One Year After Hurricane Sandy,0
See Why We Have An Absolutely Ridiculous Standard Of Beauty In Just 37 Seconds,1
Are You Curious Why So Many Of Us Struggle With An Important Issue? Here's A Really Short Answer.,0
Now They Use Coolers Packed With Ice.  Wait Till You See What They Want To Use Next.,1
The Standard Is 6-Hours Before A Transplant Heart Is Unsafe. How They Want To Extend That? Wow.,0
5 Halloween Posters That Hit A Little Too Close To Home...,1
"If You Can Manage To NOT Have To Live Through One Of These, You Are Lucky Indeed!",0
"When One Hour Of Work Can't Afford To Buy The Sandwich You Just Made, There Is Something Wrong Here",1
The Reality For Fast Food Workers: Can't Survive On $7.25,0
"70 Years Ago, She Dreamt Of Freedom. 30 Years Ago, They Threw Her In Jail. She's Still Fighting.",1
An Egyptian Octogenarian On Why There Is Hope For Her Revolution,0
Don't Ask Hilary Clinton About Abortion If You Can't Handle Her Answer,1
Congressman Thinks He's Cornering Hillary Clinton. But No One Puts Hillary In A Corner.,0
The Food Stamp Scandals That Nobody Is Talking About On Either Side,1
A Note To Those Who Would Cut Food Stamps When So Many Are Suffering,0
"One Look At This Graphic And You Might Think Women Aren't Creative, Literate, Or Intelligent",1
"Ohaithere, Network Television. Nice Gig You've Got Going There. But We Need To Talk...",0
"Can You Believe That Coke And Pepsi Are Desperate Enough To Stoop So Low? 
",1
"Every Time You Enjoy A Refreshing Coca-Cola, A Poor Farmer Gets Thrown Off His Land",0
Something Truly Messed Up Just Happened In Congress And You Totally Haven't Heard A Word About It,1
A Bi-Partisan Congress Just Made It Easier For Banks To Bi-Partisanly Rob Us All,0
What You Never Thought You'd Hear On Sesame Street,1
She's Not A Cookie-Addict. She Doesn't Live In A Trash Can. But Kami Has Bill Clinton's Attention.,0
Here’s A Perfect Example Of Why We Need The Arts In Our Schools,1
A Music Therapist Helps Kids Of All Ability Levels Create A Performance Together,0
We Use It Everyday ... Even Though It's Just As Dangerous As Cigarettes,1
It's A Shame We Are So Dependent On Such An Unhealthy Jerk-Wad,0
"After Tragedy Hits, He Wants To Do The Last Thing I'd Expect",1
An Ironworker In Breezy Point Wants To Do Exactly The Last Thing I’d Expect After Hurricane Sandy,0
Watch Kerry Washington Play Every Black Woman Alive Right Now On SNL,1
"Oprah, Michelle Obama And Beyonce And No One On SNL To Play Them",0
A Teenager Gets A Standing Ovation From His Class ... Just By Speaking.,1
How Colin Firth Indirectly Helped A British Boy Speak Clearly For The First Time,0
Something Truly Screwed Up Just Happened In Congress And You Probably Haven't Heard A Word About It,1
A Bipartisan Congress Just Voted To Let Banks Ruin Us And You Probably Haven't Heard A Word About It,0
"​She's A Photographer Who Captures Humanity — Yet So Many Only View Her Work In One Way
",1
"Hear One Woman Explain What It Means To Be Labeled A ""Black Photographer""",0
Something Truly Screwed Up Just Happened In Congress And You Probably Haven't Heard A Word About It,1
Something Insane Just Happened In The House Of Representatives,0
Parents Are Supposed To Protect Their Kids. What These Parents Did Is Unspeakable.,1
Would You Believe Me If I Told You About A Tradition Where Parents Sell Their Kids Into Slavery?,0
Watch An Adorable And Precocious 6-Year-Old Murder A Snitch At Her Tea Party,1
How To Stop Your Adorable Child From Putting A Hit Out On A Snitch,0
"I'm Freaked Out By Fellow Travelers With Germs, But I Had No Idea There's Something Even Worse.",1
Why Airports With No Paid Sick Leave For Staff Are Endangering Us All,0
A 5-Year-Old Girl Asked A Lesbian If She Was A Dude. She Responded The Awesomest Way Possible.,1
Coming Out Of The Closet Is Hard. Even For Straight People.,0
"What Would Happen If We Paid Moms $113,000 Dollars A Year?",1
Allowance Would Certainly Get More Lucrative,0
How The Grinch Is About To Steal From Millions This Holiday,1
"Rudolph, With Your Nose So Bright, Won't You Help Grinches In Congress See What's About To Happen?",0
A Room Full Of Feminists Just Applauded A Guy Who Dissed Feminists. Wait For It….,1
This Jerk Just Said Taliban Is Better Than Feminist. I’m The Jerk Who’s Agreeing With Him. (Whaaa??),0
They’ll Let Lesbians Do It. Straight Guys Even. But THESE People? Not A Chance.,1
The Government Agency That Would Rather Let You Die Than To Treat All People Equally,0
What He Has To Say About Your Favorite Products And Brands Should Do More Than Worry You,1
"Your Phone Isn't Innocent. Neither Are Chocolates, Diamonds, Or Cottons. Not Even Blood-Thinners.",0
"She Died Two Weeks After Giving This Interview, But Not Before Calling Out Some Serious BS",1
In 45 Seconds A Little Girl Is Going To Floor You. Then She'll Make You Care A Lot More About Cancer,0
They Ask This Homeless Veteran To Look In The Mirror. Who Stares Back Is Unrecognizable.,1
Cross The Line That Separates Most Of Us From Our Homeless Veterans,0
This Incredible Timelapse Shows Us One Homeless Veteran's Transformation,1
See How Far A Little Dignity And Respect Takes This Homeless Veteran,0
The Subliminal Message In So Many Animated Kids’ Movies And Shows Isn’t About Violence,1
"SAD FACT: For Every 1 Female Cartoon Character, There Are 3 Male Cartoon Characters",0
The Most Hilarious Parody Video I've Seen Yet: What Does The Farmer Say?,1
"Forget What The Fox Says, These Farmers Are Actually Using Real Words Like 'Work' And 'Corn'",0
"I Never Thought I'd Want To High Five A Teacher For Yelling At A Student, But I Was Wrong",1
"If All Schools Included This Lesson, Our Students Would Be So Much Better Educated",0
They Asked Him His One Wish To Change The World. He Showed Them His Art.,1
Can Graffiti Make The World A Better Place?,0
They’ll Let Lesbians Do It. Straight Guys Even. But THESE People? Not A Chance.,1
"If More People Knew About What FDA Was Doing, Would They Change Their Ridiculous Policy?",0
And Cue The Best Response To Sexism On TV Since EVER,1
One Of TV's Biggest Stars Has Stepped Into A Congresswoman's Shoes And Rocked It For Women's Rights,0
What Happened To This Being a Place Where We Gave A Damn About Our Fellow Americans?,1
What Happened To An America Where We Cared About Our Fellow Americans?,0
A Visualization Of World War II Like You've Never Seen Before,1
A Hypnotizing Way To Visualize The Panic And Scale Of War,0
"If You're Living In A Developed Country, But You're Not Happy, What Are You Doing Wrong?",1
"If A Government Can't Be Responsible For Your Happiness, Why Have A Government At All?",0
This Man On The Verge Of Breaking Down Says More In 3 Minutes Than Most Say In A Lifetime,1
This Man Lives Right In The Path Of Typhoon Haiyan And Was Pleading For Help A Year Before It Hit,0
The Same Question Is Asked To Parents And Then Their Kids. The Difference Is Kinda Revolutionary.,1
Who Are We Creating A Better World For? These Kids Have Some Ideas.,0
"She Was Stuck Paralyzed From The Neck Down, Until She Saw A Youtube Video That Changed Her Life",1
How One Simple Youtube Video Saved Cynthia From Her Paralysis,0
Would The World Accept This If It Were Happening To Men?,1
"Until Perpetuators Are Held Accountable, Women Will Stay In Danger",0
"She Was Stuck Paralyzed From The Neck Down, Until She Saw A Youtube Video That Changed Her Life",1
"How This Paralyzed Woman Could Walk Again, And How You Could Do Something Equally Epic For Yourself",0
"An Artist Figured Out How To Map All The Nukes In The World. Also, He Figured Out How To Scare Me.",1
"Bomb, Bomb, Bomb, Bomb, Bomb, THIS MAP",0
"If You See A Burglary In Progress, You're Probably Going To Report It...Right?",1
What Happens When Our Communities Suffer Because People Are Afraid To Report Crimes?,0
It's Hard To Speak About These Things In Public. So He Drew This Instead.,1
Victims Of Sexual Abuse Don’t Become Monsters. Some Become Badass Artists Who Fight Them.,0
"This Kid Just Called His Mom An Angel. After Watching What She's Done All Day, I Totally Agree. ",1
When Is A 2-Year-Old Driving A Trike Through Your House The Mellowest Part Of Your Day?,0
"If You Can Watch This Movie Trailer And Not Get Excited About The Movie Itself, You're Made Of Stone",1
Coming Soon: The Powerful Story Of How Farm Workers Kicked Some Tail,0
"When You Go Out To Eat, Tipping Is Not Optional. You Read That Right.",1
"If Minimum Wage Is The Floor, These People Are In The Basement",0
You'd Be A Feminist Too If You Experienced What She Did,1
"Hear Her Out, You Might Be A Feminist Too",0
Some States Have Decided That People Living On The Edge Might Not Be Such A Great Idea,1
Is Your State More Likely To Give A Darn About People Who Work For A Living?,0
"He's The Only One In His School. Instead Of Feeling Special, He Gets Bullied Everywhere. ",1
How Do Bathrooms Become Battlegrounds For These Teens?,0
"She Has A Dark Secret, Who Can She Tell?",1
"On Law And Order: SVU They Call Them Victims, I Prefer The Term Survivor.",0
He Was Asked Why Whiteness Made Him So Uncomfortable. His Response Is Pretty Profound.,1
"When Shutting Up Is Actually A Privilege, It's Time To Speak The Eff Up",0
Walmart Went On The Record About What It Pays Its Workers. It Didn’t Count On Us Knowing Math.,1
"In School, Below 50% Is A Failing Grade. But Somebody's Giving Themselves A High Five.
",0
How Changing The Definition Of One Word Might Make TV Shows Worse But Real Life Better,1
"Why Breaking Bad, The Sopranos, And The Cosby Show Give Us An Incomplete Picture Of Family",0
"Wow, Here's A Scarily Simple Way To Sabotage Your Life And Everyone's Around You ",1
Which Beloved Classic Author Might Have Thought You Were A Public Menace Right Now?,0
"One Day After His Dad Dies, He Does This",1
Why You Might Want To Stop Whining About Your Family Over The Holidays,0
A Kid Says Something To A Teacher That No One Should Have To Experience,1
"She Has A Dark Secret, Who Can She Tell?",0
A Poem For All The 'Boobs Guys' And 'Butt Guys' Out There,1
Is This Kinda The Poetry Version Of 'I Like Big Butts' By Sir Mix-A-Lot?,0
They Did It 86 Times To Every Other President Combined. 82 Times To Obama Alone.,1
Why Are The Democrats Finally Fighting Back? See For Yourself.,0
"If We Paid These Women What They're Worth, There'd Be A Lot Of Men Complaining About Unfair Pay",1
It Would Really Be Easier To Clean Spit-Up If You Got A Check Afterward,0
The Side Effect Of Birth Control No One Ever Talks About,1
The Economics Of Birth Control Prove Letting Ladies Make Their Own Decisions Is Good For Your Wallet,0
The Only Dog Video On The Internet That Will Make You Reflect On Your Life,1
Do You Know Someone With This Black Dog?,0
These Mothers Literally Turned Rags To Riches,1
A Great Story About The Phillipines That Does Not Involve A Typhoon,0
Watch This 6-Year-Old Give You The Most Adorable Guilt Trip Ever,1
A Little Dude Gets Kind Of Philosophical About Ocean Pollution,0
"Imagine Being Surrounded By People All Day, But Not Actually Talking To Anyone, And Then Seeing This",1
What Happens When A Group Of People Decide To Camp Out In The NYC Subway?,0
Let's Be Real: How Likely Are We To Get Accidentally Nuked By A Warhead?,1
Why You're More Likely To Be Accidentally Blown Up By A Nuclear Bomb Than To Die In A Plane Crash,0
Mustachioed Kevin Bacon Jumps In Front Of A Green Screen — And Into Our Hearts,1
Never Underestimate The Power Of Bacon,0
"It Doesn't Make Sense To Stop ""AIDS In Africa."" Yes, You Read That Correctly.",1
AIDS Is 25 And Like Most Twentysomethings It's Having A Hard Time Finding A Home.,0
WAIT! Listen To This Guy's Talk On Spending Money And Happiness Before Going Out Shopping On Friday,1
Plans To Snag Some Hot Deals On Friday? Here's A Thought On What To Do With The Money You Saved.,0
Mustachioed Kevin Bacon Jumps In Front Of A Green Screen — And Into Our Hearts,1
"Bacon, Bacon, Kevin Bacon, Bacon, Economic Growth, Bacon, Bacon, Bacon, Bacon",0
"If This Woman Were Alive Today She'd Be 109. Actually, She Is, And Has Something Incredible To Say.",1
Guess Which Of These People Turned Out To Be The Most Inspiring 109-Year-Old You'll Ever Meet?,0
I Can't Believe We Even Still Need To Talk About Something I Thought America Dealt With Years Ago,1
"A Reminder Of What America Should Really Mean, From What Of It's Greatest Young Voices",0
"It's Not A Ghost Or An Alien. It's Real, And It's Way Scarier.",1
How Did A Boy Scout Turn His Neighborhood Radioactive With A Bunch Of Smoke Alarms?,0
"If You Pass One Of These People At The Airport This Season, Maybe Tell Them You Support Them?",1
"As You Return From Your Thanksgiving Holiday, Consider Some Who Never Got To Join In",0
"After Black Friday And Cyber Monday, Here's A Selfless Day You Could Add To Your Week",1
A New Addition To Your Thanksgiving Weekend: Giving Tuesday,0
Some Creepy Dudes Wrote Some Creepy Things To This Reporter. So She Is Calling Them Out. In Public.,1
SCIENCE FACT: Being A Woman On The Internets Is Way Harder Than Being A Dude On The Internets,0
"They Said She Was Paralyzed, And She Couldn't Afford Her Recovery. Then A Dancer Changed It All",1
Learning Something New Can Always Make Our Lives Better. She Learned To Walk ... For The Second Time,0
"I Have Never Heard Of This Fox News Host, But He Nailed This Closing Monologue Of His Show",1
Fox News Host Takes My Love For Questioning Everything And Points It At Our Two Party System,0
"The Next Time Someone Says 'There's More Fish In The Sea,' Tell Them Why They're Wrong",1
How World Governments Do No Better A Job Of Caring For Fish Than Children,0
The Incredible Number Of People Who Touch Your Food Before It Hits The Table,1
The Amazing Number Of People Who Bring Your Food To The Table,0
"When You Think Of Little Afghan Girls, Do You Think 'Badass'? You Should.",1
Helmet? Check. Skateboard? Check. Afghan Girl Power? Triple Check.,0
"It Takes Him 90 Seconds to Shut Down Climate Change Skeptics, All Without Any Fancypants Science",1
How Climate Change Skeptics Are Missing The Point Of Science,0
"Finding Nemo' Isn't A Children's Movie, It's A Warning. This Animation Will Show You How.",1
"In 50 Years, You Won't Be Able To Say ""There Are Always More Fish In The Sea.""",0
"The One Where A Walmart PR Firm Creates An Ad So Full Of Propaganda, It's Actually Hilarious",1
"Those Black Friday Protesters ... A Bunch Of Pizza-Eating, Beer-Guzzling Kids?",0
"What Happens When 192,678 People Share A Video About Coming Out Of The Closet?",1
How You And A Bunch Of People You Don’t Know Helped Save A Life,0
"If A Man Asks What Women Have Been Asking For Centuries, Will Men Finally Listen?",1
"Men, Put Your Masks Down. Let's Talk.",0
Something We've Had Since Humans Have Been Around Might Be Lost On Your Grandchildren,1
"In The Future, Kids Will Learn About Fish The Way We Learned About Dinosaurs",0
Let This 6-Year-Old Give You An Adorable Guilt Trip About Something You Do Every Day,1
Watch This 6-Year-Old Give You An Adorable Guilt Trip About Recycling,0
"What If We Could Know, Without Asking People Who Work There, If A Company Treats Workers Fairly?",1
We Have Yelp Ratings & Tripadvisor Ratings. What If Companies Were Rated On How Well They Pay?,0
2 Minutes: The Reasons Why These People Are Mad as Heck,1
Everything You Wanted To Know About Folks Walking Out Today But Were Afraid To Ask,0
Why Does Sarah Silverman Say Vaginas Really Really Scare People?,1
How Could Two Liberal Comedians Ever Think They'd Find Kindred Spirits In Texas?,0
Ever Fall In Love With The Wrong Person? He Did And Has A Few Stunning Things To Say.,1
"Love Is A Lot Like War. For Him, More Literally So.",0
"Fill In The Blank: 'Nice Guys Finish ___.' Nope, Not After What You're About To See.",1
What's The Best Way To Tell Your Friend Her Shirt Is Hideous?,0
"Did That Really Just Happen? Yep. This Guy Pulled Down His Pants, On Stage, During His TED Talk.",1
"Move Over, Charmin. Here's Some Toilet Paper That's Better For The World (And Has 1200% More Puns)",0
He Saved 669 Kids Lives From Nazi Death Camps — And What The Audience Do At 0.50 Is Incredible,1
Watch The 'British Schindler' Get The Touching Surprise Of His Life On TV,0
Nelson Mandela's Awesome Advice On How To Live Our Lives Makes Me Want To Make Some Changes,1
Nelson Mandela's Insightful Guidance Makes Me Want To Make Some Changes About How I Live,0
Adorable! 20 Things We Should Say More Often.,1
I Never Realized Corn Dogs Can Play Such A Big Role In Making People Happy,0
"You Could Knit A Giant Sweater To Wrap Around Your Car, Or You Could Try These Tips",1
Is A Trunk Laden With Christmas Gifts Wrecking Your Miles-Per-Gallon? Here’s How To Even It Out.,0
"That Burger Looks Innocent, But It’s Hiding More Secrets Than A Teenager’s Diary",1
How To Fit 57 Ingredients Into 1 Wee Little Cheeseburger,0
"These Humans Are Pretty Much The Best We've Got, But They Don't Qualify For These Friggin Awards?!",1
"Do These Awards Still Matter? Yes. Do They Need A Major Overhaul? For The Love Of Science, Yes!",0
"I Loved The Pretty Dots On This Map ... But Upon Further Inspection, I Felt Sick To My Stomach",1
"Why There Are So Many Blue Dots On This Map, And Why We Should All Care",0
Watch A Congressman Freak Out When Told To Not Talk About The People Suffering In The Room,1
This Congressman Has An Idea About How To Fix Immigration. It Involves Screaming On The House Floor.,0
"When Congress Is Basically Taking Bribes From Corporations, There's Only 1 Thing To Do. PRANK THEM.",1
This Is Probably The Least Effective Way To Bribe Your Congressman,0
The One Minute Video That Captures Everything That's Wrong With America's Gun Control,1
A Harrowing Look At America's Youngest Victims Of Guns In One Minute,0
194 Reasons Why Your Argument Against Gun Control Is Flawed,1
What The Number 194 Has To Do With Your Apathy To Gun Control,0
A Little Taste Of What Capitalism Is Like When It Has No Limits,1
"Monopolies Are A Great Thing, Aren't They?' Said No Working People Ever.",0
"That Burger Looks Innocent, But It’s Hiding More Secrets Than A Teenager’s Diary",1
"I’d Like 1 Cheeseburger, Pickles, Onions, But Hold The Pyrophosphate",0
What Taking A Job As A Seasonal Worker Can Do For You,1
How Many Jobs Are Created During The Holiday Season?,0
"A Male Feminist’s Take On Crying, Pornography, And Miley Cyrus",1
One Man Wants To Be The Last Link In His Family’s Legacy Of Violence,0
"Oh Big Box Store, Oh Big Box Store, How Lovely Are Your Children?",1
"Oh Big Box Store, Oh Big Box Store, How Hard Working Are Your Children?",0
A Kid Looked Death Right In The Eye And Sang This Song. 5000 People Picked Up Where He Left Off.,1
5000 People Singing About Kid's Cancer For A Really Uplifting Reason,0
It's Easy For These Celebrities To Go Home — Not So Easy For Who They're Talking About,1
"Syria's Children Have No Safe Home, And These Celebrities Want You To Open Your Eyes To It",0
A Girl Is Hit By A Car And Is Dying. The Response She's Met With Is A Shrug And 'Not My Problem.',1
A Dramatization That Depicts The Difficulty Many Face In Accessing Healthcare In Palestine,0
"In A Country Where Same-Gender Sex Is Now A Crime, Hear What It's Like To Be Gay In India",1
Gay Rights Are Being Trampled On In This Country — But Hear How They Plan To Take A Stand,0
"He Thought His Parents Were Breaking Up, But He Was Beautifully Wrong",1
There Is A Reason He Will Always Remember One Car More Than Any Other,0
She Was Raised To Think Girls Are Worthless. You Should See What Changed Her Mind.,1
"Until The Age Of 47, She Wouldn't Have Been Able To Read This Headline. You Should See Her Now.",0
"This Is Just Like 'Fern Gully', Except The Dudes With Chainsaws Are The Heroes",1
Earth! Fire! Wind! Water! Heart! Chainsaw! (WHAT.),0
"I Have Never Seen A Shorter, So Straight-To-The-Point, No-BS Ad On Vaccines. And It's Pretty.",1
A 30-Second Animation On Vaccines That's As Painless As Vaccines,0
She Was Raised To Think Girls Are Worthless. You Should See What Changed Her Mind.,1
"Until The Age Of 47, She Thought Girls Were Worthless.",0
"Black Girls Code. Simple Name, Revolutionary Premise.",1
How One Organization Is Giving Young Black Girls Tools For The Future,0
"These Women Describe Some Unspeakable Horrors, But It’s How They Made It Out That Gave Me Chills",1
"When Life Was Unspeakably Dark, They Were Able To Make It Out To The Light",0
Something All Families Need Right Now. The Heck With Politics.,1
"When Your Kids Are In The Hospital, Wouldn't It Be Great If You Didn't Have To Worry About Your Job?",0
"I Know It's Hard To Believe, So Here's Proof Discrimination Does Bad Things To People",1
More People Need To See What This Study Says About The Impact Of Racism On Health,0
Psst...Wanna Buy Some Stuff Right From The People Who Make It?,1
What If Some Of The Dollars You Spend On Food Could Help Sustain Good Jobs?,0
I’ve Got The Perfect Gift For All The People In Your Life Who Don’t Need Anything,1
I’m Straight Up Giving You An Excuse To Buy A Lump Of Coal For All Your Favorite Frenemies,0
One Time A Guy Gave A Homeless Man A Computer And The Recipient Did Exactly What The Giver Expected,1
"I've Heard About Teaching Life Skills To Homeless People, But Here's One That's New To Me",0
6 Guys Contradict Decades Of Stereotypes Using Only A Whiteboard And A Marker,1
Many Manly Men Make Meaningful Messages With Markers,0
"A Kid Answers The Question ""What Do You Want To Be When You Grow Up?"" With SUCH A Clever Answer",1
While This Kid Was Thinking About Public Education I Was Watching Cartoons. And That Was Last Week.,0
What One Guy Has To Say About Our Country's Obsession With Buying Stuff Should Terrify Us All,1
"Why Black Friday And The 'Buy, Buy, Buy' Mindset Are Not Good For Any Of Us",0
He Took How His Bullies Hurt Him And Turned It Into These Beautiful 3 Minutes,1
Notice That This Is The First Time The Color Of The President Doesn't Match The Color Of His House?,0
His Bullies Hurt Him So He Took That And Turned It Into These Beautiful 3 Minutes,1
His Bullies Hurt Him So He Took That And Turned It Into This Beautiful Poetry,0
This Is The Best A Breathalyzer Will Ever Sound,1
The Instrument You Really Don't Want To Be Playing This Holiday Season,0
"If You Thought Someone Couldn't Explain The Science Of Empathy With A Dry Erase Marker, You're Wrong",1
Watch How This Genius Explains The Evolution Of Empathy With A Dry Erase Marker,0
"If Someone Did This To My Pizza, I Would Probably Get Them Fired",1
"If A Politician Did This To My Pizza, I Would Probably Get Them Recalled",0
"20th Century Fox Gave Him $25,000 To Make A Movie Trailer. Here's What He Did Instead.",1
"20th Century Fox Offered Him $25,000 To Make A Movie Trailer. He Had Bigger Plans.",0
"The Wedding Is Beautiful And All, But His Dad's Response To Him Coming Out? It's Just... Wow.",1
An Officer And A Gentleman Get Married,0
The Most Simple Explanation Of How To Get Out Of This Recession I've Seen Yet,1
A Simple Minute And A Half On Why Low-Paying Jobs Are Tanking Our Cities,0
I've Never Seen Such A Clever Parody Of Social Smoking,1
"Too Funny To Miss: ""But I'm Not An Ear Wax Picker. I'm A Social Ear Wax Picker.""",0
I Can See Why This Has Been Called 'The Best Anti-Smoking Ad Ever',1
"Kids Say The Darndest Things, Like When They Ask To Bum A Smoke",0
What They're Doing To Kids In Pennsylvania Is Dooming Our Kids To Fail,1
"When The Future Of Our Kids Is Sliced Apart Like Christmas Ham, Haven't We Become Butchers?",0
"The Surprising Reason This Inmate Says, ""Now I Think Before I React""",1
"Behind Bars, But On Their Feet (And Hands): Does Yoga In Prison Make A Difference?",0