Headline,Attention Score
WTF? Princeton Professor Profoundly Offended By Intellectuals,-4.198217485
Stupid Law Says No Gay Marriage? Google Says Challenge Accepted.,-4.779123493
A Chart That's Giving Harsh Realities About Vaccinations,-4.252288824
"When this deaf woman went to Starbucks, she got a lot more than a tasty Frappuccino.",-3.72288374
"If you're not sure what to say to someone who's experienced something horrible, start here.",-4.340202536
"I don’t love to paint murals, but it probably beats the heck out of violating probation.",-5.168811474
It looks like a love triangle at first. Then comes the twist — and it's adorable.,-3.683729228
A charity put her face on a poster and told all of London her secret. How would you have handled it?,-4.204692619
She says this superhero has a mental illness and I agree.,-4.384907098
This test will tell you whether you're prejudiced without knowing it. I dare you to take it.,-3.608913904
A 1-minute video for any kid you know who may be depressed,-4.649352047
This test will tell you whether you're prejudiced without knowing it. I dare you to take it.,-3.290283225
A commercial that was pulled in America. It's time to change the tide.,-3.698761968
"Everyone seemed to love him, but 3 men killed him. Let's remember why we fight for equality.",-4.498053744
"She met her husband in 3rd grade. 15 years later, she interviews her old teacher, but it's so sad.",-4.498799059
"2000 were killed, hundreds are missing, and some were made slaves, but we stay quiet",-3.990666133
"She met her husband in 3rd grade. 15 years later, she interviews her old teacher, but it's so sad.",-4.432424258
She taught them both in 3rd grade. After they got married one of them interviews her. It's so sad.,-3.350708528
An 81-year-old Supreme Court justice just gave the most badass answer to a ridiculous question.,-3.464089812
"It’s meant as a compliment, but what it really says is, ‘You don't fit in.’",-3.943966357
"In every shot, only 1 word changes. But that word makes all the difference.",-4.487273508
A dog on the verge of death meets a prisoner with no hope,-3.952221077
She made a cool invention. Now she's using it to save 12 million people.,-4.247498067
"The video went viral, but did people miss what was so great about it?",-4.556810162
People who work for McDonald’s aren’t 'Lovin’ it.' So they asked the company some questions.,-4.054679306
The long showers you like to take are not the *real* problem.,-4.531295287
Meet the concerned mom who doesn't think kids need sex-ed. Then watch the Daily Show laugh at her.,-3.64677146
The way this married host acted around Kate Upton shows the sad state of respecting women.,-3.418244237
He's moving his prosthetics with his mind?! We're living in the future.,-4.694740016
Meet the concerned mom who doesn't think kids need sex-ed. Then watch the Daily Show laugh at her.,-3.652175053
"It has a 1-word chorus, but it may be the most glorious Oscar-nominated song of the last 10 years.",-4.020962016
His best friend's was killed by his own mother. Here's how he looks at it.,-3.947651878
"A cartoon about catcalling from the man's perspective is totally disturbing, and that's the point.",-3.697178257
An embarrassing dad made his kid's birthday party awful. And set public health back 100 years.,-4.690668073
This guy gained two fully functional arms thanks to the big brains of SCIENCE.,-5.291292752
What would happen if FOX news asked Walmart the tough questions?,-4.254127193
She came up with an invention to save 12 million people. Genius? Kinda.,-4.301755242
The Catholic Church is trying to solve this problem. So should we.,-4.027707404
Fox News finally went off on Walmart for their shady practices. PSYCH.,-3.851497585
A famous athlete tattooed 50 names on his body for a sad reason. Showing them got him suspended.,-3.852109669
"The next time you ask someone to pass the guacamole, remember what he says.",-4.12812139
"A before and after shot that didn't change the man, but it will probably change the way you see him",-3.864232342
A popular TV show from the 70s was one of the first to brilliantly call out unfair pay for women.,-5.146132838
Here is the smartest money move we could make. How dumb is it that we're not?,-5.168082123
I've been waiting to hear a message like this from an elected official since my kids were little.,-4.461200479
The #1 huge thing we're all missing when we try to be environmentally friendly.,-4.447346101
Protein shakes aren't as harmless as you might think. Just take a look at these men.,-3.946170141
He is black. He is privileged. And all of that concerns his parents.,-3.966258634
These racist idiots spray-painted a swastika on the dumbest/best location possible.,-2.747431828
How 1 haircut and a before and after photo may change everything for people,-3.427967623
"Call her dark, call her skinny, call her beautiful, just don’t ever call her Iman",-4.004255471
Short-shorts and high kicks meet super advanced science degrees. Surprised? You shouldn't be.,-4.96284463
These raw words from the past are still gut-wrenching. And still true.,-5.503177137
"This kid's dad is just as bad as the bullies at school, until makes me smile at the end.",-3.821871908
Listen to the parts they've auditioned for and try not to say 'WTF?',-4.283707547
"For every dollar we spend on it, we get $4 back. Magic? Nope. Just smart money.",-5.027373852
Why the millennials of the world could be the key to ending shame about mental illness.,-5.180072268
"The bully punches him in the face. Later, he follows the bully home, and that's where he sees it.",-3.151318946
An actress decided to do something about the stigma of mental illness.,-4.974352789
"An actress was told to bring an “easy access skirt” to a casting. Well, dang.",-3.035410757
"If you look at her hands, you'll see her struggles. Literally.",-4.453109519
2 trans men made a very clear point with their very pointed photo shoot.,-4.074811971
2 trans men make a very clear point with this  revealing photo shoot.,-3.046601981
A transitioning male reproduced Adam Levine's nearly nude photo to prove a point. It worked.,-3.458050826
"When people say his TV show’s racist, he’s like, ‘I don’t know if you know any of us.’",-4.029988673
School is not going so well. Here's a cheap and easy way to fix it ... that teachers will love.,-5.023149259
"I thought Alan Cumming had lost his mind, then I watched the video and was so wrong.",-4.645130271
A rare behind the curtain look at acting that's less glam and more racist.,-3.499050798
Dad took blood samples at his kid's birthday party. And that's not the worst part.,-4.037750051
"Her story is pretty funny, but the lesson at the end will change the way you think about blaming.",-3.63901313
8 love letters to survivors of sexual violence. The one from the dad made me cry.,-4.563326428
Ever heard of ‘Right-To-Work’? About that …,-4.827471277
The big problem at the Oscars that got these 3 women singing,-4.355086527
"Teens always think they know more than their parents. About this, they probably do.",-5.58586054
He was right about the cops 50 years ago. We didn't listen.,-4.734327271
"Ever heard of ‘Right-To-Work’? Well, about that …",-4.258022613
It was a normal day until their family dressed as homeless people to prove a point,-4.369726017
It was a normal day until their family dressed as homeless people to prove a point,-4.304791362
The dug up a Malcolm X speech that predicted so much of what's going on today. Creepy.,-4.676273649
They dug up a Malcolm X speech that predicted so much of what's going on today. Creepy.,-4.192680463
"Teens always think they know more than their parents. About this, they probably do.",-4.584823749
He put these inmates in a room with nothing but a camera and asked them to talk about their crimes.,-4.513709729
"If you think the Oscars are racist, you should read this. Same if you don't.",-4.043603678
"These parents were expecting a cute musical, instead they're rethinking what they pack for lunch",-5.206398864
"At the end, the camera zooms out and you see what these kids painted. Incredible.",-4.718786848
"A pole-dancing video so beautiful, my hair stood on end",-4.485872846
"If you don't think the Oscars are racist, you should read this. Same if you do.",-4.088967815
"If you don't think the Oscars are racist, you should read this. Same if you do.",-3.90378775
"Where do ideas come from? Replace that ""lightbulb moment"" with turtles cuddling.",-4.995248708
Dear Oscars: It's time for an intervention about your little problem.,-4.847046274
The stuff about the Oscars and race you probably hadn't considered. And really should.,-4.381449545
It's a song that every 1st grader knows. But it has a dark secret.,-4.440334206
Watch these kids shut down a problem that grown ups have been trying to solve for centuries.,-4.039968651
A white TV news anchor from Texas smacks down a group of racist sports fans so perfectly,-4.09806313
"Their parents expected a cute musical, but the cows had everyone cringing",-3.96925752
Things are happening behind closed doors and you might want to know about them.,-4.279440046
The kids aren't all right. 8 photos show you why.,-3.392171261
Bill Gates has a Utopian dream. Watch this guy grill him about it.,-4.692348216
"If the way women are treated around the world keeps you up at night, you want to meet these people.",-5.287584297
"I'm so tired of hearing people fight over a bunch of pipe, but Obama's latest move got my attention.",-4.778020805
"I'm so tired of hearing people fight over a bunch of pipe, but Obama's latest move got my attention.",-5.334924778
This is truly one of the most innovative ways to use technology to help people.,-5.746758669
One guy reaches out and grabs her arm. The other makes a split-second decision.,-4.115905321
"It's like that flashlight app on your phone, but for blind people.",-4.936527322
What if you could help blind people see? You can.,-5.588609666
The president has a superpower he uses only when he absolutely has to. He just had to.,-5.030716008
"Say what you will about Sean Penn. OK, now listen to this guy talk about race.",-4.643414949
Here’s a paycheck for a McDonald’s worker. I can't even.,-4.000199117
"A mom who loved her son rejected him when she learned he as gay. That’s not how it ends, though.",-4.419671173
"100 years ago, people were eating things that most of us will never taste.",-5.125485523
"There are people pretending to be scientists on TV, and their 'facts' could be harming our health.",-5.342607625
"Their name is Jacob, and here is their story. Yes, *theirs*.",-4.604503297
Feeling down from crappy news? Here's a quick pick-me-up.,-5.599107595
How many of us can say a photograph changed our lives? She's can. And she's only 10.,-4.230880695
One guy reaches out and grabs her arm. The other makes a split-second decision.,-3.686251695
"He wanted to challenge what people saw when they looked at him. Clearly, his getup did the trick.",-4.590547667
In 90 seconds this politician shuts down any debate over girls rights to an education.,-4.531295287
"New studies of musicians are revealing amazing things about brains. Even, um, normal ones.",-4.23796379
See what happened in a country that didn't put extreme anti-choice lawmakers in check. It's scary.,-4.428433007
"Here’s a McDonald’s employee paycheck, and here’s my jaw dropping to the floor.",-3.763195555
A terrible thing happened to this 20-year-old woman. They're trying to let the whole world to know.,-4.206680692
"This video wants to thank you, me, and all of us for saving Earth.",-5.410615301
Watch a feminist comedian perform the most equality-driven striptease I've ever seen.,-4.043689023
"If you’re trying to find a career you'd actually enjoy, boy, is this for you.",-4.349781535
23 people a day die from this illness. But insurance companies don't really care.,-4.40836588
Watch how fast one politician slams the door on any debate over girls rights to an education.,-4.95750238
"I thought I wanted a baby someday, but after watching this ... yikes.",-3.862232341
This is a game-changer for the blind. And you (and your smartphone!) can help.,-4.858571324
Fast forward through her life for the awful ending. Then do it again to see something amazing.,-3.924487374
"Got a 3rd grader? Guess what you're doing next year, thanks to President Obama.",-4.154551909
"All the embarrassing things a dad can say to his daughter, corrected.",-4.172017601
Real doctors show us just how fed up they are on Jimmy Kimmel's late night show,-4.285495831
Some of these college women were raped before classes even started,-4.116037387
How should a restaurant deal with homeless people looking for a bite? This works.,-4.224734051
A writer has had enough of when men do this totally unwelcome and offensive thing.,-3.643510849
Here’s why scientists believe learning to play music works a brain like nothing else. P.S. Yipes.,-4.927422191
Here’s why playing music does things to a brain that nothing else does. Spoiler alert: Yipes!,-4.59013976
Listen to this 2-minute reality check about what you have to offer.,-5.359996199
I wanted to know how and when cops decide to kill someone. Now I understand...kind of.,-4.54211205
The must-see video burning up the Internet in China right now might help millions breathe easier,-4.036008985
"When phones can act like eyes, have we reached a new level of amazing?",-4.876892239
Oh look. John Oliver takes yet another boring topic and makes it grade-A hilarious.,-4.023514223
She asks the little girl 3 questions about her life. Her answers are pretty devastating.,-3.6045972
"When she decided to have an abortion, her mother didn't stop her. The reason why makes sense.",-4.049048287
This is how you win an argument about climate change.,-4.565149153
"Everyone waited for it to be taken down. 150 million views later, it's still up. Watch it here.",-3.466237114
São Paulo sounds like a city of dreams. Until I saw the reservoir.,-5.077704394
"She is Gertrude from Ndola, Zambia. Here's how she gets water.",-5.056572389
"Each survives on $3 a day, average. On top of that, their water? There's a huge problem.",-5.869463067
Here’s what might happen when a climate-change skeptic invites a scientist over for dinner.,-4.580776709
"She says 9 sentences in the beginning, and that's all that it took to convince me.",-4.677735616
One of the most beautifully shot videos I've ever seen that makes be feel ugly to be a human,-4.232772949
This is how you win an argument about climate change.,-4.526959133
"If you’re like me, when homeless people ask for money, I just can't. Here’s a much better idea.",-4.062950744
Hundreds of kids arrive in Ireland and go missing. Somehow he was spared.,-4.101087454
Her name is Gertrude Mamba. Here's what it takes her to get water.,-5.229522888
His hometown is littered with dirty rivers and contaminated wells. So he fixed them.,-5.112182095
Straight-up chilllin' out for 20 minutes a day will make your brain better. Here's how.,-4.562098932
One little girl took pictures of her school lunch. The internet responded — and so did the school.,-3.674850205
This 10 minute video has completely changed the way I look at do-gooder,-5.353916594
I wonder what we'd think of the NFL if every player knew their mind as well as him,-4.641443073
São Paulo sounds like a city of dreams. Until I saw its reservoir.,-4.91602757
The president puts 1 chart in front of the camera that might make you hate your cable company more.,-4.574710979
"He was fed up with his mom, so he tried an experiment. After it ended, he started sobbing.",-3.614069383
"EXCLUSIVE: A massively viral Chinese documentary, summarized in English for the first time.",-4.664442204
10 life-saving heroes walk into a photo. Obviously we're going to celebrate them.,-4.655175417
"I hold my breath as she takes the bandages off. But after, I can't stop smiling.",-3.748775023
I never realized how dumb our cities are until I saw what a smart one looks like.,-3.410626472
Julia Roberts stars in her biggest role ever. She will literally never have a bigger one.,-3.410200658
I asked a black ladyfriend if this was for real. She realized she had no idea how oblivious I was.,-3.449886439
Her name is Gertrude Mamba. Here is her story. Brace yourself.,-3.974745362
"They can barely bring themselves to watch, but when I saw what was on the screen, I just laughed.",-4.249902702
"Well, one guy in this video just comes out and says it. 'Stop treating women like baby-machines.'",-6.586565666
It's a pop song like no other. But not every woman is allowed to hear it.,-3.903753614
There's a new way for kids to smoke cigarettes and it's totally legal. What?,-4.386737742
A fairly obvious thing that all homeless people have in common that's good to remember,-4.698550129
"Instead of making homelessness illegal and punishing people, how about we help them?",-5.478692586
It only took 83 minutes for a movie to change everything for SeaWorld.,-4.243902501
"He asks, 'Why do people fear the gay?' And then he answers his own question.",-4.271536023
"If water doesn't flow, farmers have to leave their homes for the city. DIY glaciers to the rescue.",-5.462085515
What if I told you that you'd never have to see things like this ever again?,-4.639695475
"A movie went behind the scenes, and now SeaWorld is just trying to stay afloat.",-4.225697658
This billboard takes on domestic violence in a way you really have to see to believe,-3.452544438
"A woman perfectly answers the question, ""What's the difference between men and women?""",-5.189355603
Watch a super rich capitalist have a 'lil secret chat with his fellow richies,-4.423156274
A woman explains how she makes money in Cuba without the Castros,-5.617432036
"A woman perfectly answers the question, ""What's the difference between men and women?""",-4.147659621
Three women deliver a powerful message about the state of women's rights in the world.,-5.441751488
"If your next package looks like this, you might be a black woman",-4.783818337
This fake Amazon ad is pretty funny until it gets to black women,-4.098756584
Coming out was easy. The hard part? Admitting she still liked men.,-4.035815346
"There wasn't a dry eye, on court or off. Even the refs were crying.",-4.204692619
Happy Puberty! Here's a vibrator.,-3.341532701
There's something powerful about hearing the first black president say these words in Selma,-4.429601289
"Some women want a man to secure their future. 
And then there's her.",-4.209554373
An actress was sick of the roles she was being offered as a black woman. So she made her own movie.,-4.073507502
"Some lawmakers think you need a good probing, mentally and vaginally, before you have an abortion.",-6.205711498
Here's what's being done to women in over 80% of America. I didn't know it was this bad.,-5.717924428
"She became ill before her son Eli was born — for one small reason. Small, but important.",-4.191732202
"An analysis of 1,500 films resulted in 1 disturbing conclusion.",-5.264040932
The thing that's slowly encroaching upon women state by state is scarier than any nightmare.,-4.657497829
Listen to 1 man explain why he has a hard time being a feminist.,-3.720435119
A man screamed at her once because he thought she was white. That's just the tip of the iceberg.,-3.720341323
"You, yes, you, have the power to overcome the mind-control device you carry around every day.",-4.738220694
"When these drones zoom in over elephants and rhinos, they stop horrible things from happening.",-3.853801408
"As parents get older, grownup kids have a problem. Who’s gonna take care of their parents?",-5.165699842
She was the first American to ever win the International Children's Peace Prize. Hear her speech.,-4.97361431
"The inventors of this could have made a fortune. Instead, they're making kids happy.",-3.961821065
Want to see some young people who refuse to be told they can’t fix some problems of the world?,-4.982058805
"After hearing how she spent her 9th birthday, it's no wonder she's being recognized globally.",-4.665849526
I can't imagine walking miles for a cup of water. Now they probably can't either.,-5.462716107
"Every time some charity asks for your money, ask them if they do it like this.",-4.631562997
Their life-changing injuries are identical. But their compensation couldn't be more different.,-4.454566667
"Every time some charity asks for your money, ask them if they do it like this.",-4.642376349
Best use of food coloring ever.,-4.649965671
"Marry an older man. Not just grandma's advice, in some countries, it's the law.",-3.948298208
Is this cartoon character (that's actually a machine) a boy or a girl? And why it matters.<br>,-4.646847628
They both lost an arm. But one guy's workers comp was 10 times the other's.,-5.129898715
"As they read mean tweets, a laugh track plays. But it's not funny.",-4.271582673
The first tweets? Audience goes wild. By the end? No one's laughing.,-4.041126802
John Oliver covers a massive college sports scandal that made my blood boil.,-4.725116123
"Hold the pickles and lettuce. And when you get burned on the job at McDonald's, here's some mustard.",-5.037624119
"The Supreme Court allowed them to discriminate for 20 years. This year, they changed their mind.",-4.392651805
Her job didn't exist before. Now it's changing her whole town.,-5.066298338
Her job didn't exist before. Now it's changing her whole town.,-5.099188691
Take 2 minutes for the funniest commercial about guns you'll ever see.,-3.943293648
This new website about guns makes me wonder whether I should be relieved or scared sh*tless.,-5.11976647
What if you only had this crucial resource about 9% of the time?,-5.168436446
"It's the side of extreme weight-loss you won't see on TV, but that's why it's needed",-3.488730761
"Oregon's Governor just did a thing that could change everything for voters, if other states copy it.",-4.477568699
Her name was 'Essence.' This is a little story about making her essence felt in her community.,-4.970052735
Your first love story started long before romance. This is how to write a great final chapter.,-4.672372838
"An analysis of 1,500 films resulted in 1 disturbing conclusion.",-3.722060682
"Yes, this is a man in a women's restroom. Why? To protest men being forced to use women's restrooms.",-4.371512369
The way we grow food is causing a ruckus and we have a way to make it all good,-5.920603048
Her name was 'Essence.' This is a little story about making it felt all around her.,-4.851360397
The boy didn't want to blend in. He wanted to stand out. And they made it happen.,-4.450199961
"A bankruptcy lawyer shows up at a 'right-to-work' hearing. Believe it or not, hilarity ensues.",-4.178638575
A chilling new PSA takes on sexual assault through fresh eyes: Yours.,-4.18724459
The most convincing argument I've heard for raising the minimum wage. From a rich guy.,-4.512400636
The little girl in this story is no longer alive. But she's still the star.,-4.06815929
A profanity-laden take on life from an 87 year old who pretends she's 88,-3.80768368
A toy company published beauty advice in its magazine for kids. She set them straight.,-4.879222052
"Someone asked him about his body issues, and he explained why he has them",-4.085904486
The spectacular fall of Rep. Aaron Schock,-5.119385407
"These women's husbands don't believe it takes so long to get water. After I heard them speak, I do.",-4.671817968
"What does childbirth look like? For Doris, it was far from clean. It was a bacterial nightmare.",-4.728567064
"When these astronauts described how it changed them, I got goosebumps.",-5.714593391
The faces on paper money haven't changed since 1929. You know what's missing? Women.,-5.431465621
A new app gets you buzzed every time you're near a place where a woman made history.,-4.75017619
"12 years ago, we invaded Iraq. Here's what Baghdad looks like today.",-3.915854041
"When they left the Earth, they looked back and saw us all in a way only a few can explain",-4.913250893
A black guy who dates outside of his race experiences a heart-dropping letdown moment.,-3.576097382
"He was yelling for help, asking for the beating to stop. Now his classmates have his back.",-4.426318014
"I'm never emotional when I see people eating, until I saw Carmen.",-4.789621257
A company in Italy figured out a genius way to make graveyards obsolete.,-4.217404655
"She's 34, 5'3, and 175 pounds. The world tells her she's not supposed to tell you that.",-3.681748828
2 designers in Italy came up with a genius plan to make graveyards 1000% less creepy.,-4.186040716
"This business is like a giant cancer in the north, and 100 celebrities want to stop the bleeding.",-4.495107273
See how one woman's life changed forever when she got a bathroom.,-3.578249826
Upworthy failed one of our own employees. But we learned a lot from it.,-4.629505804
These kids aren't all right. 7 photos show you a world of change.,-3.646995002
Even brave husky guides in the Arctic just want their moms at times.,-4.260205853
This is the most important 20 seconds of Monica Lewinsky's TED Talk.,-3.500007565
3 big problems we have because Americans eat more of this than just about anyone.,-3.878632179
She's not saying you have to stop eating it. But eating a little less lets 3 great things happen.,-3.744413743
People around the world list reasons to feel happy. What's yours?,-5.035267682
2-year-old Charlie died in an accident his dad didn't know could happen. Now he wants you to know.,-3.922349253
People around the world list reasons to feel happy. What are yours?,-5.333227182
They resisted the dam for decades but now that fight may be over.,-4.789257859
You can use your smartphone to determine if your child has a deadly form of cancer. Here's how.,-4.388383935
We like to build big things. But big dams have a price no one should have to pay.,-5.476463552
"They fought against this dam for decades, but the end is now in sight.",-5.28175235
"They compared Wall Street bonuses to the total earnings of every minimum wage worker. Oh, it's sad.",-5.268594265
Now *that's* what I call an acceptance speech. <br>,-5.041990396
NASA made an adorable video explaining climate change. You'll heart it.,-5.069909986
"Yo, this ice shelf the size of Rhode Island disintegrated in, like, four months.",-5.945182598
"I heard Rick Scott banned the term ""climate change."" I doubted it until I saw this hilarious video.",-4.130457072
She can't study or start a family all because of what happened at 15.,-4.697098029
"They compared Wall Street bonuses to the total earnings of every minimum wage worker. Oh, it's sad.",-4.873225422
"If you've heard one story, you've heard 'em all, right? Nope. That'd be myth #1.",-4.946311309
How many extra tabs do you have open on your computer right now?' It's a serious question.,-5.158305393
A look inside a Cambodian garment factory. It's not how I thought it'd look.,-4.588140759
Compare Wall Street bonuses to the total earnings of the everyday worker. Go.,-5.370148312
One of these experiments forever changed the way medical studies happened. The other created heroes.,-4.723614941
"You've probable heard about one group of black men from Tuskegee, Alabama. But likely not the other.",-4.635125185
What the president did right when he stopped by to ask these Girl Scouts about their science project,-4.502522038
The way we reward people for hard work is hurting the economy.,-5.59471138
What the president did right when he stopped by to ask these Girl Scouts about their science project,-3.195389738
She can't study or start a family all because of what happened at 15.,-4.304669993
"When the president meets with caped crusaders, it usually doesn't turn out this adorably",-5.108288767
California has 1 year of water left. This is how we can solve the long term issue.,-4.784203514
A time lapse video that allows you to watch the earth breath. It's wonderful.,-3.99809988
"As you lay dying, what moments will you remember?",-4.772063256
It's hard enough being a girl. It's even harder when you're denied an education.,-5.579729826
"When his wife died, he was heartbroken. It took him 22 years and a hammer to honor her memory.",-4.314612187
"He made some mind blowing art but no one knew about the ""problem"" that started it all.",-4.840951492
A straight guy shares the hilarious story of when he had to come out to his parents.,-4.264265606
New concept: You're only allowed to be colorblind if a doctor says so,-4.980057582
The health risk of going to school for kids like Rhett Krawitt is messed up. And avoidable.,-5.385491774
She needed a good meal. When I saw how her mom made that happen — wow.,-4.697040111
Let me show you what discrimination looks like in real life. It hurts.,-4.625572873
"What do grizzly bears, bald eagles, alligators, prairie dogs, and cornflowers have in common?",-5.414166166
Watch this Dallas sportscaster take a powerful stand against domestic violence in football.,-4.596307499
"She still doesn't know who posted, ""Bash that bitch's head in."" But she knows they meant her head.",-4.598412712
"This guy just won the 'Uncle of the Year,' award, and it's not even close.",-3.576397126
"Even after you listen to his whole think, you'll say, ""But sugar *does* make my kid hyper."" Nope.",-4.939516613
"What does childbirth look like? For Doris, it was far from ideal. She was luckier than most.",-4.462786165
"Cuba's known for many things, but when I heard about their doctors — incredible.",-4.633539456
"In a few years he'll graduate — debt free and be a doctor. Yep, I'm jealous.",-4.473141423
Here's an inside look at the viral skeletons video that brought joy to the Internet.,-4.66131902
"How the TSA “scans"" us at airports and why it means nothing for security.",-4.947137501
We can all learn something from how Maya Angelou dealt with a young rapper named Tupac.,-4.103013347
How the TSA 'scans' us at airports and why it means nothing for security.,-5.015673088
One way the TSA scans us at airports is about to be tried in court.,-4.279440046
"Penélope Cruz stars as water. Beautiful, ancient, and everlasting.",-4.834448726
The discoverer of this fuzzy ball of yarn is about to become the first person to see it up close,-5.225149124
The man who discovered Pluto is about to become the first person to visit it,-4.720282993
Remember Pluto? Probably not like this.,-4.895214331
"For years, the world has approached anti-rape programs all wrong, but Kenya set things straight.",-4.806217751
The story here is sad but beautiful. Whose is it? Water's. (Penélope Cruz narrates.),-4.413910847
These two guys are going to live in a tiny tin can in space. For a year. <br>,-5.481373947
"He's going to live on the Space Station for a year, so that someday we can all live on Mars<br>",-5.560938008
"The magic power of self-healing cats, explained.",-4.872731839
If you think zombies are only on TV you gotta hear this guys stories.,-5.148757582
"A short video recaps 25 years of the Internet. We've gotta admit, it's pretty exciting. What's next?",-5.08338997
A scientist watched a bunch of male baboons die. It revealed something fascinating about men.,-3.179778181
"When this little girl lays the smack down on the school board, the adults can't get enough.",-3.680677594
Talking about privilege can get awkward. A caterpillar and a snail make it easy.,-4.543542154
"This animation is the best, most non-confrontational way to talk about privilege",-4.261196197
Penélope Cruz takes on a role as ... water. She makes a powerful point.,-4.540073369
A 9 year old goes in on standardized tests and ends with the best mic drop of all time,-3.221486792
These tiny creatures are some of the scariest living things on Earth.,-3.597188842
A gay couple wanted to adopt a baby. So they did something a little out of the ordinary.,-4.724856172
A comedian went on TV and viciously insulted a fellow comedian. Here's her eloquent response.,-4.258718495
These students know a dirty secret about how their school makes money. They want you to know too.,-4.850769389
The guy taking over for Jon Stewart is absolutely hilarious. Here's the evidence.,-3.646664163
"When a black person and a white person get together, there are some things to consider.",-3.90261177
Kenya's unique approach to rape prevention should have the rest of the world taking note.,-4.319425629
They came on the air promising real stories of real women. Now they're just embarrassing.,-4.652494074
"In 2016, there will be two elections. 99.95% of you won't get to vote in the important one.",-4.207219149
"His film won him a trip to the White House, but what he really cares about happens back home.",-5.26663011
"He's over being called “illegal"" so he wrote the realest manifesto I've heard.",-5.170236929
It's an open secret among the members of her platoon. It shouldn't have to be a secret.,-4.304801922
They came on the air promising real stories of real women. Now they're just embarrassing.,-4.40097856
Folks in this city survive on $3 per day. He calls the city home and is trying to help.,-6.139165903
"Using his camera to learn more about himself, this teen ends up teaching Obama about the Navajo way.",-5.180072268
"If you get down about your work, a little Lego guy has some advice.",-4.82637246
"He's over being called “illegal"" so he wrote the realest manifesto I've heard.",-5.167762905
Indiana passed an anti-gay law. They're just finding out how badly they screwed up.,-4.70219879
Does being a perfectionist get to you? A little Lego guy has some advice.,-4.687870482
"They don't want us to feel ""normal"" so we'll keep buying sh*t we don't need. She says: ENOUGH.",-4.565110096
This superbug has killed thousands. Two scientists just killed it with a 1000-year-old remedy.<br>,-5.159305143
"Some words need to be ""retired"" from our language. Here's my #1 choice.",-4.684880198
"Look really closely at this river, and you just might see what the big developers see.",-4.021981629
A ripped guy and a not-ripped guy are in their undies and I love it. They both have great bodies!,-4.462478424
A ripped guy and a not-ripped guy are in their undies and I love it. They both have great bodies!,-4.288464925
"Superbugs like MRSA may have just met their match thanks to this 9th century potion. Yes, really.<br>",-5.160303895
This robotic bear can tell when a child is in pain based on how hard they squeeze its hand.,-5.38038232
An anonymous person complained that their school doesn't have a club for white people. Bad move.,-4.438254767
Sometimes the weight of the world feels pretty heavy. That's when you could use a pep talk.,-5.243760607
This robotic bear can tell when a child is in pain based on how hard they squeeze its hand.,-4.853289551
"Well, Indiana is sure gonna be sorry now. First Angie's List and now Ron Swanson? OUCH.",-4.192878551
"No one should be called ""illegal,"" so I applauded his powerful statement.",-4.93252765
"A Utah town's solution to homelessness is so good, every state will be mad that they weren't first.",-3.574045049
"""If you're against it, you're against jobs ... For it, you're against children."" Tough call.",-4.068388714
"When one stadium announced LGBT Pride Night, angry fans sold their tickets. So she bought them all.",-4.396866951
Celebs reading mean tweets it's hilarious. Homeless reading mean tweets? Not so much.,-4.328993993
How a doctor gets them up in there — and other important facts about IUDs,-4.49807978
Twitter is supposed to be fun. But for these homeless folks it's crushing.,-4.093100007
A gay love story set to a straight lyrics show that the feeling of love is universal,-4.297409084
"Growing up, Alfred was so full of hate. But now he's channeled that into something amazing.",-5.154798375
This is what California's water problem looks like. And here's how we fix it.,-4.263703681
Every year her daughter's birthday party is in the hallway. Here's why.,-3.945985161
3 selfies shared by Chris Rock are just one more way he's demonstrating racism still exists.,-3.173451419
"The huge price one comedian paid so that George Carlin, Richard Pryor, and others could make it big.",-4.211750879
"Her speech was great, but I zeroed in on the list of names she gave. Some really important women.",-5.16085991
Helen Mirren says what every woman who's ever been on a crowded train has been thinking.<br><br><br><br>,-3.41012526
Every birthday her daughter asks if her party will be in the hallway again. It is.,-3.681828511
These students know a dirty secret about how their school makes money. They want you to know too.,-4.093502457
"He's only 10, but he just gave Florida's legislature a powerful lesson in discrimination.",-4.504074069
"You should have learned about them in middle school, but you probably didn't. So here goes.",-4.196458054
These 2 elderly Holocaust survivors are living proof that it's not enough to just survive.,-4.656630133
"His wife said he was crazy. His rabbi said he was too old. But his friend said, 'Let's do it.'",-4.418840608
The NFL just hired their first female ref. Here's why that's huge news.,-4.640190769
John Oliver finds out just how easy it is for the NSA to see you naked.,-3.421484036
A black man sits down at a diner to eat. The white patrons are shocked. Then the owner steps up.,-3.080063152
"He takes down climate change deniers using only air-quotes and the phrase ""so-called"".",-4.083590426
Can't imagine what it's like to live in Uganda? Let this show you.,-4.358968715
"A 'woman' at 12, married by 14, pregnant by 15. But WAIT! Rewind that and let's do it again.",-3.864400834
"As the cost of college skyrockets, one school has a radical new plan: a free education.",-5.077421288
You can get paid to reduce your carbon footprint? I'm listening…,-5.480883991
Modern day human slavery takes many forms. Here are three of them.,-3.810649537
"When one employee saw these baby clothes, he almost lost his cool. Thankfully the store listened.",-3.449112272
A college just approved a $2.50 fee per student per semester. It made a lot of students happy.,-4.559247998
A massive corporate power grab is about to become law. You need to know what's in it.,-4.812676966
A famous rock star has an inspiring message for the poorest youth of America.,-4.184763498
What's it really like working for minimum wage all day? Let's hear from those actually living it.,-4.511835831
Some are trying to humiliate SNAP users with weird restrictions. Like being broke isn't hard enough.,-4.538792938
The surprising way a country that was closed off to the United States has dealt with scarcity.,-4.500550137
"For power companies, it can be cheaper to pay customers to use less power than to sell it to them.",-5.913748676
Michelle Obama's instantly classic speech at the 'Black Girls Rock' Awards is a must watch.,-4.283461162
"82 years ago, we legalized a dangerous drug. It was a good idea.",-4.389595954
"This 6-year-old's film was so important, President Obama showed it at the White House.",-4.227204826
Dancing With The Stars' becomes poignant when a gay star dances out his pain.,-4.236559892
"They haven't had a new bike in decades, but that doesn't stop them from using what they've got.",-5.289949117
President Obama was interrupted by a bunch of bees. He responds with some pretty solid advice.,-4.601015225
This company's clever software has power companies paying YOU.,-5.254763469
This music video beautifully captures a major education problem we have in the world,-4.362473976
"If you don't know why Apple's diverse emoji are big deal, there a study for that.",-5.390032575
"Until the video of this man's murder went viral, his killer walked free.",-5.620642382
The women sit in a circle and put money in a box. Then they do it again the next week. It's genius.,-4.784203514
What parents want their black sons to do when they're stopped by the cops.,-4.540073369
A thought out explanation of privilege in America from the mouth of a Southern good ol' boy,-4.021184507
"Until the video of this man's murder went viral, his killer walked free.",-4.560707853
"Two comedians walk into the exact same job. One gets $60, the other gets $10.",-3.592049428
It started with extras from her pantry for the neighborhood kids. Then it spread like wildfire.,-4.523556477
New evidence suggests the Brontosaurus could be real after all.,-4.575213744
The Daily Show's Samantha Bee did an eye-opening report about rapists and parental rights.,-4.116407077
The Daily Show's Samantha Bee did an eye-opening report about rapists and parental rights.,-4.083903773
Workers across the U.S. are walking out on their jobs on April 15. Here's why.,-5.469052451
A mom in the U.S. wondered about motherhood around the world. Here's what she found out.,-4.318493897
A look inside a Cambodian garment factory. There's a pretty sweet health program in there.,-4.651899025
A woman who's 'wobbly' talks about why the idea of 'normal' is actually pretty toxic.,-4.475567574
A carpenter makes toys from garbage while living in a refugee camp.,-4.724856172
"Capitalism's gotten twisted. Thankfully, we have options.",-6.66262171
"Capitalism isn't working the way it should. Thankfully, we have options.",-5.280783592
"Capitalism's gotten twisted. Thankfully, we have options.",-4.964771877
Racism explained by a good ol' Southern boy,-3.671652714
Here's a fact about trees that uses soccer in a really angering way.,-5.233651853
This brilliant company is turning bigotry into something beautiful,-5.166771579
This brilliant company is turning bigotry into something beautiful,-4.589685054
Have you heard about what's happening on April 15? Because it's not just Tax Day.,-4.845709929
4 people who inspired me not to be a Debbie Downer about water,-5.347859128
Water is more than just a liquid. Here's how we save it.,-4.908335225
"90 seconds of inspiration you might not need, but someone you love does",-4.936951635
"He's been trying to prove it for 50 years, but this scientist still says tornadoes can save us.",-4.50694465
"Mad Men' is a feminist powerhouse, even if some people don't see it that way.",-5.104975306
A doctor who earns no money for taking care of patients say he gets all the compensation he needs.,-5.003449041
She carried her mattress to protest her rape. A nation joins her — for the second time.,-4.394449155
He told her that her body was shameful. She decided to be proud of its power.,-4.124898637
John Oliver and Michael Bolton perform a hilarious tribute song to the IRS.,-4.446304705
This is what all chemistry classes should be like.,-4.489592164
He told her that her body was shameful. She decided to be proud of its power.,-4.004906
What if cancer could be treated with bubbles?,-4.918973623
"Using Lego bricks, an economist demonstrates the tax code's impact on income inequality.",-4.819058922
She carried her mattress to protest her rape. A nation joins her — for the second time.,-4.873225422
"He's been trying to prove it for 50 years, but this scientist still says tornadoes can save us.",-4.108424083
She wanted to eat better on tour and found out that taste is a mind game.,-4.577583856
Some people think the minimum wage should be $15. Let's see how it stacks up to the current minimum.,-4.480475019
"Using Lego bricks, an economist demonstrates how taxes impact income inequality.",-4.255973265
When a PSA from the 1970s can illustrate a problem still happening today. that's a PROBLEM.,-4.754328834
"They've produced 50,000 beautiful stories, but StoryCorps is far from done. They want yours!",-5.881801861
Men have an issue with her face and she's not even trying to make one,-3.850147602
She told a little girl that everything would be OK. The little girl was herself 10 years ago.,-4.078028603
"3 words changed his life: 'You have cancer.' Now 3 more, 'Take another step,' keep him going still.<span></span>",-4.997462493
Get to know a VSLA. They're popping up all over the place.,-4.525573115
A massive corporate power grab is about to become law. You need to know what's in it.,-5.011869101
"If you think $15 is too much, this parody of McD's advertising might make you finally understand.",-3.943974605
A movie theater handed out free water that was impossible to open. Why?,-3.552860498
"Everyone thought his ideas for making ice sounded crazy, but now he's a national hero.",-4.55289722
"Everyone thought his ideas for making ice sounded crazy at first, but now he's a national hero.",-4.912908403
One food bank in Minnesota figured out a genius way of getting food to hungry people who need it.,-4.733940262
"That controversial testing your child is about to take in school?  They don't have to, in many cases.",-4.680377939
A song you may have heard gives a look at why our planet is worth protecting,-4.025603168
Can all colleges everywhere please talk about sexual assault prevention like this one did?,-4.855301119
Family can't always be there. What she found at school will never go away.,-4.802280833
A movie theater handed out free water that was impossible to open. Why?,-3.516175366
"When Dave was 22, his dad came out to him. The way it brought them closer? When he told his story.",-4.639199935
A mother starts crying as she tells her daughter how proud she is. This is their story.,-4.855301119
A new kind of kindergarten design encourages kids to be their silly selves.,-4.398974049
"In 5 minutes, the daily routines of 5 very different children tell a single human story.",-4.56103988
Even mountain climber pros are having a hard time doing their job. Here's why it affects us all.,-5.115115422
They asked some people on the street to talk about their favorite teachers. The answers are perfect.,-4.865795967
White privilege' is not something to feel guilty about. Here's what it does mean.,-4.313959884
"She used to sneak out to see him, or hide away to phone him in privacy. Now she's miserable.",-4.050650089
Meditation can be done by anyone just about anywhere in as little as two minutes a day.,-4.731207351
She went to war but felt weird when she got home. Then she found this.,-3.827361806
"He is a hard working, American man. They fired him because of his gender.",-4.079054128
A new tactic on the homeless shows that a police department cares,-4.348694212
Two Girl Scouts spent years telling the world about palm oil. Here's what they want you to know.,-4.294436578
"If they keep farming this way, they'll ruin their country. If they stop? They destroy their lives.",-4.339722742
The creator of a famous TV show criticizes a major U.S. policy to the president's face.,-3.955480485
A restaurant in Arkansas posted a funny sign that mocks the state for its anti-gay stance.,-3.324935397
"Igiugig, Alaska. Population: 70. Here's why it's a role model for America.",-4.558998542
An 8-year-old girl rescued from abusive parents wrote the sweetest note to her social worker heroes.,-4.066670456
"Working at tiny scales, scientists transform gold into something even more incredible.",-4.292449987
Your daily dose of feel-good: Kid President discusses the future in this delightful video.,-5.026557247
The vaccination rate in Somalia is higher than in some U.S. schools — and other important info.,-5.585249158
"A little girl's mom had no formal education, but she taught her a most valuable life lesson.",-4.797792047
"She was sold as a sex slave for $73. Then she was sold again. And finally, she was rescued.",-4.507434846
He met dozens of kids who didn't have shoes. So he invented 5 pairs in 1.,-3.765280713
"George Lucas just pissed off his neighbors, and I couldn't be happier.",-3.842290945
Nanotech transforms a glittery treasure into a medical wonder.,-4.992948944
The man who found the Titanic made a discovery during his latest adventure: a beautiful whale.<br>,-4.483128093
What seems like a small indignity at first soon becomes a huge blow to your self-esteem.,-3.952460116
It's a 4 letter practice the FDA lets food companies get away with. It could be deadly.,-4.82734357
The man who found the Titanic made a discovery during his latest adventure: a beautiful whale.<br>,-3.947390149
The man who found the Titanic made a discovery during his latest adventure: a beautiful whale.<br>,-3.849646851
"He starts with an apology for ruining the earth, but then watch him take it back.",-4.52708293
"George Lucas just pissed off his neighbors, and I couldn't be happier.",-4.303299885
A war veteran finds the perfect treatment for PTSD on a mountain with his dog and his cat.,-4.85127393
The consequences of fracking revealed in a simple kitchen test. Holy smokes.,-4.342786313
"Most workers have the same rights, right? Umm … no.",-5.149262377
The story of this young cyclist shows that no team has ever ridden for a more worthy cause.,-5.244095812
"After he was raped, he made a list of people that love him. He made sure to put his name at the top.",-4.361973976
Meet the app that watches the forest when no one else is,-5.163208375
Nursing home residents are certain this tiny dog is from heaven. After seeing her in action I agree!,-4.124476712
A Muslim family was being harassed on the train. So a stranger gave the bully a verbal smackdown.,-3.659038612
Scientists have found a practical reason for turning light into sound. It's out of this world.,-4.859312154
It looks like the best way to grow crops here may be to get them the hell off the ground.,-4.807413923
Palm oil is farmed 1 of 2 ways: by burning and killing — or this other way someone just figured out.,-4.970011693
She never expected to be a farmer. But you'd never guess from the way she talks about it now.,-5.235061972
Their friends are married. They're tired of being left out. So they're telling their stories.,-5.261153795
An experiment may mean that farming can happen even where the ground's been ruined.,-4.974761355
An inventor built a zero-emissions car out of a popular kids' toy. That's not even the best part.,-5.310048289
"In 2013, Google launched a bunch of balloons into the sky. It just might be the future of internet.",-5.585275493
A teacher who had enough told her students what they were really worth,-3.792002956
Google launched a bunch of balloons into the sky. It just might be the future of internet.,-5.686975356
"14 years ago, she quit her job and started farming. Here's a look at her life now.",-4.762173935
A new drug may be life-saving. That's why these 4 families are racing to get it approved.,-6.09055545
Their friends are married. They're tired of being left out. So they're telling their stories.,-4.904874298
Couples that have been together for years talk about love. It's adorable — and heartbreaking.,-4.661630957
4 families are racing the clock to get a promising treatment approved before a son dies.,-5.397686284
Bees are in serious trouble. Part of the answer couldn't be easier or more delightful.,-5.376982608
Barbara was hired at a top notch design firm at 91. Here are 5 amazing things she's done so far.,-4.126411929
A new drug could be the miracle they're hoping for. Now they just have to get it approved.,-5.330172967
8 confessions from students in top-notch colleges that made me think differently about 'merit',-4.544531029
Right after announcing he was taking a pay cut to raise his employee's salaries…business is booming.,-4.432588278
"He doesn't ride for glory, cups, or prize money. This cyclist rides to heal a wounded nation.",-5.451543249
A new drug could be the miracle they're hoping for. Now they just have to get it approved.,-5.166771579
A massive corporate power grab is about to become law. You need to know what's in it.,-5.171718411
It's an area of feminism often overlooked. This pizza analogy nails it.,-4.139095337
A new drug could be the miracle they're hoping for. Now they just have to get it approved.,-5.378926715
Bees are in serious trouble. Part of the answer couldn't be easier or more delightful.,-5.244765885
There was a time in our history when the United States bombed its own citizens. Not kidding.,-4.192475618
"A short, punchy video on recycling reminds us of what the numbers have been saying all along.<br>",-5.501258211
"Quitting smoking is hard, but this bubble wrap-filled video gives you a major incentive to stop.",-4.683381696
A filmmaker went to the United Nations and strapped 'em into virtual reality headsets. Here's why.,-5.342837777
What happens when you ask male action stars the questions female stars actually get? Comedy gold.,-3.498476551
"A plastic bottle finds its way home, but its original owner is not so happy to see it.<br>",-4.853289551
A super-absorbent sponge and a leaf-inspired mesh could get the oil out of our environment for good,-5.910796644
The science of why the comment section on just about anything is so awful.,-5.88433479
Recycling in the U.S. hasn't increased in decades. Technology to the rescue.,-5.611910821
The science of why the comment section on just about anything is so awful.,-5.024611248
They're in tears before his bionic eye is even turned on. His final reaction is priceless.,-4.532099243
He was sued by a famous stuntman over his Kanye video. Not as impressive as what he's doing now.,-4.683881446
Ever wonder how companies sell clothes at unbelievably low prices? The truth isn't so pretty.,-3.875958751
This researcher asked some surprising experts what's wrong with US schools. Here are their ideas.,-3.995628589
"Because he sued to be on his husband's death certificate, gay marriage could become legal everywhere",-4.540569647
The whole murdering elephants in Africa thing is becoming a problem. Billy Joel is here to solve it.,-5.236695224
A 'food truck social enterprise' is a real thing. Delicious food + a bright future = win!,-4.748899404
Can you do a quick thing to help nearly a million kids in Nepal to survive the earthquake aftermath?,-5.189811814
What happens when the 'Science Guy' and the 'President Guy' sit down together? SCIENCE BRAINSTORM.,-4.640503461
Bees are in serious trouble. Part of the answer couldn't be easier or more delightful.,-4.683381696
2 brilliant scientific inventions that could clean up oil spills for good,-5.894402834
The epicenter of Nepal's earthquake is called the Kathmandu Valley. Let's fly there on Google Earth.,-4.04502609
She wanted to help teens coming out of jail. Now she's knocking it out of the park.<br>,-4.779123493
"Some songs are bad for the earth, because they're being played on instruments ripped from nature.",-5.159305143
Ever wonder how recycling works? A glimpse behind the scenes at cool technology and big money.,-5.275438584
"These girls are making such a difference in Ethiopia, even their elders look up to them.",-4.851778216
"One by one, bystanders find themselves joining this powerful, peaceful protest in Baltimore.",-4.885995471
A 'Harry Potter' fan held up a brilliant sign in front of the Supreme Court today.,-4.137069507
"While Baltimore rioted, these gang members did what no one expected -- tried to keep the peace.",-4.11458507
Leave those rocks alone. They might be a hellbender's home.,-5.023149259
Many are blaming Baltimore teenagers for starting the riots. One teacher saw something else.,-4.239423015
Moms aren't very visible in Egypt. Their sons won't even speak their names. Here's why.,-3.787848621
Did you know that the light of stars can be turned into sounds? Here's what those sounds tell us.,-5.427882571
Jason Mraz and other musicians are pleading with you to stop buying rare wood for your instruments.,-5.094081766
"A group of Swedish cops on vacation 'handled' a situation on the New York subway. Take notes, NYPD.",-3.788923665
"When the cops couldn't calm the crowds in Baltimore, over 100 clergy members started marching.",-4.47902784
"While Baltimore rioted, these gang members did what no one expected -- tried to keep the peace.",-4.407962874
A comedian's son put gas in the car alone. The enormity of that accomplishment brought him to tears.,-4.282959406
"Two sweet moments between a father and daughter, with decades in between.",-4.821990759
"Plastic really is forever, you just might not recognize it when it appears on your plate.",-5.281268088
An adorable ad shows a father looking after his daughter. But those roles will change over time.,-4.946801505
Watch a 10-year-old from the poorest slum in Kenya recite a poem straight from the heart,-4.572193354
Jon Stewart has some strong opinions about news networks' coverage of Baltimore.,-3.92684926
Two guys from Belgium took this photo. It's the first of its kind.,-4.800288304
She hated authority until she became boss. Here's how she treats her employees.,-4.810211482
"They spent 4 days in the swamp looking for a creature many thought extinct. On day 5, they found it.",-4.451125883
"Pope Francis speaks up about the gender pay gap, and thinks women should be paid the same as men.",-5.447497732
"When heroin users overdose, their friends and family can keep them from dying. Here's how.",-4.895188238
There's a big taboo in Egypt that it's not ok to speak your mother's name in public. Here's why.,-4.024596879
WATCH: Princeton Professor Profoundly Offended By Intellectuals,-4.311118665
WATCH: Laughable Law Says No Gay Marriage? Google Says Challenge Accepted.,-5.359868475
A Chart That's Giveing Harsh Realities About Vaccinations,-4.681217925
What's it like to be deaf in a world of 'hearing people?' Let her tell you.,-5.178804895
There are some great lessons about how to treat victims hiding in Law & Order SVU.,-5.495410241
What happens when teens from one of the toughest neighborhoods in NY come together through art?,-5.824688202
3 men try to win her heart. But she's got eyes for someone else.,-4.418151903
They outed her without her permission but it changed her life in a great way.,-4.863848737
Batman has PTSD but no one is calling him 'crazy'. What gives?,-5.781086393
Whether' and 'how' is not the right question. The important question is 'why'.,-5.444413719
It's hard enough being a teenager. Depression doesn't help.,-5.471300585
This test will tell you whether you're sexist without knowing it. I dare you to take it.,-3.563850402
They're afraid to air it in the U.S. But I think it's a changing Tide,-4.708862645
Matt Shepard was a friend of mine - a documentary about 1 hate crime,-5.967132446
She interviewed her 3rd grade teacher just a few months before the tragedy. Heartbreaking.,-5.304630729
"The more we ignore what's going on in Nigeria, the bigger the problem gets",-5.435735427
She interviewed her 3rd grade teacher just a few months before the tragedy. Heartbreaking.,-5.070227391
One of the 3 students killed in North Carolina made a heartbreaking recording just a few months ago.,-4.554555778
A Supreme Court justice gets asked about women in the Supreme Court. She crushes.,-4.518819748
"The friend thinks it’s nice, but it sounds just like ‘You don't fit in’ to the teen hearing it.",-4.587268976
The first 30 seconds show how hard it can be to be a kid. The last 30 are why you shouldn't give up.,-5.453676108
They're taking them out of prison and sending them right back in. And I'm 100% on board.,-5.050193332
Know someone going to Sao Paolo for vacation? Here's a 2-minute primer for them.,-5.8194233
"Sometimes calling something ""pet"" or ""wild"" just doesn't capture the beauty of a relationship.",-5.708642441
"One of the best policies for companies on Facebook is to engage with fans. Well, most of them, anyway.",-5.08205796
Getting people water to survive takes more than a shorter shower,-6.920671504
These Vegas students want education but one mom thinks they're full of it,-4.903985703
The fact that this specialty magazine is still a thing shows how sexist America still is.,-5.465460205
The double amputee who's made history just by thinking about moving his arms,-5.319099906
"She doesn't think kids need sex-ed, and that's why the Daily Show is laughing at her",-4.184807423
"It has a 1-word chorus, but it may be the most necessary Oscar-nominated song of the last 10 years.",-4.615803111
See how one guy dealt with his best friend being stabbed to death.,-5.091810963
The unfortunate thing is that the punchline is something women are actually saying every day.,-4.958840621
Your anti-vaccination deal is hurting poor people. Just thought you'd like to know.,-6.084499413
He's able to control his new arms just like his old arms. With his mind.,-6.447305863
The unlikely company that's banking off government handouts should be FOX's next target,-5.84547492
"She got people to drink water previously infested with mosquitoes, and it's kinda amazing how.",-5.585203668
It's hard to think we're running out of water when we're swimming in it halfway around the world.,-8.027802848
Here's what it would look like if an obnoxious TV anchor's questions were pointed in the right direction.,-4.30899688
"His name is Zlatan Ibrahimović. When you see him, he wants you to think of 805 million people.",-4.461299816
"After you hear what he has to say, you will probably never ask for guacamole the same way again.",-4.510859507
"He stayed the same, but my perception changed. 1 easy way to help someone.",-5.629907576
"In the 1970s, the 'Batman' TV show and the :abor Department teamed up to beat an evil foe.",-6.159592715
Some say they're against abortion. Then why aren't they all for funding contraceptives?,-6.601353629
"From daycare rates many can't afford to unfair pay, President Obama lays out how women get robbed",-5.926672025
"If we're only thinking of sustainability in terms of packaging and recycling, we're doing it wrong.",-5.88455963
"Some protein shakes aren't as harmless as you might think. Thankfully, there are alternatives.",-5.208843066
"To be privileged is one thing, but to be black and privileged is what concerns his parents.",-4.441649503
These idiots spray-painted a swastika on the dumbest location possible.,-2.995478434
"They became emotional when their 'before and after'. I admit it, I did too.",-4.205703997
"She believes we’re conditioned to be afraid. So her motto, naturally, is 'F*ck fear'.",-5.486747678
They're here. They cheer. They're scientists.,-5.150896862
"Justice was upside-down, and we still don’t seem to know which way is up.",-7.206129981
"A dad won't let his child wear a dress to school, but then he changes his mind and it's fantastic.",-4.237659808
Numbers don't lie. Hollywood would make even more money if they just lost the stereotypes.,-5.137587118
"The surprising pill that could mean extra money for our school system. Yes, really.",-6.909610699
"3 major reasons to start talking about mental health. Like, now.",-6.385194399
"The bully punches him in the face. Later, he follows the bully home, and it all suddenly makes sense",-3.431984701
Why the millennials of the world could be the key to ending shame about mental illness.,-5.723333688
Actresses are asked to bring “easy access skirts” to a casting. WTF?! *Facepalm*,-3.672509074
Here's a place south of the Sahara where getting water can kill you,-5.494029263
A transitioning male reproduced Adam Levine's nearly nude photo to prove a point. It worked.,-4.145838095
2 trans men made a very clear point with their very pointed photo shoot.,-3.549383314
2 trans men made a very clear point with their very pointed photo shoot.,-3.538082176
He started a blog about what an American Asian’s allowed to be. Now he’s got a hit show.,-4.928502281
Teachers are working hard. Why does every education improvement seem to make their job harder?,-6.725513719
"Stop having sex today, and the FDA will let you give blood next year. #celibacychallenge,",-5.164288956
A short film devoid of white people? Don't celebrate just yet.,-4.408956663
"I had some weird birthday parties, but none that started an outbreak of an ""eradicated"" disease.",-4.740450049
A funny-but-true lesson on why we seek to blame when things don't go right,-4.877543365
The beautiful love letters survivors of sexual violence wrote to themselves.,-5.964765115
How would you like to make $1500 less a year than somebody else doing the exact same job?,-5.741189951
"26 directors, screenwriters, and camera-folks have Oscar nominations. None of them are women.",-5.240602359
Remember how you felt about yourself as a teen? Now imagine the internet voting on it.,-6.311176228
The dug up a video of his speech from 50 years ago. It could have been given yesterday. Eerie.,-5.424950017
Ever heard of ‘Right-To-Work’? Ahem ...,-4.719734371
A social experiment to see what would happen when family members became 'homeless',-4.993900297
They ignore their family and get a lesson about being homeless,-6.031392024
He was right about the cops 50 years ago. We didn't listen.,-5.16979085
Malcolm X was right about the cops 50 years ago. We didn't listen.,-4.923695216
Getting through high school is as much about who you Like as who you like.,-5.509109085
He put inmates in a room with nothing but a camera and asked them to talk about their crimes.,-4.924265423
"What 1 year of watching media does to our children, and how the Oscars can help",-5.710283039
Old MacDonald had a farm and treated his animals and crops like crap,-6.330269226
This one time on probation... All these people got together and transformed a community.,-6.022877711
Many people deal with trauma. Some heal it through pole-dancing.,-6.014091237
Dear Oscars: It's time for an intervention about that race problem. It's going to be OK.,-5.10425271
How to get some actual diversity in the Oscars,-5.573842509
Where do good ideas come from?,-6.538139824
Dear Oscars: Can we talk about your little race problem?,-5.263183529
"Whatever you think about the Oscars and race, you should probably learn this stuff.",-5.169503891
The first part these kids act out is cringe-worthy. The second makes it all better.,-5.496973046
Hunger is a worldwide problem. What if the solution is simple?,-6.589319405
They claimed the racist signs were an accident. He doesn't buy it for 1 second.,-4.28193391
"They expected a cute performance, but what they got was a compelling case for better food.",-5.606047134
"What's happening with our prisons is probably not what you're concerned about, but it should be",-5.418730685
The kids aren't all right. 8 photographers share their takes on children in a whole new world.,-4.248191244
Money can't buy happiness? Bill Gates respectfully disagrees.,-5.579729826
"Turning oppression into opportunity for women worldwide? All right, I’m listening…",-6.946563819
"If you're ready for our country to try a new way of doing business, you'll be so happy for the news.",-6.058435769
"Obama's come out swinging. If he'd acted like this before, where would we be?",-5.44826568
What if you could help blind people see? You can.,-6.933747859
He says 16 words about sexual assault that might change everything you think.,-5.57636989
What if you could help a blind person 'see' when they need it most?,-6.482133845
Blind folks can do many things that those of us with sight can. But we can help them do more.,-5.922988459
"Obama has wielded this superpower only 3 times, and lots of people are pretty happy he just did.",-5.934476397
The assumption that good people make about injustice that makes everything worse.,-5.692923731
When my father-in-law talks about 'spending wisely' when working for peanuts ... He has no idea.,-4.848472807
"After so much pain, he finally got the call he desperately wanted: His mom told him to come home.",-5.783825182
Nearly 75% of our crops have vanished in the last 100 years. Where the heck did they go?,-6.512825389
"The lab coat guy sounds pretty legit, but really? He's just scaring you into doing what he wants.",-6.495951945
"Their name is Jacob, and here is their story.",-4.919154252
"There's a lot to be happy about. For example, polar bears.",-8.883640233
Meet the 10-year-old who's turning her lemonade stand into a multi-million-dollar business.,-5.636411664
One guy reaches and grabs her arm. The other makes a split-second decision that changes everything.,-3.701658722
"One kid tells him he's 'too skinny to be Captain America.' And yet, he is Captain America.",-5.150567725
Nothing is lost in translation here.  Denying girls an education is wrong in every language.,-6.045343781
"Here’s why scientists think playing music works a brain like nothing else. Oh, and also, yipes!",-5.390423767
Are women the only ones who suffer when laws restrict their own family planning? Not by a long shot.,-5.631211782
Here’s a paycheck for a McDonald’s worker. Here’s my jaw dropping to the floor.,-4.154587366
A terrible thing happened to this 20-year-old woman. Their wearing skirts to tell the world.,-4.211962975
It's okay to pat ourselves on the back. Especially when we accomplished everything in this video.,-5.82008293
A feminist comedian performs burlesque for equality. (Hint: not your average striptease).,-5.045460396
Doing something you give a rat’s @#$ about every day is no fun. But how do know what you WANT to do?,-5.398162702
Insurance companies refuse to help people with eating disorders. This survivor thinks they should.,-6.530391601
In 90 seconds one politician shuts down any debate over girls rights to an education.,-6.068756221
So maybe being a parent isn't all giggles and fun. It looks impossible.,-5.361917948
"It's like a GPS, a magnifying glass, and a flashlight. For the blind.",-5.576293396
Fast forward through her life for the awful ending. Then do it again to see the potential.,-4.20532754
President Obama has a gift for a quarter million 10-year-olds.,-5.448393824
"A dad writes a problematic letter to his unborn daughter, then fixes it",-4.658797119
Real doctors sound off on the vaccine debate on late night TV. It's golden.,-4.810856113
Why do so many colleges not help rape victims? The reason: Money.,-4.977742485
This Philadelphia pizza parlor found a scrumdiddlyumptious way to show its 'brotherly love.',-5.878723924
It's time we talk about the way 'men being men' makes it harder for a woman ... to be.,-4.776375767
Ever wonder why musicians are so intense? They throw parties in their brains.,-5.77993097
Here’s why scientists believe learning to play music works a brain like nothing else. P.S. Yipes.,-5.48180491
A solid reality check about your place in the world.,-5.877735782
"This just in: The police have a hard job - and very, very vague rules.",-6.020861524
The game-changing documentary that's rocking China right now started with her unborn baby's tumor.,-5.261686844
What if the ability to see could be crowd-sourced?,-5.660145676
"There are 70,000 bridges in America that are 'structurally deficient.' Some really big ones too.",-4.474789475
She made a 2-hour documentary about an important issue. These 3 images drive the point home.,-4.985442556
Some demand that women who've had abortions show remorse. But what about when they don't regret it?,-5.084584523
"When climate change came up over dinner, things went sideways fast.",-5.43080655
Why the creator of this almost-censored Chinese video can't breathe easy just yet.,-4.36846101
How São Paulo will collapse if it won't act on this water problem soon,-6.338112112
Many of us can just turn on the tap and fill our glass. She can't.,-5.58005791
The town of Matagalpa didn't have clean water. One of their own decided to change that.,-6.551873671
Skeptics have all kinds of reasons why climate change is no biggie. Check another one off the list.,-5.747211594
23 people a day die from this illness. But insurance companies don't really care.,-4.773836846
Sharks are pretty nice to us considering how many we kill every day. Here's how it's going down.,-6.002569327
Can a little bit more CO2 really do that much damage?,-5.478803907
"What if you could help the homeless by electronically funding the purchase of shoes, clothes, etc.?",-5.660477241
His mom died. His dad was into danger. At 15 he had to escape.,-5.308779686
Take a look at the heavy barrels these women push just to survive.,-6.563855527
More kids went to school. People got healthier. What did it take? Fixing a couple of wells.,-6.551692393
"If superfit brains were as sexy as superfit bods, their brains would be in Sports Illustrated",-5.506298935
Social media and technology have failed some children. But these kids? They win the internet.,-5.267285257
Are you really a good person for buying organic apples?,-6.616829857
This NFL player is breaking the stigma around mental illness,-5.482026849
This is what deforestation can do to your city and your water supply.,-8.285765421
He shows you 1 chart that explains why it took so long to load this page.,-5.42724579
"He did an experiment to see what it was like to have Alzheimer's. By the end, he was in tears.",-4.352017334
"EXCLUSIVE: 'Under The Dome,' the viral anti-pollution video from China, translated to English.",-5.390658717
These 10 people are linked to some of the most common vaccines we have today,-5.82953368
"Their mother bursts into tears thinking about the surgery. But after, they can't stop smiling.",-4.050905225
Why are so many cities making people sick? Wake up and smell the exhaust fumes.,-5.070227391
It's definitely time to stop trying to save the Earth.,-4.665554683
#askhermore isn't just for the red carpet.,-6.141646322
40 billion hours a year. That's the time people spend to get water in Africa.,-5.486770878
I can't believe we lost the glacier.' — A guy not talking about sports.,-6.255201495
They're sharing some brave thoughts and experiences with womanhood. You may find yourself agreeing.,-8.575273402
Her powerful pop song is meant for 'all' women. Even those not allowed to hear it.,-4.354608721
"16 million kids can buy e-cigarettes legally, and no one's talking about it.",-6.225689331
A guy takes to the streets to interview homeless people. The results?,-5.041178556
"The first half was a huge downer. It all turned around, though, because of good people.",-6.025597553
"They should be free in the ocean, but they’re ‘stored’ in tanks. Now it’s SeaWorld that’s tanking.",-5.138316273
He reflects on what he thinks makes people dislike others who are different. What do you think?,-5.38907173
Can human-beings create glaciers? These guys are off to a good start.,-6.362288914
The result? 72% less chronic homelessness. The reason. Give'em homes.,-7.204644832
SeaWorld is trying to stay afloat since a movie revealed its secret.,-5.048167673
People can control how the women on this billboard look. They just have to look up.,-3.864649747
Three women from around the world speak up on the status of women's rights.,-6.070737728
This zillionaire knows why 1 city is crushing it in the prosperity and job categories,-5.964150446
"Say what you will about Cuba, but they are embracing capitalism just fiiiine.",-5.85060478
"On International Women's Day, these three women have something to say about gender equality.",-5.334006209
"When asked about gender equality, 3 women give different answers with one important thing in common.",-6.423571586
"A wage gap parody that includes all women, not just the white ones.",-5.661380951
This fake Amazon ad imagines what packages look like for black women,-4.646047351
Why is coming out as bisexual so difficult? Katy breaks it down.,-4.960430336
Terminal cancer didn't get in the way of making student Lauren Hill's dream come true.,-5.584247906
There are so many things wrong with the way girls are taught about sex. Some women want to fix it.,-4.571829824
Was President Obama's speech on the 50th anniversary of the march from Selma one of his best? Yes.,-5.733341277
"Some are stuck on history, but when it comes to money, they're the future.",-5.591847689
She was SO sick of the roles she was being told to play by Hollywood. So she made her own movie.,-4.677040634
"It's really pretty creepy, when you think about it, that lawmakers want to do this to women.",-8.14293601
"The creator of 'The Daily Show' has some scary, not-at-all-funny news for women.",-7.028496897
The amazing reason water can make a huge difference on childbirth,-5.43080655
"An analysis of 1,500 films outlined the path forward for better movies from Hollywood.",-6.478070661
"The truth about anti-choice laws is truly frightening, but letting it creep up on us is even worse!",-7.079184395
Listen to 1 man explain why he has a hard time being a feminist,-5.488694624
A man screamed at her once. But being ignored now is even worse.,-4.856937187
"Keep your eyes on the road, your hands upon the wheel ... not just song lyrics, but a good idea.",-6.007919331
"In 10 years, there’ll be no elephants or rhinos in the wild. These drones are flying to the rescue.",-5.465391694
"We don’t hear much about caregivers, but we're about to care a lot about them.",-5.587248658
What does throwing a pebble into a pond have to do with changing the world?,-6.002539358
"For the people who are making these, the biggest question is, 'Which superhero do you want?""",-5.331337578
Think all young people are apathetic and not interested in the world around them?,-6.174017559
The way she spent her 9th birthday brought her global recognition,-5.267634019
Why there are so many jobs in the water industry,-6.188720327
They’ve come up with a $$-and-cents reason for people to do the right thing. Genius.,-5.997130285
Could you support your family if you were injured on the job? Depends where you live.,-6.272247878
"When you're thinking about making a donation, find out if they know about this.",-5.66919103
"Let's be honest, who could say no to a reasonable request from a nice lady with a plate of cookies?",-6.223677954
97% of countries that committed to equality give moms paid family leave. For dads? About half.,-6.195538536
A video game machine that falls in love with a bubble? That'll be the day.,-6.2311374
Their life-changing injuries are identical. But their compensation couldn't be more different.,-5.679717443
Bullies are never easy. But Twitter is making it brutal.,-5.337309116
After each tweet the audience goes wild. So why do they look so low?,-4.535229343
John Oliver calls BS on March Madness,-5.240826417
I wonder where Ronald McDonald got his license to practice medicine.,-5.499968443
Yes! Now *that's* how you do a St. Patrick's Day parade.,-5.852423499
There are so many jobs in the water industry — but first you gotta find water,-6.199607257
An Upworthy &amp; TOMS event: Let's talk about water.,-6.259156475
See the reason these 'criminals' hate California so bad they want to shoot it.,-6.466588971
He and his friends are violent people in leather jackets who yell at women. They LOVE this website.,-5.221764938
A new app helps this Indian city distribute its limited water supply.,-6.811464619
Everyone deserves to love their body. This blogger has set out to prove it.,-4.24645234
She had a revolutionary idea: instantly being able to vote if you're eligible to vote. Brilliant!,-6.45497392
"Once they learn to read that book, they're somebody. They will tell you, I am someBODY. I can read!'",-5.84932478
Who will help you write a happy ending to your very first love story?,-5.349598756
"1,500 films were analyzed. The prognosis is grim, but there's hope.",-4.794002036
"Some politicians want to force this man to use the women's restroom, and it's absolutely ridiculous.",-4.785722502
A really cool animation about food and what you eat,-8.311152548
"When we lose somebody, we never know what they will inspire us to do. Meet Essence.",-5.981184616
They just wanted to make the boy feel normal. They ended up making him feel like a superhero.,-5.091769218
"He starts talking, and I'm thinking … groan. But he quickly gets me. I see what you did there.",-5.361861075
A powerful new PSA takes on sexual assault through fresh eyes: Yours.,-5.295312858
The video every rich and/or powerful person needs to watch on the necessity of a living wage,-5.383497357
How one family turned their pain into something that helps kids learn to read.,-6.10206133
Our society is kaput' and other insights from an ageless 88 year old,-5.74718575
This picture is in a magazine for young girls. Published by a toy company. Ew.,-5.64403247
Someone asked about his body issues and it made me wonder why he has them,-4.706666101
"How to be a corrupt congressperson, legally.",-5.82008293
"The droughts are so intense, girls as young as 7 help get water — and walk miles for hours to do it.",-6.411818268
"If a hospital said to bring your own water, how would you react? Doris was thankful.",-5.79848641
"We can't change the Earth by just looking at it, right? Turns out, wrong. Sorta.",-6.144328685
Women are on exactly zero bills. Isn't it time for a change?,-6.038993412
History's full of great women doing incredible things. But where? Now there's an app for that.,-6.304042464
You have to survive. You can't just huddle in your house all day in fear.',-5.123771949
They looked at our little planet from above and felt something so powerful they had to name it,-5.973418069
What dating a person who isn't my race taught me about living through a unsatisfying letdown moment.,-4.010596496
University of Virginia students unify behind beaten classmate.,-5.577741754
Homesickness made her cry. Then her mom teared up and I was a hot mess.,-6.314151729
"Graveyards don't have to be creepy; they can be beautiful, and one company has a plan to make that happen.",-4.717903456
She's writing a skit to make a big point about how women value themselves.,-5.74718575
Graveyards would be 1000% less creepy if we memorialized our loved ones with trees instead,-4.559509267
"The tar sands industry is a tragedy up north, and these celebrities want you to know about it.",-5.470539072
See how one woman's life changed forever when she got a toilet.,-4.940903233
How Upworthy folks learned to be better allies to one of our own.,-6.366715877
The kids aren't all right. 7 worldwide photographers share how kids are living climate change.,-4.322006194
Even super cool husky guides in the Arctic miss home at times.,-5.078418545
Monica Lewinsky: 'You *can* survive shame and public humiliation.',-5.241242983
Kate Mara from House of Cards has a way to make Mondays something to get excited about.,-4.387876836
"Binge-watching made her a star, but Kate Mara's concerned with another kind of over-indulging.",-4.141179214
"For one man, happiness was as simple as air. For one woman, it was the sound of music.",-6.342875661
"25 kids are killed and 25,000 are hurt yearly by a 100% avoidable accident. Here's how to avoid it.",-6.335813841
There are 7 billion answers to the question 'What makes you feel happy?' Here are just a few.,-6.124683391
"The Xingu River is her home, but a giant dam is about to take it away.",-5.710172273
Your cell phone is literally a medical device that could save your child's life.,-4.862808661
Her whole life has been entwined with this river. The river is about to disappear.,-5.898900593
"They fought long and hard to protect their land, but the end is now in sight.",-5.462584767
Wall Street earned it. But does the average person deserve it?,-6.685860947
"Now *that's* what I call an acceptance speech. Thank you, Kerry Washington.<br>",-5.58774791
It may just be doomed to slowly lose its habitat completely to warming.,-6.381332458
An ice shelf the size of Rhode Island disintegrated into the sea in just 4 months.,-6.095574281
"Climate change.' One man is banned from saying it, but those who *can* have a field day with him.",-4.447645025
"She felt stuck, but wasn't alone. There's 600 thousand people like her.",-5.75012765
Compare Wall Street bonuses to the total earnings of every minimum wage worker. Go.,-6.374050873
Are people homeless because they choose to be?,-6.116382562
"Stop watching this video, step away from your desk, and go do something fun *right now.*",-5.932727348
Shining a different light inside a Cambodian garment factory. A positive one.,-6.004874234
Compare Wall Street bonuses to the total earnings of every minimum wage worker. Go.,-5.913748676
There's a place in Alabama called Tuskegee. 2 very different things happened here.,-5.810142491
Some of these men became fighter pilots in WWII. The others had a disease that would not be treated.,-5.384694484
The 5 best parts of the president's conversation with these Girl Scouts about their science project.,-5.018082244
The people that kinda made the economy implode are making billions of dollars. Can you not?,-8.284756593
The 5 best parts of the president's conversation with these Girl Scouts about their science project.,-5.387879835
It's hard to study or have a family because of what happened at 15.,-5.582110307
See The President and 5 Girl Scouts bond at the White House Science Fair,-6.560626462
Let's talk turkey about the ruckus beef is causing,-7.424364148
A fun way to experience breath with the tide. Its wonderful.,-5.396587588
Life is all about moments. No one in history has been able to hold onto one. Not a single soul.',-5.698079972
"1 in 5 girls is being denied an education, and it's up to us to change that.",-7.429125117
It took this man 22 years to carve a road through a mountain with nothing but a hammer and a chisel.,-5.6098573
Feel like something is holding you back? Maybe there's another way to look at it.,-5.883828718
What happens when a straight guy pretends to come out to his parents? Comedy gold.,-4.503640706
Is being colorblind is the best response to racism? NO. Nononononono.,-5.71879739
Should parents be required to vaccinate their kids?,-6.138512138
"There's no place like home, unless your mom brings it to you in the Arctic.",-5.984711024
This is what discrimination looks like in real life. And it hurts.,-4.67560882
They needed a bipartisan effort and got one. Let's take a look at what *we* saved from a sad list.,-5.958424693
"His team signed one of the top players in the league, so why is this sportscaster so upset?",-5.987804009
She was being threatened by people who wouldn't show their faces. Her supporters signed their names.,-5.505525091
A guy wanted to do something special for his niece. So he put on a dress and took her to the movies.,-4.085686499
"Even after you listen to his whole thing, you'll say, ""But sugar *does* make my kid hyper."" Nope.",-5.084605008
Snacks. Bathrobe. Socks. Camera. ... Water? What made Doris' delivery different (yet too common).,-4.758190659
10 thousand people from 29 countries get to go to medical school for free.,-5.503587856
In a few years he'll graduate debt-free and be a doctor.,-5.717280706
An (un)likely group of people get together to smash people's notions of where love can exist.,-6.118297418
Forget driving while Black … wha'bout FLYING while Black?,-6.145160578
Dave Chappelle interviewed Maya Angelou about a time she talked to Tupac. But the story goes deeper.,-4.810211482
One way the TSA 'scans' us at airports and how it means nothing for security.,-5.495410241
The TSA is being sued for one pretty much useless way it scans us at airports.,-4.552407024
"We all need this resource to stay alive, but it would be better off without us.",-6.56667243
Remember Pluto? Probably not like this.,-5.601134327
Learn how this man came along for the ride to the planet he discovered,-5.517835306
We've never been this close to Pluto. Here's why it matters.,-5.366221927
A look at Kenya's anti-rape revolution gives a glimpse at what success looks like.,-5.605608549
We often take this resource for granted. But it will survive long after we're gone.,-6.336825731
He interviewed an astronaut before he leaves to live in space *for a year.* Incredible.<br>,-7.149131599
"Before we can all live on Mars, we need this guy to live in space for 1 year",-6.089548654
An infographic about how to reduce heart disease and anxiety with one fluffy friend.,-6.129534237
What he says about mind control proves once and for all — there is nothing weirder than real life.,-6.696293232
The web is in danger. Here's how we fix it.,-6.731733835
A scientist studied a group of baboons. He learned something extraordinary about how men behave.,-5.188356915
This 4th grader isn't just complaining about testing. She actually wants more tests.,-4.85127393
A fun animation about a caterpillar and a snail puts you in different shoes,-4.727387819
"This animation is a great, non-confrontational way to talk about privilege",-4.561193997
"The story of water, told by Penélope Cruz. It's as haunting as it is beautiful.",-5.080907347
A 9 year old lays the smack down on standardized tests and it's *epic*,-3.588667902
Mind control is far more common than scientists used to think. Now I'm worried.,-4.111852099
A gay couple recorded a super sweet song for a baby they haven't met yet.,-5.573673789
"When another comedian publicly mocked her injury and weight, she responded with this eloquent video.",-4.936951635
Got a 401-K? Do you know what your money is doing when you're not watching it?,-7.225238843
"Trevor Noah is taking over the 'Daily Show' from Jon Stewart, and that's super exciting.",-4.40097856
"When a blacks and whites get together, there are some things to consider.",-4.398314828
How can we prevent rape? Kenya is working on the answer with this unique program for boys and girls.,-5.708131976
We assumed women's TV networks would be pro-woman. Silly us.,-5.182516062
"In 2016, there will be two elections. 99.95% of us won't get to vote in the important one.",-4.73209648
People find different ways of giving to their communities. His is through a camera.,-6.133398043
"He's like 'we all belong to more than one country,' let's not make this weird.",-5.89840184
"Even after the repeal of 'Don't Ask, Don't Tell,' these people can still be fired from the military.",-6.707595564
These networks promised stories about real women. Who are *these* people?,-5.638354669
It takes a community: how one man got support from his neighbors to save its water supply.,-7.200176106
"A Navajo teen and his camera visit the White House, but the audience he really wants is back home.",-5.760356672
"There's nothing wrong with high expectations, unless they mean you quit even before you get started.",-6.383747919
"Some smart guys, like him, think  that certain laws should be broken.",-6.356851432
The backlash against Indiana's nasty anti-gay law has begun.,-5.506048639
Do the ups and downs of creativity make you feel like a yoyo? 3 rules to live steady by.,-6.352878245
"Could 'self-acceptance' help fight climate change? If you said 'wait, what,' you're in for a treat.",-6.378426184
A 9th century potion could cure the Methicillin-resistant Staphylococcus aureus (MRSA) superbug.<br>,-7.216954195
Many delightful words start with the letter 'R.' Robust. Rhubarb. Rubenesque. So why use this one?,-6.099072535
Is destroying this river and the community that lives off of it worth making a buck on coal?,-6.38760056
A ripped guy and a not-ripped guy are in their underwear and I love it.,-4.702689227
A ripped guy and a not-ripped guy are in their underwear and I love it.,-4.513921515
A remedy from a 9th century medieval text kills scary superbugs like MRSA. Here's how they found it.<br>,-6.129534237
"There's a new way to help kids face cancer. A robot teddy bear named 'Huggable.""",-6.138686517
Have you ever wondered why college campuses don't have more clubs just for white guys?,-5.584485135
"If the bad stuff in the world has you down, he's here to tell you why everything's still good.",-6.098573533
"A robot whose sole purpose is to connect emotionally with cancer patients. It's working, too.",-5.395778342
"Indiana, 'til you play nice with EVERYONE, you don't get things like Angie's List and Ron Swanson.",-5.472517801
"They don't enjoy the word “illegal,"" so what he said got me hyped.",-5.659892052
Burglars are criminals for having what isn't theirs. These people are criminals for NOT having.,-4.812676966
"""If you're against it, you're against jobs ... For it, you're against children.""",-4.86430343
How one fan is making sure not a single seat will be empty at her team's LGBT Pride Night,-5.789960171
Someone wondered if homeless people go to heaven? Wow.,-4.626228937
"Let's talk about birth control — the tiny, insertable, don't-have-to-remember-to-take-it  kind.",-5.352855391
Celebs reading mean tweets is hilarious. Homeless reading mean tweets? Not so much.,-4.751370982
"Watch a love story about a soldier and listen to a man sing about his love, Georgia",-5.140136839
"What's better than having to always drink water that might make you sick? Um, NOT having to do that.",-5.942799375
Here's what California needs to learn from Brazil before this drought gets any worse.,-4.800786809
She can't do her homework. She's too busy listening to her mom cry at night.,-5.329663023
"What's it take for a black person to live in Chris Rock's neighborhood? A lot of patience, for one.",-4.33790715
"Comedians probe the edge of our culture, sometimes at great peril. Meet Lenny Bruce.",-6.716836875
"It's a tiny history lesson, but it should be so much bigger.",-6.007829901
"Helen Mirren sounds off on 'manspreading' on late-night TV, and it's awesome.",-4.157033255
She wanted safety for her daughter. But the country she fled to wasn't about to make things easy.,-5.254763469
"They got silly vests, a rhyming dictionary, and a message for their school: drop big oil.",-4.742961361
A 10-year-old boy in Florida goes on camera to say that discrimination against his dads is wrong.,-5.054611284
"After her talk, she dropped 5 names of important women. If you don't know who they are, here goes.",-4.528418078
Two 80-something Holocaust survivors started a band to remember the good times.,-5.574135866
"They completed a remarkable exodus, and not just from darkness into freedom.",-6.747195214
Women are making waves in the sporting world. Now up? The NFL.,-6.385194399
John Oliver knows you don't want to hear about government surveillance. So he flew to Russia.,-4.935465751
"When it looks like to turn the clock back 50 years. I'm looking at YOU, Indiana (and Alabama, and …)",-4.636718544
A comedian goes on a joke rant *against* science. He's trying to get humans to like it.,-5.006428929
Clean water must come first. And then everything else will follow.,-6.08702722
"One 12-year-old girl, two entirely different potential outcomes. We all want the good one, right?",-4.586708123
College keeps getting more expensive. Here's how one school manages to stay affordable.,-5.482842376
How would you feel if your electric company paid you to buy less of their product?,-6.684861696
"Three people named Jenny, Victor, and Julie took a chance on a better life. They got the opposite.",-4.96128942
These onesies really put the patriarcy in perspective,-4.492623417
See how a Chicago student body decided to help the undocumented students at their university.,-6.112452319
Republican want to give corporations enormous new power. Obama is helping them do it.,-6.37502482
See why one rock legend wants your kid to be a monk ... sort of.,-5.903378212
"The fight to #RaiseTheWage is about civil rights, and human dignity.",-6.115892125
Some are worried that food stamp users will buy things like steak and shrimp. That's just silly.,-5.456074979
"What's going on in Cuba is interesting, kind of  like how they roll.",-5.477939204
"Sometimes the more power people use, the less power companies make. It can be a great thing.",-6.375511438
"The 'Black Girls Rock' Awards had a lot of great speeches, but this one really stood out.",-4.606876047
"If you take 1 thing away from National Beer Day, here's what it should be.",-5.894402834
"He just made a movie, and I'm dying to see it.",-5.603102347
Gay football player Michael Sam performed a dance to a song about a dad who won't accept his son.,-5.464579282
One look at Cuba's bike culture and the creative people behind it,-5.881294504
"We need them for 1/3 of all our food, so yeah, bees really are good.",-6.724072797
A clever new idea uses a power company's smart meters to cut everyone's pollution.,-6.343880434
Dropping out of school is a familiar story for millions. This song gives it a unique twist.,-5.925955859
Apple's racially diverse emoji might just make us be nicer to each other. SCIENCE!,-6.678845133
What happened in North Charleston mirrors Ferguson. Here's what we can learn from both cities.,-6.704169227
"This savings and loan program in some of the poorest, rural areas of the world is... working",-6.11785243
How some parents talk to their black sons about racial profiling.,-5.91030379
A reformed racist gives insight to why he changed and offered advice on how American can change,-4.300372781
What happened in North Charleston mirrors Ferguson. Here's what we can learn from both cities.,-6.125169536
Sarah Silverman got paid $50 less for making *just* as many people laugh. She's got some thoughts.,-4.515731623
She started by feeding neighborhood kids extras from her pantry. It united a neighborhood.,-5.453559887
IMPORTANT SCIENCE NEWS: The Brontosaurus might be real after all.,-5.758416337
"In a number of states, a rapist can sue for custody of a child conceived as a result of his crime.",-4.606876047
The Daily Show's Samantha Bee did an eye-opening report about sexual assault and parental rights.,-4.477589308
They're walking out all across the nation on April 15. And it's only just the start.,-6.335307512
"June Cleaver, desperate housewives, move over. These women are talking about the real thing.",-4.839882919
Cambodian garment workers are benefiting from these health programs at work,-8.263332667
What would happen if we stopped trying to be 'normal'?,-5.472023485
A displaced Syrian carpenter turns trash into happiness and reminds refugee kids to be kids,-5.937056359
"Capitalism isn't working the way it should. Thankfully, we have options.",-7.216464719
"Capitalism's gotten twisted. Thankfully, we have options.",-5.739298108
"Capitalism isn't working the way it should. Thankfully, we have options.",-5.335765254
Having a Southern good ol' boy talk about privilege in American may be what America needs,-4.493120682
It's time to talk about ways to keep our forests as forest-y as they can be.,-6.70367879
Supporting marriage equality with a paper shredder? Genius.,-5.770002274
Gay propaganda transformed to make gay weddings more festive? Now that's lemons into lemonade.,-5.293304825
Some people who work very hard for a living are about to hit the streets. Why?,-5.756958611
3 Laureates and a UN dude talk about water. It's way more interesting than you'd think.,-6.391438415
You don't need a prize like these folks to stop the water crisis,-6.357842267
What do you when you don't think you can make it through a lifetime?,-4.953639139
Can we harness tornado power? A maverick engineer aims to show us how.,-5.361786237
Mad Men' creator speaks out: 'I'm a product of an era where feminism was the most exciting idea.',-5.588246912
This Harvard-educated cardiologist takes care of people for free. There's good in the world.,-6.121761548
Why Carry That Weight is so much more than carrying mattresses,-5.936576282
"When I dance, I am alive and free.",-6.716352613
John Oliver and Michael Bolton sing a hilarious tribute to a notorious part of the government.,-4.761137397
"If they had a 'chemical party' and let certain elements react, it would look something like this.",-5.169742614
He told me that my body was shameful. I decided to be proud of its power.,-4.478094103
A scientist is working on a revolutionary way to treat cancer that wouldn't make people so sick.,-5.761809457
Do taxes actually help bridge the wealth gap? Kinda.,-5.603593747
Thousands of survivors will carry mattresses to protest assault. Here's why we should support them.,-6.126141117
"He's been trying to prove it for 5 decades, but this scientist still says tornadoes can save us.",-4.685877953
Want your food to taste better? A musician learns that what's in your head is part of the answer.,-6.370145571
Is it really possible to 'make a living' on $7.25 an hour? Let's do the math.,-5.012855051
An economist demonstrates the tax code's impact on income inequality using Lego bricks.,-4.782174602
"It's illegal to pay women less than men for doing the same job, but it happens anyway.",-5.894402834
Ever listen to a story on the radio and think you've got one better? StoryCorps has an app for that.,-6.675823222
Men have opinions about her face so she explains her thoughts on all that,-4.534098744
How 1 gay woman told herself that it would get better,-4.6853792
"Would you run 550 miles? In ten days? After surviving cancer? Yes? Are you this guy, then?<span></span>",-6.363274379
"Ever heard of a VSLA? It's got these women sitting in a circle, putting money in a box.",-5.231108617
Why is the U.S. trying to give corporations enormous new power? Let's follow the money.,-5.599655765
"If you think minimum wage jobs are only for kids, here's the reality for you. And a clever spoof.",-4.692834503
These unsuspecting moviegoers were pranked with unusable water bottles. But why?,-4.710017056
"In a remote place where water and people flow away, his ideas help make things grow.",-6.334294084
A DIY ice-maker has ideas that create a legacy of doing good.,-5.100110301
"How cops giving out food will 'make a lot of people a little healthier in immediate, tangible ways.'",-8.305731145
Don't want your kid to take the Common Core tests just yet? There's an opt-out for that.,-6.343880434
So many animals do what they do best while 'Wonderful World' plays in the background,-5.589244169
"It shouldn't be a novel approach to rape prevention, but this college's email sure feels like it is!",-4.974176196
"After dealing with a big loss, surviving AP classes is no biggie.",-5.384736463
An L.A. movie theater handed out free water that was impossible to open. Why?,-3.726834184
"When Dave was 22, his dad came out to him. Here's how that story inspired a national project.",-4.90169238
She turned a loss into an opportunity to excel and is not turning back.,-5.610935924
"A giant circular kindergarten helps children develop in their own creative, silly ways.",-4.773344522
Their daily rituals whisper of an invisible bond between 5 kids from 5 places and 5 faiths.,-5.877735782
The hardest part about scaling a glacier used to be the climbing. Now it's actually finding one.,-6.590497261
Ever had a teacher that changed your life? So have these folks.,-5.763743226
The definition of 'white privilege' doesn't include 'good' or 'bad.' But it is 'real.',-5.347358126
She loved him madly once. It might have gone differently if his friends helped him be a better man.,-4.350404431
Meditation can keep you from getting sick and help you figure out your life. Science says so.,-5.200074319
She went to war. Then she battled PTSD at home. But this helps.,-5.152285811
"A young man describes his specific struggles employment, family, and gender.",-5.368187047
A video that shows not all cops are bad. How Houston cops are helping the homeless,-5.744727539
"Palm oil basically lubricates our lives, so here's what you really ought to know.",-5.08537164
They treat land so destructively that forests full of endangered animals are blown out like candles.,-5.591235706
"""What drugs don't destroy, the war against them is ripping apart.""",-4.393945122
He knew he couldn't stand by and watch his state discriminate. So he put up a sign in his restaurant,-3.964393641
One village doesn't depend on ANY outside sources. It's renewable.,-5.510816228
Read the note an 8-year-old girl wrote to the social workers who rescue children like her every day.,-5.163294179
Gold is going places it's never gone before.,-5.768080582
Your daily dose of feel-good: Watch 'Kid President' discuss the future in this delightful video.,-5.60653709
Vaccines save lives and money. A whole LOT of money.,-6.12419701
"Kids learn a lot in school, but we shouldn't forget the value of hands-on experience.",-5.448004317
"A sex club paid a trafficker $73 for Remy. 'For me, that was my worth,' she said.",-4.951690295
Meet the transformer shoe that can help kids in poverty for up to 5 years,-4.370440162
"George Lucas just reminded me of my childhood, and it has nothing to do with ""Star Wars.""",-5.471034121
Nanotech transforms all that glitters into a medical wonder.,-5.24827642
"5 years after a huge oil spill, we're still looking for answers. Luckily for us, this crew is on it.<br>",-5.641670636
"It seems like a small indignity, but imagine how it feels to never have feminine products you need.",-4.361775794
Would you trust companies to decide if their own food additives are safe for you? The FDA does.,-6.127596721
"At the site of the largest oil spill in U.S. history, a whale interrupts a deep sea expedition",-5.125153748
A whale interrupts a deep sea expedition on the site of the largest oil spill in U.S. history.,-4.532099243
"Prince EA wrote an apology to the future, but his real message is for you and me right here and now.",-5.203289756
George Lucas is right to build affordable housing in his wealthy California neighborhood.,-4.478544982
"Watch the adorable adventures of a cat, a dog, and the traumatized war vet who really needed them.",-5.468556419
When you put a match up to running water it shouldn't burst into flames. Thanks fracking.,-4.771454744
"When you are on the job, you have certain rights. Right?",-5.730848753
See how a cyclist is becoming a symbol of hope for a country 'scarred' by violence.,-6.597145702
Upworthy's exclusive interview with the poet who Facebook suggested befriend his own rapist.,-5.096201182
We might not have known what was happening in our own backyards. Then this app came along.,-5.838119099
This adorable little teacup Poodle does more than just look cute. She brings joy to the elderly.,-5.140452903
"It's not always easy to stand up to bullies, but this woman confronted a bigot and made a difference.",-4.269007761
Scientists make stars 'sing' to learn more about what they are.,-6.102558595
Could growing plants in the air be the salvation of farms ruined by pollution?,-5.805335752
Want to know the terribly obvious reason to not destroy jungles? Because then we won't have anymore.,-6.365133166
"From bank teller to dairy farmer, here's how one woman started a new life on the farm.",-6.323761412
Couples talk about the importance of family in a place that won't let them get married.,-6.12428546
"The ground is ruined, so engineers have started growing leafy greens in the air.",-5.549894918
Could the first drivable Lego car be the future of zero-emissions engine technology?,-6.130633428
The future of internet connectivity starts with the 30 balloons Google launched into the sky.,-6.580242784
A teacher who had enough of standardized testing told her students what they were really worth,-4.50001167
60% of Earthlings have no internet. Here is how Google wants to fix that.,-6.606070868
A farmer and mom talks about why it's important to eat real food.,-5.952443814
4 families are racing the clock to get a promising treatment approved before a son dies.,-7.213522819
These families lives will change when Ireland recognizes same sex marriage.,-5.96870756
Did you know that gay marriage isn't legal in Ireland? Yet.,-5.813334195
"Duchenne muscular dystrophy is merciless, so they're desperate to get this promising drug approved.",-6.708572365
Helping out the bees. Just one more reason to surround yourself with flowers this spring.,-7.238257349
What happens if we treat the elderly like the resource that they are? Barbara Beskind happens.,-5.339307768
An emotional film tells a story of 4 families trying to get a possible cure through the FDA.,-7.203157474
"When you hear 'Columbia' or 'Stanford,' you might think 'rich.' Sometimes, that's far from true.",-5.608005519
"He took a 90% pay cut so he could pay his employees more, and business has never been better.",-5.474985719
"A Rwandan cyclist is training as if millions of lives depend on it. And in a way, they do.",-6.709060408
A new drug may be life-saving. That's why these 4 families are racing to get it approved.,-6.109494466
The Trans Pacific Partnership is a massive corporate power grab,-6.759951084
She's explaining some issues with feminism using pizza. It's just as awesome as it sounds.,-4.505963536
An emotional film tells a story of 4 families trying to get a possible cure through the FDA.,-6.120297419
"Bees have survived for 50 million years, but what they face now is epic.",-6.729346059
The West Virginia Mine Wars: 1 million rounds were fired in the most violent strike in U.S. history.,-5.888877958
Plastic is forever. In one form or another.<br>,-6.670259221
They traded in a cigarette for 11 glorious minutes of bubble wrap popping fun.,-5.754036768
He's creating virtual reality films that he hopes can change the world. Literally.,-6.701222993
"Mark Ruffalo shares his complexion tips, for justice.",-5.080907347
"A plastic bottle finds its way home, along with a powerful message to recycle.<br>",-6.120297419
We can't stop oil spills yet. So we need to learn how to clean up after them.,-7.221835825
Every wondered why things go viral? It's all in your mind.,-7.19468707
"A mountain of money goes into the trash when we don't recycle, but technology can help.",-6.354370041
Red-pill alert: Science explains why every comment section is always a rage-splosion.,-8.312626026
"A bionic eye for the blind? It's not a sci-fi flick, this is real life.",-5.372105739
A filmmaker is building 'the ultimate empathy machine' with amazing virtual reality films.,-5.479903359
John Oliver's look at child labor in the fashion industry might have you rethinking your closet.,-4.178916719
This researcher asked kids what's wrong with US schools. Here are their ideas.,-4.244728759
"By honoring his late husband, he might wind up making gay marriage legal in every state.",-5.755011664
The endangered elephants of Africa have an unlikely hero. Billy Joel.,-5.28754527
"Food trucks sell delicious food. And for some people, they offer a better future.",-5.74423517
"We're safely going about our day, but they're just trying to survive an earthquake. We can help.",-6.354370041
How do we make more kids fall in love with science? Bill Nye and President Obama discuss.,-5.793174058
Bees are facing big trouble. The answer is to plant flowers.,-6.727431725
How scientists are finding creative ways to clean up oil spills,-7.233936651
"Explore the the Kathmandu Valley, epicenter of Nepal's earthquake.",-4.582226044
This food truck makes delicious meals from maple syrup *and* gives hope to former inmates.,-5.749637934
A new term is being coined: Sustainable Musician — one who makes music without hurting the planet.,-6.360808894
Technology that sorts frogs from green beans offers help for recycling too.,-7.188160942
Meet the 5 girls behind Ethiopia's first teen brand: Yegna. They are a huge hit.,-6.36769699
Faith leaders of Baltimore band together in solidarity with peaceful protesters.,-5.775695056
A 'Harry Potter' fan wants the Supreme Court to know that Dumbledore deserves equal rights.,-5.339307768
"If you want to know how gangs are involved with the riots in Baltimore, just ask them.",-5.371616741
"If you see a 2-foot-long salamander, you know you've found a healthy stream.",-5.911289255
"It should be obvious, but confronting teenagers with bullets and riot gear is a terrible idea.",-6.31929566
Why an Arab man won't say his mom's name,-4.097573175
Starlight can be transformed to tell us how big stars are.,-7.10808046
The environment has an unlikely hero: guitars.<br>,-5.778629522
"2 men were fighting on the subway. Cops showed up. Luckily for them, it wasn't the 'real' police.",-4.362738026
"As riots broke out across the city, this group of Baltimore clergy marched in peaceful protest.",-5.887870148
"If you want to know how gangs are involved with the riots in Baltimore, just ask them.",-4.768988271
Our kids' accomplishments can bring us to tears. D.L. Hughley shed several talking about his son.,-5.2923472
Millions of people provide care for older family members every day. This sweet clip shows just that.,-5.927410757
Plastic is to disposable as peanut butter is to jelly. We might want to change that.,-6.726952568
It's time for this daughter to look after her father. It's a sweet ad — with a serious point.,-6.69034526
Why education is pivotal in changing the future of girls in Kenya,-7.208106755
Jon Stewart has some strong opinions about journalists who covered a party instead of Baltimore.,-4.861810906
This is the first-ever photo of a monkey many people thought was extinct.,-6.387119791
She runs 8 restaurants like it's no big deal because that's how she rolls.,-6.723592027
They took a camera into the swamp forest to look for a super rare monkey. Here's what they found.,-5.01384003
"Francis comes out against the gender pay gap, one again claiming the title of 'Cool Pope.'",-7.200673618
What if there was a very simple way to prevent most heroin overdoses? There is.,-5.895904336
An Egyptian taboo says it's not ok to say your mom's name in public. Is it time to change that?,-5.265154458