Headline,Attention
"If You Know Anyone Who Is Afraid Of Gay People, Here's A Cartoon That Will Ease Them Back To Reality",1
"SCIENCE FACT: Gay Science, Like Straight Science, Is Really Just Plain Old Fact Science",0
The Dirty Secret In Every Restaurant Menu,1
What Happens When You Combine Financial Desperation With Your Steak?,0
A Terrified Child Genius Saves His Own Life With Engineering Skills,1
You Have 50 Seconds To Make A Suit Of Armor. GO!,0
One Conspiracy Theory That's Actually Worth Your Time,1
Would You Let Someone Steal Your Stuff And Sell It Overseas? Because That's What's Been Happening.,0
Soledad O'Brien Clashes With Anti-Gay Interview Guest,1
"CNN's Best Journalist In Action. By The Way, They're Getting Rid Of Her.",0
A Bunch Of Bullies Thought It Would Be Funny To Pummel This Kid. They Aren't Laughing Now.,1
This Bullied Kid Went Through Hell So Your Kids Won't Have To,0
"Here's A Magazine Saying ""Sorry We're Not Sorry"" For Being Racist",1
Popular Business Magazine Warns That The Minorities Care About Fancy Houses Now,0
Those Idiots From “Jackass” Have Nothing On This Air Force Vet,1
Meet The Man Who’ll Save At Least A Few Of Your Lives One Day,0
"A Very ""Shocking"" 98 Seconds. That Joke (Although Terrible) Will Make WAY More Sense After Watching.",1
"If You Enjoy The Ol' Night Sky, You Should Get Your Fill ASAP. It Genuinely Won't Be There For Long.",0
A Joke About Male Genitalia That Even Hillary Clinton Would Laugh At,1
"Finally, An Answer To The Question: Do Feminist D**k Jokes Exist?",0
The National Holiday We Used To Celebrate In November Until Thanksgiving Came Along,1
"11,000 People You Should Really Be Thankful For On Thanksgiving",0
Love It: An NFL Player Who Genuinely Respects Women,1
This 2-Time Super Bowl Champ Is Dancing For Women's Rights. Will You Join Him?,0
The CEO Of The NRA Attacks Himself In The Most Reasonable Super Bowl Ad Of 2013,1
The NRA's CEO Attacks The NRA's Biggest Fan For Being Unreasonable,0
"If You Watch This And Make It Through With Dry Eyes, Let's Not Be Friends",1
Aaron Swartz Said 'The Revolution Will Be A/B Tested' To This Woman. He Was Right.,0
Fox News Haters Will Love This Poll Result. So Will Fox News.,1
Here's 2012's Most Trusted Media Outlet. And Least Trusted Media Outlet. (They're The Same.),0
"Americans Are Better Than Any Other Country At This One, Totally F*cked Up Thing",1
Are You Genetically Predisposed To Going To Prison?,0
"WTF New York? No One Should Ever, EVER Make Art Like This.",1
Here Is Some Art That You Won't Want Life To Imitate,0
"Forget Crop Circles, The U.S. Military Does Even Weirder Stuff In The Middle Of Nowhere",1
These Cool-Looking Things DEFINITELY Don't Call To Mind A Hellish War The U.S. Wages With Robots,0
Mark Zuckerberg Wants To Hire You. You Just Have To Learn This One Thing.,1
How Kids Can Convince Their Parents That They Should Spend More Time In Front Of The Computer,0
"See The Teacher’s Resignation Video That 280,000 People Have Already Watched",1
"With A Videotaped Resignation, This Teacher Angrily Busts An Already Busted Educational System",0
This School Totally Understands The Difference Between Learning And Education,1
Would You Let These Guys Design A School?,0
Just One More Very Good Reason To Raise The Minimum Wage,1
"In A Fight Between Minimum Wage And The Glass Ceiling, Everyone Loses",0
Dumbledore Is Gay. Harry Potter Has This To Say.,1
"First He Was Harry Potter, Now He's Helping To End Teen Suicide",0
Watch A Lesbian Attack The Word 'Gay',1
"Acceptance And Tolerance Are 2 Different Things. One Changes The World, The Other Just Rots There.",0
I Can’t Believe This Is From A Television Show,1
Why You Should Treat Everyone Like Your Mother,0
¿Cómo Se Dice ‘Nada’ En Español?,1
"En Vez De ‘Sí Se Puede,’ Ya Es ‘Sí Se Shhhhhhhhh’?",0
Watch A Smart Guy Stump A Religious Bigot With Her Own Religion,1
Believe Homosexuality's An Abomination? Do I Ever Have A Daughter To Sell Into Slavery For You!,0
How To Disarm A Tea Partier With Nothing But Words,1
I Had More Inclusive Tea Parties Than This When I Was In My Terrible 2’s,0
The Crazy Reason Fewer Americans Are Adopting,1
Why Is This A Political Story? I Just See Beautiful Kids.,0
The Most Powerful Photo Of Martin Luther King Jr. I've Ever Seen,1
The Most Powerful Memories Of Martin Luther King Jr.,0
What Would Cause A Group Of 8-Year-Olds To Riot?,1
Why Do Our Children Have To Fight Our Battles? Because We're Not Doing It.,0
This Is Not An Acceptable Solution To Child Abuse,1
I Don't Think Toy Soldiers Are Going To Cut It,0
Here's The Chart That Most Republicans DON'T Want You To See,1
"Hey There, GOP - You Look Mighty Uncomfortable On That Fence",0
Colin Powell's Quote About Gay Marriage Is Chock-Full Of Common Sense And Decency,1
Former Member Of The Bush Administration Comes Down On The Right Side Of History,0
Possibly The Worst Thing That Can Be Done To A Child,1
The Lifeless Body Is A Metaphor,0
"Afghanistan In The 1960s. Prepare To Be Very, Very Surprised.",1
The Afghanistan That We Know Today Looks NOTHING Like The Afghanistan From The 1960s,0
The Google Maps Revelation That Is Blowing My Mind,1
The Google Maps Version Of Journalism. It's Pretty Awesome.,0
The Most Sensible Definition Of Marriage I've Ever Heard,1
Marriage Is Where A Man And A Woman Fight All The Time,0
Watch 1 Of The Best TV Shows Ever Give Liberals Their Swagger Back,1
Return Of The L Word,0
10 Amazing Honeymoon Spots That May Not Last As Long As Your Marriage,1
10 Amazing Honeymoon Spots That May Not Last As Long As The Average Marriage,0
"This Is How The U.S. Would Look, If It Turned All Its Money Into Land ",1
Why Playing Real Life Monopoly Is More Like A Game Of 'Sorry!’,0
I Thought God Hated Women Until I Saw This.,1
God Is On The Phone. She Doesn't Sound Happy.,0
How To Take Down A Little Word With A Lot Of Power,1
Why Everybody Should Have A Personal Jihad,0
Are You Falling For The Biggest Trick Designed To Get Your Cash?,1
"Introducing ‘50 Shades Of Green’, In Which Powerful Corporations Have Their Way With The Environment",0
America's Old Nemesis Rears Its Ugly Head,1
"When People Are Hungry, They Die. Can We Get 50 Million Americans Off Death Row, Please?",0
These Are Some Of The Toughest (But Important) Photos I’ve Seen This Week,1
These Wolves Are About To Find Out What Happened To The Dodo Bird,0
Two Abortion Protesters Decided To Yell At This Guy's Wife. They Probably Shouldn't Have Done That.,1
Emotional Husband’s Powerful Confrontation With Abortion Protestors,0
How Poor People Became The McDonald’s Hamburger Meat Of The American Economy,1
"Remember The Military Industrial Complex? It Grew A Newer, Creepier Head, And It's Coming For You.",0
"Gross, Is That Blood? Nah, It's Just Paint. THAT'S Blood.",1
Remember That Time We Got Shot With Tear Gas? I Painted It.,0
Here’s The Ad That Muslims Across America Wish You Would See,1
A Bunch Of People Decided To Fight Hate With Beautiful Art,0
The Unbelievable Loophole In U.S. Child Labor Law,1
Meet The Kids Whom U.S. Child Labor Laws Failed To Protect,0
This Really Offends Me About Child Offenders,1
"Where Will These 2,570 Kids All Spend Their 50th Birthday?",0
MUST WATCH: A Politician Loses It And Restores My Faith In Humanity,1
A Politician Asks For Forgiveness And Genuinely Means It,0
Meet A Woman Who'll Make You Furious That She Calls Herself An American,1
Meet The Woman Who Gave Mitt Romney His Stance On Immigration,0
"If You Think 1 Canadian Dude Is Actually 180,000 Hispanic People, You Might Be Kinda Sorta Racist",1
Why Martin Luther King Jr. Would Still Be Fighting For Voting Rights If He Were Alive Today,0
The Schoolhouse Rock Parody That Is Equal Parts Painfully Accurate And Funny,1
"Learning About The Government Is Too Depressing For Kids, Even When It Looks Like This",0
You Won't Believe What Saved The Lives Of 11 Children In 11 Seconds In Sandy Hook,1
"11 Kids, 11 Seconds, And 1 Mind Blowing Hopeful Fact About The Sandy Hook Tragedy",0
Just One More Sad Example Of What Kind Of Non-News 24 Hour News Networks Consider 'Newsworthy',1
OF COURSE The Media Stopped Covering The Sequester As Soon As It Started To Really Matter,0
I Bet This Man Has Embarrassed A Few Police Officers Who Have Tried To Arrest Him,1
The Professor Of Dirt Is About To Prove Just How Dirty Your City Is,0
Remember Those Troubled Kids In School? Turns Out They Weren't Actually Troubled.,1
Teamwork And Leadership Are Overrated — There Is Definitely An 'I' In 'Team',0
The Man In The Sweater Who Never Mentioned The Most Important Thing In His Life,1
Is It Possible To Teach Morality Without Talking Religion? Everyone's Favorite Minister Thought So.,0
Watch A Feminist Senator Teach A U.S. General How To Do His Damn Job,1
Watch A US Senator Slap Some Sense Into The US Military,0
It's Disgusting What People Consider Beautiful Nowadays,1
Killing An Elephant To Make A Trinket Is Beyond Stupid,0
This Future Map Of The United States Is Way Cooler Than Any Current Map Of The United States,1
MAP: This Is What Americans Look Like On Speed,0
What Would Happen If The U.S. Eliminated The Penny? Let's Ask A Country That Actually Did.,1
Why Is Canada Deliberately Getting Rid Of Good Luck?,0
1 In 3 Women Need You To Watch This.  The Other 2 In 3 Women Would Prefer You To Watch It Too.,1
A World Leader Would Like You To Do Something Other Than Celebrate Valentine's Day This Year,0
"If You Watch One Moment From The State Of The Union, Make It This One",1
"Like The President Said, They Deserve A Vote",0
"If You’re Afraid Of The Unknown, You’ve Already Lost",1
Are You Curious Enough To Eat A Worm?,0
There's Some Things About Women That I Didn't Think I'd Want To Know. This Is One Of Them.,1
Do We Need Laws To Protect Women From Violence? Ask This Chart.,0
"People Get Tired Of Hearing The Word Awesome. But In My Defense, Seriously, This Kid Is Awesome.",1
"What Do Robert Frost, Space Jam, And Journey Have In Common? Just Ask The President.",0
Watch A Real Person Correct An Elected Official On How Democracy Should Actually Function,1
2 Members Of Congress Debate Whether Accepting Legalized Bribes Is Cool. Righteous Honesty Prevails.,0
Why Oregon Just Became The Best State To Have Sex In,1
Having An Abortion? Better Move To Oregon.,0
These Girls Have Seen Their Own Potential. They're Going To Do Amazing Things With It.,1
Bring Your Daughter To Work Day Just Got A 21st Century Upgrade,0
"If This Video Goes Viral, The Internet Could Be In Huge Trouble",1
Just A Reminder To Stop Every Once In Awhile And Zoom In On The Flowers,0
Some Strange Things Are Happening To Astronauts Returning To Earth,1
Advice For Saving The Earth From Some Of The Only People Who Have Left It,0
Looking At This Map For 5 Seconds Will Change How You Think About Race,1
Cosmetics Salesmen Will Find This Map Very Helpful. Neo-Nazis Won't.,0
"The Only Man In History With The Right To Say ""I Told You So"" To The Entire Planet",1
Nickola Tesla Exactly Predicted Our Energy Crisis 100 YEARS AGO,0
Take Your iPhone From Dead To 100% In 30 Seconds Using Science,1
FINALLY! A Battery I Can Throw In The Trash,0
See A 17-Year-Old Girl’s Laser-Sharp And Laid Back Take-Down Of An Annoyingly Popular Reality Show,1
How Exactly Does Punishing Fat People Go With Your Pledge To Love Your Body?,0
Watch A Diner Waitress Explain To A Wall Street Guy How Money Works In America,1
A Journalist Goes Undercover As A Waitress. Guess Which Job Was Harder?,0
College-Age Republicans Decide To Compromise In An Awesome Way,1
"These Republicans Have Officially Endorsed Gay Marriage. Sadly, They're Not The Ones In Power.",0
WATCH: The TEDxTalk That Knocked Me Down A Peg Or Two,1
What Your Reaction To Celebrity Gossip Says About You,0
9 Out Of 10 Americans Are Completely Wrong About This Mind-Blowing Fact,1
"Meet The Person Who Has No Clue How Money Really Works. Ok, Stop Looking In The Mirror Now.",0
I Honestly Didn't Think A Video About Birds Would Make Me Cry. I Was Wrong.,1
A Short Video About Birds That's Guaranteed To Break Your Heart,0
This Is Exactly How Desperate We Are To Get Oil Out Of The Ground,1
What Would Someone From 200 Years Ago Think Of This Thing We Now Do To Get Oil Out Of The Ground?,0
Watch A Nervous Mom Make An Heroic Phone Call While Her Kid Naps,1
Watch This Mom Check “Gun Control Advocacy” Off Of Her To-Do List,0
A Depressing Map Of The US That Will Make You Not Want To Have Babies,1
MAP: Why You Should Move To Canada To Have Your Baby,0
I've Never Met A 15-Year-Old And Thought 'She's Gonna Run The World One Day.' Yet Here We Are.,1
"A Teen Girl Who Loves Fashion? And She's A Feminist?! Stop, My Head Is Exploding!",0
How To Win An Argument That Might Just Save The Planet,1
Move Over Al Gore—A Flowchart Took Your Job,0
ALL KINDS OF WRONG: CNN Pays A Touching Trubute To The Rapists Who Attacked A 15 Year Old Girl,1
The One Where CNN Feels The Need To Sympathize With Sexual Predators,0
Why Your Part In The Steubenville Tragedy Is Bigger Than You Think It Is,1
Want To Prevent Tragedies Like Steubenville? Stop Letting Them Happen.,0
Stop Turning Everything I Do Into A Political Statement!,1
"Once Upon A Time, There Wasn’t 'Liberal' Beer Or 'Conservative' Beer, There Was Just … BEER",0
NAILED IT: Watch A Really Smart Comedian Destroy A Really Dumb Idea,1
Stephen Colbert Celebrates The End Of Racism — And The Continuation Of Ignorance,0
How Science Allowed A Woman To See The Light,1
"Bless Australia For Giving Us Kangaroos, Crocodile Dundee ... And THE BIONIC EYE?",0
Want To Hear A Genius Ruin Politics And Religion In 5 Sentences?,1
"If You Call It ""Flip-Flopping"" One More Time, Carl Sagan Is Gonna Be Pissed",0
Hillary Breaks Down Gay Marriage So People With Extra-Thick Heads Can Understand,1
Can We Hurry Up And Just Elect Hillary As President Yet?,0
These Are Literally The Smallest Apartments You'll Ever See,1
"These People Aren't Vampires, So Why Are They Living In Coffins?",0
Offensive Things You Might Say That You Didn’t Realize Were Offensive,1
Things I've Overheard In The Melting Pot,0
Watch This Bride Dump Her Very Important Groom At The Altar,1
"With This Ring, McDonald's, I Thee Wed",0
The People With The Most Power In The World Actually Believe This Really Horrible Thing,1
The Simplest Way To Think Your Way Out Of Wall Street's Awful Economic Dogma,0
"These Christians Are Advocating The Government Do Something, And I'm Actually Not Outraged. At All.",1
Why The Jobs Crisis Isn't Just Some God Of Economics Testing Our Faith In Fiscal Austerity,0
The Single Greatest Gift For A Woman,1
How Did 3 Geniuses Combine Purses With Saving The Planet?,0
I Don't Like Being Lied To. Neither Did This Documentary Crew.,1
Thank Goodness B.P. Cleaned Up Their Oil Spill. Now These Lovely Birds Can … Keep Dying?,0
"If My Dentist Caught Me Showing People This, He'd Slap Me In The Face",1
"Is That A Soda In Your Pocket, Or Are You Just Happy To See An Early Grave?",0
SWOON: Watch This Star Calmly Blow Apart Any Argument That We Can't Solve Poverty In One Generation,1
Why Is This Rockstar Calling Himself An 'Insufferable Little Jumped-Up Jesus'?,0
Why Women (And Men) Love This Picture So Much,1
Something REALLY Sexy Is Happening At This Store,0
Remember Sandy Hook? Apparently The Senate Doesn't.,1
The NRA Claims It's Latest Victim. Say Goodbye To Background Check Reform.,0
WTF: Why You're Way More Likely To Get Arrested At The End Of An Officer's Shift,1
So Messed Up: Why You're Way More Likely To Get Arrested At The End Of An Officer's Shift,0
About To Start An Argument Over Israel and Palestine? Watch This Video First. ,1
This Guy Lives In A War Zone. So What's He Smiling About?,0
Should A Parent Listen To Their Kid In This Situation?,1
Would You Sacrifice This Much For Your Kid's Education?,0
A Head-Slappingly Simple Strategy That Might Just Reduce The Crime Rate,1
A Strategy To Combat Crime That McGruff Wished He Thought Of,0
"This 9-Year-Old Has Blown Away The Minds Of Millions, Will You Be Next?",1
"Does Your Life Need More Meaning? Here, This 9-Year-Old Can Help.",0
This Girl's Middle School Photography Project Will Steal Your Breath Away,1
This Girl Makes Me Want To Dump My Thanksgiving Dinner On Columbus' Head ,0
"What The Craziest Thing About The Fact That Humans Exist? I Don’t Know, But I Bet It’s In Here.",1
How Do You Go From An Amoeba To A Global Superpower? Like This.,0
I’ve Never Had A Pie Chart Make Me Gasp Before,1
"This Isn't A Pie Chart, It’s A Big Fat Raspberry",0
Did The Supreme Court Just Legalize Gay Marriage? Well... Sort Of.,1
The Supreme Court Did What They're Paid To Do. Talk About Stuff. Here's The Abbreviated Version.,0
"This Doctor Had A Breakdown, Saw A Therapist, And Ended Up Changing, Like, Millions of Lives",1
"This Amazing Storyteller Can Change The Way You Live, Love, Work, And Parent",0
Why Going Off The Grid Isn’t Just For Conspiracy Theorists Anymore,1
Don't Want To Go Solar To Save The Environment? Go Solar To Save The Wallet.,0
This Isn’t Just A Car: It’s The End Of Gasoline As We Know It,1
The Future Of The Auto Industry Is Right Between Your Nostrils,0
"When Your Carbon Footprint Needs A Commercial, Your ‘Feet’ Are Too Damn Big",1
NERD ALERT: The Climate Action Superhero You Didn’t Know You Were Waiting For,0
A Supermodel Hemorrhages During Childbirth And Turns Her Experience Into An International Campaign,1
See What Can Happen When A Safe Place To Give Birth Isn’t A Guarantee,0
"OMG. Google ""Tucker Carlson"" And ""Gay Marriage""",1
10 Democratic Senators To The Right Of Tucker Carlson,0
Jennifer Lawrence Summarizes Everything That’s Wrong With Our Culture Today In 1 Sentence,1
What Could Hollywood Do To Change The Lives Of Half The Population?,0
In Case You Missed It: Why Everyone Is Posting Those Pink Equal Signs on Facebook This Week!,1
Support For Gay Marriage + A Little Creativity On Facebook = These Kick-Ass Profile Pics,0
"Congressman 'Accidentally' Uses Horrific Racial Slur, Apologizes, And Is Still Racist",1
Would You Forgive A Congressman For Being Horribly Racist If He Grew Up On A Farm? Me Neither.,0
Why Don't More Moms Talk To Their Daughters Like This Famous Actress Talks To Hers?,1
How Complimenting Yourself Creates Positive Change In Other People,0
"It's Hard To Visualize Billions Or Trillions Of Dollars. After You See This, You Won't Want To.",1
What Has Enough Money To Remake The Statue Of Liberty Out Of Dollar Bills?,0
"A Gay Soldier Is Being Singled Out And Prosecuted, But That's Not Even The Craziest Part",1
What If The Characters In 'Mr. Smith Goes To Washington' Were Gay?,0
Here's Why We Can't Have Nice Things,1
HBO's Game Of Thrones Really Needs To Stop Letting Congresscritters Write Their Scripts,0
The Most Honest Cable Company In The World Has A Message For You. It's Not Good.,1
The One Where Your Cable Company Offers To Punch You In The Face And Tells You To Say Thank You,0
Your Cable Company Has Been Keeping A Really Sketchy Secret From You For Like Forever,1
The One Where Your Cable Company Stops Talking About You Behind Your Back,0
A Photographer Asked People What They’d Like To Say To The World. Their Answers Will Blow You Away.,1
Ink That Makes You Think,0
"North Korea Would Ban This Video If They Could. Lucky For Us, They Can't.",1
What Do You Do When North Korea Threatens To Punish Your Family When You Escape?,0
You Won’t Believe What These Muslims Are Protesting About,1
Muslim America Rocks — We Just Don’t Hear About It Often,0
This Adorable Kid Just Wants To Take A Girl On A Date. So Why Is That Such A Big Deal?,1
"If You Can See Past The Super-Adorable Kid, There’s A Really Great Message Here",0
"I Don’t Know Anything About Soccer, But This Is The Most Inspiring Goal I’ve Ever Seen",1
These High School Athletes Were Winners Long Before The Game Ended,0
"History May Not Remember This Speech, But I Guarantee That You Will",1
This Speech On Gay Marriage Made 4 Years Ago Will Have You Cheering Right Now,0
How Kids Are Playing With Something Far More Dangerous Than Guns Every Day At School,1
Why Giving Kids Forks And Knives Can Help Save Their Lives,0
Our Nation's Capital Has A Secret. And It's Dirtier Than You Can Possibly Imagine.,1
I Got A Fever And The Only Prescription Is To Make It Rain... Fish.,0
The Mainstream Media Is Too Busy Covering War To Show You THIS,1
Why Is This Kid Riding A Bomb?!,0
Our Nation's Capital Has A Secret. And It's Dirtier Than You Can Possibly Imagine.,1
SECRET: Fishing Is Like Sex...,0
"They Had Polio And The Black Plague, We've Got This To Deal With",1
"""Damn It."" -The Present. ""Sorry About That!"" -The Past.",0
The Little Girl's Toy That Thousands Of Grown-Ass Men Can't Wait To Play With.,1
What Happens When A Bunch Of Dudes Get Down With My Little Pony?,0
What Lots Of Teachers Think But Are Scared To Say,1
Who Ever Heard Of Parents Getting Homework?,0
Guess The 1 Word The Postal Service Can’t Stand?,1
This Company Exposed A US Government Agency’s Religious Bias,0
An Iraq War Veteran Provides A Shocking Demonstration With His Weapon,1
I Bet This Weird Gray Torso Thing Wishes There Were Background Checks,0
Finally: A Kid’s Show That Isn’t Peddling Obesity And Actually Respects Kids,1
This Hiptastic Children’s Show Makes Me Want To Be A Kid Again,0
8 Things Women Want That Most Men Take For Granted,1
What Women Want Is So Much More Than A Terrible Film Starring Mel-Effing-Gibson,0
See The Video That Got This Terrific Tree Hugger Fired,1
Meet The Coolest Tree Hugger Ever,0
Teacher Caught On Camera Making A Student Cry. It’s Actually Pretty Amazing.,1
This Teacher Is Pushing His Kids Around. That’s Why They Love Him So Much.,0
I Can Barely Wait For A Bus. This Woman Has Waited Her Entire Life.,1
Could You Keep Waiting For Your Child To Come Home After Everyone Else Has Given Up?,0
The Scariest Horror Film Of The Year Is Actually A Documentary,1
Are You Unlucky Enough To Be Witnessing The Death Of America's Middle Class?,0
"This Filmmaker Could Have Been Killed At Any Moment, But He Kept The Camera Rolling Anyway ",1
MUST WATCH: The Unbelievable Footage Of Syria A Filmmaker Risked His Life To Get,0
How Do You Handle Gay Football Players In The NFL? Here's Archie Bunker's Wise 42-Year-Old Lesson.,1
"We May Not Call Them La-Dee-Dahs Anymore, But Why Do We Think The Same Way About Gay Athletes? ",0
You Don't Need To Speak A Foreign Language To Understand How Insane This Is,1
I've Been Told That Americans Get More Anti-Immigrant When They Hear Spanish. Prove Me Wrong.,0
Check Out This Hilarious But Real Prank A Bank Pulled On Men,1
"This Might Look Like An Episode Of 'Punk'd,' But It's Real",0
What’s The Most Quietly Despised One-Fifth Of America Nobody’s Talking About?,1
Guess Which Socially Vilified Group Needs An Extreme Makeover?,0
America Put This Famous Gay Space Dude In Jail When He Was 5 Years Old. Now He's Going Where?,1
Everything You Wanted To Know About Gay Broadway Space Prisoners-Of-War But Were Afraid To Ask,0
"Man Lands In America, He Wasn't Born Here, But We Let Him Stay. Do You Know His Name?",1
Ka-Pow! What's Your Answer To The Superman Question?,0
"Here's How Immigration Works, And I Still Don't Get It",1
Want To Work In America? Go Back In Time And Get In Line At Ellis Island,0
"This Might Be Why I Thought ""Harry Potter"" Was Written By A Dude For So Long",1
"We've Elected Women And Put Them In Space, So Why Is It So Hard To Find Them HERE?",0
"If You Enjoy When Rich People Fail, You’ll Love This Chart",1
The Biggest Financial Busts In History In One Easy-To-Read Chart,0
"Like Being A Woman In America Isn't Hard Enough, Now We Have To Worry About This?",1
"If Every State Did This One Thing, More Women Would Be Alive Today",0
Watch The Video That Coca-Cola And McDonald's Hope You Never See,1
How The Food Industry Has Made Children More Annoying,0
There Is Bravery In This World. A 9-Year-Old Kid In Star Wars Pajamas Taught Me That.,1
The Best Part About Being Sick Is That You Get All The Free Ice Cream You Want. The Worst Part Is-,0
That Thing They Teach You About In Health Class Isn't Nearly As Dangerous As It Used To Be,1
F*ck AIDS. Ferreal.,0
We Couldn't Decide Wether Or Not To Accuse Google Of Not Caring About Your Privacy In This Headline,1
Google May Or May Not Be Game To Give All Your Private Info To The Feds. We Have No Idea Either Way.,0
" If You Hate It When Companies Get Away With Not Paying Taxes, Here's A Way To Vent Productively",1
You Remember Space Invaders? There's A New Version With A Way Scarier Real Life Villain.,0
" If You Hate It When Companies Get Away With Not Paying Taxes, Here's A Way To Vent Productively",1
"Don't Worry, You Can Play This Game At Work. All Your Bosses Do.",0
This Is Why Journalism Has Sucked For The Past 20 Years,1
Why Good Journalists Get Fired And Bad Journalists Get Promoted,0
2 People Described The Same Person To A Forensic Artist And This Is What Happened,1
How Did This Artist Draw 7 Women Perfectly Without Ever Seeing Their Faces?,0
Why You’re Being Smart For Not Liking This Little Girl,1
Scam alert! Look Before You “Like” Facebook Users.,0
"Want Another Reason To Turn Off Fox News? You’re Welcome 
",1
Behind Organized Hate’s Playbook,0
"If You Watch This Video, You Probably Won’t Need To Turn On Fox News For A Few Months",1
Behind Organized Hate’s Playbook,0
The Future Of Marriage Equality In One Stunning Chart,1
CHART: The Incredible Rise Of Gay Marriage,0
"Just When You’re Beaten Down For Being Different, Something  Amazing Happens",1
The Painful Way To Become Facebook Famous,0
The Most Inspiring Slab Of Concrete You’ll See Today,1
Why Is This Girl Lugging Around A Bag Of Manure Making Me So Hungry?,0
What Happens When Preschool Teachers Get Tired Of Being Treated Like Preschoolers,1
"Can Unions Really Make A Difference? Why Don’t You Ask Some Preschoolers.
",0
New Zealand’s 8-Minute Long PSA On Preventing Rape Is The Most Powerful Thing You’ll See Today,1
"When You Play This Party Video Backwards, It Reveals A Secret Message",0
"Sometimes Corporate Tax Breaks Are Cartoonishly Unfair. This Time, For Instance.",1
Guess What? I Discovered The Secret To Paying No Taxes!,0
"Sometimes Corporate Tax Breaks Are Cartoonishly Unfair. This Time, For Instance.",1
Guess What? I Discovered The Trick To Paying No Taxes!,0
This Documentary Is About Lawyers You'll Actually Like. Seriously.,1
Our Justice System Would All Go To Hell Without People Like This,0
This Is What Happens When A Diet Ad Goes Rogue,1
Diet Ads You’ve Been Busted,0
This New Zealand Politician Unleashes One Of The Funniest Gay Marriage Speeches On Record,1
"Find Out Why This Politician Said ‘Big Gay Rainbow’ In A Real, Live Floor Debate",0
The Future Of Marriage Equality In 1 Stunning Chart,1
CHART: The Incredible Rise Of Gay Marriage,0
Here's Why You Don't Mess With A Feminist And Her Laptop,1
Why I Never Want To See Another Article Asking Where All The Feminists Have Gone,0
Here's Why You Don't Mess With A Feminist And Her Laptop,1
Why I Never Want To See Another Article Asking Where All The Feminists Have Gone,0
"How The Boston Bomber Was Identified, Arrested, Got A Tan And Disappeared In Just A Few Hours
",1
WTF Happened In Boston The Day After The Bombings? A Handy Guide To The Arrest Clusterf$&k.,0
This Is How The NRA Handles Reporters,1
Did You Know The NRA Used To Support The Law It Just Helped Destroy?,0
"A Whole Country Decided To Legalize Gay Marriage. In Response, They Got What They Deserved.",1
This Is My Favorite Song Sung By A Legislative Branch Of Government Celebrating Gay Marriage EVER,0
"This Is How The World Doesn't End, Not With A Whimper, But With The Click Of Your Camera Lens?",1
"This Is Not How The World Will End. At Least, Not If These People Can Help It. ",0
"If You're A Human Being, You're Going To Want To See This",1
What Do 1 Billion People Do Once A Year?,0
"If You're A Human Being, You're Going To Want To See This",1
What Do 1 Billion People Do EVERY Year?,0
How A Talk Show Host Found Out The Hard Way There Are Some Things Bob Costas Won’t Joke About,1
Bob Costas Has A Bone To Pick With The Masters,0
The Feds Will Not Be Cutting Your Social Security. They'll Just Be Decreasing Your Benefits By 10%.,1
Will The Government Cut Your Social Security? It Depends On How You Define Cuts.,0
"I Can't Believe What The Government Is Planning To Do To Your Poor, Gentle, Sweet, Old Grandma",1
"I Can't Believe What The Government Is Planning To Do To Your Sweet, Gentle, Old Grandma",0
"The DIY House That The Real Estate Industry Hopes You Won’t See
",1
"How You Can Make A House By The Same Process You Make Wine
",0
"This Desert Miracle Can Only Mean One Of Two Things: Engineers Rule, Or There Are Wizards Afoot",1
"This Wild Invention Brings A Whole New Meaning To The Phrase ‘Make It Rain’
",0
The Most Passive Aggressive Way To Cure Malaria Using Elizabeth Banks I Have Ever Seen,1
"What Do A Bearded Lady, A Supermodel, Jerky Puppies, Competitive Eating And Malaria Have In Common?",0
Watch The Most Selfish Political Movement In America Get Destroyed By One Of Its Own,1
Why Are Some Of The Most Influential Minds Of The Right Wing Stuck In Their Teen Years?,0
"Why Was This Second-Year Med Student Deprived Of 1,138 Rights Most Americans Have?",1
"How To Improve Our Quality Of Life, One Gay Marriage At A Time",0
"Two Years Ago, President Obama Quietly Signed A Radical Media Bill. It’s About To Go Live.",1
Why There May Be Fewer Terrible Songs Coming Out Of Your Radio In The Near Future,0
Guess How Much Money The Senators Who Voted Against Background Checks Got From The NRA?,1
"The Senate Has Some Bosses, And I'm Pretty Sure We Aren't Them",0
"Well, That Pretty Much Disproves Everything I Thought I Knew About The Human Body",1
Swimming At The North Pole In A Speedo? Talk To This Man First.,0
Why Is A Successful Actress Like Sophia Bush Living On $1.50 A Day?,1
Think You Could Live On $1.50 A Day? Prove It.,0
You Will Not Believe What It Cost The NRA To Make Sure Background Checks Got Killed,1
"Say What You Will About The NRA, They Sure Do Pay Their Employ- Er, I Mean, Senators Well",0
"The Completely Obvious Way To Solve Homelessness
",1
"The Incredible Reason Why This Man Feels Human Again
",0
"If You Can Read This, You're One Of The 83 People In The World Who Can ",1
"The World, In A Nutshell, According To The Worst Disney Song Ever",0
What People Who Get Bombed All The Time Have To Say To Boston,1
Is This The Most Touching Love Letter Ever?,0
Here’s A Very Important Story That The Mainstream Media Isn’t Really Covering,1
Meet The Folks Who Are On The Frontlines Of The Battle To Save Public Education,0
How Often Does A Football Player Make You Cry? Depends On How Many Times You Watch This Video.,1
This Guy Is A Football Player. He's Also A Boy Who Misses His Mom.,0
An Anti-Gay Scoutmaster Gets A Hard Life Lesson From A Straight Boy Scout And A Gay News Anchor,1
"The Boy Scout Motto Is 'Always Be Prepared.' Clearly, The Anti-Gay Scoutmaster Didn't Get The Memo.",0
Everybody's Favorite Homophobe Meets Neil Patrick Harris,1
The Way Homophobia In America Dies Out,0
The One Cause That Has The Tea Party And Progressives Marching Side By Side,1
Why Would Anyone Run A 5k Dressed As A $100 Bill?,0
"Something Tells Me Exxon Won't Be Running This Ad Anytime Soon 
",1
"Who Needs A Gas Station When You've Got A Perfectly Good Front Lawn To Spill Oil On Instead? 
",0
"After This, You’ll Never Look At The Ocean The Same Way Again",1
Extreme City Makeover: Mother Earth Edition,0
"Move Over Pussy Riot, These Pakistani Dudes Might Die For Doing This",1
Find This Under 'Exhibit A' In The 'How To Piss Off A Dictator' Handbook,0
This Is What Democracy Looks Like When A Nerd Does It,1
Patton Oswalt Proves That A Good Filibuster Doesn't Have To Be Boring,0
Representative Brian Sims Brings The House Down With A Single Sentence About Abortion,1
Representative Brian Sims Reminds Anti-Abortion Senators How To Do Their Jobs,0
Representative Brian Sims Brings The House Down With A Single Sentence About Abortion,1
What Anti-Abortion Senators Seem To Be Forgetting About How To Do Their Jobs,0
The People Who Approved These Ads Have A Lot Of Explaining To Do,1
"Here's How Sexist Advertising Affects Women. But Do You Know How It Affects Men, Too?",0
A Congressman Decided To Insult A 4-Star General And Then Tried To Walk Out. HAHAHA.,1
A Congressman Taking Money From A Defense Contractor Tried To Shame A 4-Star General. Didn't Work.,0
A Bunch Of People In Israel Were Asked What They'd Wish For. Their Answers May Surprise You.,1
What Do The Israelis And The Palestinians Really Want? This.,0
A Bunch Of People In Jerusalem Were Asked What They'd Wish For. Their Answers May Surprise You.,1
Here's Something You Don't See In Jerusalem Every Day...,0
This Man Tells A Senate Subcommittee About Al-Qaeda's Best Recruiting Technique. It Will Shock You,1
The Testimony President Obama Really Needs To Hear,0
From Honorably Discharged To Absolutely Nothing: An American Tragedy,1
Inside A Slow-Motion Tragedy We Can All Tackle Together,0
"Some Jerks Freaked Out About A Gay NBA Player, So The President And The Internet Responded Like This",1
"If An NBA Player Being Gay Makes You Panic, Then This Will Give You A Heart Attack",0
This Waitress Is About To Get A $500 Tip. Watch Her Reaction.,1
"Aaron’s Last Wish Was To Tip A Waitress $500, So His Family’s Been Doing It All Year",0
"A Seriously Scary Thing Is Scheduled To Happen In New York This November
",1
Think New Yorkers Are Cranky Now? Wait Until They’re Living Over A Giant Pipeline Of Dangerous Gas,0
An Interviewer Asks An Expert What We Can Do To Stay Safer. Her Answer Is Not What I Expected.,1
Here's Your Invitation To Play The Save-The-World Symphony.,0
Some Big Things Are Hiding Right In Front Of You. And In You.,1
Want To See The World Around You? Are You Sure?,0
"A Seriously Scary Thing Is Scheduled To Happen In New York This November
",1
Think New Yorkers Are Cranky Now? Wait Until They’re Living Over A Giant Pipeline Of Dangerous Gas,0
3 Words I Wish I'd Heard When My Boyfriend Cheated On Me,1
TELL NO ONE: We Have An Exclusive Page From The Most Inspiring Book Coming Out This Year,0
"He Wants To Be A Marine, So Why Won’t We Let Him?",1
Meet A Few Young People Who Are American In Every Way But The Papers,0
Everything You Know About Sugar Is About To Be Blown Away,1
Put Your Sugar In Perspective,0
"Wait, They Say He’d Make The Perfect Marine — So, Why Are We Trying To Get Rid Of Him?",1
Four Soul-Stirring And Thoroughly American Stories You Need To Hear,0
"14 Books The Giant Nerds At Upworthy Are Reading And Shamelessly Promoting, As If You Care",1
"If You Like Upworthy, Then You May Want To Know What The Nerds Who Work Here Are Reading And Stuff",0
People Turn To The Internet For Answers. Their Questions Will Make You Cry.,1
"Lesson #3,456 In What The Internet Can Teach Us About Ourselves",0
"This Girl Lost Her Mom, Her Grandma And Her Hearing. So Why Is This Rock Band Playing Her A Song?",1
Sign Language Won't Take Away Her Pain. Only The President And Congress Can Do That.,0
"Are We Ready For A Lady President? But I Mean, Like, Are We REALLY?",1
These Girls Shouldn't Have To Wait Twenty Years For Their Pretend Election To Become A Reality,0
Senator Al Franken On How Cheetos Are Bringing Forth The Apocalypse? Sort Of?,1
The One Where A U.S. Senator Waxes Philosophically About Cheetos?,0
Watch An Abused Child Get A Secret Help Message In Broad Daylight That His Abuser Can't See,1
How To Stop Child Abuse With Epic And Secret Ninja-Spy Messaging Action,0
Here’s What The Little Guys Can Do That The Big Guys Just Can’t,1
"Give Me 6 Minutes, And I’ll Make You A Forever Believer In Community Radio",0
What’s It Like To Leave Your Culture Behind And Be Unwelcome In Your New Home?,1
Immigrant Voices: What It Was Like Coming To America,0
Creepy Corporation Does Something So Cartoonishly Evil That We Have To Make A Dr. Evil Reference,1
"It's Rare That I Imagine A CEO Petting HIs Creepy Cat In A Volcano Lair, But This Company Is Special",0
How Al Gore Could Have Won The 2000 Presidential Election With Ease,1
How Mr. Squash Became Mayor Of Plantville,0
"Guess Who Is Responsible For 25% Of The American Diet?
",1
"It’s Going To Hurt A Lot More If We NEVER Get Stung By Bees Again
",0
You Won't Believe Who Is A Bigger Threat To America Than Osama Bin Laden,1
I Would Really Love It If Congress Stopped Trying To Kill All Of Us,0
Watch These Straight People Answer A Question Gay People Have Been Asked For Years,1
Straight People: We're Just Born This Way!,0
The Scariest Math Problem I've Ever Seen. Can You Solve It?,1
One Of These Things Is Not Like The Other One,0
"Meet Dale. Gay People Make Him Uncomfortable. Ironically, He Makes Everyone Else Uncomfortable.",1
"If Gay People Scare You, Then You Are Doing It Wrong",0
"The Earth-Shatteringly Amazing Speech That’ll Change The Way You Think About Adulthood
",1
Some Advice For Getting Through The Frustrating Moments Of Adulthood,0
Elizabeth Warren Has A New Idea That’ll Make You Swoon,1
Elizabeth Warren Has A Very Good Idea. Let’s Make It A Reality,0
How Much Does It Cost To Make Congress Ignore Something 91% Of Americans Support?,1
The United States Senate Has Over 8 Million Reasons To Be Ashamed,0
It Doesn't Take A Rocket Scientist To Understand How Much This Epic Song Rocks. Especially IN SPACE.,1
Watch A Classic And Epic Rock Song About Space Being Sung By A Space Man IN SPACE,0
The Final Act Of The Departing Commander Of The International Space Station Truly Rocked,1
I Was Unaware That They Took The Old 1980s MTV Channel Up Into Space,0
"I Think I Speak For Everyone When I Say, 'Please Keep Your Genitals Out Of Our Toy Stores.' Okay?",1
"Why Toys 'For Boys' And Toys 'For Girls' Makes No Sense
",0
What Do Prisoners Want? I'll Give You A Hint: Every American Child Gets It For Free.,1
"We Already Threw One Book At Them, Why Can't We Do It Again?",0
"I Think I Speak For Everyone When I Say, 'Please Keep Your Genitals Out Of Our Toy Stores.' Okay?",1
FLOWCHART: When It's Okay For Boys To Play With Dolls And Girls To Play With Cars,0
"How Delaware Just Ruined The List Of The Top 10 Best States
",1
Ain't No Party Like A Delaware Party Cause A Delaware Party Is Inclusive,0
"You've Heard The Anti-Gay Leviticus Bible Quote, But Have You Heard The Very Next Line?",1
A Suitable Punishment For Gay People According To Leviticus. Who's Picking And Choosing Now?,0
The One Where Bill Maher Gets Clobbered By A Knuckle-Sandwich Of Fact,1
Glenn Greenwald Scores One For Historical Context,0
"It May Look Like Graffiti, But It's Actually A Ridiculously Concise Indictment Of The Media",1
"This Is A Bleak View Of Corporate News. In Other News, It's A Pretty Accurate One.",0
Did This Billionaire Just Say What I Think He Said?,1
What Dirty Secret Did This Knight Just Reveal About His Virgin?,0
30 Classic Dr. Seuss Quotes That Will Change Your Life. Again.,1
The Greatest Quotes By Dr. Seuss Never Get Old,0
Here's A Home Video That Wouldn't Have Been Possible 20 Years Ago,1
Tell Me What It's Gonna Be Like Now That You Two Are Going To Be Grandpas',0
The Punishment For Blowing The Whistle On Government Corruption Is Horrific,1
Trying To Uncover Government Corruption? You May Have To Finish Your Investigation From Prison.,0
"When His Dad Beat His Mom, He Was Powerless To Stop Him. He's Not Powerless Now.",1
"A Starship Captain. A Superhero. A Knight. Before All That, He Was A Scared Little Boy.",0
The Zombie Bill That Could Destroy Your Right To Privacy,1
Meet The Bill That Would Let 603 Government Agencies Spy On You (Without A Warrant),0
A Kid Falls Off HIs Skateboard And The World Is WAY Better Off For It,1
It's A Good Thing This Kid Totally Biffed It Off His Skateboard,0
Meet The Happiest Man To Call HImself A Christian Who Is In No Way A Christian At All,1
Know How White People Always Save African People In Movies? They Just Make Everything Worse In This.,0
All The Men In This Video Are Awful. Thankfully All The Women In This Video Are Amazing.,1
Women Earn 78¢ On Every $1 Compared To These Men. So Some Women Are Gonna Do Something About That.,0
Why America Needs To Behave Better If We Want To Be The Greatest Nation On The Planet,1
America Is Sick Of Mass Killings. So Is Pakistan. So Is Yemen.,0
"If You Like 'Mission: Impossible,' You'll LOVE This Movie. The Problem Is, This One Isn't Fiction.",1
America Knows War. They Are War Masters.' — A Guy America Is Trying To Kill.,0
The Kind Of Girl-On-Girl Love That Everyone Can Agree On,1
"Oh Snap, Is My Favorite TV Star Building An Army Of…Young Girls?",0
Here's The Sexiest Homage You'll Ever Hear To An Inanimate Object.,1
"Move Over, John Keats. Grecian Urns Are SO 1820.",0
Best Way To Answer A Question. Hands Down.,1
"BOOM: How You Hope to Have Any Question Answered, Every Time.",0
Ten Cents Can’t Buy Anything These Days. Or Can It?,1
How Amazing Would It Be If Food Workers Didn’t Have To Struggle To Feed Their Families?,0
"They May Look Ordinary, But 16 Million Kids Have A Secret. And It Hurts. ",1
Some Of The 16 Million America Kids In Pain Could Live In Your Neighborhood. Do You Want To Help?,0
"The State Of The World Is The Question, And GIRLS Are The Answer",1
Can One Small Investment REALLY Change the Future of Humanity?,0
These Homophobic Signs Just Got Pretty Gay,1
Step 1: Put Down The Sign. Step 2: Apply Cold Water To Burn.,0
I Bet You Wouldn't Let Aliens Treat Your Mother This Way,1
"ET Go Home, This Is MY Planet To Destroy",0
"Bitch, Please.  I’m A Momma.  I got this.",1
Give Me The Highs.  Give Me The Lows.  Give Me Motherhood.,0
Take A Deep Breath And Try Not To Cough Up A Lung,1
Would You Like Your Gas Mask In White Or Original Camo?,0
"I Hope I Die With As Much Grace, Style, Courage And Love Of Life As This Kid Did",1
Cancer Wasn't A Death Sentence For This Kid. It Was A Wake Up Call.,0
This Kid Just Died. What He Left Behind Is Wonderful.,1
"If You Take Your Life For Granted, You Should Watch This Story About A Kid Who Is No Longer With Us",0
"Would You Rather Be A Jerk To Everyone, Or A Nobody? This Graduation Speech Makes It Really Obvious.",1
"Are You A Nobody? Great! According To This College Graduation Speech, You're Officially Not A Jerk.",0
"If You're Curious What Neil deGrasse Tyson Would Be Like As Your Dad,
Watch His Graduation Speech",1
"If You Mess With Human Curiosity, You're Going To Hear About It From Neil deGrasse Tyson",0
How Did This Famous Nerd Sneak Into A Secret Meeting Of The Illuminati?,1
How Do You Say Nerd In Irish?,0
We Have Found Out Who Is In The Illuminati. The Other Thing We Found Out: They Are Weird.,1
Why The Illuminati Think Matt Damon Is A Wanker,0
"One Of The Most Patriotic Things I've Ever Seen Doesn't Involve Guns, God, Or Glory",1
One Woman And An Army Of Paintbrushes Are Making Sure We Never Forget Our Army Of Fallen Heroes,0
Which 7-Letter-Word Is NOT A 4-Letter-Word (Despite What Some Politicians Would Like You To Think)?,1
The Founding Fathers Probably Would Have Hated To See America NOT Moving In Which Direction?,0
9 Places Where No Woman Has Ever Been,1
Check Out Some Of The World’s Most Crowded Sausage Fests,0
10 Magical Pieces Of Street Art That’ll Hit You Square In The Soul,1
10 Beautiful Reasons To Look Up From Your Smartphone,0
Have You Heard Of The Recent IRS Scandal? Because They Kinda Covered Up A Much Bigger One.,1
"When You Screw Up, The IRS Makes You Pay. When The IRS Screws Up, The IRS Makes You Pay.",0
Which 7-Letter-Word Is NOT A 4-Letter-Word (Despite What Some Politicians Would Like You To Think)?,1
"On The Journey For Access To Women's Healthcare, There's Just One Direction In Which We Should Move",0
A Fan Asked Patrick Stewart A Question He Doesn't Always Get. I Wasn't Expecting This Answer.,1
Patrick Stewart Is Basically A Wonderful And Amazing Human Being. For The Reals.,0
A Fan Asked Patrick Stewart A Question He Doesn't Always Get. I Wasn't Expecting This Answer.,1
I'm Not Crying. That's Just Space Rain On My Face.,0
A Fan Asked Patrick Stewart A Question He Doesn't Always Get. I Wasn't Expecting This Answer.,1
The Time I Really Felt Like Giving Patrick Stewart A Giant Hug For Being A Wonderful Human Being,0
They Reduced Driving Speed By 22%.  And They Did It By Making Speed Cameras Fantabulous.,1
"Forget Powerball, You Can Win The Lottery Just By Driving Your Car!",0
Imagine A World Where Speeders Get Tickets And People Who Obey The Law Get AWESOME,1
"Imagine Obeying Speed Limits For Fun?  Yes, Please.",0
My Family Is In A Commercial And People Are Pissed,1
"Dear YouTube Commenters, It's 2013 And Interracial Families Exist. Deal With It.",0
"There's A Good Reason This Guy Talked Back To His Teacher, Walked Out, And Got An F",1
Why Your Barbie Doll May Be Poisoning Your Brain,0
"There's A Good Reason This Guy Talked Back To His Teacher, Walked Out, And Got An F",1
This Is Why Barbie May Be Poisoning Your Thoughts,0
7 Wonderful People Share Something You Should Know Before It's Too Late,1
What Skipping The Star Wars Prequels And Saving Your Own Life Have In Common,0
"The Absolute Best Summary Of Why The World's Middle Class Got Screwed, And How We Can Fight Back",1
Working People And Students Did Not Cause This Damned Economy To Crash,0
"If We Had More Drones, People Wouldn’t Get Away with Stuff Like This. That's Not A Good Thing. 
",1
Drone Crossing Ahead'. That's All I'm Gonna Say.,0
"When Trying To Make A Living Turned Into A Nightmare, This Woman Changed It Back Into A Dream",1
"Think Lawmakers Don't Affect You? As My Mother Used To Say, 'You've Got Another Thing Coming, Mister!'",0
"When Trying To Make A Living Turned Into A Nightmare, This Woman Changed It Back Into A Dream",1
"Think Lawmakers Don't Affect You? As My Mother Used To Say, 'You've Got Another Thing Coming, Mister!'",0
The Doctor Said His Son Should Be Committed.  He Chose To Commit To His Son Instead.,1
"Disability, Schmissability.  This Father-Son Duo Has Got This.",0
An Interviewer Asked A Muslim Man About The Murder Of An British Soldier. Here's How He Answered.,1
Lost: Hope In Humanity After The Murder Of A Soldier. Found: An Inspiring Interview To Restore It.,0
"You Don't Have To Wear A Fedora, But You DO Have To Be A Decent Human Being",1
"Not Only Do You Look Fedorable, But You're Also A Good Person",0
An Interviewer Asked A Muslim Man About The Murder Of An British Soldier. Here's How He Answered.,1
"After The Tragic Murder Of A British Solider, This Man Delivers A Powerful Smackdown Against Hatred",0
This Hilarious Lashing of PBS by Stephen Colbert Was Brought to You by the Letter “C” for Censorship,1
"You Just Know Bert & Ernie Could Be Next To Go If Stephen Colbert Can’t Change PBS’ Mind
",0
This Is An Ass-Off-The-Couch Kind Of Video.  Just An Invitation To Rock Your Inner Buddha.,1
I Dare You To Kick Off Those Mental Training Wheels And Make Your Next Bike Ride This Inspiring,0
1 Minute And 45 Seconds That’ll Make You Think Twice About Poverty,1
Where Do You Think Poverty Is Growing? You’re Probably Wrong,0
"A Prison Ignored The Most Obvious Cries For Help, And The Result Is Devastating",1
The Heartbeat In This Video Obviously Does Not Belong To The Corporation Involved,0
Boys Who Know How To Break Boxes Grow Into Men Who Respect Women,1
"In This Case, It's Totally Okay To Teach Your Kids To Break Things",0
"Next Time Someone Says You Can't Do Something, Here's Proof You Shouldn't Stop Trying.",1
"How Do You Respond To The Doc Who Says You'll Be A Vegetable? Smile, Nod, Then Prove Him SO Wrong.",0
A Politician Learned The Hard Way What It’s Like To Actually Live On Government Handouts,1
"As Other Senators Try to Cut Social Programs, Watch One Politician Do Something Else With Them",0
WHOA: 9-Year-Old Proves THAT Even 'Failing' Schools Are Capable Of Producing Ridiculously Smart Kids,1
Chicago Public Schools' Loudest Advocate Still Needs A Booster Seat,0
Guess What Natural Wonder Of The World Is Getting Destroyed Now,1
It’s One Of Richest Ecosystems In The World. And It’s Under Attack.,0
"Dive In! 400,000 Swimming Pools Full Of An Asthma-Causing Substance?",1
"Just A Guess, But If You’ve Been Breathing Lately, This Video Might Pertain To You",0
You Know Those Relationships That You Stay In Too Long? Yeah -- Here’s Another One.,1
"Poisonous Fish, Exploding Mountaintops, And Kids With Asthma? WTF?!",0
2 Lesbians Went To A Macklemore Concert And This Is What They Got,1
When I Say Macklemore Do You Immediately Think Of 2 Lesbians? You Will Now.,0
2 Lesbians Went To A Macklemore Concert And This Is What They Got,1
"If I Were A Lesbian Going To A Macklemore Concert, This Is How I Would Propose To My Girlfriend",0
Macklemore Just Caused A Lesbian Wedding To Be Planned,1
That TIme Watching 2 Lesbians Made Me Cry A Little,0
" When Facebook 'Likes' Meet Real Life, Things Get...Complicated",1
"If Armchair Activism Were An Actual Olympic Sport, This Would Be A Great Way To Advertise It",0
Girl On Girl: Not As Sexy As It Sounds,1
This Girl Is Here To Remind You That Most Women Kick Butt!,0
Watch A Kid At A Dinner Table Accidentally Destroy One Of His Mother's Lifelong Beliefs,1
Watch An Adorable Kid's Accidental And Profound Argument For Vegetarianism,0
"Nearly 4 Billion Was Spent On This Unjust War. Not Iraq or Afghanistan, The Other One.",1
WARNING: The Video You're About To Watch Contains A Serious Substance Known As Injustice,0
America Has Been Waiting Hundreds Of Years For It. This Breakup Needs To Happen.,1
What Life Would Look Like If The Two Biggest Celebrities In America Were Sexy Lounge Singers,0
"This Unjust War Costs Us About $3.6 Billion Every Year. No Not Iraq or Afghanistan, The Other One.",1
"This Unjust War Costs Us $3.6 Billion Every Year. No Not Iraq or Afghanistan, The Other One.",0
Imagine The Most Graphic Horror Movie You've Ever Seen… This Is Worse.  And It's Real.,1
The Truth About The Life Of This Lil' Guy Is Cold-Blooded,0
Is This For Real? A Woman Becomes The *Property* Of Her Husband's Family If He Dies?,1
E-Q-U-A-L-I-T-Y. There's Another Word I Wouldn't Mind Aretha Franklin Spelling.,0
"Nobody Knows About This Little Town, But You Should Before It's Literally Wiped Off The Map Forever",1
What If We Woke Up Tomorrow And Little Communities Like This Were Gone Forever?,0
"This Unjust War Costs Us Nearly $4 Billion Every Year. No Not Iraq or Afghanistan, The Other One.",1
"To Say There Isn't Injustice Here Is Is As Big A Lie As Saying ""I Didn't Inhale"" 
",0
"In Their Yearbook, They're ""Cutest Couple"", But In My Book, They're ""Most Inspiring""",1
"If There's An Award For ""Super Awesome High School"", I Know Just Which School To Honor First
",0
It Takes A Radical Movement In America To Get What Every Other Developed Country Doesn’t Think Twice About,1
"While Politicians Can't Stop Fighting Over Health Care, These Radicals Are Giving It Away For Free",0
There’s A Very Special Relationship Between These Billionaires And These Food Stamp Recipients,1
New Jobs Numbers? Why Are We Counting New Jobs? Even The Ones We Have Don’t Pay.,0
This Guy Must Be Pretty Special If All These Famous Folks Are Changing Their Names,1
Some People Are OK With Truthiness. I Prefer TRUTH.,0
Every US Agency Probably Wants This Man Dead. So You Should Hear What He Says Before That Happens.,1
You Won't Believe Who The NSA Spies On More Than Russia. Meet INSERT YOUR NAME HERE.,0
"An Ex-CIA Dude Just Pissed Off Everyone In The Government, So Watch This Before He Disappears",1
"A Secret Government Agency Is Watching You Watch This. Also, Apparently, Everything Else You Do. ",0
"An Ex-CIA Dude Just Enraged Everyone In The Government, So Watch This Before He 'Disappears'",1
If You Are Going To Give Away The Government's Most Horrible Secret About Spying On Americans...,0
Stupid Law Says No Gay Marriage? Google Says Challenge Accepted.,1
Put A Ring On It: Gloriously Gay Video Chats For A More Wonderous World,0
"I'd Like To Think I'm An Informed Straight Ally, But I'm Embarrassed I Didn't Know This",1
"They Call It The 'Defense Of Marriage Act,' So Why Is It Tearing This Couple Apart? ",0
"I'd Like To Think I'm An Informed Straight Ally, But I'm Embarrassed I Didn't Know This",1
"They Call It The 'Defense Of Marriage Act,' So Why Is It Tearing This Couple Apart? ",0
"I'd Like To Think I'm An Informed Straight Ally, But I'm Embarrassed I Didn't Know This",1
"They Call It The 'Defense Of Marriage Act,' So Why Is It Tearing This Couple Apart? ",0
" What Bros Need To Know About Rape, By Peter Gabriel",1
He Said WHAT Is A Weapon Of War?,0
Move Over Adele: This Lady Wins The 'Songs That Make Me Cry' Award,1
Super Awesome Granny Tickles The Ivories—And The Heartstrings—For Equality,0
A Bus Full Of Rude British Complainers Won't Let Facts Stop Their Angry Rant,1
These British People Want To Stop Giving Out Foreign Aid,0
"If You Know Someone Who Doesn't Believe Sexism Exists, Show Them This ",1
Women: Now Is The Time We End This. Men: Will You Join Them?,0
Move Over Adele: This Lady Wins The 'Songs That Make Me Cry' Award,1
GRANNY FIERCENESS: My New Favorite 72-Year Old Sings For Equality,0
"You're Probably A Part Of This Crowd, And Thats Why Corporate America Is Scared Of You",1
Wanted: People To Revolutionize The Economy. Hipster Beard Not Necessary.,0
They Replaced Black People With White To Make You See This Differently. Did It Work?,1
Do You Think People Will See This Issue Differently Because Their Skin Is White?,0
He Made A Choice. He Took A Life. He Made Another Choice. He's Saving A Community.,1
He Was Looking At The Man In The Mirror And He Did Change His Ways. See How.,0
The First Time This Kid Played Harmonica He Earned $80. You'll Be Floored By What He Did With It.,1
"Tell Me, If This Kid And His Harmonica Are The Future Of America... We Win, Right?",0
The Knowledge I Gained At School Doesn't Compare To What I Lost,1
See Me After Class: Is Debt The Only Major Being Offered These Days?,0
Hold Up. Are Hamburgers (Or Lack Thereof) Really The Answer To Global Warming?,1
"Yo, Help A Planet Out. Our Climate Is Out Of This World.",0
Why Is This Artist Telling You To Throw Away Your Phone? And So Beautifully?,1
SPOTTED! Soul Man In An Army Helmet Telling You How To Find Humanity In Your Digital Life,0
If You Had A Chance To Help A Blind Man Would You Do it Like This?,1
"What If Everyone Reshaped The Words They Say and Though?
",0
You Know The Name Of One Of These Athletes But The Other Two Are The Ones You Should Remember,1
"I Agree With This Superstar, Love Watching These Two Brothers Bond Over Disability",0
TABOO ALERT: People Feel Really Awkward If You Bring This Up. Especially If You've Tried It.,1
TABOO ALERT: This TED Talk Exposes A Silent Killer,0
Some High Schoolers Built A Car. You Won't Guess What It's Powered By,1
"This Car Doesn't Just Look Cool, It's Got An Amazing Story, Too",0
I Wish I'd Seen This At 3 Years Old Instead Of 30. I'd Be A Better Person Today.,1
"Republican? Democrat? Screw That, I'm With The Kindness Party.",0
This MIT Professor Has Her Sassy Pants On And She's Not Letting Mark Zuckerberg Off The Hook.,1
It's Up To Parents And Politicians To Reclaim Our Privacy Rights Before It's Too Late.,0
Here's One Minute Of Things A Girl Can't Do. As If We Needed More.,1
"If You're Sick Of Being Told The Things, You Can't Do, Because You're A Girl, Raise Your Hand.",0
"I Don't Think I've Ever Gone This Far For My Students, But Mad Props To The Woman Who Did.",1
An Absolutely Riveting TED Talk About A Woman Risking Her Life In Afghanistan,0
All Of The Kids In This Video Are Alive (But The Mom Will Bring You To Tears Over What She Lost),1
What Does A Sour Gallon Of Milk Have To Do With The Best Years Of Parenting?,0
These Kids Don't Want iPods Or Toys. What They Want -- And Don't Have -- Is Beyond Sad.,1
We'd Travel To The Ends Of The Earth For Our Kids. What Do You Do When You're Not Allowed?,0
"When A Short Skirt And Red Underwear Was The Mandatory Uniform, Female Flight Attendants Got Mad",1
"Height, Age, And Weight Requirements For Female Flight Attendants? Not Cool.",0
"Well, This Is Just About The Most Devastatingly Inspirational Thing I've Seen Today",1
"8 Million Children Per Year. If You Just Read This, That's Another.
",0
These Parents Are Modeling Tolerance For Their Children Just Like We All Should,1
"Parenting Is About More Than Genitals.  Maybe Education Should Be, Too?",0
What These Two Pranksters Did To Homeless People Will Make You Say Wow,1
"Two Guys, A Videocamera, And Some Bananas. It's Not What You Think.",0
"Who Knew Tween Girls Were Capable Of This. Oh, Wait, I Did And I Hope They Know, Too. ",1
"Talking About Boys, Texting, Shopping, Changing The World... Yep, Tween Girls Are Busy These Days. ",0
"She's Not Just Destined For Greatness, She's Destined To Do Great Things For Women",1
"Remember When Math Was ""Too Hard"" For The Ladies?  Not So Much.",0
How This Clip Manages To Offend By Acting As Inoffensive As Possible Is Genius,1
An App That Will Award Me Points For NOT Doing Something? Sign Me Up!,0
"If You Do This With Your Kids Everyday, I Guarantee They'll Be The Most Beautifullest Human Beings",1
PRECIOUS! I Wanted To See These Little Kids Break Into Cute Fist-Bumping After They Said These Words,0
"We're Teaching Kids History, But We're Leaving This Entire Bit Out?",1
"Let's Add ""The Civil War Was About States Rights"" To The List Of Lies My Teacher Told Me",0
Maybe The Coolest Car Commercial You'll Ever See,1
Find Out Why This Car's Look Might Be The Least Cool Thing About It.,0
"Waaaaaiiiit, Shouldn't My Lunch Be Worth More Than Where It Came From?",1
"Hey, Wheels Off! The Future Of Food Doesn't Include Your Car Eating My Lunch!",0
He Was Asked A Pretentious Question. His Answer Shows The Problem With The Way America Functions.,1
This Guy Gives An Interviewer His Comeuppance & Sums Up The Way Politics Works—With Boston Charm.,0
How To Scare The Crap Out Of Terrorists (And Your Citizens) 101,1
That Awkward Moment When You Realize That Your Government Saw You Peeing In That Bush,0
File This Under ‘Seriously Brilliant’ And ‘Why Didn’t We Think Of That Before?’,1
Fleeing From Disaster? Just Look For The Friendly Metal Giant Nearest You.,0
What 3-Letter-Word Can Be Used For Dragonflies But Not Peanut Butter?,1
Yay or Nay: That Dragonfly Is So Gay (Words Matter!),0
I Would Be Thrilled -- Like You Wouldn't Believe --To See These People Out Of A Job,1
Lions And Tigers And Squeeze Cages — Oh My?,0
"If Your Friends Are Using This 3-Letter-Word, You May Need To Stage An Intervention",1
Does Your Tongue Need A Transformation? Ask The Chart.,0
People Like These Are Usually Ignored When Others Pass Them By. I Dare You To Ignore Them Now.,1
You Can't Help But See The Joy In These People Now That They're No Longer Ignored,0
"What This Kid Does With A Cow, Popsicle Sticks, and A Superman Cape Will Move You To Act!

",1
Are You Ready To Take On One Of The Most Adorable Challenges To Save The World?,0
"There May Be 50 Ways To Leave Your Lover, But Here Are 4 To Be A Real Man.",1
"When You Got Elected To A Legislative Body, That Doesn't Mean You Should Actually Legislate Bodies. ",0
Hold On A Sec. Why Isn't My Lunch Be Worth More Than Where It Came From?,1
"Waaaaaiiiit, Shouldn't My Lunch Be Worth More Than Where It Came From?",0
Did You Know Babies Could Commit Crimes? These Folks Didn't Either,1
"Unlike The People In This Video, You Don't Need Papers. But You Might Need Kleenex",0
You Won't Believe This Video Was Shot In America,1
"Most People Don't Put ""Human Rights Abuse"" On Their Grocery List. Yet Here We Are",0
"If A Picture Can Be Worth A Thousand Words, This One Is Worth $1.2 Trillion",1
"If Sequestration Sounds Like A Funny Word, That's Because Congress Doesn't Speak American",0
"In 30 Minutes These Protesters ""Get Disappeared"" In Plain Sight. That Was Their Plan",1
"They Told This Art It Could Be Anything, So It Turned Into A Protest",0
"This Man Has Gone Viral. And He Won't Stop Until You Do, Too",1
"His Favorite Song Must Be ""Fever"", The Way He Gives And Gets It. All Day Long.",0
Meet A Family With 9 Adopted Kids Whose Love Will Leave You Speechless,1
One Of The Most Amazing Family of Soul Ninja’s You Will Ever Meet.  Huggles Required.,0
Simplest Description of PTSD Ever Told In Two And Half Minutes,1
A Vivid Description Of The Day The Ghost Began To Haunt Him,0
The Only Time You'll Want To Hear 'Serial Killer' And '6-Year-Old Girl' In The Same Story,1
A Fatal Disease and A Deadly Virus Battle It Out To -- Save One Girl’s Life?,0
Meet A Family With 9 Adopted Kids Whose Love Will Leave You Speechless,1
"Parents Make INCREDIBLE Leap Of Faith, Their Love Might Change Your View Of Family",0
The Secrets That Those Who Own Everything Don't Want Us To Know,1
Did You Know That The Coal Companies Once Had A Larger Army Than The Federal Government?,0
People Thought He Was A Monster And Wanted Him To Die. I’m Glad He’s Alive To Tell His Story.,1
Your Opinion On A Life Or Death Issue Might Change After You Watch This Video,0
Remember Those ‘Work From Home’ Ads? You’re Already Doing It. Surprise!,1
I’m All Hopped Up On Using My Mouse Clicks For Good. What Are You Gonna Do With  Yours?,0
"G.I. Joe Is A Big Fat Lie, And This Girl Knows His Secret.",1
The Connection Between G.I. Joe And My Monthly Expenses That All Men Should Know About.,0
"Typical Teen, Atypical Body. Watch How She Handles That Combo. ",1
"What If You Could Hear Every Sound Around You, But No One Could Hear You?",0
"The Secrets A Teen Carried Nearly Killed Her, So She Did The Only Thing She could With Them.",1
" 'Be The Change You Want To See.' It's An Inspiring Quote, But In Action, It's Life Altering. ",0
The Reality Of Who Actually Works For Minimum Wage Will Shock You,1
Women Are Finally Getting A Bigger Piece Of This Pie...Too Bad That Pie Is Only Worth $7.55,0
"If Intersectionality Had A YouTube Account, This Would Be Its First Post.",1
"Oppression Is A MultiPlayer Game, But No One Ever Wins.",0
The Law Most Landlords Hope You Never Hear About.,1
"This Video Isn't Real, But What It Could Mean For The Next Roof Over Your Head Is As Real As It Gets",0
This Woman Is So. Freaking. Beautiful. (And I Would Say That Without Ever Having Seen Her Picture),1
"Overcoming Critics Can't Be An Easy Feat In The Modeling World, But This Young Woman Figured Out How.",0
This Comedian Shows These Real Journalists That They Never Should Have Underestimated Him,1
One Of These Hosts Is Professional. Hint: It Isn't The Three Who Are Currently Hosting This Show,0
"She Had A ‘Pretty Woman’ Moment At A Dress Shop, But Her Response Is Way Better Than Julia Roberts’",1
"How To Feel Beautifully Confident, Even When Some Jerk Tells You You Shouldn't",0
Who Doesn't Like A Little Gratuitous Nudity To Go With Their Violence Towards Women?,1
"If You're A Woman In A Video Game, Your Chances Of Getting Killed Just Skyrocketed",0
Children In Every Country Except Brazil Are Terrified To Have Chemotherapy. This Is Brazil's Way.,1
Batman Is Here To Lend A Hand To Children With Cancer,0
The Three Adorable Things That James Gandolfini Was Afraid Of — You May Remember Him Differently Now,1
Everybody's Favorite Mafia Boss Talks About Why It's Okay To Be Scared,0
Ladies: Did You Know 'The Wizard Of Oz' Is Actually A Cautionary Tale For You?,1
The Wizard Of Oz': A Story About How Women Can't Be Trusted To Fend For Themselves?,0
Ladies: Did You Know 'The Wizard Of Oz' Is Actually A Cautionary Tale For You?,1
"For A Story With So Many Strong Women, The Director Of 'Oz' Sure Made Them Seem Helpless",0
"What Happens When You Combine A Racist and A Strong Black Man? A Stunning Moment, That's What.",1
So You're Telling Me This Movie Is Historically Significant Because A Black Guy Slaps A White Guy?,0
That Awkward Moment When Someone Proves That You'll Only Ever Be A Bitch,1
"Wait, We Got The Right To Vote And The Right To Work, But Not The Right To Succeed? All Righty Then.",0
"He Shot His Entire Community, And They Love Him For It",1
"If You See This Man Coming At You, You'll Want To Smile When He Shoots",0
Is This Horrifying? Yes. Did It Save A Few Lives? You Be The Judge.,1
Would There Be Less Accidents In The U.S. Workplace If Our Government Did This?,0
AIDS-Related Problem Goes Unsolved For 10 Years – So Some Gamers Solved It in 3 Weeks,1
GEEK UP! Internet Gamers Solve 10-Year Old AIDS-Related Challenge. How They Beat It Is Beautiful!,0
"That's Weird, Why Isn’t The Media Reporting On The Most Exciting Media News In Years?",1
"For Once, There’s Good News On The Subject Of Corporate Control Of The Media
",0
"Civil Rights Defenders Won This Fight In 1965. This Justice Explains How It’s Been Undone In 2013.
",1
"How Can This Law Have Served It’s Purpose When The Problem So OBVIOUSLY Still Exists?
",0
"Photographer Sick of Fashion, Reframes His Idea Of Beauty –– With Gorgeous Results",1
"Photographer’s Sense of Beauty Once Defined By Editors, Now Defined By Humanity",0
"One City Is About To Make Its Schools So Dangerous, People Are Refusing Food In Protest",1
Can You Imagine Anything Worse For Schools Than Teacher Layoffs? It’s Happening Right Now.,0
Stop Collecting Used Books To Send To Developing Countries. Start Supporting This Instead.,1
How To Turn A Classroom In A Developing Nation Into A World-Class Library,0
Watching People Disrobe Has Never Been This Disturbing,1
What Would Happen If You Took Off Every Piece Of Clothing That's Not Made In The USA?,0
Oh Snap! How 23 Words From One Female Senator Silenced A Room Full Of Anti-Choicers,1
"We Were Watching, We Were Supporting, And We Were Blown Away By The Question She Asked",0
Oh SNAP! How 23 Words From One Female Senator Silenced A Room Full Of Anti-Choicers,1
"The 23 Words That Summarized What Was REALLY At The Core Of The Anti-choice Bill
",0
"This Could Easily Be Shown On TV, And That Scares The Crap Out Of Me",1
"Fun Outside Of School Activities Include: Bike Rides, Zoo Trips, Shooting AK47's
",0
"This Could Easily Be Shown On TV, And That Scares The Crap Out Of Me",1
"Why Does It Feel Like This Infomercial Is Trying To Get Me Killed?
",0
The Age-Old Problem Of How To Get Textbooks To Kids All Over The World Has Just Been Solved,1
Struggling To Provide Opportunities In The Developing World? There’s An App For That!,0
Here's The Saddest Reason Any Kid Could Ever Get Teased At The Lunch Table,1
This Kid Says He Had A Good Day. What Can We Do To Make It Better?,0
Why The Religion Of 'Positive Thinking' Needs To Be Burned At The Stake,1
The Tsunami Of Positive Thinking And Why It Can Swamp Us,0
Words Like Good And Will Don't Belong Together If This Is The Kind Of Thing They Do,1
"If You Put The Word 'Good' In Your Name, Don't You Have An Obligation To NOT Be Bad?",0
I’m So Sorry My Country Is Breaking Up Your Family,1
Since When Is Separating Families An American Value?,0
What's The Worst Thing You Could Say To A Congresswoman Who Lost Her Legs In Battle? FOUND IT.,1
Telling Amputee Vets That A Sore Foot In Prep School Is 'In The Line Of Duty' Under Oath? BAD IDEA.,0
Here's How DOMA Is Like That Awkward Person At The End Of A Party Who Just Won't Leave,1
"Until This Map Is Rainbow Colored And Covered In Glitter, We Have A LOT Left To Do
",0
A Beloved World Leader Goes On Oprah And Is Totally Clueless About The Show’s Topic,1
Oprah Reflects On An Interview With Nelson Mandela. Take A Moment To Be Inspired.,0
Watch An 83-Year-Old World War ll Vet Shave Off About 50 Years In 15 Seconds,1
"Which Footage Is More Moving — World War Ll Pilot Surviving A Plane Crash, Or That Same Pilot Seeing It For The First Time 50 Years Later? 
",0
Are You Afflicted With The Human Condition? This Quick Quiz Will Tell You.,1
"YOU GUYS, You are NOT The Only One Who Feels How You Feel Right Now",0
The Supreme Court Did WHAT!? The Terrifying Ruling No One's Talking About.,1
Why Is Everyone So Silent On The Supreme Court Ruling That Messed With Our Right To Remain Silent?,0
"What's The Dumbest Thing You Could Say To A Congresswoman Who Lost Her Legs In Battle? Um, THIS.",1
Shady IRS Contractor Tries To Lie To Injured Vet. He Does Not Get Away With It.,0
The Supreme Court Did WHAT!? The Terrifying Ruling No One's Talking About.,1
Is Knowing The Bill Of Rights REALLY Necessary To Be Protected By Them?,0
What Happens When Corporations Are Treated Like People? Ben & Jerry’s Has An Answer For That.,1
"The Difference Between A Democracy And A Dough-ocracy, Courtesy Of Ben & Jerry’s",0
"I Hate To Be The Bearer Of Bad News, But There’s Some Unseemly Sh*t Happening In Iceland, Folks",1
How Can Such A Tiny Country Keep Killing Such Ginormous Animals?,0
"I Think I’m Supposed To Be Turned On By This, But I’m Super Grossed Out Instead",1
Watching This Couple Eat Sexy Foods On The Beach Is Decidedly Unsexy,0
Listen To A Guy Describe How He Got ‘Fixed’ While In Prison. It’s Not What You Think.,1
Prison Drama Isn’t Always A Bad Thing,0
"On Mother's Day, She Was On The Bathroom Floor, Hungover, And Pregnant. ",1
"Alcoholism, Bulimia, And Drug Addiction Taught This Woman That Life Is Brutiful",0
This Is Why The 2014 World Cup Is A Bad Idea,1
"When I'm Feeling Poor And Hungry, All I Want From My Government Is Some... Soccer?",0
"Having A Near-death Experience Is Hard, But The Beauty With Which This Woman Talks About It...Oof.
",1
"Everyone Has Their Own Ways Of Dealing With Death. Egg Salad, Poetry, Commercials...
",0
This Video Celebrating Pride Is Like A Unicorn Leaping Into A Pool Full Of Skittles,1
DOMA is DONEZO: YouTube Commemorates The Viral Videos That Changed The World,0
"A lot Of Us Assumed It Was Over, But We Were Incredibly Wrong.",1
"Are We Post-Racial? Ohhh, Ohhh Let Me Answer This Question!",0
Watching People Disrobe Has Never Been This Disturbing,1
That $29.99 Shirt You're Wearing? There's A Snowball's Chance In July That It's Made Here.,0
The Most Beautiful Sounding Middle Finger To Islamist Rebels I've Ever Heard.,1
"Love Is Blind, Talent Is A Gift, And Using Your Talents To Make A Stand Is Just Plain Inspiring.",0
"I Thought America Valued Freedom Of Assembly. So... What's Happening Here? 
",1
Top Tip On How To Avoid Getting Arrested In America: Never Stand Up For What You Believe In,0
Are You Human? Here’s A Quick Quiz To Find Out.,1
We Are More Alike Than We Are Different. You Can Tell By Our Text Messages.,0
"If You Look A Little Closer, These People Might Surprise You",1
"Eighty-Six Percent Of These Workers Have Something In Common, But It's Not What You Think",0
Here's Some Retro Advertising Actually Makes A Lot More Sense For Kids Than What's Around Today,1
"Moms And Dads, Step Away From The Bedazzled Princess Unicorn Toys - There ARE Other Options",0
"Here’s One Minute Of Powerful Realtalk That Everyone Confused About Human Rights Should Watch
",1
"Dear UN, Please Get It Together For The World's Women. Love, A Surprising Humanitarian Star",0
It Only Took Rachel Maddow 48 Seconds To Dismantle An Anti-Gay Zealot's Flawed Ideas On Marriage,1
Out-Of-Touch-Guys: Gay Marriage Is Will Destroy Straight Marriage. Rachel Maddow: Bless Your Hearts.,0
It Only Took Rachel Maddow 48 Seconds To Shut Down An Anti-Gay Zealot's Flawed Ideas On Marriage,1
It Only Took Rachel Maddow 48 Seconds To Debunk An Anti-Gay Zealot's Flawed Ideas On Marriage,0
"The Recovery Is Over! Stock Market Is Up! Life Is Great! Wait, What?",1
"The Stock Market Is Up, And I'd Prefer Not To Cheer...Kthanxbye",0
"Wow, This Elementary School Was Horrible To A Little Girl. What She Did About It Was Equalitastic.",1
This Court Case Is A Huge Victory For Equal Rights. And It's About ... Bathrooms?,0
Bill Nye The Science Guy Explains The Basics Of Something You Should Really Know,1
If Only We Could Get Everyone In Congress To Watch This Simple Explanation Of A Captain Planet Issue,0
"Look, I Get It. Girls Like Pink. That's Only Because You Forgot To Show Them Something Way Cooler.",1
"Instead Of Giving Your Daughter A Doll, Why Don't You Give Her Super Giant Brain Powers AND A Doll",0
"Wow, This Elementary School Was Horrible To A Little Girl. What She Did About It Was Equalitastic.",1
"Every Once In A While, A Court Makes A Badass Ruling And Bathroom Users Rejoice",0
The Little Girls Toy That Will Help Your Little Girl Change An Entire Dude-Dominated Industry,1
My Daughter Will Not Be Defined By The Color Pink. She Will Define How To Engineer Pink.,0
Socialized Medicine: You Keep Using That Word. I Do Not Think It Means What You Think It Means.,1
Can We Get The People Fighting Over Health Care A Time Machine? They're Stuck In 2009.,0
Watch A Bunch Of Little Girls Sing A Power Ballad Shattering What Little Girls Are Supposed To Like,1
It's Time To DePinkerate Our Daughters Lives And Insmartify Their Spongey Brains,0
"If You Wrote A Letter To Your 12-Year-Old Self, Would It Sound A Bit Like These?",1
"Helping Australian Teens Fight Bullying, One Letter To The Past At A Time",0
Dog Tries To Save Owner After Cops Handcuff Him. What Ensues Is Heartbreaking.,1
Horrifying Video: Dog Shot After Trying To Save Owner. Was Any Of This Necessary?,0
Dog Tries To Save Owner After Cops Handcuff Him. What Ensues Is Heartbreaking.,1
Did These Cops Really Need To Shoot This Man's Dog?,0
The True Story Of A Man With No Heart. Literally No Heart.,1
WHOA: Doctors Prove Life Possible Without A Pulse Or A Heartbeat?,0
What Goes Through A Soldier’s Mind During An Attack? Might Not Be What You Expect.,1
Something You Should Watch Before You BBQ,0
"Rapper Makes A Reference On Needing To Use A Fist In A Way You Wouldn't Imagine
",1
"HOT CELEB TRENDS: Tuxedos, White Ties and Reflecting Thoughtfully On Workers Rights",0
A Simple Joke About A Super Obvious Problem In Hollywood Said In A Refreshingly Sly Way,1
"This TV Character Is Speaking Fluent Onion—Or, When What You're Saying Couldn't Have More Layers",0
These Women Paint A Vivid Picture Of What Fairness Should Look Like When Leading A Country,1
These Women Are Getting This Part Of The World To Embrace Another 'L' Word: Leader,0
Know An American Who Thinks We're Equal? Show Them What This Guy Does When He's Stopped By A Cop.,1
"The Two Dangers Of Driving Are Car Crashes & Bullet Wounds. For People Who Look Like This, At Least.",0
This Film Will Speak To You Only Because It Doesn’t Say One Word,1
What Would This Combat Zone Be Like Without The Combat?,0
"If You're Young, This Is The Only Obamacare Infographic You Need. I Obamadare You To Click On It.",1
INFOGRAPHIC: Does Obamacare Make You Obamascared?,0
Meet The Doctor Who Thinks We've Got America's Biggest Health Problem Backwards,1
"He's Talking About Revolutionary Science, But This Is Really An Apology To A Patient He Failed",0
"The Next Time Someone Talks About Starving Kids In Africa, Show Them This",1
"These People Were Hungry For A Better Food System, So They Went Ahead And Made One",0
This Comedian Is So Funny You Wont Realize You Heard Something Meaningful Until She Takes Her Bow,1
"The ""Chow Like Cho Diet"" Will Give You Some Food For Thought About The Real Hollywood",0
Try NOT Wanting To Be A Better Person – After Meeting This Man,1
One Man Gives All Of Himself To Those Who Have Nothing,0
BOOYAH! Morgan Freeman Says What Everyone Is Too Embarrassed To Say About Our History.,1
I Needed A Refresher Course On The DOI. Don’t Know What The DOI Is? Aha! I'm Not The Only One!,0
This Is Literally Just A Video Of A Bunch Of Super Happy People. Watch It And Just TRY Not To Smile.,1
"There’s A Lot Left To Do, But Let’s Just Smile And Hug Each Other For A Moment, Shall We?",0
He Said He'd Never Been Out Of His Wheelchair For Long. What He Did When He Got Out Was Astounding.,1
A Man With Cerebral Palsy Shows Us What Determination Looks Like,0
"In The Worst Moment Of Her Life She Turned To YouTube For Help, And It Worked. ",1
It Isn't Just For Status Updates: Social Media Changed This Woman’s Life,0
A Bunch Of Congressmen Have Zero Helpful Answers To Some Really Simple Questions,1
Great. How Has The Government Lost Track Of 60 Billion Dollars This Time??,0
Westboro Baptist Church May Have Met Their Match... And She's 5 Years Old.,1
She Could Have Been Selling Prune Juice For Her Cause And I Still Would Have Bought Five Glasses.,0
I Doubt His Parents Thought Sending Their Gay Kid To A Christian School Would Have These Results,1
Should Militaristic Brainwashing Techniques Be Used On Troubled Kids?,0
THE LAST LAUGH: This Woman Became Exactly What She Was Told She Couldn't Be.,1
She Didn't Let Aged Advice Stop Her. Now She's Giving Age Old Advice That'll Make You Never Stop.,0
"I Always Wondered If Those Doctors On Tv Were Hazardous To My Health, And This Doc Confirms It",1
Rapping Doctor Says That All The Doctors On Tv Are Sucka MDs,0
"A Mother Is Looking For Her Son, She Finds Him In The Scariest  Place.",1
"It's 10:00pm, Do You Know Where Your Brothers Are?",0
OMG!!! This Veterinarian Essentially Tortures Himself To Shed Light On A Dangerous Habit.,1
"For The Love Of Dog, This Veterinarian Essentially Roasts Himself",0
"So If Her Parents Had Given Up, They Never Would Have Seen This ",1
Your Special Child May Be Way More Special Than You Even Realize,0
Homosexuality Has Spread To Our Cereal And This Host Has Had Enough!,1
I Knew I Saw That Fruit Loops Toucan At The Gay Bar The Other Night,0
This Comedian Totally His The Bulls Eye About America's Newest Media Disgrace,1
How Long WILL It Be Before Paula Deen Is Back On TV Waving A Stick Of Butter?,0
"If You Think We Haven’t Come A Long Way, Watch How Ridiculous Men Were 40 Years Ago",1
Freshest Cross-Body Block A Marathon Has EVER Seen,0
"If This Sweet Project Won Second Place At The Science Fair, First Place Must’ve Been A Time Machine",1
The One Time I Admit A Fifteen-Year Old Is Waaay Smarter Than Me,0
"If You Think We Haven’t Come A Long Way, Watch How Ridiculous Men Were 40 Years Ago",1
On The Right Track: Meet The Boston Marathoner Who Changed That Course For Female Runners Forever,0
Being Told To Eat Healthy Is Meaningless If You Can't Compare Foods. Here's A Good Method.,1
"Here's A Video To Help You Judge Your Food, Which Is Okay Because Food Doesn't Have Feelings",0
"The Next Time You Hear Someone Say That Americans Are Lazy, Show Them This",1
The Top Reason We're All Stressed To The Max Is Right Here,0
This Hilarious Parody Of Race In Hollywood Is So On The Money,1
Ever See Pimp #2 On Law And Order And Think To Yourself 'This Is My Dream?',0
I'm Not Sure I Could Do What This Actress Did—In Front Of A Police Car—In A Foreign Country...,1
"She May Act For A Living, But This Time Her Fearless Actions For Gay RIghts Take Center Stage",0
"Do You Understand These Two Words? Here, Let Stephen Fry Break It Down To You.
",1
"Let Britain Show You How To Send A Message To Your Leaders
",0
"Calling Them ""Girls"" Was Their First Mistake. What Happens Next Is A Great Moment In Fierceness.",1
"After This Verbal Beatdown Of A Corporate Big Wig, The Only Thing Missing Was Two Snaps And A Circle",0
"Don’t Be Distracted By The Wondrous British Accents. Just Listen To These Two Words.
",1
WOW: How One Country Is Sending Two Powerful Words To Their Leaders,0
"I Cannot Believe The Men Are Doing This In Front Of Our Eyes
",1
"As A Woman Who Regularly Protests, The Fact This Isn’t A Bigger Issue Makes Me So Mad
",0
"I Cannot Believe The Men Think They Can Get Away With This In Front Of Our Eyes
",1
"The Justice System Is Screwed, The Country Is In Upheaval, And These Women Have Had Enough
",0
What Happens When Corporations Are Treated Like People? Ben & Jerry’s Has An Answer For That.,1
"The Scoop on Citizens United, Courtesy Of Ben & Jerry’s",0
The Only Time It’s OK To Make A Kid Cry In Front Of His Entire School Is Right Here,1
A Bunch Of Middle Schoolers Actually Raised Their Hands And Volunteered For Something?!,0
This Comedian Is TOTALLY Right About America's Newest Disgraced Celebrity,1
So How Long Before We See Paula Deen Back On TV?,0
"A Little Kid Talks To Paris Hilton... Wait, Where Are You Going? I Promise Its A Good Thing.",1
What Do @ParisHilton And @CharlieSheen Have In Common With Brazilian Children?,0
Watch A Pro Wrestler Make All These Kids Smile While He Body Slams Their Worst Fears,1
"These Kids Are Worried About Their Future, So This Pro Wrestler Decided To Give Them Hope In The Ring",0
"This Woman Doesn't Believe In God, But Her View On Life & Death Is Absolutely Heavenly",1
"This Playwright Just Convinced Me That I Am A Flower, And I Think You Are Too",0
Bette Midler Didn’t Know This Was Going To Be Caught On Tape. That Makes This Even More Amazing.,1
Bette Midler Gives Private Performance Over Cell Phone For Woman's Last Wish. Beautiful.,0
Muhammad Ali Was Asked By America To Kill People. His Response Is Legendary,1
"Muhammad Ali Could Throw A Mean Punch, But The Fight For His Freedom Was His Real Knock-out",0
When Hanging Out With A 9-Year-Old Tanzanian Boy Doesn’t Look Like A Feed The Children Campaign,1
What’s More Compelling Than Footage Of A Child Soldier In Africa? How About Movie Reviews?,0
"In Case You Missed It, Here's What The Trayvon Martin Case Was About (Aside From Attempted Justice)",1
Imagine If This Man Had Walked Down The Wrong Street On The Wrong Night Wearing The Wrong Thing,0
The One Where McDonald's Makes An Employee Budget Planner And It Blows Up In Their Faces,1
"If You Follow This Budget Planner From McDonald's, Happy Meals Might Be Your Only Way To Eat",0
"If Your Heart Is Broken For Trayvon Martin, Here Is A Small Bit Of Solace",1
I’d Like To Create A Playlist For America This Week. Here's Track 1.,0
I Can't Believe I Live In A Country Where Children Are Saying What I Just Heard This Pundit Say,1
"I Bet If All Of Your Neighbors Were Alligators, You Would Know How This Host Feels",0
This Comedian Heard Her Staff But Maybe Wasn't Listening? Now She's Not Saying Anything.,1
"If Laughter Is The Best Medicine, Why Do These Funny People Worry About Getting Sick?",0
How Can Our Kids Accept Diversity If This Is What We Use To Raise Them?,1
"Brown Bear. Brown Bear. What Do You See?  Well, Apparently Not You.",0
Why Do We Need To Keep Convincing People This Is A Real Disease?,1
"We Might Not Hold Relays Or Fundraisers For This, But It's No Less A Disease",0
The Most Beautiful Answer To A Rude Question That Gets Asked All The Time,1
These Hardworking People Make Something That Can't Be Measured In Dollars,0
"The Wheelchair Is 2,300 Years Old. There’s Finally A Better Option.",1
"This Guy Can Walk Now, Thanks To Science NONFICTION",0
A Perspective On George Zimmerman That Every Person Should Hear,1
"What Happens When You Identify With A Killer, Even If You Don't Want To?",0
What Stevie Wonder Did For Trayvon Just Made My Heart Skip A Beat,1
It's Looking Like Florida Isn't The Sunshine Of Stevie Wonder's Life,0
"This Is The Story Of A Kid Who Only Wanted A Dime, But Got A Life Lesson He Won’t Forget Instead",1
"You Can’t Decide What You Want People To Remember You By, Which Is Why This Story Is So Wonderful
",0
How Did It Not Dawn On The Police That This Woman Was The Victim Of A Hate Crime?,1
"To The Court, Its Case Closed. To A Mother's Heart, Its Being Closed-Minded.",0
"I’d Like A Bag Of Fries, A Coke, And This Massive Injustice Sorted Out By The Time I Pick It Up",1
"You May Think You're Too Good For A Big Mac, But I Don't Think You're Above Supporting These Workers",0
I Don’t Think Eminem Realizes He’s Become A Science Teacher,1
"Anything That Encourages Kids To Consider Being A Rapper Alongside A Brain Surgeon Is Amazing
",0
"The Government Wants You To Be Ready For Zombies. And They Have A Good Reason, Too.",1
How Does The Government Get People To Care About Emergency Preparedness? Zombies.,0
Watch The First 54 Seconds Of This Video And I Guarantee You’ll End Up Watching The Whole Thing,1
"This Is The Sound Of Your Trash Can. You’re Going To Want To Put It On Repeat. 
",0
"As A Man, I’m Disgusted That We Could Demean Women This Way. Disgusted.",1
"Call Me Crazy, But I Don’t Think Moms Should Have To Hide In Dirty Bathroom Stalls",0
"Whether You're For War Or Against It, Here's How It Changes The People Who Fight",1
100 Reasons We Can’t Take Our Troops For Granted,0
Here's The Infographic Your Gas Station Doesn't Want You To See,1
How Far Away Are We From Knee-High Flooding In New York?,0
"Terrorists Bomb A City Council Meeting, But You've Never Heard Of The City",1
Why We Can't Just Shoot Our Way Out Of A Terrorist War,0
A Holocaust Survivor's Compassionate Message To The German Population,1
"A Holocaust Survivor Has Nothing But Love, Peace, And Good Advice For Germany",0
A Famous Actor Dies And Leaves Behind This Important Message I’d Never Seen Before Now,1
"A Famous Actor Dies Too Soon, But His Wish For All Kids Lives On",0
"Think Trayvon's Record Said Something About His Character?  Well, Get A Load Of This.",1
"Hey, People With Records Are No Good And Deserve To Die...Unless They're White",0
"Some Of These People Have Done Horrible Things, But What We Are Doing To Them Should Be A Crime",1
5 Ways To Make Our Current Prison System More American,0
"If You Knew Watching A Two Minute Video Would Feed A Hungry Kid, Would You Do It?",1
What Could Possibly Make Summer Break Suck For A Kid?,0
One Girl Had A Mission To Show Everyone They Were Beautiful. Here's Her Story.,1
Cancer Sucks. This Little Girl Decided Not To Let It Block Her Shine.,0
"By The Time He’s Done Brushing His Teeth, This Kid Will Be Dead. It's Pretty Cool.  ",1
What Ends Up Killing This Kid In The End? Only Time Will Tell.,0
Those Teachers Enjoying 3 Months Of Paid Time Off? Let's Put That Into Perspective...,1
"If You Can Read This, Thank A ParentNurseComfortorProtectorSafetyNetCounselor",0
Meet 4 Kenyan Women Who Want You To Keep Your 'Poverty Porn' To Yourself,1
What's Unusual About The Messaging For This African Charity?,0
"If We’re Going To Change The Influence Money Has Over Politicians, We Need To Listen To These Folks
",1
"Q: How Exactly Can We Turn A Moment Of Outrage Into A Movement? 
",0
You Won’t Believe How Much One Clerical Error Messed Up This Girl’s Life Plans,1
"This Teen Wants To Help Cancer Patients, So OBVIOUSLY Deporting Her Totally Makes Sense",0
"She Did Well In School And Had Plans To Be A Doctor, So The U.S. Gov’t Took The Next Logical Step",1
"This Teen Wants To Help Cancer Patients, So OBVIOUSLY Deporting Her Totally Makes Sense",0
Watch A Religious Man Eloquently Explain What Everyone Missed About The Trayvon Martin Case,1
"Based On What I've Heard About Hannibal Lector, You Should Probably Start Profiling Your Grandfather",0
Six Startling Facts About Moms Working In The Restaurant Industry,1
True Story: Over 90% Of Working Mothers In This Industry Have NO Paid Sick Days,0
You'll Want To See Why This Teen Can't Distinguish Corporate Farmers From Drug Dealers,1
PASS THE MIC: He Says Fruits Filled With Pesticides And Hoods Filled With Bullets Go Hand In Hand,0
Short And Bitter: Racism's Catch 22 Explained In Two Sentences,1
"Well, If You Put It That Way... What Were The Last 200 Years For, America?",0
"One Of The Best Reasons For Straight-Up Lying On Climate Change I've Seen In A Long Time
",1
"The US Chamber Of Commerce Totally Reversed Its Position On Climate Change? Well, Kinda Sorta.",0
Rachel Maddow Connects The Dots. Only The Dots Are Women’s Rights. And They’re Disappearing.,1
When Are These Legislators Going To Stop Exploiting Their Power At The Expense Of Women?,0
He’s Caught Lots Of Criminals In The Act; Now He Has To Hide His Face So They Won't Catch Him,1
Could This Guy With A Mop On His Head Actually Be A Real Life Superhero?,0
"Armed With A Glass Of Water And Some Cold-Hard Facts, This Guy Blows Up The Debate On Islam",1
"Meet Islam’s Most Eloquent Defender
",0
"I’ll Puke If One More Politician Swears The Children Are The Future, And This Infographic Is Why",1
I Don’t Think The College System Is Supposed To Function Like A Pair Of Cement Shoes,0
5 Statistics That I Always Keep In Mind When Talking About Race,1
"If This Kid And I Were Standing At A Train Station, Its 8 Times More Likely He'll Get Shot.",0
Consider This Trashy Fact Before Digging Into Your Next Seafood Feast,1
What Do You Have To Do With The Junk In Not-So-Free Willy's Trunk?,0
What Could Make An Entire Room Full Of Football Players So Emotional?,1
"There May Be No Crying In Baseball, But In Football Its AOK",0
"One Fact About Raising The Minimum Wage Is So Unbelievable, I Had To Fact Check It Like 5 Times",1
By The Numbers: What A Minimum Wage Increase Would Do To Your Shopping Bill.,0
A Celebrity Couple Are Hounded By Paparazzi As They Walk Down The Street. They Respond Wonderfully.,1
The Kind Of Attention Seeking That I Am Totally Cool With Celebrities Doing,0
Watch A Retired Teacher Destroy What's Left Of A Politician's Mayoral Campaign In Under 2 Minutes,1
Watch The Guy With A Funny Name Act Unfortunately Like HIs Name When Challenged On His Shortcomings,0
His Jokes Will Wake The Part Of You That Used To Make Friends Without Mark Zuckerberg's Help,1
W-W-Dumber-You? This Jokester May Be Right About When Technology And Human Nature Mix,0
You Can See Her Groundbreaking Joy In Every Note She Sings,1
This Pioneer For Women Uses Her Heart As Much Her Lungs To Make Beautiful Music,0
The Food Pyramid Was Supposed To Show Us How To Eat. It Did That. But In The Worst Way.,1
"How The Food Industry Plays Politics, Manipulates Psychology, And Laces Addiction Into Food For Profit.",0
Some Geek Boys Called These Geek Girls 'Fake.' They Won't Make That Mistake Again.,1
"Hey, Cool. A Music Video About My Life. Featuring People I Want To Be Friends With.",0
"This Commercial Isn't Real, But It's Brutally Honest",1
"Can You Guess What Suffocates Dolphins, Is Almost Immortal, And Can Be Used To Make New Islands?",0
"Why The Police Drove Past Her Instead Of Helping Her (Like She Asked Them To) Is Dumbfounding
",1
"Congratulations For Winning My Prestigious Slow-Ass Award, Detroit Police",0
Can You Believe Some Condescending Geek Guys Think These Brilliant Geek Girls Aren't 'Real'?,1
"I'd List All The Nerdy Stuff I Like, But Oh Wait — I've Got Nothing To Prove",0
Here Is What It Looks Like When Girls Get Sick Of Being Called 'Fake',1
"I'm A Geek Girl, I'm Not Weak. I Like What I Like, And I've Got Nothing To Prove. ",0
Desmond Tutu Delivers One Kick-Ass Line Against Anyone Advocating For A Homophobic God,1
"If Heaven Is Homophobic, Desmond Tutu Would Rather Go To Hell",0
"If White People Don't Deal With This Issue, Then It's All Their Fault When It Happens Again",1
Why Don't More White People Speak Out About White On White Crime,0
"I Hate To Yell “Misogyny!” In A Crowded Country, But What Else Can You Call Texas’s Actions?",1
There’s Nothing Worse Than Being Stood Up By Your Governor On Your Way To A Cancer Screening,0
Split Screen Look At Growing Up Rich Vs. Growing Up Poor,1
Two Lives. Same Planet. Completely Different Worlds.,0
This Little Girl's Words Will Take You To A Dark Place So We Can See The Light,1
"Sticks And Stones May Break Her Bones, But Words Can Always Hurt Her",0
"I Think Many Women Will Agree With What She Thinks Is The Worst Thing We Do To Girls
",1
Girls Shouldn't Feel Guilty For Being Born A Girl. Yet Why Are So Many Made To Feel That Way?,0
I Want To Pay A Tiny Bit More Taxes After Seeing This,1
I Bet You Didn't Know How Much Of A Rockstar You Are At Fighting Global Disease,0
"There Are Two Sets Of Loud Noises, But His Neighbors Only Decide To Complain About One",1
Perhaps They'd Wish It Were A Private Matter. The Second Part Of His Test Certainly Suggests That.,0
"When The Police Think These Boys Are Dealing Drugs By High-Fiving In Public, Something's Not Right",1
"Reality Check: Their Job Is To Protect People, Not Demonize Them
",0
Watch This Guy Totally Misspell Father At A Spelling Bee For A Totally Beautiful Reason,1
You Would Have A Hard Time Spelling This Word Too If That Had Happened To You,0
"This Disease Hasn't Made News In 60 Years, But Its Resurgence Could Make Headlines in The Next 10",1
This Put One Of Our Most Popular Presidents In A Wheelchair. We Can Put It Away For Good.,0
"An Infographic About Malaria That Made Me Happy. No, I'm Not A Psychopath.",1
Progress Or Not Enough? You Be The Judge Of How One Disease Is Being Fought,0
"Turns Out, Learning This Dance Could Be A Matter Of Life And Death",1
"Which Is More Of A Pickle: Being A Teen, Or Critters Facing Climate Change?",0
"Here’s a Bet, If In The Next Ten Minutes You Drop Your Shoulder Like This Lady, This Experiment Wins",1
Performance Art Just Got Pumped Full Of Swagger,0
"The Plan That Will Make College Students Love President Obama For … Oh, About Two Years.",1
"Planning To Go To College? Might As Well Start Writing Checks To The White House Right Now.
",0
Why College Students Will Soon Be Screwed As Soon As They Graduate,1
Money + Republicans + Democrats = Broke Students,0
Would You Be Able To Guess The Top Five Happiest Careers In The U.S.?,1
What Keeps Employees From Bashing In Their Copy Machines With Baseball Bats?,0
This Boy Lays Out An Experience Most White People Will Never Have To Worry About,1
"Walking Down The Street Can Be Worrying If You're White. My Bad, I Mean't Black.",0
What's The Word For When Your Government Does Something That Makes You Want To Vomit?,1
Why The United States Government Needs A Timeout Now More Than Ever,0
One Of These Things Is Not Like The Others' Shouldn't Have Come To Mind When I Viewed A Class Photo,1
"The World Would Be A Better Place With Less Of The 'Before' And More Of The ""After'",0
"I'm Not Religious, But This Time I Think We Should Listen To Jesus",1
The Real Question About Deportation Is - Would We Kick Moses Out?,0
"This Photographer Introduces Us To The Army's Version Of The Chastity Belt.
",1
"When You See These Soldiers, Think To Yourself ‘What Was I Doing At This Age?’",0
One Of These Things Is Not Like The Others' Shouldn't Have Come To Mind When I Viewed A Class Photo,1
"The World Would Be A Better Place With Less Of The 'Before' And More Of The ""After'",0
The Beer/Marijuana Commercial That Is Making Adults Everywhere Rethink Their Position,1
"Finally, A Way To Look At Marijuana That Even My Mom Approves Of",0
A Police Officer Gets Fired For Exactly The Wrong Reason,1
How Broken Is A System That Allows Cops To Be Fired For Not Writing Enough Tickets?,0
The Arrogance Of People Who Are Comfortable Will Never Fail To Shock Me,1
This Economist's Ideas Are So Not My Cup Of Tea That They're Actually Coffee,0
"One Of The Highest Paid Jobs You Can Get Out Of College Is One I've Never Even Thought Twice About
",1
Some Surprising Reasons Why ‘Made In The USA’ Just Isn't Really A Thing,0
"Next Time I'm The Mayor Of NYC, I Hope I Don't Get Shamed As Badly As The Daily Show Shamed This Guy",1
The Mayor Of NYC Thinks That His Program To Unfairly Judge Citizens Is Being Unfairly Judged,0
Perhaps This Infographic Will Make You Quit Smoking - Or I Hope It At Least Opens Your Eyes,1
"The, Frankly, Depressing Amount The Tobacco Industry Earn In One Infographic",0
A Child Shouldn't Be Saying Sorry To Her Mom For Costing Her Money,1
"Forget The American Dream, How Do These Families Make It Through To Tomorrow?",0
Imagine If There Was A Town In The USA Where You Couldn't Get Water. It's Not Imaginary Anymore.,1
"Dear Oil Companies, Have You Tried NOT Being Cartoonishly Evil For LIke 5 Minutes? Just Sayin'. ",0
"Next Time I'm The Mayor Of NYC, I Hope I Don't Get Shamed As Badly As The Daily Show Shamed This Guy",1
The Daily Show' Treats Mayor Bloomberg To Some Accountability Ice Cream With Reality Sprinkles,0
"I Never Want To Hear Any Child Say What These Kids Do To Their Parents. Ever.
",1
"Can Someone Explain Why These Children Are The Ones Saying Sorry?
",0
"Everybody Poops, But 2.6 Billion People Do It In A Really Crappy Way",1
Why We Need To Make #2 Our #1 Priority,0
What Happens When ‘I Can’t’ Isn’t Part of A Child's Vocabulary Is Pretty Darn Cool,1
Fulfilling Your Potential Takes An Amazing Attitude and Spirit. Arms Are Optional.,0
The Tolerant Residents Of This Wonderful Small Town In Kentucky Bought A Tear To My Eye,1
This Small Town Shows You Don't Need To Be From A City To Be Open Minded,0
The Controversial Mass Text That You Should Absolutely Not Be Mad About,1
The Only Spam I Am Willing To Have Sent Directly To My Phone,0
The Controversial Mass Text That You Should Absolutely Not Be Mad About,1
"Your Phone Is Trying To Help You Be A Hero These Days, And Here Is How",0
"The Simplest, Most Brilliant Way to Save Gas That I Have Ever Seen",1
How To Keep Your Kids Happy And Save A Ton Of Gas And Aggravation,0
"When Detroit Failed To Find A Connection, This 25-Year Old Took It To the Streets",1
Meet A Young Leader Whose Putting Some Heart And Soul Back Into Motown,0
"He Got Mad As Hell When His City Couldn't Connect, Then Did Something Badass About It",1
What Drives This 25-Year Old To Connect The Motor City?,0
Meet 5 Women Who Took Advantage Of A Law You Should Know More About,1
Title What Now? Taking Advantage Of The Law That's Apparently Not Just About Sports.,0
"If A 'Nice Guy' Says These Two Words To You And Means Them, Revoke His Nice Guy Card",1
Just Because You Are Nice To A Girl Doesn't Mean She Owes You Something,0
Parents Unknowingly Allow Children To Ride This Thing. Looks Fun!,1
"Using Little Kids To Make Political Points? Looks Pretty Fun, Actually.",0
Neil Gaiman Casually Encapsulates A Piece Of Every Book Lover's Soul In One Epic Quote,1
"Here's Your Literary ""YES, THIS"" Moment For The Day (And Every Day)",0
"The 2,200 Missing People In Arizona No One Seems To Give A Shit About
",1
Would You Want The Contents Of Your Pocket Be What You Leave Behind In The World?,0
Here's The Most Perfect Quote About How To Make A Bad Thing A Little Better,1
BAD DAY FIXER OF THE DAY: One Quote That Everybody Who's Ever Needed An Escape Can Identify With,0
I Wasn't Expecting To Get Emotional When This Sitcom Star Started Talking About His Fame,1
A Fictional Captain And A Real Sergeant Gave This Sitcom Star His Best Stories On Fame,0
The Brilliant Reenactment Of The Trayvon Martin Murder That Every American Should Watch,1
MUST WATCH: Here's 26 Really Valid Reasons We Shouldn't Stop Talking About Trayvon Martin. YET.,0
"In A Country That Can't Stay Out Of The Headlines, Here's One Thing The Media Hasn't Covered",1
Living Through A Civil War Is One Thing. Doing It On An Empty Stomach Is Another.,0
I Used To Order This Every Time I Went To Get Drive-Through. Nooooooot After Watching This,1
Chicken Nuggets — Would You Like Microscopic Fiber With That?,0
A Woman Is One Of The Most Important People In Movie History And You've Never Even Heard Of Her,1
Watching This Made Me Think — Is There A Woman Who Successfully Made Fire Before Prometheus?,0
I Can Think Of One Or Two CEOs That'd Ground Their Kids For Getting Near This Thing,1
"Could A Carnival Ride Destroy A Corporation? Not Likely, But It Still Looks Awesome. ",0
"They Tried To Make This Popstar Dress And Sing A Certain Way. She Refuses, And Answers Wonderfully.",1
Janelle Monae Wants To Redefine And Rebel Against Something That Women Face Everyday,0
4 Demands From the 1963 March On Washington Still Haven’t Been Met,1
"Hooray For Civil Rights! Now Where Are The Economic Opportunities? 
",0
What’s It Like To Take Pictures In A Country Where Cameras Were Outlawed?,1
The Bravest Photographers In Afghanistan Might Be The Ones Working After The Troops Are Gone,0
What We Talk About When We Talk About Food Stamps,1
"Breaking: Media Company To Merge With Straw Man Factory
",0
"They Were Married 19 Years When Oregon Cancelled Their Vows. They're Fighting Back, The Right Way.",1
"You Can't Ignore Their Love, But Oregon Can Ignore Their Totally Legitimate Marriage. FOR NOW.",0
What’s It Like To Take Pictures In A Country Where Cameras Were Outlawed?,1
Being A Photographer Is A Job That’s Both A Century Old And Brand New … In Afghanistan,0
"Dear Religious Extremists: The Cameras Are Staying, And That's Final.",1
The Taliban Could Come Back. But These Guys Are Ready To Shoot No Matter What.,0
Your Unhealthy Love For Public Health In 14 Images,1
14 Ways You Reveal You Unhealthy Obsession With Public Health,0
"This Great Talent Might Not Fit Your Image Of A Rocker, But... Well, Just Listen To Him Play.",1
A Handicapable Musician Shows That You Can Do Anything If You Have The Motivation,0
"Before He Was Assassinated, MLK Jr. Had A Really Radical Idea
",1
WATCH: The MLK Jr. Speech You Probably Haven’t Heard Before,0
He’s Worked At Burger King For 8 Years. Guess How Much He Makes.,1
"He’s Got 3 Kids, Works 2 Jobs, And Makes Barely Enough To Survive. 
",0
"The Reason Why She Lives In A Shelter Should Make You Very Upset
",1
What If You Worked Full-Time And Still Couldn’t Afford To Move Your Daughter Out Of The Shelter?,0
"Hard To Believe The Woman At The End Of This Video Is The Same Woman As At The Beginning
",1
A Brave Woman With AIDS Allows Us To Witness Her Incredible Recovery,0
"I Knew Looks Could Be Deceiving, I Just Didn't Know They Could Be SO Deceiving",1
"Sweet Baby Zeus' Thunderpants, Looks Can Be Deceiving",0
Don't Think Looks Can Be Deceiving? Take A Peek At This Guy.,1
People Who Assume He 'Can't' Will Hear His Rockin' Vengeance When He 'Does',0
"If You Didn't Love Bill Nye Before You See This, You'll Love Him After (Or You're A Cold Robot)",1
Are You As Good At Your Job As Bill Nye Is At His Job?,0
"When I Saw That This Was A List Of Things Made In China, I Didn't Expect To Be So Shocked",1
"If I Had A Nickel For All Of The Items Now Made In China, I'd Have To Start Making Nickels In China",0
These Are The People You Should Thank For Making Our World Waaaay Less Deadly,1
They’ve Already Saved 20 Million Lives. Let’s Help Them Save 20 Million More.,0
"When I Saw That This Was A List Of Things Made In China, I Didn't Expect To Be So Shocked",1
"If You Are Reading My Words Right Now, There's An 80% Chance It's On Something Made In China",0
A Hilarious And Beautiful Song About All The Crazy Sh*t Women Do To Look Good,1
"A Song Called 'The Armpit Song' Is, Meaningful, Beautiful, And About So Much More Than That",0
"If 287,000 Women Had Been Given A Few More Choices About Their Sex Lives They’d Still Be Alive",1
I’m Lucky To Live Somewhere Where I Have Choices About My Maternal Health. 222 Million Don’t.,0
Watch A Gut-Wrenching Moment A Father Sees His Son For the First Time After He Is Thought To Be Dead,1
Watch The Father and Son Who Capture The Gut-Wrenching Human Side Of War,0
The Warning Label That We Never Knew We Needed Until We Saw It,1
The Cheapest Way To Change Our Gas Pumps In Order To Slow Down Climate Change,0
"Bullying And Rape Culture Have A New Enemy, And He Is … A Fraternity Brother",1
"The Hardest Bullies To Stand Up To Are The Ones Who You Call Brother
",0
This Rapper Schools Us On Who We Have To Thank For That 5 O'Clock Feeling,1
A Rapper's Verses Tell Us Who We Have To Thank — For That 5 O'Clock Feeling,0
You Know Those Power Lines That Stretch On Forever When You're Driving Across The Countryside?,1
The Incredible Things That These People Do So You Can Turn On Your Lights,0
Why Is This Mom Putting A Bullet Proof Vest On Her Kid?,1
Shots Fired! Moms Take Aim At Congress To Help Save Our Children,0
"If We Legalize Weed In America, We'll Have To Deal With A Lot More Of These People",1
"If You Can Be Hypnotized By A Cat, You Probably Shouldn't Be Driving, Right?",0
"This Woman Saw A Ginormous Problem, And, Well, She Pretty Much Saved The Day",1
This Woman's Ambition As A Child Is Causing A Ginormous Change In Her Community,0
At 5pm The Mans Daughter Was Sick. By 7pm She Was Dead. Her Killer Is Now Being Cleaned Up.,1
These Powerful People Know That The Poor Do Not Deserve Poor Solutions,0
You Know Those Power Lines That Stretch On Forever When You're Driving Across The Countryside?,1
You Know Those Power Lines That Stretch On Forever? Here Are The People Who Actually Hang Them.,0
"After I Saw This, I Put Down My Phone And Didn’t Pick It Up For The Rest Of The Day",1
"If You Ever Feel Panicked When Your Phone Is At 20% Battery, This Might Help",0
A Ginormous Energy Company Picked A Fight With College Kids. They Probably Shouldn't Have Done That.,1
Once Upon A Time Some College Kids Chased An Energy Company Out Of Town,0
"A Ginormous Energy Company Picked A Fight With College Kids And Really, Really, Regretted It",1
Dear Ginormous Greedy Energy Company. Check. Your Move.,0
What’s Schizophrenia Like? A Woman Who Hears Voices Explains It Beautifully.,1
"Talking To The Voices In Her Head Helped Her Get Better, Now She’s Helping Others",0
Hilarious Examples Of People Who Can’t Think For Themselves,1
"I’m Betting Lady Gaga Would’ve Kept Her Hat On, In This Situation",0
"20 Years Ago We Thought Of It As Sci-fi, And Now 162 Countries Can Stare Me In The Face",1
"""Global Community"" Used To Be Just A Saying, But He Shows That It's As Real As We Want It To Be",0
"Fast Food Workers Have Had Enough. If You Want Fries With That, You Might Have To Get Your Own ...",1
"50 Years Later, One Congressman Is Still Marching For Justice. This Time, It's About Minimum Wage.",0
This Woman Saw A Huge Problem In Her Community And Did Something No One Else Knew How To Do,1
"Her Community Needed Some Serious Help, So She Took On The Challenge",0
A Bunch Of Young Punks Just Managed To Make A Giant Monolithic Corporation Freak Out Big Time,1
A Giant Monolithic Corporation Is Trying To Bully A City Into Paying More For Dirtier Power. Whoops.,0
His Piano Playing Is Beautiful. I’m Glad He Has Somewhere To Play It Now.,1
"For These Homeless Families, One Key Makes All The Difference In The World",0
"When Everything In Syria Is An Emergency Room, A 'Normal' Hospital Visit Looks Like This",1
This Doctor Is Doing The Best He Can Do To Save Lives In Syria,0
​Sorry Pregnant Lady: You Can't Give Birth Here Because You're Poor,1
They're Not Letting A Little Thing Like Money Kill Them,0
A Pastor Asks His Politician Why He Supports Gay Marriage. I Don't Think He Was Expecting That Reply,1
"The Eloquent, Perfect Reply A Prime Minister Gives To An Anti-Gay Marriage Pastor Live On Television",0
"She Swam From Cuba To Florida, Walked Up Onto The Beach And Told Everyone 2 Things To Never Forget",1
"What's Grown, Profound, And Just Walked Out Of The Water After Swimming From Cuba? ",0
"She Swam From Cuba To Florida, Walked Up Onto The Beach And Told Everyone 2 Things To Never Forget",1
"I Wish I Could Push Myself As Far As She Just Did. Oh Wait, Apparently I Can ",0
Alyssa Milano Made A Sex Tape And It's Really Important That You Watch It. I'm Not Joking.,1
A Celebrity Sex Tape About Syria. Trust Me.,0
A Boy Came Out On Facebook. His Mother Found Out And Decides To Leave A Letter.,1
The World Would Be A Drastically Different Place If All Mom's Said These Words To Their Gay Child,0
A Journalist Was Asked By Her Network To Cover Paris Hilton. She Did This Instead.,1
Fellow 'Journalists' Try To Bully Her Into Covering A Paris Hilton Story. It Doesn't Work.,0
Pretty Much The Next Jimi Hendrix — Is That Too Subtle For How Talented I Think This Kid Is?,1
I Have The Perfect Casting For A Jimi Hendrix Movie If You Wait About 10 Years,0
A Journalist Was Asked By Her Network To Cover Paris Hilton. She Did This Instead.,1
Fellow 'Journalists' Try To Bully Her Into Covering A Paris Hilton Story. It Doesn't Work.,0
When She Realized Her Students Were Suicidal This Teacher Changed Her Curriculum,1
If You Heard Your Students Were Suicidal What Would You Do?,0
Half Of Us Did This Illegal Act After We Graduated College. It's Not Okay.,1
There's A Word For What This Is... What's It Called Again? Oh Yeah — Slavery.,0
"Nice Try Banning This Advert, Rupert Murdoch, But Australia Can Watch It Here Instead",1
"Well This Looks Familiar: Rupert Murdoch, What Are You Trying To Do To Australia's Election?
",0
"No Matter What You Think About Intervening In Syria, Here’s One Voice You Should Hear Out
",1
"On Syria, Should America Be More Like Sweden? 
",0
"A Simple Gesture Shows The Goodness In People, And That's All It Really Takes",1
How In The World Are Basketball And Beer Making Me Tear Up?,0
He Just Came Up With The Worst Idea In The History Of The Internet. It Involves Robbing You.,1
"Meet John Wooley. The Big Cable Companies Hired Him To Screw- Er, Show You A ""Better"" Internet.",0
It's Cute That They Thought We Wouldn't Notice Them Trying To Rip Us Off,1
Click Here If You Think Websites Shouldn't Be Pay-Per-View,0
"A Boy Makes Anti-Muslim Comments In Front Of An American Soldier. Bad Idea, Dude.",1
"Do Americans Have A Problem with Muslims? If So, Can They Listen To The Soldier Here Speak?",0
"Jimmy Kimmel Puts One Over On The Entire World, And The Biggest Sucker Was The News Cycle",1
"TWERK. Did I Get Your Attention? No? You Must Not Be The News, Then.",0
Seeing America From This Perspective Makes Me Feel Like A Total Heel,1
"America And China Are Just Stomping The Planet With Our Big, Fat, Designer-Shoe Carbon Footprint",0
"A Boy Tries To Commit Suicide At Age 15, Then Becomes An Awesome Role Model At 41",1
"He Was 15 Years Old The First Time He Tried To Kill HImself. Now, He's A Role Model For Gay Kids. ",0
A Comedian Rises From The Dead To Explain Why We're Going To Invade Syria,1
Q: Why Some Countries Are So Good At War? A: Because They Get A Lot Of Practice.,0
"You Know, These Ladies Really Have A Point About Something Most Of Us Don't Even Notice",1
Sunday Night Gets A Poke In The Right Direction... Um... I Mean... You'll See.,0
"On September 11, 2001, A 12-Year-Old Kid Learned A Hard Lesson. It's Time You Learned More About It.",1
"That Day Had No Black Or White, Because Under That Rubble Everyone Was Gray",0
Think Seeing A Little Male Nudity On TV Is Too Explicit? Then ... It's Time To Hear The Hard Truth.,1
The Sunday Night Double Standard Gets Hilariously Spoofed,0
They Told Her No Firm Would Pay Her Equally. So She Started Her Own.,1
How One Determined Lady Paved The Way For Women On Wall Street,0
It Takes A Lot Of Bravery To Ask A Question Like This In Front Of A Bunch Of Working Class Folks,1
A Bunch Of America Working Class Folks Stand Up For An Undocumented Family In A Really Cool Way,0
Here's A Debate Between An Atheist And A Christian. You'll Be Surprised At How It Plays Out.,1
A Debate About Religion That Doesn't End In Fisticuffs. Seriously.,0
"It’s Not Illegal To Torture Animals, But It Is Illegal To Take A Picture Of Someone Doing It",1
How Do You Stop Whistleblowers From Exposing Your Disgusting Business Practices? Outlaw Them!,0
One Of My Favorite Authors Says There's Something We Should Remove From All Classrooms,1
Wouldn't It Be Great If We Could Make Education Better For All Kids Without Spending A Dime?,0
"Beautiful Flash Mob Of Marriage Proposal Adorableness, Aisle 10",1
"Can We Get A Judge To Aisle 10, We Have An Engagement To Clean Up",0
This Man Kept A Secret For Most Of His Life. Not The Kind Of Secret You're Probably Thinking...,1
Can You Really Define What An American Is?,0
"Before He Dies, What This Guy Does For His Child Is Beautiful",1
A Zombie Touched My Heart Without Eating It,0
His First 4 Sentences Are Interesting. The 5th Blew My Mind. And Made Me A Little Sick.,1
What First-World Country Pays The Most In Taxes For Healthcare?  WRONG.,0
"After An 8-Hour Workday Or 40-Hour Workweek, You're Pretty Much Shot",1
"We're Working More, But We're Making Less. Ummm, Maybe We Should Stop That?",0
How Do You Get Kids To Study Harder? One Pizza Owner Had This Genius Idea.,1
You Want Free Pizza? Recite Abraham Lincoln's Gettysburg Address And You'll Get It.,0
An NBC Panel Suggests We Stop Talking About Banks Being Evil. Barney Frank's Response? Priceless.,1
"When You Hear NBC Hosts Talking About The Poor, Poor Bankers, You Know Something's Up",0
The Simple Act Of Kindness That You'll Remember Next Time You're Talking To A Waiter In A Restaurant,1
"The Act Of Kindness I'd Do If I Had A Spare $200. But Hey, I'll Just Smile At This In The Meantime.",0
The Reason We're All Safer on The Job In One Image,1
The Reason You're Much More Likely To Come Home From Work In One Piece Today,0
"If You Don't Think Teachers Do Enough On The Job, Have I Got A Graphic For You",1
Perhaps We Should Let The Pentagon Raise Money From Bake Sales And Use Their Budget For Schools?,0
"13 People Were Just Murdered In DC, So The Chief Medical Officer Said What She Felt We Need To Hear",1
"When Trauma Surgeons Start To Lecture Us About ""Senseless Trauma"" You Know Something Needs To Change",0
One Of The Best Points I've Ever Heard Was Made In A Single Word,1
And Now Presenting: A Perfectly Political Punchline.,0
"13 People Were Just Murdered In DC, So The Chief Medical Officer Said What She Felt We Need To Hear",1
"After The 13 Dead In DC On Monday, Their Trauma Center Doctor Wants To Be Put Out Of Business",0
I Can Guarantee In One Minute Your Respect For This Kid Will Multiply,1
"Middle School And Rehab Should Never Go Together, But For Jacob, It Has",0
A Bold and Beautiful Reason To Talk To Each Other In The Elevator,1
A Vibrant Reminds To Get Out There And Find Them,0
"One Infographic You’ll Want To Take To The Grocery Store And Tape To Your Fridge
",1
"Could Giant Ziploc Bags Help End Hunger In Developing Countries?
",0
He Was In A Coma. What He Could Hear His Students Saying To Him Is Absolutely Moving.,1
This Man Knows How To Make You Feel Impact Of Educators,0
Watch These Straight People Answer A Question Gay People Have Been Asked For Years,1
Straight People: We're Just Born This Way!,0
"Ok, Ok I Got One - A Muslim And A Jew Walk Into A Bar…What Do They Demand?",1
"We Can All Agree That Iran, Israel And The US Need Peace. These Two Comedians Are Stepping Up",0
"He Was Asked An Arrogant Question. His Great Answer Shows The Problem With How The U.S. Functions.
",1
This Guy Gives An Interviewer His Comeuppance & Sums Up The Way Politics Works—With Boston Charm.,0
"Next Time You Bully Someone, You Better Hope They're Not Related To Him",1
"To Save His Sister, One Boy Risks Everything (Everything = Christmas Presents)",0
I Didn't Realize How Much We Needed To Examine Ourselves Until This Actress Spelled It Out,1
Solidarity Is For Everyone But Those Who Really Need It,0
"The President Wants Your Money, But It's For Something Totally AWESOME",1
Funding America's Plans For Syria ... With Kickstarter?,0
Fracking Is Pretty Hard To Understand — Until It Isn't,1
Drilling Holes And Pumping Chemicals: Spend A Day Ruining Drinking Water,0
One Teen Says A Brilliant Goodbye To All The Names He Was Called In School,1
You Can Call Him Vinny. I’m Gonna Call Him ‘Mister Brave-Smart-Awesome.’,0
And The Winner For 'Biggest Hint That Hollywood Is Twisted' Is...,1
Every Year A Different Person Wins. But Somehow It's All The Same.,0
Doing This To Kids Is Like Helping A Person Who Is On Fire By Drowning Them,1
"If You Want To Complain About Immigration, You Are Doing It Wrong",0
I'm Sorry ... Immigrants Contribute HOW MUCH Money To This Country?,1
"According To This, The Mexican Border Is Basically The New Ellis Island. How Do You Feel About That?",0
The Surprising Story Of How One Of The Most Famous Women In Our Culture Came To Be,1
How 'We Can Do It' Grew From Wartime Propaganda To A Feminist Symbol,0
Winston Churchill's Perfectly Hilarious Response To A Gay Scandal In Parliament,1
Gay Scandal In Parliament? Winston Churchill Doesn't Need A Speechwriter For This One.,0
His Friends Know He Is About To Die. See How They Say Goodbye.,1
A Single Image That Shows How Close These Teams Can Get,0
College Kids Do Something To Incoming Freshman No One Expected,1
"College Students Lend A Hand To Disabled Kid. Actually, An Arm. It’s Robotic And Insanely Cool.",0
"The Biggest Myths About Obamacare, Shot Down In One Clip",1
So Are You Worried That The Affordable Care Act Is Costing Jobs?,0
At First I Thought He Was Making Fun Of Himself. Then I Realized He Was Warning Me.,1
"He Isn't A Superhero, But His Superpower Is Tellin' It Like It Is.",0
Okay. This Is How I Want Every Law Explained To Me.,1
And This Little Piggie Really Knows It's Facts,0
"She's Not From Here, So Why Does She Sound Like That?",1
She Knows She And Her Family Belong Just Where They Are,0
Something To Think About Before You Take That Next Pill,1
"You Need To Know What Superbugs Are, And You Need To Know How You're Creating Them.",0
"She's Not From Here, So Why Does She Sound Like That?",1
She Knows She And Her Family Belong Just Where They Are,0
"These Dancing Teens Are Defying Expectations, Statistics, And Maybe A Few Laws Of Physics
",1
"In A City Where Becoming A Statistic Seems Like Fate, Some Incredible Teens Are Bursting Through",0
I Just Want To Know Who’s Been Hiding These Numbers From Us All Along?,1
"You Thought The Mormons Moved To Utah For Religion, But It Was Really For The Fuel Savings",0
I Just Want To Know Who’s Been Hiding These Numbers From Us All Along?,1
"If You Love Smog, International Conflict, And Price Spikes, Find Yourself A Different Infographic",0
Corporate Media Tried To Stop The Little Guys. So The Little Guys Called In Some Friends.,1
"If You Hate Mainstream Media, You Can’t Just Walk Outside And Build Your Own. Or Can You? ",0
What This Craigslist Ad Says About The Government Shutdown Is Pretty Bold,1
How This Could All End Up If The Government Fails To Get Itself Working Again,0
These Comments About Politics Are Too Mean To Be True. But They ARE True.,1
Who's Decision Is It Anyway? Theirs Or Ours?,0
"Before You Hit The Drive-Through With Your Kids, Watch This Video. It Might Make You Think Twice.",1
Serving Up An Order Of Truth: $2 Billion In Marketing To Our Kids Is Too Much For Me,0
A Senator Gets Mad About The Shutdown And Starts Naming Names. About Time.,1
Don't Like It When The Government Shuts Down? Maybe You Should Start Saying What She Is Saying.,0
Something To Keep In Mind Next Time You're Thinking About Ordering Crab Or Lobster,1
"If A Kid Comes Out Of Their Shell Early In Life, It's A Good Thing. For Crabs, Not So Much",0
Think Everyone Should Just Pull Themselves Up By Their Bootstraps? Try This One On For Size.,1
What Does Your Life Expectancy Have To Do With Your Zip Code? This.,0
SNEAK PEEK: The Documentary That The NFL Would Rather You Skip,1
Meet The Doctor Who Tackled The NFL's Biggest Scandal,0
The Woman Who Has As Close To A Super Power As We Can Get,1
"The Overwhelming Power Of Love, Told Through The Story Of One Woman's House",0
Just Take My Money Already - I’m Ready To Make A Reservation RIGHT NOW,1
Just Take My Money Already! I’m Ready To Make A Reservation RIGHT NOW.,0
It Only Took A Minute For All These Man Tears To Start Flowing,1
What A Special Gift To Find On Your Doorstep,0
"When They Called Him A Terrorist And Broke His Jaw, I Bet They Didn't Expect This Response ",1
"If Everyone Took The Advice Of A Man Who Was Beaten For Wearing A Turban, We'd Live In A Safer World",0
A Two-Minute Lesson For The Next Time You Face 'Incredible Odds',1
Don't You Miss When Life Lessons Could Be Wrapped Up This Snuggly?,0
The Woman Who Has As Close To A Super Power As We Can Get,1
So Many Kids Fall Through The Cracks  — Meet The Woman Making Sure That Doesn't Happen On Her Watch,0
"He's A Fraud, A Murderer, And Sorely Mistaken - We Gave THIS Guy A National Holiday?",1
"Move Over, Columbus. The Italians Have A New Hero.",0
The Debt Ceiling And Budget Battles Are Just A Screen. You Read That Right.,1
Some Of Your Paycheck Goes To Something Every Week Thay They Want To Get Rid Of,0
A Father Thought He Could Suppress Who His Son Really Was. His Son Had Another Idea.,1
Dawson's Creek Reminds Us That Coming Out Is Bittersweet For Some,0
I Kinda Want All Girls To Play This As Their Motivational Music For School Every Morning,1
The Growing Epidemic Of Girls Getting An Education,0
The Vice Principal Wanted A School Full Of Kids Like Him. So How In The World Did This Happen?,1
How Much Is A Kid's Future Worth? I Think The Answer Is More Than A Simple Mistake.,0
"The Daily Show Hires A Hostage Negotiator To Talk To A GOP Strategist. It Is Television Gold.​​​​
",1
America Is So Screwed That Even Hostage Negotiators Can't Sort This Shutdown Mess Out,0
Further Proof That Being Born A White Man Is A Bit Like Hitting The Lottery,1
Why Equal Pay For Equal Work Means Everything To Women Of Color,0
Her Husband Won A Nobel Prize. But She's About To Be A WAY Bigger Deal.,1
The Current One Made History With A Beard. The Next One Will Make History In A ... Bigger ... Way.,0
Here Are 5 Fact-Checked Things About The Place You Live That You May Not Have All The Facts About,1
I Get It. You Don't Think Global Warming Is Man Made. It's Still A Real Thing Though.,0
Watch A Music Video Parody That Deserves Both A VMA And A Nobel Prize,1
"For The Love Of Jay-Z And Alicia, Watch This Great Parody Music Video
",0
"If You Know A Girl Who’s Ever Felt Invisible Or Unheard, Please Show Her This",1
250 Million Girls Are About To Tell You Why This Moment’s Important.,0
"If Women Were In Charge, I Wonder: Would We Be In This Situation?",1
"\When A Country Makes A Mockery Of It's Own System, These People Are Put At Risk",0
Congress Did Something So Spectacularly Creepy That It's Too Unbelievable To Make Up,1
The GOP Made A Rule That Their Boss Couldn't End The Shutdown. Or Almost Anyone Else. Not Joking.,0
Two Doctors Kill A Man By Drawing On His Hand. I Would Not Recommend This Hospital.,1
"Nurse, This Man Is Dying! Get His Horoscope In Here, Stat! ",0
That Moment You Realise That America Is Actually Way More Sexist Than You Could Have Imagined,1
"Why Does This Woman Look So Upset, And Why Will You Be Cop",0
A Lobbyists And A Congressman Walk Into A Restaurant. See What Happens Next.,1
Watch A Lobbyist And A Congressman Literally Stuff Each Other’s Faces,0
"What They're Trying To Do To This Man Is Rough, But What He Says At The End Is Devastating",1
Does The Future Of Our Cities Look A Lot Like Detroit?,0
One Of The World's Most Despised Groups Is Shocking The Country With Some Cut-Throat Awesomeness,1
Do You Hate Collection Agencies? So Does This Collection Agency.,0
"We've All Done This Without Thinking And It May Ruin Our Chances At A Happy, Wealthy Life ",1
"If You Chased Dreams On Twitter, Pictured A Future On Instagram, Or Found Destiny On Facebook... ",0
Watch A Student Totally Nail Something About Women That I've Been Trying To Articulate For 37 Years,1
Watch Lily Myers Define What's At The Core Of Women's Issues In 3.5 Thought Provoking Minutes,0
Watch What Happens When This Surgeon Decides To Take The Dollars Out Of His Healthcare,1
Cracking Open Rib Cages Isn’t The Only Way This Cardiac Surgeon Shows Heart,0
"Need Your Faith In Humanity Restored? Meet ""Doctor Feelgood.""",1
Even Apocalyptic Sandstorms Can’t Seem To Stop These People From Doing Their Thang.,0
Watch Oprah Get Confused When An Amazing Woman Talks About How She Doesn't Believe In God,1
Everything You And Oprah Wanted To Know About Atheists But Were Afraid To Ask,0
The Eerie Thought About God That The Inventor Of The Nuclear Bomb Had When It Went Off,1
"The Men Who Built The Atomic Bomb Felt Like Gods When It Worked, But Not In An Egotistical Way",0
The Study Every Democrat Should Know About,1
Does Democracy Still Work In America?,0
This Video Will Make You As Uncomfortable As An Open-Backed Hospital Gown Does.,1
"Um, Gynecological Sock Puppets? Time To Add One More Thing To Your List Of Biggest Fears. ",0
"There's One Thing Almost Every TV Wife Has In Common, And It's Not That They're Naggy Buzzkills",1
Why I Almost Always Find Myself Rooting For TV Wives In Antihero Dramas,0
"National Park Service Workers Tell The Truth About The Shutdown, And It's Very Real",1
Our National Parks Don't Just Stay Beautiful On Their Own. They Need These People.,0
His Mom Made A Mistake He Will Never Be Able To Forget,1
"A Child Should Never Have To Call Their Parents In Jail. And Yet, Here We Are.",0
"It's Not Perfect, But A Couple Teens Put Together The Most Authentic Obamacare Pitch I've Seen",1
There Are Teens Who Don't Ever Think About Health Care. And Then There Are Teens Who Rap About It.,0
The Get-Rich-Quick Plan That Is Actually Killing People,1
" I Believe In Justice. I Also Believe Prison Should Be A Life Sentence, Not A Death Sentence. ",0
The Huge Invasion Of Privacy That This Woman Just Shrugs Her Shoulders At Has Me Going 'WTF?',1
Need A Halloween Costume? How About Going As The Constitution? It's All Make-Believe Now.,0
Four College Kids Decided To Try Living Like 1.1 Billion People Do Every Day,1
Think You Could Live On What 1.1 Billion People Do Every Day?,0
"I Got The Subway Earlier, And A Woman Was Being Tortured Right Next To Me",1
"Sorry For The Train Delay, There's A Child Soldier On The Track
",0
"They Openly Told Everyone All It Was Fake, And They STILL Bought Everything. Unbelievable.",1
Proof People Will Buy Anything They See On The News. See What I Did There?,0
"You Do This Everyday, Sometimes In The Privacy Of Your Own Bedroom. Mind If Everyone Knows About It?",1
"Meet Six People Who Have Betrayed Our Country Or Are Helping Save It, Depending On Who You Ask",0
A Kid Walks Into A Church And Asks For Something No Human Should Ever Have To Ask For,1
"Teens Ask For A Lot Of Things, But What One Is Pleading For Is Legit ... And Truly Gut Wrenching",0
She Works At McDonald's And Called Its Help Line. You Won't Believe What They Told Her To Do.,1
Tired Of People Getting Public Assistance? Call McDonald's Help Line And Tell THEM.,0
"If You Had 30 Pizzas, You'd Probably Throw A Pizza Party For Your Friends, Right? Not These Guys.",1
A Dream Team Combination: Pizza And An Act Of Kindness That Made Me Smile,0
Life For Millions Of People Goes A Little Something Like This,1
"If A Musician Like This Can Add His Voice To Something We All Need To Know About, Can Things Change?",0
Too Many People Don't Know What Stunting Is. Don't Be One Of Them.,1
Does Every Child Deserve To Grow To Their Potential? It Sucks That We Even Have To Ask That.,0
Like. Totally. Whatever. If You Know Someone Who Uses Those Words Show Them This Video.,1
"A Wonderful Reminder To Speak Up, Speak Loud And Well, You Know...",0
Like. Totally. Whatever. If You Know Someone Who Uses Those Words Show Them This Video.,1
"Like, You’ll Totally Get This Dude But Whatever",0
Like. Totally. Whatever. If You Know Someone Who Uses These Words Show Them This Video.,1
Like. Totally. Whatever. This Poet Has Something To Say To You.,0
He's Speaking. She's Playing. And I'm Just Over Here Trying To Pick My Jaw Off The Floor.,1
"This Guy Just Spoke The Most Beautiful Words About Ninjas, Braces, and Mono ",0
This Pastor Explains The One Thing That Always Changes People's Perception Of Gay People,1
"Why This Pastor Has A Problem With The Phrase Love The Sinner, Hate The Sin",0
Do You Really Mean To Tell Me You Don’t Like The Way I Have Sex? 'Cause That's All I'm Hearing.,1
"I’m Opinionated, Daring, And Confident — That’s What You Meant By Calling Me Those Names, Right?",0
The Reason This Guy Is So Pissed Is The Same Reason Intelligent Conversation Is Hard To Find,1
"When He Beats Around The Bush It's Maddening. But When He Does The Opposite, That's Just Lovely.",0
Can Somebody Please Explain How This Is Still Legal?,1
You Won't Believe Who's Been Sending Your Congressman To NFL Games,0
"How 'We, The People' Became 'We, The Corporations' In Under 4 Minutes",1
How Corporations Have Been Kinda Trying To Become 'People' For Almost 200 Years,0
"If You've Ever Heard People Say, 'There Are Plenty Of Jobs Out There...' Then Take A Look At This",1
Why The Old Saw That Has No Teeth: 'Out Of Work? Just Go Get A Job!',0
Star Into Her Eyes — Now Watch One Year In An Abusive Relationship Happen In One MInute,1
What It Must Feel Like To Have Domestic Violence Literally Stare Us In The Face,0
I Think This Is What People Mean When They Call Our Teachers ‘Heroes’,1
Teachers Describe Picking Up The Pieces One Year After Hurricane Sandy,0
See Why We Have An Absolutely Ridiculous Standard Of Beauty In Just 37 Seconds,1
Are You Curious Why So Many Of Us Struggle With An Important Issue? Here's A Really Short Answer.,0
Now They Use Coolers Packed With Ice.  Wait Till You See What They Want To Use Next.,1
The Standard Is 6-Hours Before A Transplant Heart Is Unsafe. How They Want To Extend That? Wow.,0
5 Halloween Posters That Hit A Little Too Close To Home...,1
"If You Can Manage To NOT Have To Live Through One Of These, You Are Lucky Indeed!",0
"When One Hour Of Work Can't Afford To Buy The Sandwich You Just Made, There Is Something Wrong Here",1
The Reality For Fast Food Workers: Can't Survive On $7.25,0
"70 Years Ago, She Dreamt Of Freedom. 30 Years Ago, They Threw Her In Jail. She's Still Fighting.",1
An Egyptian Octogenarian On Why There Is Hope For Her Revolution,0
Don't Ask Hilary Clinton About Abortion If You Can't Handle Her Answer,1
Congressman Thinks He's Cornering Hillary Clinton. But No One Puts Hillary In A Corner.,0
The Food Stamp Scandals That Nobody Is Talking About On Either Side,1
A Note To Those Who Would Cut Food Stamps When So Many Are Suffering,0
"One Look At This Graphic And You Might Think Women Aren't Creative, Literate, Or Intelligent",1
"Ohaithere, Network Television. Nice Gig You've Got Going There. But We Need To Talk...",0
"Can You Believe That Coke And Pepsi Are Desperate Enough To Stoop So Low? 
",1
"Every Time You Enjoy A Refreshing Coca-Cola, A Poor Farmer Gets Thrown Off His Land",0
Something Truly Messed Up Just Happened In Congress And You Totally Haven't Heard A Word About It,1
A Bi-Partisan Congress Just Made It Easier For Banks To Bi-Partisanly Rob Us All,0
What You Never Thought You'd Hear On Sesame Street,1
She's Not A Cookie-Addict. She Doesn't Live In A Trash Can. But Kami Has Bill Clinton's Attention.,0
Here’s A Perfect Example Of Why We Need The Arts In Our Schools,1
A Music Therapist Helps Kids Of All Ability Levels Create A Performance Together,0
We Use It Everyday ... Even Though It's Just As Dangerous As Cigarettes,1
It's A Shame We Are So Dependent On Such An Unhealthy Jerk-Wad,0
"After Tragedy Hits, He Wants To Do The Last Thing I'd Expect",1
An Ironworker In Breezy Point Wants To Do Exactly The Last Thing I’d Expect After Hurricane Sandy,0
Watch Kerry Washington Play Every Black Woman Alive Right Now On SNL,1
"Oprah, Michelle Obama And Beyonce And No One On SNL To Play Them",0
A Teenager Gets A Standing Ovation From His Class ... Just By Speaking.,1
How Colin Firth Indirectly Helped A British Boy Speak Clearly For The First Time,0
Something Truly Screwed Up Just Happened In Congress And You Probably Haven't Heard A Word About It,1
A Bipartisan Congress Just Voted To Let Banks Ruin Us And You Probably Haven't Heard A Word About It,0
"​She's A Photographer Who Captures Humanity — Yet So Many Only View Her Work In One Way
",1
"Hear One Woman Explain What It Means To Be Labeled A ""Black Photographer""",0
Something Truly Screwed Up Just Happened In Congress And You Probably Haven't Heard A Word About It,1
Something Insane Just Happened In The House Of Representatives,0
Parents Are Supposed To Protect Their Kids. What These Parents Did Is Unspeakable.,1
Would You Believe Me If I Told You About A Tradition Where Parents Sell Their Kids Into Slavery?,0
Watch An Adorable And Precocious 6-Year-Old Murder A Snitch At Her Tea Party,1
How To Stop Your Adorable Child From Putting A Hit Out On A Snitch,0
"I'm Freaked Out By Fellow Travelers With Germs, But I Had No Idea There's Something Even Worse.",1
Why Airports With No Paid Sick Leave For Staff Are Endangering Us All,0
A 5-Year-Old Girl Asked A Lesbian If She Was A Dude. She Responded The Awesomest Way Possible.,1
Coming Out Of The Closet Is Hard. Even For Straight People.,0
"What Would Happen If We Paid Moms $113,000 Dollars A Year?",1
Allowance Would Certainly Get More Lucrative,0
How The Grinch Is About To Steal From Millions This Holiday,1
"Rudolph, With Your Nose So Bright, Won't You Help Grinches In Congress See What's About To Happen?",0
A Room Full Of Feminists Just Applauded A Guy Who Dissed Feminists. Wait For It….,1
This Jerk Just Said Taliban Is Better Than Feminist. I’m The Jerk Who’s Agreeing With Him. (Whaaa??),0
They’ll Let Lesbians Do It. Straight Guys Even. But THESE People? Not A Chance.,1
The Government Agency That Would Rather Let You Die Than To Treat All People Equally,0
What He Has To Say About Your Favorite Products And Brands Should Do More Than Worry You,1
"Your Phone Isn't Innocent. Neither Are Chocolates, Diamonds, Or Cottons. Not Even Blood-Thinners.",0
"She Died Two Weeks After Giving This Interview, But Not Before Calling Out Some Serious BS",1
In 45 Seconds A Little Girl Is Going To Floor You. Then She'll Make You Care A Lot More About Cancer,0
They Ask This Homeless Veteran To Look In The Mirror. Who Stares Back Is Unrecognizable.,1
Cross The Line That Separates Most Of Us From Our Homeless Veterans,0
This Incredible Timelapse Shows Us One Homeless Veteran's Transformation,1
See How Far A Little Dignity And Respect Takes This Homeless Veteran,0
The Subliminal Message In So Many Animated Kids’ Movies And Shows Isn’t About Violence,1
"SAD FACT: For Every 1 Female Cartoon Character, There Are 3 Male Cartoon Characters",0
The Most Hilarious Parody Video I've Seen Yet: What Does The Farmer Say?,1
"Forget What The Fox Says, These Farmers Are Actually Using Real Words Like 'Work' And 'Corn'",0
"I Never Thought I'd Want To High Five A Teacher For Yelling At A Student, But I Was Wrong",1
"If All Schools Included This Lesson, Our Students Would Be So Much Better Educated",0
They Asked Him His One Wish To Change The World. He Showed Them His Art.,1
Can Graffiti Make The World A Better Place?,0
They’ll Let Lesbians Do It. Straight Guys Even. But THESE People? Not A Chance.,1
"If More People Knew About What FDA Was Doing, Would They Change Their Ridiculous Policy?",0
And Cue The Best Response To Sexism On TV Since EVER,1
One Of TV's Biggest Stars Has Stepped Into A Congresswoman's Shoes And Rocked It For Women's Rights,0
What Happened To This Being a Place Where We Gave A Damn About Our Fellow Americans?,1
What Happened To An America Where We Cared About Our Fellow Americans?,0
A Visualization Of World War II Like You've Never Seen Before,1
A Hypnotizing Way To Visualize The Panic And Scale Of War,0
"If You're Living In A Developed Country, But You're Not Happy, What Are You Doing Wrong?",1
"If A Government Can't Be Responsible For Your Happiness, Why Have A Government At All?",0
This Man On The Verge Of Breaking Down Says More In 3 Minutes Than Most Say In A Lifetime,1
This Man Lives Right In The Path Of Typhoon Haiyan And Was Pleading For Help A Year Before It Hit,0
The Same Question Is Asked To Parents And Then Their Kids. The Difference Is Kinda Revolutionary.,1
Who Are We Creating A Better World For? These Kids Have Some Ideas.,0
"She Was Stuck Paralyzed From The Neck Down, Until She Saw A Youtube Video That Changed Her Life",1
How One Simple Youtube Video Saved Cynthia From Her Paralysis,0
Would The World Accept This If It Were Happening To Men?,1
"Until Perpetuators Are Held Accountable, Women Will Stay In Danger",0
"She Was Stuck Paralyzed From The Neck Down, Until She Saw A Youtube Video That Changed Her Life",1
"How This Paralyzed Woman Could Walk Again, And How You Could Do Something Equally Epic For Yourself",0
"An Artist Figured Out How To Map All The Nukes In The World. Also, He Figured Out How To Scare Me.",1
"Bomb, Bomb, Bomb, Bomb, Bomb, THIS MAP",0
"If You See A Burglary In Progress, You're Probably Going To Report It...Right?",1
What Happens When Our Communities Suffer Because People Are Afraid To Report Crimes?,0
It's Hard To Speak About These Things In Public. So He Drew This Instead.,1
Victims Of Sexual Abuse Don’t Become Monsters. Some Become Badass Artists Who Fight Them.,0
"This Kid Just Called His Mom An Angel. After Watching What She's Done All Day, I Totally Agree. ",1
When Is A 2-Year-Old Driving A Trike Through Your House The Mellowest Part Of Your Day?,0
"If You Can Watch This Movie Trailer And Not Get Excited About The Movie Itself, You're Made Of Stone",1
Coming Soon: The Powerful Story Of How Farm Workers Kicked Some Tail,0
"When You Go Out To Eat, Tipping Is Not Optional. You Read That Right.",1
"If Minimum Wage Is The Floor, These People Are In The Basement",0
You'd Be A Feminist Too If You Experienced What She Did,1
"Hear Her Out, You Might Be A Feminist Too",0
Some States Have Decided That People Living On The Edge Might Not Be Such A Great Idea,1
Is Your State More Likely To Give A Darn About People Who Work For A Living?,0
"He's The Only One In His School. Instead Of Feeling Special, He Gets Bullied Everywhere. ",1
How Do Bathrooms Become Battlegrounds For These Teens?,0
"She Has A Dark Secret, Who Can She Tell?",1
"On Law And Order: SVU They Call Them Victims, I Prefer The Term Survivor.",0
He Was Asked Why Whiteness Made Him So Uncomfortable. His Response Is Pretty Profound.,1
"When Shutting Up Is Actually A Privilege, It's Time To Speak The Eff Up",0
Walmart Went On The Record About What It Pays Its Workers. It Didn’t Count On Us Knowing Math.,1
"In School, Below 50% Is A Failing Grade. But Somebody's Giving Themselves A High Five.
",0
How Changing The Definition Of One Word Might Make TV Shows Worse But Real Life Better,1
"Why Breaking Bad, The Sopranos, And The Cosby Show Give Us An Incomplete Picture Of Family",0
"Wow, Here's A Scarily Simple Way To Sabotage Your Life And Everyone's Around You ",1
Which Beloved Classic Author Might Have Thought You Were A Public Menace Right Now?,0
"One Day After His Dad Dies, He Does This",1
Why You Might Want To Stop Whining About Your Family Over The Holidays,0
A Kid Says Something To A Teacher That No One Should Have To Experience,1
"She Has A Dark Secret, Who Can She Tell?",0
A Poem For All The 'Boobs Guys' And 'Butt Guys' Out There,1
Is This Kinda The Poetry Version Of 'I Like Big Butts' By Sir Mix-A-Lot?,0
They Did It 86 Times To Every Other President Combined. 82 Times To Obama Alone.,1
Why Are The Democrats Finally Fighting Back? See For Yourself.,0
"If We Paid These Women What They're Worth, There'd Be A Lot Of Men Complaining About Unfair Pay",1
It Would Really Be Easier To Clean Spit-Up If You Got A Check Afterward,0
The Side Effect Of Birth Control No One Ever Talks About,1
The Economics Of Birth Control Prove Letting Ladies Make Their Own Decisions Is Good For Your Wallet,0
The Only Dog Video On The Internet That Will Make You Reflect On Your Life,1
Do You Know Someone With This Black Dog?,0
These Mothers Literally Turned Rags To Riches,1
A Great Story About The Phillipines That Does Not Involve A Typhoon,0
Watch This 6-Year-Old Give You The Most Adorable Guilt Trip Ever,1
A Little Dude Gets Kind Of Philosophical About Ocean Pollution,0
"Imagine Being Surrounded By People All Day, But Not Actually Talking To Anyone, And Then Seeing This",1
What Happens When A Group Of People Decide To Camp Out In The NYC Subway?,0
Let's Be Real: How Likely Are We To Get Accidentally Nuked By A Warhead?,1
Why You're More Likely To Be Accidentally Blown Up By A Nuclear Bomb Than To Die In A Plane Crash,0
Mustachioed Kevin Bacon Jumps In Front Of A Green Screen — And Into Our Hearts,1
Never Underestimate The Power Of Bacon,0
"It Doesn't Make Sense To Stop ""AIDS In Africa."" Yes, You Read That Correctly.",1
AIDS Is 25 And Like Most Twentysomethings It's Having A Hard Time Finding A Home.,0
WAIT! Listen To This Guy's Talk On Spending Money And Happiness Before Going Out Shopping On Friday,1
Plans To Snag Some Hot Deals On Friday? Here's A Thought On What To Do With The Money You Saved.,0
Mustachioed Kevin Bacon Jumps In Front Of A Green Screen — And Into Our Hearts,1
"Bacon, Bacon, Kevin Bacon, Bacon, Economic Growth, Bacon, Bacon, Bacon, Bacon",0
"If This Woman Were Alive Today She'd Be 109. Actually, She Is, And Has Something Incredible To Say.",1
Guess Which Of These People Turned Out To Be The Most Inspiring 109-Year-Old You'll Ever Meet?,0
I Can't Believe We Even Still Need To Talk About Something I Thought America Dealt With Years Ago,1
"A Reminder Of What America Should Really Mean, From What Of It's Greatest Young Voices",0
"It's Not A Ghost Or An Alien. It's Real, And It's Way Scarier.",1
How Did A Boy Scout Turn His Neighborhood Radioactive With A Bunch Of Smoke Alarms?,0
"If You Pass One Of These People At The Airport This Season, Maybe Tell Them You Support Them?",1
"As You Return From Your Thanksgiving Holiday, Consider Some Who Never Got To Join In",0
"After Black Friday And Cyber Monday, Here's A Selfless Day You Could Add To Your Week",1
A New Addition To Your Thanksgiving Weekend: Giving Tuesday,0
Some Creepy Dudes Wrote Some Creepy Things To This Reporter. So She Is Calling Them Out. In Public.,1
SCIENCE FACT: Being A Woman On The Internets Is Way Harder Than Being A Dude On The Internets,0
"They Said She Was Paralyzed, And She Couldn't Afford Her Recovery. Then A Dancer Changed It All",1
Learning Something New Can Always Make Our Lives Better. She Learned To Walk ... For The Second Time,0
"I Have Never Heard Of This Fox News Host, But He Nailed This Closing Monologue Of His Show",1
Fox News Host Takes My Love For Questioning Everything And Points It At Our Two Party System,0
"The Next Time Someone Says 'There's More Fish In The Sea,' Tell Them Why They're Wrong",1
How World Governments Do No Better A Job Of Caring For Fish Than Children,0
The Incredible Number Of People Who Touch Your Food Before It Hits The Table,1
The Amazing Number Of People Who Bring Your Food To The Table,0
"When You Think Of Little Afghan Girls, Do You Think 'Badass'? You Should.",1
Helmet? Check. Skateboard? Check. Afghan Girl Power? Triple Check.,0
"It Takes Him 90 Seconds to Shut Down Climate Change Skeptics, All Without Any Fancypants Science",1
How Climate Change Skeptics Are Missing The Point Of Science,0
"Finding Nemo' Isn't A Children's Movie, It's A Warning. This Animation Will Show You How.",1
"In 50 Years, You Won't Be Able To Say ""There Are Always More Fish In The Sea.""",0
"The One Where A Walmart PR Firm Creates An Ad So Full Of Propaganda, It's Actually Hilarious",1
"Those Black Friday Protesters ... A Bunch Of Pizza-Eating, Beer-Guzzling Kids?",0
"What Happens When 192,678 People Share A Video About Coming Out Of The Closet?",1
How You And A Bunch Of People You Don’t Know Helped Save A Life,0
"If A Man Asks What Women Have Been Asking For Centuries, Will Men Finally Listen?",1
"Men, Put Your Masks Down. Let's Talk.",0
Something We've Had Since Humans Have Been Around Might Be Lost On Your Grandchildren,1
"In The Future, Kids Will Learn About Fish The Way We Learned About Dinosaurs",0
Let This 6-Year-Old Give You An Adorable Guilt Trip About Something You Do Every Day,1
Watch This 6-Year-Old Give You An Adorable Guilt Trip About Recycling,0
"What If We Could Know, Without Asking People Who Work There, If A Company Treats Workers Fairly?",1
We Have Yelp Ratings & Tripadvisor Ratings. What If Companies Were Rated On How Well They Pay?,0
2 Minutes: The Reasons Why These People Are Mad as Heck,1
Everything You Wanted To Know About Folks Walking Out Today But Were Afraid To Ask,0
Why Does Sarah Silverman Say Vaginas Really Really Scare People?,1
How Could Two Liberal Comedians Ever Think They'd Find Kindred Spirits In Texas?,0
Ever Fall In Love With The Wrong Person? He Did And Has A Few Stunning Things To Say.,1
"Love Is A Lot Like War. For Him, More Literally So.",0
"Fill In The Blank: 'Nice Guys Finish ___.' Nope, Not After What You're About To See.",1
What's The Best Way To Tell Your Friend Her Shirt Is Hideous?,0
"Did That Really Just Happen? Yep. This Guy Pulled Down His Pants, On Stage, During His TED Talk.",1
"Move Over, Charmin. Here's Some Toilet Paper That's Better For The World (And Has 1200% More Puns)",0
He Saved 669 Kids Lives From Nazi Death Camps — And What The Audience Do At 0.50 Is Incredible,1
Watch The 'British Schindler' Get The Touching Surprise Of His Life On TV,0
Nelson Mandela's Awesome Advice On How To Live Our Lives Makes Me Want To Make Some Changes,1
Nelson Mandela's Insightful Guidance Makes Me Want To Make Some Changes About How I Live,0
Adorable! 20 Things We Should Say More Often.,1
I Never Realized Corn Dogs Can Play Such A Big Role In Making People Happy,0
"You Could Knit A Giant Sweater To Wrap Around Your Car, Or You Could Try These Tips",1
Is A Trunk Laden With Christmas Gifts Wrecking Your Miles-Per-Gallon? Here’s How To Even It Out.,0
"That Burger Looks Innocent, But It’s Hiding More Secrets Than A Teenager’s Diary",1
How To Fit 57 Ingredients Into 1 Wee Little Cheeseburger,0
"These Humans Are Pretty Much The Best We've Got, But They Don't Qualify For These Friggin Awards?!",1
"Do These Awards Still Matter? Yes. Do They Need A Major Overhaul? For The Love Of Science, Yes!",0
"I Loved The Pretty Dots On This Map ... But Upon Further Inspection, I Felt Sick To My Stomach",1
"Why There Are So Many Blue Dots On This Map, And Why We Should All Care",0
Watch A Congressman Freak Out When Told To Not Talk About The People Suffering In The Room,1
This Congressman Has An Idea About How To Fix Immigration. It Involves Screaming On The House Floor.,0
"When Congress Is Basically Taking Bribes From Corporations, There's Only 1 Thing To Do. PRANK THEM.",1
This Is Probably The Least Effective Way To Bribe Your Congressman,0
The One Minute Video That Captures Everything That's Wrong With America's Gun Control,1
A Harrowing Look At America's Youngest Victims Of Guns In One Minute,0
194 Reasons Why Your Argument Against Gun Control Is Flawed,1
What The Number 194 Has To Do With Your Apathy To Gun Control,0
A Little Taste Of What Capitalism Is Like When It Has No Limits,1
"Monopolies Are A Great Thing, Aren't They?' Said No Working People Ever.",0
"That Burger Looks Innocent, But It’s Hiding More Secrets Than A Teenager’s Diary",1
"I’d Like 1 Cheeseburger, Pickles, Onions, But Hold The Pyrophosphate",0
What Taking A Job As A Seasonal Worker Can Do For You,1
How Many Jobs Are Created During The Holiday Season?,0
"A Male Feminist’s Take On Crying, Pornography, And Miley Cyrus",1
One Man Wants To Be The Last Link In His Family’s Legacy Of Violence,0
"Oh Big Box Store, Oh Big Box Store, How Lovely Are Your Children?",1
"Oh Big Box Store, Oh Big Box Store, How Hard Working Are Your Children?",0
A Kid Looked Death Right In The Eye And Sang This Song. 5000 People Picked Up Where He Left Off.,1
5000 People Singing About Kid's Cancer For A Really Uplifting Reason,0
It's Easy For These Celebrities To Go Home — Not So Easy For Who They're Talking About,1
"Syria's Children Have No Safe Home, And These Celebrities Want You To Open Your Eyes To It",0
A Girl Is Hit By A Car And Is Dying. The Response She's Met With Is A Shrug And 'Not My Problem.',1
A Dramatization That Depicts The Difficulty Many Face In Accessing Healthcare In Palestine,0
"In A Country Where Same-Gender Sex Is Now A Crime, Hear What It's Like To Be Gay In India",1
Gay Rights Are Being Trampled On In This Country — But Hear How They Plan To Take A Stand,0
"He Thought His Parents Were Breaking Up, But He Was Beautifully Wrong",1
There Is A Reason He Will Always Remember One Car More Than Any Other,0
She Was Raised To Think Girls Are Worthless. You Should See What Changed Her Mind.,1
"Until The Age Of 47, She Wouldn't Have Been Able To Read This Headline. You Should See Her Now.",0
"This Is Just Like 'Fern Gully', Except The Dudes With Chainsaws Are The Heroes",1
Earth! Fire! Wind! Water! Heart! Chainsaw! (WHAT.),0
"I Have Never Seen A Shorter, So Straight-To-The-Point, No-BS Ad On Vaccines. And It's Pretty.",1
A 30-Second Animation On Vaccines That's As Painless As Vaccines,0
She Was Raised To Think Girls Are Worthless. You Should See What Changed Her Mind.,1
"Until The Age Of 47, She Thought Girls Were Worthless.",0
"Black Girls Code. Simple Name, Revolutionary Premise.",1
How One Organization Is Giving Young Black Girls Tools For The Future,0
"These Women Describe Some Unspeakable Horrors, But It’s How They Made It Out That Gave Me Chills",1
"When Life Was Unspeakably Dark, They Were Able To Make It Out To The Light",0
Something All Families Need Right Now. The Heck With Politics.,1
"When Your Kids Are In The Hospital, Wouldn't It Be Great If You Didn't Have To Worry About Your Job?",0
"I Know It's Hard To Believe, So Here's Proof Discrimination Does Bad Things To People",1
More People Need To See What This Study Says About The Impact Of Racism On Health,0
Psst...Wanna Buy Some Stuff Right From The People Who Make It?,1
What If Some Of The Dollars You Spend On Food Could Help Sustain Good Jobs?,0
I’ve Got The Perfect Gift For All The People In Your Life Who Don’t Need Anything,1
I’m Straight Up Giving You An Excuse To Buy A Lump Of Coal For All Your Favorite Frenemies,0
One Time A Guy Gave A Homeless Man A Computer And The Recipient Did Exactly What The Giver Expected,1
"I've Heard About Teaching Life Skills To Homeless People, But Here's One That's New To Me",0
6 Guys Contradict Decades Of Stereotypes Using Only A Whiteboard And A Marker,1
Many Manly Men Make Meaningful Messages With Markers,0
"A Kid Answers The Question ""What Do You Want To Be When You Grow Up?"" With SUCH A Clever Answer",1
While This Kid Was Thinking About Public Education I Was Watching Cartoons. And That Was Last Week.,0
What One Guy Has To Say About Our Country's Obsession With Buying Stuff Should Terrify Us All,1
"Why Black Friday And The 'Buy, Buy, Buy' Mindset Are Not Good For Any Of Us",0
He Took How His Bullies Hurt Him And Turned It Into These Beautiful 3 Minutes,1
Notice That This Is The First Time The Color Of The President Doesn't Match The Color Of His House?,0
His Bullies Hurt Him So He Took That And Turned It Into These Beautiful 3 Minutes,1
His Bullies Hurt Him So He Took That And Turned It Into This Beautiful Poetry,0
This Is The Best A Breathalyzer Will Ever Sound,1
The Instrument You Really Don't Want To Be Playing This Holiday Season,0
"If You Thought Someone Couldn't Explain The Science Of Empathy With A Dry Erase Marker, You're Wrong",1
Watch How This Genius Explains The Evolution Of Empathy With A Dry Erase Marker,0
"If Someone Did This To My Pizza, I Would Probably Get Them Fired",1
"If A Politician Did This To My Pizza, I Would Probably Get Them Recalled",0
"20th Century Fox Gave Him $25,000 To Make A Movie Trailer. Here's What He Did Instead.",1
"20th Century Fox Offered Him $25,000 To Make A Movie Trailer. He Had Bigger Plans.",0
"The Wedding Is Beautiful And All, But His Dad's Response To Him Coming Out? It's Just... Wow.",1
An Officer And A Gentleman Get Married,0
The Most Simple Explanation Of How To Get Out Of This Recession I've Seen Yet,1
A Simple Minute And A Half On Why Low-Paying Jobs Are Tanking Our Cities,0
I've Never Seen Such A Clever Parody Of Social Smoking,1
"Too Funny To Miss: ""But I'm Not An Ear Wax Picker. I'm A Social Ear Wax Picker.""",0
I Can See Why This Has Been Called 'The Best Anti-Smoking Ad Ever',1
"Kids Say The Darndest Things, Like When They Ask To Bum A Smoke",0
What They're Doing To Kids In Pennsylvania Is Dooming Our Kids To Fail,1
"When The Future Of Our Kids Is Sliced Apart Like Christmas Ham, Haven't We Become Butchers?",0
"The Surprising Reason This Inmate Says, ""Now I Think Before I React""",1
"Behind Bars, But On Their Feet (And Hands): Does Yoga In Prison Make A Difference?",0
A 21-Year-Old Man Writes A Letter To Apologize To An 11-Year-Old Girl He Once Knew,1
How Understanding People Like Ethan Starts With Understanding Emily,0
"This Guy Tries, For One Day, To Do The Work That Some Do Every Day. Watch What Happens…",1
Imagine If You Had To Do This For A Day. You’d Treasure Your Orange Juice More Than Your iPhone.,0
"This Is How Marketing Works, And It's Devastating",1
"Marketers Know: If They Can Sell Things To Children, Us Adults Are A Pushover",0
I Can’t Promise Santa Will Give You More Presents If You Follow These Tips … But Maybe?,1
Little Green Tips That Will Guarantee Your Spot On Santa’s ‘Nice’ List This Year,0
"If You Want To Give A Holiday Gift That's More Profound Than Chocolate, Check This Out",1
Still Need A Holiday Gift For Your Bestie? This One Promises A Wet And Wonderful Ripple Effect.,0
Sick Of New Years Just Being About Sparkles And Confetti? You May Love This Story As Much As I Do.,1
"$2, A Can Of Tuna Fish, And A 29th Chance. Are You Intrigued?",0
There's Something Seriously Wrong With What Were Doing To Boys Before They Become Men,1
"When Boys Are Taught To Prove Their Manhood Before They Know How To Read, That's A BIG Problem.",0
A News Anchor Completely Loses It For The Best Possible Reason,1
Does Politics Make You Want To Scream? You're Not The Only One.,0
"Halfway Through You'll Feel Smarter. By The End, You'll Be Picking Up Your Brain Pieces.",1
I'm Starting To Feel Like We're All Just A Bunch Of Tiny Fish In A Microscopic Pond,0
"Have You Ever Seen A Truly Happy Or Excited Cow? Me Either, Until I Saw Them Experience Freedom.",1
"But There's One Sound, That No One Knows...  What Does The Non-Eaten Cow Say?",0
The Trick To Being Sure What You Are Reading On The Internet Is Actually True,1
"I Am Always Cruising The Internet For Information, But How Do I Know The Truth When I Find It?",0
A Non-Violent Man Is Serving Life After Breaking A Now-Expired Law. They’re Asking Obama To Help.,1
An Outdated Law is Keeping This Man In Prison For Life. They Believe Obama Is Their Only Hope.,0
"We Humans Are Hardwired For Happiness, So Let This Make You Smile.",1
Oprah Presents: Smiles! You Get A Smile! You Get A Smile! You Get A Smiiiile!,0
It's Shocking How Good These Two Sound. It'll Be More Shocking To Their Bullies When They're Famous.,1
"If You Close Your Eyes, You Can Almost Hear The Cheers Of Their Future Fans",0
"You'll Hear This Kid Say He's Going To Be Famous, And You're Probably Going To Agree",1
Good Bands Come In Small Packages,0
"Fuck Yeah, Sex Ed! Want To Know The Difference Between Sexual And Romantic Orientation?",1
"A Is For What?! This Ain't Your Typical Dictionary Rodeo, Friendo.",0
"Forget the 1%. Here Are The 1% Of The 1%, And They REALLY Have A Say In Our Elections",1
How Much Does It Cost To Be In The Club Of The 1% Of The 1%?,0
"By Looking At Her, You May Not Know What She's Hiding Underneath",1
"Who Is Dominique: The Black Man On The Left, Or The White Woman On The Right?",0
1/3 Of All Campaign Dollars Last Year Came From A Tiny Group Of People. Care To Guess Who They Are?,1
"Just Over 30,000 People Donated Almost 1/3 Of All Money For Election Campaigns Last Year. Problem?",0
First They Gave Books For Free. Then Music And Movies. Now It’s The Internet. Are They Nuts?,1
"1 In 3 Americans Don’t Have Home Internet. If You’re Reading This In A Library, Go Hug A Librarian.",0
Two Boys Understand All Too Well What Many Girls Go Through When They Look In The Mirror,1
Magazines And Moviestars Give Boys The Same Soul-Crushing Baggage And Insecurity As Girls,0
She Lied To Herself Every Night For A Year. Here's What Happened When She Was Honest.,1
List Of Things Most People Like: Beyonce. Pizza. Cats. ... Themselves?,0
"Here Is A Young Woman Whose Voice Is So Special 128,000+ People Like It",1
How A Young Woman With Autism Became Friends With The World Using Social Media,0
Wondering Where All The Honey Bees Went? It's Actually A Huge Mystery.,1
"Don't Swat That Bee! Unless, Like, You Don't WANT The 1/3rd Of Your Food It Pollinates.",0
The Numbers Behind Why America Has So Many People In Prison,1
We're Spending Money We Don't Have To Lock Up People Who Aren't Dangerous,0
A Doctor Has Spent Several Decades Dressing Up Like A Homeless Man. The Reason Is Fantastic.,1
You Know That Quote About Being The Change You Wish To See? I Just Watched A Man Who IS The Change.,0
A Doctor Has Spent Several Decades Dressing Up Like A Homeless Man. The Reason Is Fantastic.,1
"What Could Push An Educated Doctor To End Up On The Streets? Compassion, For One.",0
A Man Who Became A Quadriplegic And Lost His Ability To Speak Now Functions Through Robots & Drones,1
Wondering How A Person Who Is A Quadriplegic And Cannot Speak Now Talks And Plays Soccer? Watch!,0
Friends Don't Let Friends Drive Drunk. But They Do Let Them Think They've Been In A Ten-Year Coma.,1
Would You Trick A Friend Into Thinking They Were In A 10-Year Coma? Maybe You Should.,0
The VA Has A New Program For Veterans With PTSD. Some Of The Patients Share Whether It's Working.,1
What Do We Do For Our Veterans When They Return Home? Not Enough. But Here's A Start.,0
10 Minutes A Day Could Change Your Perspective On All The Things,1
What Does Juggling Have To Do With Meditation?,0
People Guessed The Wrong Number When Asked This Question,1
Take A Guess. How Many Kids Around The World Do You Think Are Working In Hazardous Conditions?,0
Gender Equality? Beyonce Calls Bullsh*t.,1
"Gender Equality Is A Myth, According To Beyonce",0
"Female Stereotypes, Right After Your Commercial Break Full Of Female Stereotypes",1
How Yogurt Commercials Are Totally Sexist,0
A Pledge Of Allegiance Like You Have Never Seen Before,1
"If You Worked, Lived, Laughed, And Loved In The Same Country For 25 Years, What Does It Make You?",0
Here Is A Surprising War On Women That Just Won’t Go Away,1
New Report: 2/3 Of Minimum Wage Workers In The United States Are Women,0
Here's A 5 Minute Video That'll Make You Rethink Our Entire News Media Circus,1
"Citizen Journalism In 2013: ""It's General Panic. We Are On The Ground, Doing Our Reporting.""",0
Here’s Some Prison Food That Actually Isn’t Also Being Used To Punish Inmates,1
"OK, Here's One For Ya: What Does A Prison Inmate And An Organic Farmer Have In Common?",0
A Few Important Things To Remember The Next Time A Cop Pulls You Over,1
A Few Important Things To Know Before Your Next Encounter Police Encounter,0
You've Never Heard A Cover Of John Lennon's 'Imagine' Like This One,1
If This Is The Place Where Guns Go To Die I'm All For It,0
The Authorities In Egypt Want To Ban This Movie. See Why.,1
See Into The Egyptian Revolution Through The Eyes Of The Egyptian People,0
Watch a celebrity do 4 really stupid things in less than a minute to prove a really smart point,1
Aisha Tyler Voluntarily Hurts Herself To Convince You To Sign Up For Health Insurance,0
I'm Seriously Worried About What Might Happen If We Don't Heed This Woman's Advice,1
Remember The Days When We Had An Ocean? Aw Yeah. Good Times.' -Future Me,0
A Hilarious Stand Up Routine About How Commercials For Black People Actually Sound,1
Have You Ever Noticed How Voices In Radio Ads Change Depending On The Station You're Listening To?,0
A Hilarious Stand Up Routine About How Commercials For Black People Actually Sound,1
What Do Radio Commercials For Black People Really Sound Like?,0
A Satire That Might Cause You To Look At Foreigners As Actual People,1
"""Yemen Won't Even Acknowledge That It Has A Drone Program That Bombs America""",0
"His Death Wasn't Just A Tragedy, It Was A Product Of A Criminal Justice System",1
The Government Silenced Aaron. Now It's Our Time To Fight Back.,0
"If You Needed A Better Excuse To Start Cooking More Meals At Home, Here's One For You",1
Cravability: How Food Corporations Keep Us Coming Back For More,0
"A Straight Guy Says ""I'd Be Offended By You If I Were Gay."" Just Listen To This Actor's Response.",1
"Some Think He Represents A Stereotype, But I Think He Represents What's Right In The Gay Community",0
"If You Needed A Better Excuse To Start Cooking More Meals At Home, Here's One For You",1
Looking For An Excuse To Channel Your Inner-Iron Chef? Here It Is.,0
The Only Way You Won't Understand This Video Is If You're Already High,1
The 'Fahrenheit 451' Of Marijuana Legalization Videos. Technically Closer To Reality Though.,0
Watch The Spread of Walmart Across The Country In One Horrifying GIF,1
This Map Means A Ton Of Mom And Pop Businesses Closed Down. It Might Also Surprise You.,0
I Was In A Lot Of Clubs In High School. I'm Pretty Sure None Of Them Were As Cool As This!,1
What Could We Do With Billions Of Kids? Here's An Idea!,0
She Has Experienced So Much Hate Because Of Who She Married. You'd Think He Was A Monster.,1
The Words People Have Spoken To Her Are Incredibly Cruel. The Change We Need Is Big.,0
Some Old Dudes In State Legislatures Are Trying To Control This Woman. So She Wrote A Nice Letter.,1
A Woman's Uterus Is No Place For A State Legislature. Yet It Happened Over 200 Times In 2013.,0
"Wanna See Something Brilliant? Take A Few Days Off, Then Look In The Mirror.",1
Who Else Could Be As Brilliant As These Two Neils? Anyone Who Has Time.,0
Screw The Hollywood Definition Of Beauty: We're Changing That One Selfie At A Time,1
"We're Changing The Hollywood Definition Of Beauty, One Selfie At A Time",0
1 Out Of 3 Women Live On The Edge Of Something Terrifying,1
The Foundation Of Our Country Is In The Hands Of Women Like These,0
How A Hashtag Sparked A Movement That Launched An App That Might Just End Sexism In Advertising,1
How A Hashtag Has Been Making Super Bowl Ads Better Since 2012,0
"Seems Like Any Other High School, Right? So What's The Major Thing Missing From These Pictures?",1
Find Out Why 400 Volunteers From One Neighborhood All Made A Video For Their Local High Schoolers,0
"If I Had A Hammer, I'd Nail This Pete Seeger Interview To My Wall",1
Why Was Pete Seeger Such A Legend? Let Me Count The Ways.,0
"I Wonder If Anyone This Rich Thinks, “Yeah, I Need All This Money”",1
A New Report Shows That The Global Top One Percent Need To Learn How To Share,0
"Super Bowl Season Has A Dirty Little Secret, And This Texas Representative Just Exposed It",1
Show Your Support Of This Bipartisan Bill So We Can Fight Sex Slavery In America,0
A Before And After That Has Me In Disbelief: This Is Drinking Water?,1
"In Just 4 Hours They Made Trash-Filtered Water Clean Again, And Some Kids Super Duper Happy",0
"Your Daughter May Be Rebellious, But At Least She's Not Leaving Dead Villagers All Over The House",1
"It's Like Full House, But Uncle Jesse Is A New Kind Of Smoldering (Think Planetary Devastation)",0
"If You Give A Bride A Set Of China, You Feed Her For A Day…",1
"If The Best Things In Life Are Free, How Come You Can’t Register For Them At Macy’s?",0
"Reporter Asks The Wrong Question, Politician Threatens To Throw Reporter Off A Balcony",1
Watch A Congressman Threaten To Physically Harm A Reporter For Asking The Wrong Question,0
Huge Company Looks At Big Fine And Just Laughs And Laughs And Laughs,1
How Penalizing Companies Doesn't Really Matter If You Fine Them In Ways They Can Afford,0
The Truth About The Warm Weather We've Actually Been Feeling This Winter,1
How An American Summertime In January Might Not Be Too Far Off,0
"30,000 People Die Each Year Receiving Something They Don't Need. It's Time We Address The Problem.",1
"When Serving Shareholders Takes Precedence Over Caring For People, We Need To Look At The System",0
The US Is About To Sneak Through One Of The Biggest Corporate Power Grabs Of All Time,1
We're About To Get Hit By A Massive Corporate Power Grab. Here's What You Need To Know.,0
Something Absolutely Terrible Just Happened To The Internet. Here's Why.,1
How Lobbyists Are Trying To Kill The Internet,0
The Girls Were Called To The Auditorium. I Expected A Scene From Mean Girls. Pleasant Surprise Time.,1
"The Camera Usually Judges Them. But When They Control The Shot, They Get All Empowered And Win.",0
This Grocery Bag Thought It Would Live Happily Ever After. Then Bette Midler Came Along.,1
Plastic Bags Are So Awful That There's A Team Of People Dedicated To Fishing Them Out Of Trees,0
These Kids Were Learning How To Code — On PAPER. Until The Internet Stepped In.,1
The Internet Can Be Awful. Or It Can Be Wonderful — Like When It Got Computers To Underserved Kids.,0
This Is A Film I Want To See. Because Stigmas Are Deadly And Stories Need to Be Told.,1
"A Story Of Resilience, Love, Activism, And Hope. And HIV.",0
A High School In A Poor Neighborhood Closed Down. These Folks Reopened It And Kicked Some Butt. How?,1
"When Folks In A Community Work Together, Look What They Can Do",0
You've Been Using A Horrible Racial Slur For A Long Time And Probably Don't Realize How Awful It Is,1
Would You Be Cool If Someone Wanted To Name A Team The [INSERT RACIST NICKNAME FOR YOUR PEOPLE HERE]?,0
"Dr. Robert Is A Wanted Man In Uganda. After Seeing Him In Action, It's No Surprise Why.",1
"Dr. Robert Is A Prized Man In Uganda. After Seeing Him In Action, It's No Surprise Why.",0
"Out Of 36 Million, Only 2 Others Like Him. But That's Not Even What Makes Dr. Robert So Rare.",1
"Dr. Robert Is A Needed Man In Uganda. After Seeing Him In Action, It's No Surprise Why.",0
New Ben & Jerry's Flavor: Democracy Anti-Corruption Swirl,1
"I Scream, You Scream, We All Scream... For Responsible Use Of Money In Politics!",0
Things Might Not Get A Lot Better. And It's Time We Talked About It.,1
"Help, The Economy's Fallen And It Can't Get Up!",0
Lassie Is Pornography!' And Other Reasons Why Rod Serling Hated Censorship,1
Rod Serling (Creator Of 'The Twilight Zone') Rips On Media Censorship,0
"If You've Been Horrifically Burned In A Fire, The Best Thing To Do Is Have This Doctor Shoot You",1
A Science Dude Makes A Gun That Shoots Skin On You When You Burn The Rest Off,0
The Best Science Reason To Shoot A Burn Victim In The Face I've Ever Heard,1
It Sounds Like It's From A Star Trek Movie. But This Gun That Shoots Skin Onto Burn Victims Is Real.,0
"Hey, Here’s A Great Example Of How To Tell Your Friend He’s Being A Little Bit Racist",1
Racism Or Super Racism? What’s The Difference?,0
How One Tiny Yellow Box Is Drastically Changing The Lives Of Syrian Refugees,1
Here's A Way You Can Support A Little Invention That's Bringing A Lot Of Light To Syrian's,0
A Library In A Remote Village In Guatemala Proves That The Internet Is More Than LOLCats,1
How A Small Library And The Internet Connected A One-Road Village To The World,0
Canada Makes A Great Point About The Olympics In Thirty Seconds,1
What Does Two Men In Spandex Straddling Eachother Say To *You* About The Olympics?,0
She Wants To Be Treated Like Any Other Widow. But One Letter On Her ID Is Making It Impossible.,1
"Last I Checked, We Don't Treat Veterans This Way, Regardless Of What Gender They Are",0
A Secret Trade Deal So Wackadoodle That Congress Isn't Even Allowed To Talk About It Publicly,1
Not Kidding: New Deal Would Mean You Can Challenge Any Law If It Slows Your Profit,0
"I Hear It Takes A Lot To Make Susan Sarandon Mad. Clearly, Blowing Up Mountains Does The Trick.",1
The Song ‘America The Beautiful’ Gives These Majesties A Shout Out. So Why Are We Blowing Them Up?,0
"When You Sexualize Men And Women Equally, It’s Amazing How Much Fun You Can Have",1
An Equal Opportunity Homage To A Famous 80's Music Video Is ... Simply Irresistible,0
"Have You Ever Looked At Someone Who Was Trans And Thought 'Wow, They're Really Passing'?",1
Why We Need To Stop Turning Certain People's Humanity Into A Magic Trick,0
Congressman Yells At Drug Policy Director When He Refuses To Answer A Simple Marijuana Question,1
Congressman Gets Furious When The Deputy Director Of Drug Policy Can't Give A Straight Answer,0
"Let's Clear Up 3 Lies We've Been Hearing A Lot Lately (If We Don't, I Fear The Worst For The Planet)",1
"Do Jobs And Security Sound Good To You? Sorry To Burst Your Bubble, But We Haven't Found 'Em Yet",0
There Are People Doing Work Like This All Around Us But We Usually Don’t See Them,1
"What It Means To Build A Community, Quite Literally",0
"If Your Default Answer To 'How Are You?' Is 'Busy,' This Video Might Be For You",1
"You Know That Saying 'Time Is Money?"" If It Was True, Would You Be Broke?",0
Russia's Anti-Gay Policies Don't Stand A Chance Against This Guy,1
A Song For All The Skiers And Snowboarders Coming Down Gay Mountain These Olympics,0
A Senator Asks A Panel Of Experts To Defend Walmart. It Gets Awkward.,1
Fact: American Taxpayers Subsidizes The Wealthiest Family In The Country. Question: Why?,0
"Why Is Bill Nye Acting Like A Lunatic? Because He Doesn't Want To Get Blown Up, That's Why.",1
Bill Nye Has A Plan For Avoiding Catastrophic Death By Explosion,0
What It Looks Like When Your President Gets The Country's Unemployment down to 2%.,1
Their Country was In Economic Crisis. Now They Have 2% Unemployment. Here Is Their Secret,0
How Did A Man Use A Taxi To Hold His Country Accountable For What It Did To Him?,1
"I'm Used To Taxi Drivers Who Talk About Traffic, Not About Being Political Prisoners",0
Fascinating Minimum Wage Facts That You Won't Find In Any Econ 101 Classroom,1
"In An Econ 101 Labor Market, This Wouldn't Make Sense. But Yeah, That's Not The Case.",0
"These Kids Were Asked To Act Like A Famous Idol, And They Knocked It Out Of The Park",1
Adorable Kiddos Honor The Greats That Have Come Before Them,0
"1 Of These Things Is Allowed On Facebook. The Other Is Banned, Because It's Dangerous. Guess Which?",1
You Can Find All Your Old Friends On Facebook. Also Guns. Lots And Lots Of Guns.,0
The Dinosaurs Have Something To Say To Coke And Pepsi,1
What If Big Businesses Started Using A Technology That Wasn't Older Than Dirt?,0
"The Hearts They're Holding Look Cute, But What's Written On Them Is Deadly",1
"These Moms And Kids Are Demanding Gun Sense In America Through A Crafty, Hearty Way",0
And Here We Have A Line Graph That Should Really NOT Be A Straight Line,1
Do Sunday News Programs Have Their Own War On Women Going On?,0
"When Someone Tells To You To Go To School To Get Ahead, Say 'Watch This, Then We Can Talk'",1
Some Call It An Investment In Your Future. But It's Turned Into More Of A Financial Pain In The Ass.,0
"When Someone Tells You To Go To School To Get Ahead, Say 'Watch This, Then We Can Talk'",1
"The Student Debt Crisis — Who's To Blame? Government, Universities Or Banks? The Answer: Yes.",0
A New Version Of Old Technology That's Putting Thousands Of Amputees Back On Their Feet... For Cheap,1
"Every Year, 3 Million Amputees Need A Prosthetic Limb. See The High-Tech Device Making It Happen.",0
"If Classic Movies Were Recast With Black People, Would They Still Be Classic?",1
Would 'Thelma And Louise' Have Been Successful If They Cast Viola Davis Instead Of Geena Davis?,0
This Guy Was Shocked At The Amount Of Food His College Cafeteria Threw Away. So He Did Something.,1
"Here's How A College Student Turned Over 200,000 Pounds Of 'Waste' Into Something Life-Sustaining",0
"If You Think Only Poor People Are On Welfare, Wait Till You See What These Guys Do With It",1
Everything You Wanted To Know About How Welfare Really Works But Were Afraid To Ask,0
"The Hearts They're Holding Look Cute, But What's Written On Them Is Deadly",1
"The Hearts They're Holding Look Cute, But What's Written On Them Is A Message From 130,000 People",0
I'll Remember What Emma Thompson Says Here The Next Time I Watch The Actors On Screen,1
"Are Actors Mean't To Reach The Standards Of Models, Or Are They Meant To Be, Er, Actors?",0
"The Hearts They're Holding Look Cute, But What's Written On Them Is Deadly",1
"These Kids Have A Message On Those Hearts For You, America",0
The Colorful Poster That Should Hang In The Mind Of Every Girl Who's Felt Insignificant MS2-2E,1
The Colorful Poster That Should Hang In The Mind Of Every Girl Who's Felt Insignificant,0
"4 Girls Get The ""Cover Model"" Makeover Of Their Dreams… And Then Hated The Results",1
Thanks To BuzzFeed These Women Have Never Felt More Comfortable In Their Own Skin,0
"4 Girls Get The ""Cover Model"" Makeover Of Their Dreams… And Then Don't Like The Results",1
"Sometimes It's Fun To Pretend. Other Times, It's Just Weird. Like When You Get Over-Photoshopped.",0
A Gorgeous Model Worked The Runway At Fashion Week. You May Notice Something Different About Her.,1
A NY Fashion Week Model Worked The Runway. What Do You Think Of Her Dress?,0
"If You Think Only Poor People Are On Welfare, Wait Till You See What These Guys Do With It",1
Congratulations! You Are Probably On Welfare!,0
You'll Wonder Why This Video Is Edited Weirdly. Keep Watching For The Reveal.,1
Why You Should Keep Watching When The Olympics Are Over,0
"The Next Time I See A Supermodel Actor, I'll Think Of What Emma Thompson Says Here",1
Emma Thompson Wonders: Are We Models Or Are We Actors?,0
"If You Think Only Poor People Need This Stuff, Wait Till You See What Rich Folks Do With It",1
"If You Think Only Poor Folks Are Reliant On The System, Wait Till You See What Rich Folks Do With It",0
The Hateful Librarian Wouldn't Let This Kid Check Out Books Because Of His Skin. That Backfired.,1
Hey 1959: Have You Tried Not Being Hateful To The Black Child Who Will One Day Become An Astronaut?,0
This Man Is Hiding A Shameful Secret Beneath His Sweater. Hint: It's Green.,1
"This Guy Might Be Great At Croquet, But He Stinks At Water Conservation",0
One City Is Attracting So Many Badass Women That It’d Make Anyone Want To Be A Girl,1
"The Men Of General Motors Might Have Made Detroit, But These Women Are Remaking It",0
A Librarian Wouldn't Let This Kid Check Out Books Because He Was Black. He Responded Appropriately.,1
"A Librarian Wouldn't Let This Kid Get Books Because Of His Skin. 28 Years Later, He Went To Space.",0
A Librarian Tried To Have A Little Boy Arrested. The Cops Reacted The Same Way You Would.,1
You've Heard Of Buzz Aldrin And Sally Ride. Time To Learn About A 9-Year-Old Kid Who Fought Racism.,0
How Did A Man Use A Taxi To Hold His Country Accountable For What It Did To Him?,1
See How A Taxi Service Is Helping Former Political Prisoners,0
"A TV Star Has To Explain Why A White Man Killing A Black Kid Is An American Problem, Not A Black One",1
"A TV Star Explain's Why The Dunn Trial Is A White, American, Societal Problem, Not A Black One",0
"If You Thought The Wolves On Game Of Thrones Were Cool, Wait Till You See What These Ones Do",1
"Wolves Reintroduced To A National Park Do What They Do Best (They Kill), But Also Save A River",0
How Does A Chimp Thank Its Savior After Being Freed? With A Heart-Crushing Hug (3 Minutes In).,1
"Jane Goodall Doesn't Do It For The Money. She Does It For The Big Fat Ape Hugs, Obviously.",0
"A TV Star Has To Explain Why A White Man Killing A Black Kid Is An American Problem, Not A Black One",1
"Grey's Anatomy Star Says A White Man Killing A Black Kid Is An American Problem, Not A Black One",0
Think Of A Car. Now Draw A Car. I Bet You'll Make The Same Mistake As These Folks.,1
People Forget To Draw Something When Doodling Cars. They Also Forget To Use Them While Driving.,0
These Are Photos Of What Death Row Inmates Requested As Their Last Meal,1
What Would Your Last Meal On Earth Be?,0
Economist Robert Reich Takes Just 5 Minutes To Show Us Why Our Political System Is Totally Screwed,1
Those Lobbyists? They Keep A Dangerous Cycle Going. But Who Does It Benefit?,0
A Massive Compilation Of Cold Hard Facts Leads To An Obvious Conclusion: Gotta Get On Those Wheels.,1
"Wait, Don't Get Behind The Wheel! Get ON The Wheels.",0
Meet The Indiana Joneses With Two X Chromosomes,1
Quick! How Many Female Explorers And Discoverers Can You Name?,0
"When You Give Rich Business People Tax Breaks All In The Name Of 'Jobs,' What Actually Happens?",1
"Watch The Tax Rates For The Wealthy Go Down, And The Inequality Go Up",0
The Walking Dead' and 'Harry Potter' Stars Agree That Bankers Bonuses Are Bullshit,1
These Celebrities Back The Robin Hood Tax — Do You?,0
"A Little Reminder That Good People Exist, And They Comment Alongside You On Facebook",1
"We <3 You, Internet Commentators, For All The Good YOu Do In Real Life",0
That Awkward Moment Where A Celebrity Realizes He's Made A Huge Mistake,1
This Celeb-Studded TV Interview Shows There Is A Smart Way To Tackle Bankers Bonuses,0
Want To Live A Healthier Life? Here's Some Facts For Your Consideration.,1
"WHOA, Cars Cost Serious Mad Cash Money. What About Their Two-Wheeled Alternative?",0
"Masai Warriors, Already So Brave It’s Ridiculous, Are Proving They Are Truly Fearless",1
One Damn Good Idea Turns A Timeless Tradition Into A New Way To Save Lives And Jobs,0
A Short Clip Illustrating How Smart Orcas Are And How Ruthless SeaWorld Is,1
"He Helped SeaWorld Capture Its Most Notorious Killer Whale. Yeah, He Regrets It.",0
How Does A Chimp Thank Its Savior After Being Freed? With A Heart-Crushing Hug (3 Minutes In).,1
"If You Had No Money (Because You Were A Chimp), How Would You Thank Jane Goodall? A Hug Works.",0
These Teachers Show The Hilarious Result When They Try To Americanize A Mexican Child's Name,1
A Little Boy Becomes A Hero Just 'Cause Of What His Mama And Papa Gave Him,0
"What Happens To Fictional Characters Who Get Abortions Is, Um, Quite Different From Reality",1
Fact: 9% Of TV Characters Who Get Abortions Die. Also Fact: The Real Risk Of Death Is 0%.,0
A Super Affordable Alternative To Having To Rely On A Bamboo Stick To Get Around,1
"The High-Tech, New Look For Amputees Making Less Than $4 A Day",0
"A New High-Tech Device That's Sophisticated, Life-Changing, And For Those With Little Money",1
Hooray For Advancements In Technology That Make Health Care More Affordable,0
Let Kids Be Kids. Especially The Genius Ones.,1
Meet The Kids Who Will One Day Be The Last Line Of Defense Against Impending The Robot Uprising,0
"A New High-Tech Device That's Sophisticated, Life-Changing, And For Those With Little Money",1
Life-Changer: The New And Affordable High-Tech Device For Those Who've Lost A Leg,0
"Ellen, Pink, And Queen Latifah Destroy A Ridiculous Argument That No One Should Ever Make EVER",1
Describe What Women Can Do In One Word. (Hint: The Word Is 'Anything'),0
How To Prevent Teen Pregnancy Without Teens Realizing You Are Preventing Their Teen Pregnancy,1
3 Out Of 10 Women In The U.S. Are Pregnant Before The Age Of 20? And Reality TV Is Helping Fix That?,0
This Guy Made A Video Recommendation For His Star Student To Get Into College. She's Not Getting In.,1
Just Because You Aren't Born Here Doesn't Mean You Can't Be More American Than Apple Pie,0
The Rich Are Getting Richer Because They Are Doing Some Shifty Shifty Things,1
How Do You Fight A War Without Getting Caught? You Don't Do It With Guns And Bombs.,0
Ice Isn't The Only Thing That Can Melt Because Of Global Warming,1
"Hide Your Trees, Hide Your Monkeys. Global Warming Is Coming For Them, Too.",0
18 Disturbing Bits Of Math To Make You Realize How Fundamentally Broken Our Country Is,1
"A Government Of, By, And For The People Isn't An Idealistic Fantasy. It's Non-Negotiable. For Reals.",0
"I'm Not Gonna Blame The Oscars For This Horrible Disparity. Wait, Yes I Am.",1
And The Academy Award For Most White Guys Nominated Goes To ... THE ACADEMY AWARDS,0
This Dude’s Grandmother Will Disprove All Your Stereotypes About Middle Easterners,1
Maz Always Gets The Same 3 Questions: Are You A Terrorist? Do You Own An Oil Well? Why So Hairy?,0
"If Men And Women Really Are Different, Then It’s A Gigantic Problem That Women Don’t Code",1
"Getting More Girls Into Computer Science Isn't Just About Making Their Lives Better, But Ours",0
They Worked On It For 9 Long Years. Now's Your Chance To See It In Person.,1
A Group Of Artists Made A Beautiful And Enchanting Poster. Watch Them Tour The World With It.,0
I Wouldn't Even Dare You To Drink This Stuff. That's How Dangerous It Is.,1
I Wouldn't Even DARE You To Touch The Stuff That Covered Their Town. That's How Dangerous It Is.,0
Remember This The Next Time You Come Across A Climate Change Denier,1
Say It With Me: There's A Difference Between Weather And Climate Change,0
Gay? Check. Female? Check. Minority? Check. Meet A Woman Who Beat Hollywood.,1
"Audio Only: Try Being A Female, Gay, Minority In Hollywood",0
Monkeys Got Problems. It Turns Out They've Got Even More Problems Than We Expected.,1
How Is A Monkey Like A Polar Bear? Because They're Both Getting Hosed By Global Warming.,0
"The Shocking Thing? This Is Totally And Completely Normal And American, And Actually Not Shocking At All.",1
How One Church Serves Up Compassion and Community With Its Spaghetti,0
"In 21 States, Politics Was Placed Firmly Before People, And The Results Are Devastating",1
Half Of All States Refused A Ton Of Money For Health Care. Not A Lot Of People Are Talking About It.,0
"The Academy Awards Have A Dirty Little White Secret, And We've Gotta Hold Them Accountable mk2-4b",1
"The Oscars Have A Dirty Little White Secret, And We've Gotta Hold Them Accountable mk2-4a",0
"The Scariest Job Opportunity Has Been Found, Now Meet The Man Offering It.",1
Proof That Many Big Businesses Claiming To Help Everyone Really Just Have Tunnel Vision,0
Notice Any Contradictions From The ‘Pro-Life’ Rally? This Woman Sums Them Up Beautifully.,1
Men Have Always Been Able To Choose Their Own Paths; Women Would Like To Be Able To Do The Same,0
Here's A Pretty Simple Way To Make Sure People Don't Lose Their Homes. Check It Out.,1
"Wall Street Is Making People Stay In Bad Loans. And Then, Renting Out Their Homes After Foreclosure.",0
Global Warming Researchers No Longer Need Snow Pants. This Is Pretty Horrifying.,1
Global Warming Researchers Don't Need Snow Boots Anymore,0
Gay? Check. Female? Check. Minority? Check. Meet A Woman Who Beat All The Hollywood Odds.,1
Why A Female Hollywood Director Can Go Years Without Meeting Another Female Director,0
Matt Damon Asked A Cheery 13-Year-Old What She'll Do With Her Free Time. Her Answer Devastated Him.,1
Matt Damon Tells The Story Of That Time A Cheery 13-Year-Old Girl Devastated Him,0
"It Looks Like A Natural Disaster, But The Horrors Here Are Man Made",1
"The UN Has Finally Gained Access In Syria, But Getting Aid To The Most Vulnerable Is Still Dangerous",0
Mrs. Obama And Will Ferrell Talk To Kids About Food And Play. Things Get Pretty Cute Pretty Fast.,1
"Michelle Obama, Will Ferrell, And A Bunch Of Kids Talk About Health. I Laughed. I Aww'd.",0
They Say Talking About Politics Or Religion Isn’t Polite Conversation. He Doesn't Seem To Care.,1
"These Court Cases Happened Decades Ago, But We're Still Fighting For The Basic Stuff? (Or Are We?)",0
Do You Know What Age You'll Live To? Here's A Chart That'll Give You A Pretty Good Idea.,1
"It May Be A Little Late, But I Highly Suggest That You Be Born In Monaco.",0
Why Are Girls So Important? Let These Girls Break It Down For You.,1
Cardboard ✔ Pen ✔ Powerful Message For Girls To Hear Worldwide ✔,0
"If Well-Rested You Met Sleep-Deprived You, Here's Why They Might Not Recognize Each Other",1
Why Getting Some Solid Zzzzzzzz's Isn't Just About Being A Tolerable Human Being,0
What Is Obstetric Fistula And Why Are So Many Women Suffering From It Worldwide?,1
Dr. Priscilla Shows The Undeniable Power Of Ugandans Helping Ugandans,0
"He Lost The Vote, But Won History With A Few Simple Words That Helped Others Pave The Way To Change",1
Could One Vote Really Make A Difference?,0
Why Midwives Are So Important,1
Why Midwives Are So Dang Important,0
He's Stunned We Don't Appreciate Nature's Gifts. So He Just Gives Us More Of Them.,1
"Local farmers Are Great, But You Know What's Even Better? A Little Seed.",0
"So Here's Where Someone Can End Up If They Have The Wrong Beliefs, Professions Or Lifestyle In Iran",1
A Lot Of People Have Been Locked Up In Iran For Their Beliefs. Now There’s A Plan To Unlock Them.,0
What's The Problem With The Arizona Anti-Gay Law? A News Anchor Has It Explained To Her.,1
"What's The Problem With The Arizona Anti-Gay Law? I Mean, Apart From It Being Anti-Gay.",0
What's The Problem With The Arizona Anti-Gay Law? A News Anchor Has It Explained To Her.,1
Why Stop Businesses From Denying Service Under Religious Freedom? A Good Question And A Good Answer.,0
There’s A Secret That A Lot Of Kids Keep Hidden When They Go To School Every Day,1
Those School Closings? They Mean A Lot More Hungry Kids.,0
She’s Fighting For Her Rights Against An Enemy That Doesn’t Play By The Rules,1
This Woman Needs Your Help In A Very Real War She's Fighting That's Not Metaphorical,0
"She Just Wanted To Give Him A Balloon. Here's Why In This Situation, That Is Incredibly Offensive",1
Find Out Why A Certain Someone Doesn't Want Anyone Handing Him Balloons,0
Like To Drink? Don't Be An Amateur. Here's The Right Way To Get Drunk.,1
Australia Wants Its Drinkers To Be 'Classy As F***',0
"His Classmates Thought Making Fun Of Him Made Perfect Sense, But Then A Senseless Thing Happened",1
An Gay Singer Tries To Make Sense Of The Times Kids Are Victims Of Senseless Acts,0
The Biggest Myth Aboiut ‘Welfare Cheats’ Is Exposed Right Here,1
How Tax Breaks For Corporations Began With Ronald Reagan,0
See A Guy Get Cussed Out And Handcuffed For The Exact Same Thing Another Guy Did Just Before Him,1
"Stealing Cars Is A Bad Idea (Obvi). So Are Stereotypes. Together, They’re A Troublesome Duo.",0
"Say What You Will About Bees, But They Sure Do Keep Us Alive And Stuff. And They're Dying.",1
Fun Fact: Bees Pollinate 1/3 Of Your Food. Not Fun Fact: They've Been Disappearing. Do That Math.,0
Jon Stewart Slays The Food Stamp Fraud Dragon In One Hilarious Clip,1
Why Huge Turkey Legs Might Become A Weapon In The Coming Class War,0
"In About 15 Years, The Workplace Will Be Much Different Than It Is Right Now",1
"Immigrants Make Up 13% Of The Workforce, But They Start 25% Of New Businesses",0
Never Before Have I Laughed So Hard At One Guy's Non-Attempt To Save The Planet,1
Pro-Tip: You're Probably Not The Right Person To Coordinate An #OccupyTheRainforest Movement,0
Just Made A Rape Joke? Think It's Edgy? Well Here's A Truth Bomb.,1
"A Writer Points Out The Least Edgy Thing You Can Do As A Comedian But I'm Pretty Sure It Just Applies To People, Too",0
"HIV-Positive, Homeless, And Gay In New York At The Age Of 16? Give This Story A Listen.",1
Growing Up In The Bronx Is Tough. It's Tougher When You Have HIV And Get Kicked Out At 16.,0
Recognize: 58% Of Women Use Birth Control For Reasons Other Than Pregnancy Prevention,1
"Get Covered, Save $600 A Year. Sounds Like A Good Deal To Me.",0
Recognize: 58% Of Women Use Birth Control For Reasons Other Than Pregnancy Prevention,1
There's A Deadline Coming Up. If You Meet It You Can Save $600.,0
One Congressman Hits The Gay Marriage Debate On The Head With A Moving Statement,1
Hear A Congressman's Powerful Words Questioning The Rights Of Our Governments,0
One Politician Hits The Gay Marriage Debate On The Head With A Moving Statement,1
He Knew MLK. And He's Here To Tell Us Why Gay Rights Are So Tremendously Important.,0
A Dude Film Director Has Never Been Asked The Ridiculous Question This Woman Always Gets,1
"Remember That Time They Asked, ""What's The Hardest Part About Being A Male Director?"" Me Neither.",0
What We Don't Think About When Buying A Carton Of Eggs,1
How To Have A Mini-Farm In The Middle Of The City,0
"What Is A Natural Burial, And Why Should People Know About It?",1
"Burials, Twilight, And Barbara Walters. This Mortician Is Quite The Entertainer.",0
He Changed The Lyrics To An Insanely Popular Song And Now I Can't Get Them Out Of My Head,1
These Updated Lyrics To 'America The Beautiful' Are More Than A Little Upsetting,0
Child Slavery Is A Big Issue. It Might Seem Hard To Help. But We Can. This 9-Year-Old Sure Did.,1
"A Striking Film About Child Slavery, A Little Girl Who Wanted To Help, And What We Can All Do",0
"It's Often A Controversial Issue, But One Stunningly Illustrated Storybook Handles It With Grace",1
"If We Expect Future Generations To Save The Planet, We'd Better Start Teaching Them The Issues",0
A Senator Does Not Allow An ‘Expert’ To Derail This Conversation About Walmart,1
"Remember The Walton Family? No, Not The One On The Mountain...",0
"Lawyer Cries, Says People Are More Important Than Politics, Refuses To Support Marriage Equality Ban",1
"In My Perfect World, All Political Figures Will Have Real Feelings & Support Equality Like This Guy",0
Attorney General Refuses To Defend Gay Marriage Ban. Breaks Down Crying. Humanity Cheers.,1
Political Figure Shows Real Emotions While Talking About Marriage Equality. Some Of Them ARE Human!,0
Everything That's Screwing Over Women And Girls Worldwide Spelled Out In Black And White,1
Who Run The World? Hopefully These Girls And Women,0
"My Grandmother Welcomed These Folks Into Her Home Many Times Each Week, And I'm Thankful She Did",1
The Great Work These People Are Doing Means Many Of Our Retirees Get To Eat,0
"America Spent $1.5 Trillion On A Jet That Doesn't Work. How Many Schools Is That, Do You Think?",1
"Spending $1.5 Trillion On A Jet That Doesn't Work? Way To Use Taxpayer Money, Fellas.",0
"Over 100 Years Ago, 146 Young Women Working In A Factory Never Came Home. It Changed Our Country.",1
"The Factory Fire That Changed Everything For American Workers, But Is Still Burning Across The World",0
Some Kids Don’t Have Enough Food. Some Don’t Have The Right Kind. Here's An Idea That Could Help Both.,1
Some Kids Don’t Have Enough Food. Some Don’t Have The Right Kind. This Program Could Help Both.,0
Why Being Made To Work 9 To 5 Makes Zero Sense These Days,1
Why Are More Office Employees Smiling Instead Of Searching The Classifieds In Their Cubicles?,0
"He Used To Recruit For Them.  Now, He's Working Against Them And They Want Him Dead.",1
AMAZING: He Turned Away From A Life Of Hate Toward A Life Of Hope,0
You Know Banksy's Famous Artwork Of The Girl With The Balloon? See How He's Re-worked It For Syria,1
See How Banky Re-Worked His Famous Stencil To Stand With Syria,0
This Captive Ape Bit His Handler's Fingers Off. Then The Ape Literally Apologized.,1
"An Ape That Can Remember 600 Words, And Maybe Even Speak In English? Meet Kanzi.",0
This Teacher Made A Video About His Star Student Trying To Get Into College. She's Not Getting In.,1
His Star Student Wants To Go To College. She's Not Getting In. The Immigration System Is Broken.,0
Are There Just Some People Who Shouldn’t Go To College?,1
College Grads Earn More Money Than Others. But Who Can Afford School in The First Place?,0
This Teacher Made A Video About His Star Student Trying To Get Into College. She's Not Getting In.,1
He Made A Video About His Star Student Trying To Get Into College. Too Bad She Wasn't Born Here.,0
Al Gore Told This Woman Something So Disturbing She Changed Her Whole Life,1
This Planet's Not Well! Is There A Doctor In The House?,0
"What If Colleges Had No Departments, Offered No Majors, And Students Only Took One Class At A Time?",1
"An Innovative College With No Majors, No Departments, And Small Classes. Is This Real?",0
This Woman Went On And On For 3 Minutes About What She Does To Get Ready For The Day. Point Taken.,1
We Need Change. Because The Message To Women In The Media Is 'You're Valued For How You Look.',0
This Woman Stripped Her Dress Off While Onstage In The Name Of Feminism. Point Well Made.,1
This Woman Went On And On For 3 Minutes About What She Does To Get Ready For The Day,0
A Piece Of Paper That's Changing How Babies Are Being Delivered,1
A Coupon To Help Deliver A Healthy Baby?,0
"If You Like Guacamole, There's Something I've Gotta Tell You",1
Oh No! An Alarming Study Predicts That The Sun Might Block Out Our Guac,0
What This President Said About Security Needs To Be Tattooed On Every Congressperson's Hand,1
"Economic Security = Peace.  70 Years Later, Why Is This Still Such A Radical Notion?",0
The Most Simple Argument Against Raising The Minimum Wage Might Not Be As Simple As You Think,1
"Found It. Finally, An Interesting Video On The Minimum Wage Debate.",0
This Country Has Been Called One Of The Most Dangerous Places In The World To Be A Child,1
5.5 Million Syrian Kids Have Been Affected By The Conflict. The Other Numbers Are Just As Bad.,0
Watch These People Pull Off A Stunt That Sure To Get The State Department's Attention,1
The Surest Way To Ensure Your Public Comments Don't Just Get Ignored And Filed Away,0
A Guy Dressed Up As An Elephant To Make A Really Good Point About Mental Illnesses,1
25% Of People In The U.S. Have A Mental Illness. Guess How Many Are Seeking Help?,0
A Gutsy Group Pulled Off A Stunt That's Sure To Make The State Department Listen Up,1
Wow. Here's A Very Bold Stunt That's Sure To Make The State Department Listen Up.,0
Hell Hath No Fury Like 98-Year-Old Woman Who Vowed To Help A Friend,1
A Friend In Need Is A Friend Indeed. Especially If She's Friends With A 98-Year-Warrior.,0
"You Either Know Her, Or Ought To Know Her. But Either Way, She's Part Of History Again.",1
News On An Upworthy Success Story: A Thank You From The Bottom Of History's Heart,0
She Has A Horrifying Story To Tell. Except It Isn't Actually True. Except It Actually Is True.,1
There's Genocide Happening To People All Over The Globe. You Should Hear Their Stories.,0
The S Word That You Really Want Your Kids To Know And Live By,1
Man-Made Apocalypse Sounds Like A Drag. Here's How We Can Help To Avoid One.,0
EXPERIMENT: Stick A Gay Person And An Anti-Gay Straight Person In A Room And Tell Them To Hug,1
The Gays Are Coming! The Gays Are Coming!,0
A Man Discovers What He Actually Thinks Of Black People,1
A Lesson On Being Open To The Chance That You Aren't As 100% Behind A Cause As You Think You Are,0
Wow. If Only The Whole World Saw This Teacher's Students In The Beautiful Light That He Does.,1
Why Things We Chat About While We Eat Are Just As Important As What's On The Table,0
"Hey Look At These Gay Parents Parent Their Kids. Or As I Call Them, ‘Parents’.",1
A Company Is Hoping To Change Your Views On What Wholesome In America Means,0
"This Movie May Seem Like A Spoof, But It's A Pretty Accurate Portrayal Of Our World Leaders",1
The Movie About Syria These Politicians Wish They Didn't Star In,0
Can You Hear That? That's The Sound Of The World's Most Famous Skater Being Awesome,1
"Tony Hawk Says He Thrives Of The Noise Of The Crowd, And Wants Others To Experience That Too",0
The World's Opinions About Mentally Ill People — On Famous People Who Had That Same Illness,1
Was Abraham Lincoln A Violent Man Just Because He Has Depression?,0
So Who Buys Elections In Your State? Here’s A Handy Little Map.,1
There’s Another Election Coming. Guess Who’s Buying It?,0
Where Are Teachers Needed The Most In The World Right Now?,1
Schools + Students = YAY! Schools - Teachers = Real Life in 29 Countries??,0
A Lot Of People Probably Think Slavery Ended When Abe Lincoln Said It Was Over. Not Quite.,1
FYI: There Are Currently Over 29 Million People In Slavery. That's No Joke.,0
A Girls Soccer Team Teaches A Ref What Happens When You Ban A Teammate For Wearing A Hijab,1
A U.S. High School Soccer Player Was Banned From Playing For Wearing A Hijab. Righteousness Ensues.,0
How A Disposable Coffee Cup Spawned The Next Great Worldwide Idea,1
"The Last Time I Got A Latte, I Didn't Think Of Disaster Relief ... But Now I Will.",0
"If You've Ever Wanted To Hug The Internet For Being So Swell, Here's Where It Is",1
How The Internet Sometimes Lives In A Luxury Apartment In The Sky,0
"Ever Heard Of The Word Cisgendered? If You Haven't, Then You're Probably Cisgendered.",1
An Activist Tells Us The Difference Between Being Vilified And REALLY Being Vilified,0
One Of The Most Eloquent Quotes Of Our Time In One Easily-Shareable Graphic,1
"What It Means To Make Change. No, Not Quarters, Nickels, And Dimes.",0
"How Long Would 3 Days Of Energy For An American Last In Ethiopia? No, Guess Higher.",1
"Like Trying To Find A Light Switch In The Dark, 230 Million Africans Are Hungry For Power",0
A Way To Make Sure My Favorite Strawberry Margaritas Are Only Irresponsible If I Want Them To Be,1
It's Finally (Almost) Here! A Guarantee That You're Buying Responsible Food,0
One Minute That Could Revolutionize The Way We Eat,1
"They're Red, They're Juicy, And They're About To Get A Whole Lot Better For Everyone",0
"Watch These People Handle The Food You Eat, And Then Ask Yourself If You Care About Them",1
"Imagine You're A Strawberry. You Wouldn't Want To Be Grown In A Dangerous Place, Would You?",0
"It's Not A Sexy Issue, But It Is A Ridiculously Important One That You Should Know More About",1
Strawberries Are Sexy. Farmworker Rights Are Not. But Both Are Pretty Ridiculously Important.,0
"Watch These People Handle The Food You Eat, And Then Ask Yourself If You Care About Them",1
I No Longer Need Sleuthing Skills To Do A Background Check On The Fairness Of My Food? Winning!,0
"I Wouldn't Eat That If I Were You... It's Not Poison Or Anything, It's Just...",1
"You Don’t Want Your Hand Stuck In A Stapler. They Don’t Want To Get Hurt At Their Jobs, Either.",0
The Founder Of Westboro Baptist Church Had His Death Protested In An Awesome Way,1
"They May Think ""God Hates Fags"" — But The Counter Protest Has A Lot Better Ring To It",0
One Excellent Minute Could Change The Way You Put Strawberries On Your Pancakes Forever,1
I'm SO Excited To Go To The Grocery Store And Search For This New Label. Are You?,0
How To Deal With People Being Awful And The Universe Generally Sucking,1
"Animals Are Better Than People, Plain And Simple",0
Chelsea Handler Told Piers Morgan He Was A Bad Host. Janet Mock Gave Him A More Concrete Critique,1
Being Open To Criticism? Good. Accusing An Oppressed Community Of Being Mean To You Instead? Bad.,0
A Closer Look At A Stinging Threat To Our Food Supply,1
A Closer Look At A Much Buzzed-About Food Phenomenon,0
"I Wouldn't Eat That If I Were You... It's Not Poison Or Anything, It's Just...",1
This Guy Needs You To Help Him Out Of A (Strawberry) Jam,0
"Why Is His Daughter So Strong? Because He Didn't Clip Her Wings.""",1
Malala's Father Gives An Inspiring Lesson For All Fathers To Hear,0
Not All Kids Have An Opportunity To Be Kids. But Change Is Happening.,1
Some Countries Don't Have Enough Laws Against Child Slavery. Want To See That Change?,0
"If Any Animal Is Going To Handle My Funeral, It Had Better Be An Elephant",1
A Video About Funding Park Rangers To Defend Elephants From Poachers Before They Go Extinct,0
"An Important Movie Almost Had To Stop Filming, But Then A Hero Stepped In",1
"They Want The World To Be A More Equal Place. But, Even Heroes Need Help Sometimes.",0
The Hard-Hitting Video That Shows The Abusive Language We Learn In Playgrounds Stays With Us In Life,1
How Do You Tackle Bullying And Abuse? Not Being A Bystander To These Awful Words Is A Start,0
Their Daughter Is A Terrible Family Secret? They Don't Think So.,1
A Supportive Family For Little Girls Like This Shouldn't Be So Rare,0
"If We Had A Lot More Women In Power, The Minimum Wage Would Be Increased By Now. Here's Why.",1
Guess What? Women Will Be The Biggest Winners If We Raise The Minimum Wage.,0
Gorgeous Woman Shakes Her Body On Stage ... And Crowd Goes Wild,1
The Fearless Funny Woman Who Can't Stop Shaking,0
Not All Of The Best Things In Life Are Free. Some Are Packed Into This Awesome Box.,1
Some Cool Groups Have Partnered Together To Deliver  Some Awesome Stuff To Refugees,0
"Once Upon A Time, There Was A Prince, A Knight, And A Princess. Guess Which Two End Up Together.",1
"Once Upon A Time, There Was An Author Who Thought Stories Should Reflect The World We Live In",0
"This Small Victory Is One Step For Women, One Giant Leap For Womankind",1
An Outpouring Of Love And Support For These Women Filmmakers Is A Small Step Toward Equality,0
These Women Filmmakers Want To Make The World A More Equal Place. They Almost Had To Stop. Almost.,1
It Takes A Lot To Get A Movie Made When You Don't Own A Big Studio. But It Just Got A Little Easier.,0
They Almost Had To Stop Filming What They Think Will Change America Forever. Almost.,1
These Women Filmmakers Want To Make The World A More Equal Place. They Almost Had To Stop. Almost.,0
"Why's This Kid Throwing Coins? The Reason Won't Blow Your Mind, But It Will Blow Up Something Else.",1
The Dark Side To Fun And Games In A World Of Forgotten Explosive Devices,0
Ellen Page's Response To A Stranger Who Wanted To 'Save' Her 'Struggling' Soul Is Pretty Funny,1
"Ellen Page's Soul Is Not Struggling With A 'Belief' In Gayness, Thanks-No-Thanks For Asking",0
#Whaling Is The New #Planking And The New #Twerking And This Is The Only Video You Need,1
Behold The Mighty Whale In Its Natural Habitat: The Internet,0
Here’s An Idea For Anyone Who’s Tired Of Being Treated Like A Chump At A Dead End Job,1
See How A Community Of Paycheck Collectors Transformed Into A Community Of Business Owners,0
A Woman Lived Through Something Awful. Now She’s Helping Others Do The Same.,1
How To Help Prevent Suicide Without Ever Leaving Your Computer,0
Actress Cameron Diaz Points Out A Pretty Solid Problem With A Certain Type Of Beauty Product,1
An Actress And A Media Mogul Talk About Beauty Standards,0
A Little Girl Uses A Ton Of Marijuana For A Really Good Reason And Maybe Makes You Cry,1
A Ton Of People In Colorado Use Medical Marijuana For 'Back Pain.' This Little Girl Uses It To Live.,0
I Challenged Myself To Look At This Wage Graph And Not Get Angry. I Didn't Succeed.,1
"Unless You Own A Private Island, Chances Are You're Bein' Screwed By The Economy",0
The Jury Is Still Out On Whether Common Core Works. Here's What We Know While We Wait To See.,1
High Schoolers Are Falling Short. Can These New Standards Fill The Gaps?,0
"Next Time You’re Spending Your Ass On Groceries, Try Not To Think About These Bar Charts. Or Do.",1
Could Thinking Like Wall Street Make It So More People Have Enough Money To Pay Their Bills?,0
They Almost Had To Stop Filming What They Think Will Change America In A Wonderful Way. Almost.,1
They Almost Had To Abandon Their Plans To Change America In A Much-Needed Way. Almost.,0
"These Emails Made Us All Warm And Fuzzy All Over, So We Thought We’d Share Them With You",1
"Just Because You’re 78, Doesn’t Mean You Have Stopped Learning Or Growing.' Upworthy Fans, You Rock.",0
You Watched A Clip On Upworthy...And Then It Won A F*#&ing Oscar,1
How Your Clicks Led To Oscar Gold,0
A Painful Show About Her Life Performed In Front Of The People Responsible For That Pain,1
What Would The Performance Of Your Life Look Like? Would It Be This Well-Attended?,0
The Hardest Conversation A Skier Will Ever Have To Have,1
Talking To A Snowflake Can Be A Real Downer,0
"Dr. Robert Gets The Green Light To Keep Being A Super Human, And So That's What's Up",1
What To Expect When You're Not Expecting? Women Receive Care Thanks To A Video Seen From Far Away.,0
"98-Year-Old Friend Didn't Have Her License, But Her Friend Needed A Ride. So She Took On The DMV.",1
A Friend In Need Is A Friend Indeed. Especially If She's Friends With A 98-Year-Warrior.,0
"In Case You Missed It, This Great Open Letter To Hollywood Was Printed In The Los Angeles Times",1
"Movies Shape Our World, And Right Now They’re Shaping A World That Is 85% Male",0
How Do You Build Awareness About Human Trafficking? Sell People On Wall Street.,1
A Wall Street Auction Has Something In Common With The Second Largest Criminal Industry,0
Life Under The Taliban Was Ugly For Storai. Her Life After It Is All About Making Beauty.,1
Making Jewelry Makes Her Happy. It’s Also Helping To Heal Her War-Torn Home.,0
A Guy Sells Something So Shocking On Wall Street That A Crowd Stops And Stares,1
Question: How Do You Build Awareness About Human Trafficking?,0
A 6-Year-Old Girl Uses A Ton Of Marijuana For A Really Good Reason. She Might Make You Cry Too.,1
A New Strain Of Marijuana Is Preventing Epileptic 6-Year-Old Kids From Dying. So That's Cool.,0
A 6-Year-Old Girl Uses A Ton Of Marijuana For A Really Good Reason. She Might Make You Cry Too.,1
Why Is The Drug That's Saving This 6-Year-Old Girl's Life Illegal In Most States?,0
Will An Adorable Toddler Finally Be Enough To Guilt Us Into Dropping This Dumb Habit?,1
"Superhero Baby Joins Adorable Rap Crusade, Shares Green Message With World",0
The Hardest Conversation A Skier Will Ever Have To Have,1
The Life Of A Snowflake Can Be A Real Downer,0
The Taliban Made Her Life Ugly. Now Her Revenge Is Making It Beautiful.,1
"Under The Taliban, School Was Forbidden For Girls. Now This Girl's Learning To Design Her Dreams.",0
Sexual Abuse Is Terrifying To A Child. One Survivor Is Responding With Something Even Scarier.,1
"Stories Of What Happens To Abused Kids Are Rough. This Promises To Be That, But Beautiful, Too.",0
The Daily Show Takes On A Super Controversial Topic The Only Way It Knows How,1
Pizza! Good For Kids' Birthday Parties And ... Disaster Relief? The Daily Show Reports.,0
"Transhumans Are Taking Over. But Don't Worry, It's A Good Thing.",1
"So What If We're All Turning Into Robots, It's Pretty Exciting When You Think About It",0
"The Girl Scouts Don't Just Want You To Buy Their Cookies Anymore, They Have New Demands",1
"Their Salesman Smiles Can Sell You Any Cookie, But Today They Want To Sell You Something Else",0
Remember The Kid Who Used To Try To Get Out Of Paying His Own Way Even Though He Had The Money?,1
You Know The Guy Always Trying To Get Free Legal Advice And Medical Opinions?,0
What McDonald's Asked These Managers To Do Isn't Just Horrible. It's Illegal.,1
One Of The Biggest Scams To Steal From Working People Is Right Here,0
"The Girl Scouts Don't Just Want You To Buy Their Cookies Anymore, They Have New Demands",1
"The Way To Encourage Your Community To Continue Practicing Kindness, From The Girl Scouts",0
A Really Simple Graphic That Slays One Of The Silliest Arguments About The Minimum Wage,1
"In 1968, You Would Have Made Almost 25% More Working At Minimum Wage. Yeah, It’s Time For A Raise.",0
"At What Age Do Most Girls Stop Mugging In Front Of The Camera? Whatever It Is, It's Way Too Young.",1
When Do Girls Start Hiding In Front Of Cameras? It's So Much Better When They Smile.,0
Here's A Commercial That Mocks All The Commercials So You Can Have Commercials In Your Commercial,1
Inspiring. Powerful. Stunning. Magnificent. These Are All Words. I Don't Have A Point. Just Sayin'.,0
The Most Honest Energy Company Ad I Have Ever Laid My Eyes On. Also The Crudest.,1
An Energy Company Stabs You In The Front Because It's Way Less Work Than In The Back,0
A Pair Of Quotes On Happiness From Over 75 Years Ago That Are Still Helpful Today,1
The Grass Just May Be Happier On The Other Side Of Your Click,0
2 Really Old Quotes On Happiness That Might Turn Our Frowns Upside Down 75 Years Later,1
A Pair Of 75 Year Old Truisms For Those Who Take Too Many Jealous Glances At Their Neighbors,0
This Looks Like A Regular Departures Board — Until You Look Closely,1
You Just Wanted To Go Home — Instead You're Reading About A Man Jailed For His Political Beliefs,0
2 Really Old Quotes On Happiness That Might Turn Our Frowns Upside Down 75 Years Later,1
"Nice Advice Given Before The Color TV Was Invented Includes Happiness, Horses, And Blues, Too",0
A Handsome Actor Explains A Problem. A Hilarious Comedian Explains How To Fix It — The American Way.,1
"If Will Ferrell Gets His Way, Kelly Slater Will Be Surfing Waves In Colorado",0
I Wonder If We Can Bribe The Supreme Court To Make Giving Bribes Less Easy. They Seem Into It.,1
Can I Get $20 Million For This Senator Here? Gimme 30. Gimme 40. Now 50. Sold! To That Corporation!,0
People Call This Guy Rain Man Because Of His Brilliant Idea. It Could Help A Whole Lot Of People.,1
Being The Mayor Of Tank Town Is A Cool Gig. Helping People Make It Through Droughts Is Even Better.,0
What's It Actually Like In North Korea? A Million Times Worse Than You Image.,1
Any Chance Dennis Rodman Could Spare A Few Minutes To Watch This?,0
What's It Actually Like In North Korea? A Million Times Worse Than You Imagine.,1
Brave Survivors Describe Some Of North Korea's Most Horrific Crimes,0
The Raw Truth About How Much More You’d Pay If Walmart Wages Went Up,1
"Hey, Buddy, Can You Spare A Red Cent? Because That’s What It Would Cost If Walmart Raised Its Wages",0
Have You Heard Of Yasuní? Its Google Images Are Stunning. See Why They're About To Change.,1
A Bunch Of Celebs And Ecuadorians Have An Urgent Plea For You To Hear,0
"If You Think College Tuition Is Insane, You Should See What They Pay Some Professors",1
Remember That Time Your Professor Was Homeless?,0
"The Next Step in Human Evolution Is Creepy, Scary, And Kind Of Awesome",1
Why Your Kids May Be Robots And How That’s Pretty Awesome,0
"There's An Argument That Teachers Should Make More Money, But Do You Know How Much They're Spending?",1
"The $25,000 Difference Between A Teacher In Montana And A Teacher In Washington, D.C.",0
"For A Disease Being The 6th Leading Cause Of Death, We Sure Don't Hear Enough About It",1
"Alzheimer's Is The 6th Leading Cause Of Death, But What Do We Really Know About It?",0
The Scientific Truth About Why Some Dogs Are Mean,1
Can We All Agree That Dog Breed-Specific Legislation (BSL) Is Total BS? Science Is On Our Side.,0
Take All The #$!%-ing Out And This Rapper Would Sound Exactly Like Every Other Gay Rights Supporter,1
"If I Print Out This Interview And Cross The Curse Words Out, Would More Of You Pay Attention?",0
She Gives The Bully A Few Seconds. Then Stops Him Cold.,1
So You’re Not A Bully? Congrats. But That May Still Not Be Enough.,0
The Shocking Truth About What It Would Cost Us All If Walmart Paid A Living Wage.,1
"If Walmart Paid A Living Wage, I’d Shop There. Oh, And Folks Could Maybe Get Off Welfare.",0
"If You Could Press A Button And Murder Ever Mosquito, Would You? Because That's Kinda Possible.",1
Half Of All Human Deaths Since The Stone Age Can Be Linked To ... Mosquitoes?,0
It Sounds Pretty Racist When You Say It All At The Same Time,1
Institutionalized Racism In America? Let's Start With The Constitution And Work Forward.,0
"He Made An App To Change The World, Only To Realize That It Makes Things Worse. So Much Worse.",1
Watch A Guy Get Excited About Election Reform He Made And Then Panic After He Realizes They're Awful,0
There's An Argument That Teachers Should Make More Money. Do You Know How Much They're Spending?,1
"The $1.6 Billion Industry For Classrooms, Lead By Those Standing At The Front Of Them",0
Donald Trump Thinks He's Trumped Climate Change Scientists,1
"Why Yes, It Is Cold Outside. But No, That Does Not Disprove Climate Change. See Why.",0
What's Your Dog Really Thinking When He Sticks His Head Out The Window? Wasn't What I Expected.,1
A Series Of Hilarious Unlikely Characters Have Some Surprisingly Strong Feelings About A Hot Topic,0
This Guy Was Really Nice To A Homeless Little Girl And Got The Best Reward Ever In Return,1
He Doesn't Do Such Wonderful Things For Money Or Recognition. And He Gets A Lot More In Return.,0
This Guy Went From Making Beer Ads To Making Memes To Change How You Think About Beer Ads,1
"""All Media Is Educational Media. The Question Is - What Is It Teaching Us?""",0
A Genius Piece Of Art Forces Drone Pilots To See Who's Down Below,1
"If We Put These Kind Of Pictures All Over Some Countries, Will The Drone Strikes Be Less Deadly?",0
This Guy Went From Making Beer Ads To Making Memes To Change How You Think About Beer Ads,1
He Up And Left The Advertising World To Show Us Why We Need To Be Less Trusting Of Corporate Media,0
A Little Girl Uses A Metaphor To Get You To Think About What Stops Girls From Getting Into Science,1
The Easter Egg Hunt We Should All Be Participating In,0
There's A World War Happening Online Right Now. And You Might Be A Mercenary In It.,1
"What Do Surfs, Teardrops, Zombies And Pings Of Death Have In Common?",0
A 6-Year-Old Girl Uses A Metaphor To Get You To Think About What Stops Girls From Loving Science,1
A Princess and A Chick Walk Into A Barn… See How It Shapes Our Future,0
A 6-Year-Old Girl Takes A Kids Toy And Turns It Into A Lesson About Why Girls Aren't As Into Science,1
"Want To Know What Percentage Of Engineering Jobs Go To Women? Actually, You Probably Don't",0
One Of The Most Important Parts Of Sex Is Something We Way Too Often Don't Talk About,1
Bedroom Time Doesn't Need To Happen In A Bed Or A Room. But It Always Needs To Happen With Consent.,0
Over Half Of Girls Are Unhappy With Their Bodies By Age 13… And This Little Girl Might Know Why.,1
Can You Guess What This Little Girl Is Asking For From The Easter Bunny? HINT: Not A Princess Toy.,0
The Secret Plan To Keep Some Parts Of The Population From Voting,1
Will You Face Voting Lines Like These Next Election? Depends On Where You Live.,0
It's Impossible To Be 'Gay' For Some Americans. The Reason Is Kinda Cool.,1
Ain't No Party Like A 2 Spirit Coming Out Party Cause A 2 Spirit Coming Out Party Is For Everybody,0
Listen To An Adorable American Family Dedicate A Song To Their Grandmother. She's In Jail.,1
An Adorable Family Sings For Their Grandmother's Life,0
Watch 3 Men Dance In A Public Park To The Delight Of Everyone Around Them,1
Watch 3 Hip Hop Dancers Talk About Their Inspirations And Show The Value Of New York Diversity,0
6 Big Things We've Been Led To Believe About Africa That Actually Aren't True,1
The Best Way To Fight Extreme Poverty In Africa? We Might Wanna Back Off A Bit.,0
To All The Boys Who May One Day Date My Daughter...',1
Being A Dad Is Hard Enough With All The Irrational Fears That Roll Around His Head. He Does Anyways.,0
Capitalism Is Dying. It’ll Probably Go To Hell. But Something A Lot Better Is Taking Its Place.,1
How Democracy And Capitalism Can Be Combined For The Greatest Good Of The Country,0
5 Big Things We've Been Led To Believe About Africa That Actually Aren't True,1
6 Myths About 1 Continent That Need To Be Cleared Up ASAP,0
One Of The Stories In This Episode Is Going To Throw You For A Loop. Bet I Know Which One.,1
This Is The Episode About Climate Change All Of Your Friends Will Be Talking About,0
The Internet Has A Funny Way Of Erasing All Of The Moments In Women's History With Just 10 Letters,1
"Now, Is It The Search Engine That Needs Fine Tuning Or Is It The People It Serves?",0
Google Has A Funny Way Of Erasing All Of The Moments In Women's History With Just 11 Letters,1
With Just 11 Letters The Progress Women Have Made Can Be Forgotten,0
Stone Cold' Steve Austin's NSFW Take On Gay Marriage,1
Gay Marriage Supporters Get An Unexpected Ally In A Former WWE Champion,0
When's The Last Time You Remember A Big Company Actually Doing Something Good For The World?,1
Who Better To Put A Dent In The Everyday Suckiness Of The World Than These Folks?,0
"Remember That Bright Future We're All So Excited About? Yeah, It Could Actually Be Happening.",1
"Today's The Start Of The Future. The Brighter One, That Is.",0
What Does The Future Look Like? I'd Be Pretty Darn Excited If It Looked Like This.,1
"If We Don't Dream Big And Aim For These Goals, What Will Become Of Our Children?",0
Having A Bad Day? Just Remember That These Things Could Actually Be Possible.,1
Could These Adorable Kids Be Our Reason To Finally Make A Brighter Future A Reality?,0
Having A Bad Day? These Adorable Kids Are Here To Remind You Of Some Things.,1
"Anything Is Possible' Might Be A Super Cheesy Line, But Don't We Owe It To Ourselves To Believe It?",0
"The Most Perfect Answer A Black Comedian Gave To The ""is Your Humor Racial?"" Question",1
It Never Occurred To This First That She Would Be A First Anything,0
"Willie Lets Them Use His Version Of ""America The Beautiful"" To Show How Our Country's Being Destroyed",1
Musicians Launched A Campaign To Try And Save The Spots That Inspired Some Of History’s Best Music,0
What Exactly Is This Coach Trying To Turn These Boys Into? Men.,1
Some High School Coaches Are Trying To Do More Thank Just Win. A Lot More.,0
"This Guy Thinks Rape Is Hilarious, And For Once, I Agree With Him",1
A 2 Minute Monologue That Has Me Thinking About A Serious Topic In A Whole New Light,0
Watch This Ridiculously Adorable And Uplifting Video Of A Huge Company Actually Doing Good Stuff,1
If You Think That A Brighter Future Is Possible You've Come To The Right Place,0
How People Could Do This To Another Living Thing Sickens Me,1
The Movie 'Babe' Would Be A Whole Lot Different If The Industry Today Had Anything To Say About It,0
An Only-Slighty Cheesy Reminder To Not Judge Your Parents On Their Bank Account,1
"Even If You're Not Super Wealthy, Your Kids Will Still Love You. Some Day.",0
"This Story Starts Out So American, Normal, And Everyday. Until The End.",1
Do You Think About Your Life Changing Forever Every Time You Clock Into Your Job? Some People Do.,0
"This Story Starts Out So American, Normal, And Everyday. Until The End.",1
"This Story Is American, Normal, And Everyday. Especially The End. But It Shouldn't Be That Way.",0
Some Dude Told Her He Doesn't Want To Hear Her Feminist Rants. Bad Move Bro.,1
Why Tell Women They Should Stop Talking About Harassment? Does It Hurt Your Innocent Ears?,0
"For Those Who Think ‘Big Government’ Is Taking A Huge Portion Of Tax Dollars, I Present … Facts.",1
"The Biggest Chunk Of Your Tax Dollars Went To Something That Rhymes With … ""Phill-itary.""",0
"If You Want To Know Why Teens Drop Out Of High School, Wouldn't It Make Sense To ... Ask Teens?",1
Be Cool. Stay In School?’ If Only It Were As Simple As That.,0
"The Most Honest And Awful Corporate Ad I Have Ever Laid My Eyes On. No, They Aren't Drunk. I Swear.",1
"If Real Corporations Were As Honest As This Fake One, We'd Know Where They Stand On The Apocolypse",0
"These Women Now Have The Power To Change Their Lives, But The Potential Was Always There",1
You Don't Have To Be In America To Care About Climate Change,0
Watch This Ridiculously Adorable And Uplifting Video Of A Huge Company Actually Doing Good Stuff,1
84 Seconds Of Proof That A Huge Company Can Actually Do Really Good Stuff,0
These Sisters Are Doin' It For Themselves,1
Think A Drought Is Going To Stop These Women From Living Magnificently?,0
"The Most Honest And Awful Corporate Ad I Have Ever Laid My Eyes On. No, They Aren't Drunk. I Swear.",1
Is This Funny? Yes. Is It Disturbing? A Little. Does She Talk About Killing Your Grandkids. Um...,0
"The Most Honest And Awful Corporate Ad I Have Ever Laid My Eyes On. No, They Aren't Drunk. I Swear.",1
FUNNY: What Energy Executives Really Think Of You,0
These Women Are Giving Mother Nature A Run For Her Money,1
Did You Ever Think Turning A Plant Into A Bike Is Helping World Feminism?,0
This 19-Year-Old Pedophile Has Never Gone Near A Child. And He Needs You To Hear His Story.,1
How The Hell Are We Gonna Prevent Pedophilia If We Are Too Afraid To Even Talk About What Causes It?,0
"The Most Honest And Awful Corporate Ad I Have Ever Laid My Eyes On. No, They Aren't Drunk. I Swear.",1
"Wow. Energy Companies Really Hate Us. A Lot.  And When I Say A Lot, I Mean Like Way A Lot.",0
"Ever Heard The Line, ‘Why Are We Helping Other Countries When We’ve Got Our Own Problems’? ",1
Less Than 1% Of Your Taxes Go Here Every Year. And It Saves Lives. STILL Got A Problem With That?,0
Alec Baldwin Explains Why I’ll Never Take My Kids To The Circus.  Ever.,1
We Pay Money To Watch Abused Animals Perform For Us?  What The F*ck?,0
More Of Your Taxes Went To ??? Than ???. Seriously? Seriously. Check It Out Yourself.,1
How Many Bed Nets Did Your Taxes Buy?,0
This Calculator Certainly Puts Your Tax Dollars Into A Global Perspective,1
"Fill In The Blank: Your Taxes Bought ____ HIV Treatments, and ____  Vaccines, And ____ Bed Nets.",0
"The Most Honest And Awful Corporate Ad I Have Ever Laid My Eyes On. No, They Aren't Drunk. I Swear.",1
Is This A Coal Company Or Your Ex?,0
You Probably Can't Beat This Kid's Game. But That's Kinda The Point.,1
Learn About Hunger In A Way That'll Make Your Local Arcade Proud,0
Some Women Got Tired Of The World Ignoring Their Problems. So They Fixed It Themselves.,1
Some Women Ended Their Community's Vicious Cycle By Building Bicycles,0
Jon Stewart Goes To Egypt And Proves That Comedy Is Universal,1
The Secret To A Healthy Democracy? Satire.,0
Jon Stewart Of America Meets The Jon Stewart Of Egypt And Hilarity Ensues,1
"When Life (Or An Authoritarian Regime) Gets You Down, Sometimes You Just Have To Laugh At It",0
A 15-Year-Old Manages To Warm The Lives Of So Many Families With Something We'd Usually Throw Away,1
Could The Stuff That's Left After You Make Dinner Help Heat Someone's Home For The Winter?,0
"He Got About 199 Rejection Letters And One 'Maybe', But Still Managed To Invent Something Amazing",1
Age? 16. Past Accomplishments? Developing A More Efficient Way To Diagnose A Cancer. NBD.,0
Watch A Team Of Teens Make Something Absolutely Beautiful With What Many Think Of As Mere Trash,1
"Those Warm, Lovely Cheese Sticks? What's Left After Cooking Them Can Keep People Warm, Too.",0
You Probably Can't Beat This Kids Game. But That's Kinda The Point.,1
Eat The Dots. Chase The Hunger Monsters. All In A Day's Fun For Some Kids.,0
"If Someone Gave Me Tons Of This, I'd Have No Idea What To Do. Here's A Teen Who Made It Amazing.",1
Being 15 Is Hard Enough Without Figuring Out How To Heat Your Neighbor's Homes In The Winter,0
"The Most Honest And Awful Corporate Ad I Have Ever Laid My Eyes On. No, They Aren't Drunk. I Swear.",1
The Most Honest Energy Company Ad I Have Ever Laid My Eyes On,0
"The Media Says A Woman's Worth Is Measured By Her Body. These Women Say, 'Shut Up'.",1
"I Just Broke Up With My TV, But this Film Is Helping Us Work Things Out",0
"Neil deGrasse Tyson Said What He Thinks About Race Now That He's Made It, And Almost Nobody Noticed",1
What To Know What Neil deGrasse Tyson Thinks About Race Now That He's Made It?,0
"When People Say, ‘If You Don’t Like It Here, Go To Another Country’ I’d Love To Offer This One",1
"A Country That Let Banks Fail, Didn’t Cut Back On The Social Safety Net ... And Is Doing Great?",0
7 Principles A Lot Of People *Wish* Their Workplaces Would Follow,1
"If More Businesses Followed These Rules, Inequality Wouldn't Be As Much Of A Problem",0
I Didn’t Expect To Learn This By Watching 5 People Mispronounce A Dude’s Name For 3 Minutes,1
Ever Have Difficulty Pronouncing Someone’s Name? You’ll Appreciate This.,0
"Meet Tiffany. She Works For Walmart, And She’s Got Something To Tell You.",1
"$20 Million For Walmart’s CEO, And Tons Of Its Workers Are On Welfare. What’s Wrong Here?",0
"Why We Need More Women In Science, Technology, Electronics, And Math",1
Clean Energy. Women In Science. What’s Not To Like?,0
Life Is Complicated. Let A Hit From The 90s Break It Down For Ya.,1
"Come For The Life Advice, Stay For The 90s Dance Music Beat.",0
"This School Struggled With Detentions, So They Asked For The Students Help. Guess What? It's Working.",1
"The Numbers Don't Lie, These Students Are Keeping Their Classmates Out Of Juvie",0
A Woman Who Seemed To Have It All Found Something Big Missing In Her Recipe For Success,1
Why The Definition Of 'Success' Could Use A Few More Letter Zzzzzzzz's,0
"When Big Companies Cost A Lot Of Little People Their Jobs, Does Anybody Give A Damn?",1
There Are People That The BP Oil Spill Put Out Of Business. Here Are Some Of Them.,0
"Oh Hello, Face! Meet Palm, Because You're About to See A Really Uncomfy Chart About Superrich People",1
"Roller Coastering On The Stock Market Is Fun, Except For The Part Where 99.99% Of Us Get Thrown Off",0
Work That's All About Science And Math Is Missing 1/2 Of The Population. Guess Which?,1
"Why It Takes ALL THE BRAINS To Solve Global Warming, And Why Women Are A Key Part Of That",0
Meet Carter. She Wanted To Be A Scientist In A Field That Didn't Have Many Women.,1
"Solar Power, Check. Female Scientist, Check. The Future? Aye, Mate.",0
Listen To Actual Astronauts Bicker Like They're On A Road Trip,1
Audio From Early Space Voyages Sounds More Like A Road Trip Than A Space Flight,0
A Haunting Email Exchange Between Two Friends Tells You What Everyone Is Ignoring In Venezuela,1
Chilling Letters Exchanged Between Friends Tell You What News Outlets Are Ignoring In Venezuela,0
"When A Black Actor Can't 'Act Black', What Does He Do?",1
Presenting Thugs: The Musical,0
A Simple Health Precaution Saves Millions Of Lives. What Surprised Me Is How Little It Costs.,1
1.5 Million Kids Die Annually From Medial Conditions That Are Preventable — And Other Important Info,0
10 Animals That May Go Extinct In The Next 10 Years,1
Where Do You See Yourself In 10 Years?' Would Be A Really Awkward Question To Ask These Animals.,0
I’d Love To Hear One Reason Parents Like These Cannot Adopt In Your State,1
"In Some Sates, Being Gay Means You Can’t Adopt Kids. Time To Fix That.",0
A Grocery Store Emptied Out Most Of Its Produce To Make An Important Point ... And It Really Stings,1
As It Turns Out Bees Are Pretty F%*ing Important If You Want To Eat Food,0
"When A Black Actor Can't 'Act Black', What'll He Do? Whatever You're Thinking, You're Not Prepared.",1
"A Black Actor Can't 'Act Black', So What'd He Do? Put On This Really Terrible Musical, Apparently.",0
Watch A Matriarch Raise A Family Then Have That Family Turn On Her. Till Her Granddaughter Comes In.,1
"Chances Are If You Have A Little Melanin In America, You Only Have A Little Money Too",0
The Squeal Of Joy At The End Of This Clip Is Possible Only For Straight People In Some States,1
Why Can't Parents Like These Can't Adopt In Every State?,0
That Squeal Of Joy At The End Of This Clip Is Silenced In Some States,1
"Adoption Is A Challenge, Certainly. But There Are States That Make It Impossible For Some.",0
I’m Not Going To 'Trick' You Into Watching This. It's Hard To Watch. But It’s Real For Many Women.,1
"Every 15 Seconds, A Woman Is Beaten By Her Partner Or Husband. Stop. Read That Again.",0
How Do We Respond When A Kid Says Something To A Teacher That No One Should Have To Experience,1
Over A Million People Clicked On This 1 Minute Video About Child Abuse. Did Anything Change?,0
Becoming Way Amazing At A Sport You Have No Room To Play? These Boys Made It Look Easy.,1
"When Less Possibility Turns Into More Creativity, You End Up With A Soccer Field That Floats",0
Want To Scare The Pants Off Some Unethical Companies Like A Boss? There's An App For That.,1
Stick Your Money Where A Terrible Company's Mouth Is Because There's An App For That,0
"A Young Boy Shines Shoes To Get By, But That's Not What Keeps Him Up At Night",1
"Many People Have The Same Dream, But They're Not Waking Up To The Same World",0
"Willie Lets Them Use His Version Of ""America The Beautiful"" To Show The Country Being Destroyed",1
"Like Mountains? Hey, So Does Willie! Now He's Singing To Try To Save Them.",0
"These Photos Might Say More Today Than They Did 20 Years Ago, And That's Saying Something",1
"""Seeing This Picture Reminds Me Of Everything I Went Through""",0
"If MTV Still Ran Videos, They Would Never Run This One. But Man, They Really Should.",1
Few Celebs Care About Our Country As Much As Willie. Here's Him Singing His Heart Out About It.,0
A Great Analogy That Makes Climate Change Super Easy To Understand,1
See How Climate Change Is One Big Game Of Tetris,0
33 Kids Get On A Stage And Do An Interpretive Dance. By The End You Can Interpret Them All As Dead.,1
May This Be The Very Last People-Dying-From-Guns Interpretive Dance You Ever See,0
This Artist Was Sick Of Men Telling Her To Smile. So She Told Them So.,1
"If Dismissing Street Harassment Is Selfish, These Ladies Are Guilty As Hell",0
"What If The Answer To Failing Cities, Unemployment, And Broken Schools Is This Easy?",1
There’s A Really Simple Way To Make #America Stronger. Wanna See It?,0
Jimmy Fallon Asks Folks About Equal Pay And Made Them Dance Their Answers. Really. See For Yourself.,1
"Don't Just Tell Me What You Think About Equal Pay, Dance Me What You Think About Equal Pay",0
"Think The Internet's Kinda Awful Sometimes? Well, You're Right. Here's Why.",1
How We Stop Mass Outrage Over Something Silly? Disconnect Everyone's Internet.,0
"How Bad Were These 100,000 Kids That Courts Had Them Sent To Adult Prisons? See For Yourself.",1
"No One Was Jailed For The Financial Crisis While 100,000 Children End Up In Adult Prisons Each Year",0
The Cops Called It A Lovers' Quarrel. She Took Polaroids And Proved Them Wrong.,1
Here's Why Violence Against Women Is Down 64% Since The '80s.,0
The #1 Most Hated Company In America Is About To Get Some #Burn.,1
"Dear #McDonald’s: It’s About Priorities, Isn’t It?",0
How The Voice Inside Your Head Is A Lot Different - And Way Harsher - From What Others Are Thinking,1
Be The Change You Wish To See In The World. Starting With How You Look At Yourself In The Mirror,0
A Northern Teen Eats His First Delicious Meal In The South. He Gets A Slap In The Face For Dessert.,1
Some Words About The United States' Down South Homegrown Contradictions,0
What She Talks About Isn't Being Reported – So She Made A Video To Tell You What's Happening Instead,1
In Mexico Their Government Is Trying To ████ Their Citizens And ████ Their Freedom,0
There's No Way I'm Eating My Next Seafood Dinner Without Checking This Chart FIrst,1
"I Used To Be Wary Of Eating Poisonous Fish, But Here's A Helpful Guide That Waved Away My Fears",0
His First Day On The Job Was Also His Last. The Tragic Story Of Day Davis.,1
What Happens When One Of The Fastest Growing Sectors Of The Economy Is Also The Least Regulated?,0
A 50 Year Old Ad For Temps That's As Unbelievably Sexist As It Is Wildly Revealing About Today,1
This Is Actually Real: An Ad For Temp Workers From The 60's,0
A Quick Little Reminder To Everyone Who Seems To Have Forgotten What Exactly Free Speech Means,1
Tired Of Performers Having Their Free Speech Taken Away From Them? Don't Be.,0
A Professor Thought Fighting For Democracy Wasn't 'His Field.' His Friend's Death Changed All That.,1
"Before His Friend's Tragic Death, He Wrote Papers About Democracy. Now He's Fighting To Save It.",0
"Love Penguins? Boy, Do I Have A Video For You.",1
They Can't Fly And They're Actually Kinda Aggressive. Why Penguins Are Still Worth Saving.,0
The Most Sustainable Form Of Protein Is Right Under Your Nose (And Maybe Your Shoe),1
Why Crickets Are The Next Kale In Terms Of Food Fads,0
We All Love To Get Our Packages In A Hurry. Here's The Dirty Secret Behind How They Do That.,1
Inside One Of The Fastest Growing Sectors In The American Labor Market,0
"Turns Out, An Hour Of Sunlight Can Do A Whole Lot More Than Just Give You A Nasty Sunburn.",1
"Harnessing The Sun's Energy Is Great, But Harnessing All Of Our Brain Power Could Be Incredible",0
Know Any Over-Achievers That Are Fretting How They Haven't Yet Done Anything Great? Show Them This.,1
"Inspiring Video That Proves That As Long As We're Alive, We Can Do Amazing Things",0
"Dolphins See Through Our Swimsuits And Have Reason To Blackmail Us So Let's Tidy House For Them, OK?",1
The Answer To Energy Independence Is So Wildly Simple A Single Cell Organism Can Do It,0
Why People Who Voted For Obama For His Stance On Immigration Are Getting Mad,1
Common Sense? Why Bother When We Can Just Deport People?,0
Stop Ripping On That Friend Who Still Has A Flip Phone. They're Doing A Lot Better Than You.,1
You Know That Recurring Dream Where You Get Eaten By Your Cell Phone?,0
Know Any Over-Achievers That Are Upset Over Not Yet Doing Something 'Great'? Show Them This.,1
Know Any Over-Achievers That Are Trying To Accomplish Something 'Awesome' By A Certain Age?,0
"His Dad Just Died, And All He Can Think About Is Whose Life Flashed Before His Eyes",1
What Happened When He Was Just 15 Years Old Changed Everything. Absolutely Everything.,0
"It Takes A Lot Of Guts To Admit To Treating Women Like This. And Damn, This Guy Nailed His Apology.",1
Here's An Heirloom This Guy Would Prefer To Pass On. And He's Encouraging Other Men To Do The Same.,0
See The Incredible Black Women Honored By These Girls In This Adorable Set Of Portraits,1
See The Incredible Women Of Color Honored By These Girls In This Adorable Set Of Portraits,0
"His Dad Just Died, And All This Kid Can Think About Is Whose Life Flashed Before His Eyes",1
"His Dad Just Died, And All He Can Think About Is Whose Life Flashed Before His Eyes",0
"If Cliven Bundy Was Anything But White, He’d Be In Prison Right Now. Or Worse.",1
"When Armed Resistance To Law Enforcement Is Patriotism, Doesn’t It Seem A Bit uʍop ǝpᴉsdn?",0
"I Hate Sushi, But This Is Has Got To Be One Of The Most Engaging Videos I've Ever Seen",1
"They May Not Be About To Make Sushi Taste Good, But They Sure Know How To Tell Its Story",0
A Woman Interrupts Stephen Colbert's Comments On Gang Violence And Tells Him The Proper Way To Do It,1
"If I Had A ""Spidey Sense” For Violence I’d Find A Place To Hide. She Does The Opposite.",0
"An Argument About Your Privacy That Is So Simple, A Little Kid Can Make It",1
"An Argument About Your Privacy That Is So Simple, A Kid Can Make It",0
A Woman Interrupts Stephen Colbert's Comments On Gang Violence And Tells Him The Proper Way To Do It,1
Stephen Colbert's Comments On Gang Violence Get Interrupted ... By A Professional Interrupter.,0
We Hardly Ever Think Of Kids As Actual Future Adults Until They Make An Argument Like This,1
An Open Letter From Some Really Cute Kids To The Architects Of The Internet,0
We Rarely Think Of Kids As Actual Future Adults Until They Make An Argument Like This,1
We Hardly Ever Think Of Kids As Actual Future Adults Until They Start Considering Our Future Like So,0
What Loving Your Neighbor As Yourself Looks Like In Action,1
Discover An Online Store With Partners From The Place You'd Least Expect,0
"Here's One Wedding They Actually Want You To Crash, And For Good Reason",1
Pro Tip: Don't Light Things On Fire When You Crash Weddings.,0
Imagine An Engineer. Are You Thinking Of A Dude? Is He White? Here's How To Change That.,1
Want A More Diverse Tech Sector? Stop Complaining And Fund This Program.,0
"Blend 1 Part Nicki Minaj, 1 Part ‘High School Musical,' And 1 Part Global Warming Until Hilarious",1
His Stocks Are Outta Control — And So Are Our Temperatures!,0
Some Really Cool History Can Be Saved If We Can Pass This Around And Get People To See It. You In?,1
Got A Second? There’s A Historic Factory In Michigan That Needs Your Help.,0
It's Pretty Hard To Have A Real Conversation About Something Women Are Shamed Into Not Talking About,1
Empathy. Love. Listening. Imagine What That Could Do For The Conversations About Abortion.,0
Here's Why We Might Have To Soon Add 'Beer' To The Endangered Species List,1
"Clean Water Is Important For Health. But Also For Beer! Ok, Mostly For Beer.",0
"If You're Drinking An Energy Drink, You May Be Waiting In Line For Healthy For A While",1
"A Vitamin Water Has More Sugar In It Than A Bottled Frappuccino, And Other Not-So-Sweet Facts",0
There's A Powerful Plant That Could Save The World And This Professor Knows Where It Is,1
Here's The Thing On Extinction; 'We All Go Or No One Goes',0
"This Woman Has A Few Powerful Words For Her Grandfather, And We Could All Benefit From Listening",1
"When We Debate The Future Of Children Who Aren't Around Yet, Do We Forget To Focus On The Living?",0
"Stop It. Seriously, Put The Phone Down For A Few Minutes. You'll Be Happy You Did. (No Selfies, OK?)",1
Kids Are Thirsty. You Can Help. It's So Easy. Let's Do It!,0
"How 37 Banks Became 4 In Just A Few Decades, All In One Astonishing Chart",1
See Why So Many Banks Have Disappeared Over The Last 25 Years,0
This Video Is Pretty Silly — But Maybe The Silly Part Is That Sad Desk Lunch Is Really A Thing,1
Maybe It Would Be Good To Get Away From Our Computers For 30 Minutes Every Once In A While. Right?,0
Another Casualty Of The War On Drugs? The Fearless Few Who Try To Write About It.,1
Where Is The Most Dangerous Place In The World To Be A Journalist?,0
Some People Yell 'Go Back Home' And This Girl's Response Would Be 'I'm Already Here',1
Why Has The Government Held This Teen's Dreams Back?,0
Do You Like Drinking Beer? Here's An Important Video You'll Want To Pay Close Attention To.,1
"If We Don't Work Together With These Brewers, Could Tasty Beer Disappear From Our Lives Forever?",0
"A Man Steps In To ""Rob Them"" – And They Applaud And Join In.",1
I've Never Seen People So Emotional About Poetry And Spoken Word Before — It's Wonderful To See,0
A 7 Minute Reason To Reach For Tap Water Instead Of A Vitamin Water,1
His Doctor Is Counting Down The Days Till He Dies From Heart Disease. I Bet Mine Is Too.,0
Guess Where Is The Most Dangerous Place In The World Is To Be A Journalist,1
Where Is The Most Dangerous Place In The World To Be A Journalist?,0
We Can’t Tackle Racism In Sports Without Talking About One Huge Racist Thing Across All Of Them,1
The Donald Sterling Thing Has Solved A Ton Of Problems In Pro Sports … Right?,0
I Never Thought Of Science As Creative Until Neil Degrasse Tyson Blew My Mind. Again.,1
Creativity X (Science + Engineering + Technology + Math) = All The Jobs And A Happy America,0
What 3 Out Of 10 Homeless Adults Today Had In Common As Kids,1
"You Could Fill A City The Size Of Omaha With These Kids, But They Still Couldn't Call It Home",0
You May Want To Sit Down For This. Just Not On Your Couch. Or My Couch. Or Any Couch.,1
"Things You Can Find In Your Couch Cushions: Coins, Cheetos, And Formaldehyde.",0
We Can’t Tackle Racism In Sports Without Talking About One Huge Racist Thing Across All Of Them,1
"Racism In the NBA Was Just Hammered, Right? Could Even Say 'Tomahawk-Chopped.' SeeWhatIDidThere?!",0
Commit A Felony In America And You'll See Just How Much The Country Cares About You,1
Americans Love To Make It Rain... On The Prison Industry,0
"When Princeton University Said This About America, I'll Admit It, I Cringed",1
"What Does $1 Billion Buy You? Everything, Including Our Rights.",0
The NFL Makes Over 9 Billion Dollars Annually. Guess How Much Money It Pays In Taxes?,1
"UNFAIR: The NFL Gets Taxpayers To Pay For Stadiums, But Doesn't Pay Any Taxes Itself",0
Take Back The Ribbon: How Salmon Turned Into Pink (And Why A Simple Color Change Matters So Much​),1
I Walked For Breast Cancer. I Got My Ribbon. Now Where’s My Cure?,0
Of All The Things Wrong With Sports You'd Think They'd Be Fine Doing Something Even Poor People Do,1
"That Mom And Pop Shop You Love Pays Taxes, But The NFL Doesn't. Does This Make Any Sense?",0
What 3 Out Of 10 Homeless Adults Today Had In Common As Kids,1
Stats On The Foster Care System That Leave The Question: Is It Really Enough?,0
That Meltdown You Saw At The Supermarket? This Could Be A Reason Why It Happened.,1
"Ever Felt Totally Overwhelmed In A Public Place? I Have, But Never Like This.",0
What The 1% Don’t Want You To Know,1
The First Step To Understanding A Problem Is To Identify It. Consider It Done ... 1% Beware.,0
Most People Who Are Mad About Donald Sterling Probably Don't Even Know The Worst Of It,1
"Do Actions Really Speak Louder Than Words? Maybe Not, If You’re A Bigoted Billionaire.",0
These Two Stars Are Married And Have A Child. So What's So Immoral About What They're Doing?,1
DOES Beyonce's Song About Sex In The Back Of A Limo Tie To Teen Pregnancy? Hmm ... How About Prom?,0
"If You Had A Penis Growing From Your Elbow, You'd Probably Want To Cut It Off Too",1
"A Body Isn't All Someone Is, So Why Do We Always Define People By Them?",0
A Snarky Comedian Interviews The Dude Who Implemented One Of The Worst Government Program In History,1
Can We All Agree That America Spying On Americans Is Completely Un-American? This General Disagrees.,0
A 1 Minute Experiment To Teach Men What Women Experience Every Day,1
These Men Got Paid 80% Of What They Deserved. Sound Familiar?,0
There's A Secret Ingredient That Can Make Teenagers Love Their Schoolwork,1
When I Say Hip-Hop You Say ... Education?,0
A Man Comes Out To His Family The Way All Gay Men Should. With A Bollywood-Style Music Video.,1
The case for marriage equality straight out of... India?,0
A 1 Minute Experiment To Show Men Something Women Experience Every Day,1
"One ATM, One Mission: To Close The Gender Pay Gap, One Withdrawal At A Time",0
Think About Every Hijab You've Ever Seen On TV. Bet You've Never Seen 'Em Like This Before.,1
Mipsterz Are Somewhere In America. Who Knew?,0
Go Ahead And Turn Off The Sound. You Won’t Need It For This Teacher’s Lesson.,1
What Can We Gain By Losing Our Hearing?,0
This Guy Just Convinced Me That Our Education System Is Kinda Obsolete,1
It's Time To Start Thinking Differently About Education. And This Video Is A Good Place To Start.,0
Kids Under 5 Have It Tough In A Lot Of Places. Here's One Reason Why.,1
Here Are The Symptoms For The Leading Cause Of Death For Kids Under 5 Worldwide,0
How Can We Support These Survivors If We Don't Talk About What They Survived?,1
1 in 6 Men Could Use Way More Support. Who Will Give It To Them?,0
There’s Only One Way To Fight Monsanto. But We’re Going To Have To Get Our Hands Dirty.,1
You Wouldn’t Drive 1500 Miles For A Carrot. So Why Make A Carrot Travel 1500 Miles For You?,0
The Future Of Education In America Doesn't Look Like Harvard. It Looks Like This Program.,1
"In A City That Speaks 800 Languages, It's About Time iOS Is One Of Them",0
"Here's One Wedding They Actually Want You To Crash, And For Good Reason",1
This Might Be The Most Important Wedding You'll Ever Crash,0
I Don't Do Something All The Time That Actually Uses More Energy Than I Thought,1
"Sure, Big Companies Abuse Energy A Heck Of A Lot More Than We Do, But We Can Still Make A Difference",0
"Two Consenting Adults Lived In A Committed Relationship, And Some People Were Afraid. Very Afraid.",1
Is There A Productivity App To Keep Track Of All This? Cause The Gay Agenda Has A Lot Of Items.,0
"These Kids Are Used To Hearing Gunfire, So A Former Gang Member Gives Them A Space To Feel Safe",1
How About A Paint Brush Wielding Former Gang Member As The Weapon Of Choice For Ending Crime?,0
Meet A Daughter Who's Making Sure What Happened To Her Mom Doesn't Happen To Others,1
What A Cool Idea: Honor Your Mom While Saving Another Mom's Life,0
TRIGGER WARNING: This Cartoon Wasn’t What I  Expected. But It Delivers A Powerful Message.,1
"A Minute And A Half Of Suspense, Horror And An Important Message About A Danger In Too Many Homes",0
Do You Usually Just Throw These Away? This Girl Wishes You Couldn't Buy 'Em In The First Place.,1
"Maybe If You Lived By A Landfill You'd Want To Ban These Things, Too",0
"I Can't Tell You How Often I've Heard 'It's Not Fair!' From Adorable Kids, But Wow, What A Comeback!",1
Great Words: 'The Only Time You Look In Your Neighbor's Bowl Is To Make Sure They Have Enough.',0
The Song That Will Almost Certainly Never Be Used In A Commercial,1
The Crash Of The Music Industry Is Giving Rise To Even Worse Music,0
"When You Find Out What The NFL Has Been Doing For 40 Years, You'll Want To Spike Whoever Is Liable",1
"Tom Brady, Jerry Rice, Joe Montana? Great At Football. The NFL? Great At Not Paying Any Taxes.",0
20 Years Ago A Government Killed 1 Million People. Learn From It.,1
One Of The Most Exciting Perspectives Of The Future Is Happening With An Inflatable Movie Screen,0
Do You Usually Just Throw These Away? This Girl Wishes You Couldn't Buy 'Em In The First Place.,1
Do You Usually Just Throw These Bags Away? This Girl Wishes You Couldn't Buy 'Em In The First Place.,0
It's The Rarest Bear In The Whole World And We Could Learn A Lot From It,1
Can These Guys Help To Save Our Planet's Rarest Bear?,0
"Walmart's Amazing In One Graph, Crappy In The Other. If You're Good At Math, You'll Figure It Out.",1
A Place You Shop Either Looks Amazing Or Terrible Depending On Whether You Ask A Weed Farmer,0
How I Learned To Stop Worrying And Love The Wearable Computer,1
"These Tiny Computers Are Giving Us Data We've Never Had Before, And May Help Us Live Healthier Lives",0
"When You Find Out What The NFL Has Been Doing For 40 Years, You'll Want To Spike Whoever Is Liable",1
What The Government Is Still Allowing Says That Pro Sports Deserves Financial Help. More Than You.,0
"When My Mom Was Still Able To Work, She'd Have Loved A Gift Like This",1
Raising The Minimum Wage Will Help HOW MANY Working Mothers?!,0
INFOGRAPHIC: A Quick Look At A Program More Students Are Enrolled In Than Ever Before,1
See How Schools Have Changed The Way They Approach Learning Disabilities In The Classroom,0
There's A Chance You Might've Misjudged That Kid With An iPhone Glued To His Hand,1
Gone Are The Days Of Protesting In The Streets. Now? We Take To The Tweets.,0
A Beautiful Woman Who Has Vitiligo Removes Her Makeup On Camera To Reveal Her Truth,1
"She Uses Makeup To Cover Up Something, But She's Proud Of Who She Is. Listen To Her Story.",0
"We Can Save The Lives Of 1.4 Million Moms With Just 3 Good, Affordable Drugs",1
Good News: All It Costs Is $1.53 Per Person To Save 1.4 Million Women,0
The Story Of Girl Who Needed Help And Why One Guy Regrets Not Having Done More,1
A Beautifully Animated Story About The Importance Of Kindness,0
Meet The American Badass Who Spoke Up 50 Years Ago And Saved Everyone On Earth From Being Poisoned,1
"Who Knew You Could Save Tons Of Lives By Studying An Asteroid? No One, But That's How Science Works.",0
How Many People Do You Know Who Are Not 100% Straight Or Gay? More Then You Think.,1
"There's A Big Bunch Of Non-Straight People Looking To Change The Way You Vote, And They Are Winning",0
The Key To America’s Future Might Be In Your Backyard. Or On Your Windowsill. Or In An Old Tire.,1
"Cheap Fresh Food And Healthier, More Stable Communities? Um, What Was The Downside Again?",0
Ever Wonder Why Your Cable Guy Shows Up Whenever He Wants And Doesn't Seem Sorry? This Explains It.,1
Why Internet Companies Don't Seem To Be Competing For Your Business (It's Because They're Not),0
"This Memory Test Is Hopeless For Most People, But Easy For Chimps. And They're Not Even People. Yet.",1
"Chimps Should Have Personhood? I Agree, But All I Can See Now Is Chimps With Driver's Licenses.",0
"A Man Falls Down And Cries For Help, Twice. The Second Time, My Jaw Drops.",1
An Experiment Captures What I Know I Am (And Probably You Are) Guilty Of Doing At Least Once,0
Ever Wonder Why Your Cable Guy Shows Up Whenever He Wants And Doesn't Seem Sorry? This Explains It.,1
Here's A Great New Reason To Hate Your Cable Company,0
An Eloquent Nerd Goes Up Against A Corporate Suit To Debate An Unsexy Issue That's Really A Big Deal,1
An Eloquent Nerd Goes Up Against A Corporate Suit To Debate An Unsexy Issue That's A Really Big Deal,0
"This Commercial May Be In French, But You'll Get The Message No Matter Where You Live",1
"Acetone, Cadmium And Ammonia. Want To Take A Sip?",0
How Star Wars And Star Trek Totally Misled You About That Whole Space Thing,1
You Know The Least Accurate Part Of Science Fiction Movies? The Science.,0
"You Can Buy That 700-Page Bestseller On Inequality, Or You Can Hear Its Author Explain It In Minutes",1
Don't Have The Time To Read His Blockbuster 700-Page Book On Inequality? Listen To The Cliff-Notes.,0
"This Commercial May Be In French, But You'll Get The Message No Matter Where You Live",1
From The Lab To The Boardroom To Your Body: How Toxic Chemicals Are Marketed To You,0
WATCH: What These Women Say About Their Careers Will Leave You Totally Jealous,1
Today's Rosie The Riveter Is More Like Carly The Coder,0
"This Commercial May Be In French, But You'll Get The Message No Matter Where You Live",1
A French Company Gets Rid Of Its Toxic Chemicals By Convincing Us To Take Them Willingly,0
The Most Hippie-ish Summer Camp I Ever Did See. And I Love It.,1
A Summer Camp That Tries To Change Lives In Just 8 Days,0
"Columbine, Aurora, Virginia Tech, Sandy Hook. Here’s What They All Have To Do With Your 401k.",1
What If I Told You That You Could Reduce Gun Violence With Your 401k?,0
Newton's Secret Papers Prove That Gravity Is An Elaborate Hoax,1
The Math That Put People On The Moon Was Based On Guesses. Does That Mean We Shouldn't Trust It?,0
A Builder Quotes Nietzsche To Show Us Everything That's Wrong With Today's Houses.,1
He Tells Contractors To Go Suck An Egg. He Also Tells Them To Use It In Their Next House.,0
A 6 Year Old Teaches Us How To Stop Being Perfectionists,1
How Mistakes Are Actually The Key To Not Being A Perfectionist,0
Sometimes Parents Worry About The Influence Gay People Might Have On Their Kids. This Is For Them.,1
There Are Many Things Wrong With Some NFL Players. Being Gay Is Not One Of Those Things.,0
A Film Crew Exposes A Real Sports Event As Big As (And Worse Than) The Hunger Games,1
The Lengths One Country Is Going To In Order To Host The Biggest Sports Competition Is Unbelievable,0
The Depressing Thing Most Political Assassination Victims Have In Common,1
Live Together In Harmony? Peace On Earth? Love One Another? Not Today.,0
The Frog Species That Can Evolve At Super Speed And The Suicide Of The Scientist Studying Them,1
"You Can't Change Your Genetics, But A Mother's Tongue Can Come Pretty Close",0
"The Story Of Adam And Eve Is Delightful, But Ultimately Harmful",1
"When We Found Out The Universe Wasn't Created For Humans, Who Did We Blame?",0
She's Already Beautiful In The Beginning. She Ends As The Reason Why We Have Toxic Beauty Ideals.,1
A Piece About Accepting Our Real Values Beyond Beautifying And Photoshopping,0
"People Are Angry That Women Are Using Their Breasts For Their Purpose, So They Make Them Do This",1
You Wouldn't Eat Your Dinner In A Public Bathroom. So Why Must Mothers Do This?,0
Born This Way: Why Birth Family Makes All The Difference For Getting A Piece Of The American Dream,1
We’ve All Got An Equal Chance To Be The Next Walton Family … Right?,0
A News Anchor Gets The Scare Of Her Life And Forever Changes The Lives Of Others In Response,1
First She Got Sick. Now She's Helping The Rest Of Us Heal.,0
Here’s The Black Women That The Media’s Been Hiding From You,1
"I Don’t Want Your Check, I’ve Got My Own…And Other Confessions of a Working Mom",0
Two Models Decide To Work Tirelessly To Make Sure That Other People Don't Have To Do The Same,1
The Clothes On Your Back May Be Ruining The Fabric Of Other's Lives,0
There's Donald Sterling And Then There's This Whole Other Kind Of Racism That You Haven't Heard Of,1
NOT BREAKING: Donald Sterling Has Really Bad Ideas. BREAKING: We Want To Talk About Something Else.,0
‘All Men And Women Are Created Equal’ … Just Kidding.,1
"Sure, The 1% Has A Grip On Money, But They Also Have Elected Peeps On A Short Leash. Surprised?",0
This Boys Parents Didn't Know He'd Commit A Crime As A Teenager — So What Are They To Do Now?,1
What Age Is Too Young To Try Children As Adults In America? 14 States Have No Minimum Age.,0
You Know How Some Guys Will Do Anything For Sex? Just Wait Until You Hear This.,1
This Transformation Story Questions What Many Believe To Be The 'Goal' Of Manhood,0
Nintendo Got In Trouble For Their Lack Of Equality In Their Video Games. They Responded Like Adults.,1
You Know What The 10 Year Anniversary Of Gay Marriage Needs? Nintendo Characters Making Out.,0
"Hey, Guy On The Street, We Both Know That’s Not A Compliment; It's Harassment",1
How Men & Women Can Work Together To Make Everyone Feel Safer On The Street,0
"I Didn’t Know I Was A 'Cyber Utopian' But After Watching This Clip, I’m Not Anymore",1
"The Internet Is Important To Protest Movements, But It’s Not Always Used To HELP Them",0
What You're About To See Is About Pretty Much Every Meaning Of The Word 'Green',1
"These 10 Places Are Fighting For Something Rapidly Disappearing, But How?",0
"If You Live In One Of These Cities (Or, Y'know, Anywhere), You'll Want To See These Pollution Graphs",1
"Pollution Can't Be Racist, Can It? Well Actually ...",0
This Girl Stood Up For Her Rights — So The Police Hit Her And Pepper Sprayed Her In The Face.,1
The Brazilian Police Are Pepper Spraying And Hitting People Like This Girl In The Face,0
"If This Happened To People Who Work Regular Jobs, It'd Be Headline News For Months, Maybe Years",1
"Courage, Honor, Dignity, And Character Have Nothing To Do With The People Who Allow This To Happen",0
"Being A Tough Guy Is Exhausting? When You Hear This Actor Explain It, It Totally Makes Sense.",1
You Can Be Manly And Sensitive At The Same Time! Isn't That Dope?,0
"This Commercial May Be In French, But You'll Get The Message No Matter Where You Live",1
A French Commercial That Shows Executives Trying To Figure Out What To Do With A Toxic Surplus,0
"Being A Tough Guy Is Exhausting? When You Hear This Actor Explain It, It Totally Makes Sense.",1
Being A Tough Guy Is Exhausting! And Then Turning It Off Isn't As Easy As You'd Think.,0
The Most Shocking Type Of Bullying Is The Kind That Goes Unnoticed. But We’d Notice….Right?,1
Sticks and Stones May Break Adult Bones But Kids Are So Resilient. Isn't That How The Rhyme Goes?,0
Emily's 11th Birthday Was The First Time She Said She Didn't Want To Live. She Left On Ethan's 21st.,1
"Transgender Children Are At Far Higher Risk Of Suicide. If Ethan Is Any Indication, There's Hope.",0
A Lifehack Of Massive Scale That Could Help Millions Of People,1
An Unlikely Way To Save Our Economy — And It's Already In A Neighborhood Near You,0
I Just Learned More About Taxes Than I Did In 2 Years Of Business School,1
Guess How Many Programs We Can’t Afford Because Of All The Interest We Pay On The National Debt?,0
"Now Why Wouldn't A Kid Look Forward To Lunchtime? It's The Best Part Of The Day, Right?",1
Some Students Get Distracted By Their Cell Phones. These Students Get Distracted By Their Stomachs.,0
What Age Is Too Young To Try Children As Adults In America? 14 States Have No Minimum Age.,1
America's Juvenile Justice System Is Flawed And Controversial — When Will It Be Fixed?,0
"The Way We Run Our Schools Is Terribly Out-Of-Date, And This Guy Proves It",1
Kids Are Awesome. So Let's Give Them The Education They Deserve.,0
"When Women Are Able To Decide *When* To Have Kids, Look How The World Can Change",1
"When Women Can Decide *When* To Have Kids, The Future's A Whole Lot Brighter",0
Archie Bunker’s Brilliant (?) Summary Of What Equal Pay Would Do To America,1
"We’ve Come A Long Way When It Comes To Equal Pay, Haven’t We?",0
The Idea Of America As A 'Melting Pot' Doesn't Sound So Great When You Realize This Is How It Works,1
It Took a Tsunami Hundreds of Miles Away To Change His Thoughts On Immigration,0
Her 11th Birthday Was The First Time She Said Wanted To Die. She Left On His 21st Birthday.,1
He's Never Going To Be Able To Have Kids. But It's Going To Be OK.,0
The Unfortunate Reason Why America Circumcises Baby Boys,1
The Guy Who Invented Corn Flakes Was Trying To Ruin Your Sex Life,0
"If You Could Write A Letter To The CEO Of A Horrible Company, What Would You Say? Here's One Take.",1
A Powerful Message To A Powerful Man: Leave These Peoples' Homes Alone,0
This Guy Walks Around Knowing He Looks Fly. But Here He Shows Us What's Hiding Beneath The Gloss.,1
Buying Things Isn’t Always About Materialism. Sometimes It’s About Not Wanting To Feel Isolated.,0
A Really Awkward Conversation Involving White Folks That You Are Probably Too Uncomfortable To See,1
No Issue Is Black And White. Especially This Really Awkward One.,0
"Before We Use Certain Words, We Should All Look At These Pictures. They Might Make Us Think Twice.",1
"You Know How People Say ""Words Hurt?"" What If You Could See The Pain?",0
Why 99% Of Humanity's Problems Could Be Solved By Colonizing Outer Space,1
Carl Sagan's Interpretation Of Humanity's Need To Explore,0
Do You Cut The Red Wire Or The Blue One? You Don't Have To Work For The Bomb Squad To Know.,1
Remember Taking Stuff Apart When You Were A Kid And Getting In Big Trouble?,0
"In The Last 33 Years, 70 Of The 71 Mass-Murderers In The U.S. All Had 1 Thing In Common",1
"BOLD STATEMENT: Women Deserve To Be Treated Like Humans, Not Like Objects. Yes, All Women.",0
"The Way We Run Our Schools Is Terribly Out-Of-Date, And This Video Proves It.",1
"Standardization, Conformity, And Our Totally Outdated School System",0
Maya Angelou Wrote This Poem To Remind Everyone That They're Worth So Much More,1
Maya Angelou Knew That Folks'll Forget What You Said But Won't Ever Forget How You Made Them Feel,0
Why Is A City That Can Barely Keep Its Schools Open Giving Millions To A Mega Corporation?,1
"They Make $64 Billion A Year, But Pay 4% Taxes. Is It Time To Cut The Cable?",0
Here Is A Story That Could Have Had A Very Different Ending If This Child's Parents Were Different,1
"This Is Exactly What Parents Sign Up To Do, Even When They Don't Expect Things To Go This Way",0
Simple Advice From An Astronaut About How To Live Your Life Properly,1
How One Astronaut Managed To Live The Life He Wanted,0
Why's A Certain Disease On The Rise In Youth? These Kids Nail Every Part Of It. Every. Part.,1
How Can We Tell People To Stay Healthy If The Only Choices They Have Are 'Large' And 'Supersize'?,0
She Carried A Secret Around For Years. Her Adopted Son Found Out And Loved Her Even More For It.,1
"A Mom And An Adopted Son Share Some Secrets, And Their Lives Are So Much Richer Because Of It",0
Here Are 3 Text Messages That Never Should Have Been Sent.,1
Social Media Can Drive New Business….even For  A Morgue.,0
One City Can Barely Keep Its Schools Open. So Why Is It Giving Millions To A Mega Corporation?,1
Does Philadelphia Think That Cable TV Is Better Than Teachers?,0
You Know A 5 Letter Word Is Powerful When There's A 10-Day Party Celebrating It.,1
Tolerate Or Celebrate Them? Well What Sounds More Fun... A Toleration Or A Celebration?,0
Why A Man Is Ashamed He Didn’t Break The Law When He Had The Chance,1
Why Did Obeying The Law Give This Pro-Democracy Marcher A Crisis Of Conscience?,0
"Sure Netflix Can Afford A Ransom For House Of Cards, But Can You?",1
Dear Giant Monolithic Companies: It Would Be So Nice If You Didn't Make Everything Worse,0
"No Student Should Have To Deal With Bullies. But For These Kids, It's Especially Tough.",1
More Than Half Of These Students Don't Feel Safe At School. That's Not Ok.,0
50+ Pretty Shocking Facts That Make Things Harder For Every Woman You Have Ever Met Ever,1
The Not-So-Secret Feminist Agenda And How It Could Impact You,0
"My Father-In-Law Will Hate These Graphics About Income And Unions, So I’ll Make Sure He Sees Them",1
It’s Time To Put And End To The Propaganda That Some Folks Spew About Unions,0
"For 3 Glorious Minutes, Obamacare Is Legit Freakin' Hilarious",1
"Sing It With Me One More Time! With Insurance, We Spreeeaad The Risk Arroooound (Hand Claps).",0
Did Your Mom Ever Tell You To Finish Your Meal Because Of Starving Kids? This Makes Way More Sense.,1
The Best Restaurant Window Sticker Since The One With The Big ‘A’ On It,0
"Want To Solve America's Race Problem? Here's A Big, Bold, Uncomfortable Solution",1
This Writer's Bold Statement About America Made The Cover Of A Magazine. Find Out Why.,0
Neil deGrasse Tyson Is Spot On Talking About Climate Change And Your New Beachfront Property,1
Has Anyone Ever Offered To Sell You Beachfront Property In Arizona? That's Almost A Possibility.,0
I Found A Better Use For Drones Than Killing People. But First We'll Need To Find A Thunderstorm.,1
"Don't Let Killing Drones Give All Drones A Bad Rap, Cause These Are Up To Lots Of Good",0
The Lie That We’re Told About ‘Job Creators’ That Is Absolutely uʍop ǝpısdn,1
Can You Spot The Job Creator?,0
"See This Teacher's Amazing Response To The Question, 'But When Are We Gonna Have To Use This?'",1
These Students Are Still So Excited About Math That I'm Starting To Think They Really Mean It...,0
He Took A Trip To A Place That’ll Be Completely Gone In 100 Years; Now He’s Determined To Save It,1
Think Of Your Happy Place. Will It Be Around In 100 Years? One Kid Wants To Make Sure It Is.,0
"The Real Reason We Need To Listen To Teens On This Issue: When They’re Adults, It’ll Be Too Late",1
If Only Our Government Were As Passionate As This Kid Is About Changing The Course Of The Planet,0
"The Real Reason We Need To Listen To Teens On This Issue: When They’re Adults, It’ll Be Too Late",1
"The Real Reason We Need To Listen To Teens About The Climate: When They’re Adults, It’ll Be Too Late",0
Walmart Workers Capture What It’s Like Being In Their Shoes. It’s Heartbreaking.,1
"When You Hear The Voices Of People Who Are Barely Getting By, Does It Change Anything In Your Mind?",0
Walmart Workers Capture What It’s Like Being In Their Shoes. It’s Heartbreaking.,1
Working Families Are Standing Up To Change The Walmart Economy,0
Bill Moyers With 2.5 Minutes Of Absolute Truth About Companies Who Pay NO taxes,1
"Taxes, Taxes, And More Taxes. Unless You’re A Big Corporation.",0
Bill Moyers With 2.5 Minutes Of Absolute Truth About Companies Who Pay NO Taxes,1
Bill Moyers With The Truth About Companies Who Don't Pay Taxes. Hint: It Means WE Pay More ...,0
"Count The Embarrassing Things You’ve Done On The Internet. More Than 0? Worry Not, There’s Hope.",1
The Cavalry Has Come To Save The Internet! And I’m Not Even Bothered By Their Lack Of Hats.,0
"The Most Inspiring Speech In The History Of Time About The Evilest, Boringest Thing In The Universe",1
"What Do A Dingo, A Baby, And Comcast Have To Do With Your Day To Day Life? Ask John Oliver.",0
"If You're Saving Up To Raise Kids Anytime Ever, This Pie Chart Might Make You Go WTF",1
What?! The Cost Of Raising Kids Went Up Almost A Grand A Year Since 1960?!?!,0
"John Oliver Goes Off On An Epic, Hilarious Rant About Two Of The Most Important Words You Ignore",1
John Oliver Has Some Choice Words For Our President And Some Machiavellian Lobbyists,0
How The US Sends Food To Hungry Countries Begs The Question: What Year Is It?,1
"We Grow And Deliver A Ton Of Food To Countries That Need It, But There Is A Much Better Way",0
"Even If You’ve Never Heard Of Levar Burton OR Reading Rainbow, Here's Your Chance",1
"An Amazing Project That Will Bring Reading Skills To Millions More Kids, No Matter Their Income",0
"If You’ve Never Heard Of Levar Burton OR Reading Rainbow, You Will Now",1
"What's This Project About? Ohh, Not Much, Really. Just Getting E-Books Into The Hands Of Millions.",0
How Kim Kardashian and Kanye West's Wedding Might Be A Sign Of The Apocalypse,1
Why Technology Can't Save Us From The People Getting Rich Off Of It,0
It Took A Second For Her To Fall In Love. It Took 2 Years For Her to Stand Back Up.,1
Love Can Be A Battlefield But It Shouldn't Feel Like War,0
A Famous Author Tells An Entire Ivy League School To Try Taking It Down A Notch With The Entitlement,1
No One Likes To Hear Their Success Explained Away As Luck — But Now Is The Time To Hear It,0
"She Didn't Want Her First Pregnancy To Be Her Last, But Her State Made Sure It Was",1
Denounced From The Throne Of Motherhood Because They Thought She Might Be Poor?,0
What Would You Do If Someone Offered To Sell A Baby To You For Fifty Bucks? This Guy Took Pictures.,1
He Saw Something Awful. Then He Decided He Wanted His Legacy To Be Generosity. So He Took Action,0
A Navy Admiral Shares 10 Valuable Lessons On How To Live A Successful Live. I Loved # 3 The Most.,1
"If You Want To Change The World, Don't Fear Circuses — And Other Important Lessons From A Navy SEAL",0
The Wizard of Oz Will Never Be The Same After A Dad Takes You And His Son Down The Yellow Brick Road,1
New Male Role Model: Glinda From The Wizard Of Oz,0
The Truth Behind 'Men's Body Wash' And 'Women's Body Wash' Will Make You Feel Dirty,1
Who Knew Making Products For Everyone Was Considered Bad For Business?,0
My Cheeks Hurt From Smiling After Watching These Seniors Use The Internet For The First Time Ever,1
Cyber Seniors: The Next Big Internet Sensation?,0
"If You've Never Checked Your Facebook Privacy Settings, This Couple Might Convince You To",1
"You Wouldn't Leave Your Front Door Unlocked, So Why's Your Online Profile Wide Open?",0
Oh Snap. The Government Just Got Called-Out... By An 8th Grader.,1
Oh Snap. A Middle-Schooler Just Put The Government On Notice.,0
Leave It To A Dead White Southern President To Remind Us About The Realities Of Race In America,1
Before Affirmative Action Was The Term For Affirmative Action; The President Just Called It Progress,0
A Guy Spent His Life's Work Trying To Silence Gay People So Silence Is What He Got,1
"Free Speech Means You Can Say What You Want, But It Does Not Mean People Have To Listen",0
The Before And After From These Google Images Are Going To Be Preeeetty Freaky,1
I Wonder If The Next Big Tourist Destination Will Be Snorkeling In Times Square?,0
I'm Not Sure It's Possible To See This Chart And *Not* Think It's A Big Problem,1
"I Guess We're A Little Late To 'Nip It In The Bud,' But It's Still Broken, So Let's Fix It",0
What Happens When CEOs Get Huge Bonuses At Companies Like Walmart? Umm … Not What You’d Expect.,1
Do You Think You Could Use A Tax Break Of This Size?,0
"Two Simple Cartoons, One Exceedingly Important Statement On How We Treat Women",1
"I Thought Id Be Better At This, But I Guess We've All Been Trained To Lose At This Game",0
It's A Radical Approach Developed By A Conservative State To Get Rid Of Homelessness,1
Let's Save Money In Our Taxes And Buy Homes For The Homeless,0
The Before And After From These Google Images Are Going To Be Preeeetty Freaky,1
Here's A Video You Can Put In The ‘I Gotta Remember To Show This To The Global Warming Deniers’ File,0
The Before And After From These Google Images Are Going To Be Preeeetty Freaky,1
One Day We'll Look At Before And After Photos Of Our Favorite Cities And Say 'It Was Better Before',0
"His Family Committed Acts Of Pure Evil, But He Doesn’t Want You To Forget It",1
These Atrocities Are Something We’d All Like To Forget. Here’s The Most Crucial Reason To Remember.,0
A Video Game Dares To Say That Science Might Not Be The Only Thing We Should Look To For Answers,1
A Wise Man's Deep Thoughts On The Ultimate Purpose Of Science. Plus Fireballs.,0
The Secret To Getting Someone To Sleep With You Is Actually Not A Secret At All,1
Why Men Shouldn't Go Out Wearing Just Steak All Over Their Bodies,0
It's An Extreme (But Effective) Way To Get Rid Of Homelessness,1
Utah Has Been Working Under The Radar For A Few Years To End People Having To Sleep On The Street,0
They Made A Mistake When They Were Kids And Now Will Never Get To Vote. And About That Job Thing...,1
Why Is Florida Prosecuting Hundreds Of Kids As Adults?,0
"10 Living, Breathing Wonders Of The World That Are (Thankfully) Still Living And Breathing",1
"If I Had To Guess, Their Favorite Song Would Be 'Stayin’ Alive.' (Ba Dum Tss!)",0
A Science PhD Student Got The Biggest Surprise Of Her Life When She Felt Her Belly,1
Think We Over-Glorify Science And Scientists? Hear One PhD Talk About Her Biggest Science Fail.,0
The Jaw-Dropping Prison-Pipeline No One Talks About,1
How A System Designed To Help Kids With Disabilities Could Be Sentencing Them To Prison,0
The Secret Service Approach An NYPD Chaplain At A 9-11 Service. Then A Victim's Mother Steps In.,1
"Listen To This Story About 3 Secret Service Agents, An NYPD Chaplain, And A 9-11 Victim's Mother",0
There's At Least One Thing About The Legalization Of Weed That Should Make You Uncomfortable,1
How Legalizing Marijuana Only Ends Part Of The War On Drugs For Some People,0
He Gave A Very Inspiring Speech About 10 Lessons On How To Live A Good Live. I Loved # 3 The Most.,1
"To Change The World, Measure A Person By The Size Of Their Heart, Not By The Size Of Their Flippers",0
They Did An Internet Study To See How Women Are Treated. You Will Totally Believe What Happens Next.,1
They Did A Study To See Which Gender Was Treated Worse On The Internet. Surprise! Just Kidding.,0
"If Asians Said The Stuff White People Say, It Would Sound As Ridiculous As It Actually Is",1
How Do White People Manage To Eat With Forks? And Other Big Mysteries.,0
"10 Living, Breathing Wonders Of The World That Are (Thankfully) Still Living And Breathing",1
"Without These Animals, Wouldn't The World Be Less ... Amazing?",0
Have You Ever Wondered What Makes You Sexually Attracted To Certain People? Here Are Some Answers.,1
"What Can Three Guys Sniffing Dirty Shirts Tell Us About Attraction? Kind Of A Lot, Actually.",0
So You're Not Sure If You Should Ever Use The Word 'Gay?' Here's The Handiest Flow Chart Ever.,1
If You Want To Know What It's Like When Someone Gets A Standing Ovation Talking About Gay Things...,0
The Way The USA Is Sending Food to Countries That Need It Makes You Question What Year It Is,1
"The U.S. Sends Food To People In Need, But Why's It Taking 4 Months To Get There?",0
People Ask Neil deGrasse Tyson The Same Question All The Time. He's Got A Killer Answer.,1
"If We Want To Meet The World's Next Great Inventor, We Better Get Out Of The Way",0
That All Too Common Compliment Is Actually An Insult In Disguise,1
She Wants A World Where Her Life Isn't Exceptional. I Say Let's Give It To Her.,0
So You're Not Sure If You Should Ever Use The Word 'Gay?' Here's The Handiest Flow Chart Ever.,1
"Why Is It That Two Men Holding Guns Is Fine, But Two Men Holding Hands Is … Gay?",0
t's Really Cool That You Studied Abroad. But The Way You Talk About Your Trip? Not So Cool.,1
"Lions And Tigers And Bears, Oh WHY Do You Describe Africa This Way?",0
"If You’re Wondering Where The Good Jobs Are, A Massive Clue Is Right Here",1
A Service Economy Can’t Support The Middle Class Like American Manufacturing Did,0
Trying To Follow What Is Going On In Syria And Why? This Comic Will Get You There In 5 Minutes.,1
The Myth Is That Teens With Spray Paint Started The Crisis In Syria. But Maybe It Was Your SUV.,0
Not What You'd Expect At A Public University In The Year 2014. Then Again ... Alabama.,1
"As A Taxpayer, Wouldn't You Like To Know If Your Money Was Supporting Something Evil?",0
"An Adorable Live Cam Of Baby Animals Went Horribly Wrong, And It’s All Our Fault",1
A Cute Baby Animal Video That’s Actually Important To The Fate Of Humanity,0
It's Smaller Than Our Fingernails And Can Last For 500 Years. Here's How It Might Be Affecting Us.,1
Why Is A Tiny Piece Of Plastic So Much More Dangerous Than A Big One?,0
We Know That Just 3 Minutes Is Bad. So What Happens If Its 10 Hours A Day?,1
"One Size Advertising?  No, It Does Not Fit All.",0
"If You've Ever Told A Depressed Friend To 'Snap Out Of It', You Should Probably See This",1
Talking About Mental Health Is SO AWKWARD But It Doesn't Have To Be,0
All Things Weird And Great About Blood Donation That You Probably Didn't Know In One Infographic,1
Wanna Be A Superhero? Start With Some Facts About Blood Donation. Then We’ll Talk Flying Lessons.,0
That Prison In Your State? There's Something Shocking About How It's Kept Full.,1
"For-Profit Prisons, Check. Penalties For Empty Cells? Check. Campaign $$$ To Keep It Running? Mate.",0
Students Saw A Gay Couple Kiss In Front Of Kids And The Students Got Mad For All The Right Reasons,1
WWJD? Probably Not Make People Feel Bad — Including The Gays.,0
"If Millions Of Other People Weren't In The Same Boat, This Graphic Would Make Me Feel Powerless",1
"Got $1,800? Head Over To Rent-A-Senate Today For Our Two-Hour Candidate Special!",0
"Hey, America! Don’t Look Now, But We’re Dooming An Entire Generation To Poverty.",1
Why Raising The Minimum Wage Is Also Critical To Our Children,0
Meet A Gay Man Who’s Gonna Have One Hell Of A Father’s Day,1
The Path One Man Took To Form A Family Has More Zig-Zags Than A Zebra,0
"Her Body Type Is So Ignored In The Magazines That We Don’t Even Notice It’s Missing? Ah, Now I See.",1
She Never Saw Models Who Looked Like Her So She Changed It ... By Becoming One Herself.,0
"When He Describes Seeing His First Child, I Cheer. When He Gets To His Second, I Almost Lose It.",1
His First Child Is A Miracle. His Second Child Is Literally A Gift.,0
"When He Tries To Be Straight So He Can Have Kids, I Laughed. When He Has Kids, I Nearly Cried.",1
"His Struggle To Have A Family Makes Me Angry At The World, But His Whopping Triumph Gives Me Hope",0
Can You Guess What Almost All Truck Drivers Are Doing At Their Truck Stops Overnight?,1
Truck Drivers Aren’t Lazy. They’re Just Idling.,0
‘We’re So Glad You Ruined The Internet’ Said Nobody In This Video Message From The Future,1
"If You Like The Slowest Lane At The Grocery Store, You’re Gonna Love The New Internet",0
The Genius Way To Never Lose An Argument Again,1
A Winner's Guide To Getting Your Way In Any Circumstance,0
The Recycling Mistake Millions Of People Make Every Day,1
Why Are We Cheating On Recycling? Recycling Loves Us And Wants Us To Be Happy.,0
Of Course Early Humans Thought God Created The Universe For Them. Look At The Freaking Universe!,1
Early Humans Were Completely Justified In Thinking That The Universe Was Created For Us,0
"People Often Eat Unhealthy Foods Because They Have To, Not Because They Want To",1
Teaching Kids To Eat Healthy Now Will Pay Off SO MUCH In The Future,0
"An Astronaut's Suggestion On How To Fix Politics Would Be Expensive, But Probably Pretty Effective",1
I Would Want To Be A Politician If There Was A Trip To Space In The Deal,0
Feeling Down? Neil deGrasse Tyson May Be Able To Put Things In Perspective,1
"Gross, Dude! You've Got Star Gunk All Over Your Body!",0
Are You In The Majority Of The Everything? Check This Handy Chart.,1
At Least Nobody Had To Be Cut In Half To Display This Data,0
She Can Look Into A Child's Eyes And See What's Wrong. No She's Not Psychic. She's Just Amazing.,1
"She Risks Her Life and Stops Bullets. No She's Not A Cop, But She May Just Be A Superhero.",0
More And More Pregnant Women Are Being Misled About Life,1
"Ever Seek Health Advice With The Hopes Of Being Misled? Have I Got 4,000+ Places For You.",0
"No Matter What Side Of The Abortion Debate You Fall On, Let's Agree These Numbers Are Scary",1
What Happens When Millions Of Women Don't Have Access To Contraceptives?,0
"In 2 Minutes, This Comedian Will Give You A Better (NSFW) History Lesson Than 2 Hours At A Museum",1
"Put Those Museum Passes Away. His History Lesson Is Better, Funnier, And Way More NSFW.",0
We're Only 86 Years Away From Another 'Ice Age Unit'. A Super Cool Cartoon Explains What That Means.,1
"CARTOON: The Future May Not Hold Zombies (Or Does It?), But We Should Probably Still Be Concerned",0
The Most Glaring Example Of Income Inequality Is Right Here,1
CEO Salaries Have Increased HOW MUCH In 50 Years?!,0
It's Real Simple: One Human Being Is Not Worth 300 Times That Of Another.,1
Here's A Novel Idea: Limit CEO Pay To 20X That Of Anybody Else Working There.,0
The Most Glaring Example Of Income Inequality Is Right Here,1
CEOs In 2013 Made Almost 296X The Average Worker. You Read That Right.,0
The Way The USA Is Sending Food To Countries In Need Makes You Question What Year It Is,1
See Why It's Taking Some Countries Up To 4 Months To Receive Their Food Supply,0
We’re All Supposed To Get These 30 Things At Birth. Raise Your Hand If You Didn't.,1
A Simple And Beautiful Reminder Of The Rights We ALL Have,0
Finger Penetration When She Wasn't Expecting It. Is That Rape?,1
This Is Why It's Important To Feel Empowered To Say 'No',0
A Million People Watched A Person Die On The Internet. Here’s What We Can Learn From It.,1
This Poem Perfectly Explains Why Calling Us All ‘Just Different Shades Of Brown’ Isn’t Progressive.,0
"With One Simple Joke, Every Cocaine User Accidentally Revealed Themselves. They Just Laughed.",1
"He Started With A Simple Pot Joke. But Then, He Just. Couldn't. Stop.",0
Everyone Hates Grocery Shopping. But Take This Info When You Hit The Aisles? Scene Control.,1
"That Green Giant? Not So Green, And Here's How To Tell Him To Shape Up.",0
This Sentence Captures Some Of The Feelings Those With Just A Mom Might Have On Father’s Day,1
Here’s A Father’s Day Wish That’s Not Even About Fathers,0
"With One Simple Joke, Every Cocaine User Accidentally Revealed Themselves. They Just Laughed.",1
Having Sex With A Couch Is A Lot Different Than Sitting On One. Shouldn't Every Child Know That?,0
"With One Simple Joke, Every Cocaine User Accidentally Revealed Themselves. They Just Laughed.",1
Our Drug Laws Are A Joke. An Unfunny One. Here's Why That's Hilarious.,0
This Tweet Captures Some Of The Feelings Those With Just A Mom Might Have On Father’s Day,1
This Award-Winning Writer Has A Simple Note To Those Of You Who Look Around And Just See Mom,0
A 200-Year-Old Crime Is Back In The Spotlight — And An Apology Just Won’t Do,1
Their Ancestors Were Some Of The Hardest Workers To Ever Live. And They Got Nothing To Show For It.,0
"It May Look Like Advertising, But Look Closer And You'll See What It Really Is",1
Ever Think Ad Space Could Be Better Used? So Did These Artists.,0
"This Video Might Hurt To Watch. Luckily, This Video Might Also Explain Why.",1
How Someone Else Saying They’re Sick Can Make You Think You’re Sick — Or Actually Make You Sick,0
"When He Googled 'Newscasters,' 2 Results Were Wikipedia Entries. It Was The Other 3 That Scared Him.",1
"The Age Of News 'Arguetainment,' And Why It Seems Like The World Wrestling Federation Took Over CNN",0
A 3-Year-Old Discusses Who They Are Going To Marry And Gives A Better Answer Than Many 30-Year-Olds,1
The Truth About Gay Marriage,0
"When He Googled 'Newscasters,' Two Results Were Wikipedia Entries. It Was The Other Three Scared Him.",1
"When He Googled 'Newscasters,' The Only Two That Didn't Scare Him Were Wikipedia Entries.",0
Two Guys Are Making The World A More Knowledgeable Place One Month At A Time,1
"Subtract Distance And Everyone Is A Neighbor, Right?",0
"British Comic Thinks He Can Just Bash Our Country. He Can, He Does, And He's Freaking Brilliant.",1
Would You Rather Have A McRib Or Some Penny Winkies? (Hint: Go For The One That Kills You Slower).,0
Rich Kids Getting Financial Aid From Colleges Is The Single Most Annoying Thing I've Learned Today,1
Colleges Give Financial Aid To Rich People As Discounts Instead Of Giving Them To Those In Need,0
Alec Baldwin Explains Why I’ll Never Take My Kids To The Circus.  Ever.,1
Watch Alec Baldwin Divulge The Secrets To How The Circus Becomes So Entertaining,0
"Black Swan' Was A Scary Movie, But Not As Terrifying As What This Ballerina Goes Through",1
She Gracefully Twirls And Leaps Over The Thought Of Car Bombs In Her Head,0
The Book That Can Save Lives When You Dump Water On It. Seriously.,1
This Isn't A Metaphor: Some Folks Just Invented A Book That Transforms To A Life Saving Water System,0
"This 14-Year-Old Girl's Already Got Colleges Chasing After Her, All Thanks To Her Unexpected Hobby",1
"She's Hard Set On Following Her Dreams, And Won't Be Slowed Down By Society's Scornful Stereotypes",0
"Usually, Pouring Water All Over A Book Ruins It. In This Case, It Could Save Your Life.",1
This Book Could Save Your Life. I'm Serious. Biologically. With Science And Stuff.,0
"Usually, Pouring Water All Over A Book Ruins It. In This Case, It Could Save Your Life.",1
Step 1: Collect Dirty Water. Step 2: Pour All Over This Amazing Book. Step 3: Don't Get Sick And Die,0
If The Skeptics Won't Listen to Thousands of Scientists Maybe They Should Try A Stand-Up Comedian,1
Baby Polar Bear: 'What Use Is All This Fur If There's No Ice?' Mama Bear: 'Hush Up And Adapt'.,0
"He Asked Her The Wrong Question About Racism, But Her Answer Was Oh So Right",1
"If You Can Only Feel Tall While Someone Else Is On Their Knees, You May Have A Serious Problem",0
T-Mobile Phone Company Does Not Want Their Workers To Call Each Other For A Very Specific Reason,1
"Joining A Union Should Not Result In Emotionally Painful Interrogation In Harlem, Right?",0
The Rich People Getting Richer Are Making A Fatal Mistake. This Doesn’t Bother Me Even A Little.,1
"If There Was Endless Everything, We’d Be Under Their Thumbs Forever. But There Isn’t. Ha, Ha.",0
I Bet White Poets Never Had To Answer To Being Too-White In Their Poems ...Just Sayin'.,1
These 11 Minutes Start Off As A Celebration Of Words And End Up As A Mad Critique Of Inequality,0
"Laugh Really Hard At How She's Acting, Then Tell Every Woman You Know Why It's Not Funny",1
Here's A Great Tip On How NOT To Start Your Day By Calling An Ambulance,0
Meet The Dude Who Might Just Have The Poorest Judgement In America. Bless His Dead-Inside Heart.,1
The Owner Of The Washington Football Team Should Listen To John Oliver. Because Shame Is Important.,0
An Infographic About How Your Tax Dollars Are Spent That Will Tick You Off,1
The Government Pays When Prisons Are Empty. You Do Too.,0
He Didn't Reveal A Truth About Himself Till He Was Almost 70. Then His Career Really Took Off.,1
"When He Stopped Lying To Himself And Stood Up For Civil Rights, His Life Changed For The Better",0
He Kept It Secret For 68 Years. Then He Came Out To The World.,1
"When He Stopped Lying To Himself And Stood Up For Civil Rights, His Life Changed For The Better",0
An Uncomfortable Truth About The Web May Make You Think Twice Before You Send That Friend Request,1
An Uncomfortable Truth About The Value Of An Internet Connection When You're Stickin' It To The Man,0
Think Of All The Things The Internet Made Possible. Now Guess Who Invented It.,1
How's Having All Of The World's Information At Your Fingertips? You Can Thank These People For That.,0
We Always Knew The Cable Company Was Evil. But These Plans Gimme The Heebee Jeebies.,1
What If It Was Harder For You To Get Water Out Of Your Faucet Than For Your Neighbor?,0
"At These Dads Get-Togethers, It’s More Group Therapy Than Game-Day BBQ",1
Can You Teach A Man To Be A Better Father?,0
He Didn't Reveal A Truth About Himself Till He Was Almost 70. Then His Career Really Took Off.,1
Some Things Keep Folks Like Us Awake At Night But Showing That Part Of Ourselves Means We Can Rest,0
He Didn't Reveal A Truth About Himself Till He Was Almost 70. Then His Career Really Took Off.,1
"Roses Are Red, Violets Are Blue, George Takei's Got An Inspiring Story For You",0
"I Won’t Say I Hate Walmart, But I Do Hate What These Numbers Tell Me About Walmart",1
"For Every 2 New Jobs Walmart Creates, 2.8 Are Lost. I’m Not An Economist, But I’d Say That’s Bad.",0
A Kid Says What Everyone Else Is Thinking When Someone Gets Bullied,1
It Starts With A Kid Talking About Witnessing Bullying. It Ends With Some Classic Einstein Wisdom.,0
This Man Has 18 Kids With 13 Different Women. But His Path To Fatherhood Is Just Beginning.,1
He's The First To Admit He Was A 'Terrible Father.' That's Why He's Going To Dad School.,0
A Kid Grows Up With Gay Parents. This Is A Snapshot Of What Life In Their Home Looks Like.,1
"How Do You Define Wholesome?' Apparently Tattoos, Gay People, Families, And Puppies Are Part Of It",0
A T-Mobile Shop Does Not Want Their Workers To Call Each Other For A Very Specific Reason,1
A T-Mobile Shop Is Suggesting That Workers Stop Communication About Certain Issues,0
These Teenage Girls Have Suffered Life-Changing Burns. And They Need You To See Who They Still Are.,1
Self-Respect Is A Hard Thing To Maintain. It’s Especially Hard When People Turn Away.,0
11 Million People In The U.S. Have A Secret. Two Of Them Are Breaking The Silence.,1
They Live Here. They Go To School Here. And They Call Themselves Dreamers For A Very Special Reason.,0
"If Your Doctor Said This To You, You’d Freak. Why Do You Ignore It When Your Friends Say It?",1
Why Color Blindness Is A Medical Condition But Not An Acceptable Way To Treat Other Human Beings,0
Are You In The Majority Of The Everything? Check This Handy Chart.,1
How Do You Stack Up Against The Rest Of The World In These Categories?,0
The One Thing All Of These People Do To Save Up For A Rainless Day Might Actually Be Killing Them​,1
"​These Aren't The Gamers You Are Used To Seeing, But They Are Totally Winning",0
"22 Seconds In, You're Going To Hear A Very Ridiculous Flat-Out Lie",1
"If I Peed In Your Pool, Wouldn't You Be Upset?",0
"Well, That's One Way To Practice Speaking A Language. A Very Cool Way.",1
The Unlikely Friendship Between Some Kids In Brazil And Some Elderly Folks In Chicago,0
The Secret to Social Change That The History Books Won't Tell You,1
’Why Does Politics Get All The Credit For Changing The World?' Says Every Artist Ever.,0
A Customer Wants To Make A Waitress's Life Miserable. She Responds In The Best Way Possible.,1
Do Not Mess With Your Waiter. It Will Only End In Sadness And An Empty Water Glass.,0
"It Would Flood An Area Twice The Size of D.C., And Most People Haven't Even Heard Of It",1
I Can't Believe I'd Never Heard About The Atrocious Way People Are Being Flooded Out Of Their Homes,0
I Suppose It Makes Sense That Textbooks Would Be The Most Economically Savvy Thing Around,1
"It's Supply And Demand, Sucker! You Want To Learn About It? Well, That'll Be $4000.",0
"This 2.2 Million-Year-Old Child Fossil Made A Lot Of Scientists Very, Very Upset",1
This 2.2 Million-Year-Old Fossilized Child Drove A Lot Of Scientists Crazy For A Very Long Time,0
If I Told You What This Is About You Almost Definitely Would Not Click On It,1
A Wild Nicki Minaj-Esque Rap About Something We All Use Every Day,0
One Of The World's Most Beautiful Places Is About To Be Run By One Of The Worst Companies Ever,1
This Australian Power Company Is So Corrupt It's Almost Impressive ... But I'm Not Impressed,0
Not A Neighborhoody Kind Of Person? Here’s A Video That May Help You Channel Your Inner Mr Rogers.,1
Everyone Loves To See Pretty Things Around Them And Thanks To Them Maybe More Will Be Able To,0
"I Look Like I'm Only 25, But I'm 88,' Says The Man This Kid Met Online",1
"A Group Of Brazilian Kids Are Meeting Older Folks On The Internet, And It's The Opposite Of Creepy",0
How 60 Words From 13 Years Ago Ruined A Country's Relationship With The Rest Of The World,1
"""Necessary And Appropriate Force"" Doesn't Mean What You Think It Means",0
No WONDER We Think About Sex So Much,1
Most People Feel They Don't Get Enough. Others Of Us Need To Be Reminded Every Once In A While...,0
Imagine A World Cup That Banned All Immigrants From Playing. Here's What That Would Look Like.,1
What If World Cup Fans Focused On The World Cup Instead Of Who Looks Different?,0
Hey Black People: Have You Caught Yourself Saying Any Of This Terrible Stuff To White People?,1
"Now That This Is Happening To A Different Kind Of Person, Does Any Of These Words Seem Wrong To You?",0
10 Photographs That Boldly Show How Very Different Life Is In The Two Koreas,1
With And Without Liberty: How A Government Can Drastically Change A Person's Way Of Life,0
"When These Kids Go To A Baseball Game, One Is In Severe Danger Of Death",1
What's More Dangerous Than Getting Clobbered By A Foul Ball At A Baseball Game?,0
A 15-Year-Old With A Huge Brain And An Even Bigger Heart Blows MIT Away,1
Not Your Average Radio DJ: A 15-Year-Old Hacks It Together To Help Out His Community,0
Do You Know The Truth About The Connection Between Vaccines And Autism? HINT: Science Knows.,1
Do You Know The Truth About The Connection Between Vaccines And Autism? HINT: There Is No Connection,0
A Country Just Decided That They'd Let The Least Qualified Person Ruin Their Most Beautiful Wonder,1
People Don't Like To Talk About The Earth. So Let's Just Talk About 1 Beautiful Place Under Threat.,0
Do You Know The Truth About The Connection Between Vaccines And Autism? HINT: Science Knows.,1
"Do You Know The Truth About The Connection Between Vaccines And Autism? Yea, It Doesn't Exist.",0
An 8-Year-Old Just Left Me Speechless With His Outlook On A Tragic Situation,1
"They Risk Their Lives To Walk To School, A Distance Not Too Far But Feels Like Forever",0
"He Didn't Want To Be What Everyone Expected Of Him, So He Became Something Else Instead",1
Only 53% Of Urban Youth Graduate From High School. A Stunning Video Puts A Face On That Stat.,0
A Country Just Said That They Might Let The Least-Qualified Company Ruin Their Most Beautiful Wonder,1
Australia May Let A Company With A Past Of Bribing And Chemical Dumping Ruin The Great Barrier Reef,0
Parents Of Kids Killed In School Shootings Had No Idea They’ve Been Giving Money To Gun Companies,1
What If I Told You You Could Reduce Gun Violence With Your Retirement Plan?,0
"I Have No Idea How This Video Isn't Getting Sued, But It's Got A Good Environmental Message",1
You Know What Isn't Grrrrrrrreat? Goddamn Climate Change.,0
"If You Care About A Bunch Of Girls Staying In School, Look To The Toilet",1
"A Bunch Of Girls In India Could Stay In School, But First... Where's The Toilet?",0
He Asked A Question And A Bunch Of People Lied. So He Told Them A Truth That We All Need To Hear.,1
He Was As An Orderly Afraid Of The Patients. Now He Needs You To Know 3 Things About Them.,0
"When Gays Are Accused Of Having An 'Agenda,' I've Got A Hilarious Image To Offer As A Reply",1
"OH MY GOD — Look Out, It's Teh GAYZ!",0
"When Pharrell Wrote The Song, ‘Happy,’ I’m Pretty Sure This Is Exactly What He Had In Mind​",1
It Started As A Mission To Rebuild A Struggling City. It Ended In This Mega-Fun Dance Explosion.,0
You Know That Thing They Said They Weren't Doing?  They Were TOTALLY Doing.,1
"It's Like Our Government Is A Giant Vacuum, And All Our Phone Calls, Texts, And Emails Are The Dirt",0
He Stopped Her At A Train Station And Told Her She Was Beautiful. That's When The Nightmare Began.,1
A Poem From A Little Girl Looking For Love — Or Anything Like It.,0
"Like, OMG. Let's Go To Africa And Save People!"" Here's Why You Shouldn't Be That Person.",1
A Film That Every Parent And Teacher And Volunteer And Do-Gooder Who Talks About Africa Needs To See,0
"I Didn’t Know I Was A 'Cyber Utopian' But After Watching This Clip, I’m Not Anymore",1
"The Internet Is Important To Protest Movements, But It’s Not Always Used To HELP Them",0
A Bunch Of Male Students Came Up With ‘Lift The Skirt’ Day And The School Board Knew All About It,1
Probably The Best Reason To Let Students Go To Class Without Pants On,0
Do You Want To Know The Truth About Vaccines And Autism? Can You Handle The Truth? Are You Sure?,1
Do You Want To Know The Truth About Vaccines And Autism? This May Pinch A Little. Are You Sure?,0
"I Love When White People Really Care About Racism. But, You Know, There Are Some Things About That.",1
"Lean In Close. Hari Kondabolu Has Just A Teeny, Tiny Heads Up For Some Of His White Liberal Friends.",0
"The Conflict Between These People Is Vastly Historical, And Also Incredibly Over For One Big Reason",1
2 Groups Of People That Are Known For Fighting Over Land Are Now Uniting To Protect It,0
The Question To Ask Before Your Kids Go Play In Anybody’s House,1
"Here’s Something You Can Do To Keep Your Kids Safer, And It’s Easy To Do",0
"Meet Luna, A Woman With A Condition So Rare Even Doctors Are Still Trying To Figure It Out",1
"To Us, She's Changing Wigs And Glasses. For Her, She's Switching Personalities.",0
"I Have No Idea How This Video Isn't Getting Sued, But It's Got A Good Environmental Message",1
"Creepy Copywritten Characters, Great Environmental Message",0
"Sorry, Being Alone Is Much Harder Than Just Not Being Around People",1
We Can't Even Destroy The Planet? What's The Point Of Being A Human Being?,0
These Sea Animal Sculptures For Kids Are Made Out Of Something Kind Of Grown-Up,1
Jellyfish Look Like Plastic Bags. Turtles Eat Jellyfish. Here’s A Turtle Made From Plastic Bags.,0
She Did What Any Famous TV Director Would Do When Speaking At Their Alma Mater: Shut. It. Down.,1
Shonda Rhimes Tells Grads She Didn’t Follow Her Dreams But Look She Has A Hit Show Called Scandal,0
How A Gay Teacher At A Religious School Only Needed 1 Sign To Know That She Was Truly Welcome,1
Being Gay Is Hard Enough. Now Try Being A Teacher. At A Religious School.,0
"As Soon As I Got Over How Clever This Plastic Sea-Creature Art Was, It Made Me Kinda Sick",1
This Cool Art Just Might Make Some Kids Treat The Oceans Better Than Their Parents Have,0
A Video That Tackles What It's Like To Be A Fashion Victim In Less Than A Minute,1
Anyone Who Thinks You Can't Have Too Many Jackets Has Too Many Jackets. But That's Beside The Point.,0
It's Pretty Odd That The Second Poorest State Is Still Using This Law That 49 Other States Don't Use,1
Have You Ever Paid A Bill Late? Have You Ever Been In Jail For If You Have?,0
The Juxtaposition Of Little Boys And Little Girls In This Setting Should Not Be So Jarring,1
Ask This Little Girl Who Her Idol Is And That Person Probably Knows Their Way Around A Half Pipe,0
Here's A Ridiculous Thing We Teach Girls That Ends Up Ruining Their Relationships,1
How Channeling Your Inner Bad Girl Can Be Good For Your Relationships (No Girly Quiz Required),0
Arkansas Has A Lot Of Explaining To Do. Why Are They The Only State In America With This Law?,1
"America Doesn't Have Debt Debtors Prisons Anymore. Well, Except In Arkansas, Kinda?",0
The Trees In Your Backyard Are Doing So Much More Than Holding Up Your Hammock,1
Needs A Reason To Plant A Tree? I've Got 7.57 BILLION.,0
I'm Sick Of Ass-Backward Hillbillies. Check Out Some Ass-Forward Ones.,1
It's Like An IKEA Catalog Crash Landed In Duck Dynasty...With Inspiring Results​,0
"Some Call Her Action That Night 'Brave', But She Just Thinks It Was Naive",1
In The Beginning She Just Wanted A Good Grade. But Now She's Running A Company And Changing Lives.,0
"She’s Not Imagining Things. She Has 2 Loving Parents. But One Of Them, Some People Don't Recognize",1
"They’re Not Her Imaginary Friends, They’re Her Parents. So Why Are They Called Invisible?",0
It’s Probably One Of The Best Things You Can Say To Someone Who Doesn’t Like You,1
You Know That Person You Don't See Eye To Eye With? There's A Pretty Easy Way To Fix That.,0
One Man Asks Obama To Honor The Pledge He Made On MTV 7 Years Ago,1
"President Obama Promised To Protect Our Internet. Question Is, Will He?",0
Genius Germans Invent Supermarket So Original-Yet-Perfect You Don't Have To Speak German To Get It,1
Der Neue Supermarkt Is Ein Brilliant Freaking Idea,0
Why Straight Up 9 Out Of 10 People In A Single Industry Have The Same Deadly Disease,1
I Thought TB Was A Thing Of The Past. Now I See It'll Be A Major Player In Our Future.,0
One Brilliant Kid Found A Solution Where Adults Only Saw An Unsolvable Problem,1
"He Knew There Had To Be A Better Way To Prevent Destruction, So He Invented It",0
"If They Stopped Walking, They'd Be Shot. So Her 4 Closest Friends Formed A Chair And Carried Her.",1
Monty Python Has Nothing On This Woman Who Always Looks On The Bright Side Of Life,0
"Drink It, Eat It, Wear It, Just Don't Grow It — It's Illegal! (And It Shouldn't Be.)",1
The Star Of This Story Could Have A Really Happy Ending — As Soon As We Make It Legal,0
The Juxtaposition Of Little Boys And Little Girls In This Setting Should Not Be So Jarring,1
Seeing Little Boys — And Girls Skateboarding Shouldn't Be So Jarring,0
"Here Are Some Awful Excuses For Sexual Assault, And 1 Tiny Sentence At The End That Debunks Them All",1
A Good Reason For Being Sick And Tired Of Hearing People Talk About Shorts Skirts And Alcohol,0
"So Mr. Policeman, What're Ya Gonna Do?  Arrest This...House?",1
I'll Huff And I'll Puff And I'll Build You One Phenomenal House!,0
3 Examples Of 'Religious Freedom' That Come With A Side Of 'Are You Kidding Me?!',1
Religious Freedom: What It Is And 3 Examples Of What It Should Never Be,0
"The Deadliest Disease In History Is Getting Deadlier, And Science Hasn’t Caught Up",1
What Gold Necklaces And Iron Lungs Have To Do With Each Other,0
The Music Industry Asked Him To Change 1 Word In His Songs. His Response Is Pitch Perfect.,1
What Rhymes With 'Play' But Doesn't Get Play On The Radio? Let Him Croon To You About It.,0
3 Examples Of 'Religious Freedom' That Come With A Side Of 'Are You Kidding Me?!',1
How To Argue For Religious Freedom Without Infringing On Other People's Religious Freedom,0
"Here’s A Map. If Your State Is Colored Green, Folks Are Doing Better Than If It's Colored Pink.",1
Is That A Livable Wage In Your State Or Are You Just Living On The Edge Of Despair?,0
Watch How This Shampoo Ad Tackles A Sensitive Gender Stereotype In Just 60 Seconds,1
Why Do Women Apologize More Than Men?,0
"Why The Hobby Lobby Decision Will Only Lead To Awful Things Happening Everywhere, Christian Or Not",1
The Supreme Court Just Ruled That Hobby Lobby Can Refuse To Cover Any Medical Condition They Want To,0
"How And Why We Use 'Sorry' Fuels Gender Stereotypes, And This Shampoo Ad Calls It Out",1
"Sorry' Is Not Always A Bad Word, But When We’re Saying It For No Good Reason, It’s Time To Rethink",0
He Looked At His 401k And Saw It Contributed To His Son's Death In A Very Small But Avoidable Way,1
One Dad's Fight To Give His Son's Murder At Columbine Some Meaning,0
After He Points Out These Age-Old Gimmicks You'll Notice Them Everywhere And (Hopefully) Say 'Nope!',1
I Hope You Don't Make One Of These Silly Mistakes The Next Time You're In An Argument,0
Boring Sounding Thing That Is Actually Fascinating: Trees Breathing,1
"INFOGRAPHIC: When Forests Thrive, Everybody Wins",0
Chris Matthews Made Elizabeth Warren Angry On Air. Probably Shouldn’t Have Done That.,1
Chris Matthews Attempts To Express Our Frustration With 'Politics As Usual' In Washington,0
Chris Matthews Made Elizabeth Warren Angry On-Air. Probably Shouldn’t Have Done That.,1
The News Guy Here Has A Solid Point; Neither Party Seems To Be Fighting For The People,0
"Here’s Something You Don’t Want To Eat, But Definitely Should",1
"Here’s Why You Should Eat More Bugs. Yes, You Read That Right.",0
"He Was Sick And Tired Of Racists Crying ‘Free Speech,’ So He Grabbed A Mic And Shot Back",1
Some Politicians Want To Make It Easier To Publish Hate Speech. Say What Now?,0
"One Look At A Pretty Scary Map And Some Folks Will Say, ‘Houston, We’ve Got A Problem.’",1
"If You Live In One Of These States, Your Chances Of Living In Poverty Go Way Up",0
"He And His Friends Wanted Some Beer, So They Asked A Homeless Guy To Buy It. Then Comes The Message.",1
Things Liquor Stores Are Good For: Liquor. Something They’re Not Good For: Psychiatry.,0
Don't Believe Us When We Call Something Rape? Let The President Explain It To You.,1
Say It With Me: Con. Sent. CON. SENT. These Celebs Seem To Have Gotten The Hang Of It.,0
Myth: It's The End Of Your Sex Life. Fact: Most Women Say It's The Start Of A Great Time.,1
"Hot Flashes, Mood Swings, No Sex Drive — Part Of A Better Life? Well, For A Lot Of Women, Yes!",0
"Rich People Have Their Own Brand Of Affirmative Action, And It Starts As Soon As High School Is Over",1
"If A College Is Profiting From Making Education A Lower Priority, Can It Still Call Itself A School?",0
"She Shoved A Horrible, Painful Photo In Front Of Her Child. Listen To One Mom Explain Why.",1
The Picture That One Mother Wants To Make Sure Her Son Never Forgets,0
The Top 10 Reasons Why We Don't Need Unions Anymore,1
Unions? We Don't Need No Steeeeenking Unions!,0
This Comedian Is So Funny I Had To Take A Tally Of The Applauses He Was Getting,1
"JOKES: Women, Weed, Religion, And Gays. Also, 1 About White Guys, If You Like That Kind Of Thing.",0
The Top 10 Reasons Why Some Folks Claim We Don't Need Unions Anymore. Bless Their Hearts.,1
The Top 10 Reasons People Think We Don't Need Unions Anymore,0
Here's A Socially Acceptable Reason Not To Have A Car In The Most Car Obsessed Culture Ever,1
Why Should Cars Get All The Love? Here's Why You Should Polish Up That Schwinn Right Now.,0
This Guy Explained The Universe To His 5 Year Old And Now She Knows More Than I Do​,1
One Scientist Explains Why The Word 'Universe' Doesn't Even Begin To Cut It,0
This Comedian Is So Funny I Had To Take A Tally Of The Applauses He Was Getting,1
Comedian Tells First Anti-War Chess Joke,0
A Terrifying Truth Of Domestic Violence Displayed By A Lone Woman Who Never Leaves Her Couch,1
There’s A Group Of Soccer Fans That Wanted A World Cup Win For Reasons More Heartbreaking Than Most,0
Here's A List That'll Probably Make You Think About What Your Boss Is Allowed To Get Away With,1
Why Do Bosses Always Get The Good Policies?,0
You Might Have A Case Of ‘The Vapors’ When You Learn How The Federal Reserve Actually Works,1
The 12 Federal Reserve Banks In The U.S. Were Set Up A 100 Years Ago. It Might Be Time For A Change.,0
"His Street Art Is Beautiful, But Then You Realize How It's Made...",1
He Calls Himself A 'Professor Of Dirt' And He Teaches With A Power Washer,0
A Cat With Strong Opinions On Birth Control And Turtlenecks Has Something To Say To You,1
The Grooviest Infertile Cat In The Hood,0
"No One Gets Their Perspective, So They're Forced To Joke About It. Now Imagine They're Not White.",1
"A Late Night Talk Show Host, Comedians, Sports Mascots And A Girl Who Uses Forks As Hair Accessories",0
"Atheist's View On Life Could Make Anyone Cry. 4 Minutes In, The Interviewer Almost Gets Choked Up.",1
He Cries A Lot Because He Misses People He Loves. Then He Almost Gets The Interviewer Balling.,0
Imagine Being Kicked Out Of Your Home Because Of Someone Else's World-Altering Mistake,1
They Don't Want To Leave Their Home. But An Invading Government Kinda Has That Effect.,0
"Yeah, Rich People Are Seen As Greedy But It's Not Like They Take Loans From Poor Peopl — Wait, What?",1
"You Know Who Doesn't Really Need College Aid? Rich Kids. Now, Guess Who Gets Half Of Them?",0
You Might Wanna Avoid What Is Possibly The Most Awkward Customer Service Experience Ever,1
"Guys, Maybe It's More Convenient To Ask A Stranger, But Who Knows Your 'Fun Zone' Better Than You?",0
It's The Last Suggestion I Ever Expected To Hear As A Way To Reduce Stress,1
How Fleeing A Bear Attack Can Improve Your Public Speaking Skills,0
They Talk About The One Terrifying Thing All Women Have In Common. It's Very Beautiful.,1
New Shoes Or Rent? Proof That Aging Is Not For The Faint Of Heart.,0
"What Has 7 Governors, 12 Presidents, And Controls America’s Money? Hint: It’s Not The Illuminati.",1
Banker Types Put Your Money Where Their Mouth Is. That's Why Your Accounts Look The Way They Do.,0
"It Took An 'Honest' Rapist To Show That Evil Lived In The Justice System, Too",1
Name One Thing 40 Million Dollars Couldn't Buy You. Did You Guess 'A Decade Of Your Life'?,0
He Saw And Did The Unthinkable. Then His Country Did The Unthinkable To Him.,1
All Paperwork Is Annoying. But Bad Paperwork Almost Cost This Vet Everything.,0
Some Swimwear Plays Peekaboo. A Monokini Shows What These Women Don’t Want To Hide.,1
Here’s A Refreshing Summertime Idea: Monokini Swimwear For The One-Breasted Woman,0
Here’s How The Library In Some Places Has Become The New Bustling Center Of Its Universe,1
"Books Are Just Paper. But These Libraries Get Them To Those Who Need Them, And Lives Are Changed.",0
"A Kid’s Feelings Are Always Important, Especially When They’re Not Heard",1
All These Kids Needed Was A Little Peace To Give Them A Chance,0
"At 5 Years Old, She's Already Drank Thousands Of Sodas. At This Rate Her Future's Looking Pretty Grim.",1
We Need More Honest Food Packaging. Let's Start With A Skull And Cross Bones On These Sugary Drinks.,0
"She's Only 5, But She's Drank Thousands Of Sodas. Here's A Peek Into Her Future.",1
Thousands Of Sodas At Only 5 Years Old? This Doesn't Look Good.,0
"Ohhh Myyy, How Far We've Come: Social Media's Viral LGBTQ Campaigns In One Graphic.",1
The Incredible Role That Social Media Plays In Today’s LGBTQ Civil Rights Campaigns,0
I Have A Gay Friend Who Refuses To Get On Facebook. Here’s What He Missed In The Last 5 Years.,1
5 Of The Biggest LGBTQ Campaigns Of The Last 5 Years On Facebook And Twitter,0
Photos Of Astonishingly Beautiful People Who Are Losing So Much Of What Makes Them Beautiful,1
"It's Easy To Ignore Climate Change When You Have Four Walls, A Roof, And A/C. But What If You Don't?",0
This Is Larry. He Has A Brilliant Plan To Take Down Politicians Who Are Screwing You Over.,1
"Unless You Have Money, Your Opinion Literally Does Not Matter. Larry Has A Plan To Change That.",0
It Takes About 20 Celebrities To Explain Why 62 Million Girls Are Being Dumbed Down,1
Think They Have Power? Try Multiplying That By 62 Million.,0
A Reporter Asks Madonna A Question Everyone Else Was To Afraid To. She Slam-Dunks Her Reply.,1
A Little Reminder Of Why We Fell In Love With Madonna In The First Place. It Wasn't Just Her Music.,0
Hm. What’s This Line For? The Library? Whatthewhat? What’s In There You Want So Bad?,1
"Is There A Place In Your Town With Something For Everyone? Nope, Not Walmart — Think Books.",0
Photos Of Astonishingly Beautiful People Who Are Losing So Much Of What Makes Them Beautiful,1
Photos Of A People And Place That Are Losing So Much Of What Makes Them Beautiful,0
"A Few Years Ago She Came Out Of A Closet. Now She's Going Back In, But For A Very Different Reason.",1
Laura's Presence On TV Would Have Once Been Radical But The Times They Are A-Changin',0
It's The Last Suggestion I Ever Expected To Hear As A Way To Reduce Stress,1
And Here's Why You Might Wanna Plan Something Kinda Scary This Weekend,0
Childbirth Hurts But It Should Never Do This To The Mother Or Her Baby,1
"Fewer Moms Are Dying In Childbirth, And Here's A Promising Reason Why",0
"She Grew Up Overhearing Her Racist Dad. After Hearing Her Truth, I Don’t Think She Was Listening.",1
"She Risked The Rage Of Her Town, Her Family And Her Father To Be A True Christian",0
A Funny Man Helps Women Laugh About Something Men Do To Them. Then He Helps Men Stop Doing It.,1
"Not All Men Harass Women, But Not All Men Stop Men From Harassing Women Either",0
It's The Last Suggestion I Ever Expected To Hear As A Way To Reduce Stress,1
Who Knew The Answer To Stress Is More Stress. Not Me? Maybe That's Why I'm Stressed.,0
"If You're In The Middle Of The US Wealth Distribution, Here's What You Look Like Next To The Top 1%",1
Why It's Good To Be Rich — And Why We Absolutely Have To Tax The Rich,0
"She Grew Up Overhearing Her Racist Dad. After Hearing Her Truth, I Don’t Think She Was Listening.",1
It Always Amazes Me What Beautiful Human Stories Come Out Of The Nastiest Human Behavior,0
"Rich Kids Can't Be All Bad, Right? Unless They All Do This To Poor People Before They Go To College.",1
For So Many Of Us A Bad Rich Kid + A Bad Dean Could Be Why You And Sallie Mae Are BFFs,0
Kids Under Five Need A Couple Of Basic Things. Not Getting Them Has Drastic Consequences.,1
"When Kids Don't Get Enough Food, Their Chances Of Growing Up Are Pretty Slim",0
6 1/2 Years Of Selfies Show Her Life With Mental Illness,1
She Documented Her Struggles With Depression For 6 1/2 Years,0
Here's One Way To Get Drivers To Notice You On Your Bike,1
Some Cyclists Will Do Anything To Get Your Attention,0
How Changing One String On A Guitar Can Help Survivors Of Abuse,1
The World's Easiest Way To Be An Activist And An Ally,0
One Map That Makes Me Think Twice Before Moving To A Southern State,1
"The South Will Rise Again? I Certainly Hope So, Because A Lot Of It Has Nowhere To Go But Up.",0
A Long List Of Foods That We Might Never Get To Eat Again,1
Let's Figure Out This Bees Disappearing Thing Because I Will Not Stand For A World Without Apples,0
Don't Be That Kind Of Girl' Was Meant To Protect Girls. But No One Saw These Consequences Coming.,1
Oh How I Long For The Days When A 'Hoe' Is Just A Garden Tool,0
"They Play Incredible Soccer, So We Don't Care If They're Gay, Do We? Apparently, Yes.",1
Are Homophobic Soccer Fans Keeping Good Players Down? In The U.S. We Might Be Doing Just That.,0
You've Discovered What Chick Flick And Ice Cream Flavor You Are. Now Try A New Personality Quiz.,1
Does Helping Make You Happy?,0
A Journalist Asked Her To Stop Teaching Hate To Children. I'll Never Forget Her Answer.,1
She Talks To The Media All The Time But Now Is When She Says What Really Needs To Be Said,0
A Radio Show Spent Time In A School Where Shootings Happen So Often No One Talks About Them Any More,1
Schools Could Be A Lot Safer If It Weren't For All These Pesky Guns Getting In The Way,0
Here Are Some Unexpected Numbers From The World Cup You Might Not Know About,1
"What Do 30,000 Fans Have To Say About Acceptance Of Gay People?",0
A Teacher Says Exactly What He Thinks About His Students (And We All Need To Hear It),1
A Science Teacher Explains In Wildly Beautiful Detail Why We Have To Think Beyond The Classroom,0
A Radio Show Spent Time In A School Where Shootings Happen So Often No One Talks About Them Any More,1
A School Where Teens Navigate Homecomings And Funerals (And You’ll Probably Not Hear Of It Again),0
"If You're One Of Those People Who Just Doesn't 'Get' Trans People, Here's An Easy Fix",1
Raise Your Hand If You Like Having Your Personality Forced Into A Cookie Cutter. Your Hand is Down.,0
The Key To Solving Climate Change Has Been Staring Us In The Face Since 1953. How Embarrassing.,1
This Guy Offers A Few Solid Solutions To Global Warming. One Is Disagreeing About The Solution.,0
"What Makes The Clouds In One Canadian City So Special? Well, Maybe Special Isn't The Right Word.",1
"Leaks, Alerts, Sickness, It's Kinda Like An Erin Brockovich Movie But Right Here In Canada",0
The Jiggle Test Should Only Be Allowed If NFL Players Have To Pass As Well,1
"Cheerleaders Are So Taken For Granted, Even The Guy In The Duck Suit Gets Paid More",0
Why I’ll Never Flip Off Another Cyclist Who Runs A Red Light On Me Ever Again. Maybe.,1
Save About $10 A Day AND Not Feel Wrong For Scarfing A Blueberry Cake Donut? I'm In.,0
A Teacher Says Exactly What He Thinks About His Students (And We All Need To Hear It),1
A Science Teacher Tells His Students About A Different Kind Of Chemistry,0
The Number 721 And What It Means To Restaurant CEOs,1
"Wages For Restaurant Workers Have Stayed The Same Or Gone Down, But CEO Pay Has Gone The Other Way",0
"Cocaine And Heroin Jokes Are Absolutely Hilarious, Just Read This Graphic To See How Funny They Are",1
I Would Love To Make 5 Times More Money Than Coca-Cola Makes Every Year. But Not This Way.,0
"What Makes The Clouds In This One Town So Special? Well, Maybe 'Special' Isn't The Right Word.",1
"Leaks, Alerts, Sirens, It's Kinda Like An Erin Brockovich Movie Came To Their Town",0
"Mother Nature Figured Out How To Fix Climate Change. Surprisingly, We Still Aren't Listening To Her.",1
Ignoring Your Ex Is One Way To Get Them Out Of Your Hair. Not So Much With Climate Change.,0
1 Out Of 5 Will Experience It. The Other 4 Will Know Someone Who Has.,1
"We Think Of Ourselves As Polite, But When We Ask How Someone's Doing, Are We Really Listening?",0
"They’re The Best In The World At What They Do, But We Pretend They're 'Amateurs.’ It's A Huge Lie.",1
These Guys Are The Best In The World At What They Do. It's Time To Stop Calling Them 'Amateurs.',0
"He Talks About The 1st Arrest, The 2nd, The 27th, And My Blood Is Boiling",1
"8,000 Kids In This Town Have Been Stopped By Police. Just To Clarify: That’s 8,000. Children.",0
"Why Women, Gay People, And People Of Color Have A Harder Time Getting Ahead",1
Marginalized Groups Can Use White Men To Succeed? It's So Dumb It Might Just Work.,0
"If The News Bums You Out, These Surprising Stats Might Make The World Seem Less Bleak",1
"War Pisses Me Off. Luckily, It Might Be On The Way Out.",0
"Every Girl Will Get A Period, But The Ones Who Live Here Go Through It In A Very Bizarre Way",1
Women Who Live Here Might Be Getting Treated Extra Unspecial During Their Special Time of The Month,0
How Do You Make An Oil Rig Cute? I Don't Know But They Figured Out How To Do It.,1
"I Know No One Likes Talking About The Environment, So Let's Try Singing",0
Why Is She So Happy To Be In Her Living Room? Because It’s Her First Time There In 8 Years.,1
How Many People Does It Take To Change A Light Bulb? What About Replace A House That Blew Away?,0
"When A Police Department Cheered A Twitter Milestone, They Probably Weren't Expecting This Response",1
"Congrats To Baltimore PD On Reaching 50K Twitter Followers! Now, About Those Brutality Issues...",0
Ever Read A Text Message That Changed Your Life? These Women Get Those Everyday.,1
"They Wanted Better Schools, Better Health, Better Tech. Instead Of Waiting For Help, They Built It.",0
She Played A Gay Character And Prepared For The Negative Responses. That Was Apparently Unnecessary.,1
"Gay Role Models Matter. Whether They’re On TV, In Film, Or Made Out Of Animated Pixels.",0
What’s Ratchet? And Why Does The Word Need To Die Like Right Now?,1
The Type Of Conversation You Wish You’d See But Won’t  On The Real Housewives Of Atlanta,0
A Politician Gets Winded Just Talking About How Badly He's Going To Screw Up Healthcare,1
Getting Money Out Of Politics In Under A Minute,0
One Quote From Abraham Lincoln Might Just Surprise You,1
Abraham Lincoln Had A Great View On What Those Who Work For A Living Bring To The Table,0
Here's How Advertisements Might Look If They Stated The Things They Make Many People Feel,1
Here's How Advertisements Would Look If They Stated The Things They Make Many People Feel,0
The Biggest Lie Of The Past 30 Years About Taxes Debunked In One 5 Minute Clip,1
Surprise! Tax Cuts Actually Don’t Save Regular Tax Payers Any Money At All.,0
Watch How Their Gay Rights Volunteers Make Other Volunteers Wish They Were These Volunteers,1
"When Over A Million Have Your Back, Fighting For Human Rights Doesn’t Feel So Big, Scary, Crazy",0
She Was 7 Years Old When Her Mother Sold Her. But That's Not Where Story Ends.,1
"$40,000 Can Buy You A Lot Of Things. A Child Should't Be One Of Them.",0
"This Guy Looks Like He’s From The Past, But His Truth Is Very Important To The Present",1
A Musician Gets Up Onstage And Speaks Up For His Hometown And The Big Problems It Faces,0
A Mom Who’s On Food Stamps Has Something To Say To People Who Judge Her For Driving A Mercedes,1
She Felt Ashamed Driving Her Mercedes To Pick Up Food Stamps … But She Didn’t Have Another Choice,0
See How These Clever Designers Are Using Cardboard Signs To Lead The Homeless To A Better Life,1
"Big Brands, Graphic Designers And The Homeless Working Together? Sounds Weird, But It's Beautiful.",0
See How These Clever Designers Are Using Cardboard Signs To Lead The Homeless To A Better Life,1
A Beautiful Collaboration Between Designers And The Homeless That's Worth Writing Home About,0
The Hard Truth About Being A Female Soldier In Our Military Is Really Hard To Believe. And True.,1
The Hard Truth About Being A Female Soldier In The Military Makes Me Want To Fight The Military,0
A Hollywood Actor Wants People To Stop Denying A Certain Controversial Issue,1
"He May Only Play A Politician On TV, But He's Got Some Thoughts On The Reality Of Politics",0
These Clever Designers Are Working With The Homeless To Make Fonts That Make A Difference,1
These Clever Designers Are Working With The Homeless To Make A Difference,0
Screaming At People You Love Is Cave Woman Biochemistry That She Has An Antidote For,1
"You're Miraculous, She Says, And Keeping That In Mind Can Help You Juggle Modern Life",0
We All Know Someone Who Has A Really Negative Outlook On Life. Here's Why That's Not So Great.,1
The Bad News: Cynicism Is Tied To Poor Health. The Good News: Cynicism Is Reversible!,0
"These 2 Minutes All Have Only Lego Folk Still, Motionless. By The End I'm Moved To A Pulsing Rage.",1
"If It's An Art, Shell Might Be Considered The Picasso Of Pollution. And No One Could Ever Hide That.",0
2 Things To Know So You Aren't Accidentally A Terrible  Bummer Around Black Folk,1
Advice From These Folk Is Kinda Like A Hint From Heloise's Black Sister-In-Law Eating Watermelon,0
Old Public Busses Are Being Turned Into New Public Showers For A Really Great Reason,1
Why In The World Would A Woman Want The City Of San Francisco To Give Her Old Busses?,0
"Dating Another Race Matters So Much When It's Wrong, And Not At All When It's Right",1
"Watch Some People Discuss Why Variety Is The Spice Of Life, Especially In Love",0
"Interesting Things Happen When Black Girls Date White Guys, Or Asian Guys, Or Latin Guys, Or...",1
"We Don't Come In Matching Sets Like Barbie And Ken, But The World Tries To Pair Us Like That Anyway",0
Dudes Have Spent Over 100 Years Trying To Prevent Women From Learning The Real Meaning Of This Word,1
3 Ways To Tell If You Are A Secret Feminist And Just Didn't Realize It,0
"These 2 Minutes Of LEGO People Frozen In Motion Drilled Right Into My Heart. And Struck Anger, Too.",1
"In 2 Minutes These LEGO People Manage To Drill A Point Home, Even Though They're All Frozen Still",0
"If Your Kids Were In This Video, You'd Flip Out. Let's Pretend These Are All Our Kids.",1
What Would You Do If These Were Your Kids? Let's Pretend They Are All Our Kids.,0
"You Wouldn't Think Black People Would Debunk This Urban Myth, But Here's The Brave One Who Did",1
"1 Giant Leap For Racial Understanding Is, Unfortunately, 1 Small Thing That You Wouldn't Expect",0
The Sinister Ways Governments Make It Dangerous To Protest Online,1
REAL THING: Citizens Nominate And Vote For Sites That Should Be Deleted For Offending The Thai King,0
The Politician Gets Honest About Why He's Ruining The Country,1
"Oh, You Want Your Internet To Work Properly? Try Bribing A Politician.",0
He Knows Every One Of His Employees. And He Wants To Pay Them What They’re Worth.,1
"If You Listen To Some Media Echo Chambers, You’d Think Business Owners Hate The Minimum Wage",0
I Have Something Important To Talk About That May Affect All The Porn That None Of You Are Watching,1
"A Money Making Scheme You Just Have To Hear About, And All You Need Is An Internet Connection",0
"They Know An Alien Invasion When They See It, And They're Putting Up A Fight",1
Would We Want To See The Lincoln Memorial Torn Down So The Marble Could Be Sold To China?,0
"If You Like Porn, It's Really Important You Watch This. If You Hate Porn, You Should Still Watch.",1
The Most Important Educational Video About America That Includes A Creepy Old Guy In A Robe Ever,0
This Is One Of The Best Tours I’ve Ever Had Of The Heart Of New Orleans — No Travel Required,1
"Her Home Was Destroyed By Hurricanes, But She Won’t Let Truth Be Destroyed Too",0
"If You Have Ever Seen Porn, It's Really Important You Watch This. Even If You Haven't, Watch This.",1
"If You Like The Internet, It's Really Important You Watch This. If You Hate It, I'd Still Watch This.",0
You Take A Picture Of Your Food And Tag It With #mealforameal. What Happens Next Is Less Hunger.,1
A Cell Phone Company And Australia Get Together With You To Feed Hungry People With Hashtags,0
"If You Have Ever Seen Porn, It's Really Important You Watch This. Even If You Haven't, Watch This.",1
"The Government, Porn, The Internets, And You",0
"When Global Warming Caused A Disaster In Their Town, They Decided To Do Something About It",1
The Spirit Of One Hard-Hit Community Makes Me Want To Dance And Clap My Hands,0
How Much Water Do You Drink In A Day? 783 Million People Have The Same Answer.,1
Getting A Clean Glass Of Water Shouldn't Be Hard To Do. What Happens When It Is?,0
"The Founder's Vision Of Government Of, For, And By Rich White Men Is Still Very Much Alive",1
"If You Are A Member Of The 51%, There Is A 90% Chance Your Governor Isn't",0
"When Global Warming Caused A Disaster In Their Town, They Decided To Do Something About It",1
"When CNN And The Weather Channel Left Town, These Folks Jumped In To Help Clean Up",0
"‘Give Me Your Tired, Your Poor, Your Huddled Masses Yearning To Breathe Free’",1
"How One Community Offered Help, Support, And Open Arms For Those Fleeing Another Country",0
"When You Break Down The Ages Of Tipped Workers, Lights Go On In Your Head. Well, At Least In Mine.",1
"Tipped Workers Still Make A Minimum Wage Of $2.13 An Hour, And Have For 23 Years",0
A Small Town Just Came Up With A Surprisingly Simple Way To Stop Fracking Dead In Its Tracks,1
The Way This Little Town Stood Up To An Industry That Seemed Unstoppable Made Me Stand Up And Cheer,0
The Biggest Plot Hole In The Superman Movies Seems To Fly Over Everyone’s Head,1
Superman Could Be Doing Some Of His Most Important Work In Home Depot Parking Lots,0
I Love It When Smart People Come Up With Solutions That Seem Obvious,1
"Back-Breaking Work For Women Just Got Much Less Back-Breaking. And Quicker, Too.",0
A White Girl Said She Was Shoved. A Black Boy Denied It. Guess Who Ended Up With The Principal?,1
Most Students Wouldn't Mind A Teacher Grading Them Easier Than Their Classmates. These Boys Do.,0
She Wore A Pretty Pink Halter Dress To Graduation But It Didn't Look The Same The Day After,1
You Wouldn't Look At Her And Know Where Or How She Slept Last Night,0
My German Friend Thinks Our System Of Tipping Is Absurd. Here's Some Stuff To Back That Up.,1
10% Of Tipped Workers are HOW Old?,0
The Frustrating Plot Hole In The Superman Movies That Seems To Fly Over Everyone’s Head,1
The Superman Plot Hole Big Enough To Fit The Entire Immigration Debate,0
A Politician Gets Real Honest About Why He's Actively Ruining His State,1
A Politician Candidly Describes How Easy It Is To Succumb To Corruption,0
Young Steve Jobs Once Said Something Great About Life And Other People Not Being Smarter Than You,1
"Some iLifeAdvice From The One And Only Steve Jobs, Pre-Turtleneck",0
Ignore The Haters And Listen To This 64 Year Old Instead. You're Never Too Old For Your Dreams.,1
When She Decided To Swim From Cuba To Florida. Nothing Could Stand In Her Way. Not Even Her Age.,0
Ignore The Haters And Listen To This 64 Year Old Instead. You're Never Too Old For Your Dreams.,1
The Hardest Journey Of Her Life Has Me Thinking I Can Conquer The World,0
A White Girl Said She Was Shoved. A Black Boy Denied It. Guess Who Went To The Principal's Office?,1
8 Boys Share Explain What It's Like To Live In Shackles And Boxes,0
These Simple Words and Images Have Me Totally Rethinking How I Talk Around Boys,1
How Many Guys Had These Labels Projected Onto Them Growing Up? I'm Guessing All Of Them.,0
"So, Corporations And Our Government Are Fooling Us About Unfertilized Chicken Babies?",1
Imagine A Picture Perfect Farm With Green Grassy Hills. Your Food Probably Does Not Come From There.,0
"50 Years Later, Here's Some Incredible, Rare Footage Of The Summer of '64",1
"Chaney, Goodman, Schwerner And The Summer That Changed America",0
"No Matter Your View On Immigration, Her Words Make Me Want To Welcome These Folks To Our Country",1
Sending These People Back Across The Border Is Murder,0
"College Sports Have A Dirty Secret, And It's Hiding At The Bottom Of This Chart",1
"They All Work Incredibly Hard. Some Make Millions. The Rest Get Applause, But Then What?",0
Your Boyfriend Could See This App On Your Phone And Have No Idea What It Is. And That's The Point.,1
Need Help Getting Out Of An Abusive Relationship? Just Click 'Download'.,0
The Footage You're About To See Hasn't Seen The Light Of Day In Almost A Half-Century.,1
3 Civil Rights Workers Went Missing 50 Years Ago And America Was Never Quite The Same Again.,0
"So Many People Watching Will Say 'Wow, That Happened To Me Once But I Had No Clue What It Was'",1
What's Behind The Door Scares The Heck Out Of Him. Now He's Inviting You To Walk In With Him.,0
Questions You Should Never Ask Your Biracial Bestie Unless You Want These Priceless Responses,1
"Even If You Think It’s A Compliment, Here’s Why “Wow … You Look So Exotic” May Offend Your Friend",0
"I'm Not Usually A Hugger, But These Facts Have Me Reaching Out For The Nearest Tree",1
"What's Big, Green, And Disappearing Rapidly Before Our Eyes?",0
Why Your Resume Will Eventually Stop Mattering,1
Are Grandfather Clocks Worth More Than Grandfathers?,0
Are Vaccines Unsafe For Children? These Two Minutes Cover Everything You Need To Know.,1
"A Well-Researched, Fact-Checked, Super Reasonable Two Minutes On Why You Should Vaccinate Your Kids",0
People From All Over The World Are Worried About Canada. But Do They Even Realize What's Happening?,1
"How Many Nice Canadians Does It Take To Stop Disaster In Its Tracks? So Far, Not Enough.",0
A Beautiful Picture Of What Happens When You Have To Figure Out Dad Stuff Without One Of Your Own,1
"Parenting Is No Easy Task, Especially For A Man Who’s Not Afraid To Be Soft",0
These Ladies Take 4 Simple Words And Own Them. More Of Us Should Do The Same.,1
These Women Just Reminded Me Of The Greatest Thing That I Own,0
They Scribbled Their Lives Onto Cardboard Pieces So That Fewer People Would Judge. Did It Work?,1
"Some Have Built Robots, Been Figure Skaters. Some Have Degrees. Now, They’re Homeless.",0
"She Was Married At 13, But It Was A Different Day That Changed Her Life",1
See The Program That's Changing The Way Child Bride's Think About Their Futures,0
A Cartoon Explains The Real Reason Waiters In The US Still Make Just $2 An Hour,1
The Most Obnoxious Cartoon Villain Since Shredder And Krang Is Real,0
Strange Weather? Maybe This'll Settle The Argument.,1
The Weather USED To Be The Boring Thing To Talk About,0
"If Science Got Ruined For You In High School, Let This Comic Bring It Back For You",1
How Else Do You Think We're Going To Figure Things Out?,0
There Are Two Groups Of People Who Don’t Have To Pay Income Tax. Guess Who They Are?,1
Tax Myths Debunked About Who’s Paying Taxes ... And Who's Not,0
"It Starts Off As A Lesson In Economic Balance, But Has A Twist Philosophical Ending",1
Understand This Balancing Act. Make Yourself And Your Government A Little Less Likely To Explode.,0
"The One Where A Pizza Chain Pays Workers More Than Minimum, And Managers $100,000 A Year",1
The Secret To Keeping Workers Happy And Growing A Business? Right Here.,0
The Footage You're About To See Hasn't Seen The Light Of Day In Almost A Half-Century,1
It's Been About 50 Years Since Anyone Has Seen This Footage Of The Civil Rights Movement,0
"If There's A Better Way To Describe Books, I Haven't Heard It Yet",1
"We May Not Have Invented Portals Into The Past, But We're Close",0
How A Lawyer Defended The Theory Of Evolution With Both Science Hands Tied Behind His Back,1
"Remember When Tennessee Put Evolution On Trial? Cheers To You, History!",0
You Know Those Jerks That Merge Into Traffic At The Last Moment? You Should Be One Of Those Jerks.,1
Why Robot-Driven Cars Could Be The Best Thing Possible Thing For Humanity.,0
"Here’s What They Risk Just By Going To Work. At 1:05, My Jaw Is On The Floor.",1
WHOA: There's A Chart That Shows How Much Each Of Your Body Parts Are Worth To Your Boss,0
Anyone Who Really Cares About The 'Middle Class' Will Think Good Thoughts As They Scroll Down,1
Remember When People Thought The US Was The Coolest Because It Built Sh*t? We Can Still Have That.,0
"There's Nothing Wrong With Teens Doing Teen Stuff, But Check Out What One Extraordinary Kid Is Doing",1
"He Has A Few Hundred Pairs Of Shoes, But They’re Not All For Him",0
"Weary Feminist Asks Wearily, 'Is It Really So Hard To Have Similar Numbers Of Each Gender In Film?'",1
FACT: Only 8 Women Have Won An Academy For Best Original Screenplay. In 73 Years.,0
"BUSTED! Hollywood Being Unfair To Women. Oh, Wait. That's Not News.",1
"I'd Write A Clever Screenplay About Hollywood's Sexism, But It Probably Wouldn't Get Picked Up",0
2 Nerd Guys Shut Down The Fake Geek Girl Myth With The Kind Of Logic Vulcans Would Be Proud Of,1
There Are Dudes Out There Who Think Girls Are Only Pretending To Like Comics To Be Cool. Seriously?,0
Do You Know The Silly Reason Why America Put A Man On The Moon? Do You Know Why We Stopped Going?,1
Neil DeGrasse Tyson Rants About The Ridiculous Reason We Stopped Going To The Moon,0
Read This If You've Ever Been Bullied On The Internet. Or If You Bully People On The Internet.,1
Think Getting Bullied On The Internet Isn't That Big A Deal? Ask The 1 in 4 Americans Who Have Been.,0
I Always Thought The US Was Christian/Jewish/Other. Nope. Check Out This Surprising Map.,1
"The Second Largest Faith In 19 US States Is Islam. In 12 Others, It’s Buddhism. I Had No Idea.",0
There's More Than One Way To Handle A Bully. Watch One Teacher Deal With It Beautifully.,1
A Teacher Knew The Stats On LGBTQ Suicide And Decided To Fight It At The Core,0
Do You Know The Simple Reason Why America Put A Man On The Moon? Do You Know Why We Stopped Going?,1
Do You Know The Reason Why America Put A Man On The Moon?,0
Here’s How You’re Part Of Absolutely The Most Incredible Thing Ever. And I’m Totally Serious.,1
Science Is Showing Us A Universe That Can Be As Awesome And Inspiring As Any Religion,0
Don't Tell Me You've Never Heard Of Malala? Get Acquainted. She's Out To Change EVERYTHING.,1
"With Girls All Over The World In Peril, It's Going To Take Lots Of Voices Like Malala's To Help",0
"Her Pitch Was Going Smoothly, But When She Asked For The Restroom, How She Saw The Company Changed",1
Who's Gonna Get More Women To The Top Of The World's Industries? Sheryl Sandberg Thinks It's You.,0
"If Science Is Right, Religion May Be Wrong. If That’s Scary To You, Try Watching This.",1
Maybe You’re Not The Center Of The Universe. Here’s How That's A Wonderful Thing.,0
3 Minutes Of Elizabeth Warren Talking About What We Need In This Country Is Pure 'HECK YES!',1
"If You Need Some Hope For Our Country, Just List To Elizabeth Warren For A Minute Or Three",0
"What Happens When A Study Swaps Out ""Heidi"" For ""Howard""? You See How We View Female Leaders.",1
"She's An Author, An Activist And A Facebook Executive And She Wants To See More Women At The Top",0
"Her Pitch Was Going Smoothly, But When She Asked For The Restroom, How She Saw The Company Changed",1
She's Pitching To A Huge Successful Company. So Why Don't They Know Where The Ladies' Room Is?,0
Michelle Obama Was Asked About Being A Working Mom. I Didn't Expect Her Answer To Be So Real.,1
Her Babysitter Quit And She Almost Gave Up. Yep. The First Lady Was Definitely A Real Working Mom.,0
"If You Can Watch This And Not Get Fired Up, You're Dead Inside",1
We Believe — I Can't Believe I Have To Say This in 2014 — We Believe In Equal Pay For Equal Work',0
"If You Can Watch This And Not Get Fired Up, You're Dead Inside",1
Hearing These Words Is A Breath Of Fresh Air,0
Can You Handle The Truth About Kevin Bacon?,1
"Kevin Bacon, Kevin Bacon, Kevin Bacon, Kevin Bacon, Kevin Bacon, Kevin Bacon. That's 6 Kevin Bacons.",0
Hear 1 Comic Book Writer’s Unique Response To The Generic ‘Strong Female Character’ Question,1
A Comic Book Writer Describes What She Looks For In ‘Strong Female Characters’,0
Why We Should Stop Wasting The Most Magical Part Of Our Bananas,1
Pity The Banana Peel Its Forced Embrace Of A Dirty Floor,0
What A Fabulous List From Senator Elizabeth Warren. #8 Got Me Out Of My Chair!,1
REVEALED! The Super-Secret Liberal Agenda,0
Here’s What Can Happen When A Country Really Makes Education A National Priority,1
"When People Believe In Education, All The Wild Horses In The World Won't Stop Them",0
A Tragic Event Caught On Video Played Out Like A Horrific Scene From A 25-Year-Old Movie,1
A One-Minute Mash-Up Shows A Frightening Similarity Between Art And Life,0
Here's Some Free Advice That Will Instantly Make You More Likable: Avoid This Insult At All Costs,1
Sometimes Clothes Say Something About You. Sometimes They Say Nothing Because Clothes Don't Talk.,0
Do You Know The Silly Reason Why America Put A Man On The Moon? Do You Know Why We Stopped Going?,1
The Biggest Science Celebrity  Talks About All The Things We Could Do With 1 Penny. Just 1.,0
She Confronted Her Bully And Asked Her One Thing. Now The Bully Has An Even Better Story To Tell.,1
Nobody Likes A Mean Girl. So How Did She End Up In Such A Beautiful Friendship?,0
A Photographer Went Into The Dark To Show You The People Who Work There Every Day,1
Meet Some Modern-Day Abolitionists. Thought That Was A 19th-Century Project? Think Again.,0
This State-Of-The-Art Preschool Looks Like The One You Probably Went To. Why Is It Unusual Now?,1
Life Is Full Of Waiting. Learning To Do It Well Is Vital.,0
We Remember Him As An 80's Heartthrob But There Was Something Darker Happening In His Mind,1
"Because There Are Some Things That Fame, Money, Sex And Booze Just Can't Fix",0
A Camera Follows A Guy To Show Something We're In Contact With All Day Without Realizing It,1
The Strange Connection Your Shoes And A Chicken Sandwich Have With Virtual Water,0
They've Been Tracking War And Peace For Seven Years. Care To Guess What They've Found?,1
"Peace Isn't Some Utopian Vision, We Build It. And They've Got Blueprints.",0
20 Myths About Sex. Some About Men. Some About Women. Some Silly. Some Funny. Two Deadly Serious.,1
"Sorry, You Can't Trade Your Treadmill For A Weird Sex Swing (And Other Silly, Sexy Myths Debunked)",0
There's A Lot Going On Around Us. Make Sure You Keep This Question In Mind.,1
What Makes A True Global Citizen?,0
Ever Notice How Hollywood Makes Certain Kinds Of People Extinct In Apocalyptic Movies?,1
What's So Historic About A Movie Where Main Characters Are Just Like Everyone Else In The World?,0
"Policemen Didn't Care, Politicians Did Nothing — So He Wrote A Song Catchy Enough To Make You Notice",1
A Musician Gets Up Onstage And Speaks Up For His Hometown And The Big Problems It Faces,0
Watching A Sneeze In Slow Motion Is Disgusting And Kind Of Beautiful,1
"Do You Like Traveling? Your Sneezes Sure Do, With Or Without You. But Mostly Without.",0
There’s One Question You’d Probably Never Ask Yourself Before Buying A House,1
"It Used To Be That Doctors Would Come To Your House. Now, You Might Have To Drive 100 Miles For One.",0
"He Had A Show That Everyone Loved, But Then He Took On A Taboo Topic — Which Went Over Hilariously",1
"‘If Our Economy Was A Little League Game, Someone Would Have Called It By Now’",0
Something We Pass Over All The Time Without Ever Realizing Their Greatness,1
"A Hopeful Message, Brought To You By The 'Inglorious' Produce You Never Thought To Buy",0
The Boy Scouts Ousted Him Because He Was Gay. So He Hung Their Blatant Hate Out To Dry.,1
Watch How One Of The Largest “Value” Based Organizations Gets A Basic One Screwed Up,0
"The Internet Called 2 Gay Scientists 'Women'. The Scientists Fired Back, 'How Is That An Insult?'",1
There Is A Reason Gay Men And Women Are Not More Visible In Science ...,0
"The Moment Before A Horrible Car Crash, The Kid's Dad Asked The Other Driver For Help. He Declined.",1
Watch This Terrible Accident Happen In Slow Motion And Remember It Next Time You're Tempted To Speed,0
Eric And Dylan Seemed Like Normal Kids With Normal Problems. Yet That Wasn't How Things Turned Out.,1
The Lasting Impact Of Columbine On Everything Everywhere,0
They Destroyed The Lives Of Countless Families. These Guys Rewinded The Tape To Try To Answer Why.,1
Shooting Kids In School Isn't The Answer To Your Problems,0
Ever Notice How Hollywood Makes Certain Kinds Of People Extinct In Apocalyptic Movies?,1
Ever Notice How Some Of Us Seem Extinct Already Before Some Disaster Movies Even Begin?,0
Watch Jeremy Irons Speak Absolutely Frankly About Killing People For The Things They’ve Done,1
"If Just One Person Is Put To Death For Something They Didn't Do, Doesn't It Indict The Whole System?",0
That Awkward Moment You Realize Just How Weird It Is For Women To Get Rid Of All Their Body Hair,1
The Media’s Always Blamed. But It's Clear They’ve Got Their Hands In This Hairy Situation.,0
He Was Sent Packing Because He's Gay. So He Smiled Nicely Before Airing All Of Their Dirty Laundry.,1
"Boy Scouts Of America —All About Boys Growing Into Men, Unless They’re Gay Troop Leading Men",0
10 Important Things To Know When Teaching Kids About Sex,1
Most Parents Suck At Talking To Their Kids About Sex. This Video Can Help.,0
What He Lived Through As a 16-Year-Old Is Something No Kid Should Ever Have To,1
How Come Some Prisons Can Send Kids Into A 6 X 8 Box?,0
"I Can Prove The War On Drugs Is Racist, And I Only Need Three Graphs",1
The Statistics That Prove You Don’t Have To Be An Actual Person To Be Racist,0
These Guys Figured Out Where The Internet Was So They Could Take It And Give It To Everyone,1
"It Looked Like A Protest, But It Really Was An Incubator For Some Crazy Technological Advances",0
"They Didn’t Like School. School Didn’t Like Them, Until Something Incredible Stepped Right In",1
"If Standing On Tables Is The Best Way For Them To Be Heard, I’m All About It",0
Everything That Was Wrong With 'We Are The World' They Got Right In This Celebrity Music Project,1
"While Their Leaders Face The Music, We Get To Groove To It",0
An Artist Shows What 7 Days Of Consumption Looks Like By Having People Lay In Their Own Garbage,1
"It's Easy To Ignore Our Rubbish, But If We Had To Lay In It ... Well, That'd Be A Different Story",0
"If We Put Kids In A Place Like This, It's Not Fixing Anything. It's Torture.",1
"8 X 6. Some Numbers, Right? What If That's Where You Lived For Several Days In A Row?",0
Listen To This Kid's Suicide Note. And Make Sure You Listen All The Way 'Til The End.,1
What Starts Out As A Tragic Suicide Note Becomes An Inspirational Story Of Recovery And Triumph,0
"A Woman, A Black Person, And A Lesbian All Walk Into A Bar In The Same Body. Then They Were Killed.",1
"She Wants People To Talk About Their Existence, Rather Than Just Pretending They Never Existed",0
A Simple But Provocative 2-Panel Comic Summarizes A Serious Problem,1
Surgeon General’s Warning: NYPD,0
These Two Ladies Were Sick Of Misogynist Country Music. So They Wrote A Song About It.,1
"Even If You've Never Heard Of Bro Country, You'll Love The Song It Inspired These Girls To Write",0
She Changed Her Profile Photo From A Black Woman To A White Man And Basically Broke The Internet,1
"If You Ever Want To See Into The Matrix, Change Your Twitter Profile Photo To A Black Woman",0
Ever Wonder What Happens To Your Body When You Fast?,1
Slow Down. Here's Everything You Need To Know About Fasting.,0
I Thought I Needed To Multitask Until I Learned About Single-Tasking. Now I Feel Multi-Silly.,1
How 'Tab-Less Thursdays' (And 'Taco Tuesdays') Will Change Your Life Forever,0
"If You're Looking For A Profoundly Better Relationship With Your Body, I Have A TED Talk For You",1
At What Age Do 40% Of Girls Say They've Tried To Lose Weight?,0
Ever Notice How Hollywood Makes Certain Kinds Of People Extinct In Apocalyptic Movies?,1
"Hollywood Makes It Look Like Some Demographics *Already Are* Extinct In Apocalyptic Movies, So...",0
The Way These People Answer One Question Makes Me Think About What I Would Say,1
"When It Feels Like Our World Is Big And Divided, One Question Helps Bring It Back Together",0
"So It Turns Out, The Things That Started The ‘Border Crisis’ Began Almost 30 Years Ago",1
Whatever Happened To Offering A Place Of Comfort And Aid To People Seeking Asylum?,0
I Can't Believe These Chicks Think We Should Take A Chance On Them' — Some Hollywood Finance Dude,1
Chicks Directing Movies? With My Money?' — Hollywood Finance Guys,0
Their Answers To This Question Made Me Want To Write A Children's Book All About Girls,1
Their Answers To This Question Made Me Want To Write A Children's Book All About Girls. ASAP.,0
"A Teen Is Excluded, So Others Decide To Teach Him A Lesson. I Was Biting My Nails.",1
"A Teen Is Outcast, Then Others Decide To Teach Him A Lesson. I Didn't Think I'd Learn Something Too.",0
"What's Going On With Honey Bees Is Kinda Weird. Like, Horror Movie, Freaks-Me-Out  Weird.",1
"Say What You Will About Bees, But They Sure Do Keep Us Alive And Stuff. And They're Dying.",0
Ever Notice How Hollywood Makes Certain Kinds Of People Extinct In Apocalyptic Movies?,1
"More Than 2,000 Sci-Fi Movies About Aliens, Gremlins, Androids, Time Travelers, But Not ONE About...",0
The Best Part Is When The Guy Who Thinks Women Are 'Asking For It' Gets Called All The Way Out,1
"At The End, A Guy Shows The Mindset That Gets So Many Women Harassed On The Street",0
They've Been Left In The Dark For So Long. Here's What The Sun Has To Do With It.,1
"The Key To Lifting 500 Million People Out Of Poverty? Yeah, It's In The Sky.",0
Maybe There’s So Many Men In Power Because There’s Only Been 1/2 The Competition,1
Want To Jumpstart Your Business? Here’s 50% Of The Population You Could Hire.,0
2 Mins Will Give You The Facts On The US/Mexico Border Crisis. You Can Draw Your Own Conclusions.,1
"50,000 Kids Are Alone And Scared. They'd Appreciate It If You Understood Why.",0
"This Chilled Me Right Out, And It's About Climate Change? How Often Does That Happen?",1
This Is So Nice. It Tells A Story About Us And Nature That'll Leave You Floating.,0
You Probably Didn’t Learn This Sex History In School — But Maybe You Should’ve,1
Time Travel Through All The Ways Humans Have Understood And Misunderstood A 3 Letter Word,0
Here’s A Tip If You’re Thinking About Getting A Dog. Go Look At Some Swedish Furniture. Trust Me.,1
IKEA Is Making It Easy To See If A Pound Pooch Looks Right In Your Home. No Assembly Required.,0
A Plastic Surgery Doctor Took Out A Billboard That Tried To Shame Overweight People. And …,1
This Is A Muffin. It Is Not A Human … Just So Ya Know.,0
"Suspended While Black? In Preschool. Yeah, It’s A Thing.",1
Guess How Much More Likely Kids In Preschool Will Get Suspended If They're African-American,0
"First, They Came For The Humans, And I Said Nothing. Next They Came For The...",1
"Do You Want To Know What's Happening To The Bees? Don't Worry, It Only Impacts 1/3rd Of Your Food.",0
Let’s Talk About Post Traumatic Stress Disorder,1
During A Given Year 5.2 Million People Have A Disorder And It’s Time We Better Understand It,0
She Starts As A Dressy Blonde. The Last 4 Minutes Is Her Saying ‘F*ck That’ In Spectacular Fashion.,1
Why Settle On 'Lady Like' When You Can Be Whatever Badass Version Of Yourself You Want To Be?,0
"These Kids Aren't Lovin' It, So They're Speaking Up About It",1
This Is What It Looks Like When Kids Fight Back Against Junk Food In Their Communities,0
Why Are The Bombs In Gaza Killing So Many People?,1
Why Are So Many People Hurt and Wounded From These Bombs?,0
"The Next Military Superpower Might Not Even Be A Country, But A Corporation. And That's Terrifying.",1
Should Corporations Be Able To Sell Armies? Why The Next Military Power Might Not Even Be A Country.,0
One Of The Most Brilliant Historians Of Our Time: What It Really Meant To Drop Atom Bombs On Japan.,1
"Paradoxically, War And Acts Of War Are Often Used As An Excuse To Save Lives",0
Their People Have Been In This Country Longer Than Almost All Of Us. They’re Running Out Of Water.,1
Most People In This Town Have No Running Water. Can We Help Them Fix That?,0
"A Woman, A Black Person, And A Lesbian All Walk Into A Bar At The Same Time. It Ended Horribly.",1
The Only Thing We Know About These Dead American Women Are Their Names. Because No One Said A Word.,0
"She Wanted To Report The Truth, And Ended Up A War Correspondent In Her Own Country",1
Four Of The Bravest Women In Journalism Describe Reporting From The World's Deadliest City,0
So America And The United States Are Not The Same Thing?,1
There Are Places On American Soil That Are More Like France Than Kansas,0
"At Age 11, His Parents 'Returned' Him. And It Only Gets More Interesting From There.",1
"To All The Kids Like Harry Potter And Luke Skywalker, This One's For You",0
"The First Time, She Called An Ambulance For Her Son. The Second Time, She Used A Pillow.",1
"When Saving Her Son's Life Didn't Work, She Helped End His Suffering Instead",0
What Costs $1.2 Trillion And Will Likely Cripple Our Economy For A Generation? (Hint: It's Not War.),1
You Would Need 15 Bill Gates To Deal With Student Debt In America (And Other Fun Facts),0
The Secret Advantage Behind The Big Nerdy Eyeglass Trend You Might Be Missing Out On,1
You Know Those Power Suits We Keep Seeing? They Really Do Have Certain Powers.,0
A Murphy Bed Is A Thing You Don't Know You Need...Here's An Apartment With Three Of Them.,1
Doing More With More Is Clearly Not Working For Us. Let's Try More With Less.,0
"What's Going On With Honey Bees Is Kinda Weird. Like, Horror Movie Weird.",1
What's This Science Nerd All Abuzz About? HINT: Weird Things Today That Could Cause Chaos Tomorrow.,0
You Really Need To See What's Under This Guy's Pants. It's Not Like That. Trust Me.,1
The Most Unusual Way To Stand Up For Justice While Dropping Your Pants,0
Some Smart People Were Asked For 1 Sentence On Why Race Still Matters. Here Are Their Answers.,1
"A List Of Simple, Convincing, Easy To Remember Reasons To Talk About Race",0
"When He Was 3 Years Old, Her Son Told Her That She Was Actually Her Daughter. Here's Their Story:",1
The Pink Dresses And Dolls Aside - What Makes Her A Girl Is So Much More Than All That,0
"10 Years Ago She Fell In Love. He Was Sweet, Kind, And Gorgeous. Then Things Went Terribly Wrong.",1
Fear and Anxiety Are Among His Patients' Most Common Ailments. And He's Not Talking To People.,0
A Crime That Can Put These Men Behind Bars For Decades Is Most Certainly Not A Crime,1
A Documentary About The Struggle Of LGBT People In Iran Exposes Both Injustice And Hope,0
Heres A Story About How Big Companies Work With The Government To Make You Pay More For Less,1
The Big Government Just Limited Access To Information But Your Local Government Could Save The Day,0
One 9-Letter Word That Begins With P Scares A Lot Of People. Here's Why We Should Talk About It.,1
There's Wonder Woman. There's Spider-Man. And There's 1 Cartoon Person With Powerful Things To Say.,0
"Relationships Aren't Always Sunshine And Rainbows, But No One Should Have To Deal With This",1
"These Women Are Standing Together Against Domestic Violence, And I'm Joining",0
"They're 1 Of Every 8 Residents, 16% of Our Labor Force, and Founded 40% of Our Fortune 500. Curious?",1
Now You Have It: A Top U.S. Strategy For Being An Economic Boss​,0
The Dirty Little Secrets Hiding Behind Our Pretty Little Processed Food,1
Stepping Into Your Kitchen Give You Anxiety? Me Too. Here’s Why We Should Get Over It.,0
A Super Fake Commercial With Unrealistic Beauty Standards That Are 100% Real,1
"A Revolutionary Beauty Secret That's So Good, It's 100% Unreal",0
"Ah, So This Is Why Texas Acts Like It's A Whole Separate Country",1
They Started 25% Of Our Tech Companies And 40% Of Our Fortune 500. Curious?,0
The Creepy Reason People Never Used To Say ... 'I'm Feeling Kinda Down Today',1
When 'How Are You Feeling Today' Was The Scariest Question A Doctor Could Ask,0
The Terrifying Results Of Obamacare’s Impact On Just One State,1
This Is What The Affordable Care Act Is All About,0
"If Women Knew These Odd Little Details About Heels, Would They Still Wear Them?",1
"No Need To Blame Everything On Dudes, But There’s One Accessory You Can Thank Him For",0
"If At The End Of His Speech You Still Think That Mascot ‘Honors’ Him, You’re Still Missing The Point",1
They’re Real People. Not Mascots. So Maybe We Should Start  Listening To Them.,0
His Kids Can Choose From 35 Flavors Of Blunt Wraps Or Malt Liquor Slushies. Why Do They Choose Kale?,1
He's Happiest When They Pollinate Plants And Not Each Other,0
"Next Time You Eat A Banana, Remember This Girl's Amazing (And Successful) Experiment",1
What If Every Peel We Threw Away Were Actually Turned Into Something We Use Every Day?,0
It's Called Green Graffiti And People Are Clamoring To Get It On Their Walls Too,1
These Kids Are So Good At Gardening And Cooking They're In Charge Of Feeding Their Own Teachers,0
A Picture Of One State's Uninsured Before And After The Affordable Care Act,1
One State's Uninsured Before And After The ACA,0
Nice Boy Likes Girl. Girl Dates Jerk Instead Of Nice Boy. Can You Guess The Rest?,1
You Can't Buy Love With Money. But You Can Buy It With Kindness — According To Hollywood.,0
Here's A List Of Insults Too Many Black People Know. Who's Saying Them Might Surprise You.,1
"Hearing The Ways Other Black People Have Described Them, Really Bummed Me Out",0
A Look Into How Different Life Is Between These Twins,1
This Family Took A Health Curveball And Continually Hit It Out Of The Park,0
NICE. LEGO Finally Allows Female Figurines To Do More Than Just Lay Poolside In A Bikini.,1
"3 New LEGO Figurines Prove That Girls Can Do Adventurous Things, Too",0
Here's A Picture-Perfect Family. Except For One Small Caveat...,1
The Only Things Keeping These Families Apart Are Semantics,0
3 Women. One Diagnoses. 3 Different Countries. 3 Very Different Outcomes.,1
3 Women. 3 Countries. 1 Diagnoses. 3 Very Different Outcomes.,0
His Class Attendance Increased by 50%. Why? He Asked His Kids To Eat Their Vegetables.,1
Everyone Should Have Someone Like Him In Their Corner,0
A New Way To Think About What We Put Into — And Get Out Of — Our Cars,1
"It's Not Just The Gas Your Car Burns, It's Also The Kind It Makes!",0
This Guy Had To Fly In A Helicopter With Bill Gates In Order To Meet With Another Spectacular Human,1
"It Sounds Hard To Cut A Country's Infant Mortality Rate In Half, Yet She Totally Did It",0
Don’t Watch This If You Don’t Want To Know How You Might Be Getting Played Each Time You Vote,1
"I Wish 'Gerry Mandering' Were Some Guy’s Name, But It’s Not",0
14 Diseases You Never Had To Deal With Because You And Everyone Around You Was Vaccinated,1
Millions Of People Aren't Suffering From Preventable Diseases. Let's All Celebrate By Doing Shots.,0
An Abortion Joke Shows How Ridiculous Some Laws Are Getting. So Absurd It's Funny.,1
"If The Phrase 'Transvaginal Ultrasound' Makes You Giggle Or Infuriated, Hear A Comedian Out",0
6 Myths About One Of The Most Sex-Intensive Jobs In The World,1
How Cop Blocking Can Make Life Much Harder For Sex Workers — And I'm Not Talking About Money,0
"Not All Sumo Wrestlers Are Fat Dudes In Diapers. Pretty Far From, Actually.",1
Should Sumo Wrestling Be An Olympic Sport? These Women Have Me Nodding.,0
"Several Times During This Video, I Shouted Cuss Words. That's How Angry I Am.",1
"Ooh, Fun! Rolling Death Machines That Hold Jet Fuel And Even Scare Firefighters. This Will End Well.",0
A Lobbyist Says Something Awful About A Mom Who Died And Gets A Time Out From A Senator,1
A Lobbyist Says Something Completely Insensitive About Orphans And Gets A Time Out From A Senator,0
Stephen Colbert Goes All 'Dad' On Some Teens With Questions About Harassment and Lying Boyfriends,1
"The 'Real' Stephen Colbert Is A Total Sweetheart, And This Video Proves It",0
"An Amazing, Exciting, Fantastic New Way To Finally Get Older Children Adopted Into Loving Homes",1
"It Seems So Simple: Every Kid Deserves One. Thankfully, A New Idea Is Making Families Happen",0
"She May Still Be A Teen, But She's Taking The Dude-Dominated Silicon Valley By Storm",1
"Get This — Spurred By A Distaste For Payphones, This Teen's Inventing Tech With Huge Implications",0
"To Help The World’s Kids Stay Healthy, People Got Thinky, And What They Came Up With Is Super-Smart.",1
This Global Health Group’s Big Idea Was Simple: Co-Operation. What A Concept.,0
Rich Kids Aren't All Bad: Right. What They Let Colleges Do To Poor Kids So They Go Instead: Wrong.,1
College Are Giving Lots of Financial Aid $$ To Rich Kids. Meet Someone Who That's Really Hurting.,0
The Country With The Best Health Care Spends Less Than Half What The U.S. Does. Embarrassing.,1
"Since The U.S. Spends More On Health Care Than Anyone Else, We Must Have The Best System, Right?",0
"Putting 100K Homeless People Into Houses? Yes, They Did.",1
I Never Knew Watching People Get Their Own Homes Would Make Me Tear Up. Here I Am Doing Just That.,0
We're All Faking It. Isn't It Time We Opened Up About That?,1
"Genuis Is When You Move Past The Known Knowns And The Known Unknowns, To The Unknown Unknowns",0
This Teenage Girl Just Took High School Science Fairs To A WHOLE New Level,1
"When This Teen Shares Her Ideas, The Most Common Response Is 'You Did That!? You're Only 18!'",0
His dna Was Shredded By Two Atomic Bombs. So What Happened When He Had Kids?,1
"Scientists Said He Was ""Genetically Cursed"" By The Bomb. Did He Pass That On To His Children?",0
That Guy Riding A Bike On The Side Of The Road Would Like You To Know Something,1
"Drivers, It’s Time To Listen Up. Signed, Cyclists.",0
"Meet The Woman Who Has Saved Thousands Of Babies Using String, Tape And Her Medical Degree",1
"It Sounds Hard To Cut A Developing Country's Infant Death Rate In Half, Yet This Genius Woman Did It",0
Some Jerks Made Her Daughter Cry. So She Set Things Straight. Period.,1
Show This To All The Women In Your Life And Let Them Know — They Are Warriors,0
2 Towns Explain What Happened When Pot Became Legal Within Their Borders,1
Some Thought It Would Be A Lawless Hellscape. Others Couldn't Wait. 2 Cities Explain.,0
​A Sexist Congressman Decides To Not Let A Woman Get The Best Of Him And Then Loses That Battle,1
​A Congressman Tries To Mansplain His Way Out Of Being Forced To Acknowledge Immigrants Are Humans,0
A Guy Walked Into A Convention With A Hidden Camera. What He Captured Was Beyond Absurd.,1
"If You Think Life Is Too Precious To Be Lived In Fear, Here’s A Bandwagon You’ll Want To Hop On",0
One Possible Reason Why The U.S. Has One Of The Highest Teen Pregnancy Rates In The World,1
Why We All Fail When We Say Yes Please To Abstinence Only Education,0
Our Kids Are Being Marketed A World Where Mostly Only One Minority Is Cast As The Hero,1
"Hollywood Listened To The Past, And It Wound Up Repeating It. Too Much.",0
"The Hunger Games Plot Isn't Far From Reality, So Why Haven't We Noticed Yet?",1
When Some People’s Lives Start Being Compared To The Hunger Games Something’s Up,0
One Possible Reason Why The U.S. Has One Of The Highest Teen Pregnancy Rates In The World,1
What The Heck Does A President From The 80's Have To Do With Our Sex Ed Classes Today?,0
That Lady From Mad Men Tries To Work In A Modern Office And It Doesn't Go So Well,1
In The 60s Working Women Had A Really Hard Time. There's 1 Way Things Haven't Changed That Much.,0
"Shaming Isn't Always The Way To Get Results, But This Is Pathetic. C'mon Australia! C'mon U.S.!",1
Nothing Like A Competition To Get The Energy Flowing. C'mon Australia! C'mon U.S.!,0
"She's Not Saying You Can't Like The Hunger Games Anymore, But There Is Some Big Stuff It Got Wrong",1
"One Major Difference Between Fantasy And Reality For Some Folks, Totally Explained In 2 Minutes",0
All Those Men In Uniforms? They Don't Look Like Security To Her.,1
"Kids Like Me Go From Trouble In School To Trouble With The Law, She Says. Why?",0
What Some Hollywood Movie Scripts Are Really Saying About Women In One 10-Panel Comic,1
Here's A Plot That's Pretty Much The Opposite Of Something That Would Pass The Bechdel Test,0
What Some Hollywood Movie Scripts Are Really Saying About Women In One 10-Panel Comic,1
"Pretty Much The Definition Of Movies Using Women As Accessories. Hey, It Happens ...",0
"People Should Know About This Awful Thing That Is Happening, But Most Of Us Are Simply Unaware",1
"Sure These Trains Could Explode At Any Moment, Killing 100's Of People — Wait What Was The Question?",0
"For An Advanced Civilization, We’re Pretty Uncivilized About Food",1
Many Americans Throw Away Food Daily — And It Hurts More Than Just Hungry People,0
It Only Takes 6 Gifs For Nicki Minaj To Break Down One Of The Most Annoying Sexist Double Standards,1
Nicki Minaj Explains Why She Gets Flack For Being Assertive And the Reasoning Is Utter Sexist Bull,0
"Next Time A Creepy Dude Yells At You When You Walk Down The Street, Here's What He's Really Saying",1
"Normally I Just Think Cat-Calling Is Awful. After This, I'll Think It's Still Awful.",0
A Science Loving Dude Acts Like A Complete Idiot To Make Sure You Learn A Really Important Lesson,1
"Yes, What He's Doing Is Kind Of Dumb. But It's For Science, People!",0
What Muhammad Ali Said In 1971 Was Both Funny And Shocking Then. But Listen To It Today.,1
I Had No Idea Muhammad Ali Was Not Just An Incredible Athlete. He Was Also Hilarious. And Spot On.,0
A Science Dude Tries These Really Painful And Dumb Things At Home So You Can Learn. You're Welcome.,1
I'm Not Saying You Should Watch This Dude Torture Himself For Comedy. You Should Watch For Science.,0
"1 Poster Missed The Mark About Sexual Assault, So Someone Corrected The Problem Like A Boss",1
Boom! That's The Sound Of Someone Giving A Government Agency The Smackdown On One Huge Mistake.,0
A Woman Received A Letter Addressed To Her Husband. What It Said Left Her Stunned - And Angry.,1
The Outrageous Story That Made Me Understand The Absurdity Of Veteran's Health Care In America,0
Every Now And Then A Flash Mob Really Makes You Stop And Think. This Is One Of Those Times.,1
The Cops Killed A Man. And Broadway Has Something To Say About It.,0
These 2 Girls Surprised Everyone And Rocked The School Board Meeting (And The Mic),1
Some Adults Tried To Build An Incinerator Near Their School. But These Kids Ain't Having It.,0
Utah Drug Tested Almost 5 Thousand People On Welfare And The Results Almost Made Me Throw Something,1
"You Might Need A Magnifying Glass To Read These Drug Test Results, But It's Totally Worth It",0
"3 Major Gangs Surround Their House, Yet They Never Lock Their Doors",1
How Do You Fight Gang Violence? With Peace.,0
How Not To Get Raped. Yup. You Read That Right.,1
"Stop Telling Women How Not To Get Raped. It's Not Helping. Sincerely, Women.",0
There's No Excuse For Not Using Condoms. But Here Are Some Of The Top Excuses Anyway.,1
Condoms Do A Lot Of Good In This World. So Why Aren't People Using Them Enough?,0
This Is One Of The Most Hilarious Feminist Statements I've Seen In Quite Some Time,1
Well This Is ONE Way To Make Sure Other Country Singers Know About Your Country Debut,0
"Wonder Woman, Spider-Man, Captain America. All These Heroes Are Awesome. There's Just One Problem.",1
How The Internet Revolutionized Comic Book Fandom In A Way You Wouldn't Expect,0
What If I Told You America Is Not A Democracy? What If I Had Proof?,1
So Maybe I Can't Make Ezra's Voter Graph Any Less Scary. But I'll Be With You Every Step.,0
A TV Host Asked About What He Was Wearing. His Answer Showed How Awesome (Some) Celebrities Can Be.,1
What's Better Than A Celeb Talking About Something Important? One Who Knows What He's Talking About.,0
Sesame Street Made A Clip For Kids Who Have A Parent In Prison. It’ll Break Your Heart.,1
"I Get The Whole ‘Paying Your Debt To Society’ Thing When You Break The Law. But Families Pay, Too.",0
"If Earth Got 2 Degrees Warmer, Many Species Would Die. Should We Freak Out? No. Quite The Opposite.",1
"If You're Scared About The Earth Boiling Over, Follow Me: Take A Deep Breath. Breathe Out. There.",0
What A Famous Pro Athlete Wants Every Parent To Know 'Before' Signing Their Kids Up For A Sport,1
School's Starting Up Again ... And So Is Our Global Concussion Crisis,0
Elizabeth Warren Weighs In On The 'Having It All' Debate,1
Being A Working Mom Is Just Plain Hard: Take It From This Lady.,0
One Of The Best Comebacks I've Ever Heard In Under 140 Characters,1
Sometimes You've Gotta Let Out A Slow Clap For Somebody Who Knows To Say JUST The Right Thing,0
Don't You Love It When A Girl Tells You What She Wants? It's Like...Three Things.,1
Share This If You Think Being A Girl Is *Awesome*,0
The Terrifying Oncoming Reality They're Trying To Warn Us About Through One Funny Sketch,1
"He's A Comic, Not A Doctor. He's Not The Terrifying Future, Either. But That's What It's About.",0
Here's Facts About Some Trains That Will Stay With You Every Time You Drive Over Tracks From Now On,1
The One Thing That Should Never Ever Go Off The Rails,0
"If A Security Gap At The Airport Would Freak You Out, Wait 'Til You See The One We Totally Ignore",1
"There Are More Of These Than There Are Seats In Every NFL, NBA, MLB, And NHL Stadium Combined. Ugh.",0
Gin And Tonic Anyone? We’re Drinking For Climate Change!,1
"Even If There Wasn’t Liquor Involved, This Would Still Be The Most Fun Climate Talk Ever",0
The Best Restaurant I've Heard Of In A Long Time (And That Has Nothing To Do With Its Food),1
"He's A Self-Taught Cook With Many Burned Dishes Under His Belt, But Where He Is Now ... Just Wow",0
My 7-Year Old Son Said He'd Kick His Sister In The Nuts. Here's Why I Chose To Tell The Truth Then.,1
Decide Early That You Won't Shy Away From Sex Questions From Your Kids. It Makes Everything Easier.,0
"In Response To Robin Williams' Death, The Most Powerful Description Of Depression I’ve Ever Heard",1
There Are Millions Of People Out There Battling Depression. Here's How We Need To Talk About It.,0
The Difference Between Kurt Cobain And Robin Williams Is More Subtle And More Harsh Than You'd Think,1
A Story That Starts With The Happiest Society On Earth Will Help You Understand Suicide,0
Can Students Get Graded On How They Show Up To Class? Cause These Should Get Straight A's.,1
"Don't Even Think About Waiting For The School Bus Here. You'll Be Confused, And Then Really Pumped.",0
"A Woman Is Scared For The Future, So She Calls Up Some Scientists. Their Responses? Surprising.",1
Some Of Us Are Scared To Think 20 Years Into The Future. Or 50. Or 100. We Need To Get Over That.,0
Have You Ever Heard Of The Ludlow Massacre? Here’s Your Chance.,1
"I Don't Know About You, But I Love Reading About This Kind Of History",0
"Imagine If You Were One Of These Celebs' Former Teachers, Then Heard What They Said About You",1
"Even If You Didn't Listen In Spanish Class, It Still Might Have Changed Your Life",0
"The Day Her Son Was Born Was All Joy. The Next Day, Her Friends Came. On The 3rd Day, Shit Got Real.",1
"‘It’s A Big Scary World,’ She Said, ‘But I’ll Always Be There For You.’ They Didn’t Leave Together.",0
Get Ready To Be Shocked At What Kids Thought Sex Was Before Someone Explained It To Them,1
Sex! Now That I Have Your Attention Let's Have A Laugh About It,0
A Grammy Winning Trio Gets Interviewed But Only One Member Gets The 'Girly' Questions,1
She's An Award Winning Musician! Maybe Ask Her What's Going On In Her Head And Not On Her Lips?,0
A Pep Talk That'll Make You Wake Up In The Mornings With 'I'm Gonna Be Awesome' On The Mind,1
It's Hard Not To Smile During Kid President's Words,0
"They Were At A Beauty Pageant When She Told A Room Full Of Strangers A Deep, Uncomfortable Secret",1
Her Freshman Year Of High School — Things Got Crazy. Food Couldn’t Save Her But Her Words Did.,0
This Comedian Absolutely Destroys A Homophobic Heckler In The Most Hilariously Perfect Way,1
Hey Guys. Her Haircut Isn’t For You. Her Clothes Aren’t For You. She’s Not For You. Mmm Kay?,0
The Uncomfortable Truth That Can Only Be Seen Through These Satellite Photos,1
"If We Love Mother Earth So Much, Why Do We Have To Try So Hard To Change Her Beautiful Face?",0
48 Seconds Of Torture Sounds Like A Lot. 48 Years Is Unimaginable.,1
The Guy With The Whip And The Top Hat Is Definitely The Villain In This Scenario,0
"About Half Of Hollywood Is More Artificial Than She Is, So Why Aren’t They Being Judged Like Her?",1
The Only Label Worth Accepting Is What She Calls 'Super-Able',0
She Wrote This Song 15 Years Ago. It's Eerie How Perfect The Words Are For What's Happening Today.,1
Apparently It's Ok To Kill Unarmed Teens. Here's A Song That Describes How I Feel About That.,0
A Bride Was Told She Couldn't Buy A Wedding Dress Because Of Who She Was,1
Wedding Belle Blues: A Perfect Example Of Why We Have Anti-discrimination Laws,0
"10 Women Get Naked, Put Paint On Their Bodies And Deliver Some Meaningful Messages.",1
"Strangers Get Together For A Photo Shoot. It Involves Body Paint, Tree Bark And Acceptance.",0
48 Seconds Of Torture Sounds Like A Lot. 48 Years Is Unimaginable.,1
The Inhumane Truth About Elephants Who Perform ‘The Saddest Show On Earth’,0
A Female Math Genius Just Broke A 78 Year-Old Streak,1
"After 78 Years, An Awards Committee Finally Decides That Women Can Do Math",0
This Guy's Energy And Skills Are Hard To Beat. Why Did His Family Think He'd Never Contribute Much?,1
"When Artists Get Real Mentoring, Materials, Space, And Critique, They Thrive, No Matter Who They Are",0
Kids Need Stress. What You Do With This Information Is Up To You. Don't Be Cruel.,1
Brains. You Want To Use Good Parts For Something That’s Gotta Last A Lifetime.,0
A Secret Mind Trick That Those Annoying Non-Procrastinators Know About (Yes I'm Jealous),1
The Science Behind Why You Might Watch This Video Later Instead Of Right Now,0
This Guy And His Paintbrush Are Afraid Of Nothing,1
"At Creativity Explored, Up-And-Coming Young Artists Get To Be Themselves",0
Amazing Facts About Happiness From A Guy Who Spends His Life Studying It,1
"Former High School Drop Out, Current Harvard Professor — Here To Tell Us All About Happiness",0
Listen With Your Eyes Closed. Do You Still Like It With Your Eyes Open? Say Yes.,1
Did You Ever Think When Rap Reached The Mainstream In 1979 That We'd Make It Here?,0
That Dreadful Feeling When You Pull Out Your I.D. And It Doesn't Match Who You Are,1
Why The Government Should Have No Role In Deciding What Gender You Or Your Children Are,0
Wanna Wake Up In The Mornings With 'I'm Gonna Be Awesome' On Your Mind? Follow His Lead.,1
How To Make Sure You're Not Teaching The World To Be Boring,0
A Hilarious Parody Of Shi*t Girls Say To Gay Guys,1
Why He Wants To Be Your Best Friend And Not Just Your 'Gay' Best Friend,0
Why 'Hands Up' Wasn't Seen As A White Flag By The Cop Who Killed Mike Brown,1
The Tragedy In Ferguson That Blew Up A 'Powder Keg',0
No One Actually LIKES Their Cable Company. Here's Why Every Call Makes You Want To Scream.,1
Calling The Cable Company Is The Worst. What's Coming Down The Pipe Is Not Going To Make It Better.,0
The One Thing Dogs Would Tell You If They Could Talk,1
Because Outsmarting The Bad Guys Feels So Good. Especially When It Comes To Our Pets.,0
Watch This Video In Reverse And Learn How Backwards America's Police Culture Is,1
It's Not Good When The People That Make The Laws Aren't Involved In The Enforcing Of The Laws,0
Watch This Video In Reverse And Learn How Backwards America's Police Culture Is,1
FYI: Democracy Breaks When The Folks That Make The Laws Aren't Involved In The Enforcing Of The Laws,0
He Looks Deceptively Friendly. Watch For 10 Seconds And That Will Change.,1
The Snakeskin Boots Are Just The Beginning For This Guy,0
"If You Ever Thought The U.S. Was A Land Of Equality, Take A Look At These Two Screenshots",1
An Unarmed 18-Year-Old Died By Gunfire. A Man Shot 84 People. Which One Had Nicer Media Coverage?,0
A News Anchor Draws Comparisons That Make The Story In Ferguson Even More Shocking,1
Chris Hayes Takes A Bird's-Eye View Of A Story That Dominated Hearts And Headlines,0
She Seems Insane At First But By The Time You're At The End — It's The World That's Insane,1
"It's The Working World That's Ridiculous, Not This Time-Traveling 'Mad Men' Character",0
"When A Girl Asks Him About Bullying, She Get's Exactly The Answer She Deserves",1
No One Should Be Made To Feel Bad Because Of What They Love' And Other Advice For Bullied Kids,0
He Looks Deceptively Friendly. Watch For 10 Seconds And That Will Change.,1
Pulling On Snakes To Make Boots Is Only The Beginning,0
The Hilariously Ridiculous Things Straight Girls Say To Gay Guys,1
That Time You Met A Gay Guy And Instantly Knew You'd Be Besties,0
A Child’s Early Experiences Are Even More Scary Powerful Than We Knew,1
Stress Is A Great Thing For Young Children. If It’s The Right Kind,0
"Need The Courage To Speak Up When Something's Not Right? Here It Is, Ladies & Gents.",1
It Takes Guts To Speak Up When Something's Not Right. Take It From This Guy.,0
"There's An Outbreak Of The Second Deadliest Disease Humanity Faces, And Bats Are A Big Part Of Why",1
"Learn How These Animals Help To Turn The World Upside Down, Just Like How They Sleep...",0
"There's An Outbreak Of The Second Deadliest Disease Humanity Faces, And Bats Are A Big Part Of Why",1
Learning Who's At Fault For The Spreading Ebola Epidemic Feels Like Watching A Movie's Twist Ending,0
You Know All Of That Fancy Military Gear That Was Used In The Last Few Wars?,1
"The Days Of Barney Fife And Mayberry-Style Cops Are Long Gone, My Friends",0
"Sometimes, It Takes A Cartoon To Understand Things Like Ferguson",1
"Cartoon: Why Battles In The Streets Of Everytown, USA Are Becoming The New Normal",0
"She Put A Mirror Next To Her Vagina And Freaked Out. Later, She Learned The Truth.",1
"Do We Really Have To Teach Women To Hate All Their Body Parts? Like, Literally All Of Them?",0
What You Need To Know About How Your Cable Company Screws You In 2 Infographics And 1 Funny Clip,1
In 2 Infographics And 1 Funny Clip Learn How Your Cable Company Manages To Rob You Blind,0
A Swarm Of People Ripped Up All Their Neighbor's Grass. And It Was Actually Kind Of Amazing.,1
The Real Way We Could Get Suburbia On Its Way To Being A Better (And Tastier) Spot,0
Here Are Some Girls Getting Wet And Wild (And Their Brothers. And Their Dad. Also A Cow).,1
Give The Gift Of Sleeping In ... While You Wait For Your Coffee To Brew,0
"If You Aren't Black, You May Want To Watch This. It's Painful. It Also Happens To Be True.",1
Some Folks In America Have A Less American Dream-Like Experience Than Others. Please Hear Her Out.,0
Women Wax It. Straight Men Buzz It. And This Is What Some Gay Men In Australia Are Doing.,1
Down Under' Describes Both Where AND What This Barber Is Doing To Some Of His Clients,0
They Recorded 125 Phone Calls. What They Found May Leave You Momentarily Speechless.,1
LISTEN: Shocking Phone Recordings Reveal A Serious Vulnerability In Our Safety,0
The Horrible Reality About Tank Tops That Convinced This Guy To Become A Feminist,1
"When You Just Kind Of Laugh Along With Sexism, You Fail. Hear It From This Feminist Man.",0
Why Some People Are Getting Psychiatric Evaluations For Being Honest,1
How Some People Are Put In Psychiatric Confinement For Just Being Themselves,0
This Billionaire Can't Wait To Die. He Wants To Know What You're Waiting For.,1
"Mr. Feeney On 'Boy Meets World' Always Had Great Advice. Meet Another Mr. Feeney, Equally Wise.",0
How A Terrible Truth About Tank Tops Convinced This Guy To Become A Feminist,1
What Exactly Was It About Tank Tops That Convinced This Guy To Become A Feminist?,0
"Here Are 10 Images. By The Time I Reached The 3rd One, I Was Crying. By The 10th, I Was Furious.",1
Sad. Angry. Outraged. That's We Should All Feel When We Look At 10 Simple But Powerful Images.,0
"If You Support These Companies, You're One Sick Puppy.",1
Outsmarting This Billion Dollar Industry Might Get You A Big Kiss From Your Best Friend,0
"What Would You Do If Your Neighbors Ripped Up All Your Grass, But Replaced It With Something Better?",1
"Get Off My Lawn! Unless You're Gonna Turn It Into An Edible Paradise, Of Course.",0
He Almost Killed Himself As A Boy. But Then A Monkey Inspired Him To Do Something Else.,1
Here's A Story About *Literally* Climbing To The Top,0
Imagine If Every School Played *This* Video Before Class,1
"The World Is Pretty Sad Right Now, But This Adorable Kid Will Make You Happy",0
They Recorded 125 Phone Calls. What They Found Made My Stomach Turn.,1
Investigators Uncover A Disturbing Truth About Online Gun Sales,0
Something Humans Do That Makes A Dog Want To Bite Them,1
The Scandalous Way Some Pet Stores Are Making A Profit,0
"Take A Little Tension, Add A Little Ignorance, And Boom: We’re Scared Of A Disease We’ll Never Get",1
If Only The Internet Could Provide Cures As Easily As It Diagnoses Illness,0
That Super Creepy Thing Some Pet Stores Are Doing Behind Your Back,1
A Creepy Underground Way Some Pet Stores Make Extra Money,0
Billionaire Can't Wait To Die,1
Not Dead Yet? Great! You've Still Got Time For This.,0
"This Kid Has Gotten Pretty Famous. Everytime He Opens His Mouth And Says Stuff Like This, I Get Why.",1
"Bad News Got You Down? Watch What This Kid Has To Say About How You -Yes, You - Can Fix All Of That.",0
"It's Weird That A Kid Could Be So Right About Something That Adults Still Get So, So Wrong",1
Don't Feel Bad For Clicking On Another Kid President Video. He's Just That Inspiring. And Right.,0
The 'Monkey King': Can You Believe This Guy Is Human? Incredible.,1
The Incredible Story Of The 'Monkey King',0
Imagine If Every TV Played *This* Video Before Anyone Did Anything,1
Imagine If Every Kid Got *This* Pep Talk Before Class,0
"3 Different People Try To Steal The Same Bike, But I Can't Take My Eyes Off The Witnesses",1
"If You See Someone Stealing, Call The Police. But For These Folks It Depends On The Thief? Ugh.",0
The Best Player On This Football Team Is So...Girly,1
"She's Strong, She's Fast, And She Can Beat Any Boy. That's My Kind Of Football Star.",0
A Boy Called Her ‘Whore’ And She Thought It Was Love. Harry Potter’s Penis Taught Her Otherwise.,1
She Argues That Her Harry Potter Erotica Is Better Than Your Porn. And Holy $%#@ She Might Be Right.,0
All You Need To Know About The Good People Of Ferguson In 5 Minutes,1
Take 5 Minutes Of Today To Bear Witness To The  Goodness Of Humanity And Hugs In Ferguson,0
Imagine If Every School Played *This* Video Before Class,1
"To All The Teachers And Kids Going Back To School, We Salute You",0
First He Went To The Hospital. Then He Felt The Worst Pain Of His Life. Then Things Got Weird.,1
"When An American Gets Sick, It’s An All-Out Crisis. Otherwise, It’s Just Business As Usual.",0
HIV-Positive People Are Living Longer Than Ever. And There's A Big Problem With That.,1
His Message May Not Save Many Lives. It'll Just Make Them A Whole Lot Better.,0
"Yo Doctors — There's Somethin' We've Really, Really Gotta Talk About (Your Patients Can Come Too)",1
Think These People Know Everything There Will Ever Be To Know? You're Just Wrong. And It Matters.,0
The Factiest Explanation For Why Black People Have Such A Tense Relationship With The Police,1
"After Ferguson Ends, We Have To Fix This Or We Will Have Many Many More",0
"3 Kids Who Have An Extra Chromosome, Their Best Friends, And Some Real Talk In A Great Short Film",1
"Inclusion And Acceptance Are Important For Kids, Particularly Those With Special Needs. Let's Learn!",0
The First 52 Seconds Of This Video Are So Happy. The Rest Of It Is Outrageous.,1
A Celebration Of Freedom Takes A Powerful And Important Turn 53 Seconds In,0
Lauryn Hill Rewrote The Lyrics To A Song In ’The Sound Of Music’. It’s My New Favorite Thing.,1
"After Hearing This, I'd Say I’m Also At The End Of My Rope, But That Might Be What Some People Want",0
A Celebrity's Ice Bucket Challenge Takes An Unexpected Turn That I Want Everyone To See,1
Comedian Orlando Jones Uses The Ice Bucket Challenge To Fight Another Deadly 'Disease',0
He Puts Up 8 Pictures And Asks ‘Which Of These People Deserves To Die?’,1
Confusing Them Is Like Confusing These 2 Celebrities. You're Just Doing It Wrong.,0
Here’s What They Were Told: ‘You And Your Lives Don’t Matter.” This Is What They Said Back.,1
They Were Either Going To Learn To Get Along Or Somebody Else Was Going To Ruin Everything,0
"As A Kid, She Watched Apartments Burn. As An Adult She Went Back To Built Something Beautiful.",1
She’s Not Just Changing Her Old Neighborhood. She’s Changing What Some Folks Think Is Possible.,0
A Performance By These Deaf Teens That'll Have You Clapping ... For 3 Minutes,1
"Yep They're Deaf. Yep, They Made An Awesome Music Video. Yep, It'll Make You Very Happy.",0
"Ever Heard Of ‘Jim Crow’? You Probably Have. Here’s Why It’s Back, Worse Than Ever.",1
The Prison To Back-To-Prison System Isn't Working For Anybody. So Why Do We Keep It Going?,0
This Straight Couple Knows What Happens To Married Couples After Accidentally Attending Gay Weddings,1
Some People Say Gay Marriage Ruins Straight Marriage. Said People Tend To Overreact When It Happens.,0
The Secret About Prisons That Very Few People Are Talking About,1
"They Talk About 'Revolution' At The End Of This Clip. After Seeing It, I'm Inclined To Agree.",0
"Orange Is The New Black' Actress Reminds Us, 'People In Prison Are Still People'. She's Right.",1
One Comedy Is Changing How See People In Prison. That's Not A Bad Thing.,0
"What's The Difference Between Orange And Stripes? For This Guy, His Prisoners' Humanity.",1
One Sherif Wants To See Prisoners Back In Stripes Because Of This Emmy Winning Show,0
The Secret About Prisons That Very Few People Are Talking About,1
The Secret About 'Justice' That Very Few People Are Talking About,0
Nothing Goes Over His Head: How A Little Boy With Autism Saw Himself In A Superhero Movie,1
A Sister Shares A Heart-Warming Story About Taking Her Autistic Younger Brother To A Superhero Movie,0
"What Would Happen If More Schools Got Rid Of These Things, Too?",1
"What's A School With No Classes, No Tests, And No Teachers? A Genius One That Kids Designed.",0
Nothing Goes Over His Head: How A Little Boy With Autism Saw Himself In A Superhero Movie,1
The One Where A Pro-Wrestler-Turned-Superhero Becomes A Role Model To A Little Boy With Autism,0
He Was Raised By A White Mom And Didn't Think The Cops Were Out To Get Him. Until They Got Him.,1
He Was Savagely Beaten For Standing Up For His Rights. By The Cops. But He Lived To Tell The Story.,0
"He Said Teenage Predators Were Loose In America, But This White Guy Was The Predator All Along",1
Youth On Youth Crime Is Real — But Not As Real As You Think,0
People Keep Repeating This Bogus Crime Myth. Well Now You Have A Come Back.,1
"Finally, A Reasonable Explanation Of 'Black On Black Crime'",0
A Deadly Disease You've Probably Never Heard Of Is Killing Children. It Doesn't Have To.,1
How Much Would You Pay To Cure This Kid Of A Horrible Disease?,0
"If You Tell Her To 'Stick It Where The Sun Don't Shine,' She'll Mostly Just Think It's Pointless",1
She Made A Breakthrough On Clean Energy And Didn't Even Crack A Sweat. (That I Could See.),0
This Smug Fuckface Is A Big Reason Cops Are Shooting So Many Black Kids These Days,1
Are The Youth Of America Evolving Into Killing Machines?,0
"Stop Blaming The Media For What They Do To Women. On Second Thought, Bring It Twice As Hard.",1
Should People Stop Blaming The Media For Making Women Feel Badly About Themselves? Nope.,0
She Was Welcomed Into A School That Almost Nobody Got Into. But She Couldn’t Go. Here’s Why.,1
"If You Spent 20 Years Someplace, Wouldn't That Be Your Home?",0
The Secret That Cops Know But Won't Tell Anyone About Who They Arrest,1
Fact: 1 In 4 African Americans Are Under Some Kind Of Supervision By The Justice System.,0
Watch A Nice Man Calmly And Gently Tell You To Go F*ck Yourself For Very Understandable Reasons,1
A 2-Minute PSA About A Merger Is Meant To Provoke Both Laughter And Outrage. I Call It 'Loutrage.',0
She Watched A Woman's Baby Die Right In Front Of Her. There's Only 24 More Countries Left To Fix.,1
$1.80?,0
Ex-Slaves Settled This Town. It Almost Disappeared Forever. Watch What Brought It Back To Life.,1
"Outsiders Said ‘Scrap This Place.’  The People Had Given Up, But They Were Not About To Be Erased.",0
A 3 Minute ASL Music Video That Will Hurt Your Face ... Because Smiling Will Happen,1
You've Heard The Expression 'More Than Happy' But Do You Know What It Looks Like?,0
Pharrell's 'Happy' In Sign Language Is Even Better Than The Original,1
What Could Possibly Make Pharrell's 'Happy' Song Happier? Teens Doin It Sign Language Style.,0
A Disease You've Probably Never Heard Of Is Killing Kids. Not Your Kids. But Someone Else's Kids.,1
"Remember Collecting Money For UNICEF On Halloween? This Is Like That, Only With Impressive Data.",0
The Secret That Cops Know About Who They Arrest But Won't Tell Anyone,1
"No Secret, Right? Your Chance Of Going To Prison Is A Matter Of Black And White.",0
2 Beautiful Men Had A Love Affair In 1969 And The Last 10 Seconds Will Break Your Heart,1
The Summer Of '69 Left These 2 Men With 1 Terrific Memory Mixed With A Heaping Splash Of Heartbreak,0
Why Some Doctors Are Freaking Out Over An Extracurricular Most Of Us Think Is Really Good For Us,1
Why A Famous Pro Athlete Said He Would 'Freak Out' If His Kid Played The Same Sport He Did,0
Watch A Nice Man Calmly And Gently Tell You To Go F*ck Yourself,1
I Suppose Telling Everyone To Go F*ck Themselves Is One Way To Get A Message Out,0
"She Looked At Some Solar Panels And Thought, 'I'm Gonna Make You F*ckers Even Better For The Earth'",1
She Took Her Humanity And Created Something Amazing For Humanity. See What I Did There?,0
"When A Little Boy Asked His Mom If They Were Still Slaves, She Wasn't Quite Sure How To Respond",1
"With An Open Heart And Open Mind, We Can Learn What It's Like When Being Seen As Equal Is A Struggle",0
The Scientific Reason Someone Chooses To Be Your Friend Might Freak You Out ... Just A Bit,1
Does Your Best Friend Feel Like Family? That's Because They Kinda Are.,0
Should People Stop Blaming The Media For Making Women Feel Badly About Themselves? Nope.,1
Who Cares What 'They' Say Is Beautiful — Just Smile,0
"I Laughed, I Cried, I Clicked 'Refresh' Until He Posted Another Picture",1
"Man Is On The Roadtrip Of A Lifetime, And He's Sharing It With The World",0
This Family Filmed An Intimate Moment Involving Their Teenage Daughter. Grab Your Tissues.,1
This Teenager Sat Down For A Meeting With Her Family. It Opened In Prayer And Ended In Tears.,0
"I Laughed, I Cried, I Clicked 'Refresh' Until He Posted Another Picture",1
"Humans Of New York Made You Laugh, Cry, And Click 'Refresh.' Now He's Taking His Show On The Road.",0
A Reason To Think Twice Before Buying Your Kid All Those LEGOs,1
Someone Took On A Giant Oil Company Using Some Very Small Friends,0
The Scientific Reason Someone Chooses To Be Your Friend Might Freak You Out ... Just A Bit,1
A Kinda Freaky Link Between Your Friendship Choices And Science,0
The Coolest Thing This Guy Did In College Had Nothing To Do With Classes Or Tests (Or Parties),1
The Sight Of All This Food Has Me Drooling. And They Were Just Gonna Throw It Away!?,0
They Say Some People Are Just Born Bad. But It's Not Actually True.,1
Who Said The World Has To Be A Terrible Place?,0
A Teacher Gave A Student An 'F' And A Smiley Face. But She Wasn't Making Fun Of Him.,1
There's A Piece Of Education Reform That WAY Too Many People Don't Think Is Important,0
It Only Took 9 Seconds For His Life To Change Forever,1
"He May Have Lost His Legs, But He Didn't Lose His Fight",0
"If You Cram People And Livestock Together Weird Things Are Going To Happen. And, Boy, They Are.",1
Diseases Like Ebola Are Taking Off All Around The World. Here’s What’s Behind This Terrifying Trend.,0
Ever Have A Teacher That You Thought Really Sucked? This Isn’t About Them.,1
Every Day Millions Of People Are Paid For One Job Even Though They Do Several,0
Their Son Wasn't One Of The Popular Kids. So They Couldn't Believe When This Moment Happened.,1
He Was Just A Cool Football Player. Then This One Amazing Play Changed Lives - His Included.,0
She Didn't Immediately Know How To Respond When Her Son Asked If They Were Still Slaves,1
"When A Little Boy Asked His Mom If They Were Still Slaves, She Wasn't Quite Sure How To Respond",0
A Slimy Truth That Will Give You Pause Before Buying LEGOs,1
LEGOs Are A Lot Less Fun For Kids When They’re Covered In Oil. Or So I Hear.,0
Take 1 Minute To Understand Climate Change Using Some Cheeky British Humour,1
She's Smiling Because She Now Understands An Important Meteorological Distinction,0
Lauryn Hill Rewrote The Lyrics To A Song In ’The Sound Of Music’. It’s My New Favorite Thing.,1
It Goes Mostly Unnoticed And Unchecked. It Breaks My Heart Regularly.,0
A Grown Man Gets Weird With A Young Girl For The Good Of The Planet,1
"If We Want Her To Stop Crying, We’re All Going To Have To Do Our Part",0
"Mmm, Tasty — The Coolest Thing This Guy Did In College Had Nothing To Do With Classes (Or Parties)",1
"Meet A Guy Who Totally Aced College. The 'Helping People Out' Part Of It, Anyway.",0
"My Heart's In Ferguson, But My Ears Are Here. Tell Me What I Forgot On This Playlist And I'll Add It If I Can.",1
"The Struggles That Marvin Gaye, Nina Simone, And Mavis Staples Sang About Are Still Going On Today",0
She Held The Hand Of A Mom Whose Baby Died Right In Front Of Them. It Doesn't Have To Be That Way.,1
There Are 35 Countries Where Babies Don't Die From This Preventable Disease Anymore. Only 24 Left.,0
A Coach Who Actually Gets That The Kids On His Team Played Their Best And Still Lost? Priceless.,1
These Kids Played Their Hearts Out And Still Lost. The Coach? Happy As Can Be.,0
Ever Seen A Double Standard Wrapped In A Double Standard?,1
That Awkward Moment When You Realise The News Isn't So Unbiased,0
A Journalist Noticed A Certain Kind Of Number Was Missing From Stories About Deaths By Cops. Here's What He Found.,1
Why The Hell Is There No Official Record Anywhere Of How Many People Are Killed By Police?,0
There's No Way What This Science Teacher Is Teaching His Kids Will Ever Be Found In A Text Book,1
When A Teacher Is Way More Than You Could Have Ever Expected In A Million Years,0
"My Heart's In Ferguson, But My Ears Are Here. This Playlist Is Firing Me Up!",1
"Listening To Music Can't Fix The Problem In Ferguson And America, But It Can Keep The Conversation Going",0
Here’s How You End Up In Prison If You’re British And Also A Complete Idiot,1
The Nicest Thing About Her Is That She Took The Time To Read The Leaflet,0
See Why We Have A Completely Dumb Standard Of Beauty In Just 7 Images,1
The Person Behind This Computer Decides What Is Beautiful. But What Do You Decide?,0
A Huge Part Of Sex That Doesn't Get Talked About Enough — Or Ever,1
Sex-Shaming Really Sucks. Here's Why.,0
"One Sticker Can Change The World. Or Make You A Bunch Of Money. Hippies Would Like It, Too.",1
He Sits In A Trash Can Playing With Dirty Diapers For One Awesome Reason: A Truly Magic Sticker.,0
I Saw Food And My Mouth Started Watering. Then I Read The Facts And My Jaw Dropped.,1
We Throw Away 96 Billion Pounds of WHAT Every Year?!,0
Here’s How You End Up In Prison If You’re British And Also A Complete Idiot,1
"A Cold, Hard Fact That Is Very Important You Don't Mess Up",0
There's No Way Bill Nye Gave His Permission To Be In This Video. But I Doubt He Cares.,1
A Reasonable Response To A Planet In Crisis Is To Just Sing Your Heart Out,0
There's No Way Bill Nye Gave His Permission To Be In This Video. But I Doubt He Cares.,1
Imagine If Bill Nye The Science Guy Was A Rock Star? You Don't Have To. He Already Is.,0
Watch Cory Matthews Explain In 8 GIFs Why Wearing A Culture As A Costume Is Not A-OK,1
Watch Cory From 'Boy Meets World' Take A Stand For An Issue People Are Super-Passionate About,0
It Seems Hard Changing The World. But's It's Actually Kind Of Easy. And A Little Sexy.,1
"One Sticker Can Change The World. Or Make You A Bunch Of Money. Hippies Would Like It, Too.",0
"As These Little Yellow Numbers Go Up And Up And Up, The Middle Class Is Going Down. In Flames.",1
"These Numbers Are Going Up, And They Mean Good Jobs Vanishing. And I Worry About The Future.",0
"What Happens When Your Professional Role Model Looks Like This, Instead Of What You See On TV?",1
"Their Stories Aren't Often Told, But These 'Bossy' Women Are Quietly Making The World Go Round",0
1 Trillion Gallons. That's How Much Water We'd Save If We Just Made One Teensy Little Change.,1
"One Infographic That Gives You A Great Reason To Get Your, Um, Toilet A Makeover",0
"As These Little Yellow Numbers Go Up And Up And Up, The Middle Class Is Going Down. In Flames.",1
Watch The Golden Numbers Reach Higher And Higher. And Our Standard Of Living Get Lower And Lower.,0
"Stephen Hawking Is Terrified Of An Alien Invasion, And The Reason Makes Nothing But Sense",1
What Will It Be Like When Aliens Come To Earth? Just Ask Him. And Maybe The Native Americans.,0
A Professor Looked At 15 Year's Worth Of Information. Then A Designer Packed It Into 1 Punchy GIF.,1
Ever Felt Let Down By Someone You *Should* Be Able To Count On? That's How This Story Made Me Feel.,0
He Chose To Speak In English. That Way Obama Can Understand Him Loud And Clear.,1
Obama Once Promised Millions The Chance To Gain Some Dignity. They're Getting Tired Of Waiting.,0
So They Tried To Make This Video About Recycling Funny. It Worked.,1
"So They Tried To Make This Video About Recycling Funny. Yeah, I Know, But It Actually Worked.",0
Don't Judge The Gross Things This Guy Says About Love Until You Hear What He Says At 1:40,1
The Secret To True Love Isn't About The Good Times. It's About The Weird And Hard Times.,0
Why You Should Always Keep 2 Bucks And A Can Of Tuna In Your Car,1
It Turns Out That A Little Bit Of Humanity Can Save Actual Humans,0
"I Thought This Was Going To Be Boring. But Then It Got Sexy, Funny, And Cool. Genius.",1
"So They Tried To Make A Thing About How Sexy, Funny, And Cool Recycling Can Be. It Actually Worked.",0
3 Out Of 4 Of White Americans Don’t Even Have One Of These,1
Friendship Is Magic. Racism Is Bad. There's A Middle Ground In This 9 Minute Radio Program.,0
"When You See How Many Good Jobs Have Left Us, Does It Make You Want To Scream?",1
"Does It Take An Ominous Counter, Dramatic Voiceover, And Spooky Music To Wake People Up?",0
Racial Bias Doesn't Get Much Clearer Than This Picture,1
These Numbers Make Discrimination Pretty Hard To Ignore,0
1 Trillion Gallons. That's How Much Water We'd Save If We Just Made One Teensy Little Change.,1
"Drip, Drop, Drip, Drop. There Goes Your Paycheck, There Goes The Planet.",0
A Gay Athlete Took A Shower With His Straight Teammates And You'll Probably Guess What Happened,1
An Explation Of Why A Gay Athlete Needs More Attention On The Field And Less Attention In The Shower,0
They Packed More Pissed Off Celebrities Than I Could Count Into A 1-Minute Video For Everyone To See,1
56 Celebrities Rightly Took Time From Their Busy Famous People Schedules To Make An Important Demand,0
People Spend 16 Minutes Every Day Doing Something They Think Is Good. It Ain't.,1
We Could Save Over $13 Million Every Single Day. Why Aren't We? What Is Wrong With Us?!,0
Here's A Counter Going The Wrong Way. It's Jobs That None Of Us Will Be Able To Get.,1
"As These Little Yellow Numbers Go Up And Up And Up, The Middle Class Is Going Down. In Flames.",0
"Turns Out, Educating People Is Cheaper Than Sending Them To Prison. Who Knew?! (Sarcasm Mode /Off).",1
"Education Is Cheaper Than Prison, And Educated People Are Less Likely To BE In Prison. And Other Facts.",0
She Explains Why It Just Gets More And More Beautiful As You Zoom In,1
This Is Not The Math You Learned In School. Not Even Close.,0
"What Happens When Your Professional Role Model Looks Like This, Instead Of What You See On TV?",1
"What Do You Think Of When You Hear The Word ""Boss""? If It's Not A Woman, Watch This.",0
"A Hallmark Of The Industrial Revolution Is Retreating, And Boy Are We Glad To See It Go",1
Click Here If You Want To Feel Good About Riding That Bike. Or If You Just Want To Feel Good.,0
Ever Heard A Poem Written From The Perspective Of A Gun? Here's Your Chance.,1
What Would A Gun Say If It Could Talk? Probably A Lot More Than 'Bang! Bang!',0
They Were Losing Pretty Badly. So They Took Off Their Shoes And Ended Up In The History Books.,1
You Don't Need A Lot Of Space To Be Great. Just Ask These Boys.,0
She Moved Home With Her Parents And Discovered A Scary Truth About Her Community,1
"What's Environmental Justice? In Just 2 Minutes, You'll Get It.",0
Don't Be Jerks To A Stranger Online. You Never Know What That Girl Can Do.,1
Don't Be A Jerk To A Stranger Online. You Never Know What That Girl Can Do.,0
A Puppy Who Tries To Scare People Away Gets Exactly What He Has Coming To Him,1
The Railroad Tracks Are No Home For A Little Dog. Especially With A Train Due Any Minute.,0
"He Says His Name Is Sean, But I’m Pretty Sure It’s Thomas Edison Jr. Jr. Jr.",1
"Step Right Up And Print Yourself A Little Sunshine, Sunshine",0
"Think About The Internet In A Slightly Different Way, And Wow. This Stuff's Important.",1
Do You Ever Waste Too Much Time Online? Waste Some Of It Learning How To Keep That Up.,0
5 Years' Worth Of Photos Show What Testosterone Did To One Guy's Life,1
"Come For The Major ‘90s Fashion Swag, Stay For The Story Of A Little Girl Called 'Mike'",0
Here's Why You Should Get Out On A Nice Sunday Afternoon,1
"There Is No Substitute For Human Bodies, Standing As One'",0
"Not To Be Dramatic, But The U.S. Is Literally Playing With Fire",1
Obama Sent Us One Of His Advisors To Answer All Of Your Burning Questions,0
"If You Can't Do This In The Bedroom, You Might As Well Break Up With Your Partner Now",1
Love Stinks.,0
Being The Smallest Is Very Bad In This Case. It Means You're Gonna Be The First One To Drown.,1
A Group Of People Pour Their Hearts Out To Get You To Give A Sh*t About Their Homes,0
"Soooo, That Whole Climate Change Thing Feels Like It Just Got Worse.",1
"Not To Be Dramatic, But The U.S. Is Literally Playing With Fire",0
In A World...That Needs A Hero...Who Will Take On The Challenge?,1
It's A Superhero Blockbuster Without A Superhero. Want The Role?,0
Here's A Counter Going The Wrong Way. It's Jobs That None Of Us Will Be Able To Get Ever Again.,1
Here's A Counter Going The Wrong Way. What's It Counting? Jobs Going Bye Bye.,0
What If We Spent Money On Education Instead Of Prisons?,1
"So Which Is It, America? Do We Want Students And Educated People Or Prisoners?",0
There's No Way These Guys Gave Their Permission To Be In This Video. But I Doubt Anyone Cares.,1
4 Guys Try To Save The Planet Using Some Old Footage And A Catchy Beat,0
When She Rolls Up In One Of Her Creations? People Freak Out.,1
"From Doing Street Portraits In Manhattan To Building Houses In Haiti, She's Making Art Matter",0
"First She Built A Park. Then She Brought The Tech, To A Place That Some People Wouldn't Dare Visit.",1
"It Started With A Park And Continues With People Playing Video Games, And That's A Good Thing",0
The Parents Of This Gay Man Reacted Horribly To His Coming Out. The Internet Responded With Love.,1
The Parents Of One Man Reacted Horribly To His Coming Out. The Internet Responded With Love.,0
Whoever Says The Power Of The Sun Won't Fit In Your Pocket Hasn’t Seen This Video,1
"This Tech Inventor Is Cooking Up His Version Of A Microbrewery, And It's Pretty Sweet",0
There Will Be More And More Stories Like This Unless We Do Something Now,1
Is It Going To Take Them Losing Their Homes For Us To Do Something About Climate Change?,0
It's Not The End Of The World As We Know. But Watching This Made That Song Come To Mind.,1
"Since 2000, We've Seen The 8 Worst Years For Wildfires. Need A Guess As To Why?",0
"Lately, We've Been Seeing A Lot More Of This Really Good Thing. Watch!",1
More Cars On The Road And Cleaner Air? Yes!,0
They Were Losing Pretty Badly. So They Took Off Their Shoes And Ended Up In The History Books.,1
"Everyone Thought Their Idea Was Ridiculous, But They Always Knew They'd Be Champions",0
"Some People Came Out With A Cool New Poster. When You Hang It, People Cry From Happiness",1
Some People Don't Like To Ask For Help. Others Are Too Embarrassed To Offer It. This Solves It All.,0
"Glenn Beck Has Something To Say, And You'll Be Thankful To Hear It. Even If You're A Democrat.",1
I Absolutely Never Expected I Would Be Nodding My Head To What Glenn Beck Had To Say,0
"This Poet Struggled With Depression. But After A Friend's Suicide, She Wrote This.",1
"With This Poem About Reasons To Live, A Woman Fights Off An Enemy She Knows Too Well",0
Anyone Who Hates Working For 'The Man' Will Love What These Charts Have To Say. I Definitely Do.,1
Can You Imagine A Workplace Without Annoying Bosses And Owners Who Make All The Money? They're Real.,0
"Ouch, That’s An Expensive Addiction We Have. We Might Want To Stop Paying The Price.",1
Certain Companies Are Using Something As An Open Sewer And You’re Picking Up The Tab,0
"I Thought This Was Going To Be Boring. But Then It Got Sexy, Funny, And Cool. Genius.",1
Now I Know Why They This Hilarious Dude To Talk About Stickers. They're Awesome.,0
A Bunch Of Quick Facts You Probably Didn't Know About Earth. And A Few No One Knows.,1
"Hey, There's Your Home. You May As Well Take A Second To Be An Expert On It.",0
This Simple Graphic Shows America's Messed Up Priorities,1
"Yet Again, America Is #1 At Something. Something Not. That. Great.",0
"This Rapper's Dad Was A Cop, So When He Talks About Policing, He Nails It",1
"This Rapper's Dad Was A Cop, So He Knows All About The Culture Of Policing",0
"If Your Don't Let Your Partner Do This In The Bedroom, You Might As Well Break Up With Them Now",1
"For His Funeral, He Wants To Wear A Shirt With 'Insert Wooden Stake Here' On It. He Has Love Advice.",0
An Animation That Tries To Show Us What Life Is Like For An Autistic Child,1
An Animated Interpretation Of What Life Might Be Like For Someone With Autism,0
This Is What Happens When Little Boys Believe That Anything Is Possible,1
They Didn't Have Enough Space To Play Their Favorite Sport. So They Made It. And Made History.,0
…And This Is Why We’ll Never See A Superheroine Movie,1
Ever Wonder What It’s Like To Pitch A Movie In Hollywood? Super Lady Takes You Behind The Scenes,0
"Erotic Art Usually Just Titillates. His Erotic Art, Though? Changed The Minds Of So. Many. People.",1
"It Was Just A Little Graphite On Paper, But It Changed History Nonetheless",0
A Clip From A Ballet That Started A Riot (Really),1
Picasso Met His Wife Thanks To This Collaboration. And Also Experienced His First  Ballet Riot.,0
An Explanation of Bisexuality So Complete I Almost Thought I Was Bi Myself,1
One Man Explains Why He Cares More About The Person And Less About The Plumbing (His Words Not Mine),0
"One Ad Campaign Manages To Insult Single Women, Men, And Moms All At Once. With Shoes.",1
"Bless Their Hearts, This Shoe Company Just Really Stepped In It. Apparently Their Shoes Will Help You 'Husband-Hunt.'",0
"You Probably Don't Think You're Racist, But Even You Can Make Wrong Assumptions. These Photos Might Prove It.",1
"If The Humanity In This Photo Series Surprises You, You Might Have Some Deep Thinking To Do",0
What If This Really Is The Biggest Secret In All Of Hollywood?,1
The Truth About Who Really Calls All The Shots In Hollywood–In Our Dreams,0
She Found Herself Pregnant But Decided Not To Be A Mother Right Now. Her Words Are Powerful.,1
I Want To Make This Rooftop A Judgment-Free Zone Because You Should Hear What She Says Up There,0
"If You’re One Of The First 10 Million People In This Chart, You Win. If You’re Not, Er…",1
YAY! Poor Families in 24 States Can Get Medical Care! But BOO! Folks In 22 States Can't.,0
What These People Are Doing In Their City Will Make Me Never Look At Empty Lots The Same,1
They're Digging Up Soil All Around The City — But They're Not Looking For Pirate Treasure,0
Here's The Perfect Music Video To Watch The Next Time You Hear The Earth Is Doomed,1
"Not Sure How They Remain So Cheery As They Sing About Such A Tough Subject. Oh Yeah, Auto-Tune.",0
These Guys Are Having Way Too Much Fun Coming Up With Genius Solutions To The World's Problems,1
Sometimes He Takes A Brilliant Human To Fix Problems Created By Us Humans,0
"When You See These Two Products Side-By-Side, It'll Make All The Sense In The World",1
We Regulate Cars To Keep People Safe. What If We Applied The Same Basic Logic To Guns?,0
She May Not Have Broken Up The Beatles But She Did Break The Rules Of What Women Were Allowed To Say,1
That One Time Yoko Ono Almost Got Stabbed In The Head,0
The Perfect Response To 'She Shouldn't Have Had Nude Pics If She Didn't Want Them In Out In Public',1
The Way We All Should Be Thinking About It When Naked Celebrity Photos Are Hacked,0
No One Should Have To Deal With This. Not On The Bus. Not On The Train. Not On The Street. Not Ever.,1
"When The Daily Commute Becomes A Battlefield, What Do You Do? Write A Powerful Poem And Speak It.",0
"Our Earth Is In Trouble, So Let's Talk This Out. Together.",1
"If You Like The Idea Of Living On A Less Polluted Earth, May We Suggest This #UpChat For Starters?",0
There’s A Better Way To Get Yourself Clean And There’s A Worse Way To Get Yourself Clean,1
That Whole 'Make Love Not War' Saying Applied To Something Important That Has Nothing To Do With War,0
These Governors Are Willing To Sacrifice For Their Principles. Your Sacrifice. Their Principles.,1
"Seriously? Almost Half The States Haven't Opted Into Expanding Medicaid Yet. C'mon, People.",0
"This Dinosaur Decided She Could Change Her World In Just 30 Days. Not A Cartoon, Not Fiction.",1
Change These 4 Habits And You Can Forget All About Global Youknowwhat,0
There's A Word We Need To Remove When We Talk About Adoption.,1
Adoption Looks Better When You Include Everyone,0
A Comedian Breaks Down In Front Of His Weed Deliveryman. Too Many Americans Know How He Feels.,1
He Was Safe From The Bullets. But He Wasn't Safe From What Came After.,0
Here’s How You End Up In Prison If You’re British And Also A Complete Idiot,1
What They Learned Will Change What They Think About The Planet. (But They'll Still Be British.),0
"First Came The Stress. Next Came The Research. Then She Got Out Her Dinosaur Suit And, Wait, What?",1
Who Wants To Be A Climate Hero? Maybe Me. Does It Matter I Don't Have A Dinosaur Costume?,0
The Single Most Mind-Boggling Photograph Humanity Has Ever Taken,1
Everything About These Photos Will Make You Feel Like A Tiny Little Speck,0
Here's The Perfect Music Video To Watch The Next Time You Hear The Earth Is Doomed,1
Some Amazing Scientists Show Off The Best Use Of Fair Use Ever To Be Used,0
"Whatthe? More People Are Sick, Dying, and Going Broke In These States For No Good Reason.",1
These Governors Get Healthcare. Is This Why They Don't Feel The Pain?,0
If You Don't Get One Of These You Have A 50% Chance Of Always Being Poor,1
"Your Parents, Your Schooling, And Where You Are Born Determines How Many Legos You Can Buy?",0
"If You Say Global Warming Isn't Real Because It's Cold Outside, I'll Shake My Head And Show You This",1
Global Warming Isn't Real Because You Had A Snow Day? I Think It's Time We Had 'The Talk.',0
It Took Him Years To Prove The Doctors Wrong. But Oh How Wrong They Were.,1
"The Doctors Said He'd Never Run Again, But Oh How Wrong They Were",0
Glenn Beck Asks A Woman A Strange Question. I Had To Hold Back Tears At Her Response.,1
"Glenn Beck Opens Up About The Time He Came Close To Attempting Suicide, And It's Incredibly Moving",0
"There's Some Math That You Failed To Do, And It's Gonna Bite You In The Pocketbook",1
Guess What You're Paying For That Big Oil *Isn't*?,0
3 Reasons Why Fast Food Workers Are Going On Strike,1
"So, You’re Wondering Why Folks Who Are Usually Cooking Food Right About Now Are Hitting The Streets?",0
Bill Nye's Totally Reasonable Take On Common Core Is Just So... Reasonable.,1
Bill Nye Explains Why Science Should Be The VIP At The Common Core Party,0
"Next Time You Hear Someone Make This Dumbass Comment In The Real World, Please Show Them This Video",1
"If You Think This Isn't A Real Thing, It's Time We Had 'The Talk'",0
It Might Be The Most Mind-Boggling Photograph Humanity Has Ever Taken,1
Everyone You've Ever Heard Of Has Had The Same Thing In Common. It's Wild To See.,0
One Of The Biggest Lies About Working In Fast Food? That The Work Isn't Worth A Raise.,1
"Yes, Fast Food Workers Are On Strike Around The Country. No, They're Not Spoiled Kids.",0
This Kid's Scary Personification Of Depression Gives Me Chills,1
I'm Playing Along Until This Kid Uses The 'Big Spoon' Metaphor. Then I've Just Got Chills.,0
Schoolhouse Rock For The 21st Century: How A Bill Becomes A Law,1
Here Is One Place Where The Best Idea Doesn't Have A Chance,0
McDonald’s ALREADY Pays $15 An Hour. And Other Startling Facts.,1
Do You Want Fries With That Incredible Bravery?,0
It's One Of The Best Songs About Heartbreak I've Ever Heard. But Don't Take My Word For it.,1
She Was So Disappointed She Had To Write A Song About It. My Message To Her: Thank You.,0
"What's This About Fast Food Workers Complainin'? They Need To Just Get A Jaaaaaahb ... Oh, Wait.'",1
This Company Makes A $5.6 Billion Profit. Isn’t It Time To Give A Raise To People Who Keep It Going?,0
It's SUCH A Big Problem It Makes My Eyes Glaze Over. But She’s Hilarious.,1
Global Youknowwhat Makes My Eyelids Heavy. But They Popped Right Open Watching Her.,0
3 Reasons Why Ronald McDonald Isn't Very Cheerful Today,1
"They Feed Millions Every Day, But Sometimes Not Their Own Families. They Need More.",0
I'll Bet You Had At Least One Teacher Like This. What Would You Say To Them Now?,1
We Spend A Lot Of Years Sitting Behind A Desk. These Are The People We Shouldn’t Forget.,0
The Conversation About This Serious Topic Is So Depressing. But It Doesn't Have To Be.,1
I'd Like To Cordially Invite You To The Twitter Date Of Your Dreams. Wanna RSVP?,0
2 Monkeys Were Paid Unequally; See What Happens Next — And Hear The Rest Of The Story,1
Do Animals Care About Morality? The Evidence Definitely Surprised Me.,0
It's Called The Ostrich Effect — And It's Real.,1
Would You Pay In Order to NOT Know Something? Turns Out You Wouldn't Be Alone.,0
This Famous And Recently Humiliated Woman Has An Amazing Reflection On Why We Do This To Each Other,1
"Jennifer Lawrence Has Some Eerily Great Thoughts On Young Girls, Harassment And Bullying",0
A Very Simple Chart That Solves A Very Simple Mix-Up That A Lot Of People Seem To Be Having,1
Finally A Way To Know If It's Cool To Wear This Awesome Hat Or Not,0
It's Called The Ostrich Effect And You Don't Want To Get In Bed With Someone Who Has It,1
"Are You An Ostrich About Your Own Health? If So, You've Got Company.",0
Fact: Some Women Need Prostate Exams. But They're Not Getting Them For A Reason I Didn't Expect.,1
How Would You Feel If You Couldn't Get Basic Medical Procedures Just Because Of Your Identity?,0
This Dude Has A Lot Of Rules For Women. I Think He’s Right.,1
"Finally, A Consolidated List of How Women Can Earn A Right To Safety ",0
Witness A Conversation Between People Who Have Some Brilliant Ideas To Save The Planet,1
"The Best Way To Spend Your Lunch Break Is Talking About Climate Change On Twitter, Right?",0
She Had A Great Hunt. But Then The Tables Got Turned.,1
"They Just Want To Help Save Animals, But It Turns Out The People Need A Little Help Too",0
"Wonder If That War Photographer Who Films Close Up Ever Gets Hurt? Yep, And In More Ways Than One.",1
Journalists Being Killed At Alarming Rates Is News ... But It Sure Isn't New,0
Here's The Depressing And Hilarious Reason We'll Never Have A Great Superheroine Movie,1
"Here's A Funny, Sad, Funny Look At Trying To Get A Movie Made These Days",0
GRAPHIC: How Many Seconds Of This Video Can You Make It Through?,1
An Elephant Tries To Outrun Its Poachers. Their Guns Are Faster.,0
Some Men Need Pap Smears. Some Women Need Prostate Exams. Confusing? Here's A Flowchart For Ya.,1
Some Men Need Pap Smears. Some Women Need Prostate Exams. So Why Aren't They Getting Them?,0
A Reporter's Heart Pounded And All He Could Think Was 'Run Dammit Run',1
Journalists Risk Their Lives To Bring Us The Stories. But Who's Watching Out For Them?,0
My Heart Grew 3 Sizes Larger After Watching This Man Say 'Thanks'. (Can Someone Bring Me A Tissue?),1
"A Touching, Heartfelt, Authentic, And Wonderful Video Of Thanks. This One Is For You Internet.",0
We Regulate Cars More Than Guns. Here's How That's Playing Out.,1
We Regulate Cars More Than We Regulate Guns. WTF?,0
This 2 Minute Video Pretty Much Scared The Crap Out Of Me. Help?,1
This 2 Minute Trailer For The Next Big Disaster Movie Scared The Crap Out Of Me. 'Cause I’m In It.,0
"He Starts Talking About The Dog, And 50 Seconds In, You Can Hear His Voice Break.",1
"After A Devastating Injury, His Life Changed Forever. Then They Met, And It Changed Again.",0
He's Calling People Names Like You've Never Heard. But They're Happy About It.,1
"Finally, A Celebration Of North America As The Rich, Diverse Country That It Was",0
"They Say There's Truth In Every Jest, Which Is Why These Jokes Are So Horrifying",1
Protecting Our Country Is No Laughing Matter. So Why Are Marines Telling Rape Jokes?,0
How 1 Sweet Black Lab Changed A Man's Life For The Better,1
A Veteran. A Dog. What More Do I Need To Say?,0
"This Interactive Map Is Pretty Cool, Until You Find Out What All The Bubbles Mean",1
A Map That Connects The Dots Of Over 200 Million Children Around The World,0
I Really Hope The Parents Of These People Get To See What They Said Here. They'd Probably Cry.,1
What These Students Said About Their Dreams And Their Future Is Enough To Make Any Parent Proud,0
There's Lots Of Scary Chemicals Out There. What's Shocking Is What's Happening At Home.,1
"Our Homes Are Filled With Scary Chemicals. Us, Too. Even Worse? Our Children.",0
File This Under Awesome Things About The Universe That I Had No Clue About,1
"Space. What A *Total* Cluster, Amirite?",0
2 Famous Sisters Had Struggled With Mental Illness. 1 Survived. Here's How.,1
An Oscar Winning Actress And Her Famous Sister Struggled With Depression. 1 Survived. Here's How.,0
"Dear Kids, We Love You Dearly And Want The Best For You. Sorry About All The Chemicals.",1
Up To 60% Of A Person Is Actually Water. Is The Other 40% Toxic Goo?,0
A Simple Comparison That Will Open A Lot Of People's Eyes. And Probably Piss A Few People Off.,1
We Regulate Cars More Than We Regulate Guns. Again: We Regulate CARS More Than We Regulate GUNS.,0
We Didn't Believe It. So We Fact-Checked It (Twice). Now Let's Talk About How To Make It Worldwide.,1
100% Renewable Energy Isn't A Dream. It's Becoming A Reality In One Town. Now Let's Go Worldwide.,0
The Truth About Gluten-Free Diets That No One Wants To Hear,1
The Fad Diet That's Sweeping The Country And Why You Probably Don't Need To Be On It,0
Imagine The Delight On This Little Girl’s Face To See Such A Package Arrive At Her Doorstep,1
Reading A Story Together Is One Of The Most Precious Things A Parent Can Do With Their Kids,0
Why We Need A New Knee-Jerk Reaction When We Hear About People Getting Raped,1
Why We Need A New Knee-Jerk Reaction When We Hear About People Getting Sexually Assaulted,0
What Shouldn’t I Do When I Approach Someone With Depression? Let These Drawings With A Dog Show You.,1
"How To Handle A Black Dog, If That Black Dog Were Sadness",0
What Shouldn’t I Do When I Approach Someone With Depression? Let These Drawings With A Dog Show You.,1
How The Dog Days Of Summer Have Nothing On The Dog Of Depression,0
"I Don't Think Anyone Told This Dude Icebergs Flip Over. 'Cause If They Did, Would He Live On One?",1
A Dude Wants To Live A Real 'Waterworld' Experience. Except He's Not Kevin Costner And It's On Ice.,0
"Crying Baby? Don't Worry, You Don't Have To Take Care Of It. Just Watch It — And Try Not To Smile.",1
"Even In The Midst Of War And Rockets, One Tiny Baby Was Able To Bring A City Together",0
"Why You Get Choked Up Seeing Images Of The 9/11 Rescues, Still To This Day",1
Why So Many Ordinary People Can Turn Into Heroes On A Day Like 9/11,0
Floods. Fires. And Too Many Darn People. When Will This Stop? The Answer Was Not What I Expected.,1
ARMAGEDDON! ARMAGEDDON! ARMA—' Arma-What? No. No Need To Lose All Hope For Mother Earth. Yet.,0
A Song So Good I Almost Forgot The Terrifying Reason It Was Written,1
"A Song So Powerful It Could Very Well Stop Bullets. That's The Hope, Anyway.",0
"She Sings Like An Angel, So It's Hard To Believe They Refused To Treat Her Like A Human",1
"Once, She Was In Jail. Now She Records Songs, Reads The Word Of God — And Fights For Her Rights.",0
21 Absurd Things Lesbians Say To Straight People,1
Can I Watch' Sounds Super Absurd When You Put It In This Context,0
Imagine The Delight On This Little Girl’s Face To See Such A Package Arrive At Her Doorstep,1
Imagine The Delight On This Little Girl’s Face To See Such A Precious Package Arrive At Her Doorstep,0
We Should All Be Thankful People Like Him Exist. He Might Save Our Life One Day,1
"You Know, F*** It. Let’s Throw In The Towel On Climate Change. Just Kidding.",0
"Please Show This To Anyone Who Says, ‘Global Warming? But It’s So Cold Out Today!’",1
"When He Makes A Serious Point Halfway Through, He Doesn't Make A Big Deal Out Of It. But It's There.",0
The Story Of A University That Sent Its Nursing Students To A Scientology Center To Learn Medicine,1
John Oliver Explains Why A University Conning Veterans With Traumatic Brain Injury Is A Bad Idea,0
The Crazy Crap That Can Come Out Of A Teenager’s Mouth May Be Better Than What Goes In,1
Maybe All Of These Chemicals Are A Good Thing. One Of The Kids Could Become A Real-Life Hulk.,0
Getting Choked Up Seeing Any Of These Images? Thank Your Vagus Nerve,1
"If You Think Vegas Can Give You A Rush Of Endorphins, Wait Till You Hear About The Other 'Vagus'",0
She Was Just A Little Girl When He Did These Things. Now She's Dying And She Wrote Him A Letter.,1
"One Of The People She Trusted Most Did Awful Things To Her. She's Forgiving Him, And This Is Her Letter.",0
John Oliver Tears Into The Awful Folks Behind 1 Of The Biggest Con Jobs Being Run On Americans Today,1
"How To Take Advantage Of A Vet Returning From Iraq With Brain Trauma, Sponsored By Awful University",0
"I Don't Think Anyone Told This Dude Icebergs Flip Over. 'Cause If They Did, Would He Live On One?",1
"It Might Take Some Creativity To Survive On Thin Ice, But Better Him Than All Of Us, Right?",0
Some Parents Live With Their Children. Some Are Stuck In A Cage. Here's A Way For That To Hurt Less.,1
Kids Love It When Their Parents Read To Them. These Kids Cherish It More Than Gold.,0
"This Disaster Was One Humanity Didn’t Cause, Couldn’t Fix, And Never Solved. Nature Did It All.",1
3 Months Of Devistation Happened In 1988 That Will Take 3 Hundred More To Renew,0
John Oliver Tears Into The Awful Folks Behind 1 Of The Biggest Scams Being Run On Americans Today,1
A Company Visits Hospitalizes Vets Just Back From Iraq With Brain Trauma To Fleece Them Of Benefits,0
John Oliver Tears Into The Awful Folks Behind 1 Of The Biggest Scams Being Run On Americans Today,1
How A Recording Of An Old President Saying Weird Things About His Privates Relates To Your Finances,0
She Is A Famous Christian Singer. And She's Tired Of Living A Lie.,1
"You May Have Heard Her Songs, But She Wants To Make Sure You Hear Her Story Too.",0
"Who Would Bother Bullying Little Organic Farm Folk? Oh Right, Those Guys Would.",1
"Wow, GMO Food Is The Gift That Keeps On Giving. Gee Thanks.",0
One Of The Best Reasons Not To Hate Rats You'll Ever See,1
Have You Ever Seen A Rat On A Mission To Save Lives?,0
"This Disaster Was One Humanity Didn’t Cause, Couldn’t Fix, And Never Solved. Nature Did It All.",1
"Watch The Story Of An Unbelievable, Record-Breaking, History-Making Wildfire",0
Scientists Called Jane Goodall Out For Her Behavior. Now She's Calling Them Out On Theirs.,1
She's Communicated With Chimps But Here's 1 Thing Jane Goodall Thinks Scientists Have Yet To Learn,0
Ray Rice Assaulted His Wife. Here's Why He - And 8 Other People - Need To Get The F*** Out.,1
Is This REALLY What The NFL Wants To Leave Out There As Its Public Image?,0
"These Musicians Look Like Idiots When They Call Their MP. But Really, They’re Pretty Brilliant.",1
"Three Aussies Burst Through The Screen, Kool-Aid Man-Style—And That's Just The First 10 Seconds",0
"The Next Time You Hear, 'She Asked For It', Use These 5 Reasons To Explain How That's Never True",1
Why We Need A New Knee-Jerk Reaction When We Hear About People Getting Raped,0
This Guy Just Served Up A Slice Of $#!% Pie To 9 People Involved In The Ray Rice Assault,1
This Sports Commentator Just Rained $#!% Down On 9 People Involved In The Ray Rice Assault,0
"When Men Broke In And Threatened His Girlfriend, His American Friends Had 1 Ridiculous Response.",1
"He Screams Insults, Then Pretends To Open A Safe. That’s Why It’s Ridiculous.",0
"There’s A Goddamn Tragedy Taking Place Off The Coast Of Australia, But At Least They Made It Funny",1
There’s A Place Off The Coast Of Australia That Everyone Wants A Piece Of—And That's A Problem,0
"These Musicians Look Like Idiots When They Call Their MP. But Really, They’re Pretty Brilliant.",1
Do The Celebs At The End Of This Video Seem Really Confused? Or Is It Just Me?,0
"Destruction In 1 Scene, Kids Playing In Another... The Juxtaposition Is Big. So Is The Opportunity.",1
Finally! A Video On Climate Change That's Not All Gloom And Doom. Here's What's Going To Get Better.,0
Press Play. Within 4 Minutes You'll Understand Why Almost Everyone You Know Is Drowning In Debt.,1
U.S. Vets Are Returning With Brain Injuries And Getting Scammed. John Oliver Is Not Amused.,0
Did You Ever Have A Slinky? Look At This Cool Experiment You Could Have Done With It.,1
These People Get Paid To Do Experiments With A Slinky. I Chose The Wrong Line Of Work.,0
These Teachers Wrote Letters To Themselves And It Makes Me Want To Do It Too,1
"If Today's You Met Younger You, What Would You Say To Yourself?",0
John Oliver Tears Into The Awful Folks Behind 1 Of The Biggest Scams Being Run On Americans Today.,1
Press Play. Within 4 Minutes You'll Understand Why Almost Everyone You Know Is Drowning In Debt.,0
A Bizarre Psychology Experiment Had To Be Ended Early Because It Just Got Way Too Out Of Hand,1
"What Would It Take To Get College Kids To Torment Other College Kids Just For Kicks? Not Very Much, It Turns Out.",0
Here's One Of The Best Reasons Not To Hate Rats I've Ever Seen,1
See Why Rats Are The Perfect Little Heroes For This War-Torn Country,0
She Had No Problem Revealing Something On Her Dating Profile That Most Are Embarrassed To Admit,1
"Put A Nun, Boxer And Plant Worshipper On Tape. What Do They All Talk About? Sex Of Course.",0
"Something Happened In December Of 2013, That Is Having Huge Repercussions For An Entire Continent",1
"A Bunch Of Blokes Are Pretty Upset Right Now, And You Should Be, Too",0
"Even If You're Not Australian, You're Going To Be Pretty Angry About What They're Doing",1
"Here's Why Storms, Starfish, And Bleaching All Add Up To A Whole Bunch Of Bullsh*t",0
Bullies Who Hide Behind The Screen Are Confronted By Kids Who Aren't Afraid To Show Their Face,1
Victims Of Online Bullies Are Speaking Up. These Are Some Brave Kids.,0
"14 Tweets Answer 'Why I Stayed'. 11 Broke My Heart, But The Last 3 Gave Me Hope.",1
"If You Think 'Why Did She Stay?' Is The Right Question, I Wanna Know Why You're OK With Blaming Her",0
Feel Bad Wasting Food? Here's 10 Easy Ways To Do Less Of That.,1
"When Life Hands You A Stale Loaf, Make French Toast (Or Do One Of These Other 9 Things)",0
Task For The Week: Try Out Every One Of These Great Alternatives To Tossing Out Stale Bread,1
"Let's Be Honest, No One's Excited About Old Bread. But French Toast? Now *That* I'm On Board With.",0
A Comedian Helps Bill Nye With A Perfect Response To All The People Who Doubt His Science Facts,1
Funny Man John Oliver Finds A Solution For Smart Man Bill Nye's Ongoing Problem,0
Her Client Was Imprisoned For Fleeing A Forced Marriage And Mutilation. She Knew She Had To Act.,1
"When She Began To Get Calls From Women Desperate For Help, She Knew She Had To Take Action",0
"If Horrific Images Of Feedlots Haven’t Lowered Your Meat Consumption Yet, These Numbers Might Do It.",1
Remember Mystery Meat? The Facts Behind It Won't Make It Any More Appetizing.,0
7 Delightful Posters That'll Probably Make You Realize Something's Missing At Your Day Job,1
"If More Businesses Played By These Rules, The World Would Look Like A Completely Different Place",0
"From Death And Destruction To Happy, Healthy People. It's Real And It's Possible.",1
"Destruction In 1 Scene, Kids Playing In Another... The Juxtaposition Is Big. So Is The Opportunity.",0
"When The Guy With The Guitar Got Annoying, They Ended Up Doing The Right Thing",1
"They Head From The Beach, To The Streets, To The Recording Studio. Then Things Get Black & White.",0
"A Farmer, Some Bees And A Scientist Walk Into A Bar And Ease My Mounting Fears About Climate Change",1
"Whether You Like It Or Not, This Guy And Some Bees Are Determined To Save Our Lives",0
This Has To Be One Of The Worst Plans Ever Dreamed Up By An Australian,1
"There's An Experiment Taking Place Below The Southern Hemisphere, And It's About To Go Way Wrong",0
This Song Used To Make Me Feel Patriotic. Now It Just Makes Me Feel Sick.,1
A Boy Is Killed. A School Is On The Brink. And The Explosions Just Keep On Coming.,0
"A Guy With A Guitar Shows Up, And It's Only 7 Seconds Before All Hell Breaks Loose",1
"When The Guy With The Guitar Got Annoying, They Ended Up Doing The Right Thing",0
Why You Shouldn't Ignore The Things Your Brain Refuses To Forget,1
"The Keys To Understanding The World Lie In The Smallest, Most Basic Things We See And Do Every Day",0
What They Wish They Would Have Known On Their First Day Of Work,1
Some Words Of Advice For Anyone Starting A New Job,0
What If Hidden Inside Some Of All The City's Skyscrapers There Was A Delectable Secret?,1
The Empire State Building Totally Needs To Have This Type Of Thing As Its New Neighbor,0
"He Saw The Tower Come Down, Turned To His Wife And Said 'I Need To Help And Nobody Can Stop Me'",1
"Everyone Has A Bit Of Hero In Them But On 9/11, These Ordinary People ... Became Extraordinary",0
"A Kid Threw A Book At His Teacher On The First Day Of School, But The Teacher Gets The Last Laugh",1
There's A Lot To Be Learned When You Get A Book Thrown At You On The First Day Of School,0
"There's Something Dark And Dangerous Buried Under The Sea, But It May Not Stay Down There For Long",1
A Group Of Folks Are Trying To Stop One Company From Bringing Some Nasty Sh*t From Under The Sea,0
Bullies Who Hide Behind The Screen Are Confronted By Kids Who Aren't Afraid To Show Their Face,1
"Hey, Online Bullies: These Kids Have A Message For You. And They Aren't Afraid To Show Their Faces",0
"For Some, It’s No Sex Before Marriage. For Them, It’s No Sex Until …",1
"For Some, It’s Sex In Any City. For Them It's Sexless In The City.",0
Every Year There's A Giant Sex Party In Australia. (Not That Kind.) And Now They Are Ruining It.,1
"Nobody Asked For This Disgusting Party Crasher. But Then Again, That's What Crashers Do.",0
"When He Falls Out Of The Chair And Screams ‘I’ll Never Walk Again,’ They Just Laugh And Laugh",1
He’s Not A Success In Spite Of The Wheelchair. He’s A Success Because Of It.,0
I'll Bet You've Never Played A Game Of Tetris As Important As The One Described Here,1
How Climate Change Is Just Like A Game Of Tetris,0
He Starts With 'One Of The Funny Things About Owning A Brain.' I Was Hooked Right From Go.,1
A Famous Guy Explains That You — YES You — Are An Explorer. Here's Why.,0
The 4 Terrifying Dating Secrets These Creeps Are Counting On You Not Knowing,1
"These 4 Dating Secrets Won't Make You A Better Partner, But Knowing Them Could Save A Life",0
"When Southern Belles Marry Southern Belles, S*** Comes Up That Needs To Be Addressed",1
"Y'all, I Did Not Think Think The South Could Get Friendlier But It's About To Get Gay Friendlier",0
As The Tower Fell He Turned To His Wife And Said 'I Need To Do What I Have To Do Right Now',1
"His Wife Was Afraid For Him, But It Was 9/11  And Nothing Would Stop Him From Helping",0
Have You Ever Been Told That You're Too Emotional? So Was This Scientist. Here's Her Response.,1
How This Chimp Used More Emotional Intelligence Than Some Old School Scientists,0
"If You Aren't Straight, There Are 29 States Where You Can Be Fired For That. Is It Your State?",1
You Can't Be Fired In 21 States For Being Gay. Hope Your State Is One Of Them.,0
"A Student Puts Herself On Tape, Admits That Her Family Committed A Crime ... But They Had To Survive",1
"They'd Never Touched A Camera, But When I Saw How They Told Their Stories, It Didn’t Matter",0
This Made Me Want To Run Screaming Out Of My House,1
This Made Me Run Screaming Out Of My House,0
A Super Solid Reminder Of How To Act When Things Don't Go Your Way,1
"When Life Hands You Lemons, Beat Prostate Cancer",0
4 Simple Posters Expose 4 Simple Truths All Women Understand. That's...Not A Good Thing.,1
Watching' My Drink Doesn't Fix The Problem Cause' 'Watching' My Drink Is The Problem,0
"When Flights Diverted During 9/11, Canada Was Waiting ... With Open Arms",1
"Some Canadians Helped At Ground Zero, Others Welcomed Americans Into Their Homes",0
"One Of Those Times When People Working For A Living Said, 'Enough Is Enough.' And They Just Sat Down.",1
There Are Strikes. Then There Are Strikes That Pretty Much Define Things For A Generation. Or Three.,0
Listen To This Guy's Important Interview. Because Survival And Stuff.,1
"Who'd Win In A Fight: Humanity Or The Mother Nature? Jury's Out, But Not For Long.",0
How What People Witnessed During 9/11 Was More Powerful Than The Terrorists Could Ever Be,1
The Scientific Reason People Felt More Connected To Each Other After 9/11,0
3 Beyonce Songs That Sound Totally Different When Spoken,1
Take Empowerment To The Next Level And Listen To These Versions Of Beyonce's Songs,0
Cool Rhino Gets Jackie Chan To Co-Star In This 30-Second Action-Packed Message Of Awesome,1
Chan And Rhino Fight. Let's Hope The Rhino Survives.,0
John Oliver Shames The Awful Folks Behind 1 Of The Biggest Scams Being Run On Americans Today,1
Some Colleges Ran A Scam On Military Vets With Brain Injuries. John Oliver Has Words For Them.,0
John Oliver Shames The Awful Folks Behind 1 Of The Biggest Scams Being Run On College Students,1
John Oliver Beats Some Folks Metaphorically Like A Piñata For Stealing Money From Students,0
Here’s A Bit Of History That You Probably Didn’t Learn In School,1
"I Can’t Imagine What It Was Like Working At This Place, But I Get Why They Sat Down & Said, ENOUGH!",0
Every Year There's A Giant Sex Party In Australia. (Not That Kind.) And Now They Are Ruining It.,1
"If You Were Covered In This Stuff, You'd Probably Shut Down Your Party, Too",0
"When He Fell Out Of The Wheelchair And Screamed ‘I’ll Never Walk Again,’ They Just Laughed At Him",1
He’s Not A Success In Spite Of The Wheelchair. He’s A Success Because Of It.,0
"They've Decided They Need To Trash This Natural Wonder, Because They're Greedy And Don't Give A Sh*t",1
"No Matter How Many Dead Fish They Put On Their Desk, This Issue Still Won't Be Funny",0
What If Hidden Inside Some Of All The City's Skyscrapers There Was A Delectable Secret?,1
"Sometimes The Diagrams Look Like They're From A Sci-Fi Movie, But They Don't Have To Be",0
If There Were Only 35 Humans Left On Earth Would We Ignore Warnings Like This?,1
"Animal Prints Never Hurt Nobody, But Sometimes What We Do Does",0
A College Decided To Shame Students Into Things They Couldn't Afford So John Oliver Shamed Them Back,1
"John Oliver Finds A Hilariously Crude Audio Clip By A Dead President, And Talks About Scamming Teens",0
"The Terrorists Wanted Americans To Lose Faith In Themselves, This Happened Instead",1
Why The 9/11 Attack Failed To Destroy America's Faith In People,0
"The Terrorists Wanted Americans To Lose Faith In Themselves, Here's What Happened Instead",1
"The Terrorists Wanted Americans To Lose Faith In Themselves, This Happened Instead",0
Racism Is A Lot Less Fun When Your Kids Make Fun Of You Because You’re A Shitty Racist,1
How Superman Fought The KKK And Won,0
"Here's One Place Where Females Outnumber Men, But It's Not On Purpose",1
Looking To Heat Things Up? Here’s A Few Living Things To Consider First.,0
"The Science Guy Gets Bullied, And Puts The Bullies In Their Place",1
It's A Bird! It's A Car! It's The Answer To Climate Change!,0
"The Situation People Aren't Talking About, So I'm Urging You To Open Your Mouth",1
Changing These Domestic Violence Stats Can Save Lives. I'm Saying Thank You In Advance For Sharing.,0
The Too Common Crime People Don't Want To Talk About And The 3 Million Kids Who Need Us To,1
Being Nosey Isn't Usually A Good Thing. But Now I'm Giving You Permission. And Now I'm Begging You.,0
"It Might Feel Kinda Weird At First, But It's Actually Really Good For You To *Be* With Yourself",1
Stop Worrying And Just *Be* With Yourself. Don't Even Give It A Second Thought.,0
"The Science Guy Gets Bullied, And Puts The Bullies In Their Place",1
Is The Science Guy A Bully? Or Is He Getting Bullied? He Has Something To Say About That.,0
It Sucks When You're Playing Tetris And You Put A Piece In A Bad Place. Killing The Plant Sucks Too.,1
"It's The Most Important, High-Stakes Game Of Tetris Ever To Be Played",0
What If Hidden Inside Some Of All The City's Skyscrapers There Was A Delectable Secret?,1
Imagine A Future Where NYC's Apple Store Was Turned Into An Orchard (Apples Still Included),0
The Scientific Reason People Feel Connected Will Make You Feel Elated,1
How Do You Know You're Feeling Connected? That Rush Of Endorphins.,0
What If Hidden Inside NYC's Apple Store There Was Something Much More Edible?,1
"Money Doesn't Grow On Trees, But Maybe Fruit Could Grow On Skyscrapers? Here's How.",0
"If Horses Could Talk, They Would Laugh At Us. Because We Don’t See It Coming...",1
"The Idea Of Immigrants Stealing Our Jobs Is Flimsy. Mechanical Minds, However, May Actually Do It.",0
A Senator Explains How Math Works To The Supreme Court That Hurt America With 1 Horrible Decision,1
"Say What You Will About Citizen's United, But It Sure Has United All Our Citizens Against It",0
"If This Speech Doesn't Make You Mad, Then You Probably Have It On Mute. It Ends With A Great Idea.",1
She *Didn't* Get A Standing Ovation After This Speech To  Senators. Must Be Doing Something Right.,0
A 2-Minute Idea That Could Change The Way We Eat In Cities Forever,1
What If We Could EAT City Skyscrapers? Or At Least All The Stuff Inside 'Em?,0
Every Person On The Planet Has A Different Way Of Living. 5 Photo Essays Show How.,1
We're All On The Same Planet And We Are All Living In Different Circumstances,0
People Are Dying Because They’re Not Doing Something Most 1-Year-Olds Can Do,1
Here's The Single Best Thing You Can Do Every Day For Your Health,0
"If This Speech Doesn't Make You Mad, Then You Probably Have It On Mute. I'd Turn It Up And Listen.",1
"If You Hate Politics, Then Here's The Speech That Explains How To Make It Not Awful",0
How Hard Is Your State To Live In If You Are Not Straight? Ask The Map That Keeps Improving.,1
How Hard Is Your State To Live In If You Aren't Straight? Ask The Map That Keeps Improving.,0
Nearly Anything This Model Does Is Beautiful. So Why Do So Many Insist On Being So Ugly To Her?,1
"To Live A Completely True Life, A Refugee Becomes Part Of A Different Kind Of War ... Automatically.",0
People Are Dying Because They’re Not Doing Something Most 1-Year-Olds Can Do,1
1 Doctor's Advice You'd Be Crazy Not To Listen To,0
At The End I Was Expecting Her To Drop The Mic. She Did Something Better — She Turned It Over.,1
Lifelong Football Fan & Mother Of 3 Has Something to Tell The NFL About Domestic Violence,0
This Joyful Video Will Make You Smile. See What Happens When Students Have The Support They Need.,1
See What Happens When Students Have The Support They Need. This Joyful Video Will Make You Smile.,0
People Are Dying Because They’re Not Doing Something Most 1-Year-Olds Can Do,1
"The #1 Secret To Better Health Is Completely Free, Totally Painless, And Most 1-Year-Olds Can Do It",0
You Know What's Even Worse Than Something Causing Over 3 Million Deaths?,1
"Because Holding Your Breath Indefinitely Isn't An Option, We Should Probably Do Something",0
"If Anyone Has Ever Said Anything Cruel To You On The Internet, Then This One Is For You",1
Freedom Of Speech Is Not The Same As Freedom Of Cruelty,0
She Didn't Get A Standing Ovation For This Speech... And The Reason Shouldn't Surprise You.,1
"Mo' Money, Mo' Problems'? Yup. That's Exactly What's Going On Here.",0
She Dropped Out Of College At 19 To Start A Family. Now She's Going To Bat For Families Everywhere.,1
"A Warm Hug Of Encouragement From A Mom, Senator, And Generally Nice Person, Elizabeth Warren",0
"They Sold Cookies To Raise Money For Their School. No, Not Anything Like Your Kid Does ...",1
"They Make Cookies, While Making Lives So Much Better.",0
She Started Off Playing With The Girls. But She Knew Something Just Wasn't Right.,1
Her Jerseys Are Selling Out All Over The Country. Meet America's Newest Sports Celebrity.,0
They Encouraged Women To Kill This Animal Because The Activity Wasn't Too 'Strenuous',1
"There Used To Be So Many Pigeons In North America, Every Town Was Like A Scene From 'The Birds'",0
They're So Cute You'll Want To Squeeze Their Cheeks. Until You Realize They're Trying To Kill You.,1
If Scientists Can Finally Pull It Off ... They'll Officially Become Our Real Life Supeheroes,0
A Hilariously Adorable Video That *Isn't* About A Cat. But It Is A C-Word.,1
It's The Other C-Word. And I Don't Know One Person Who Doesn't Want It Gone.,0
Take A Look At The Most Adorable Moment Ever Between Two Famous Black Actresses,1
"You Might Think It's No Big Deal, But For These Two Famous Women, It's Like They Won The Lottery",0
"The USA Is Red-Hot On This Map. Unfortunately, It’s Not A Map Of Sexy.",1
"Who Uses More Energy, A Sweating Argentine Or A Shivering Russian?",0
"When I Was Watching 'The Cosby Show', I Never Thought A Cast Member Would Tell Me Such Truth Today",1
Why There's Only One Olivia Pope On Television These Days,0
The Things He Texted The Boy’s Mother After He Beat Their Son Are Horrific. And That’s All He Gets?,1
"The NFL Has A Serious Problem. Well, Not Just 1 Problem. At Least 2. More Like 7, Really.",0
Does What This Map Shows Us About Single Adults And Married Adults In America Matter That Much?,1
"For Your Information, There Are More Single Adults Than Married In America Now. QUESTION: Does It Matter?",0
"An Open Letter To All The Bullies On The Internet, From The Vast Majority Of Humanity",1
"If Anyone Has Ever Harrassed You On The Internet, Then This One Is For You",0
Everybody Talks About This And You Probably Tune It Out. This Video May Help You See It Differently.,1
You May Not Think Of All Of These Things When You Think About Saving The Earth. But You Should.,0
"At First, What He’s Describing Is A Little … Depressing. But Then, He Brings It Home. With Love.",1
‘Why I Think The World Should End’,0
"People Are All So Busy It's Hard To Grab Any Attention, So This 19-Year-Old Climbed A Tree.",1
This Community Just Lost 830 Big Trees. So Why Are They Singing And Dancing?,0
"Her Parents Have No Idea What She's About To Do On Camera, But She Hopes They Understand Why",1
They Sat Down In Front Of The Camera And Told A Secret That Could Change Their Lives,0
I Thought I Was Mad When I Saw How Many Abortion Clinics They Have. Then I Saw The Gun Dealers.,1
4 Reasons Missouri's Planned Parenthood Should Join The NRA,0
"When You See A Troll Online, Think Of This Poet's Wise Words Before You Reply",1
"When You See A Bully Online, Think Of This Poet's Wise Words Before You Reply",0
"If There Ever Were 2 Minutes That Led Me To Say 'God, We're Fucked', It's This",1
Why The Word 'Exponential' Will Mean The Extinction Of Humanity,0
Eating It Is Very Natural. This Much Of It? Another Thing Entirely.,1
Overabundance Sounds Like A Good Problem To Have Until You Start Looking At The Numbers.,0
"When You See A Troll Online, Think Of This Poet's Wise Words Before You Reply",1
"When You See A Bully Online, Think Of This Poet's Wise Words Before You Reply",0
"When She Heard ‘If You Masturbate You’ll Become A Selfish Lover,’ She Knew It Was Time For Change",1
"Use An “F Word"" To Describe Most Folks, They’re Mad. Use This One To Describe Her, She’s All Smiles.",0
Here's Why People Are Afraid Of Cops. It's Pretty Shocking To See.,1
"When The People Who Are Supposed To Protect You Make It So Easy To Fear Them, That's A Huge Problem",0
Watch Elmo Demonstrate The Right Way To Point Out Someone's Skin Color,1
Elmo And An Oscar Winner Have A Deep Discussion About Race. For Kids.,0
"He Says, “I Love Exotic Girls Like You."" Her Response? Shuts Him Right Up.",1
Childhood Fictional Characters Can Be Our Best Friends — But What About When You’re An Adult?,0
Why Doesn't The Brilliant Man Giving This Talk Look Broken? Because He's Not.,1
"These Scientists Are Learning From Nature, Imitating It, And Maybe Even Surpassing It",0
A Guy Who's Clearly Not Amy Adams Still Looks Really Good In A Mermaid Costume As He Does His Thing,1
"They Say The Pen Is Mightier Than The Sword. But To Fight For The Reef, You Can Also Use Your Lens.",0
She Started Off Playing With The Girls. But She Knew Something Just Wasn't Right.,1
There's Nothing Little About This Girl's Talent. Or Her Dreams. Just Her League.,0
Movies Treat 13-Year-Old Girls And 39-Year-Old Women The Same In One Incredibly Disturbing Way,1
The Sheer Patheticness Of These Numbers Have Me Longing For More Thelma And Louise,0
"62 Seconds That Will Motivate You To Participate In The Future Of Our Planet, Via Morgan Freeman",1
The Rallying Cry The Environmental Movement Has Been Waiting For,0
A Guy's High Pitched Voice Made Him Want To Talk About Why Being 'Girly' Is Not An Insult,1
"Bromance, Broga Yoga, And Manscaping Are Getting One Guy Up In Arms About Gender Insults",0
These Young People Are Pouring Blood On Themselves. The Reason Is Just As Awful It Sounds.,1
They've Looked At The Evidence And Finally Know What To Call The Crime. Now They're Ready To Charge.,0
"At First, What He’s Describing Seems A Little Dark. But Then, He Brings It Home. With Love.",1
"I'm Listening And I'm Nodding My Head ... And Then, I'm Pumping My Fist In The Air",0
A Teen Came Out To His Mom But She Had A Surprise Of Her Own To Share,1
A Mom Waited Until The Perfect Moment To Talk With Her Son About Her Sexuality,0
Her 4-Year-Old Watched In Terror As She Bled Out On The Floor. No One Else Should Have To See That.,1
One Mother's Story Of Gun Violence Is One Story Too Many. Her 4-Year-Old Can Attest To That.,0
I Had No Idea What They Were Pouring Over Their Heads. The Answer Is Just As Awful As I Feared.,1
What In The World Are These Young People Pouring Over Their Heads? And Why?,0
Since The Accident He's Been Able To Do Many Things Other Humans Can't — And He's Not Even Fictional,1
How Does This Man Can Change His Height At Will And Climb Sheer Cliffs Of Ice?,0
He Saw Things No One Else Would For Another 50 Years. Who Would Believe Him?,1
Most Of Life Is Invisible To Us. He Was The First Person To Catch A Glimpse.,0
"Apparently Internet Trolls Don't Like It When They're Called ""Mean""",1
Man Dedicates His Work About Internet Trolls To Those Who've Lost Someone Through Online Abuse.,0
She Held The Door Shut To Protect Her 4-Year-Old Son. That's When Her Ex Shot Her Through The Door.,1
A Woman Testifies About The Time Her Estranged Husband Shot Her In Front Of Her 4-Year-Old Child,0
"Just Over 20 Years Ago, One Little Girl Stunned People Around The World With 5 Minutes Of Brilliance",1
"She’s Brutally Honest To These World ‘Leaders’ — So Much That It Hurts. And Then, They Applaud Her.",0
Something You Do When You Feel Insecure That Ends Up Making You Feel Even More Insecure,1
"If Those Designer Duds Are Happiness In A Shopping Bag, Why Aren't You Smiling?",0
"Just Over 20 Years Ago, One Little Girl Stunned People Around The World With 5 Minutes Of Brilliance",1
"This Girl Has More Common Sense, Compassion And Empathy Than Most Adults",0
Got Kids In School? You Must Read This.,1
"In Case Of A Zombie Apocalypse, You Should Have A Plan (And So Should Your Kids)",0
"Play It From The Beginning And It's Inspiring. Play It From The End, It Breaks Your Heart.",1
"We Can't Reverse What's Already Happened In Syria, But The Message Is Clear",0
"First I Was Like, ‘Oooh, Those Are Cute,’ Then I Saw What They Were Made Of",1
"It’s All A Bunch Of Complete Rubbish, And That’s Exactly What’s Needed To Make A Point",0
Meet The 13-Year-Old Who Just Pitched A Fastball Through The Insult 'You Throw Like A Girl',1
"This 13-Year-Old Girl Is Going Places - Almost As Far As Her Balls. (It's About Sports, Folks)",0
Morgan Freeman Needs Just 62 Seconds To Inspire All Of Us About The Future Of Our Planet,1
Morgan Freeman Is Speaking. Clouds Are Parting. I'm Over Here Feeling Inspired About Our Planet.,0
"First I Was Like, ‘Oooh, Those Are Cute,’ Then I Saw What They Were Made Of",1
They Give The Lyrics ‘Feeling Good From My Head To My Shoes’ A Brand New Meaning,0
He Accepted That He Was Going To Be Murdered … That’s When He Really Started Living,1
"If You Were About To Die, Would Your Last Thoughts Be About Money?",0
No One In The Audience Expected This Lady To Ever Say What She Said In These 3 Minutes,1
"The Only Reason She Left Was A Job In Another State. Otherwise, She Could Have Still Been With Him.",0
"It's Hard To Imagine These Kids Behind Bars. Then Again, Maybe It's Not.",1
"If You Could Build A School Or A Jail, Which Would You Pick? A Lot Of People Have Already Decided.",0
"If You're A Man, A Woman Or Have Ever Had A Family, Look At This Chart And Go WTF, America",1
What Do A Bunch Of Developed Nation Have That America Doesn’t Have? Family Friendly Laws.,0
It Made Me Feel All Warm And Fuzzy At First. Then It Scared Me A Bit. Let's Get To That Happy Place.,1
There’s 7.3 Billion Of Us Living Here. We’re Gonna Have To Make Some Changes.,0
"Sure Star Trek Was A Big Deal, But I Didn't Realize It Shaped The Future Like This",1
"Sure Star Trek Was A Big Deal, But MLK Helped Me See It In A Whole New Light",0
"This 16-Year-Old Kid Is Really Into Apps, But Definitely Not The Kind I Expected",1
A 16-Year-Old With A Passion For Makin' Change Takes To The Mobile App World To Do Just That,0
"Every Time I Compare The U.S Minimum Wage To Other Countries, People Get Angry. So Here I Go Again.",1
"Last Time I Posted A Graphic About The U.S. Minimum Wage V. Other Countries, I Got Major Flak For It",0
They Were Just A Group Of Kids Playing Soccer When Something Awful Fell From The Sky,1
A Damn Powerful Reminder That Dropping Bombs On A Foreign Country Has Extremely Real Consequences,0
Watch The First 2:30 If You Want To Be Outraged. Watch The Last 1:30 If You Want To Know Hope.,1
"He's Got 36 Problems, But Being Hopeless Ain't One",0
It Only Takes 1 Minute To Show What These Parents Are Doing Wrong,1
"Every Time You Smoke, Drink, Litter, Or Lose Your Sh*t, They're Watching You",0
Feel Like Just Giving Up? These Are The 8 Gifs You Need In Your Life Right Now.,1
Show These Gifs To Anyone Who Tells You That It Might Be Time To Give Up On Your Dreams,0
You Should See What This Woman Sees Every Day. It's Gorgeous And Really Messed Up.,1
You Don't Have To Be In NYC To Know Why Thousands Of People Are Marching In The Streets,0
"2 Vets Spend 45 Years Together, After 1 Dies The Other Is Told Their Marriage Is A Fake",1
"He Served His Country, Now All He's Asking For Is A Bit Of Justice",0
"The 1st 2 Minutes I Felt His Anger. The Next 2 I Cried With Him. The Last 2, I Felt The Love.",1
"I Dabbed My Tears, But The Words Of A Young Man With 'CF' Stayed With Me All Day Long",0
Clothes Are An Artificial Social Construct To Have Fun With. This Kid’s Song Tells Me So.,1
A Lavender Dress Becomes A Symbol For So Much More At The Start Of These 5 Minutes,0
He Accepted That He Was Going To Be Murdered … That’s When He Really Started Living,1
He Thought He Was About To Die. That's When He Really Started Living.,0
"It's Hard To Imagine These Kids Behind Bars. Then Again, Maybe It's Not.",1
These Kids Have Really Big Dreams. Can You Imagine Them Behind Bars?,0
A Look Into The Final Years Of A Country Just Before It's Covered By The Ocean. Entirely.,1
One Country Is Going To Find Themselves Under Water While Some Politicians Debate Global Warming,0
"These 52 Minutes And 27 Seconds Had Me Pinned To My Seat, Tears In My Eyes",1
"On Sunday, I’m Planning To Take A 2-Mile Walk To Try To Save The World I Love. Join Me?",0
A PSA So Funny And Weird It Might Actually Get Enough People Up And At'Em About Climate Change,1
"Brother Earth Is The Only Family We've Got In The Universe, So Share His Love And Love Him Back",0
How Can One Video Be Both The Most Terrifying And The Most Motivating Thing Ever?,1
How Can One Video About Our Planet Be Both The Most Terrifying And The Most Motivating Thing Ever?,0
I Was Smiling Throughout This Video Until I Learned What Was About To Happen To Their Home,1
A Country Known For Smiling Is Planning For What'll Happen When They're Completly Under Water,0
The First Half I Was Laughing Out Loud. But By The End It Was Real.,1
"Damn, Sun. Brother Earth Is About To Send His Final Message",0
"You've Met Funny Cats, Cute Cats And Jerky Cats. But You've Never Met A Cat Like Him.",1
It's The Difference Between A Typical Cat And A Super Cool Cat,0
See How 10 Minutes A Day Can Either Make Or Break A Child's Whole Future,1
How 10 Minutes Of Reading A Day Could Have Flipped This Boy's Life Around,0
"2 Vets Together For 45 Years. After 1 Dies, The Other's Told The Marriage Was Fake",1
How A Widower Is Proving 45 Years Of True Love Is More Powerful Than Bigotry,0
Why Not Letting This Cat Have Kittens Was The Best Decision The Owners Could Have Made,1
Why Scooter Is The Exact Opposite Of A Jerky Cat,0
The Boys Thought Their Game Was Guys-Only. So Did The Girls.,1
Girls Playing D&D? It's Either A Nerdy Boy's Greatest Dream Or Worst Nightmare.,0
It's Kinda Hard Not To Notice What's Missing With This Cat,1
How This Cat Is The Exact Opposite Of Don Draper ... And Way Cooler,0
Her Voice Is Trembling So Much There's No Way This Famous Actress Doesn't Care,1
Watch Emma Watson Share Her History With Feminism,0
"Quit Your Job, Sell Everything, And Live Like A Boss By Calling The Entire Planet Your Home",1
One Guy Explains How To Be A Continent Bounding Nomad In Search Of Unforgettable Adventure,0
It's A Parent's Worst Nightmare. And A Kid's. Is Your Family Ready?,1
Here's An Easy Thing You Can Do To Make Your Family Safe,0
A Little Girl Killed Three Monkeys. Several Boys Were Impressed.,1
Think This Is A Boys-Only Game? You'd Better Roll For Half Damage.,0
There’s 1 Animal On Earth That Can Die And Come Back To Life. Amazing.,1
Definitely One Of The Most Surprising Creatures I Ever Heard Of,0
"John Oliver Expected To Catch Miss America In A Lie, But What He Found Was Kinda Worse",1
Is Miss America Really America's Largest Scholarship Program For Women? John Oliver Has The Numbers.,0
A Tenacious 16-Year-Old Is Designing A New Way To Fight One Of Humanity's Biggest Problems,1
It's Almost Just Like Your Favorite Photo Sharing App. But It Helps End Hunger.,0
"She Seriously Makes Me Cry When She Says, ‘Who Wouldn’t Want This Precious Little Boy?’",1
Remember Ace And Archie? They Were Internet ’Stars' A Few Years Ago. Here They Are With Some News.,0
An 11-Year-Old Saw Something He Could Never Forget. Now He's 16 And He's Set On Making An Impact.,1
"He's Just A Teen, But His Idea To Fight This Huge Problem In His Town Could Be Just What We Need",0
She Went Into What Anyone Would Think Is An Abortion Clinic. What It Actually Is Made My Blood Boil.,1
Taxpayer-Funded Organizations Are Cheating Untold Numbers Of Women Out Of Their Reproductive Rights,0
At First This Comedian's Confession Was A Little Smug. Then Heartbreaking. But Wait Until The End,1
She Took The High Road Then - But Now She's Calling Out Her Haters And Sharing A Lesson For Us All,0
Women Wrote Important Words And Numbers On Their Bodies So We Can All Understand How Dangerous It Is,1
"Violence Against Women, By The Numbers",0
A Game We All Played As Kids Has Everything To Do With How We Treat Each Other As Adults,1
We All Want To Use Our Words As Weapons Sometimes. That's Why We Need What He Says,0
A Game We All Played As Kids Has Everything To Do With How We Treat Each Other As Adults,1
"For Anyone Who's Ever Been Bullied, Put Down, Or Made To Feel Small, Please Listen To His Words",0
A Guy Thought It'd Be Funny To Assault Women On The Street And This Guy Made It An Even Larger Issue,1
Why Some People Are Making A Community Issue Over The Old 'Three Armed Prank',0
He Slept With A Bat Under His Bed To Protect His Family From What Was Outside Their Deadbolt,1
How Ignoring The Problems Of Those Around You Can Lead To Tragedy,0
An 11-Year-Old Saw Something He Could Never Forget. Now He's 16 And He's Set On Making An Impact.,1
Hear A Teenager's Kickass Plan To Get A Million Meals Donated To People In Need In One Year,0
If A Company E-Mails You Your Password When You Say You Forgot It? Run.,1
Facebook And Google Say They Don’t Know Your Password. How Can This Be True?,0
Most People Flying In And Out Of This Airport Have No Idea What They’re Flying Over,1
A Far-Away War Got Too Close When She Learned Drones Were Being Controlled From Her Town,0
Watch A Noted Male Feminist Discover Women Who Are Against Feminism,1
Watch This Famous Actor Grow As A Feminist,0
They All Thought The Mom's Boyfriend Murdered Her Little Girl. The Real Killer Was Far Scarier.,1
You Have Probably Never Heard Of Xiana Fairchild. She's A Little Girl Who Was Murdered.,0
Here's How Hollywood Sees Women Of Color. Spoiler Alert: It's Not Good.,1
5 Actresses Explain Why This Web Series Is Important And It's Sad And Inspiring At The Same Time,0
Here’s 1 Assumption About Black Men And Women That Just Isn’t True,1
"Eff The Stats, Here’s Why Black Women Are Not Doomed When It Comes To Marriage",0
"Next Time You're About To Tag All Your BFFs In An Album Online, Think About This Talk",1
What If There Was A Phone App That Could Give You Someone's Social Security Number? CREEPY Alert!,0
Most People Flying In And Out Of This Airport Have No Idea What’s Really Happening Here,1
People Who Think This Is An Ordinary Airport Have No Idea What’s Really Happening Here,0
"If You've Ever Keep Trying To Squeeze Into Old Prom Dresses, Take A Look At This Video",1
Men And Women Are Dying To Be Beautiful. Literally.,0
"They Thought That Because She’s A Christian, They’d Get The Answer They Wanted. Not So Much.",1
I Didn’t Think You Could Study Global Warming AND The Bible—Which Proves I Was Completely Ignorant,0
5 Actresses Explain Why Your Favorite TV Casts Look So Similar. It's A Gut Punch Once You See It.,1
What If Every Job You Interviewed For Just Wanted To Put You In A Box? For These Women It's Reality.,0
He Travels Through Some Of The Most Remote Places In The World. This Is What He Brings Back.,1
"There Is No Road And No Map. They Made Their Way Following Paths Created 3,000 Years Ago.",0
"When The Cop Asked For His License And Registration, He Gave Both With His University ID On Top",1
"How Some Black Men Survive: ""To Be Black In This Country Means Constantly Paying A Tax On Your Life""",0
"The 33 Second PSA That Goes Black After 24 Seconds. Because If You Saw It, You'd Be Horrified.",1
They Want To Dump 3 Million Tons Of Gross Sh*t On The Great Barrier Reef. Guess How That's Gonna Go.,0
What Happens When You Can’t Pay Back Your Student Debt Is No Bueno. Find Out What You Can Do.,1
"Defaulting On Your Student Loans Is Pretty Bad. And Yet, That’s Where Nearly 1 In 10 Are Headed.",0
I Want To Print Out These 6 Rules For Partying And Drop Them All Over The World,1
These Hard Rocker Has Been Offering Feminist Party Tips For Years,0
This Little Girl Has 5 Cartoon Characters Before Her. The One She Picks Left Me In Tears.,1
"I Knew Where This Experiment Was Going From The Jump, But That Didn't Make It Any Less Soul Crushing",0
"He's Committed To His Story, His People And The Business He Built From Scratch. What's Not To Love?",1
He Came Here On A Boat And Now Runs An Iconic Business. Yep. He's Living The American Dream.,0
"Next Time You're At A Gay Pride Event, Look Out For It. If You See It, Stop It.",1
Her Experience Of Being Ridiculed And Abused Isn't Unique. But The Way She's Dealing With It Is.,0
"A Video That's Not Safe For Children Has No Sex, Violence, Or Bad Words",1
What Do Coal Ships Have To Do With A Clown Fish In A Blender? The Answer Is Unsettling.,0
My 1 Problem With Her Explainer Is The Size Of That Doll's Penis. (But Maybe I'm Just Insecure.),1
"Her Friends Seem Pretty Helpful, But They Might Pop If You Poked Them With A Needle",0
A Model Was Asked To Take Everything Off To Prove A Point About What's Actually Underneath,1
One Model Explains Why Style Is Not Just About The Wigs She Wears Or The Clothes She Flaunts,0
Adults Are Bad At Gender Equality. Can Some Tweenage Wizards Do Better?,1
Some 9-Year-Old Wizards Call A Truce In The Battle Of The Sexes,0
Too Many People Want To Tell Our Children How To Act. These People Want It To Stop.,1
"This Is Kind Of Like ‘Born This Way’ And ‘Express Yourself’ Except For A Shorter, Stickier Audience",0
He Hands Over His License And Registration With A University ID For The Most Heart-Wrenching Reason,1
"What Some Black Men Have To Do To Convince Cops They're ""One Of The Good Ones""",0
This Guy Is Freaking Me The Hell Out. You Should Be Freaked Out Too.,1
"If Everything You Loved Was In Jeopardy, You’d Want To Know. Right?",0
"America Wouldn’t Accept His Views, So He Exported Them",1
"The American Disease That's Spreading Across The Globe Isn't Airborne, It's Thought-Borne.",0
This Is A Kid Song About A Little Boy Wanting To Crossdress,1
AND It Appears ‘Above His Head’ But I Bet The Appeal Of A Boy In A Dress Won’t Go Over Yours,0
"Make Sure No One Is Around You When You Watch This Video, Because You'll Probably Scream The F-Word",1
"Plankton, People. Plankton! Don't Know What I'm Talking About? That's Just 1/3 Of The Problem.",0
"Make Sure No One Is Around You When You Watch This Video, Because You'll Probably Scream The F-Word",1
"3 Minutes That'll Make You Think, 'Oh, We're Screwed.' But Actually, We're Not. (If We Get Serious.)",0
"He Put Folks In Jail And Taught People How To Fight. Then, 2 Kids Came Along And Changed His Life.",1
"It Looks Like These Kids Are In For Tough Times With This Detective. Then, The Real Story Unfolds.",0
People Flying In And Out Of This Airport Have No Idea What’s Really Happening Here,1
It’s An Old Story: A Protester Gets Jail. But What This One's Protesting Is What’s Worrying Me.,0
What Happens If You Don’t Pay Off Your Student Loans? Bad Things. Bad Things Happen.,1
7 In 10 College Grads Have Student Debt. 1 In 11 Will Default. That's A Disaster In The Making.,0
Think The LGBT Community Is Close To Equality? Watch This And Let Me Know If You're Not Bothered.,1
The Only Really Silly Thing About This Are The People That Won't Agree With What They're Saying,0
91 Laws Passed in 2013 Restricting Access To Abortion. Guess How Many To Restrict Access To Guns?,1
"OK, Two Protected Rights. One Gets Defined As A ""Women's Issue."" Guess Which One Is More Secure.",0
An Actor On The Way To A Funeral Had 2 Toddlers In HIs Car When The Very Real Cop Pulled Him Over,1
An Actor Explains How A Stressful Event In Anyones Life Actually Makes Black Men Fear For Theirs,0
Kerry Washington Names The Invisible Weapon That Keeps Domestic Violence Victims From Getting Away,1
1 In 4 Women Will Be Victim Of Domestic Violence. Why Do So Many Stay? Abusers Control Their Money.,0
"Make Sure No One Is Around You When You Watch This Video, Because You'll Probably Scream The F-Word",1
"They Gave Him Fancy Graphics And Powerful Music. But With What He's Saying, I Didn't Even Notice.",0
People Who Work 40 Hours A Week Can't Feed Their Families. He Knows Exactly How To Fix That.,1
Democrats And Republicans Should Support His Proposal For 7 Crucial Reasons,0
A Fan Called Her Ugly And Fat. Her Response Is Top Notch.,1
"Actress Mindy Kaling Says Her Fans Are Lovely, Except For Some Feminists She Has To Watch Out For",0
Think Laws Might Be Biased Against Women? You’ll Want To See This Comparison.,1
Want A Gun? No Problem. Want Choice About Your Pregnancy? Another Matter Entirely.,0
Here's What Happens When Teachers Ask A Bunch Of Comedy Writers For Help,1
The Art of Mind Blowing: Why We Need More Teachers,0
"You Might Laugh, But She Wasn't Joking And The Point She's Making Is Serious",1
Do We Need A Statute Of Limitations For Illegal Immigration? Depend On Who You're Calling 'Illegal'.,0
1 Reason You Can’t Leave Is Because Your Partner Won’t Let You Get To The $$ You Need To Go,1
Let’s Start Talking About Helping Abuse Victims Regain $$ Control And The Possibility Of Freedom,0
I Wonder What Opponents Of Marijuana Would Say To This Kid,1
This Is What It Looks Like When A Politician Actually Listens,0
His Inspiring Story Is A Total Throwback To The Traditional American Dream,1
Stories Like His Restore My Faith In The Classic American Dream. How Awesome.,0
Just Watch This Man Draw For 2 Minutes And 30 Seconds And Then Tell Me You Think He's Wrong,1
He Helped Bill Clinton Create A Sh*t Ton Of Jobs. Here's His Epic Plan To Create Even More.,0
"It Accounts For More Deaths Than Breast Cancer, AIDS, And Car Crashes But We're Afraid To Tackle It",1
Up To 90% Of Sufferers See Improvement With Treatment. Barely 40% Receive It And It's All Our Fault.,0
"Those Sex Tips You See In Magazines, Ya They've Got Nothing On The Tips These 2 Women Are Giving",1
"Most People Are Too Shy To Use The Word Clitoris In Public, But She's Singing It In Front Of A Crowd",0
"If You've Ever Worried About Being 'F***able,' This Song Is For You",1
"By The End Of This Song, I Felt A Lot Better About The Zit On My Back And My Hairy Arms",0
What He Has To Say About White People With Dreadlocks Isn't What Some Of You Might Expect,1
"If You Think You Have To Be Black To Answer Questions About Dreadlocks, You're Missing Something Big",0
An Actor On The Way To A Family Funeral Was Surprised By The Words The Policeman Screamed At Him,1
Wendell Pierce Explains To Bill Maher Why He's Afraid For His Life Every Time A Cop Pulls Him Over,0
Give Him A Pen And A Map And This Scientist Can Explain The Ebola Outbreak In 90 Seconds,1
"90 Seconds: How Ebola Outbreak Began With A Border Region, A Traditional Healer, And A Funeral",0
Never Underestimate A Curious Kid. She's About To Give Her Grandparents Quite A Wake Up Call.,1
Meet The Young Girl That's Saving The Day In Her Village,0
A Bunch Of Couples Watched A Short Film Together. It Made Me Feel All The Feels.,1
"The World's A Scary Place. But If We Work It Right, Things Will Only Get Better From Here.",0
The Crazy Scientist Behind One Of The Most-Watched TED Talks Explains Ebola In 90 Seconds,1
"Ebola Has Already Gone Viral. Can We Make A 90-Clip About Preventing Its Spread Go Viral, Too?",0
A Guy Named Sam Pepper Assaulted Women On Camera To Prove That Men Are Assaulted Too. Just No.,1
"When You Assault Women To 'Raise Awareness' About Male Assault, That Just Makes You Another A-Word",0
What He Saw Freaked Him Out So Much That He Ended Up Filming His Shoes.,1
It Was So Upsetting And Felt So Private That He Couldn't Film Anything But His Shoes. Or The Vista.,0
"A Celebrity Starts Talking. At 1:40, He Asks A Question, And It All Goes To Hell",1
A Video Narrated By A Celebrity Was Just Shown To Over 100 World Leaders. It's Obvious Why.,0
"Since When Is Being Homeless A Crime? Well, Since Yesterday.",1
"On My List Of Ways To Fight Homelessness 'Jail' Is Number 'Are You Kidding, WTF?'",0
"Everybody Gave Up On Their City, But They Stayed To Cut Hair And Make Pies, Because Yum Pie",1
He Started A Business To Help Small Businesses Get Big ... And That's A Good Thing,0
A Handsome Dude Wrote 6 Rules For Partying. I'd Follow'em.,1
6 Party Tips For Kids And Grown-Ups,0
"14 Days After They Invited A Camera Crew Into Their House, They Were Homeless",1
They're Surrounded On All Sides. Here's One Family's Surrender.,0
"If You've Ever Worried About Being 'F***able,' This Song Is For You",1
"If You've Ever Felt Ugly, This Song Is For You",0
Watch California's Drought Spread Quickly With These Maps,1
1 Map Shows Why You Should Know About California's Current Drought,0
He Has 1 Of The Most Famous Voices In The World. We Have To Listen Before It's Too Late.,1
A Video Narrated By A Celebrity Was Just Shown To Over 100 World Leaders. Was It Too Late?,0
You Think Of Him As A Cute Puppy But You Probably Have No Idea Of His Scandalous Past,1
"If You Don't Judge Him From His Past, He Won't Judge You From Yours",0
Just Watch This Man Draw For 2 Minutes And 30 Seconds. I Dare You To Tell Me He's Wrong.,1
"He Wants Congress To Do Something Pretty Drastic, And I'm Furious They Haven't Already",0
Stephen Colbert Asks A Question. She Rolls Here Eyes. Perfection.,1
He Asks A Question. Tavi Gevninson Doesn’t Even Bother To Answer It. Perfection.,0
13 Hilarious Images To Help You See Just How Silly Stereotypes Really Are.,1
13 Images Where You're Laughing And Then Like Whoa Dude *Life* Is Happening,0
"I Thought I Knew Everything About Puppies, But After Taking This Quiz I Realize I Knew Nothing",1
What If Superman And Dr. Doolittle Had A Baby? He Would Own This Quiz,0
A Secret That Might Actually Get You Looking Forward To Mondays Instead Of Dreading Them,1
You Know That Exciting Feeling For Your Future You Had In School? Here's How To Never Lose That.,0
A Creepy Talk By A Brilliant Man Reveals Just How Far We're In Over Our Heads,1
"He's Not Saying Robots Are Taking Over The World, But His Talk About Privacy Still Gave Me Chills",0
Abusers Choose Different Weapons And I Just Learned About One I Didn't Know Was So Powerful,1
The Weapons Of Choice In Domestic Violence Situations Go Beyond Fists,0
"I Thought I Knew A Lot About Dogs, But I Couldn't Answer The 7 Most Important Questions",1
Are You Smarter Than This Dog? Take A Quiz And Find Out.,0
Just Watch This Man Draw For 2 Minutes And 30 Seconds. I Dare You To Tell Me He's Wrong.,1
"He Has A Plan For The Economy, And 7 Reasons. #3 Made Me Furious, But #7 Was Like, 'Hell Yeah.'",0
Obamacare Just Closed A Major Tax Loophole And Almost Nobody Noticed,1
Worried You Health Bills Go Toward Some CEO’s Next New Yacht? You’re Not Alone.,0
His Hands Were Tied Behind His Back. A Gun Was Pointed At His Head. That's When He Started Living.,1
"Everybody Gave Up On Their City, But They Stayed To Cut Hair And Make Pies, Because Yum Pie",0
It's 1 Of The 1st Things People Judge You On. Here's Why You Should Stop Caring.,1
It's 1 Of The 1st Things People Judge You On. Here's Why You Should Ignore The Heck Out Of Them.,0
"Once In A While, Somebody Comes Along And Captures Images That Change A Nation",1
"At One Time In Our History, It Perfectly OK For Kids To Work For $1 A Week",0
"She Crunches Data And She Talks To Jesus, And She's Got A Message For Evangelicals",1
Forehead-Slappingly Simple Truth: Climate Scientists & Evangelicals Can Be On The Same Side,0
This Is Every Family’s Worst Nightmare. Do What You Can To Stop It From Happening To You.,1
Sometimes It Takes A Heart-Heavy PSA Like This To Remind Us What We Need To Do For Our Loved Ones,0
"They Were Friends, But She Was In Love. At 3:55 She Drops The Bomb, And The Crowd Goes Silent",1
"It Was Almost A Story About A Troll Village In Iceland. Fortunately, It Isn’t.",0
A Guy Went To Africa And Filmed His Shoes Because What He Saw Freaked Him Out,1
"Here's A Great Way You Can Get 8,000 People Clean Water",0
They All Thought The Mom's Boyfriend Murdered Her Little Girl. The Real Killer Was Far Scarier.,1
"If Red Riding Hood Was Real, It Couldn't End Up Worse Than This",0
"His Dancing Is So Hypnotic, If You're Not Busting A Move After 30 Seconds, You're Dead Inside",1
"Do You Like Sweet Jams? Then Stop Reading This Headline And Check This Out Already, Goddamn.",0
First This PSA Will Make You Feel Your Heart In Your Throat. Then It’ll Make You Write Out A Plan.,1
"FEMA May Not Have The Best Reputation, But Their PSA On Disaster Planning Is On-Point",0
"Trust Me, Ice Cube Breaking Down LA Architecture Is Going To Be The Best Thing You See All Day",1
Architecture Isn't Just For The Bougie. See A Famous Rapper Wax Poetic About What Inspires Him.,0
Ever Wonder How Life Might Look Like If Gender Didn't Matter? Here's A Before And After.,1
It's 1 Of The 1st Ways People Put You In A Box. Here's Why You Should Totally Break That Box.,0
*Important Message* From The Streets Of Hong Kong,1
They Used Tear Gas On Peaceful Protesters. Now This Brave Girl Needs Your Support.,0
"Desperate Plea From Hong Kong Citizen. It's Time To Give A F***, People.",1
"Hong Kong Citizens, We Support You And Are Here For You",0
"A New, Simple Lens Attached To A Camera Is Exposing Our Personal Parts Per Million",1
One Guy Takes HIs Camera On The Street And Captures Our Personal Parts Per Million,0
A Guy Got Tired Of Being Bullied By Trolls. So He Made This. Well Played.,1
"If Anyone Has Ever Said Anything Cruel To You On The Internet, Then This One Is For You",0
How To Be An Ally To Women Without Reinforcing Your Dominance Over Them,1
A Famous Actress Gave A Speech At The UN About Dudes And Feminism. Now It’s Your Turn.,0
Tired Of Hearing About How We Need To Help Girls All The Time? Let's Talk About Boys.,1
Want To Help Girls? Try Helping Boys.,0
The Incredibly Simple Reason Kids Are Dying Of Things That Are Preventable? Hint: Rhymes With Bunny.,1
Why The Difference Between Life And Death For Kids Can Be As Little As $38.80,0
Here's The Future Of Conservation. It's Kind Of Techy.,1
Want To Save The Whales? There's An App For That.,0
How To Support Women's Equality Without Accidentally Oppressing Women,1
How To Be An Ally To Women Without Reinforcing Your Dominance Over Them,0
"They Said, ‘It’s Normal, Stop Making A Fuss.’ Then She Decided It Was Time To Make A Fuss.",1
She Expected Maybe A Few Stories Like Hers About Sexist Treatment. Not Hundreds. Not Thousands.,0
"These Things Are Appearing At Our Weddings, And John Oliver's Not A Fan",1
What Do The Jonas Brothers Have To Do With Drone Strikes?,0
"Hey Men: If You Think Telling That Girl Walking That She's Beautiful, Look At This Map First",1
Usually A Map Tells You How To Get Somewhere. This One Tells You How Getting Somewhere Is.,0
Check Out The Last Photos That'll Probably Ever Be Taken Of These Adorable Planet Co-Dwellers,1
A Documentation Of Some Of The Cutest Animals Ever And Why This Is A Rattling Realization,0
Watch This Chihuahua Driving A Car For The Best Reason Imaginable,1
"Chihuahua Drives Around Town For Charity. Well, Sort Of.",0
The Strange Things Women Used To Insert In Their Bodies In The Hopes Of Avoiding Pregnancy,1
The Bizarre And Totally Not Legit Ways Women Used To Try To Ward Off Pregnancy,0
They Ask These Couples A Question That's Usually None Of Our Business. But Then They Show The Video.,1
A Beautiful Take On Why We Should Look Forward To Tomorrow. Feelings Everywhere.,0
A Photographer Passionately Preserves The Final Moments Of Entire Species Of Our Planet Co-Dwellers,1
Furry Planet Co-Dwellers Smile Big For Reasons That Turned My Smile Upside Down,0
There's An Incredibly Simple Reason Kids Are Dying Of Preventable Things. Hint: Rhymes With Bunny.,1
There's A Very Simple Reason Kids Are Dying Of Preventable Things. Care To Take A Guess?,0
"They Went Back To See What Global Warming Had Done, And Couldn’t Even Tell Where They Were Standing",1
A Fascinating Story About Chasing Glaciers Through A Legendary Place,0
A Comedian Nails The Scary Reason Why Women Smile When Strange Men Tell Them To,1
When A Smile Isn’t A Smile As Much As It Is Gritting Your Teeth In Self-Defense,0
Taylor Swift Reacts To Emma Watson's UN Speech. It's Everything I Hoped It Would Be.,1
"Beyonce, Emma Watson And *Now* Taylor Swift: A New Wave Of Feminism",0
"She Started Out As A Vintage Doll, By The End She Was Almost Unrecognizable",1
"Sure, She's Made Of Paper, But That Didn't Stop Her From Loading Up On Plastic",0
A Lot Of Crazy Things Have Happened In Our Government. One Of The Craziest Was In 1919.,1
Lots Of Crazy Things Happen In Our Government. This One Was Weekend-At-Bernie's Crazy.,0
"They Went Back To See What Global Warming Had Done, And Couldn’t Even Tell Where They Were Standing",1
Clouds And Missing Glaciers Make This A Spellbinding Climate-Change Story You Don’t Want To Miss,0
"They Said, ‘It’s Normal, Stop Making A Fuss.’ Then She Decided It Was Time To Make A Fuss.",1
Laura Bates Explains Harrassment's Also The Fault Of People Who Just Watch It Happen,0
Slam Dunk Response: Taylor Swift Reacts To Emma Watson's UN Speech,1
Taylor Swift Just Praised Emma Watson's UN Speech On Canadian TV,0
How To Eliminate ALL Accidents Caused By Texting And Driving (Bonus: You Can Still Text),1
"Don't Like Driving? In The Future, You Might Not Have To.",0
I Hope You're As Angry As I Am About What She Says At 0:31,1
This Woman's Just Like My Grandmother. Except My Grandmother Could Never Be This Fearless.,0
"Hundred Of Years Ago, We Made A Huge Error In How We Think About Creativity — It's Still Haunting Us",1
We Always Ask These People If They're Afraid To Die As Failures. What's Up With That?,0
It’s Okay To Ask Questions Of Your Gay Friends Getting Married. Just Maybe Not These.,1
The Straight Story On How To Throw An Amazing Gay Wedding,0
They Hooked Up Once. Then He Called Her To Tell Her Not Everything Came Out Okay.,1
Sex Can Be Amazing Or Sex Can Be Awkward. File This One Under The Awkward.,0
Can You Guess The Top Two Drug Addictions In Your State?,1
Addiction Costs Us Billions Every Year. Guess How Many And Why That Bill Is On It's Way Down.,0
8 Supermodels Who I'm Glad Shared These Not-So-Superficial Truths,1
8 Fashion Models Who Care About A Lot More Than Just The Way They Look,0
"If Another Country Did This To Us, We'd Freak, But Since It's Our Own Food Industry It's Okay. NOT.",1
What's The Difference Between Food And Tobacco Industries? You Might Wanna Watch Before You Answer.,0
How One Small Mental Shift During The Renaissance Is Actually Still Screwing Us Over,1
Why The Day The Comes After You Get Famous Is Just As Important As The Fame Itself,0
"I Wish This Story Were Actually Unique, But The Saddest Part About It Is That It's All Too Common",1
A Heartbreaking Story About A Rainy Day And A Piggy Bank. Let's Give This A Happier Ending.,0
He Hands Over His License And Registration With A University ID For The Most Heart-Wrenching Reason,1
Too Often He Hands Over His Dignity Disguised As A License And Registration With A University ID,0
The 10 Phrases I've Stopped Saying And The People Who Appreciate Me For It,1
"It Hasn't Been Easy To Rid these Words From My Vocab, But I Think It's Been Worth It",0
It Only Takes 7 Images To See Things That Might Have Been Invisible To You,1
He Thought He Had This Stuff Figured Out. But His Students Had More To Teach.,0
"If You Don't Know About John Lewis, Your History Teachers Have Truly Failed You",1
He's Too Busy Carrying On The Legacy Of Martin Luther King Jr. To Get Famous. She'll Help Him.,0
"After You See These Images From Space, You'll Realize That The US Map Is *Incorrect*",1
The Satellite Images Are The Answer To The Question ... So How's Louisiana Doing *Really*?,0
1 Shocking Photo Is Evidence That It May Be Too Late To Save The World From Catastrophe,1
"I Didn't Know 35,000 Walrus Could Make Me Despair For The Future Of Humanity, But That Just Happened",0
She Make A Good Point. Then She Makes 7 More.,1
8 Gif Celebrations Of Moments When The World Stopped To Listen To Jessica Williams,0
8 Times Fashion Models Said Things I Never Thought I'd Hear A Fashion Model Say,1
8 Fashion Models Who Care About A Lot More Than Just The Way They Look,0
I Just Learned About John Lewis And Now I'm Writing An Angry Letter To My 9th Grade History Teacher,1
Things Got Real In The 60s. He Was There For All Of It.,0
"It's Happening, My Friends, Whether We Like It Or Not. Will You Take A Look And Think About Helping?",1
We Should Care About The Earth Just Because We Should.  But Here Are Some Celebs Asking You To Care.,0
"The Difference Between Life And Death, Illustrated In 90 Seconds",1
Everything That Happens To Him Is Invisible. Thank God.,0
"She Asked 20 People If Black Folk Go Green, And Got 20 Funny And Entertaining Responses",1
20 People Talk About Black Folk Going Green. Do They Or Don't They?,0
An Amazing Look At What Your Car Can Do Without You. 2:30 Made Me Squeal A Little.,1
I'd Entrust My Life To This Robot Any Day Of The Week,0
No One Was Expecting Some Of The Best Commentary On Social Issues To Come From A Child. Surprise!,1
He Wants To Be President One Day. But This Kid Isn't Waiting Until He Grows Up To Make Headlines.,0
A Hauntingly Beautiful Animation Shows Why New York Is In Big Trouble,1
"New York Isn't 1st In Everything. They Rank 49th In This, And It's A Pretty Big Mess.",0
"The First 1 Minute And 20 Seconds Are So Hard To Watch, But The End Is Just Too Important",1
"Most People Know That Animal Testing Is Cruel, But Not Many People Know Just How Pointless It Is",0
Madonna Is So Popular That She Can Break A Law In Front Of Thousands And Everyone Cheers,1
"When Russia Said She Couldn't Support Gays In Public, Madonna Gave Zero You-Know-Whats",0
"When CNN Grieved For These Boys, They Totally Forgot About The Victim",1
Let's Quit With The 'Boys Will Be Boys' Narrative. There's No Justification.,0
"After Watching This Video, I Won't Look At A Strawberry The Same Way Again",1
"Strawberry Fields Forever,' Sang The Beatles. 'Get Me Out Of These Strawberry Fields,' She Said.",0
"Just Watch The Incredible Footage Of What These New Machines Can Do, And Tell Me They're A Bad Idea",1
"His Best Friend Died At 18. Since Then, He's Been Determined To Save 1 Million Lives Every Year.",0
She Whips Out Her Phone And Pretends She's Talking To Beyonce. For A Very Sad Reason.,1
A Daily Show Correspondent's Advice For These Women Is Kinda Crazy. That's The Point.,0
"The First 1 Minute And 20 Seconds Are So Hard To Watch, But The End Is Just Too Important",1
"Their Poor Little Faces Are So Hard To Look At For The First 1:20, But The End Gives Me Hope",0
Men Catcalled Her. Her 'Solution': Pretend To Talk To Beyonce.,1
"You Can Pretend To Talk To Beyonce On The Phone, And It Still Won't Stop Men From Hollering",0
"Oh No! The Gays Are Raising Babies! Wait, That's A Good Thing... A Very Good Thing.",1
It's Time To Celebrate! Aspiring Parents Of Every Kind Have More Options Than Ever.,0
"After Watching This Video, I Won't Be Able To Look At My Fruits And Veggies The Same Way",1
Something's Happening In The Fields Where Our Food Grows. We Need To Talk About It.,0
"What Hurts More, Child Birth Or Getting Kicked In The Balls?",1
Considering Lots Of Factors Here's An Answer To An Age Old Question About Pain In The Gender Regions,0
How Sweet It Is To Hear From James Taylor Again. Until I Really Listened To What He Was Saying.,1
Your Friend James Taylor Wants To Talk To You About Fire And Rain. Don't Let Him Be Lonely Tonight.,0
"He Spent His Days Collecting Bones. After 1 Or 2 Beers, It Hit Him.",1
The History Of Life Is The History Of... Beer?,0
"A Muslim, A Jew, And An Atheist Debate Religion. (SPOILERS: No One Shouts.)",1
"Can Religion And Reason Be Reconciled? These Experts Debate Each Other Respectfully. Crazy, I Know.",0
They Were Told That God Was Very Mad At Them. Then They Were Told That They Were Going To Hell.,1
"What Happens When You're Told To Change The World, But Find Yourself Changing Diapers?",0
The Supreme Court Just Made A *HUGE* Decision For Gay Marriage.,1
BOOM: Gay Marriage Can Now Happen In Utah. The Supreme Court Just Said So.,0
"It's Called A ‘Silent Condition.’ After Seeing This Haunting PSA, I Can See Why.",1
How Having Multiple Sclerosis Can Make You Feel Like You’re Trapped In Your Own Body,0
"4 Times A Year, These Kids Do Something 10 Thousand People Want To See",1
"A Little Education And Some Ink, And Omigod What These Kids Are Doing",0
What If Every Guy Was Open To Having Sex Like This Guy? We'd Have Some VERY Satisfied Ladies.,1
This Man's Anthem About Making Love Kind Of Makes Me Love Him,0
This Supreme Court Justice Made History Outside The Court In 2013 And Almost Nobody Noticed,1
Ruth Bader Ginsburg Was The First Supreme Court Justice To Officiate A Gay Marriage. Here's Why.,0
"He Spent His Days Collecting Bones. After 1 Or 2 Beers, It Hit Him.",1
Ho Hum. Just Another Guy Trying To Make Beer From Yeast Scraped Off Of Ancient Whale Bones.,0
"When It Comes To Gay Marriage, Ruth Bader Ginsburg Doesn't Just Talk The Talk",1
This Supreme Court Justice Officiated A Wedding In 2013. She Explains Why It Was A Big Deal To Her.,0
There's Something We Start Doing To Babies When They're Born That Can Mess Them Up For Life,1
"I'm Having A Hard Time Writing This Headline, And It's Got To Do With What This Video Blogger Says",0
"His Idea Was Genius... And Kind Of Gross. After 5 Tries, He Finally Got It Right.",1
"Would You Drink This Beer? You, Uh, Might Want To Know How It Was Made First.",0
Big Penis News. I Mean The News Is Big. And It's About Penises.,1
You Can't Grow A Person In A Lab. That's Just Silly. But Scientists Just Grew A Penis There.,0
"What These Kids Are Selling, Thousands Of Kids Are Buying, And It Doesn’t Matter What Adults Think",1
Kids Proving You Only Get The Right Answers When You Ask The Right Questions,0
A Powerful Animation Shows A Deadly Problem New York Has. A Lot Of Other States Have It Too.,1
A Powerful Animation Shows Why More New Yorkers Should Donate... Themselves,0
It Looks Like Notebook Paper Because This Is The Reality For Millions Of Every Day Kids,1
"Is Your Stomach Grumbling? Interesting, Theirs Are Too. All 16 Million Of 'Em.",0
How Every Parent's Nightmare Is Preventable With Two Chairs,1
Why Parents Who Avoid Talking To Their Kids About Drugs Are Probably Failing Them Miserably,0
"If You’re Heading Out To Vote Next Month, Here’s A Quick 1 Minute Thinger To Take A Look At",1
Something Huge Is Happening In Just About A Month. Will You Be There?,0
Some People Were Killed Trying To Get What We Take For Granted Every 2 Years. So ... You Doing It?,1
"It's Not Exactly A Sexy, Fun, Whooping Good Time, But It's Something We All Need To Do. Vote, Folks.",0
"She Thought He Was Going To Give Her A Ticket. Instead, He Said, 'Meet Me At Walmart In 15 Minutes.'",1
"A Cop Helped This Young Mom And Her Daughter In A Totally Unexpected Way, And I Can't Stop Smiling",0
"They Kicked Her Out Of The Party, But Not Before She Gave The Prime Minister A Note: On Her Undies",1
I've Heard Of Women Throwing Their Undies At Elvis But Now At The Irish Prime Minister? Here's Why.,0
These 13 Images Will Make Anyone You Know An Instant Advocate for Solar,1
"It Doesn't Look So Bad in 1984, But By 2011 I'm Convinced We Need Another Way.",0
You Might Be Tempted To Hate The Guy In The Sunglasses—Until You Realize Who He Is,1
A 750 Gigaton Difference Is Just 1 Of 13 Things Climate Skeptics Are Completely Confused About,0
"They Took A Camera To A Remote Area In Greenland, And What They Recorded Is Simply Terrifying",1
It Took 100 Years To Move 8 Miles. Then Climate Change Caused Something Really Alarming. On Camera.,0
I Was So Happy To Hear From James Taylor Again. Until I Really Listened To What He Was Saying.,1
How Sweet It Is To Hear From James Taylor Again. Kinda.,0
You Might Be Tempted To Hate The Guy In The Sunglasses—Until You Realize Who He Is,1
Don’t Hate Sunglasses Guy. He’s Cool. I’m Sure You’ll Agree When You Understand Who He Is.,0
"They Kicked Her Out Of The Party, But Not Before She Gave The Prime Minister A Note: On Her Undies",1
A World Leader Gets Served: Undies For Dinner,0
"The World Is Changing Too Quickly And Too Slowly... Wait, What?",1
"Cities Are Like Transformers, And Humanity Is Michael Bay. Yeah, I Said It.",0
What These 10 Images Show Me About The Last 30 Years Has Me Worried About The Next 30,1
"We Are Ever-Creative At Getting This Stuff Out Of The Ground, Can't We Be A Bit Nicer About It?",0
"No Really, There's Some Merit To The Idea That Racism Will Go Away When Today's Old People Are Gone",1
A Radio Host And A Researcher Talk About What Will Happen To Racism When All The Old Folks Die,0
She Tells Us The Most Important Thing She Learned In College. It Made Me Laugh...And Wince.,1
Do You Want A College With Lots Of Diversity? Winchester Is *Perfect* For You.,0
"His Story's Been Verified, Or Else I'd Never Have Believed A Drug Company Would Be So Devious",1
It’s Poisoning Drinking Water All Over The U.S. Here’s What Happened To One Man Trying To Stop It.,0
A CNN Lawyer Has Finally Had Enough With Skirting Around The Issue. She Tells It EXACTLY How It Is.,1
"He Was Peaceful, So The Cop Axed His Window And Tasered Him As His Kids Backseat Watched In Horror",0
A CNN Lawyer Has Had Enough With Her Ignorant Co-Host. She Tells It EXACTLY How It Is.,1
This Lawyer Is Done Tip-Toeing Around Her Beliefs On The Law. She Tells It EXACTLY How It Is.,0
"Brain Cancer Is Taking Her Life, But She Is Choosing How To Die",1
"She Wants To Visit The Grand Canyon. Then She Can Die Peacefully, Surrounded By People She Loves.",0
"White People, This Is Actually The Perfect Place For Your Kids To Go To College",1
"At This College, Your Learning Experience Includes The Kind Of People You'd Never Talk To Otherwise",0
The Real Reason Why Your Kids Are Less Racist Than You Are,1
His Take On The 'End' Of Racism And The Changing Face Of America Makes Me Cautiously Hopeful,0
The Alternate Story Behind One Of The Greek Gods Is A Much Better One Than The One You Know,1
"We Must Take A Martial Arts Approach To Save The Earth. Well, Not Earth. It'll Be Fine. To Save Us.",0
Here's How Pimps Trick Underage Girls Into Becoming Sex Slaves,1
Very Bad Things Happen To Children All Over The World. Very Bad Things Happen To Them In The U.S.,0
How One Line From A 1960's Spiderman Comic Brought A Grown Man To Tears,1
He Never Thought He'd See Someone Like Him In A Comic Book. Then Everything Changed.,0
"After Seeing These 3 Maps, I'm Convinced That States Are Not Gonna Solve The Gun Problem",1
Get Ready To Wonder If The Gun Crimes In Your State Happen With An Out-Of-Town Gun,0
"I Laughed At These Stoner Dudes Chronicling Their Day. Not A Happy Ending, TBH",1
It's a Bunch Of Funny Fake Video Messages. But The Real Message is Sobering.,0
A Little Girl Describes A Gift From Her Grandfather — And It's One Of The Saddest Gifts On Earth,1
"Back In 2009, We Missed Our Opportunity. And Now? It's Only Gotten Worse.",0
Survey After Survey Show That Age Is A Really Good Indicator Of How Racist A Person Is,1
America's Generations Are More Different Than Ever Before And Why That Makes The Future Brighter,0
These Girls Were Asked What Products They Use Every Day. It Gets Pretty Eye-Opening.,1
What If More Of Us Asked These Questions About Our Beauty Products?,0
What Susan Sarandon 'Gets' About Women's Bodies That I Wish Every Woman Would Embrace,1
How Susan Sarandon Wants Women To Start Seeing Their Own Imperfections,0
It's Easy To Spot Their Differences Until They Start Rattling Off The Same List Of Demands,1
Maybe You Do Have More In Common With People On The Other Side Of The World Than You Thought,0
They Finally Did It. Some Women Had Enough Of Creepy Men's Crap And Documented Their Experiences.,1
"Like It Or Not, It's Impossible To Stop Someone From Looking At You In Creepy Ways",0
What Susan Sarandon 'Gets' About Women's Bodies That I Wish Every Woman Would Embrace,1
How Susan Sarandon Wants Women To Start Seeing Their Own Imperfections,0
The Alternate Story Behind One Of The Greek Gods Is A Much Better One Than The One You Know,1
"If You Like Your Global Warming Arguments Without All The Threats Of Death, Have I Got One For You",0
Can A 2-Minute Video Do Justice To 1 Billion Girls? This One Does.,1
Why 'It's A Girl Thing' Should Be The Most Empowering Words Ever,0
We Keep Hearing The Word 'Bipolar' But Here's What It Can Feel Like,1
Experience The Up And Downs Of Bipolar Emotions Through These Images And Haunting Words,0
The Real Reason Why Our Kids Are Less Racist Than We Are,1
The Real Reason Why Your Kids Are Less Biased Than You Are,0
What An 81 Year Old Guy Thinks About Who You Marry Has To Do With The America Of 2050,1
America's Generations Are More Different Than Ever Before And Why That Makes The Future Brighter,0
I Laughed At These Stoner Dudes Snapchatting. The End Was *Not* Funny.,1
Hanging Out With These Stoner Dudes Looks Like Fun. The End Of The Hang — WHOA,0
"Malala Just Gave A Stunning Acceptance Speech In 3 Different Languages, Then Went Back To Class",1
"Malala Had 2 Choices: Say Nothing And Die, Or Speak Up And Die. We're Lucky She's Still Here Today.",0
"When I Started Looking This Map About American Schools, I Did *Not* Expect That Bar To Go Up",1
One Chart Proves That American Laws Just Straight Up Don't Work To Help Our Children Learn,0
Something That Everyone Should Watch On Their Birthday ... Each And Every Birthday,1
Know Any Over-Achievers That Are Upset Over Not Yet Doing Something 'Great'? Here's One For Them.,0
"When Lunch Is Over, These Lunchroom Staffers Can’t Wait To Get Their Mitts On What Kids Didn't Eat",1
These Lunchroom Staffers Can’t Wait To Get Their Hands On What Gets Left Behind,0
A Bully Urged Her To Die So She Hatched A Plan And Invited Her Whole School To Participate,1
See How A Teen Girl Sparked A Movement With Her Brilliant Response To Being Bullied,0
Just 2 Seconds Separate You From Heartbreak After You Press Play,1
"If Old Macdonald Had This Farm, He And Michael Vick Have A Few Things In Common",0
"By The Time I Got To The 2nd Scene, I Felt Sick To My Stomach. After The 4th...",1
"At First I Thought The Violin Music Was Causing My Tears, But Then I Realized I Have A Soul",0
Guess What Profession Gets You Death Threats And Hacking Attempts Just For Being A Woman?,1
"When They Say There's Sexism In Gaming, They Get Rape Threats. Maybe They're On To Something?",0
You Have Something That 2/3 Of Humans Don't. We're *This* Close To Getting It To All Of Them.,1
4.3 Billion People Could Be Getting A Fandiculously Wonderful Thing If This Organization Succeeds,0
"By The Time I Got To The 2nd Scene, I Felt Sick To My Stomach. After The 4th...",1
4 Scenes To Show To Anyone Who Won't Speak Up For Those Who Can't Speak,0
A Group Of White Guys Tried To Buy Out A Park Where Local Children Play. Didn't Let That Happen.,1
"You Can Earn Money, You Can't Earn Cred. The Perfect Picture Of Gentrification.",0
Tyra Banks Just Shut Down a Homophobic 'Top Model' Contestant in the Best Way Possible,1
"A Reality Contestant Had An Anti-Gay Problem, So How Did He Solve It? 6 Inch Heels.",0
"By The Time I Got To The 2nd Scene, I Felt Sick To My Stomach. After The 4th...",1
"They Can't Speak Up For Themselves, But I'm Here. I'm Convinced.",0
"2 Minutes In, Even Demi Lovato Was Overwhelmed. Then 10 Minutes Of Raw Real Truth Came Out.",1
The 10 Minute Speech About Young Celebs With Mental Illness That You Need To Hear Now,0
You Might Be Surprised When You Find Out Who ‘Rosie The Riveter’ Really Was,1
"What’s The First Image That Comes To Your Mind When You Hear The Phrase, ‘Rosie The Riveter’?",0
The Dirty Little Secret About What It Means When Men Are Silent,1
He Has Regrets That Many Men Can Probably Relate To. I Hope They Change Their Ways.,0
The Simple Steps You Can Take To Be A Better Person Around People Who Are Transgender,1
Simple Steps To Help You Be A Trans Ally,0
"If You Think Flammable Tap Water Is Bad, Wait 'Til You See The Other 12 Things On This List",1
13 Ways Drilling The Earth For Gas Is Like An Act Of Hate,0
Some Of The Best Reasons To Not Be A Typical Tourist When You're Traveling,1
If You Don't Have Time To Visit Paris This Afternoon Let A Story Teller Take You Right Now,0
"Imagine: You’re 21, Newly Married. The Cops Have Just Charged You With The Murder Of A Little Girl.",1
"Innocent, In Prison, And On Death Row: Imagine Just For A Second What This Guy’s Life Has Been Like",0
"It's Kinda Like A Dating App, Except These Matches Actually Matter",1
Getting People To Care About The Midterm Elections? There's An App For That.,0
She Watered And Cared For It Each And Every Day. Then It Hit Her: She Knew What She Had To Do Next.,1
"She Looks At A Group Of Strangers And Says, 'They Might As Well Be My Family.' That's Amazing.",0
They Were Shooting A Beautiful Video From Space. Then They Sped It Up. Just WOW.,1
"The Video They Shot From Space Is Beautiful. In High Speed, It's On A Whole Other Level",0
I've Never Met A 15-Year-Old And Thought 'She's Gonna Run The World One Day.' Yet Here We Are.,1
"A Teen Feminist Blogger Actress Broadway Star … Oh Yeah, 'Cause People *Can* Fit More Than One Label",0
"At First He's Happy To Have The Day Off, But Once He Finds Out Why He's Mortified",1
"He Just Wanted To Indulge In All The Epic Furniture Sales On His Day Off, But Columbus Ruined It",0
She Was Planning On Being A Lawyer - Until She Took 2 Tests That Changed Her Life,1
"In The 6th Grade, She Was Breaking Up Fights On The School Bus. Apparently, Old Habits Die Hard.",0
She Was One Of 7 Kids. Her Parents Had No Idea What She Would Grow Up To Become.,1
Meet The First Female Police Chief Of Orlando. And Take Notes.,0
Homophobia In The Black Community Takes A One-Two Punch In This Hilarious Clip,1
"If You Live In America, You Don't Need Euros To Buy Gay Gifts",0
"But Who Will Speak For the Trees? The Lorax. And Now Apparently, A Very Sarcastic Kevin Spacey.",1
"Kevin Spacey Even Makes Trees Sound Cool And Dangerous, Especially When They’ve Had Enough",0
"From 1887 To 2013, America's Death Penalty Has Sure Evolved. Sit Back And See How.",1
MAP: America's Death Penalty Changed Big-Time Over The Last Century. But Evolved? I Don't Think So.,0
This Guy Is Going To Make A Point About The London Subway System That Will Blow You Away,1
Mind The Gap? How About You Ask This Group Of People If They Mind This Much Bigger Issue.,0
A Crazy Story I Didn't Know About The Pill Happened In My Mom's Lifetime,1
How One Pill Changed The Sexual Revolution For Women,0
One Of The Grossest Surf Videos I've Ever Seen For Sure,1
A Seriously Gross Surf Video About What Tourists Do To The Ocean,0
Her Bracelet Is A Warning From The Bottom Of The Sea. We Would Be Wise To Heed That Warning...,1
"By 2065, We're Going To Lose A Series Amount Of Our Ocean's Reefs — That's Why Her Story Is So Sad",0
"A Politician Rips Apart His Own Party In An Amazing Speech, Because He's Sick Of Just About Everyone",1
He's Got $21 Billion Of Taxpayer Money That They Didn’t Want His Party To See — And He's Fed Up,0
The Abortion Debate Makes A Lot Less Sense When You Learn More About Who's Getting Them,1
Know Anyone Who's Had An Abortion? Sure You Do.,0
"She Was Waiting For Marriage To Have Sex. Then She Met Him, And She Had To Choose.",1
"When They Started Dating, They Had To Overcome A Lot. But There Was 1 Thing They Maybe Couldn't.",0
I Don't Live On A Hellmouth But These 16 Things I Learned From Buffy Came In Pretty Handy Anyway,1
Make A Little Room For The Cheese Slices And These 16 Important Lessons From Buffy,0
Here's What It Looks Like When A Normal Relationship Descends Into An Abusive Nightmare,1
"Even If You Think You Know Everything, There's A Ton To Learn About Domestic Abuse",0
Leave A Newborn In Control And What Do You Think Is Gonna Happen?,1
"They Say The Beginning Is The Most Important Time, So Maybe We Should Pay More Attention",0
There’s A Reason Old White Men Are Usually The People Who Make Decisions That Affect All Of Us,1
71% Of Elected Officials Are Men. 90% Are White. And 65% … White Men.,0
Eddie Vedder Wants You To Learn About Some Kids Who Have A Disease You've Never Heard Of,1
A Rock Star Started A Foundation To Help This Adorable Kid And Others Like Him Not Die,0
This Cartoon Couldn't Be Any More Hilarious If Its Characters Were Screwing Up The World On Purpose,1
Here's A C-C-Crazy Cartoon About A Bunch Of Nuts Trying To Trick Each Other Over Global Warming,0
One Of The Most Famous Women In Film Blew The Lid Off Of Her Past Without A Drop Of Shame,1
Jane Fonda Starts This Interview With How She Used To Wonder If She Should Have Been A Man,0
He Goes Off For 6 Minutes On All The Politicians Sitting Right In Front Of Him. It's. Just. Great.,1
A North Carolina Senator Doesn't Mince Words When He Rips Into Republicans. AND Democrats.,0
Gay People Can Totally Be Fired Just For Being Gay In Texas. Is Your State Any Better?,1
Gay Marriage Is Legal In 32 States. But You Can Be Fired For It In Texas. How's Your State?,0
"One Thing For Sure, If I Saw A Man Lying On The Ground, I Wouldn't Say That To Him",1
A Person Asks For This Attention As Much As They Ask To Get Hit By A Car. Never.,0
Listen To Some Of The Gross Things We Used To Do To Cure Diseases Before This Guy Invented Vaccines,1
"How A Genius, A Milk Maid, And A Sick Cow Cured Small Pox And Invented Vaccines",0
"There's 1 Thing Nobody Can Live Without, And We Discovered It When We Went To The Moon",1
Neil deGrasse Tyson Lists All The Good Ideas We Brought Back From Space. It's A Pretty Long List.,0
Always Wish You Could Fly? An Engineer Did Too So He Built This Flying Bike For Humans.,1
Meet Your Not So Distant Future Mode Of Transportation: The Flying Bike,0
Running Like A Girl' Makes Being A Boy Feel A Little Easier,1
Why Running Like A Girl Should Be Celebrated,0
Something That's Making It Easier For People To Act Like Complete Jerks,1
Why Having 1 Real Life Friend Is Way Better Than Having Hundreds Of Online Ones,0
It's The 10th Anniversary Of Jon Stewart's Epic Rant On CNN. It Just Never Gets Old.,1
"Jon Stewart Told CNN It Was Hurting America. 10 Years Later, Little Has Changed.",0
"When An Animal-Cruelty Case Came Before This Judge, His Response Was “…Purrfect.”",1
"If Corporations Can Be Treated Like People, Doesn’t It Make Sense That Animals Should Be, Too?",0
"Her Name Is Sylvia Earle, And She's Here To Scare The Living Daylights Out Of You",1
"If You Dress Up Like Sylvia For Halloween, You’re Going To Scare Everyone Who Cares About The Earth",0
Taylor Swift Hears John Cleese Make A Joke At The Expense Of Women. She Doesn't Keep Quiet.,1
Taylor Swift *Knows* How To Stand Up For Herself. And For Ladies. And For Cats. Everywhere.,0
A Comedian Proves That Just Because Something Is Tradition Doesn’t Mean It’s Worth Keeping,1
A Metaphor About Denzel Washington And Sharks Eating A White Man Made Me A Better Football Fan Today,0
A Quick Guide To The Modern Reasons For Vaccines,1
Some Disease Is Preventable And This Is How You Spell Fixing It. V-A-C-C-I-N-A-T-E.,0
"What If They Stopped Arresting People For Mental Illness, Substance Abuse, And Homelessness?",1
Cop: ‘Jails Are The Number One Mental Health Facility Across The Country’,0
"Feminists Are Mean, Gross, And Scary — Until You Actually Hear What They Believe In",1
Feminists Are THE WORST. Until You Actually Hear What They Have To Say.,0
Have You Ever Heard 'Don't Act Like A Typical Tourist'? Here's Why.,1
How To See More When You're Not A Tourist Traveling,0
Since When Does Being Popular Mean Having To Put Up With This Kinda Bullying,1
Why Having 1 Real Life Friend Is Way More Important Than Having Hundreds Of Online Ones,0
Stay Calm And Listen To This Guy Debunk The Ebola Scare In 3 Minutes,1
"Exhale Everyone. If You're Not Freaking Over Flu Season, Why Are You Freaking Out About Ebola?",0
"How To Get Internet Access, Anywhere On The Earth. At Any Time. No Matter Where You Are. Period.",1
Imagine This: A Dictator Will Never Be Able To Deny Knowledge From Another. It's Gonna Be Fantastic.,0
Hearing Neil deGrasse Tyson Talk About Space Makes Me Proud. Then It Makes Me Mad.,1
Hearing Him Talk About Space Makes Me Proud. Then It Makes Me Mad.,0
"There's 1 Thing Nobody Can Live Without, And We Discovered It When We Went To The Moon",1
Hearing Neil deGrasse Tyson Talk About Space Makes Me Proud. Then It Makes Me Mad.,0
How One City Dropped The Rate Of Hostile Police/Citizen Interactions To Almost None,1
Some Mentally Ill Folks Want To Have These Cops Called On Them. For Good Reason.,0
A Terrible Disease Kills Thousands Every Year. Let's Stop Pretending It's Cute.,1
Breast Cancer Destroys Lives And Kills Thousands Every Year. Let's Stop Pretending It's Cute.,0
"How To Get Internet Access, Anywhere On The Earth. At Any Time. No Matter Where You Are. Period.",1
"It First Happened In 2040 BC, And Last Happened In 2013. Some Guys Want To Make That The Last One.",0
He Asked Why She Just Laid There Like A Dead Fish. So She Told Him.,1
The Metaphor She Uses For How It Feels To Be A Rape Survivor Is Vivid,0
Are You A Rabid Plastic-Bottle Hater? You Probably Don't Know A Key Fact.,1
"Drought Zone? Here, Let Us Help You Get Rid Of That Last Drop Of Water There.",0
The Fish Lovers’ Guide To Which Fish You Should Really Be Eating,1
"I Could Never Stop Eating Fish. That Is, Unless They Were All Gone. Then I’d Have To.",0
10 Years Of Progress (With Some Backsliding) In One Gif,1
This Map Shows That Gay Marriage Is A Commitment Some States Find Hard To Make — At First,0
Since When Does Being Popular Mean Having To Put Up With This Kind Of Bullying,1
Since When Does Being Popular Mean Having To Put Up With This Kinda Bullying,0
I Know Some People With Mental Problems. I Only Hope These Are The Kinds Of Cops That They Run Into.,1
"When Police Are Treating People With Mental Problems Like  Criminals … Houston, We Have A Problem",0
Over 2/3 Of The World Can't Watch This Video. That's A Huge Problem.,1
There's Nothing Anyone Can Do About This Free New Internet. Some Governments Are Gonna Be SO Mad.,0
An Albino Model Had To Explain Why He's Black. And Not. At The Same Time.,1
A Triple Threat Talks About Those 3 Things That Make Him The Target Of Bigotry,0
A Bevy Of Famous Ladies Sing Along To This 50 Year Old Classic. Wow. This Song Is Magic.,1
It's Kind Of Emotional To See All These Awesome Ladies Lip Sync Such A Simple Truth,0
"People Are Freaking Out Because A Superhero Got A New Look. By Freaking Out, I Mean Rape Threats.",1
Something Tells Me That Batman Would Disapprove Of Comic Fans Threatening Other Fans With Rape,0
This Thing Floating In The Middle Of The Ocean Makes Me Ashamed For Our Species,1
"Plastic Junk Litters Our Oceans, Killing Sea Life — And It’s Getting Worse",0
She's Very Tired At The End Of The Day. Her Child Will Tell You Why.,1
Three Different Families In Three Different States Show Us What They All Have In Common,0
"If Straight Boys Had Conversations On Sexuality Like This, The World Would Be A Much Better Place",1
"2 Dudebros Have A Fight Over Being ""Gay"" That I Wish Were Reality",0
"If You Stop Listening To Her In The First 12 Seconds, You're Proving Her Point",1
She Compares Herself To A Soldier Hearing Guns Go Off. And She's So Darn Right.,0
The Daily Show Makes A Point About The Ebola Epidemic That'll Have Naysayers Saying 'Touché',1
The News Has Caught Something A Little More Contagious Than Ebola: Panic.,0
The Truth Behind That Infamous Color Is Not As Pretty As We'd Like To Believe,1
There’s A Damning Statistic About The NFL And Breast Cancer. And That’s Just The Tip Of The Iceberg.,0
A Movie Star Steps Out Of Character To Sound The Alarm Bell. I Just Hope He’s Not Too Late.,1
Try Not To Stare At Leo's Beard As He Fills You In On A Really Serious Problem,0
"If You Ever Wondered Whether Leo DiCaprio Was A Good Dude, This Speech Will Clear That Up",1
"Despite What Happened At The End Of 'Titanic,' Leonardo DiCaprio Shows That He Still Loves The Ocean",0
"If You Stop Listening To Her In The First 12 Seconds, You're Proving Her Point",1
Her Story Sounds *Exactly* Like All The Other Stories...But Only If You Stop Listening,0
A Bunch Of Gross Facts About A Really Pretty Color Are Going To Make You Flip,1
Here's What You Need To Know About A Campaign To Turn Something Really Important Into A Pretty Color,0
This Kid's Skin Falls Off If He Moves Wrong. So The Fact That He Cracks Jokes Is Kind Of Impressive.,1
"The Smiles On These Sick Kids Are Precious But ""Bless Your Heart"" Isn't What They're Looking For",0
"His Island Was Washing Away. So He Planted A Tree To Tie It Down. And Then One More, And One More…",1
"One Guy Making A Forest By Hand, Seed-By-Seed, Plant-By-Plant? No Way. Except Way.",0
John Oliver Gets Bleeped So Much In A Segment About U.S. Incompetence That You Know He's Mad As ****,1
"Terrorists Are Coming For The People Who Saved The Lives Of Our Soldiers, But We Don’t Give A Damn?",0
"Duh! The Way To Stop An Ebola Pandemic Is So Obvious, We Just Didn't See It.",1
"Of Course, This Is How We Prevent An Ebola Pandemic. Obviously.",0
I Can't Believe It's Happening In Our Life Time. Watch The New Hover Bike Fly In The Air.,1
Techworthy: A Brilliant Engineer Invented Something To Replace Your Car And It's Kinda 'Out There',0
"So Many People Don't Know What They Do Behind Closed Doors, But Their Children See Everything",1
"They Work Long, Hard Hours. They Even Work For Free. So Why Do They Love It?",0
She Entered Her Classroom One Her Final Day And What She Saw Made Her Cry,1
A Heart Warming Look At One Teacher's Final Day,0
"He’s Planted 1 Tree A Day Since 1979, And Now Elephants And Tigers Live In His Miraculous Forest",1
It’s A Lush Forest Where Elephants And Tigers Live. How This Oasis Happened Is Absolutely Amazing.,0
Certain Sex Acts May Be Against The Law But There's A Way Around Them,1
"Getting Kinky Was Easy, Then Hard, And Thanks To 2003 It's Easy Again ... So Carry On!",0
For Centuries Most Men Had No Clue What Happened At Home While They Worked. Here’s What They Missed.,1
What Happens At Home While Some Are At The Office? Real Work.,0
"He Went From 5 Backpacks To 4 To 1, In A Great Lesson On Letting Go And Holding On",1
"Life Has Thrown Him Around, But The Turns He's Spinning Are Keeping Him Straight",0
"She Says 4 Words At The Very Beginning, And That's All You Need To Know",1
Watch All These Famous People Describe How To Make Bullying Way Worse Than It Already Is,0
Want To Bump Your SAT Score By 98 Points?,1
"I'm Not Saying Science Doesn't Matter, I'm Just Saying It's Not All That Matters",0
Her Voice Is Unpredictable But She's Not Embarrassed. Neither Is Her Audience.,1
"She Stutters So It Can Be Hard To Get The Words Out, But When She Does They're Raw and Pure",0
There’s A Weapon No One Talks About That The U.S. Has Used To Wipe Out Its Enemies. And It’s Brutal.,1
"Losing A War Is Bad Enough, But What Happens Next Can Make Battle Seem Like The Good Old Days",0
A Psychologist Tells Us How To React If A Friend Reveals This Horrible Thing Happened,1
"In 8 Minutes, She Lays Out The Perfect Advice To Help Someone Who's Gone Through This Trauma",0
"School Kids Have To Trust Their Teachers, But I’m Thinking These Kids Didn’t. And They Were Right.",1
The Most Devastating Weapon In War Comes After The Violence Ends. It’s Called ‘Education.’,0
His Grandma Told Him A Pretty Amazing Story That I Think You'll Want To Hear If You Enjoy Breathing,1
His First Rule Is Rather Crude. It Involves Bees. I'd Listen To Him.,0
"A Few Hundred Years Ago, We'd Have Burned This Guy At The Stake For What He Knows",1
"The More Complex Things Get, The More Fragile They Become. And Then They Become Vulnerable.",0
Is It Your Wish To Enjoy A Delicious Fish Dish? Then Watch This.,1
"Why You, Too, Have The Power To Control The Oceans",0
He Only Intended To Spend One Night On The Street. Then Someone Gave Him Leftovers.,1
Do You Know The Backstory Of Each Person You Meet?,0
"It Might Not Look Like The Dancing You Know Of, But It's More Than Dancing To Him",1
A Motorbike Accident Put Him In A Wheelchair. That's When He Learned To Dance.,0
Like Coke Or Pepsi? You Might Not Like Them As Much After You Hear What They're Doing ...,1
"Coke And Pepsi Are People Now, So They Can Call You And Basically Lie To You?",0
"This Man Has A Story So Extraordinary, It Might Be Coming To A Movie Theater Near You",1
"Are You A Champion, A Survivor, Or A Resilient Badass? You Should Probably Do This With It.",0
"Her Words Are Difficult To Listen To At The Beginning, But That's The Kind Of The Point",1
How She Found Her Voice Against Sexual Violence,0
Elections In America Are Secretly Very Unfair. Here's How To Fix That.,1
"Turns Out, Cartoon Animals Are *Shockingly* Good For Explaining Complex Political Ideas",0
"A Hospital In Pennsylvania Has A Secret, And She's The Reason",1
"A Hospital In Pennsylvania Has An Incredible Secret, And It's Making Me So Hungry",0
He Starts Out With A Video Of A Bunch Of Raw Eggs Being Scrambled. And Then Gets To The Point.,1
"Science, History, And Scrambled Eggs. Now Part Of A Complete, Informative Breakfast.",0
Do You Know What Is Actually Terrifying About Ebola? You Should Probably Learn Before Freaking Out.,1
The Panic In America Over Ebola Is Completely Irrational. The Panic Over Ebola Globally However...,0
"In 2 Minutes, She'll Take You From 'Have No Clue' To 'OMG, I Can't Believe We Do This'",1
Some People Call Them Cons. Others Call Them Inmates. She Wants You To See Them As People.,0
A Former U.S. Prison Chief Visits A Norwegian Jail. He Cannot Believe His Eyes.,1
"A Norwegian Prison Gives Its Inmates All Kinds Of Amenities, But Does That Reduce Crime?",0
Mandy Moore Points Out Something About The Ebola Epidemic That People Don't Seem To Notice,1
You Might Run To Help After You Hear What This Celebrity Has To Say. Put On A Hazmat Suit First.,0
"Say What You Will About Ebola, But It Sure Isn't What You Think It Is",1
How To Talk About Ebola Without Putting Everyone Into A State Of Perpetual Fear And Panic,0
A Female Journalist Gives A Priceless Answer To Questions  Never Asked Of A Male Journalist,1
Here's An Epic Response To Someone Criticizing A Newscaster For All The Wrong Reasons,0
It Was Really Funny And Kinda Gross And I Laughed... Until The End. Then It was Awful. Point Made.,1
Normally I Wouldn't Be OK With Comparing Domestic Violence To Trivial Things. But It Makes Sense.,0
Kids Today Are More Depressed Than They Were During The Great Depression. Here's Why.,1
We’re Depriving Our Kids Of A Significant Part Of Childhood. And They're Paying The (High) Price.,0
"Before We Tell Her What’s Wrong With Her Body, She Wants To Tell Us What’s Right",1
What Would Happen If We Stopped Nitpicking Our Bodies? It Might Sound Something Like This.,0
He Makes Me So Angry About A Problem I Didn't Even Know Existed. But His Solution Is Genius.,1
Here's Why You Might Be Feeling Like Your Vote Doesn't Really Count,0
He Only Intended To Spend One Night On The Street. Then Someone Gave Him Leftovers.,1
A Dude Lives On The Street But Doesn’t Wanna Be Called Homeless. I *Totally* Get It.,0
You'll Laugh At This Comedy Sketch But Then You'll Be Horrified When You Realize Why It Was Funny,1
I Laughed At This Comedy Sketch But Then I Was Horrified Because I Realized Why It Was Funny,0
"If Her Parents Had Said Yes To This Costume, It Might've Saved Her A Lot Of Pain",1
"A Message For Parents With Kids Who Love To Play Dress Up. So Basically, A Message For All Parents.",0
A Female News Anchor Has A Priceless Reply To Comments That Would Never Be Made About A Male Anchor,1
Why One News Anchor Asked A Viewer To Close Her Eyes Next Time She Tuned In,0
"Stunning Images And Words Of A Woman's Life With Bipolar, Opened My Eyes ... And Heart",1
"At First The Images And Words Were Euphoric, Then It Turned Dark. Guess That's The Point.",0
"They’re Just As Effective, They Cost Less, And So That’s Why Some Doctors Don’t Want Them",1
"In 19 States, Folks Choose Nurse Practitioners Over Doctors. What Do They Know The Rest Of Us Don’t?",0
"The Visuals Are Stunning, Her Words Broke My Heart And In 2 Minutes She Helped Me Understand",1
Here's Why We Shouldn't Use The Term Bipolar To Describe Our Moods ... Unless It Looks Like This,0
A Friend Reveals A Horrible Trauma. This Psychologist Tells You How To React.,1
Hold On Before You Respond To A Friend Who Tells You About This Trauma,0
"When PCs Started Showing Up In Homes, Women Stopped Studying Computer Science. Here’s Why.",1
"Women Helped Create Computer Science. In 1984, They Stopped Entering The Field.",0
Children Walking On Halloween Night Are In Real Danger. Is It What You Think?,1
"Halloween Is A Scary Time, So Here's A Clue About What You Should Really Be Afraid Of.",0
This Is How A Tragedy Like The Ottawa Shooting Should Be Reported. I Even Smiled At The End.,1
This Takes Reporting Gun Crimes In A Direction I Think Everyone Should Go,0
It's The 1 Dog Video You Should Watch On The Internet Today.,1
"Do Dogs Help Kids Learn? They Studied It, And The Results Are In.",0
"When Someone Attacks Canada, They Don't Respond With Irrational Fear, They Do This Instead",1
Americans Are Backing Them Up During This Crisis But See How Canadians Are Doing It Their Way,0
"His Story Is So Extraordinary, It's About Time Hollywood Turned It Into A Movie",1
Wanna Be On National TV? You Might Be Able To If You've Got A Story Like His.,0
"They Love Each Other. They Love Their Children, They Just Hate What They Had To Go Through.",1
"Marriage Means Vows For Some, But More Chances For Them",0
"When Halloween Costumes Go Wrong, They Can Go Very, Very Wrong",1
You've Got Your Heart Set On Being Whatever It Is You're Being For Halloween. But Is It Offensive?,0
"If These 10 Photos Offend You, You Better Check Those Priorities, Especially About The Future.",1
"It Can Be One Of The Hardest Things We Do As Young Mothers, And She's Out To Make It Normal",0
There's An Important Reason To Check The Tags On Clothing. And It's Not To Get The Size.,1
"Because Every Last Bit Matters, It's Time We Change Some Of Our Habits",0
"Their State Just Became One Of 32 That Allows Gay Marriage. For Them, The Timing Was Perfect.",1
"An Adorbable Gay Couple Was Finally Able To Get Married. Now They Want More, And I Would Too.",0
Do You Kind Of Secretly Believe These 6 Myths About Climate Change?,1
A Bunch Of Stuff You Maybe Wanted To Know About Climate Change But Were Too Afraid To Ask,0
He Makes Me So Angry About A Problem I Didn't Even Know Existed. But His Solution Is Genius.,1
"In America, Every Vote Counts. But Some Votes Count More Than Others.",0
Taking Her Clothes Off For This Interview Was Less Scary Than Going Bald At 18,1
Funny How We Kind Of Expect Women To Have Hair Unless They’re Sinead O’Connor Or Sick,0
"If This Sorta Thing Doesn't Make You Worry About Local Politics, I Really Don't Know What Will",1
A Corroded Pipe Caused The Explosion In This Town. Now Corroded Rules Could Cause Another Disaster.,0
I Would Not Have Been Able To Stay Calm If I Received This Phone Call. But I Would Have Listened.,1
"Yes, We're Just Ordinary People...With A Major Decision To Make",0
A Woman Wears A Bunch Of Super-Offensive Costumes On TV — To Make A Point,1
The Actual Reason Why People Wear Awful Costumes For Halloween,0
Fascinating Stuff About How Nurse Practitioners Compare To Doctors. I Didn’t Know All This.,1
You Tired Of Paying All Those $$ To Doctors? Have You Thought About Going To A Nurse Practitioner?,0
They Left Los Angeles And Sailed For 7 Days To Find An Island Of Garbage. Here’s What They Found.,1
They Left Los Angeles And Sailed For 7 Days To Find An Island Of Garbage.,0
A Chart That's Giving Harsh Realities About Vaccinations,1
You May Think You're Vaccinating Correctly But There's A Chance You're Not,0
"Ladies, If You've Ever Shopped For A Halloween Costume, You Must See This",1
"Get The Door, It's...A Sexy Girl Scout???",0
"In 60 Seconds, He Can Teach You How To Win Every Argument You're Ever In",1
A Shirtless Wise Man Came To Me In A Dream To Tell Me How To Win Arguments. Wait — It Was A Video.,0
You May Want To Check The Tags On Clothes Before Purchase — But For A Reason You Might Not Consider,1
We Usually Look At Clothing Tags To Make Sure They're The Right Size. Another Reason Matters Too.,0
Halloween Costumes Are Supposed To Be Scary. But *These* Costumes Probably Take The Cake.,1
Some People Wear Sexy Costumes. And Some People...What The Heck Are These Costumes?,0
This History Of A Certain Method Of Railroad Travel Made Me A Little Uncomfortable,1
"The Brotherhood Of Sleeping Car Porters: A Concise History, And A Not-So-Concise One If You Wish",0
"4 Sticks, A Nail, And a Bucket: An Incredibly Simple Solution For A Very Deadly Problem",1
"They're Solving A Deadly Problem With Sone Sticks, A Nail And a Bucket",0
What Would Take Most Of Us 5 Minutes To Do Took Him 27 Minutes. All Because Of What He's Sitting On.,1
"For Many Of Us, NYC Is Paradise. For Him, It's Hell On Wheels.",0
Which Religions Are Protected In The United States?,1
We Protect Religion But We Don't Recognize It. How Do We Separate Church And State?,0
"It's Like A News Reel From 1969...but It Happened September 14, 2014.",1
"High Five, Freedom To Assemble!",0
Let A 13-Year-Old Casually Get You Fired Up About Something She Can't Even Do Yet,1
A Really Important Day is Coming Up. Are You Ready? Cuz She Is And She Can't Even Drink Yet.,0
"She Setup Her Webcam To Rehearse A Dance, But Ended Up Recording Something Much More Important",1
"She Decided To Share Her Condition With The World, And It Doesn't Look Like Anything You'd Expect",0
A Teenager Comes Up With A Crazy Smart Invention To Help His Grandfather Deal With Alzheimer’s,1
Here's How A 15 Year-Old Showed His Love For His Grandfather. (By Becoming A World-Class Inventor.),0
His Explanation Of Love Was So Perfect I Got Teary-Eyed And Kissed My Boyfriend,1
He Stood On A Stage For 6 Minutes 'Being Out And Nervous' Now They Understood His Fears Of Being Gay,0
"In The 1920s, 20,000 African American Men Worked In A Role That Has Almost Disappeared Today",1
"In The 1920s, The Largest Employer Of African American Men Was Something That Connected Us All",0
He Lives Near The Biggest Earthen Dam In The Western Hemisphere. Scary.,1
"He's Not A Hippie, But He's Inviting You To Come Hug Some Trees",0
"40 Years Ago, It Killed 100 Of His Neighbors. Is He Next?",1
Junior Wants To Take You On A Walk In The Woods. While He Still Can.,0
"They're Called 'Dollarmites,' But Don't Be Fooled By The Cute Name. They Are Not To Be Messed With.",1
They Found A Bunch Of Kids And Told Them What The Banks Are Doing. They. Weren't. Happy.,0
"There’s A D.C. Scandal That’s Been Brewing For Decades, But The Media Almost Never Talks About It",1
"It’s Bribery. It’s Corruption. It’s (Almost) Everything Wrong With Our System. So, What Now?",0
A Bro Has The Answer To All Of The Awful Oppression White Dudes Face And It's Hilarious,1
I'm Pretty Glad These Brozac Pills Aren't Actually A Thing. But I Appreciate The Laugh they Gave Me.,0
"You Shouldn't Get Too Little. But You Don't Want To Get Too Much, Either.",1
I Used To Say That Sleep Is Overrated. Then I Learned Some Stuff. Turns Out: Sleep's Not Overrated.,0
"Floppy Ears, Soulful Eyes, Adorable Babies. And They Have Something Else People Can’t Stop Taking.",1
Their Loving Families Get Torn Apart By People Who Want Something Else They Have And Just Don’t Care,0
You Might Hug Your Soap A Little Bit Tighter After You Hear What She Says About It,1
Why 6.6 Million Kids Aren't Making It To Their 5th Birthday,0
"We’ve Known A Scary Fact About The World For 100 Years, But I Didn’t Know How Scary It Was Until Now",1
"He Already Won The Ugly Christmas Sweater Contest, Even If Christmas This Year Feels Like Summer",0
Here's A New Take On The Selfie That Isn't Embarrassing And Could End Up Saving Lives,1
"We Spend The Day Checking Our Phones, Why Not End The Day With A 'Selfie' That Matters?",0
It Was So Whitewashed She Almost Couldn't Believe What She Was Seeing,1
How An Offensive List *May* Have Actually Accomplished Exactly What The Publishers Set Out To Do,0
"The Special Effects Are Stunning, But The Real Event That Inspired It Is Truly Astonishing",1
"They Made A Real Space Mission Seem Like The Freaking 'Dark Knight,' And I Loved Every Second",0
She Answers A Question About Sex Offenders Most Of Us Have Been Too Afraid To Ask,1
Some People Might Claim They're Innocent. But Not For The Reasons You'd Expect.,0
The Tragedy That Is Straight People Hiding In The Closet,1
How To Come Out Of The Straight Closet,0
"She Brought Home Something Too Tiny To Matter, But What She's Done Since Then Is Incredible",1
1 Kid Alone Can't End Hunger. But This Girl Is Sure Gonna Try To Make A Dent.,0
30 Women Who Have Never Met Each Other Have 1 Very Significant Thing In Common,1
"Being A Mom Is Beyond Amazing. And Then Other Days, Not So Much. Let's Talk About It.",0
This Famous Actor Has A Poignant Response To A Reporter That Tells Him It's Weird She Finds Him Sexy,1
Daniel Radcliffe Has Some Thoughts On Sexualization And Double Standards That You Really Should Hear,0
"40 Years Ago, It Killed 100 Of His Neighbors. Is He Next?",1
"Country Roads Take Him Home, But It Doesn't Look Like The Place Where He Belongs",0
"This Already Touched Me, But When The Tall Guy With The Deep Voice Spoke, I Had To Fight Back Tears",1
Moments Like This Are Why Being A Parent Is So Incredible No Matter What Kind Of Family You Are,0
They Gave This Little Thing To A 3rd Grader. Little Did They Know Just What She Would Do With It.,1
How A 3rd Grader’s 40-Pound Cabbage Has Touched A Ton Of People. But Not Literally.,0
They Gave This Little Thing To A 3rd Grader. Little Did They Know Just What She Would Do With It.,1
"Give A 3rd Grader A Tiny Sprout, And She Just Might Turn It Into Something Way Bigger Than Herself",0
"When She Saw Her Daughters Facebook Page Asking For Someone To Please Be Her Friend, She Broke Down",1
She Felt Lonely Without Her Phone. Now She Feels Lonely For A More Devastating Reason.,0
Morgan Freeman Talks About A Scary Situation We Know About. But The Potential Victims? We're Wrong.,1
There’s Always Been Chaos And Violence. It Will Survive. But Will We?,0
"A Woman Takes A Camera Out On The Street To Make A Point, And 100+ Men Prove Her Right",1
"100+ Instances Of Harassment In 10 Hours? Welcome To New York, Ladies.",0
"6 Myths A Lot Of People Believe, And Why They’re Wrong",1
"If You Didn't Already Know These Facts, It's Okay, Your Secret's Safe With Me",0
Morgan Freeman Talks About A Scary Situation We Know About. But The Potential Victims? We're Wrong.,1
"Here's Glimpse Into A Beautiful Future. You Know, The One We Want For Our Kids.",0
"Those Little Dots On The Guitar Neck Help Players Play, But What They Cost Was Just Too Painful",1
"To Build A Great Guitar, You Don’t Scrimp On Materials. So It Wasn’t The Price, It Was What It Cost.",0
One College Expected 625 Students To Report Sexual Assault. The Actual Number That Did Is Shocking.,1
This Infographic Shows That 625 Columbia Students Were Expected To Report Sexual Assault. Only 7 Did,0
She Asked The Internet Whether She’s Ugly. Guess What The Internet Said Back.,1
"How Academic Performance, Health, And The Even The Economy Is Impacted By Body Image",0
These 2 Images Will Make Youlook At Domestic Violence From A *Wildly* Different Perspective,1
2 Compelling Reasons Hurting Women Is Bad For More Than Just Women.,0
30 Women Who Have Never Met Each Other Have 1 Very Significant Thing In Common,1
"Sometimes, All It Takes To Make It Easier Is To Know You're Not Alone",0
These 2 Images Will Make You Look At Domestic Violence From A *Wildly* Different Perspective,1
2 Compelling Reasons Hurting Women Is Bad For More Than Just Women. Economy and Jobs.,0
"After Watching This, I’m Not Sure My Boys Are Ever Going To Play Football Again",1
Having Your Head Smacked Around Repeatedly Is Detrimental To Your Long-Term Health? Go Figure.,0
"After Watching This, I’m Not Sure My Boys Are Ever Going To Play Football Again",1
"Brain Trauma: It's A Thing, Y'all. And It Can Start With Sports In School.",0
Here's What It's Like To Be A Person Of Color On Halloween,1
How Could Anyone Confuse Don Draper And Obama? One Word: Halloween.,0
"This Guy Just Ended Any Ebola Panic I Could Ever Feel, And I Want To Hug Him For It",1
We're Going To Help You Be Done With All That Worrying You Might Be Doing With The Ebola Outbreak,0
I’ve Never Heard Anyone Insult Colbert So Deeply That He Tells Them To Shut Up,1
"Attacking The Rich, Blowing Up Capitalism, And Smoking Crack. Just Another Fun Colbert Interview.",0
The Bizarre Reason We Want Every Photo To Look Like It Was Taken In The 1970s,1
Here's Why Creating Instant Nostalgia Is Surprisingly Beautiful,0
"If You Only Vote For Presidents, You Might Be Doing This Whole Democracy Thing Wrong",1
What If I Told You Midterm Elections Matter Way More To Your Everyday Life Than National Elections?,0
"There's Something Wrong With What This Girl Did To Her Sister, Father And Stepmom, And Now She Knows",1
This Essay Closes A Chapter On This Girl's Difficult Childhood,0
"North Carolina Isn’t Safe. For What, You Ask? Find Out Here For Your State.",1
Massachusetts Passed The Tolerance Test. How About Your State?,0
They Expected 625 Reports Of Sexual Assault. They Only Received 7. And It's Not Worth Celebrating.,1
One College Estimated 625 Students Would Report Sexual Assault. The Actual Number Is Shocking.,0
They Expected 625 Reports Of Sexual Assault. They Only Received 7. And It's Not Worth Celebrating.,1
Columbia Estimated 625 Reports Of Sexual Assault But Only Received 7. And That's Not A Good Thing.,0
The First 2 Seconds Made Me Gasp. The Other 28? Holy Crap.,1
See Why We Have Absolutely Ridiculous Standards When It Comes To Sports In 30 Seconds,0
Here's A Nifty Interactive Map That Let's You Know If Your Sex Life Could Put Your Job In Danger,1
"How Massachusetts Doesn't Sticking Their Nose In Everyone's Bed, Cause That's Kinda Gross, Right?",0
Here's A Nifty Interactive Map That Let's You Know If Your Sex Life Could Put Your Job In Danger,1
"North Carolina Isn't Such An Open-Minded State. How, Do You Ask?",0
You Really *Get* How Bold This 30-Year-Old Song Is When So Many Cool Famous People Sing Along,1
Listen To A Hard Core Rock And Roll Song. Feel Empowered. Repeat.,0
"This Guy Just Ended Any Ebola Panic I Could Ever Feel, And I Want To Hug Him For It",1
Are You As Tired Of Talking About Ebola As I Am?,0
The Last 4 Words She Says To Stephen Colbert Are Everything. They Cut Through All The BS.,1
Everything You Need To Know About Gamergate Is In The Last 4 Words She Says To Him,0
A Bro Has The Answer To All Of The Awful Oppression White Dudes Face And It's Hilarious,1
#Brozac: The Solution For When The Media Stops Catering To You. The Struggle Is Real.,0
I've Always Dreamed Of Interrupting A Teacher During History Class. How He Did Was Just Brilliant.,1
Do You Know Patricia E. Bath? A Lot Of Folks Might Thank Her For Being Able To See This.,0
Watch The People At This Party Get Quite An Unexpected Lesson,1
"He's Got A Party Trick About Shots, But Probably Not The Kind You're Thinking Of",0
Here’s What Happens When You Have To Figure Out Dad Stuff Without One Of Your Own,1
What Happens When You Have To Figure Out Dad Stuff Without One Of Your Own?,0
This Story Gives Us The Best Reason To Take A Selfie I've Ever Heard,1
People Around The World Are Taking Selfies To Support One Selfless Man,0
The Pay Gap Between Women And Men Gets Pretty Surprising Around Minute 2,1
Women Are Actually Starting Out With Equal Pay And Then Losing It Over Time,0
"Nope, Nobody Spilled Breakfast. These Fell From The Sky And They’re Much Tastier. If You’re A Bee.",1
"If These Little Bits Of Rainbow Don’t Work, We’ll Be Missing A Lot More Than Breakfast Cereal",0
Here's A Rap Video That Parents Will Be THRILLED To Show Their Kids,1
The Youngest Rappers I've Ever Seen Aren't 'Too Cool For School.' They're Actually *Making* It Cool.,0
Neil deGrasse Tyson Talks About One Of The Last Remaining Stereotypes Held Against Black People,1
I Could Not Believe Neil deGrasse Tyson Felt Guilty About Wanting To Be An Astrophysicist,0
I'm Not A Conspiracy Theorist But Learning About Movie Ratings Has Me Reaching For The Tin Foil,1
Q: Who Doesn't Want The Movie Rating Agency To Be Fair And Consistent? A: The Movie Rating Agency.,0
Amazing Footage Of Baby Sea Turtles Entering The Ocean For The First Time,1
"Baby Sea Turtles Are Delightful. So Let's Keep Them Around, Yeah?",0
5 Easy Ways To Make Yourself A Ridiculously Good Listener,1
"He Tells Us We All Suck At Listening, But Stick With It — He Also Tells Us How To Get Better",0
"She'll Have None Of Your 'Women Were *Given* The Vote' Crap, Thankyouverymuch",1
Remember When Women Were Given The Vote? No Such Thing.,0
"This Man Speaks The Truth, And Nobody Wants To Let Him Say It On TV",1
What The Regular Press Doesn’t Want Bernie Sanders Talking About,0
"In 1980, She Made A Statement. In 2014, All These Awesome Famous People Did Too.",1
"In 1980, An Edgy Rocker Made A Bold Statement. In 2014, *So Many* People Join In.",0
Takei Says 1 Word Before Colbert Disintegrates Him. It's A Big One.,1
Stephen Colbert? George Takei? Star Trek? Midterm Elections? 3 Of These 4 Things Have My Attention.,0
"This Man Speaks The Truth, And Nobody Wants To Let Him Say It On TV",1
A Few Secrets About That Election Coming Up. Bernie Sanders Spills The Beans.,0
What They've Experienced Is Horrific And Appalling. Even More Reason To Know About It.,1
What You Need To Know About FGM,0
"In 1980, She Made A Statement. In 2014, All These Awesome Famous People Did Too.",1
What's Better Than An Celebrity 80's Rock Sing-A-Long? One with A Point.,0
"Here's What It Feels Like To Be Gay, If You Are Straight",1
How To Break It To Your Mom That You Are Straight,0
"Here's How To Thank Your Dad, When Your Mom Raised You On Her Own",1
"If You're Looking For Adventure, Here's A Dad That Doesn't Have To Look Hard For It",0
A Mother Keeps What She Feels About Her Daughter Inside. Bit Not Any Longer.,1
"3 Generations Live Under The Same Roof. It's Not Always Easy, But It's Always Worth It.",0
One Man Hired Former Slaves Because They Knew How To Be 'Servile.' They Ended Up Forming A Union.,1
He Hired Them Because He Thought They Knew How To Be 'Servile.' They Ended Up Forming A Union.,0
What Brings This Mother To Tears Is Worth 3 Minutes Of Your Time,1
"Have A Mom? Watch This, Then Tell Her How Much You Appreciate Her.",0
It Takes A Few Seconds To Get Used To This Kid's Voice. That's When You Notice His Words.,1
Who Is This Kid? Why Does He Sound So Weird? And How'd He Get To Be So Awesome?,0
An Explanation Of The Pay Gap Between Men And Women That I’ve Never Heard,1
Why It's Still Better To Be A Man Than A Woman At Work,0
"So, A Guy Walks In, Takes Over Your Hair Stylist And Scares You Into Realizing Something. Not Funny.",1
Would You Let Some Stranger Tell You How To Do Your Hair?  Your Life? Didn’t Think So.,0
To The Men Who Think It's Okay To Marry Little Girls: I'd Like To Introduce You To A Few Grown Women,1
"When Muslim Women And Western Women Stand Together, There Will Be No Stopping Them",0
Watch The People At This Party Get Quite An Unexpected Lesson,1
Bill Gates & Hans Rosling Show Up At A Party Where The Drinks Come With A Knowledge Drop,0
"I Really Thought I Was Looking At A Picture For A Second, But No, These Are Drawings",1
This Woman Makes Incredibly Realistic Images Of Glaciers And Water For A Fantastic Reason,0
"No One Wanted To Touch The Golf Ball-Sized Lump In Her Foot. But To Her, That's Their Loss.",1
"She Got The Stick, And At First, She Didn’t Know What To Talk About. But Then It Just Flowed Out.",0
Watch A Child Star Be Really Good At Being Obnoxious For The Sake Of Everyone's Dignity,1
The Fact That She Can’t Stick To The Script Is A Metaphor. Or Is It Simile? Definitely One Of Those.,0
The Crucial Thing Kids Need To Know That Is So Painful To Tell Them: Until Now,1
How To Make The Most Awkward Kid Conversation Less Awkward,0
She’s ‘Legally Obligated’ To Let You Know You’ll Be A Lesbian After Hearing Her. I Like This Woman.,1
"She Needed To OWN Who She Was, But This Has Nothing To Do With The Oprah Winfrey Network",0
How An Adorable Dog Rescued A Veteran Who Was Tortured Inside And On The Brink Of Ending It All,1
He Says It Straight Out: 'This Dog Saved My Life',0
A Mom Finally Says What She Really Thinks About Her Daughter. And Her Reaction? Priceless.,1
See This Family Relearns 'Who's The Boss',0
A Mom Finally Says What She Really Thinks About Her Daughter. And Her Reaction? Priceless.,1
A Family Finally Says What She Really Think About The Mom In Charge. The Reaction? Priceless.,0
No One Wanted To Touch The Golf Ball-Sized Lump In Her Foot. Would You?,1
"If You Need To Feel Something Today, How About The Golf Ball-Sized Lump In Her Foot?",0
Got 7 Minutes To Be Wildly Inspired? Because This Is Some Seriously Good Stuff.,1
"Got 7 Minutes To Be Wildly Inspired? Love, The Planet.",0
"Here's What It Feels Like To Be Gay, If You Are Straight",1
How Not To React To Your Child Coming Out To You About Their Straightness,0
This Isn't Just About Racism. It's About How Money Divides Races Of People.,1
The World Sees Them As Walking Statistics. He's Saying They Don't Have To Be.,0
There’s Something That Keeps Happening Every Time Somebody Buys A Puppy From A Pet Store,1
"If You Love Dogs, Walk Right Past That Pet Store At The Mall This Holiday Season",0
"Unless You Want To Make A Soldier Sad, Don't Ask Him This Question Ever",1
The Only Question People Had Was About How Many Times He Had Hurt Someone In Combat. Not Cool.,0
A Mother Finally Says What She Really Thinks About Her Child. Her Daughter's Reaction? Priceless.,1
Imagine How Many Things Go Unnoticed In *Your* Family. Are You Ready To Care?,0
Meet A Woman Who You'll Definitely Want To Be Your Feminist Grandma,1
The Story Of Women’s Contribution To History Has Actually Never Been Told ... Until Now,0
"An Angry Historian Is Actually Quite Tired Of Your Version Of History, History",1
Stop Everything You're Doing And Listen To Someone Who Knows A Thing Or Two About Rights,0
"They Asked 50 Adults 1 Question, But The 5-Year-Olds Blew Their Answers Out Of The Water",1
Will People Ever Feel Good About Their Bodies? What's The Point? Oh Here It Is.,0
"An Angry Historian Is Actually Quite Tired Of Your Version Of History, History",1
"Whatever You Tell This Lady, Don't Tell Her She Was 'Given' Anything. Just Don't.",0
How A 5-Year-Old Totally Trumps Adults With An Incredibly Soul-Baring Answer To A Bad Question,1
What Some Adorable Kids Totally Teach 50 Adults: About Loving Their Own Bodies,0
50 People Are Asked 1 Personal Question. The Adults' Answers Made Me Sad. The Kids Made Me Smile.,1
Think Your 'Inner Child' Would Be Happy With Your Answer To This Question? I'm Not So Sure.,0
"‘The 6 Children Of The Bloke Who Founded Walmart Have … As Much As 150,000,000 Poorest Americans.’",1
"A Rant, About Minimum Wage And Unions, Featuring Russell Brand. Yeah, You’re Welcome.",0
Watch A Corrupt Human Being In A Jumpsuit Walk In Slow Mo. You Will Both Hate And Love Him. Promise.,1
"They Made The Perfect Political Ad With Jumpsuits, Race Cars, And A Jerkface Named Gil",0
"‘Six Children Just For Plopping Out Of The Right Vagina, Have Got As Much Money As Half Of America’",1
A Rant About Minimum Wage Descends Into A Bit About Feeding Poison Grey Milk From Evil Teats …,0
The Crowd Sat Quietly As A Man With A Laptop And Markers Gave Them Reason To Be Furious,1
What Does 0.24% of Hong Kong Have to Do With Us? Ugh. Too Much.,0
"From The Outside, They Seem Like Saints. But These Women See The Horrible Truth.",1
How Domestic Abusers With Disabled Partners Get Away With Their Crimes,0
"‘Six Children Just For Plopping Out Of The Right Vagina, Have Got As Much Money As Half Of America’",1
A Rant About Minimum Wage Descends Into A Bit About Feeding Poison Grey Milk From Evil Teats …,0
Neil Gaiman Went To A Place Most People Don't Want To Talk About And Talked About It,1
3 Million Syrian Refugees Would Greatly Appreciate It If You Learned About What The Hell Is Going On,0
"He Makes A Great Point About 'The Little Mermaid,' And Now I Can Never Un-See It",1
"Bad Guys In Movies Could Stand To Be More Evil, And A Lot Less Eeeeeeeevil.",0
Watching This Kid Pretend To Be President Obama Is Funny. The Message? Not So Much.,1
Kids Pretending To Be Hot Shot World Leaders? Hilarious. The Stats Behind The Vid? Not So Much.,0
He Said I Hope I’ll Be Back Soon. The Policemen Didn’t Say Anything. They Just Left Her There.,1
She Lost Her Dad But He Was Still Alive. Hear Her Story.,0
"He Was Supposed To ‘Suck It Up.’ (Which Is Horrible Advice.) Instead, He Found Someone To Play With.",1
Clarissa Matched Up Blade And DD. But This Isn’t What You’re Thinking. It’s Better.,0
She Told Her Daughter That She Might Quit Her Job. She'll Never Forget The 12 Year Old's Reply.,1
She Thought About Quitting Because Of 'Mom Guilt'. Her 12 Year Old's Response Changed Her Mind.,0
He Cried For A Week When His Parents Left Him. It Was For His Own Good. For As Long As It'd Last.,1
His Luck With 'The System' Has Been Really Bad. But His Optimism Will Make You A Fan Of His Cause.,0
"First He Called A Suicide Prevention Hotline, But The Next Call Is What Really Turned Things Around",1
"The Answer To His Problem Wasn't What He Was Expecting, But It Slept Next To Him All The Same",0
The Unfortunate Thing Is That The Punchline Is Something Women Are Actually Saying Every Day,1
This Proves How Ridiculous A Catcalling To Get A Date Actually Is,0
How One Kid Helped His Mom Made It Out Of Poverty By Selling Some Things …,1
He Was The First One To Go To College In His Family. Here’s How He Made It.,0
Her Videos Get A Lot Of Comments From Pissed Off Men. It's Exactly Why She Should Make More.,1
She Used To Be Afraid To Speak Up. This Is How One Video Changed That.,0
These People Aren't Straight But They Got What They Deserved At Church,1
A Large Group Of Americans Had Reasons To Expect Not-Niceness. They Were Wrong.,0
A Hilarious Over-The -Top-Parody Of 'Frozen' By 2 Guys Who Have 1 Big Awesome Reason,1
At First I Asked 'Why Are These 2 Guys Acting So Weird' Then I Remembered What Time Of Year It Is,0
He Thought Nothing Could Change His Luck Until He Changed His Name By One Little Letter,1
Two Identical Resumes. One With A Latino Name. The Other Anglo. Guess Who Got Offered The Job?,0
How One Kid Helped His Mom Make It Out Of Poverty By Selling Some Things …,1
"How This Kid Helped His Mom And Make It By Selling Some Things, And Now, He's In College",0
A Really Cool Interactive Map That Got A Lot Less Cool When I Realized What It Was Illustrating,1
5 Maps That Prove Why America Needs Sweeping Change And Start Protecting People Like Her,0
This Isn’t For People Who Want To Argue About Facts. Good Thing I Know You Don't Want To Do That.,1
It's Influenced People To Change Their Way Of Life. It's Birthed An Entire Industry. It's Big!,0
This App Will Tell You If Some People Who Work For You Are Doing Things You Don't Like,1
There's Some Power In Your Pocket That'll Help You Decide Who's On Your Side,0
Here's A Really Cool Interactive Map That Became A Lot Less Cool When I Saw What It Was Illustrating,1
These 5 Cool Interactive Maps Are A Lot Less Cool Than They Seem And Even Made Me A Little Mad,0
Some People Would Consider This Gay Stereotype An Insult. Not This Guy.,1
What's 'Weirder': Breaking Into Song Or Shooting Someone?,0
Neil Gaiman Went To A Place Most People Don't Want To Talk About. It's Time To Talk About It.,1
Neil Gaiman Went To A Syrian Refugee Camp And Talked About It So You Can Learn About It,0
He Plays A Great Party Boy On TV. I Never Thought I'd Be In His Classroom.,1
The Star Of 'Entourage' Wants You To Believe Money Grows On Trees. He Makes A Good Case.,0
"The People Laugh When They Hear A Founding Father's Name. But By The End, They're On Their Feet.",1
The Embodiment Of Hip Hop Is The Dude On $10 Bills? That's what *He* Thinks.,0
She Answers A Question About Doctors That No One Should Have To Ask,1
Weight And Health Are 2 Different Things. It's Surprising Who Doesn't Know That.,0
The Boring Thing Strangers Talk About To Make Conversation Is Actually A Really Important Discovery,1
Come For The Well-Timed GIFs And Movie Clips. Stay For The Science.,0
"She’s Spent 27 Years (And Counting) In Isolation. You’d Probably Go A Little ‘Mad,’ Too.",1
"We're Doing It With The Whales At Sea World. It's Time We Do It For The Elephants, Too.",0
The U.S. Is The Only Country In The World That Does This To 13-Year-Olds. Hint: It's Not Good.,1
"Rich And Guilty? Well, At Least You're Not Poor And Innocent.",0
The Most Hilarious Drug PSA I've Seen Says What People Really Need To Know,1
The Truth About Drugs That Your Politicians Can't Handle Without Your Help,0
A Famous Actress Posed Topless For A Photo Shoot — On 1 Condition. You'll Want To Hear Her Reason.,1
Keira Knightley Is So Gorgeous. But Even She's Been Photoshopped. That's Messed Up.,0
The U.S. Is The Only Country In The World That Does This To 13-Year-Olds. Hint: It's Not Good.,1
TV Writers WISH They Could Dream Up The Stories This Lawyer Tells,0
"Why Do Sexual Assault Survivors Feel Shame? A Cartoon Sums It Up. By The 4th Panel, I'm Taken Aback.",1
A Cartoon Showing Important Things Every Rape Survivor Must Know,0
This Is A Fascinating Way To Keep The Peace. In A Maximum Security Prison.,1
They Didn't Want Their Lives To Be Defined By Prison. Making The Team Was A Way To Change That.,0
Consider *This* The Next Time You Say 'Thank You For Your Service' To A Soldier,1
Nothing Could Prepare Him For The Question He'd Get Asked When He Came Back From War,0
The Celebrity Did-You-Know Video That'll Make You See The World In A Totally Different Light,1
Adrian Grenier's Other 'Entourage' Is A Lot Less ... Well ... Hollywood. But Man Are They Smart.,0
Only 1 Country Does This Terrifying Thing To 13-Year-Olds. It's The U.S.,1
The U.S. Is The Only Country That Sentences 13-Year-Olds To Die In Prison. That's Terrifying.,0
"I'm Not Sorry I Wrote It, But It Is Weighing On My Heart. Leaving An Abuser Is Dangerous.",1
You Are Not The Things He Calls You.' The Letter We Published At Upworthy Is Keeping Me Up Nights.,0
"Once Upon A Time, There Was A Prince, A Knight, And A Princess. Guess Which Two End Up Together.",1
"Here Are Some Adjectives Of Things In This Children's Book: Neighs, Yays, Hays, Sprays, Rays, And G-",0
This Map Of Where The Ebola Virus Is In Africa Puts Things Into Perspective For Me,1
"If Florida And Georgia Became Sick Tomorrow, Would We Quarantine Alaska Too?",0
These Guys Just Invented An App That'll Change The Way Bosses Watch Our Workers,1
"Watch How Your Employees Are Doing Right Now (Yeah, You Have People That Work For You)",0
He Makes The Best Pro-Life Argument I've Heard In A Long Time,1
"I Think We Can All Agree, Killing Children Is Not A Great Way To Solve Our Differences",0
An Injured Vet Gets To Hear What His Service Dog Really Thinks Of Him,1
An Injured Vet Tells You About How Transformative His Service Dog Has Been,0
If You've Ever Wondered What It's Like To Have ADD ... Here's The General Idea,1
Have You Ever Wondered What Is Going On Inside That Kid's Head? Why Can't She Focus?,0
These 4 Tweets Tell You All You Need To Know About 'Gang Signs',1
Newsflash: Pointing At Someone Is Not The Same As A Gang Sign,0
Here's What Happens To Your Brain When You Experience A Traumatic Event,1
The Relationship Between PTSD And Addiction Is Much More Gray Than You Think,0
A Terrifying 'Walking Dead' Parody That Isn't Actually A Parody Because It's Real Life,1
What's The Difference Between College Graduates And Zombies?  Their Credit Scores.,0
"I Thought I Knew About Birth Control, But These 2 Ladies Just Proved Me Wrong",1
"Whoa, Birth Control, Just How Do You Do It?!",0
"He Was Just 'Being Friendly', Until His Neighbor Started Being More Friendly To Him Than He Wanted",1
"If You Cause A Woman To Take Out Her Headphones For This, You're Gonna Have A Bad Time",0
She Took A Photo Of Herself In Public And Couldn't Help But Notice How People Where Checking Her Out,1
She Feels Fine About Her Appearance But The People Around Her Have A Questionable Gaze,0
His Body Was Sending Him Mixed Messages Then He Realized Were Not Mixed At All,1
A Trans Man Explains His Experience In Realizing Who He Is,0
This Is One Of The Worst Disappearing Acts I've Seen. There's Nothing Magic About It.,1
Have You Ever Considered That Climate Change Is A Reason Some People Literally Murder Other People?,0
A Butcher Surprises A Store Full Of People With A Interesting Lesson About Humanity,1
A Store Full Of People Experience An Unexpected Lesson From A Jolly Butcher,0
"If You're A Princess, This Shining Knight Won't Be Into You. But! He'll Probably Give You A Pumpkin.",1
Love Everything About Autumn? So Does This Pumpkin Knight.,0
A Dad Supports His 13 Year Old Daughter's Dream: Even If It Means Never Seeing Her Again,1
I've Never Seen A Kid As Determined And Passionate. Her Dream? To Be The 1st In The World.,0
A Dad Supports His 13 Year Old Daughter's Dream: Even If It Means Never Seeing Her Again,1
Meet The American Girl Who Could Beat Out The World To Be The 1st Person On Mars,0
"These Animals Travel At 55 MPH, But Does That Mean We Should Share The Road?",1
Is It Easier To Change An Antelope’s Behavior Or A Human’s?  They Bet On The Antelope.,0
He's A Young Veteran Who Felt Like A Unicorn When Civilians Talked To Him. So He Started Something.,1
A Young Veteran's Fix For Having A Hard Time Connecting With People? Talk To More People.,0
John Oliver Chugs Some Vodka To Prove A Point About America's Horrible Education Scam,1
"What If Every Time You Did A Shot, Your Kid's School Got More Money? It'd Look Like This.",0
They Both Lost People They Loved. The Question Was How To Go On.,1
2 Soldiers Tell Stories For Veterans Day. But These Aren't Just Any Stories.,0
John Oliver Chugs Some Vodka To Prove A Point About America's Horrible Education Scam,1
"If You Think The Lottery Helps Fund Education, You're Wrong. And Being Lied To.",0
They Showed His Dog Leaning Against A Door And Then It All Made Sense To Me,1
His Dog Helped Him So Much That He's Trying To Get 1 To Every Vet Who Needs One,0
The First 4 Seconds Might Confuse You. Until You Hear What The President Is Fighting For.,1
"If You Like Your Internet Free And Open, You'll Want To Hear What The President Is Fighting For",0
"One Third Of Our Country Voted During Midterms. That's Sad, But Wait 'Til You See The One Third.",1
He Publicly Shames Everyone Who Didn’t Vote During The Midterm Elections ... And It's A Long List,0
How Does The Media Talk About Female Victims Versus Male Victims? The Answer Is Disgusting.,1
"Once He Shows How The Media Talks About These Victims, It Makes Sense Why More Don't Come Forward",0
"She Got A Birthday Card From Her Mom, But The Name On  It Broke Her Heart",1
"She Introduces Herself To Her Mom Every Day, Hoping For Just One Minute With Her",0
"One Third Of Our Country Voted During Midterms. That's Sad, But Wait 'Til You See The One Third.",1
We’re Supposed To Live In A Democracy. So Why Are Only Rich Folks Deciding Our Future?,0
A Haunting Look At What Happens When We Make Our Kids 'Behave',1
Blue For Boys And Pink For Girls? That's Just The Tip Of The Iceberg That's Sinking Our Kids.,0
"If You Don't Already Hate The War On Drugs, Here Are 43 More Reasons",1
Why Are People In Mexico Taking To The Streets?,0
2 Quotes From A Famous Veteran That Show How Much Pain War Causes,1
He Fought In Iraq. Then He Became Paralyzed And Fought For Peace. Here Are Words Of His To Live By.,0
That One Time 14 Million Americans Boycotted Something That Pretty Much Everybody Ate,1
Why People Who Helped Food Get To Your Table Stopped One Kind Of Food From Doing So,0
Find Out The Really Sad Thing America Spends A Ton Of Money On,1
Nothing In Life Is Free. Not Even Violence.,0
"If The Danger Doesn't Motivate You, Maybe The Price Tag Will",1
Climate Change Is Doing A Lot More Damage Than Interfering With Our Wardrobe Options.,0
They're Being Called 'Walmart's Worst Nightmare.' And I *Really* Hope It Comes True.,1
What Do Walmart And Its 'Worst Nightmare' Have In Common? A 'W.' And Retail. But That's About It.,0
"It's Almost Like Another Country Voted During The Midterms, One That Doesn't Really Look Like Us",1
Only A Third Of Our Country Voted During The Midterms And They Can Fit On 1 Big Exclusive Island,0
This Little Girl's Disease Is Highly Predictable And Manageable. Too Bad She Lives In America.,1
Ending Up In The Emergency Room Shouldn't Be This Easy,0
"About 50 Years Ago, 14 Million Americans Stopped Eating Grapes. For A Very Good Reason.",1
"50 Years Ago, Filipino And Hispanic Farm Workers Began Something That Seemed Impossible",0
"If World War lll Doesn't Start Soon, It May Be Time To Break Out The Champagne",1
How Come The Media Never Reports This About War? Because They Wouldn't Have Much Left To Report.,0
The Best Thing To Happen On Election Night Was A Law In Florida That Makes Elections Suck Less,1
"The Capital Of Florida Just Passed A Law To Get Money Out Of Politics. Yes, That Florida.",0
Millions Of People Have Looked At This Painting. Why Did It Take 125 Years For Us To See It?,1
It's Too Easy To Say That Madness Let Him See The Truth ... Right?,0
The Real Reason So Many People Don't Eat Healthy Food -- And What 1 Woman Is Doing To Change That,1
"There's A Desert In Her City -- And In Yours, Too. But What Kind?",0
I Woke Up This Morning To News I Didn't Think I'd Ever Hear,1
"For All Of You Hoping For Some Good News About Our Climate, Here You Go",0
This Map Is Looking More Blue Every Year And It's A Really Incredible Thing,1
These Are The Places Where Malaria Still Lives In The World,0
It's Not That I Dislike These 85 People In The World. It's Just That *We* Can Do Better.,1
"If Life Is One Big Teeter-Totter, Here's The Side I'm Cheering For",0
The Danger Might Not Motivate You. But Check Out The Price Tag. That Might Do It.,1
"If I Wasn't Inclined To Do Something Because Of The Danger, The Cost Would Definitely Motivate Me",0
I Wondered Why A Little Girl Was Singing About Being Sexy And Taking Off Clothes. Then I Listened.,1
The Best Way To Teach Your Kids A Super Important Message? Sing It With Them.,0
The Most Adorable Things Saved By A Law From The 70s,1
We Found Something That The Government Succeeded At Doing! Saving Baby Animals From Extinction.,0
Watch Each Member Of A Family Say Right Into The Camera What They Think Of Each Other,1
It's Pretty Great To See How Good A Man Her Son Is Going To Become,0
"It’s A Miracle That They Keep Their Clothes On All Day, But I Wouldn't",1
They Don’t Want To Leave Their Homes. They Feel What’s Lurking Outside.,0
What A Great Idea. A New Typeface That Outwits Dyslexia.,1
What We Need Is More Diversity. In Our Letter Shapes. That’s What I Know Now. Seriously.,0
"They’re Called ‘Pollinators,’ But They’re Not Bees. They’re People. And They’re Heroes.",1
"Today's Heroes Do Things Like 'Pollinate."" (They're People, Not Bees, And It's Not About Plants.)",0
Kids Never Used To Get Named At Birth Here. It's Pretty Sweet Why They Do Now.,1
"I Wanna Ask To See Their Birth Certificates, And I Think They'd Be Pumped About It",0
Looking For A Job? Here's A Growing Sector.,1
Are You Using Electricity To Read This? Here's Some Great News.,0
Jason Alexander. 30 Seconds. A Path To Fixing What's Wrong In America. Go!,1
Spend 30-ish Seconds With Jason Alexander And Get Inspired To Fix What's Wrong In America. Go!,0
Check Out These 7 Stunning Photos Of The Comet We Just Landed On,1
Do You Believe In Science? You Will After Viewing These Incredible *Space Photos*.,0
I Didn't Fully Understand My Health Insurance Until I Watched This Cartoon. Really.,1
"HMO, PPO, WTF, LOL: Don’t Go Crazy Trying To Understand Health Insurance. There’s A Better Way.",0
"It Starts Off Cute And Catchy, But Soon This Ingrid Michaelson Video Takes A Turn For Touching",1
The Best Catchy Message From A Pop Star? 'We're Gonna Be Alright',0
A School In Switzerland Tried An Experiment. They Might Be The World's Luckiest Children.,1
What Warms My Heart Is Stimulating These Kids' Brains,0
"There's The Rich, There's The Poor, And A Part That I Never Considered",1
"When They Wave Their Magic Money Wands, The World Takes Another Step Back",0
Feminists Reading Mean Tweets About Themselves. And These Are Just The Tip Of The Iceberg.,1
A Glimpse Into What It's Like Being A Woman On The Internet,0
The Roughest Celebrity Video I've Very Seen. Even These Stars Look Completely Shocked.,1
These Celebrities Are Completely Shocked At What They’ve Just Learned Happens To These Dogs,0
Watch A Stressed Out Mother Hear Exactly What Her Kid Thinks Of Her,1
Watch This Family Say Right Into The Camera What They Think Of Each Other,0
Mosquitoes Are Total Discriminatory Jerks And Here's The Proof You Need To See,1
Mosquitoes Are Big Little Jerks And This Guy Has 3 Reasons Why,0
Let's All Take A Moment To Celebrate The Adorable Things That Didn't Die Forever,1
"Good Job, America! 40 Years Ago, This Set Of Laws Saved Lives.",0
"After Living Through What He Did, Most Would Give Up. But He's Not Like Most.",1
Sometimes A Hero’s Story Skips The Hollywood Ending And Sometimes That's OK.,0
What If Watching One Little Video Saved You Thousands On Your Bills?,1
"Don’t Go WTF Trying To Figure Out PPOs And HMOs. IMHO, There’s A Better Way.",0
The Very Good Reason You Should Totally Copy Demi Lovato's Type Of Selfie,1
"How Demi Lovato, Lily Collins And Other Celebs Are Giving The Finger To Bullies",0
These Are Real Tweets Sent By Real People To Real Women. WTF!?,1
Here Are Real Women Reading Real Tweets Sent To Them By Real People. WTF?!,0
How Some People Decided To Take Their Holidays Back From Retailers,1
How To Enjoy The Holiday Weekend Without Hitting The Shops,0
At First You Think They're Just Playing Around. Then The End Happens.,1
"They’re Just Playing Around At The Beach, But At The End Things Get Serious",0
"Seeing So Much Nudity Might Be Shocking, But Not When You Hear The Message In The Song",1
Every Kid Should Hear This Message (But Probably Shouldn't Watch This Video),0
She Was Upset About Her Preschooler Being Suspended. When She Spoke To The Other Moms It Got Weird.,1
"Not Only Is The School To Prison Pipeline A Real Thing, It's Starting As Young As Preschool",0
That One Time I Made My Son’s Teacher Cry By Sending Her A Letter From Another Teacher,1
Our Kids Came To Us Because They Lost Their Family. It Can Make Them THOSE Kids. But Not To Us.,0
The Kind Of Selfie Jenna Elfman Took That I Wish Every Celeb Would Take,1
The Kind Of Selfies Demi Lovato Took That I Wish Every Celeb Would Take,0
"When We Think 'Homeless,' We Don't Picture This Face",1
A Startling Reminder Of What Could Happen If We Don't Start Changing Things Right Now,0
Why Putting Your Finger In Your Selfie Will Give You A Warm Fuzzy Feeling Inside,1
1 Simple But Important Reason Jenna Elfman Wants You To Put Your Finger In Your Selfie,0
These Teens Don't Need Super Powers Or Capes. They're Kicking Butt With Their Imaginations.,1
"They've Accomplished So Much In Their Teens, Imagining What They'll Do As Adults Is Hella Exciting",0
The Number One Truth About Dictionaries That Few Of Us Learned,1
That Big Book You Turn To When You Want To Look Something Up? Maybe It's Not *That* Trustworthy.,0
A Guy Went In For A Good Night Kiss And It Resulted In A Punch To The Face. Here's What He Did.,1
How Hate Turned Into A 'Love Is Louder' Movement. All It Took Was A Punch In The Face.,0
Two People Created A Show To Combat Bad News. It's Pretty Great.,1
This Show Is Like The Phrase 'Turn That Frown Upside Down' Except For The News Cycle,0
"A Scientific Way Of Feeling Rich, Even If You're Not",1
A Very Specific Way Your Money Can Buy Happiness. It's Simple Science.,0
Here's What Every School Should Put Right Next To The Swing Set,1
The Best Way To Get Kids To Eat Their Veggies? Have Them Grow 'Em.,0
What You Can Spend Money On That Will Actually Make You Happier - Science Says So,1
How Not To Feel Blue Or Go In The Red On Black Friday,0
How Not To Forget The True Meaning Of The Holidays,1
Were Last Year's Holidays A Blur? Here's How To Make This One Memorable.,0
"It Was Fourth Of July, So She Wore A Tight Red, White, And Blue Dress. Then Came The Comments.",1
Laverne Cox From Orange Is The New Black Gives A Speech About Bullies. Really Helpful Advice.,0
8 Ways Adults Can Bring Fun And Joy Back Into Their Holiday Season,1
8 'Other' Ways You Could Be Spending Your Time On Thanksgiving Weekend,0
Here's What Every School Should Put Right Next To The Swing Set,1
The Real Reason Kids *Should* Be Playing With Their Food,0
Bernie Sanders On The Colbert Report: ‘I’m THINKING About Running For …’,1
Will Bernie Sanders Run For President? Here's What He Told Stephen Colbert.,0
"He Had Our Country's Back, Now Some Pretty Decorated Youngsters Have His",1
"He Bowls, He Golfs, And Thanks To Them, He Doesn't Miss His Leg One Bit",0
Here's What Every School Should Put Right Next To The Swing Set,1
"Maybe In The Future, *Every* School Will Have One Of These On School Grounds",0
The *Real* Reason Why Drugs Like Marijuana And Coke Are Illegal. It's Not What I Expected.,1
What Is More Dangerous: Shooting Up Drugs Or Laws Against Drugs? The Answer Shocked Me.,0
"I Wanted To Like This Woman, But The Selfies Were Too Much. Also, Everything Else About Her.",1
Her Trip To Africa Includes Throwing Food At People And A Ridiculous Game Show Parody,0
A Science Guy Helps 3 Dudes From America Understand What They're Really Up Against,1
What Motivates Him Is The Fear Of An Incredible Loss. That's Why His Friends Flew Across The World.,0
A Little Girl’s 9-1-1 Call That Will Break Your Heart,1
They're Called The Silent Victims. It's Time We Raised Our Voices To Help.,0
These 2 People Have 1 Unique Way To Say 'Scram' To The News You Once Knew,1
NEW News? This Wants You To Enjoy Watching It. Say Goodbye To Being Scared.,0
A Bunch Of Celebrities Recorded A Song To Raise Money For Ebola. Meet The One Who Said 'No Thanks'.,1
"This Celebrity Filled Song Is Raising Money For The Ebola Crisis, But There's One Who's Missing",0
10 Fabulous Ways Lucille Ball Was The Complete Opposite Of Her T.V. Character,1
How Lucille Ball Paved The Way For Women,0
"If You Can Make It Through The Whole Thing Without Saying 'I've Wondered That', You Get A Slow Clap",1
Her Answers To Questions From Strangers Strikes The Perfect Balance Of Actual Information And Snark,0
She Found Other People's Incredibly Personal Photos. And She Posted Them All Over Facebook.,1
"In 2011, An Awful, Destructive Thing Happened To Them. One Woman Got Lucky. So She Helped Others.",0
Nothing Prepared Me For This Mind-Bending NASA Video About What Went On Across The Earth During 2006,1
NASA’s Computers Reveal The Secret Life Of Carbon In The Atmosphere And It’s Totally Riveting,0
3 Lessons From Hip-Hop History That Every Young Person Ought To Know,1
How A Bunch Of Kids In The South Bronx Used Some Dusty Old Records To Change The World,0
The Fact That Sometimes Innocent People Are Executed Is Enough To End The Death Penalty. But This?,1
"Let’s See … Hire Cops, Pay Teachers, Buy Books For Schools. Or Kill People. Hard Choice, Right?",0
"At First I Was Skeptical Of This Woman, But When I Saw What She Does Every Day I Was Thrilled",1
Everybody Needs To Eat. So Why Do We Let Food Divide Us?,0
2 People Took A Camera To 3 Countries. What They Discovered Might Change News Forever.,1
Say Goodbye To The News You Once Knew. These 2 People Have Invented New News.,0
Kim Jong Un Would Really Hate For You To Watch This Which Is Exactly Why You Should,1
"In Her Country, You Can Be Executed For Watching A Hollywood Movie",0
"When He Sees His Mom, Pure Joy. Why Would Anyone Want To Keep Her From Him?",1
"Hey Minds, Wanna Get Changed? Prison Visits Are Good For Kids Of Incarcerated Parents.",0
"The Food Is Good, But The Service Is Priceless",1
"27,000 People Say There Is Definitely Such Thing As A Free Lunch",0
Ever Wonder Why People 100 Years Ago Died So Much Younger? It's These 14 Reasons.,1
14 Awful Diseases You Never Had To Deal With Because You And Everyone Around You Was Vaccinated,0
I Once Trusted Them. I Found Out They Killed Several Teenage Boys And Now My Trust Is Gone.,1
I Thought They Were Good Guys. Then They Killed Many Teenage Boys And My Trust In Them Is Squashed.,0
"When These Bright-Eyed Young People Shared Their Secret, My Stomach Dropped",1
First These Young People Share Their Passion. Then They Share Their Secret.,0
See The Hilarious Alternative To Getting Health Insurance,1
Introducing The Luck Health Plan. You’ll Be Okay. Probably. I Think.,0
Nothing Prepared Me For This Mind-Bending NASA Video About What Went On Across The Earth During 2006,1
This Is Not About What You See When You Look Up In The Sky. This Weird Stuff Is What You Can’t See.,0
"If You Can Dry Your Hands Without Thinking Of This Video Every Time, I'll Be Genuinely Surprised",1
"One Is Greener, One Is Cleaner. Which Is Better?",0
A Lesbian Gets Called Dad In Front Of Her Niece And Responds The Best Way Possible,1
"You Know That Phrase, 'You Are Either With Us Or Against Us?"" Here's Why That's Dumb.",0
The *Real* Reason Why Drugs Like Marijuana And Coke Are Illegal. It's Not What I Expected.,1
Why Are Some Drugs Are Illegal? Why Is There Even A War On Drugs? I Didn't Expect The Real Story.,0
Learn Why You Shouldn’t Freak Out About Ebola In About ... 5 Seconds.,1
3 Out Of 53 Countries In Africa Have An Ebola Virus Problem. Why Does It Seem Like There Are More?,0
"These Women Were Described As Childlike, Annoying, And Grating For Something They Can Never Change",1
"We’re Told To 'Find Our Voice' But What If When We Did, Nobody Wanted To Hear It?",0
Some Don't Like It When He Sees His Mom. But To Him? Pure Joy. Why Keep Her From Him?,1
Going To Jail *Should* Be The Worst Part Of Their Life. It's So Not. Not At All.,0
"They Had Been Getting Away With Killing Teenage Boys For Years. Then August 9, 2014 Happened.",1
"They Tear Gassed Children And People On The Streets. Yet To Many, They Are Still Heroes.",0
Eva Longoria Brings Stephen Colbert A Tomato. I Didn't Expect It To Get As Serious As It Got.,1
"Getting Paid 2 Cents Wouldn't Make Much A Difference In Anyone's Life, Except Theirs",0
Did You Know There's An Abortion Desert In The U.S.? Allow This Really 'Female' Puppet To Show You.,1
Maybe Using A Puppet To Talk About The 'A' Word Will Help People Learn About A Serious Crisis,0
Take 2 Minutes To See Why Linkin Park's Frontmen Decided To Open Up On Camera,1
They Know Some Of Their Fans Can Be Cynical. That's Why They Stepped In Front Of The Camera.,0
This Map Of Where The Ebola Virus Is In Africa Puts Things Into Perspective For Me,1
Why Africa’s Health Is Not As F****D As You Thought,0
Nothing Prepared Me For This Mind-Bending Look At What Went On Across The Earth During 2006,1
"Those Beautiful Swirling Clouds Look Like Fire In The Sky, And They Might As Well Be",0
It Was Just One Day Out Of Melissa's Life. Why Are People Using That One Day Define Her?,1
A Doctor Was Murdered For Trying To Give Women Like Her A Choice,0
The Cops Tried To Bust Him For Playing With A Rocket Launcher On A Roof. But He Schooled Them All.,1
"He May Have Started As Subatomic Particle, But A Few Billion Years Later He Became A Giant Star",0
The Cops Tried To Bust Him For Playing With A Rocket Launcher On A Roof. But He Schooled Them All.,1
A Young Neil Tyson Had To Teach Some Cops A Lesson. That Was Only The Beginning.,0
I Don't Care What Political Party You Belong To. Let's All Agree That This Is Awesome.,1
They Just Passed A Law In Florida That Gives Corporations The Middle Finger And You More Awesome,0
"A Lesbian Takes Her Niece To Meet A Princess, Is Mistaken For Her Dad, And Handles It Really Well",1
How Would You Respond If Someone Called You By The Wrong Gender? In Front Of Children?,0
How One Artist Made His Parents More Uncomfortable Than They've Ever Been Before,1
How It Is To Make Your Boyfriend Attend The Most Awkward Dinner Party WIth Your Parents Ever,0
A Man And His Boyfriend Sat Down For Dinner With His Parents. It Didn't Go Well.,1
How One Guy's Haitian Parents Reacted To The Man He Was Dating,0
A American Man And His Boyfriend Sat Down For Dinner With His Caribbean Parents. It Didn't Go Well.,1
Four Prongs Poked At Food No One Was Eating ... But Me.,0
Nothing Prepared Me For This Mind-Bending Look At What Went On Across The Earth During 2006,1
"Batman And Superman May Be Able To Save Gotham And Metropolis, But It's Up To Us To Save Our Home",0
What She Thinks Really Happened To The Missing Nigerian School Girls,1
"What Happened To The Missing School Girls May Be A Secret, But She Knows Some Things",0
You Think It Keeps You From Getting Sick. It Doesn’t And Costs You More $$$.,1
"‘Tis The Season For Sharing Germs, So You’ll Want To Hear This Guy Talk About How To Stay Healthy",0
One Thing To Keep In Mind Every Time You Approach A Sink,1
This Is A Beautiful Example Of How Playing It Safe Can Be Easier And Cost Less Too,0
"It Usually Sounds Awful When We Sing With Headphones On. But Just Sometimes, It's Beautiful.",1
"After Treatment And Beyond Hope, There Can Still Be Joy, Thanks To An Heartwarming New Discovery",0
This Massively Clever PSA Found A Way To Spread A Message Few People Talk Openly About,1
These Guinea Pigs Aren’t Just Cute. They Could Save Your Life.,0
"She Sounds Stupid And Like She Lacks Confidence, But Here’s The Astonishing Reason Why",1
Many Women Share The Same Struggle. And It Starts As Soon As They Open Their Mouth.,0
Cops Thought The Black Teen Had A Rocket Launcher. So Neil Taught Them All A Lesson.,1
"Being A Rockstar Nerd Is Unlikely Enough, But How He Got Here Is The Awesome Part",0
8 Gay Things We Were Taught As A 90s Kid,1
8 Spirit Animals From The 90's You'll Probably Want To Remember,0
She's Allowed To Teach Kids About Sex But It's Horrifying What She's Leaving Out,1
Good Teacher Are Teaching Bad Ideas About Sex And It Dosn't Look Like It's Helping,0
The Way A Love Of Music Is Bringing These Lost Souls Back To Life Is Enough To Make Anyone Cry,1
Imagine How Happy It Makes These Families To See Their Lost Loved Ones Returned To The World,0
"Seeing What A Scared Puppy Forced Herself To Do, Pretty Much Melted My Heart",1
"I Could Almost Feel The Puppy's Heart Fall, As She Watched The Other Dog Get Caught",0
You're Probably More Used To Seeing Him Shirtless And Tattooed. But This Was An Important Occasion.,1
2 Celebrity Musicians Call For Their Fans Help With The Biggest Project They've Ever Taken On,0
"He's Not Even Going To Talk About The Controversial Part. But Don't Worry, It's Still Interesting.",1
John Green Teaches Us A Fascinating History Lesson About Science,0
They Plan To Set Up Their Own Country. Are You In?,1
There Are Enough People With Diabetes To Form The World's Third-Largest Nation,0
You See This Store Everywhere. Did You Notice What’s Different About It?,1
A Major Pharmacy Just Stopped A Super Profitable Item. Here's Why.,0
"You Might See Ariel's Red Hair First, But This Trailer Exposes Plenty Of Red Flags About The Movie",1
They Say Honesty Is The Best Policy. Disney Miiiiiight Not Like That Policy.,0
To That Annoying Uncle Who Called NASA's Budget A Waste: This Is How Wrong You Are,1
NASA Has An Entire Magazine Devoted To Everyday Tech That Was First Used For Space Travel,0
Think These Things Are Super Gross? Wait 'Til You See What They Can Do.,1
She Works With Magic Mushrooms (But Not The Kind You're Thinking Of),0
What Anne Rice Thinks Gay People Have In Common With Vampires,1
"Ghosts, Sex, And Gender. Anne Rice Throws Down Some Strong Opinions.",0
How Long Do You Want To Live? See One Doctor's Very Particular Answer.,1
Zeke Doesn't Care To Live Past 75. James Wants To Convince Him Otherwise.,0
"If Your Kids Are Old Enough To Get Satire, This Is Worth Sharing With Them Before The Holidays",1
Chris Rock Is Going To Say Something That *Could* Cut Down Your Holiday Spending This Year,0
He Saw A Sight That No Other Human Will Ever See — It Was Breathtaking,1
A Polar Explorer Answers His Most Important Question: Why Bother Leaving The House?,0
"A Dude From England Explains What Sucks About Being Born American, Makes A Reasonable Point",1
An Englishman Uses Legos To Explain Why If You Are Broke In America You May Always Stay That Way,0
"Divers Wondered If It Was Supernatural, Or Maybe Aliens. And Then They Caught Him Doing It.",1
"Far Below the Floating Garbage, A Small Creature Is Doing Something Weird And Beautiful In The Sand",0
7 Ways To Figure Out When You’re Being Brainwashed,1
Every Country Uses It. Find Out How To Spot It.,0
"Some Don't Like It When He Sees His Mom, But To Him It's Pure Joy",1
1 In 28 Kids Have A Parent In Prison. Let's Listen To The The Story They Want To Tell.,0
Never Before Seen Footage Of The Impossibly Creepy And Totally Fascinating Angler Fish,1
"There Are No Tooth Fairies In The Deep Ocean, But There Is The Angler Fish. Here's A Rare Look!",0
We've Spent Billions Of Dollars To Explore Space And This Is All We Got,1
I'm Completely Unimpressed By All The People Who Say That We Don't Get Enough Out Of Exploring Space,0
A Chronically Single Person Asked Dan Savage For Relationship Advice. Here's His No-Nonsense Reply.,1
"In His House, They Call It 'The Price Of Admission.' It Sounds Fair Enough, If You Ask Me.",0
Listen Up Canada: The World Is Watching And They Saw What You Did,1
It's Like That Part Of The Movie When The Bullies Are Finally Told Right Off,0
Here's What Happens When Women Don't Dream About Their Wedding Day,1
Someone Asked This Comedian About Her 'Dream Wedding' So She Gave The Perfect Response,0
"What They Thought Was A Typical Dog Rescue, Ended With A Stunning Discovery",1
There's So Many Ups And Downs To This Dog Rescue That You'll Need A Tissue On Standby,0
Listen Up Canada: The World Is Watching And They Saw What You Did,1
David Suzuki Blasts The Mounties After They Arrest His Grandson,0
A Hilarious Comedian Explains Just How Wrong We Are When It Comes To Christmas,1
Chris Rock Wants To Jam The Way You Think About Christmas Shopping,0
Here's Why I Don't Give A Crap About The National Debt,1
Why My Brain Feels Like A Twisted Rag When Politicians Whine About The National Debt,0
"The More She Explains What These Can Do, The More My Jaw Drops",1
"The More She Explains, The More Optimistic I Get — Such A Simple Fix For Some Disgusting Problems",0
"She's The Last Person Left Who Can Speak This Language, But She's Not Letting It Go Without A Fight",1
I Didn't Think She Could Succeed. But Then I Saw How Determined She Is.,0
Here's What Happens When Women Don't Dream About Their Wedding Day,1
"When Women Don't Dream About Their Wedding Day, What The Heck Do They Dream About?",0
Depression In Teens Looks Almost Nothing Like Depression In Adults,1
Why It Can Be Hard To Tell A Depressed Teen And Normal Teen Apart,0
They Stuck A Microphone In The Soil And This Is What They Heard (With Edward Norton's Help),1
"Listening In On The Soil Isn't Easy, But Their Technology Plus Edward Norton's Voice Nail It",0
Are You White Or Straight Or A Man? Here's How Not To Be Super Terrible At Helping The Rest Of Us.,1
How To Avoid Being An Unintentional Jackass While You're Helping Someone Who Needs It,0
The Truth About The Ferguson Case That Most People Won't Acknowledge,1
Some Math About The Reality Of The Next Ferguson And Some Poetry About The Current One,0
Michael Brown's Mother Has One Request. Here Are 5 Reasons For Why We Should Honor It.,1
They Want Your Help Honoring Their Son. Their Request Means Safer Streets For *Everyone*.,0
Here's What Happened In A St. Louis Club The Night The Darren Wilson Verdict Was Announced,1
He Thought Of His 2 Sons. He Cried. He Hugged His Wife. And He Took The Stage With An Open Heart.,0
The Cartoon Isn't Funny. And Neither Are These Numbers That Support It.,1
"We're Pretty Good At Ignoring These Problems, But By Putting Them Together Maybe We'll Pay Attention",0
10 Cartoon Frames That Expertly Deliver 1 Inspirational Reminder,1
"Short, Inspirational Cartoon On Working Your Butt Off To Become An Astronaut. Or Anything, Really.",0
"Dip Your Meat In Meat Sauce? Own A Meat Funnel? Well, Put The Pork Chop Down And Come With Me.",1
"Bacon May Be Proof That God Exists, But Even God Rested For A Day",0
"30 Seconds In, The Dog Whimpers. And My Heart Drops. Thankfully, This Story Has A Happy Ending.",1
"This Guy And His Dog Nearly Broke My Heart. Thankfully, Responsibility Won The Day.",0
Nothing About This Restaurant Should Work. Everything About It Works Perfectly.,1
He Wanted To Feed People. He Got More Than He Bargained For.,0
Did You Know There's An Abortion Desert In The U.S.? Allow This Really 'Female' Puppet To Show You.,1
"There's A Women's Health Crisis In America. Allow This ""Womanly"" Puppet To Explain It To You.",0
Why Aren’t All Rivers Straight? The Answer Is Kind Of Mind-Blowing.,1
Why Aren't All Rivers Straight? Because There Is A Disturbance In The Force.,0
"Think About The Best Food You've Ever Tasted. Now, Here's The Backstory.",1
"The Earth's Skin Is A Lot Like Ours. It's Not Very Thick, It's Alive, And It Needs Proper Treatment.",0
"Before You Argue On The Internet, Stop And Hear This Dude Give You A Few Good Pointers",1
The Ultimate Guide To Not Sounding Like A Fool When You Jump Into Online Debates,0
Monster' Is Too Gentle A Word For What Their Camera Captured. Seriously. My God.,1
"It's So Ugly It's Almost Beautiful. Disgusting, Scary And Riveting All At The Same Time.",0
The Big Thing About Solar Power I Never Understood Until Someone Grabbed A Whole Lot Of Yarn,1
"They’re Big, White, And Pretty, But They’re Messing With Our Future. Jerks! (OK, I’ve Calmed Down.)",0
"He Tattooed ""Property Of"" Permanently On Her Body. But Now She Knows That Nothing Lasts Forever.",1
Ever Heard Of A Tattoo Scholarship? It's Probably Not What You Think And It Just Might Make You Cry.,0
They Call It Black Gold And It's Pretty Miraculous Stuff,1
Some People Take Playing In The Dirt Really Seriously. They Find Some Pretty Cool Stuff.,0
Her Take On Being A Woman In The Music Industry Is Hilarious - Until You Realize That It's True,1
It's An Industry Where The Path To Success May Involve Kissing And Stilettos. Only If You're A Girl.,0
"He Wrote 14 Tips For His Future Kid, And I Wish My Father Had Told Me Number 4",1
Read Practical And Poignant Parenting Advice From A Man Who Didn't Even Have A Kid When He Wrote It,0
Nothing About This Restaurant Should Work. Everything About It Works Perfectly.,1
"She's Not Going To Hand You A Bill, But She'll Take Your Cash",0
She Walked In The Classroom Saw Something Terrible And Took Her Seat Anyway. Then She Stood Back Up.,1
What They Did Was Awful And She Didn't Say Anything Then. But She Has Something To Say Now.,0
It's Been Called A 'Life-Changing Film.' It's Obvious What All The Fuss Is About.,1
I’d Tell You How I Feel Watching Music Perform Miracles If I Could Just Catch My Breath,0
A Chart That Shatters Every Single One Of Your Excuses ... Forever.,1
Only 29 ... 28 ... 27 ... Shopping Days Until Christmas. Here's How To Spend One Of Them.,0
"Nobody Else Showed Up For Work At The Nursing Home, But These Two Guys Didn't Quit",1
"Here’s The Thing: Most Working People Are Just Like These 2 Guys. Heart Of Gold, And A Kind Soul.",0
"Nazis Have Never Been About The Funny, But This Time The Fools Are Hilarious",1
"Walkathons Aren’t Usually Funny, And This One Had No Idea How Completely Hilarious It Was",0
Here's A Good Reason To Eat All The Bacon You Want Almost Every Day Of The Week,1
"Bacon May Be Proof That God Exists, But Even God Rested For A Day",0
Here's A Good Reason To Eat All The Bacon You Want Almost Every Day Of The Week,1
You Can Pry The Bacon From My Cold Dead Hands On A Sunday. On Monday? You Can Take It.,0
An Estimated 1 Million Sea Creatures Die Each Year From *This* Human Activity,1
The Answer To Saving 250 Million Trees Each Year Is A Simple One,0
Backwards Stuff To Think Of While Sitting At The Table This Thanksgiving,1
That Time Most States Basically Made It Illegal To Be Homeless,0
These Ladies Aren't Happy With Their Reflection. But Then The Mirror Tells The Truth.,1
Knowing How They Feel About Themselves At First Makes Me Want To Cry. The End Is Such A Relief.,0
Why Science Wants You To Do 1 Thing 15 Minutes A Day ... In The Winter,1
The Scientific Reason You're Probably Eating More Potatoes In The Winter,0
"If You're Not Interested In This, It Might Be Because You Didn't Have It Growing Up",1
Scientists Say We Need More Science In Schools. And A Ton Of Art.,0
How One Family's Thanksgiving Was Ruined With A Taste Of Their Own Good Ole' American Medicine,1
"They Got Comfy, Ate Their Food And Invited Over Some Friends. Talk About Thanksgiving Déjà Vu.",0
These 7 Countries Are 60% Responsible For This Global Crisis. Do You Live In One?,1
36 Football Fields Every Minute. Think About That Next Time You're Watching The Big Game.,0
Her List For How To Be A Woman In The Music Industry Is Hilarious - Until You Realize That It's True,1
Her Tips For How To Make It As A Woman In The Music Industry Would Be Funny If They Weren't So True,0
Jon Stewart Adds 1 More Thing To List Of Innocent Things Black People Do That Look Suspicious,1
Our Police Need To Be Able To Take Criticism Without Resorting To Playground Revenge,0
1 Picture That Could Possibly Make People Act A Little Less Racist,1
A Man Was Sick Of This Continent Getting A Bad Rap. So He Made A Great Point In One Image.,0
See How A Man Found Innocent Of Murder Reacts After Being Released From Prison After 39 Years,1
Ricky Jackson Was Convicted For Murder. 39 Years Later He Was Found Innocent.,0
See How A Man Found Innocent Of Murder Reacts After Being Released From Prison After 39 Years,1
"If I Was Found Innocent After 39 Years In Jail, I Would Not Be This Cool And Generous",0
They Said No Kids Allowed. Watch This Girl’s Awe-Inspiring Response.,1
She Watched Her Friends Get Chased Away. Watch Her Awe-Inspiring Response.,0
Why You Shouldn't Tell Kids Not To Take Candy From Strangers,1
The Truth About Keeping Children Safe That Most Of Us Never Knew,0
What Actually Happened When Rosa Parks Was Arrested — It's Not What I Learned In School,1
Meet The 15-Year-Old Who Refused To Give Up Her Seat Long Before Rosa Parks,0
"If You've Ever Been White, It'd Be Great If You Watched This",1
"The Secret To Being An Awesome Friend To A Black, Gay, Or Female Person",0
"Before Heading To The Next Gathering Of People In The Streets, You Might Want To Take A Look At This",1
"How You And 4 Or 5 Friends Could Film The Next Viral Hit From The Streets Of Your Town, USA",0
25 Year Old Teacher Had Only 4 Minutes For His 1st-Ever TED Talk. He Nailed It.,1
"After Asking His Students To Tell The Truth, He Realized He Was Going To Have To Tell His.",0
The #1 Most Annoying Question You Need To Stop Asking When You First Meet Someone,1
"A ""Go-To"" Question You're Asking Strangers, That Could Make You Come Across As A Snob",0
Here's a 'Sh*t People Say' That I Wasn't Prepared For,1
Ever Wondered What Coal Executives Have To Say For Themselves?,0
A Mother Doesn't Understand Why Her Daughter's Depressed. Her Daughter Clears That Up For Her.,1
Her Mother Says Happiness Is A Decision. Her Mother Has Obviously Never Been Depressed.,0
"Long Holiday Shopping Hours Are Pretty Convenient, But From This Angle They're Pretty Hypocritical",1
What The Holiday Shopping Season Gets Right That Our Government Could Stand To Learn From,0
"If You've Ever Been White, It'd Be Great If You Watched This",1
"If You've Ever Been Human, It'd Be Great If You Watched This",0
"If You've Ever Been White, It'd Be Great If You Watched This",1
"If You've Ever Been Good, It'd Be Great If You Watched This",0
Have Long Hair? I Bet You're Sick Of Strangers Telling You To Do What This Toddler Just Did.,1
Little Women. The Gifts Of The Magi. And Now Emily.,0
"If You've Ever Been White, It'd Be Great If You Watched This",1
"If You Think All Lives Matter, You Should Watch This",0
Every Restaurant Makes It — Except This One. So How Are They Still In Business?,1
See How A Man Who Almost Lost His Dream Turned It All Around,0
"The Company Never Took Responsibility For The Accident, So These Guys Put On Suits And Went To Work",1
Does Growing Food Have To Be So Dangerous? These Guys Don't Think So Either.,0
One List That America Should Be Ashamed To Be On. And North Korea Is Barely Beating Us.,1
That Time America Was On A Top 10 List With 5 Countries That They Occasionally Criticize Loudly,0
A Homeless Woman Built Herself A House In The Country. Now She Might Get Thrown Back Into The Cold.,1
She Built Herself A Home On The Place She Grew Up. Now Some Powerful People Wanna Throw Her Out.,0
"A Lesbian Takes Her Niece To Meet A Princess, Is Mistaken For Her Dad, And...",1
How Would You Respond If Someone Called You By The Wrong Gender? In Front Of Children?,0
A Kinda Snobby Question You Need To Stop Asking When You First Meet Someone,1
"The Annoying Question People Ask, That Says Way More About Them, Than Any Answer You Give",0
"The Accident Has Never Been Cleaned Up, So After 20 Years He Decided To Don A Suit And Do Something",1
They'd Been Working For 20 Years To Get Help After The Disaster. Did The Yes Men Do The Right Thing?,0
A Famous NHL Goalie Put A Bullet In His Head And He Wants Everyone To Know Why,1
"A Famous Goalie Survived Near Death On Ice, Then Survived A Bullet To The Head - That He Put There",0
He Eliminated The One Thing That Every Restaurant Makes. How He Did It Is Spectacular.,1
"At Age 4, He Knew What He Wanted. What He's Accomplished Since Then Is Astonishing.",0
He Got A Standing Ovation For An Utter Takedown Of The Way We Do Charity,1
5 Silly Ways Orgs Trying To Do Good In The World Are Held Back That For-Profit Companies Aren't,0
"The Ancient Greeks, Pacific Islanders and Maya All Ignored This One Thing. Big Mistake!",1
"Now That This Is A Luxury Item, Will We Pay More Attention?",0
"What It Looks Like When You Can’t Afford College, But Decide To Go Anyways",1
"If You’ll Get Social Security Way Before You Pay Off Your Student Loans, You’re Not Alone",0
*Don't* Tell Kids Not To Take Candy From Strangers. Or Not To Talk To Them. Here's Why.,1
Why Telling Kids To Be Afraid Of Strangers — Or Not To Talk To Them — Won't Make Things Better,0
"In 1989, A Man Shot 14 Women At A Canadian School. Here's The Word He Used To Describe Them.",1
It's Been 25 Years Since The Horror Of The Montreal Massacre. Here's Why We Should Never Forget.,0
"When He Says, ‘I’m A Human Being,’ It’s Hard Not To Get Choked Up Right Along With Him",1
Can You Watch This And Still Pass By Homeless People In The Street?,0
"Turns Out, Your Kid Using An iPad Or Android Is NOT A Good Idea. Here’s Why.",1
"They’ll Eventually Take All Of Our Jobs, But Will These Help Them?",0
"Now That I Know Why They're Always Available, I Don't Think I Want Them Anymore",1
They Were So Successful We Had Too Many. The Answer? Cool Whip.,0
He Managed To Get A Projector Into The Ebola Ward. Guess What Movie He Played For The Patients?,1
He Got A Projector To Bring Patients Some Joy. Reading This Will Be A Bright Spot In Your Day.,0
They're Innocent Looking Enough But Actually Quite Dangerous,1
"We Make Just About Everything With Them, But Does The Way We Make Them Have To Be So Dangerous?",0
"If You've Ever Been White, It'd Be Great If You Watched This",1
How To Not Get Offended By Your Co-Worker And Vice Versa When Talking About Hot-Button Topics,0
Is America Mine? Is It Yours? Is It *Anyone's*?,1
Could Having *More* Citizens Actually Strengthen America's Freedom?,0
The Doctor Gave Him 2 Choices. His Decision Ended In Tears. But He Won't Forget What She Taught Him.,1
He Retells The Story Of His Mother's Death And What She Taught Him That We Can All Take To Heart,0
The U.S. Has Been Really Great Allies With This Country. Here's Why It's Time For That To End.,1
"Time Magazine Said He Was Saving Mexico, So Why Did His Forces Kidnap 43 Students?",0
5 Reasons You Should Stop Spending Money On Yourself Right Now,1
The Truth Behind How To Spend Your Money To Buy Happiness,0
A Homeless Man Escapes The Streets By Taking Out 37 Thousand Dollars In Student Loans,1
"If You Graduated Many Moons Ago, But Still Have Student Loan Nightmares, Here's Why",0
"If You've Ever Been White, It'd Be Great If You Watched This",1
"When You Can't Relate But Really Want To, Here Are 5 Things To Keep In Mind",0
They Put Two Guys In A Room And Made Them Argue Passive-Aggressively For 90 Seconds Or So,1
You Don’t Have To Put Your Money Where Your Mouth Is — Just Don't Fork It Over To Wall Street. Okay?,0
11 Facts You Should Know About Eric Garner's Death,1
He Was Killed Death By Police. It Was Ruled A Homicide. Why Did The Police Officer Get No Charges?,0
"If You've Ever Been White, It'd Be Great If You Watched This",1
Her 5 Tips For How To Be A Good Teammate Are So Dead On. I've Done #3 Wrong So Many Times.,0
5 Reasons You Should Stop Spending Money On Yourself Right Now,1
5 Reasons You May Be Spending Your Cash All Wrong (And How To Do It Right),0
A Kid On A Skateboard Crashes Into A Construction Worker. It Just Gets So Good After That.,1
The Things They Do For Each Other Are Just The Best. Everything In Here Makes Me Smile.,0
A Hidden Truth About Organic Food That's Going To Make You Feel Better About That Arugula.,1
"Maybe You Think It's Just A Sticker, But It Has A Huge Impact On The Globe",0
I've Been An Amateur Photographer For Years. This Clip Opened My Eyes About Filming Crowds And Cops!,1
"When Cops Encounter Crowds Of People, Things Can Get Dicey. Here's How To Best Capture It On Video.",0
A Homeless Man Escapes The Streets By Taking Out 37 Thousand Dollars In Student Loans,1
He Went From Homeless To 37K In Student Loans And Is Still Optimistic,0
"He Gives All The Reasons People Say Diversity In Movies Isn’t Important, Then Proves Them All Wrong",1
What ‘Jaws’ Can Teach Us About The Importance Of Telling Better Love Stories,0
"The Sad, Angering, And Shameful Thing Some Cops Do That Needs To Be Stopped",1
Here's Why Robocops Might Be Less Scary Than Human Cops,0
"25 Things Men Don’t Have To Worry About While Playing Video Games, But Women Do",1
Here's What It Really Looks Like To Care About Ethics And Video Gaming,0
She Knows Her Brother's Number By Heart. But She Doesn't Tell Them. Ever.,1
She Loves Her Brother For The Man He Is And Not The Things He’s Done,0
"They're Lovely, But What I Just Learned About Them Has Me Feeling A Bit Sick.",1
This Isn't How I Imagined We'd Be Using Surplus Tear Gas,0
Things Don't Go As Planned When A Beautiful Blonde And Blue Eyed Freshman Sits Next To Him In Church,1
He's Gay. What *Would* Jesus Do?,0
"He Calls Out A Huge Misconception So Many People Have, And It's Kind Of Important We Get It Right",1
"At One Point, There Are Tomatoes As Wheels And A Sun Made Of Corn. (And No, I'm Not Tripping.)",0
The Doctor Gave Him 2 Choices. His Decision Ended In Tears. But He Won't Forget What She Taught Him.,1
He Was Faced With 2 Frightening Choices. It Ended In Tears. But It's A Story We Can All Learn From.,0
An Adult Or A Child: Who's More Likely To Sexually Abuse A Child? I Wasn't Expecting The Answer.,1
Don't Tell Kids Not To Be *That* Afraid Of Stranger Danger,0
An Interviewer Gets 7 Famous Actresses Together. I Only Wish Their Responses Shocked Me More.,1
Think These Celebrities Aren't Feminists? Hear What They Have To Say About Sexism.,0
"They Sat Down For A Calm, Rational Discussion. Well, At Least One Side Did.",1
It Doesn't Take Sherlock Holmes To Deduce That A Solution To This Problem Needs To Appear. Soon.,0
Watch The Best 2 Minutes And 39 Seconds You'll See All Week,1
This Black Woman Has Had Enough. And She Lets The NYPD Know.,0
He Implied Black People Are Born Dangerous. Watch What She Says Back.,1
"In Act 1, She Set Out On Her Journey. In Act 2, She Hit An Obstacle. You're About To See Act 3.",0
What's The Deadliest Infectious Disease In Your Country? This Map Will Show You.,1
A Colorful Map Shows Which Infectious Diseases Thrive Where,0
Meet The People Who Actually Want You To Go To Prison,1
Wouldn't It Be Weird If Someone Bought All The Hospital Beds In Town And Promised To Keep Them Full?,0
"25 Things Men Don’t Have To Worry About While Playing Video Games, But Women Do",1
25 Men Decided To Publicly Stand Up For Female Gamers. Bravo.,0
Will These Electrifying Speeches Go Down In The History Books? I Sure Hope So.,1
People Who Say Kids These Days Are Lazy Haven’t Met These 7 Superstars,0
Don't Believe In Two Different Americas? Here's All The Proof You Need. Which One Do You Live In?,1
Here's A Bunch Of Good And Bad Cop Stories. It's A Problem No Matter Which Ones You Relate To.,0
They're Innocent Looking Enough But Actually Quite Dangerous,1
What Do Strawberries Have To Do With Tear Gas? It's One Crazy Connection.,0
Don't Believe In Two Different Americas? Here's All The Proof You Need. Which One Do You Live In?,1
There Are Two Ver Different Americas. Guess Which One You Live In.,0
A Lot Of People Got Mad When They Saw This Project On Race. Does It Do More Harm Than Good?,1
I Agreed With Some Of These People. Others Made Me Wish I Could Send Them To Another Planet.,0
"When You Realize Who We're Feeding With Our Extra Food, You'll Spit Out Your Corn",1
Take 2 Minutes To Understand How Science Can Upend This Big Misconception,0
"Here's How Hollywood Is F*cking With Our Perception Of Love, And Here's How We Can Fix It",1
What ‘Jaws’ Can Teach Us About The Importance Of Telling Better Love Stories,0
"If You've Ever Had Someone Judge You Based On Your Boob Size, This One Is For You",1
Your Bra Size Has Nothing To Do With Your Brain Size But People Sure Seem To Think So,0
"A Gorgeous Blonde, Blue Eyed Freshman Sits Next To Him In Church. Things Don't Go The Way He'd Like.",1
A Lot Of Them Have Been Saying God Hates Them. God Probably Has Another Idea About That.,0
By Day She's A Teacher; By Night She Helps Women Pay For Something Very Private. What A Job.,1
Think Roe v. Wade Is All The Help Women Need? Think Again.,0
A Pastor On CNN Says What I Wish All Pastors Would Have Said At Church Last Sunday,1
"A Pastor Goes On CNN And Digs In On Jesus, Eric Garner And Wall Street? Dr. King Would Be Proud.",0
The First Footage You See Is 50 Years Old. The Rest Was Just Shot. The Similarities Are Incredible.,1
"A Bunch Of Kids Take On Apathy, Restore My Faith In Humanity",0
"Baby Blankets Are Nice, Just Don’t Put Them On Your Baby",1
"Baby Blankets Are For Babies, Just Not Babies At Bedtime",0
"When People Say, ""But What About The Riots,"" Just Show Them This",1
"Next Time I See Ferguson In The News, I'll Think What Would Katniss Do",0
These 6 Images Prove That We Are Hurting The Minds Of Our Children,1
We Send Our Kids To School To Learn To Be Creative. What If We've Got It Completely Backwards?,0
How People Can Be Racist Without Even Realizing It,1
"If The New York Police Paid Attention To This Research, Maybe Eric Garner Would Still Be Alive",0
"It's The 4th Biggest Illegal Industry In The World, And In 11 Years, It Will Destroy Itself",1
"This Connection Of Jewelry, Innocent People Harmed and Elephants Is Tragic. We Can Do Something.",0
"When He Came Out To His Boss, He Didn't Expect The Question That Came Next",1
A Dude Talks About Being A Dude And Why Said Dudeness Worried His Parents,0
When Two Famous Singers Just Came Out As Gay — And 10 Other Great Moments In 2014,1
11 Times Country Music Proved It Ain't What You Thought It Was In 2014,0
"90 Seconds Into The Interview, She Says 'Excuse Me,' And I Want To High Five Her Through The Screen",1
"It Happened 94 Years Ago, But The Way You Think It Went Down Is Probably 100% Wrong",0
I Thought It Was Going To Be A Speech By Malala. It Was. Then All The Other Girls Stepped In.,1
"She Got My Attention When I Saw Her Speaking. When The 50 Other Girls Spoke Up, I Was Cheering.",0
It Only Takes 15 Seconds To Explain One Of The Most Unfair Realities For Women,1
Here's A Super Quick Video Clip You Can Share To Tell The Truth About Being A Working Woman,0
Who's Most Likely To Sexually Abuse A Child? The Answer Shocked Me — But It Was Important To Know.,1
"Who's Most Likely To Sexually Abuse A Child? Another Child. Yes, It's Absolutely True.",0
When Two Famous Singers Came Out As Gay — And 10 Other Great Things That Happened In 2014 Country,1
2014: The Year Gay Men And Feminists Won Country,0
Here's a 'Sh*t People Say' That I Wasn't Prepared For,1
They Can't Get Through Their Lines Without Giggling. I Wonder How The Executives Do It.,0
"For One Woman, It's Been A Bad 5 Years. Here's How Long It Will Take To Repair Her Body.",1
It Took Her A Whole Year To Heal. Now She's Alive To Sing About It.,0
What The Heck Is The 'Hotness Gap' And Why Is Hollywood So Obsessed With It?,1
Female Ensemble Movies Always Have One 'Perv'. But It's Not The Lines That Give Her Away.,0
Meet The People Who Actually Want You To Go To Prison,1
Big Companies With Massive Prisons. Contracts To Keep Them Full. Can't Imagine That Going Wrong ...,0
Meet Some People Who Actually Want You To Go To Prison. You'll Be Shocked At Why. Not Really ...,1
What If States Had An Incentive To Send Citizens To Prison? Some Do.,0
Seven Of The Coolest Innovations I've Seen In A While. Major Bonus: They're Good For The Earth.,1
Oh Nothing. It's Just A Donkey Carrying The Internet On Its Back. Literally.,0
"If Every Woman In A Developing Country Had $25, This Is How Different The World Could Look",1
The Best Way To Reduce Abortions Worldwide And Save A Lot Of Money? Sign Me Up.,0
Don't Freak Out At These 7 Maps. It's Good Stuff To Know.,1
Nothing About These Maps Is Good News. Everything About The Video Is.,0
"When People Say, ""But What About The Riots,"" Just Show Them This",1
"""But What About The Riots?"" People Keep Asking. Here's What, Complete With A Movie Explanation.",0
Apparently Cops Can Do A Lot Of Messed Up Things And Get Away With It. But Not This.,1
The One Time I’m Not Totally Enraged By Everyone Taking Cell Phone Pictures,0
They Did A Psychological Study Of Police Officers. What They Found Makes Me Sick With Worry.,1
A Psychological Study Explains How Some Kids Are Being Denied Their Innocence Every. Single. Day.,0
It May Take Her A Whole Year To Repair Her Body After The 5 Years She Lived Through. Deal With It.,1
It's Been About 5 Years. And It May Take Them One More To Recover.,0
I Bet Her Great-Grandfather Didn’t Expect His Legacy To Be Carried On In Quite So Sparkly A Way,1
"Her Great-Grandfather Founded A Girls’ School, And In His Country, That Was Kind Of A Big Deal",0
"In Any Other Context These Moves Would Be Sexy. But For These 2 Minutes, It's About Cancer.",1
"One Of The 90s Most Famous Pop Stars Is Back At It, This Time For Cancer",0
We Broke Down 528 Pages Of The CIA Torture Report Into 8 Tweets That Sum Up The B.S. Quite Nicely,1
"I'll Save You A Click, No Super Gross Details About The CIA Torture Here, Just The Injustice",0
"He Came Back, Ready To Clean. But After He Walked In, He Realized: There Was Nothing To Clean.",1
What A Bunch Of Dead Cows Tells Us About The Current State Of Things,0
The Real Immigration 'Problem' Is That Most People Have No Idea What They're Talking About,1
That Executive Order Thinger That Obama Signed On Immigration? We’ve Been Here Before.,0
4 Simple Numbers In 1 Simple Infographic About The Scary Truth,1
"700, 1,729, 70, and 5: Some Very Important Numbers About A Very Important Thing.",0
"This Comedian Totally Made Me Cry Salty, Hilarious Tears. It Was Awkward.",1
"Most Kids Dress Up On Halloween, But He’s In A Spiderman Costume Everyday For A Really Scary Reason",0
What If We Used Our Privilege To Change The World In Small But Powerful Ways?,1
Here’s Crowd Funding Of A Totally Different Kind: Change Heroes. They’re Bad-Ass.,0
An 11-Year-Old Girl Spent 1 Year In Hell. Mind Taking 3 Minutes To See Her Get Out?,1
The Really Happy Ending To The Really Sad Story Of An 11-Year-Old Girl Sold Into Slavery,0
Not Sure Why Birth Spacing Is *That* Important? Check Out These Numbers.,1
"3 Million Newborns Aren't Surviving Their First Month, And Here's How To Fix It",0
Something Alive Is Moving About Half Of The Water In The Oceans,1
Oceans May Need These Astounding Animals As Much As They Need The Oceans,0
Not Sure Why Birth Spacing Is *That* Important? Check Out These Numbers.,1
Not Sure Why Investing In These 225 Million Women Is *That* Important? Check Out These Numbers.,0
An 11-Year-Old Girl Spent 1 Year In Hell. Mind Taking 3 Minutes To See Her Get Out?,1
It Takes A Million Knots To Make A Carpet. So They Enslaved 11-Year-Old Girls To Do It. Until Now.,0
What The Heck Is There To Eat In Winter? Here’s A Colorful Chart With Delicious Ideas.,1
How To Up Your Awesome Eating Game In The Cold Winter Months,0
"He Got An Amazing Gift, But First He Had To Go Through Hell. It's A Brutal Story, But So Important.",1
He Had To Lose His Ability To Walk To Find Dance. He Had To Lose Dance To Find His Strength.,0
They Did A Sleep Experiment. You Should See The People Who Only Got 4 Hours.,1
How To Know If You're Snoozin' Enough — But Not *Too* Much,0
What If We Used Our Privilege To Change The World In Small But Powerful Ways?,1
"When Schools And More Need To Be Built In Poor Countries, Who Can Help? These Folks.",0
An 11-Year-Old Girl Was Sold Into Slavery By Her Parents Who Felt They Had No Choice. Now She Does.,1
"She Was Enslaved At The Age Of 11, Educated At Age Of 12, And She'll Warm Your Heart Right Now",0
The Question Lupita Nyong'o Was Sick Of As A Child And Why We Should Stop Pushing It On Our Own Kids,1
Lupita Nyong'o Continues Her Rein As Flawless Human And Says Let Children Have Unlimited Dreams,0
Something Alive Is Moving About Half Of The Water In The Oceans,1
"Wind, Waves, And Tides Stir Half The Ocean’s Waters. Something Alive(?!) Is Stirring The Rest.",0
"She's Known As Malala, But They Couldn't Believe It When She Revealed Her Other Names",1
At 15 She Was Shot In The Head. At 17 She Took Home The Nobel Peace Prize.,0
"They Thought They'd Be Seeing A Fun Game, But When It Started Some Could Not Watch",1
A Gamer Wants To Change A Part Of Africa. He Starts By Surprising A Room Full Of Gamers.,0
"The Perfect Response To The Person Who Says, 'But The Dictionary Definition Of Racism Is...'",1
"Here's Why You Don't Treat A Book Like Gospel. And No, We're Not Talking About Bibles.",0
What If We Used Our Privilege To Change The World In Small But Powerful Ways?,1
They Live In Harmony With The Most Beautiful Place In The World.  But There's A Problem.,0
Her Gramma Took Her. Now She's Taking Her Granddaughters. So Why Is Her Heart Breaking?,1
"This Place Has A Long History. If People Tell A New Story, Who Will Hear Their Prayers?",0
2014: More States Legalized This Than Ever Before. The Horror.,1
States Where You Can Toke Without Going To The Poke-y: 2014 Edition,0
These Before-And-Afters Will Make You Question Everything About How Our Economy Works,1
They Called It A 'Hurricane Without Water.' Here's What Caused The Storm.,0
It Broke My Heart To Listen To This Speech. But I Stand By Everything He Said.,1
We Can't Win A War Without Torture? Yes We Can. And We Will.,0
"If You've Ever Wondered What Love Actually Looks Like, I'd Suggest You Take A Gander At These Women",1
Every Time They Look At Each Other I Only See Love. Odds Are You Will Too. It's Beautiful.,0
He Listed Off All The Things That Could Be Done With My $3 And I Found Myself Reaching For My Wallet,1
"They Went Deep Into The Rainforest To Build A School. And With Your Help, They Can Build A Lot More.",0
"When They Asked Us To Imagine The Difficult Stuff, I Wasn't Expecting It To Turn So Amazing",1
The Struggle Has Been *Real* For These Folks. See What They've Done Because Of It.,0
"If Anything Can Talk Us Out Of Buying Strawberries In January, It’s This Infographic",1
"You Want To Be A Smart Consumer, But How? Here Are Some Top Tips For WInter.",0
"Here's A Cool New Kind Of Poster. When You Hang It, People Cry From Happiness.",1
Design + Internet + Generosity = Happy Tears,0
"A Guy Tried To Correct Her Feminism. Her Response Is Perfect, But They're Both Kinda Right.",1
Hayley Atwell Reminds Us All Why She's The Perfect Peggy Carter In Just 2 Tweets,0
It's Really Hard To Think About All The Messed Up Things Going On In The World. Music Helps.,1
What Will A Man Do For His Daughter When It's Her Turn To Face The Evils Of The World?,0
This Guy Dissed A Rape Victim On National TV So This Guy Is Calling Him Out For It,1
Dear Mainstream Media: Boys Are Allowed To Say No,0
You Know Those Local News Clips That Make You Crack Up? This Is Not One Of Them.,1
You'll Be Delighted When You See Who They Honored On Veterans Day,0
"At This Posh Hollywood Event, They Weren’t Expecting An Award Winner To Get Quite This Real",1
"They Praised Her For Smashing The Glass Ceiling. She Said Thanks, But Don't Look At Me.",0
He Looks Straight Into The Camera And Says Exactly What Happened To Him. I Just Want To Cry.,1
"After Everything, It's Incredible That He Wants To Tell His Story. I Don't Think I'd Have The Guts.",0
Watch What Happens When American Teens React To The Bravest Teen In The World: Malala,1
Why Can't She Be As Popular As Justin Beiber? I'm Pretty Sure These Teens Have The Same Question.,0
The Horror Stories These Kids Have About Foster Carer Sound Too Bad To Be True. But They're Not.,1
"When A System Hurts A Lot Of Children, Maybe The Children Are The Ones Who Can Fix It",0
He Caught Chickenpox And That's When He Finally Realized It,1
He Figured Out How To Become A Real Life Superhero. I Think It's Something A Lot Of Us Should Try.,0
The Media Wants To Tell The World How Black Men Feel. Why Not Listen To Them Instead?,1
Anger Is Not Always A Bad Thing - Especially When It's Righteous. Take A Look.,0
He Listed Off All The Things That Could Be Done With My $3 And I Found Myself Reaching For My Wallet,1
"What If, For A Few Bucks,  We Could Change The World In Small But Powerful Ways?",0
"He Listed Off All The Things That Could Be Done With My $3 And I Was Like, 'No Way.' But Yes Way.",1
"For $3 A Day, You Can Do WHAT?!",0
She Calls Her Rarely Seen Body Type 'The Model Of The Future' And It's Got People Talking,1
Meet The Real Life Bionic Woman Who's Redefining What It Means To Be Beautiful,0
"If You Watch Bill Nye Explain Evolution With Emoji And Still Don't Get It, Then I'm Just Very Sorry",1
Using Emoji To Explain Evolution? Bill Nye Can Do It.,0
"We're Off The Charts Here, And It's Pretty Terrifying",1
"Hey Baby It’s Cold Outside, But This Record Is Hot!",0
Why So Many Men Are Thanking An Irish Guy For Revealing A Secret They're Too Afraid To Admit,1
He Tried To Knock Himself Out To Avoid His Problem - Now He's Facing It Head On,0
"Every Straight, Single Lady Feminist Is Gonna Want To Marry Him. Every Other Kind'll Just Love Him.",1
Steve Is The Guy Who's Gonna Break It Down For All The Dudes Who Don't Understand 'Feminism',0
A Whole Bunch Of People Are Being Excluded From Something They Need. It’s Not What You Think.,1
Say Hello To Constance. She's Here To Talk About Cash Money.,0
"The Guy In The Suit Is So Condescending That When He Schools Him At The End, It's So Satisfying",1
He Asks 'Why Shouldn't I Bury My Money In My Backyard.' It's Not Actually A Dumb Question.,0
"At First I Was Curious, But At 40 Seconds I Saw Where We're Heading. I Wanted To Hit Re-Wind.",1
"It's Not Always Easy To Talk About Change, But No Words Are Needed To Share The Big News From 2014",0
It Broke My Heart To Listen To This Speech. But I Stand By Everything He Said.,1
My Heart Went 'Oof' When A Prisoner-Of-War Talked About Torture,0
What Really Happens When Women Are The Only Ones  Controlling The Family Finances,1
They Give The Saying “Money In The Bank” A Way Cooler Meaning,0
"Australians Reveal Themselves To Be A Class Act, Even In The Face Of Tragedy #illridewithyou",1
Social Media Does Something Good In The World,0
It Broke My Heart To Listen To This Speech. But I Stand By Everything He Said.,1
"We Gave Up Way Too Much, Trying To Find Safety. And We Still Don't Have It.",0
She Was Stuck. Then A Hero Gave Her A Tool For Moving Forward.,1
How To Change Lives? Partnership. Encouragement. Good Pens.,0
She Told Her Boss She Had HIV. I Wish More Employers Reacted The Way Hers Did.,1
She's Fighting The Stigma Around HIV — And An Unusual Place Is Helping Her,0
Find Out The Fastest And Saddest Way To Shrink A Child's Heart. Literally.,1
You May Feel Hunger In Your Stomach. But Some Kids Feel It In Way More Dangerous Places.,0
Here's Why Some People Can't Put Their Money In The Bank,1
It's Not The Money They Need. It's A Place To Store It.,0
A Reporter Walks Up And Asks Her About Being White. You've Gotta Hear Her Answer.,1
7 Different Strangers That Will Help You Pin Down One Single Truth About The World,0
"He Listed Off All The Things That Could Be Done With My $3 And I Was Like, 'No Way.' But Yes Way.",1
"Here's Something That Even High School Kids Can Do, And It's Helping The World",0
"There Wasn't A Dry Eye, On Court Or Off. Even The Refs Were Crying.",1
"She's Crying For The Other Team's Loss (And Victory). This Is, My Friends, Is Sportsmanship.",0
A Proud Look At What Can Happen When You Work Through The Hard Times,1
It's A *Huge* Deal These 745 People Have The Jobs They Do. Here's Why.,0
Her Big Secret? You'll See When She Puts On Her Mask.,1
"You Think You Know What Bees Can Do, But It's More Than You Realize",0
The First 26 Seconds Are Just Upsetting. But After That? It Warmed My Heart.,1
They Were Living A Reality I Can Barely Imagine — But The Changes They've Made Are Truly Remarkable,0
A Brilliant Scientist Created The Coolest Toy Ever For This Kid So He Wouldn't Feel Left Out,1
"This Sweet Little Boy Used To Feel Left Out. Now Thanks To Science, That's History.",0
The Interviewer Asks Him About Despair. His Smile Says Even More Than His Words.,1
The Words I Needed To Hear Most At The End Of This Crazy Year,0
These 10 Tweets Say Everything I Want To Say About What Just Happened In The Middle East,1
Imagine Your Hometown Explodes In Horrific Violence. What Would *You* Say?,0
The 7 Twitter Moments You May Have Missed But Need To Know About From 2014,1
The 7 Times People Talking On The Internet This Year Changed The World,0
Here's Why Some People Can't Put Their Money In The Bank,1
What Would You Do If You Couldn't Put Your Money In The Bank?,0
"If You're Looking For A Reason To Put Down The Pork, Here It Is",1
"If Oprah Was Telling You About It, There Would Be A 'Monddddaaaaaaaaaaayyy' In There Somewhere",0
They Did A Sleep Experiment. You Should See The People Who Only Got 4 Hours.,1
It Kinda Surprised Me To Learn I Might Be Acting Drunk Because Of Something I (Don't) Do Regularly.,0
Obama's Been Talking For Years About The 'Empathy Deficit.' Here's A Solution.,1
Stop Staring At Your Belly Button And Put Someone Else's Shoes On. It'll Be Good For You.,0
A Brilliant Scientist Created The Coolest Toy Ever For This Kid So He Wouldn't Feel Left Out,1
"This Kid Just Got *Coolest* Gift. And He's Not The Only One, Thanks To Some Big-Hearted Scientists.",0
"A Child Actor Talks To A Puppet About Volunteering, And It's Actually Really Great",1
The Kid From 'Modern Family' Talks To A Puppet About Volunteering — It's Pretty Cute,0
"Back At The Dawn Of Nerd-Dom, One Woman Had A Vision of Girl Gamers We’re Still Catching Up To",1
"Girls And Videogames Go Way Back, And Here Are Digital Cave Paintings To Prove It",0
"This Video Starts Out With Holiday Cheer, But Ends With A Tragedy Many Of Us Create",1
"Make Sure You Have Your Grandma’s Number Ready. By The End Of This Video, You’ll Need It.",0
The First 26 Seconds Are Just Upsetting. But After That? It Warmed My Heart.,1
They Learned How To Do The Work Themselves — And Now It's Changing Their Future Forever,0
Expecting To See Thin Athletes? You're In For A Good Surprise.,1
"Finally, A Workout Series That Most American Women Will Enjoy",0
"They Were Welcomed To The Stage At *The* Civil Rights March. When They Are There, They Realize Why.",1
These Singers Decided They Wouldn't Be Instruments Of Another's Intent. They Would Be Different.,0
"First, I Learned A New Word. Then, I Saw What They Were Doing. Wow.",1
Minga' Means To Come Together And Help Each Other. These Folks Are Doing It.,0
"She Made One Simple Change And Suddenly, Her Garden Was Full Of Butterflies",1
Want A Garden Full Of Butterflies? Go Native.,0
"If You're Looking For A Reason To Put Down The Pork, Here It Is",1
Meatless Monday Could Save 1.4 BILLION Animals A Year. I'm Not Joking.,0
Here's The Reason That People Who Don't Use The Letter X On Their Phone - Kinda Suck,1
Why Some People Get So Upset When They Don't Get An X On The Phone,0
The Police Asked A Famous Guy To Apologize. His Response? NAILED IT.,1
A Famous Football Player Gets Teary-Eyed During His Statement To The Press — He Still Nails It,0
Why So Many Men Are Thanking An Irish Guy For Revealing A Secret They're Too Afraid To Admit,1
Why So Many Men Are Thanking An Irish Guy For Opening Up About His Feelings,0
What Happens When Women Are 88% In Charge Of The Cash,1
"When You Imagine A Financial Guru, Does S/he Look Like This?",0
"People Always Say ‘Thank You’ When They Win Awards. They Don’t Usually Say ‘Thanks, But…’",1
The Shonda Rhimes Acceptance Speech That Had Me Saying Yes. Yes. So Much Yes.,0
It's Absolutely Mesmerizing And Uplifting To Watch A Dry Erase Marker Illustrate A Beautiful Point,1
Absolutely Mesmerizing. Watch How A Marker And Some Smart Narration Can Be So Inspiring.,0
We Asked Random Humans What They Want That Money Couldn't Buy. Their Answers Were Great.,1
"She Wants More Money For The Holidays, But Not For Herself.",0
We Asked Random Humans What They Want That Money Couldn't Buy. Their Answers Were Great.,1
Faith Renewed! One Of Those Holiday Street Interviews That Proves — Most Humans Are Awesome.,0
Someone Figured Out A Long Time Ago About Girls And Videogames. Her Name Was Theresa Duncan.,1
"Back At The Dawn Of Nerd-Dom, One Woman Had A Vision of Girl Gamers We’re Still Catching Up To",0
An Interviewer Gets 7 Famous Actresses Together. I Only Wish Their Responses Shocked Me More.,1
What Do These Famous Celebs *Really* Think About Hollywood And The Media?,0
I See A Bag Of Apples. But This Teenage Girl Sees Something Totally Different. Pretty Impressive.,1
"Creative Girls Grow Up To Be Brilliant Engineers. At Least, That's What Should Happen In America.",0
"After 911, The 2nd Most Important Button On Your Cell Phone Is X. Here's Why.",1
How 1 New Step People Are Taking Before Getting Behind The Wheel Is Saving Lives,0
J.K. Rowling Sure Knows How To Put Me In Tears. She Wants To Get Rid Of Orphanages As We Know Them.,1
"If She Gets Her Way, Poverty-Stricken Children Will Have Better Options Than What They Have Now",0
The *Actually* Scary Thing About Graveyards You Probably Never Considered,1
This Guy Says We Should Stop Caring About Kim Kardashian's Life And Start Living Our Own,0
The Secret That People Who Cut Paychecks Don't Want Women To Know,1
That Gender Pay Gap? It Costs Women Over $10K Per Year.,0
Terrorism Vs. Climate Change? He Actually Makes A Good Point.,1
Why Dealing With Threats Of Today Using Tools From Our Past Isn't Great News For The Future,0
This 'Hands Free Hands Up' Infomercial Shows How Different Life Is Between Black And White People,1
"This Might Be A Fake Infomercial, But The Product Highlights A Really Real Problem",0
A Tampon Commercial That Shows Just How Confusing Actual Tampon Commercials Are,1
How Do You Market A Solution To A Problem You Don't Understand? Poorly. Very Poorly.,0
Someone Started Thinking About Girls And Gaming A Long Time Ago. Her Name Was Theresa Duncan.,1
Theresa Duncan Was Doing Something About Girls And Gaming Long Before Gamergate,0
I Didn’t Realize How Much I Loved ‘Baby It’s Cold Outside’ Until I Heard This Version,1
The Best Rewrite Of A Holiday Classic That I've Heard This Year,0
A Teenager Has Figured Out Something About Religion That A Lot Of Adults Still Don't Get,1
He's Explaining Islam And Bigotry In A Few Simple Sentences. Take Notes.,0
"After 911, The 2nd Most Important Button On Your Cell Phone Is X. Here's Why.",1
911 Isn't The Only Code On Your Cell Phone That Can Save Your Life. Here's The Other.,0
"Native American Rap. It's Seriously Good. For My Ears, Your Ears, And For America.",1
His Rap Songs Show A Side Of His Past That We All Need To Keep For The Future,0
1 Man Changes The Course Of 1 Boy's Life And This Is The Perfect Time Of Year To Watch It Happen,1
"An Emotionally, Feel Good Video Can Show How Easy It Is To Give This Time Of Year (And Year Round)",0
"She Was Fired Because She's In The Military, She Says, And She Can't Do A Thing About It",1
Another Way Big Money Corporations Are Trying To Control (And Sometimes Ruin) Your Life,0
The Interviewer Asks Him About Despair. His Smile Says Even More Than His Words.,1
He Wrote About Society’s Worst Issues. But Despair Was Never In His Vocabulary.,0
The Police Said Her Water Bottle Was A Weapon. Guess What Goes Down Next?,1
"Since When Can You Get Arrested For Having A Tantrum? Oh, Since Now.",0
The Culprit Behind Your Health Issues Might Be Hiding Right Under Your Bum,1
"Are You Sitting Too Much? For Most People, The Answer Is 'Yes'",0
The Video Has No Words And You'll Still Understand The Language Of Poverty,1
There Are No Words But It's Easy To Understand The Feelings You'll Probably Feel About Poverty,0
The Interesting Thing About Happiness That No One's Ever Told You,1
Want To Be Happy? This Guy Has The Answer You've Been Looking For.,0
Archie Bunker’s Brilliant (?) Summary Of What Equal Pay Would Do To America,1
Archie Bunker’s Summary Of What Equal Pay Would Do To America Reminds Me Of Fox 'News' Shows,0
I Thought I Knew About The Origin Of Christmas. Until About 45 Seconds In.,1
I Thought I Knew The True Meaning Of Christmas ... Until About 45 Seconds In.,0
I Didn’t Realize How Wrong ‘Baby It’s Cold Outside’ Was Until I Heard This Version,1
"In 38 Seconds, You Might Be In A More Badass Woman Kind Of Holiday Spirit",0
"45 Seconds In, And Suddenly I'm Doubting Everything I Thought I Knew About The Holidays",1
If You Think You Know About The Origin Of Christmas ... Check Out The Part About The Bulls,0
SPOILER ALERT: Learning How Food Cultures Will Make You More Cultured,1
"What Your Feet, Cheese, And A Bunch Of Foods Starting With The Letter K Have In Common",0
The Unexpected Place Our Nation's Homeless Keep Ending Up. The Reason Is Just Awful.,1
What They Need Is Our Help. So Why Are We Putting Them In Jail?,0
You Probably Ate Something Recently That Could Kill You If You Had Enough Of It,1
"I Hate To Spoil Your Day, But You're Probably Are Bacteria Recently",0
I Thought I Knew About The Origin Of Christmas. Until About 45 Seconds In.,1
Tell That Grinch There's Nothing Wrong With 'Happy Holidays',0
Quite Possibly The Most Heartwarming Story To Come Out Of All The Ferguson Sadness. OMG.,1
Their Home Legalized Same Sex Marriage and Became An Epicenter For Civil Rights? Pretty Romantic.,0
Some People Believe They're The Pillars Of A Community. She Has To Travel 2 Hours To Visit One.,1
"Katrina Washed Away A Lot, But These Folks Are Bringing Back   A Great Part Of The Neighborhood",0
10 Super Shady Things The Bank Is Doing With Your Money That'll Get You Fuming,1
10 Dirty Ways The Banks Are Spending Your Green That'll Have You Seeing Red,0
He Brilliantly Points Out That The Rules In America All Depend On 1 Tiny Qualification,1
The Difference Between A Nation *With* Laws And A Nation *Of* Laws,0
Tis The Season To Be Totally Creeped Out By This Medley Of Twisted Christmas Carols,1
I Was Delightfully Shocked Hearing This Hilariously Twisted Climate Change Christmas Carol,0
"They Disappeared For A Long Time, But Now They're Back And Here's Where They Hang Out.",1
"They Come From Far Away To Be In This Place, And It's Gorgeous.",0
This Guy Is Far Worse For Women Than An Overtly Chauvinistic Pig,1
6 Women Talk And It's Like They Reached Into My Brain And Pulled Out All Of My Thoughts,0
3 Girls Got On National Television And Told The Truth About America. Fearless.,1
They're Tired Of Books Being Banned Instead Of Guns. So They're Speaking Up About It - And More.,0
One Of The Dumbest Things I Saw On TV In 2014,1
"How To Find The Strong, Black Woman Inside Of Every White Woman",0
What If I Told You Black Slavery In America Never Really Ended? Uh Oh.,1
It's The Elephant In The Room That Rhymes With 'Playvery'. And We Have To Talk About It.,0
"They Told Him He Was Getting Dumber By The Day, And They Knew How To Get His Test Scores Up",1
They Want Us To Dump The Teachers And Watch This School Become A Rocket-Ship Of Revenue,0
She Dressed Up Like A Psychic And Told Them What They Wanted To Hear. Guess What They Believed?,1
8 People Came In To Talk To Her About Her Supernatural Power. (It Was Fake.),0
He Got A Bunch Of People To Tell Him Their Deepest Secret. Most Of Them Had The Same One.,1
"Passing is Passe, But Nearly Everyone Covers (Even You). Here's Why That's Stopping Progress.",0
A Comic That Explains Exactly How To Discuss Rape,1
How NOT To Talk About Rape,0
The First One Moved Me To Tears. The Second Made My Heart Sing. The Third Left Me Speechless.,1
"It's A Free Trip Around The World, And You Win",0
Inside That Crappy Old Calculator You Make Fun Of Now Is Something So Cool It’s Crazy,1
"Could We Really Get All Our Power From Solar Energy? Well, After This, I Think Yes.",0
"At 29, She Was A Trailblazer. At 41, She Was Gone. Here’s Why You Should Know Her Name.",1
"Her Time Here Was Pretty Brief, And There's A Reason We Should Celebrate It",0
What Will A Man Do For His Daughter When It's Her Turn To Face The Evils Of The World?,1
What Will We Do For Our Children When It's Their Turn To Face The Evils Of The World?,0
What Kim Kardashian Did Versus What Angelina Jolie Did In 2014 (And More),1
An Outrageous Year In Review For 50% Of The World’s Population,0
"The Obamas Said Something Kinda Controversial, And A New York Times Columnist Has A Great Response",1
The Obama Family Speaks Out About Racism. One Guy Goes On CNN To Explain Why It Matters.,0
They Had A Secret 'Gentleman's' Club On Facebook But The Secret Was About Chloroform And Rape,1
The Secret Dental Student Club That Promotes Drugging And Violent Rape Ain't So Secret Anymore,0
"This Happy, Cute Dog Is Like A Robot. But Still A Real Dog. He's A Robot Dog!",1
"50% Mans Best Friend, 50% Tron, 100% Why Stem Is Important For Our Future",0
How Much Does It Cost To Keep Someone On Death Row? Get Your Barf-Bags Ready.,1
Sometimes Innocent People Are Executed. That's Enough To End The Death Penalty. But This?,0
Science Explains Why Rich People Don't Care About You,1
Our Kids Are Pretty Much The Reason We Don't Murder Each Other And Steal Each Other's Stuff,0
10 Hit Songs With A Hidden Meaning That Should Never Be Played Again,1
"!0 Songs About An Actor, Rocker, Baller, Director, Rapper And Singer That Are So Wrong",0
Her Classmates Talked About Sexually Assaulting Her But Here's Why She Had To Keep Sitting Next To Them,1
"A Secret Club Was Terrifying Her With Threats, But Here's Why She Had To Face All 12 Of Them Every Day",0
"Today's Pep Talk, Brought To You By An Adorable, Fierce, Girl",1
"If Anyone Can Make Their Dream A Reality, It's Her",0
"Today's Pep Talk, Brought To You By An Adorable, Fierce, Girl",1
She's Not Just Wandering Into Her Future. It's A Full-Scale D-Day Invasion.,0
"No One Asked Her What Happened. No One Did Anything For Her. And So, He Struck Again.",1
120 Million. 1 In 3. 1 in 2. They're All Disturbing Numbers When You Find Out What They Mean.,0
"First, I Learned A New Word. Then, I Saw What They Were Doing. Wow.",1
Some Of The Rainforests Featured Here Are Being Saved From Big Oil. By Little People Like Us.,0
"3 Friends Built A Massive Garden On A Rooftop, And They're Not Keeping It For Themselves",1
Most Brooklyn Ever: They Never Travel Further Than 7 Miles Away From Their Organic Roof Gardens,0
This Man Just Pulled A Prank On 50 Homeless People. What Kind Of Person Does That?,1
Some Surprises Are Good. Some Are Terrible. Theirs Is Astonishing.,0
A Drone Few Over A Pig Farm To Discover It’s Not Really A Farm. It’s Something Much More Disturbing.,1
"People Living Here Have Enough Sh*t To Deal With, And Now It’s Raining Down On Them From The Sky",0
A Man Followed A Homeless Person With A Hidden Camera To See How He Spent His Money,1
What Happens When A Homeless Person Asks For Money,0
There Were Too Many Deer In The Forrest So They Unleashed The Wolves Without Any Idea What'd Happen,1
You'd Think These Wolves Were Made Of Magic Cause They Actually Changed The Course Of A River,0
"3 Friends Built A Garden — It's On A Roof, But That's Not Even The Best Part",1
They Turned A Rooftop Into A Huge Garden. Can You Guess Where It Is?,0
Obama Separated Boy Toys From Girl Toys. He's Got A Wonderful Way Of Doing It.,1
This 47 Seconds Is Just Between The President Of The United States And Your Daughters,0
"I Haven't Met The People Who Made This Clip, But It's One Of My Top Priorities For Next Year.",1
"If Villages Were All Able To Sustain Each Other, Would It Be A Better World? I think yes.",0
Hear 5 Feminists Share What They Love Most About Feminism,1
"5 Women Share Their Definitions Of Feminism, Because It's A Little Different For Everyone",0
"Here's What The Economy Looked Like Then And Now. By Chart #6, I Was Pulling My Out My Hair.",1
How Inequality Is Actually A Tax On The Middle Class — And 9 More Must-Know Facts About The Economy,0
It's Probably 1 Of The Most Controversial Words In The Dictionary. Hear 5 Women Use It 32 Times.,1
Why So Many Women Are Afraid Of Being Called A Feminist But No Longer Have To Be,0
They Thought They Were Going To The Shelter. They Walked Into A Five-Star Restaurant. Gasps!,1
He Transformed A Soup Kitchen Into A 5 Star Restaurant. Like You Do.,0
"This Morning, I Didn't Know What A Binaural Soundscape Was. Now All I Want To Do Is Listen To Them.",1
"If I Could Build One Sci-Fi Thing, It Would Be A Teleporter. Turns Out, I Had One In My Backpack.",0
"When People Get Weird About Feminism, Just Show Them These Drawings",1
Her Colorful Drawings On Feminism Had Me Raising My Hand At The End. And Smiling.,0
Kids These Days Are Used To Hearing A School Announcement You’d Find Alarming,1
The Kids In This Video Look Used To School Lockdowns. That’s What Gets Me.,0
You Probably Ate Something Recently That Could Kill You If You Had Enough Of It,1
SPOILER ALERT: Millions Of Bacteria Are Hiding In Your Food,0
This Doesn’t Sound Like The MLK I Learned About In School,1
"MLK Once Gave A Speech Titled, ""The Other America."" It Should Be As Famous As ""I Have A Dream.""",0
He's A Little Crude. But What He's Got To Say About Disabilities Is A.O.K.,1
He Played Basketball For 24 Hours Straight For A Fantastic Reason,0
Some Parents Think They Need To Send Their Kids To School With This And That's Absolutely Terrifying,1
What Do Soldiers In Iraq And Little Suzie In The Second Grade Have In Common?,0
She Spent $1.57 For Something That Cost Him $60.62. Gender Bias? Nah. Something Much More Powerful.,1
She Attempted Something Nearly Impossible. And Lost. But I Wouldn't Count Her Out Just Yet.,0
"He’s Been To Space Three Times, And Now He Thinks The World Should Stop Spinning",1
"Just Sitting, You’re Moving 1,000 Miles An Hour. Right Now. This Astronaut Is Begging You To Stop.",0
He Asks Jennifer Lawrence What Would Happen If She Got Ebola. Her Answer Is The Whole Problem.,1
These Celebrities Reveal The Hard Truth About Ebola That The Media Is Completely Ignoring,0
These People Own Walmart. But Guess What? They Get YOU To Pay For Workers’ Wages. Scam?,1
Robert Reich: 1.4 Million Americans Could Get A Raise Today. Here’s How.,0
"This Astronaut’s Been To Space Three Times, And Here’s Why He Says We’re Gonna Be All Right",1
An Astronaut Wants The Earth To Stop Spinning For Just A Minute. He’s Got Something To Say.,0
"He’s Been To Space Three Times, And He’s Figured Out Something You Don’t Often Hear",1
"After Three Trips To Space, He’d Like The World To Hold Still For A Minute",0
"I Haven't Met The People Who Made This Clip, But It's One Of My Top Priorities For Next Year.",1
If The World Had More Folks Like These ... It Really Would Be A Better Place. Not Kidding.,0
My Friends Know I'm Against The Death Penalty. But After Seeing This? I'm Appalled.,1
"While We Weren't Looking, States Spent Tons Of $$$ To ... Kill People?",0
"After Three Trips To Space, He’s Realized Something No One Says",1
"He’s Blasted Off To Space Three Times, And Now He’s Back On Earth To Get It To Stop Turning",0
The Top Five Countries For Gender Equality In 2014 Are All In One Place. I Want To Go To There.,1
How’d The World Do On Gender Equality In 2014? Lots of Progress. Also Lots Of Not-Progress.,0
There’s No Way I’m Ever Shopping At Walmart Again Unless This Gets Fixed Now. Right Now.,1
Walmart: Saving Money So Its Workers Can Live On Food Stamps,0
"I Haven't Met The People Who Made This Clip, But It's One Of My Top Priorities For Next Year.",1
"The Work These Folks Do Is Nothing Short Of Magic. No, I’m Not Exaggerating.",0
I Couldn’t Do This Job Even When I Was In My Prime. Nor Would I Want To.,1
Meet Some Folks For Whom Taking On A Major Forest Fire Is Just Another Day,0
"This Morning, I Didn't Know What A Binaural Soundscape Was. Now All I Want To Do Is Listen To Them.",1
Goals: To Curl Up In My Cozy Bed And Also Travel The World. A New Invention Lets Me Do Exactly That.,0
A Smart Dude Takes On Racism With Facts. Not Wild Accusations. Facts.,1
"A Subject That He Really Doesn't Trust The Internet To Understand, But He's Going For It, Anyway",0
"He's Obsessed With Data, And He Found Something Really Shocking",1
He's Obsessed With Data And He Found Something Really Shocking,0
New York Governor Mario Cuomo’s 1984 Smackdown Of Ronald Reagan Is Just Golden,1
"Why Is It That When I Hear This Speech From Mario Cuomo, I Think Of Today?",0
My Friends Know I'm Against The Death Penalty. But After Seeing This? I'm Appalled.,1
"When I Think About The 4 Numbers Below The Video, I'm Appalled. The Last One Totally Guts Me.",0
That Poverty Rate Number? Here’s How It Would Change If We Got Rid Of Some Programs. Wow.,1
Those CongressCritters Making $200K Plus? They Want People Barely Getting By To … Not Get By At All.,0
A Cop With Two Guns Asks If She Has A Weapon. He Doesn't Like Her Smart Response.,1
Why Some Kids Think Poetry Is Only For Old White Folks,0
They Thought They Were Going To The Shelter. They Walked Into A Five-Star Restaurant. Gasps!,1
It Might Be The Most Surprising Place For A Five-Star Restaurant Ever. So Amazing.,0
"Oh, This Is Why We Don't Let Ladies Write TV Shows",1
Your Must-See TV Line Up Just Got Must-See-i-er,0
People Say She's Too Pretty To Be Deaf. That's When She Hits Them With This Face.,1
No It's Not Contagious' And More Answers To Ridiculous Questions This Deaf Girl Is Sick Of,0
"In 1987, The World Was Captivated By One Child's Story. Here's What That Tells Us About Humanity.",1
What A Baby In A Well And Money For Cancer Can Teach Us About Human Thought,0
"This Guy Is Always Asked An Inappropriate Question About His Legs, And Well, He Gives The Answer",1
He's Not Here To Be Your Inspiration. He's Here To Kick Your Ass In Basketball.,0
Here Is What Would Happen To Some People If We Got Rid Of These Social Programs,1
Let's Get Rid Of These Social Programs And Watch Even More People Die In The Streets. Or ... Not.,0
"I Usually Can't Stand Yearly Recap Videos, But The One You're About To See Is Kleenex-Worthy",1
The Moments That Brought Us Together In 2014 Can Bring Us Together Right Now,0
I Wish We'd Done This All Along. Maybe It Wouldn't Be So Dang Expensive For The Good Stuff.,1
Eating Fish Is Healthy. Here's How It Can Be Good For You And Them Too.,0
He Was Unfairly Singled Out By The Cops. What He Asked For In Response Is Pretty Amazing.,1
He Lived In The Same House As His Mom  — But Not The Same Neighborhood. Here's Why That Matters.,0
"18,000 Of These Beauties Were Dying Each Year. Then Came The Little Blue Label That Could.",1
"It's A Beautiful, Simple Solution And Saves 18,000 Lives A Year.",0
A Song About Being Gay That You'll Probably Never Get Out Of Your Head,1
2 Guys Sang A Song About Being Gay And Chances Are It'll Be Hard To Get Out Of Your Head,0
"He Needed Help, So He Called 9-1-1. That Was The Biggest Mistake He Could Have Made.",1
There's Something Keeping Police From Doing Their Jobs. So Cities And States Are Passing More Laws.,0
"She Ruled Egypt Long Before Cleopatra, And There’s A Reason You Haven’t Heard Of Her",1
What Would Make Someone Try To Destroy All Traces Of A King? Was It Something She Did?,0
Beyoncé Has Human Struggles. I Don't Know What Prompted This Video But I'm Glad She Shares What She's Learned.,1
Beyoncé Released A Video Talking About Feminism And Her Empathy For Men (Particularly Black Men),0
A Boy Said She Was Too Ugly To Touch. She Believed It For 10 Years. Here's What She Has To Say Now.,1
10 Women Had Trouble Liking Their Own Bodies. Hear 1 Thing That Makes Them Each Feel Beautiful Now.,0
The Ultimate Proof That Our Military Is Draining Money — All For Nothing,1
"It's A Bird! No, It's A Plane And It'll Cost A Crazy-Big Amount — So Why Is It Still Being Built?",0
He Called 9-1-1 When He Needed Help. He Will Always Regret It.,1
What Happens When The People Who Call For Help Are The Ones Arrested?,0
"Why Are 34,000 People Being Forced To Wear Orange Crocs?",1
"34,000 Is A Big Number. But You Know What’s Huge? $2 Billion.",0
"Girls Said She'd Steal Their Boyfriends, So She Told Them The Truth. It Only Made Things Worse.",1
She Sits Down And Tells Us A Personal Story Just So Other Teens Won't Have To Go Through The Same,0
"Minutes After A Panic Attack On Live Radio, Howie Mandel Met A Stranger Who's Words Changed His Life",1
Howie Mandel Says He's Crazy And Mental. Here's Why He's Not Embarrassed One Bit.,0
A Dude Says Something So Racist And Dumb That He Makes A Lawyer's Brain Hurt,1
How To Know If Someone Is Shutting Down Your Free Speech Or Simply Using Their Own,0
The Recent Bombing In America That You Probably Didn't Hear On The News,1
NAACP Bombing Introduces America To Its New Newscasters: Twitter,0
What Scientists Say In Public Is One Thing. What They Say In Private Is Something Else.,1
What Really Matters,0
"She Says, 'My Being Is Illegal' And I Get Goosebumps. This Is Reality.",1
An Amazing Young Woman Passionately Explains What It's Like To Be Undocumented,0
A Dude Says Something So Awful That He Makes A Lawyer's Brain Hurt,1
SATIRE ALERT: A Dude Says Something So Racist And Dumb That He Makes A Lawyer's Brain Hurt,0
I'm Laughing At This Autistic Girl Because Her Jokes Are Funny. She's Also Teaching Me So Much.,1
She's Not Dustin Hoffman. She Loves To Talk. She's Not A Demon.,0
"So It’s All Questions, And Little Funny Cartoon Jokes, And Then He Goes So Deep I’m Speechless",1
This Guy Says What Makes A Great Scientist Is What He Doesn’t Know?,0
Here's The Deal With Those Erections Guys Are Always Waking Up With,1
You Probably Know It By A Few Names. But Your Doctor Would Call It Nocturnal Penile Tumescence.,0
Here’s The Best Thing About Ignorance,1
"While We Argue About Things We Can’t Know, There’s This Other Thing That Really Counts",0
The 11 Things People Who Make Short Bus Jokes Probably Don't Do,1
Why I’ve Never Been More Proud Of The People From My Hometown. And You Would Be Too.,0
It's Not Like Any Sports Commercial I've Seen Before. The Pros Get Humbled And Give Mad Respect.,1
"Sledge Hockey Is How Athletes With Disabilities Play. See  NHLers Surprise Them, Then Get Humbled.",0
"When He Takes The First Sip Of Water, I Dare You Not To Flinch A Little",1
"Poop Goes Into This Machine, And Drinking Water Comes Out. Grab Yourself A Glass.",0
All Of Us Get Pissed Off At Our Insurance Companies. She At Least Did It Hilariously.,1
Is 2015 The Year Her Son's Treatment Goes Back To The Future?,0
"After 1:10, This Gets So Deep I Don’t Know What To Do With Myself",1
"The Road To Wisdom Is Paved With Ignorance, Says This Smart Guy",0
11 Ways A Group Of People Are Ignoring All The Short Bus Jokes,1
He's 1 Person Doing 11 Things To Reclaim The Short Bus And Ignore The Jokes,0
She Tried Riding The Subway Like A Dude. She Couldn't Believe When People Took Pictures.,1
The Hardest Thing About Riding The Subway Like A Dude? Strangers Taking Pictures.,0
A Farmer Talked About Saving Water Then Water Poured From His Eyes. That's When A Shark Bit.,1
An Emotional Plea From A Farmer Made 1 Shark Hungry For Progress,0
These Mushrooms Are Talking And It's Not Magic (If You Know What I Mean),1
"He Has One Job, And That's To Figure Out The Language Of Nature",0
All She Wanted To Do Was Hold Her Girlfriend's Hand. She Soon Realized She Would Have To Leave.,1
"What They Did To Get Here Takes Some Serious Guts, But I'm So Relieved They Made It",0
She Was 5 Days Old When A Nurse Gave Her Permanent Brain Injuries. Now Her Dad's Built Her A School.,1
"Once, The State Of New York Didn't Have Schools For Kids Like Her. Thank God That Changed.",0
Here's What's Wrong About 'Survival Of The Fittest.' And I Mean Scientifically Wrong.,1
The Things About Life Many Schools In The U.S. Won't Teach You — Or Don't Want To Teach You. Sadly.,0
"If You're A Woman Living In These 27 States, Your Neighbours Are Pretty Pissed At 1 Of Your Rights",1
"You Know Those Far Away Places Restricting Women's Reproductive Rights? Turns Out, Not So Far.",0
These Scenes From 85-Year-Old Movies Might Shock People Even Now,1
Hollywood Used To Make Movies For Women All The Time. So What Happened?,0
She Lists 10 Things Every Woman Should Know. #3 Makes Me Weak At The Knees.,1
The Title Is 'That's What She Said.' But The Rest Is Not What You'd Expect.,0
A 3 Minute Video Game That Gives You The Basic Foundation Of All Things Political,1
The Origins Of The Gov't  ... ZZZ Snore. This Video Game Explaining It ... Fun.,0
It's One Of The Most Popular Songs In The World Right Now. Thank God Someone Finally Fixed It.,1
"She Just Rewrote ""Rude"" In The Most Hilariously Perfect Way Possible",0
The Surprising Ad About Gay Marriage That Doesn't Come From Who Or Where You Might Think It Would,1
He Fights For The Rights And Safety Of Texans Every Day. Now He Wants Them To Fight For Him.,0
She Had Fun That Day In Her Friend's Basement. She Had No Idea It Would Lead To Her Losing Her Kids.,1
People Always Tell Her To Take Responsibility For It. Here's Why She Can't.,0
She Walks Half Naked Down The Street Just To Make A Point - Message Received,1
There Was A Voice In Her Head Saying Bad Things About Her Until One Day She Said - F#ck It,0
"A 17-Year-Old High School Student Lost A Friend To Cancer, So He Invented Something To Fight It",1
"With Teenagers Like Him, We've Got A Bright Future ... Cancer Doesn't",0
"If You Can't Believe This Woman Has A Face Full Of Tattoos, It's Because She's That Good",1
Meet The Tattoo Artist Changing Lives With Camouflage,0
"When He Takes The First Sip Of Water, I Dare You Not To Flinch A Little",1
This Is How You Make Drinking Water From Human Poop,0
A 6-Year-Old Asks ​Neil DeGrasse Tyson An Adorable Question. He Gives Her An Awesome Answer.,1
"How To Get Away With Annoying Your Parents, With Your Host, Neil DeGrasse Tyson",0
A Teacher Created A Game The Kids In The Back Row Couldn't Win. That Was The Point.,1
It's These Kind Of Life Lessons That Make Us Remember Our Favorite Teachers,0
A Guy Who Gets Stood Up By His Date Leaves Us With A Quick Lesson About The Health Effects Of Wine,1
Wine Is So Good On My Tastebuds. Now I Know If It's Good For The Rest Of Me.,0
"If You're A Woman Living In These 27 States, Your Neighbours Are Pretty Pissed At 1 Of Your Rights",1
Is Your State One Of The 18 That's Extremely Hostile To Women's Rights?,0
"When This School Flipped Day And Night, It Woke Everyone Right Up",1
"For The Kids Who Think The Problem Is Them, This School Took A Long, Hard Look At Itself",0
1 Comment You Might Wanna Stop Making ... Cause It's Actually Kind Of An Insult,1
1 Phrase You Might Wanna Stop Using ... Cause It's Not Actually A Compliment,0
A Clever Teacher's Prank On The Kids In The Back Row Turned Into A Lesson For The Whole Class,1
Why Would A Teacher Tell His Students To Crumple Their Paper And Toss It Out? For 1 Big Life Lesson,0
An Old School Way Of Having Sex That's Kinda Making A Come-Back,1
An Old School Birth Control Method That's Coming Back. But Does It Work?,0
"At 17 He Goes To School, Gets Picked Up By His Mom - Oh And Saves Lives (Maybe Even Yours)",1
Most 17-Year-Olds Are Playing Video Games. He's Trying To Save Lives. (Maybe Even Yours),0
"At 17 He Goes To School, Gets Picked Up By His Mom - Oh And Tries To Save Lives (Maybe Even Yours)",1
"A 17-Year-Old Trying To Save Lives Is Impressive, But The Reason *Why* Made My Heart Swell",0
1 Common Word We Don't Think Twice About Using That Shows Our Own Ignorance,1
1 Hurtful Label We Use To Describe A Person That Makes Them Hide Who They Are,0
One Of The Best Parts Of The Golden Globes Was Maggie Gyllenhaal's Speech About Women's Roles,1
Maggie Gyllenhaal Has Something Great And Hopeful To Say About The Roles Available To Women,0
A 6-Year-Old Asks ​Neil DeGrasse Tyson An Adorable Question. He Gives Her An Awesome Answer.,1
​Neil DeGrasse Tyson Explains How To Help The Earth To An Adorable 6-Year-Old Girl,0
The Star Of 'Jane The Virgin' Just Won A Golden Globe And Blew Everyone Away With Her Speech,1
Gina Rodriguez's Moving Tribute To Her Latino Fans From The Golden Globes Is Everything,0
These 4 Cities Have Internet That's 10 Times Faster Than Your Internet,1
There's 1 Big Thing We Could Do To Make The Internet Faster,0
Group Of Bullied Friends Had A Plan - Their City Has Not Been The Same,1
"I Don't Think People Who Ride The Short Bus Are Less Cool Than Me, And Neither Should You",0
"Imagine Once Your Dog Got Old, That You Swapped Him For A Pup? Meet 'Puppy Swap.'",1
Seriously? There's A Swap Service So You Only Ever Own Pups And Not Adult Dogs? Unbelievable.,0
A Couple Gave Their Son A Cute Little Puppy. So Why Am I Sorta Creeped Out?,1
Seriously? There's A Service To Swap Your Older Dog For A New Pup? Unbelievable.,0
A Couple Gave Their Son A Cute Little Puppy. So Why Am I Sorta Creeped Out?,1
"They Made Up An Awful, Fake 'Puppy Swapping' Website. I Guess The Joke Was On Us.",0
A City In Iowa Has A Big Secret. It's Changed Everybody's Life.,1
When You Hear 'Iowa' You Probably Don't Think 'Fast Internet.' That's About To Change.,0
A City In Iowa Has A Big Secret. It's Changed Everybody's Life.,1
My Grandmother In Iowa Can Read This Article Faster Than You,0
I Know You've Heard This Song. But Have You Ever Really Tried To Imagine It?,1
It's Time To Stop Imagining This World And Begin Building It. Will The Dreamer Wake Up In 2015?,0
"A Town In Iowa Is Giving Comcast, Verizon, And Time Warner Something To Be Very Scared About",1
"The Secret To Fast, Cheap Internet Is Avoiding Cable Companies Altogether",0
She Begged Her Mother For Braces. Thank Goodness She Always Said No.,1
Uzo Aduba Has An Award Winning Smile. It's To Make Up For All The Smiles She Didn't Make.,0
"A Town In Iowa Is Giving Comcast, Verizon, And Time Warner Something To Be Very Scared About",1
That Cat Video Didn't Win The Internet'. This Small Town Just Did.,0
7 Years Of Outbreaks In 70 Seconds. I Had To See It To Believe It.,1
We Have Cheap And Effective Ways To Prevent These Diseases. Why Do We Let Them Spread?,0
"The 1st 3 Cities Aren't Surprising, But The 4th Has My Full Attention",1
Your Cable Company Doesn't Want You To Know There's A Cheap Way To Have Faster Internet,0
Every 10 Minutes A Woman Dies Because She Can't Get An Abortion. It Sent This Woman To Sea.,1
Anti-Abortion Laws Are Putting Some Women On A Boat,0
"He Was Sick Of Watching Students Fail, So He Came Up With A Outrageous Plan",1
"Even If The Experts Said It Wouldn’t Work, He Wasn’t Going To Give Up On His Students Without Trying",0
Fluoride In The Water: Let's Put This Conspiracy To Rest,1
"Now You Can Say, 'Yes. I Know What's In My Water, Thanks'",0
"When He Takes The First Sip Of Water, I Dare You Not To Flinch A Little",1
"This New Machine Turns Poop Into Drinking Water, And Even Billionaires Are On Board",0
"I Know This Sounds Crazy But, What If We Got Rid Of Immigration Laws?",1
"I Still Have A Lot Of Questions, But It's A Pretty Interesting Start",0
3 Ladies Having Too Much Fun At The Epicenter Of A Disaster,1
Ever Wonder What Goes On At An Environmentalist Ladies' Pajama Party? We Have Footage.,0
2 Famous Singers Perform 1 Of The Most Powerful Songs Of The Year. (Goosebumps),1
John Legend's Award Winning Score From The Film 'Selma' Is All-Powerful,0
Alzheimers Could Be Caused By Something We Eat And This Guy Is Making A Movie About It,1
A Brain And A Bit Of Bread Could Actually Make A Dangerous Combination,0
"She Wanted The Job So Badly, But The Test They Made Her Take Was Absolutely Humiliating",1
"The Men Can Just Be Cops, But These Women Have To Do Something So Awful And Unnecessary First",0
What Some Follks In Canada Want Mandatory Is More Sensible Than Anything I’ve Seen In A Long Time,1
A Solution To Preventing Workplace Shootings That Doesn't Destroy More Lives,0
A Man Deeply Insults Ellen's Show *And* Her Marriage. Now Watch Her Fire Back.,1
"Ellen Interrupts Her Normal Show To Clarify Her ""Hidden Agenda"" For All Those Curious",0
"His Son Was Only 2 Years Old When His Dad Started To Feel Ashamed, Upset And Cheated",1
"He Felt Like He’d Lost His Son, Until He Saw How Much He’d Lost Himself",0
He Shows Side-By-Side Photos To Jon Stewart And Asks Him To Guess The Country. Mind-Blowing? Yes.,1
Let's Play A Little Game Of 'What's This A Photo Of' ... Daily Show Style,0
He Shouldn't Have Any Problem Getting Dates. Here's The Disgusting Reason He Can't.,1
The Problem With Who You're Dating And Not Dating Based On Stereotypes,0
"When You Look At This Important Event From 50 Years Ago, It Kind Of Puts Things Into Perspective",1
It's A Moving And Deep Tribute To The Extraordinary Movement That Got Us This Far In Civil Rights,0
This Actress Just Launched The Most Important NSFW Website I've Seen,1
Actress Caitlin Stasey Is All About Herself And We're All Better Off For It,0
"These Badass Girls Are Making Such An Impact, Even Their Elders Look Up To Them",1
Someone Said Their Story Was '...A Mirror To My Life.' They've Obviously Hit A Big Nerve.,0
Why's This Guy Struggling To Get A Date? The Reason Is Beyond Gross.,1
"He Was Excited To Start Dating, But He Had No Idea What Would Hold Him Back",0
"They're Living In A Disaster, So They Decided To Have A Little Fun",1
Everything Is A Disaster. They're Having A Great Time.,0
"He Climbs On His Desk, Insults His Teacher, And Leaves The Whole Class Speechless. Point Made.",1
Dead Arms And Lightbulb Jokes. That's How He Made Them Understand.,0
Millions Of People In The World Would Like People Who Make YouTube Videos To Know Something,1
Heres A Pretty Easy Way To Help That Video Get Seen By Millions More People,0
"The Video That Made You Cry, Laugh, Spit Nails, Or Go 'Awwwwww' Is  Being Missed By A Lot Of People",1
One Simple Thing Can Mean Millions More People Will See The Videos That Are On YouTube. Let's Do It.,0
Pretty Much A No-Brainer. So Why Are So Many People WITH Brains Forgetting Do To This?,1
"What If The Videos That Make You Cry, Laugh, Or Spit Nails Are Being Missed By A Lot Of People?",0
Get Pumped. You're Ready For The Next Time Someone Posts This Crap On Your Facebook Page.,1
There's More In Your Toothpaste Then There Is In Your Water,0
"They've Never Seen Princess Look Like Themselves, So These Adults Turned Into Them",1
They Know What People Think About Them. But They Also know Those People Are Wrong. Hence This Song.,0
A Big Truth Bomb Coming From Canada That Might Have You Kinda Pissed Off ... But Not At Them,1
A Mine Company Promises To Protect Alaskan Waters Just Like In Canada. Guess How That Turned Out.,0
"A Dangerous Form Of 'Therapy' That, Believe It Or Not, Is Legal In 48 States",1
The Methods Used By Ex-Gay 'Therapists' Proves Just How Harmful Strict Gender Roles Are,0
1 Popular Phrase You Might Be Using That Makes Some Of Your Friends Wanna Say 'Shut-Up.',1
1 Thing 'Some' Singles Really Need To Shut-Up And Stop Whining About,0
"Men And Women Disagree On Lots, But In This Case The Uterus Wins",1
Men Experience The Same Feelings Women Do After An Abortion ... Whoa,0
"They Start Asking ‘Why?’ And When I See Where This Is Going, I Have To Fight Back The Tears",1
These Kids Keep Asking Hard Questions And None Of Our Answers Are Good Enough,0
"Dream of Sushi? Me Too, Which Is Why I'm Happy To Learn How To Eat It Right.",1
It's Heart-Wrenching To Think About Sea-Turtles Drowning In Those Nets — So Hooray For These Guys.,0
A Much-Loved TV Cop Speaks Out To Celebrate What Manhattan's D.A. Just Decided Regarding Rape Kits,1
"It's Not Just A Role She Plays. She Really Cares About Helping Abuse Victims In Real Life, Too.",0
The Best Way To React When Someone Tells You 'They Just Want To Be Friends',1
1 Kind Of Relationship You Need To Stop Whining About Right Now,0
The New Nightly Show Host Says What Black People Have Wanted To Say For A Long Time,1
Larry Wilmore Has A Dream That One Day America Will Not Be Full Of Race-A-Holics,0
The Hilarious Doritos Ad That Doritos Will Never Let Win Their Super Bowl Contest,1
A Hilarious Love Story With A Twist Dorito Ending That Doritos Will Kind Of Hate,0
"Some Might See These Ladies As Novelties, But They're As Real As It Gets. Just Ask Them.",1
"They Do Things A Bit Different So They're Treated Like Novelties, But They're As Real As It Gets",0
She Was 'Outed' In A Really Public Way. You'll Love What She Did With The Opportunity,1
She Said To Her 'The Cancer Makes Me Want To Live But The Depression Makes Me Want To Die'. Heavy.,0
"Salmon, Crab, Lobster, – Nothing Better Right? Well, There's A Dark Secret You Should Know About.",1
If You Like Fish You're Gonna Love What These Guys Do With It,0
"Salmon, Crab, Lobster – Nothing Better Right? Well, There's A Dark Side You Should Know About.",1
"I Love Seafood, So I Was Pretty Unhappy To Learn About This Dark Side Of Fishing.",0
A Young Artist She Lost Her Sight. Then A Guy Named Ed Gave It Back To Her In A Really Cool Way.,1
She Describes How A Sci-Fi Device Helps Her See. I Can't Help But Close My Eyes And Imagine It.,0
Watch A Comedian Interrupt His Own Show To Point Out A Double Standard Of TV Censors,1
"He Doesn't *Want* To Show You His Nipples. But He Will, To Make A Good Point.",0
He Didn't Even Get A Minute In Before I Started Clutching My Chest. So Many People Need What He Has.,1
Someone You Know Could Be Fighting A Battle Like His,0
"If You Saw This At A Crosswalk, You'd Probably Not Want To Cross. Point Made.",1
Getting From Point A To Point B Just Got A *Lot* More Interesting For Some Folks,0
"They Arrested 5 Men At Her Show For Being Gay. Here's Her Furious, NSFW Response.",1
A World-Famous Singer Gets On Stage And Furiously Defends Her Fans. And The Crowd Goes Wild.,0
This Terrifies Me. There’s A Secret Treaty Being Written To Give Corporations Control Of The Web.,1
Unbelievable. World Leaders Are Giving Control Of The Web To The Corporations.,0
"At First, It Felt Like A Lot Of Little Coca-Cola Bubbles On Her Tongue. But Then She Saw It.",1
A Young Artist Can 'See' Again By Using A Device That Feels Like Coca-Cola Bubbles On Her Tongue,0
They Keep Calling A Sick Girl 'Weird And Crazy.' Then They Finally Catch On.,1
Why The Term 'Crazy Girl' Drives Me Absolutely Cr... To The Point Of Being Annoyed,0
Secret Revealed! An Experiment With Cookies Explains Why Most Bosses Are Such Jerks.,1
Remember The Last Time There Was Only One Cookie Left And Somebody Grabbed It? About That ...,0
A Question All Couples Should Talk About Before They Get In Too Deep,1
"Men And Women Disagree On Lots, But In This Case The Uterus Wins",0
The New Nightly Show Host Says What Black People Have Wanted To Say For A Long Time,1
The Top 5 Reasons To Watch The New Nightly Show — Starring This Dude,0
The New Nightly Show Host Says What Black People Have Wanted To Say For A Long Time,1
"He May Be The Only Black Late Night Talk Show Host On TV, But That's Not Why He'll Make History",0
"World Leaders Are Writing An Internet Treaty So Nasty, They're Doing It In The Shadows. Here’s Why.",1
"Governments And Corporations Are Signing An Internet Treaty In Secret, And The Reason Is Chilling",0
"At First, It Felt Like A Lot Of Little Coca-Cola Bubbles On Her Tongue. But Then She Saw It.",1
"At First, It Felt Like A Lot Of Little Coca-Cola Bubbles On Her Tongue. Now It Gives Her Sight.",0
"She Was Just About To Blow Out Her Birthday Candle, When They Heard The First Crash.",1
An Everyday Item Comes To Life In Order To Deliver A Very Important Message,0
Politicians And Corporations Are Hoping You Don't Notice This. Because That's What Could Stop It.,1
Click Here And See If You're Still Online. Welcome To The Trans-Pacific Partnership Treaty.,0
This Canadian Woman Is Politely Telling Me About A Secret Treaty That’s Scaring The Crap Out Of Me,1
There’s A Terrible Web Treaty Being Signed By 12 Countries With Just 1 Way Out. Maybe.,0
These Black Children Have Some Tough Questions To Ask Of Us,1
All Of Our Kids Deserve Some Answers. Now.,0
"Young, Innocent Boys. A Simple Question. And I’m Devastated.",1
Put Yourself In Their Shoes. Think You’d See The World Any Differently?,0
An MLK Parody That Manages To Be Funny And Respectful? I Thought It Couldn't Be Done.,1
"Everyone Knows He Had A Dream, But He Was Pretty Spot On When It Came To The Economy",0
The Martin Luther King Quotes You've Never Heard Because They Shatter The Sterilized Version Of Him,1
Why Is History So Afraid Of This Martin Luther King Jr.?,0
First I Thought It Was A Fake Movie Promo. Then I Got Chills When I Saw It Was Real.,1
"If You Thought Malala's Story Was Amazing, Wait Until You Hear About The Others",0
This Policeman *Refused* Orders To Shoot At Demonstrators. He Knew His Kids Would Be In The Crowd.,1
The Best Way To Throw A Revolution — From A Lady That Knows Her Stuff,0
"A Girl On Facebook Said, ""Black Lives Matter? All Lives Matter!"" So This Woman Responded.",1
Ever Wonder Why Protestors Are Disruptive? Here's One Big Reason. You'll Want To Hear It.,0
"She’s Going Door To Door With Light, And Older Navajos Have Never Seen Anything Like It",1
A Young Woman Is Talking Faith And Climbing Navajo Roofs To Make A Life-Changing Difference,0
"The Next Time They're Picking An Official Disney Princess, They Will Not Consult This List. Sigh.",1
I Thought I Knew What Kind Of Women He Was Interested In. I Didn't Know The Half Of It.,0
The New Fitness Craze Sweeping Japan Is *Adorable*,1
"In Japan, 70 Is The New 17",0
The New Fitness Craze Sweeping Japan Is *Adorable*,1
She's On A Champion Cheer Squad. I Bet Her Grandkids Think That's Cool.,0
"Exactly 1 Thing Affects Your Happiness More Than Anything Else, No Matter Who You Are",1
"Monk Says, 'Let Altruism Be Your Guide'",0
"She’s Going Door To Door With Light, And Older Navajos Have Never Seen Anything Like It",1
"She Could Be Their Granddaughter, And She’s Changed Their Lives Forever",0
Here Are Some Women Who Make The 'Frozen' Princesses Look Pathetic. Will They Make The Big Screen?,1
Looking For The Next 'Frozen'? Try This List Of Fascinating Women.,0
5 Minutes Will Change How You Think About Love,1
What Is Love? Haven't All Of Us Wondered That?,0
Notice Anything Funny About This Year's Oscar Nominees?,1
Here's Why The Oscar Nominee List Is As Diverse As Harvard's Class Of 1868,0
This Spoof Is Mostly Funny. But Also A Little Bit Super Profound.,1
Looking For More Oomph? See If Petrolify Is Right For You!,0
She Became a Great Writer After Eavesdropping On Forbidden Lessons Through Her Brother’s Door,1
"When She Climbed Peru’s Highest Peak, This Is Not What She Was Thinking About",0
6 Women Who Apparently Forgot to Get Permission To Be Awesome,1
Ha. Good Luck Getting Any Of *These* Fantastic Women To Care What You Think.,0
A Bunch Of Brazilians Are Tattooing A Blue Circle On Their Arms And They Want You To Know Why,1
See The Pretty Radical Way Some Patients Owned Their Identity,0
Just 2 Reasons Account For Why 80% Of Terrorist Groups Split Up.,1
Why Terrorist Groups Can't Last Forever,0
The Reason Why All The Songs On The Radio Sound The Same Might Make You Blush,1
Tired Of Repetitive Songs On The Radio? Here’s How You Can Help Make Pop Music Better.,0
5 Minutes Will Change How You Think About Love,1
Are We All Just A Mess Of ChemicalReactions? Really?,0
5 Minutes Will Change How You Think About Love,1
What Is Love? Haven't All Of Us Wondered That?,0
Want To Be Happy? You Only Have To Do 1 Thing. Over And Over.,1
"If You Want To Be Happy, Get Out Your Wallet",0
"It's Been Said That 100% Of Men Don't Like Asking For Directions, But These Celebrities Know Something Else Men Don't Talk About",1
What's On The Inside Of The Minds Of Men? Some Celebrities Are Asking Them To Talk About It.,0
"A Mississippi Teacher As A Solution For Students Who Want To Be Sexually Active. Sadly, It's The Best He Has.",1
It'll Be A Great Day When Our Teachers Are Allowed To Teach Human Biology Without Taking Their Shoes Off,0
A Holocaust Survivor Puts It All In Perspective In Under 90 Seconds,1
"70 Years Ago, He Survived Auschwitz. Today, His Voice Trembles With Anger, Sorrow, Pain, And Hope.",0
"They Were Sentenced To 1 Year In Prison For Marrying Each Other. But Then, They Fought Back.",1
"Nearly 50 Years Ago, Another Battle Over ‘Traditional Marriage’ Was Fought In The Supreme Court",0
"True Fact: If You're In Love, You Don't Exactly Know What Love Is",1
"If We Can Define Love, How Can It Mean Opposite Things To Different People?",0
A Cartoon Dude Explains One Totally Legal Way The US Keeps Black People Down,1
The Totally Accepted Way We've All Been Strengthening America's Hush-Hush Class System,0
75% of job success is predicted by something other than IQ,1
Are You Ready To Fight The Cult Of The Average?,0
"When Doctors Autopsied A Star Athlete, They Found What The NFL Hoped They Wouldn't",1
"When An NFL Hall Of Famer Died At 50 In 2002, His Autopsy Started A Movement",0
"3 Award Show Moments For Women, People And Earthlings That Gave Me Life",1
The SAG Awards Love Seeing All Kinds Of People On TV As Much As America Does,0
They Liked Her Because She ‘Talked White.’ I Bet They Didn’t Expect This.,1
They Said She Was Different From The Rest. The Reason Made My Head Spin.,0
"If You're Not Into Award Season, Here Are The 3 Historical Wins That Really Count",1
"Uzo Aduba, Viola Davis And Laverne Cox Just Made Award Show History. Are You Swooning Yet?",0
They Liked Her Because She ‘Talked White.’ I Bet They Didn’t See This Coming.,1
"They Accepted Her Because She ‘Talked White,’ But Now She's Serving Up Some Realness",0
A Giant Religion Just Took A Teeny Baby Step Towards Love And Acceptance,1
Having A Gay Friend And Being Mormon Just Got A Lot Less Awkward,0
A 1-Minute Answer For When Somebody Tries To Tell You That Humans Do Not Impact Global Warming,1
"It Starts With Shocking Facts About Our Planet, Then Gets Into Numbers That Make Me Panic A Li’l Bit",0
This New Fitness Craze Is Just Too Badass For Words,1
I Never Thought This Sport Looked Fun Until Now,0
Why 98% of Her Potential Boyfriends Broke Up With Her,1
"She’s A Lawyer, She’s Trans, And She’s Brave For Getting Undressed While Talking About It",0
Quite Possibly The Most Chilling SuperBowl Ad Any Of Us Have Ever Seen,1
It Could Be A 911 Call Someone You Know Needs To Make Today,0
"How 1 Epic, Mic-Dropping Rant At Sundance Paved The Way For A New Type Of Film",1
How This Unlikely Spokesman For Asian American Rights Changed The Course Of Film History,0
"It Seems Too Good To Be True, But This Single Policy Change Would Change The Global Economy Forever",1
People Worry That Increased Immigration Will Harm Native Workers. Here's What The Studies Show.,0
There Was A 15 Year Long Study On Fluoride In The Water And Here's All The 'Scary Stuff' They Found,1
Does Fluoride In The Water Make You Dumber?,0
The Genius Way Africa Is Mixing 100-Year-Old Healthcare Methods With Cell Phones,1
Healthcare On Cell Phones Is Putting Africa In A Super Unique Spot,0
Remember That Thing That Ended Apartheid In South Africa? It’s Happening Again.,1
"Is The Oil Lobby Too Rich To Fight? Not Really, Because It’s Our Money.",0
Raise Your Hand If You're An Introvert. Now Raise Your Hand If You Had The Same Experience She Did.,1
Here's Why The Way We're Setting Up Schools And Workplaces Is Wrong For So Many Of Us,0
The Foodie Trend For 2015 That Isn't About Bacon Or Brussel Sprouts,1
Did You Know You Probably Waste $371 A Year On Food You Don’t Eat?,0
Remember That Thing That Ended Apartheid In South Africa? It’s Happening Again.,1
"Is Your Money Playing On Team Good, Or Team Evil?",0
"Attention Band Geeks, Here's A Chart For Everyone Who Ever Told You That It Was A Waste Of Time",1
"If You Look At This Picture And Don't See The Leaders Of Tomorrow, You're Wrong.",0
I Had To Stop Watching The News When It Happened. No One Expected It Would End Like This.,1
"The Water Supply For 300,000 People Was Poisoned. Here's How That Becomes A Good-News Story.",0
The 1% Thought They Could Silence Him By Putting Him In Jail. It Only Made Him Mad.,1
Would You Vote For Convict No. 9653 For President?,0
I Had To Stop Watching The News When It Happened. No One Expected It Would End Like This.,1
"300,000 Americans Had Poisoned Drinking Water. It's A Success Story.",0
You Can Rewire Your Brain In 2 Minutes A Day. Without An App.,1
The Happy Secret To Better Work,0
Over 100 Million Americans Will Watch the Super Bowl. About Double The Number Who Will Go To Church.,1
Who Doesn’t Love The Spectacle Of Juiced-Up Millionaires Giving Each Other Brain Damage On Your TV?,0
"He Trashed Hundreds Of Films In His Career. But 13 Years Ago, He Angrily Stood Up For One",1
"How 1 Epic, Mic-Dropping Rant At Sundance Paved The Way For A New Type Of Film",0
The Big Scandal On Everybody's Mind Before The Super Bowl Is Not The One He Wants To Talk About,1
He Talks Bout The Big Football Scandal On Everybody's Mind For A Minute. Then He Gets Real.,0
You Can Rewire Your Brain In 2 Minutes A Day. Without An App.,1
"Have You Tried Listing Three Things You're Grateful For Every Day? Cheesy, But It Actually Works.",0
I Had To Stop Watching The News When It Happened. No One Expected It Would End Like This.,1
"Every Now And Then, 300,000 People Agree On Something. Then Industry Freaks The Hell Out.",0
Cupid's Science Experiment Challenges What We Think We Know About Love,1
Are You So In Love You Light Up The Sky? Cool. But Can You Light Up An fMRI?,0
This TED Talk Is Hilarious. And It Made Me More Brilliant Today.,1
Here's A Motivational Talk For People Who Hate That Kind Of Thing,0
"Tired Of Roses And Candy Hearts? Try Sending Your Sweetie This. And Then Have A Long, Weird, Talk.",1
"True Fact: If You're In Love, You Don't Exactly Know What Love Is",0
I Had To Stop Watching The News When It Happened. No One Expected It Would End Like This.,1
The River Runs Right Through Their City. A Disaster Gave Them The Chance To Save It.,0
Considering Going On A Diet? Hold That Thought And Watch This First.,1
Most People Gain Back The Weight They Lose On A Diet Within 5 Years. Yet We Keep On Doin’ It.,0
"If You Want To Make Legos For Girls, All You Need It One Piece",1
Forget Shopping Malls And Cafes. This Tiny Piece Makes Lego's 'For Girls'.,0
It's Crazy That We've Been Doing Business The Same Way For Over 200 Years. Here's A New Way.,1
"If They Are People, Can't They At Least Be Decent People? They Want You To Believe It's Possible.",0
An Argument Happens Between A Comedian And A Billionaire. You Have One Guess Who Won.,1
"If You Go By Rupert Murdoch's Ridiculous Logic, Then Aziz Ansari's Logic Makes Perfect Sense",0
There Have Been A Lot Of Studies On Fluoride In The Water. Here's All The 'Scary Stuff' They Found.,1
Do You Know What's In *Your* Drinking Water? This Guy Does. And He Wants To Set The Record Straight.,0
"They Agreed To Die Early If They Could Have 'The Perfect Body.' Yep, Die.",1
She Know Exactly What's Wrong With Diets,0
It's Crazy That We've Been Doing Business The Same Way For Over 200 Years. Here's A New Way.,1
Here's How Capitalism Can Make The World Better,0
They Tried To Make Legos For Girls. But They Should've Put Her In The Box.,1
Legos Just For Girls? Forget Shopping And Pink. Put Her In The Box.,0
What This Brilliant City Did With An Abandoned Walmart Is Absolutely Wonderful,1
It's Like The Entire Town Took The Whole 'Everything Is Bigger In Texas' Thing Super Seriously,0
"If You Take A Puppy Video Break Today, Make Sure This Is The Dog Video You Watch",1
"These Dogs Can't Talk About Mental Health Because, Well, They're Dogs. But What About You?",0
"It Used To Be Something Everyone Did. Now, Nearly No One Does.",1
"For Tens Of Thousands Of Years, People Could Look Into The Void Of Space. Now, Nearly No One Can.",0
"He Throws To Commercial, But Not Before Saying Something No Late Night Host Has Said Before",1
"One Small Step For Ending Fat-Phobia, A Giant Leap For Late Night TV Shows",0
Thinking About Having Kids? Let's Talk About How Flippin' Expensive Daycare Is.,1
Moms And Dads Just Want The Best For Their Kids. But At $24K/Year? Ouch.,0
6 Tweets That Prove There Is No Debate In the Vaccine Debate,1
Can A Hashtag Help Stop The Measles Drama?,0
These School Lunches From Around The World Should Embarrass The U.S.,1
If There Were A School Lunch Olympics This Country Wouldn't Even Make The Qualifiers,0
Some Workers In A Restaurant Got Tired Of Being Underpaid And Threatened. So This Is What They Did.,1
"Here’s A Taste Of America’s New Wage Battles, And It’s Pretty Exciting",0
"When Some See His Hands They May Hesitate, But Soon All They Can Say Is ‘How Did They Do That?’",1
"When He Got Sick, It Was In All The Papers, But That Was Never Going To Be His Real Story",0
A Straightforward Solution To Men Saying Gross Things To Women On The Street,1
She Listens To Violated Women. Then She Forces Their City To Hear Them.,0
That Woman Is What Happiness Looks Like When You Buy It. Here's How We Can Avoid Being Like Her.,1
Feeling Like You're Living Life The Wrong Way? One Philosopher Has Got You Covered.,0
"When this deaf woman went to Starbucks, she got a lot more than a tasty Frappuccino.",1
What's it like to be deaf in a world of 'hearing people?' Let her tell you.,0
"A Restaurant Told Its Workers If They Wanted Benefits, Get A Union. Just Guess How This Ends ...",1
"A Restaurant Told Its Workers That If They Wanted Benefits, Get A Union. Guess How This Ends …",0
You Can Learn A Lot From A Cat. Especially A Cat Who Cares.,1
This Cat Is Your New Role Model,0
We Know Kids Cost A Lot Of Money. But This One Price Tag May Make You Fall Out Of Your Seat.,1
Thinking About Having Kids? You Should Know How Effing Expensive Daycare Is.,0
She's Never Been The 'Girl Next Door' But That's Not Her Fault,1
Riddle Me This -- Who Makes Movies And TV Shows More Money But Still Can't Get A Fair Shake?,0
A Lot Of Parents Have No Idea This Cost Is Coming — Until They Have No Other Choice,1
I Knew Kids Were Expensive. But Daycare Costs More Than College? WTF.,0
Watch Men Learn What Feminism Means And Then Realize They're Feminists,1
"We Asked Men If They Think Women Should Have Equal Rights. Unsurprisingly, They Said Yes.",0
People Say She Wasn't Raped Because She Stayed In Contact With Her Rapist. But That's BS.,1
Pre-Rape and Post-Rape Activities Don't Matter. Rape Does.,0
"What Happens When You Mix Black People And Alcohol? Don't Answer That, And Watch This.",1
Watch How This Woman Plans On Turning Black History Month Into A Drinking Game,0
"She Spills Her Coffee, And I Laugh At Her Reaction. Until I Realize I'm Guilty Of The Same Crime.",1
IT'S ALL HER FAULT: Here's What We Know About The Psychology Of Blaming,0
Watch Men Learn What Feminism Means And Then Realize They Just Might Be Feminists,1
Maybe We Are All Feminists Now?,0
He Was About To Die So They Took Him To The ER. But Not The Next Time Or The Time After. Why?,1
His Question: Why Do They Only Care About My Health Crisis When It's Physical?,0
Watch Men Learn What Feminism Means And Then Realize Something Interesting,1
Are You A Feminist?,0
"Bill Gates Has Seen The Future, And It's Beautiful",1
He Shaped The 20th Century. Now He's Out To Shape The 21st. Awesome.,0
One Of The Scariest Cartoons I *Want* Your Kids To See — And You Too,1
"I Was Shocked When I Saw The Monster. But When The Hard Facts Came Up, I Was Like ... Whoa.",0
​The Dumb Questions Black Actors Get That No One Should Have To Deal With,1
"She Wanted To Get Into Showbiz, But They Wanted Her To Complete The Set",0
A Commercial That Was Pulled In America. It's Time To Change The Tide,1
2 Guys Want You To Know That Gay People Like Clean Clothes Too,0
"Inevitably, Someone Will Say 'But My Juice Cleanse WORKED'. No, It Really Didn't.",1
$150 Juice Cleanse Kits Are Modern Day Snake Oil,0
A Commercial That Was Pulled In America. It's Time To Change The Tide,1
Why It's Important That We Have A Chance To Watch A Commercial About Laundry Detergent,0
You're Probably Taller Than Your Great-Great-Grandma. But She Could See Much Farther Than You Can.,1
Feeling Large And In Charge? That's An Illusion.,0
Little Girls Shouldn't Have To Write Big Companies Letters Like This. They Should Just Know Better.,1
She Watches All The Shows And Buys All The Toys. She Just Wants More Characters That Look Like Her.,0
8 Scientifically-Proven Things To Try When You Start To Feel Icky,1
Nasty Cold Season Is Here. Here Are 8 Tricks To Beat It.,0
"Beyoncé Had A Moment With Ed McMahon That Fueled Her Success, But It Also Hit Her Differently Later",1
There Was A Time When Beyoncé Lost Something She Really Thought She'd Win. Here's Why She's Glad.,0
"When Elizabeth Warren Was 12 Years Old, Something Happened That Changed Her Family's Future",1
"When Elizabeth Warren's Dad Had A Heart Attack, Her Mother Did What She Had To Do",0
"A Voice As Angelic As Sam Smith's Is Rare, But His Wedding Happening In This Place Is Even Rarer",1
"A Voice As Heavenly As Sam Smith's Is Rare, But What He's Singing About Is Universal",0
Alzheimers Could Be Caused By Something We Eat And This Guy Is Making A Movie About It,1
"Alzheimer's May Be Linked To Diet And Health, And This Guy Is Making A Movie About It?",0
They’re Not Shy About It. They Love The Addictive Crop They Grow.,1
You Think You Love Coffee. The People Here LOVE It.,0
They Don’t Just Drink It To Get Through The Day. It IS The Day.,1
"This Is Where Coffee Began, And These Are The People Who Found It",0
These People Are Hard-Core. They Drink Theirs To Relax.,1
"A Pan, A Handful Of Beans, And A Fire. No Machines. No Baristas.",0
A Group Of Bullied Friends Had A Plan - Their City Has Not Been The Same Since,1
A Group Of Adults With Developmental Disabilities Are Reclaiming The Words 'Short Bus',0
"Beyoncé Wrote A Girl Power Anthem, But Here's Where She Missed The Mark",1
This Feminist Isn't Down With 'Girl Power' But Not For The Reasons You'd Suspect,0
"If We Want Nice Things, We Should Give Introverts What They Need",1
A Bunch Of Amazing And Successful People Were Introverted. What's That Mean For Us?,0
One Moment At The Grammys Stood Out. An Abuse Survivor Took The Stage And Everyone Noticed.,1
"Brooke Axtell. You May Not Know Her, But You May Know Someone Who Needs To Hear Her Grammy Speech.",0
I Wonder If Her Abuser Ever Thought She'd Tell Her Story To Millions At The Grammys,1
She Bravely Took The Mic But It Wasn't To Sing. This Woman Told Her Story Of Abuse At The Grammys.,0
A 12-Year-Old Girl Remembers Her Mother Putting On The Fancy Dress So They Didn't Lose Their House,1
Working Mothers Like Hers Are One Of The Biggest Reasons We Need To #RaiseTheWage,0
What's The WORST Way To Motivate Someone? Hint: It's Exactly How We Usually Try To Motivate People.,1
Motivation. Drive. Carrots. Call It What You Want ... We're Doin' It Wrong.,0
A Bunch Of Celebrities Use Their Fame To Give Kids Fantastic Advice. It's Kind Of The Greatest.,1
"He Compares Fame To Being At A Dinner Party — Either Way, You Have To Speak Up For What Matters",0
Here's A 2-Minute Movie About A Gay Biker Gang That'll Warm Your Heart,1
Is It Possible To Change The Country From The Back Of A Motor Bike? These Folks Would Say 'Yes!',0
A Supreme Court Justice Gets Asked About Women In The Supreme Court. She Crushes.,1
How Many Women Should Sit On The Supreme Court? She Knows.,0
"If You're Wondering How It Feels To Be A Famous Black Person In White Hot Hollywood, Watch This",1
A Satirical Look At What It's Like To Be A Black Filmmaker. It Gets Weird.,0
"If you're not sure what to say to someone who's experienced something horrible, start here.",1
There are some great lessons about how to treat victims hiding in Law & Order SVU.,0
He Said Some Things Using His Eyes That He'd Not Said In Years. His Wife Finally Got To Hear Him.,1
"Technology Can't Help His Disease, But It Helped Him As A person",0
High School Journalists Make An Expose Of FOX News,1
"If This Is The Future Of Journalism, We're In Good Hands",0
"Something Totally Bizarre Is Happening In Alabama, And A Judge Is The Ringleader",1
Their Joy Won't Be Killed By A Few Homophobic Judges. Marriage Equality Is Happening In Alabama.,0
"If Abortion Is Your Best Option, I Respect That You Know Best For You. Here's What's In Your Way.",1
Everything You Need To Know So You Can Get An Abortion If You Need One,0
It Really Is Like Taking Candy From Babies: How The Wealthy Are Programmed To Be Mean And Nasty.,1
Does Money Make You Mean? A Rigged Game Of Monopoly Shows Us.,0
"They Gave Her An Award And In Return, She Gave A Bad@$$ Speech That All Women Should Hear",1
"The NAACP Gave Tracee Ellis Ross An Award, So She Gave Us A Speech For All Women",0
The Most Expensive And Shame-Filled Secret Many Of Us Will Ever Keep. It's Time To Tell The Truth.,1
"Don't Pretend You've Never Seen Domestic Violence, As An Adult Or A Child. It's Far Too Prevalent.",0
She Dedicated Herself To How Trees Talk. What She Found Is Like A Vast Underground Chatroom.,1
"What She Just Told Me About Forests Makes Me Realize Trees, Not People, Invented The Internet",0
Only 1% Of All Americans Get To Experience This Incredible Sight,1
There’s Only One Kind Of Pollution That Can Be Completely Cleaned Up Immediately,0
Every Been In A Forest And Thought You Heard Whispering? Maybe It Wasn't Your Head.,1
You Know How We Pass Things Between  Generations? So Do They. But They're Not Human,0
"Whether You’re Julia Child Or The King Of Ordering Takeout, You Need These Food Tips",1
Food Is So Good To Us. So Why Do We Treat It Like Trash?,0
It's Pretty Jacked Up That They Can Make You Do This In Order To Have An Abortion,1
"Your Destiny Is Yours. If You've Decided An Abortion Is Right For You, Here's What You Need To Know.",0
A Straightforward Solution To Men Saying Gross Things To Women On The Street,1
She Listens To Violated Women. Then She Forces Their City To Hear Them.,0
Only 1% Of All Americans Get To Experience This Incredible Sight,1
You've Never Seen My Big Fat Ancient Greek Night Sky. You Should Be Gesticulating Angrily By Now.,0
Ever Been In A Forest And Thought You Heard Whispering? Maybe It Wasn't Your Head.,1
Ever Feel Like Trees Know Something You Don't? Maybe It's Not Just In Your Head.,0
I’d Love To Hear The 911 Call For The Water-Balloon Fight. It’d Be Funny If It Wasn’t So Disturbing.,1
Schools Are Getting Tougher. How Tough? 32% Of Kids In Juvie Are Special-Needs Students.,0
"3 Students Were Killed In North Carolina Last Night, Yet No One Is Using The 'T' Word",1
11 Tweets That Sum Up The Horror In North Carolina,0
"Schools Are Making Bad Words Punishable By A Life In Prison. Wait, What?",1
Strict School Discipline Isn’t Fixing Troubled Kids. It’s Breaking Futures.,0
6 Tweets That Show What Happens When The War On Terror Goes Wrong,1
I'm Furious At This Bank's Decision To Stop Money Transfers To One Of The Poorest Countries On Earth,0
A Supreme Court Justice Gets Asked About Women In The Supreme Court. She Crushes.,1
Ruth Bader Ginsburg Wants A Certain Number Of Women On The Supreme Court. Seems Legit To Me.,0
A Bank In California Just Made A Big Decision That Pissed Off *A Lot* Of People.,1
Imagine A Bank 1000s Of Miles Away Is Responsible For You Not Eating. That's What's Happening Here.,0
"When She Asks For What She Wants For Valentine's Day, She Gets Breathless. Not Like You Think, Though.",1
One Thing Will Keep Her Alive And She's Asking For An Important Favor,0
"No One Knew What'd Happen, But He Blew A Bubble And He Got Exactly What Came To Him",1
They're Smart. They're Social. They Smile. We've Gotta Stop What We're Doing.,0
They Were Told They Couldn't Get Married. Their Reply Was 'But We're Straight'. Alabama Said 'I Know'.,1
It's Not A Prank. What It Looks Like When Straight Couples Were Denied The Right To Marry.,0
Only 1% Of All Americans Get To Experience This Incredible Sight,1
This Pollution Is Making Every Bit Of Human Endeavor Shallower. And We Could End It In An Instant.,0
"No One Knew What'd Happen, But He Blew A Bubble And He Got Exactly What Came To Him",1
They're Smart. They're Social. They Smile. We've Gotta Stop What We're Doing.,0
This Guy Has Something To Say To The Woman Who Asked If He's Gay Because He Was Molested As A Child,1
The question this woman asks makes him wonder: What if one of her kids turns out to be gay?,0
"The way these big, burly men love these dogs brings so many happy tears to my eyes",1
These puppies were going to be put down. Now they're doing amazing in the most unlikely place.,0
This hilarious skit about race from SNL last season should be shown every year.,1
Watch 28 hilarious reasons Black History Month shouldn't be ignored.,0
She says this superhero has a mental illness and I agree.,1
Batman has PTSD but no one is calling him 'crazy'. What gives?,0
This test will tell you whether you're prejudiced without knowing it. I dare you to take it.,1
Whether' and 'how' is not the right question. The important question is 'why'.,0
A 1-minute video for any kid you know who may be depressed,1
It's hard enough being a teenager. Depression doesn't help.,0
"When the straight guy says he thinks gay sex is gross, the gay guy's response is hard to argue with.",1
"They call this movie ""First Gay Hug."" It's a little awkward at times, but it left me with a smile.",0
A commercial that was pulled in America. It's time to change the tide.,1
They're afraid to air it in the U.S. But I think it's a changing Tide,0
"Everyone seemed to love him, but 3 men killed him. Let's remember why we fight for equality.",1
Matt Shepard was a friend of mine - a documentary about 1 hate crime,0
"She met her husband in 3rd grade. 15 years later, she interviews her old teacher, but it's so sad.",1
She interviewed her 3rd grade teacher just a few months before the tragedy. Heartbreaking.,0
"2000 were killed,  hundreds are missing, and some were made slaves, but we stay quiet",1
"The more we ignore what's going on in Nigeria, the bigger the problem gets",0
She taught them both in 3rd grade. After they got married one of them interviews her. It's so sad.,1
One of the 3 students killed in North Carolina made a heartbreaking recording just a few months ago.,0
She taught them both in 3rd grade. After they got married one of them interviews her. It's so sad.,1
One of the 3 students killed in North Carolina made a heartbreaking recording just a few months ago.,0
"She was born a girl. She knew she was a boy. And what his parents did ... well, just take a look.",1
You know the stories about transgender children with horrible endings? This isn't one of them.,0
What she says about same sex marriage makes me want to hug her.,1
"The 'Notorious RBG,' Made Comments About Marriage Equality That Made Me Call Her 'The Glorious RBG.'",0
6 real quotes from 'Fifty Shades' that could make you rethink how you feel about it,1
"I've got 6 reasons why I think 'Fifty Shades' isn't a swell message, even if you kinda liked it",0
An 81-year-old Supreme Court justice just gave the most badass answer to a ridiculous question.,1
A Supreme Court justice gets asked about women in the Supreme Court. She crushes.,0
"In every shot, only 1 word changes. But that word makes all the difference.",1
The first 30 seconds show how hard it can be to be a kid. The last 30 are why you shouldn't give up.,0
A dog on the verge of death meets a prisoner with no hope,1
They're taking them out of prison and sending them right back in. And I'm 100% on board.,0
She made a cool invention. Now she's using it to save 12 million people.,1
Know someone going to Sao Paolo for vacation? Here's a 2-minute primer for them.,0
"The video went viral, but did people miss what was so great about it?",1
"Sometimes calling something ""pet"" or ""wild"" just doesn't capture the beauty of a relationship.",0
People who work for McDonald’s aren’t 'Lovin’ it.' So they asked the company some questions.,1
"One of the best policies for companies on Facebook is to engage with fans. Well, most of them, anyway.",0
5 men watch something horrifying that's being done to girls. Here's how they reacted.,1
It's abusive. It's torturous. And it happens way too often. These 5 men are horrified to see it.,0
The long showers you like to take are not the *real* problem.,1
Getting people water to survive takes more than a shorter shower,0
Meet the concerned mom who doesn't think kids need sex-ed. Then watch the Daily Show laugh at her.,1
These Vegas students want education but one mom thinks they're full of it,0
The way this married host acted around Kate Upton shows the sad state of respecting women.,1
The fact that this specialty magazine is still a thing shows how sexist America still is.,0
"It has a 1-word chorus, but it may be the most brilliant Oscar-nominated song of the last 10 years.",1
What happens when a famous singer and a legendary rapper team up? 3 minutes of total brilliance.,0
Protein shakes aren't as harmless as you might think. Just take a look at these men.,1
A totally bizarre way to keep dude bros from going extinct.,0
"A cartoon about catcalling from the man's perspective is totally disturbing, and that's the point.",1
The unfortunate thing is that the punchline is something women are actually saying every day.,0
A Bevy Of Famous Ladies Sing Along To This 50-Year-Old Classic. Wow. This Song Is Magic.,1
A Bevy Of Famous Ladies Sing Along To This 50 Year Old Classic. Wow. This Song Is Magic.,0
Admit it. You wanted to act just like her. Wait til you see her all grown up.,1
Remember when she ruined the summer camp play? Wednesday still does what you've always wanted to do.,0
Here's the simplest (and best) education idea I've heard in a long time.,1
Stop thinking of teachers as teachers. Think of them as designers.,0
An embarrassing dad made his kid's birthday party awful. And set public health back 100 years.,1
Your anti-vaccination deal is hurting poor people. Just thought you'd like to know.,0
An embarrassing dad made his kid's birthday party awful. And set public health back 100 years.,1
Wondering if your aunt is right about all those toxins? Here's a roundup of what you need to know.,0
"What if we treated teachers like skilled professionals, instead of lazy children? Let's try it!",1
Let's throw out the standardized tests and give teachers time and space to be amazing.,0
This guy gained two fully functional arms thanks to the big brains of SCIENCE.,1
He's able to control his new arms just like his old arms. With his mind.,0
"The next time you ask someone to pass the guacamole, remember what he says.",1
The science behind why we don't always say what we mean.,0
What would happen if FOX news asked Walmart the tough questions?,1
The unlikely company that's banking off government handouts should be FOX's next target,0
"A snooty lady asked this waiter for fancy salt, and his response is hilariously, internationally true.",1
Watch a super-smart stand-up routine about how America irks this hilarious African-American comic.,0
She came up with an invention to save 12 million people. Genius? Kinda.,1
"She got people to drink water previously infested with mosquitoes, and it's kinda amazing how.",0
The Catholic Church is trying to solve this problem. So should we.,1
It's hard to think we're running out of water when we're swimming in it halfway around the world.,0
His best friend's was killed by his own mother. Here's how he looks at it.,1
See how one guy dealt with his best friend being stabbed to death.,0
"A before and after shot that didn't change the man, but it will probably change the way you see him",1
"He stayed the same, but my perception changed. 1 easy way to help someone.",0
The Catholic Church is trying to solve this problem. So should we.,1
The Church is trying to solve our water problem. So should we.,0
"She may have died last year, but these little girls are keeping her memory alive and well.",1
A powerful poem by Maya Angelou comes alive again through these little girls.,0
A popular TV show from the 70s was one of the first to brilliantly call out unfair pay for women.,1
"In the 1970s, the 'Batman' TV show and the :abor Department teamed up to beat an evil foe.",0
Here is the smartest money move we could make. How dumb is it that we're not?,1
Some say they're against abortion. Then why aren't they all for funding contraceptives?,0
I've been waiting to hear a message like this from an elected official since my kids were little.,1
"From daycare rates many can't afford to unfair pay, President Obama lays out how women get robbed",0
The #1 huge thing we're all missing when we try to be environmentally friendly.,1
"If we're only thinking of sustainability in terms of packaging and recycling, we're doing it wrong.",0
Protein shakes aren't as harmless as you might think. Just take a look at these men.,1
"Some protein shakes aren't as harmless as you might think. Thankfully, there are alternatives.",0
Listen to the parts they've auditioned for and try not to say 'WTF?',1
He wonders if it's all in his head. But when you hear their stories...you realize it's not.,0
"Call her dark, call her skinny, call her beautiful, just don’t ever call her Iman",1
"She believes we’re conditioned to be afraid. So her motto, naturally, is 'F*ck fear'.",0
These raw words from the past are still gut-wrenching. And still true.,1
"Justice was upside-down, and we still don’t seem to know which way is up.",0
A transitioning male reproduced Adam Levine's nearly nude photo to prove a point. It worked.,1
He saw Adam Levine's nude photo and thought 'I'm sexy too'. So he did it.,0
Listen to the parts they've auditioned for and try not to say 'WTF?',1
Numbers don't lie. Hollywood would make even more money if they just lost the stereotypes.,0
"She may have died last year, but these little girls are keeping her memory alive and well.",1
"4 little girls help us remember how brilliant Maya Angelou was, and how great they are, too.",0
Why the millennials of the world could be the key to ending shame about mental illness.,1
"3 major reasons to start talking about mental health. Like, now.",0
"If you look at her hands, you'll see her struggles. Literally.",1
Here's a place south of the Sahara where getting water can kill you,0
"When people say his TV show’s racist, he’s like, ‘I don’t know if you know any of us.’",1
He started a blog about what an American Asian’s allowed to be. Now he’s got a hit show.,0
School is not going so well. Here's a cheap and easy way to fix it ... that teachers will love.,1
Teachers are working hard. Why does every education improvement seem to make their job harder?,0
A rare behind the curtain look at acting that's less glam and more racist.,1
A short film devoid of white people? Don't celebrate just yet.,0
What is OK and not OK to say to a sexual assault survivor in 1 powerful video,1
A college kid speaks more eloquently about sexual assault than most older people could.,0
8 love letters to survivors of sexual violence. The one from the dad made me cry.,1
The beautiful love letters survivors of sexual violence wrote to themselves.,0
Kurt Cobain said some pretty insightful things during his short life. Here are a few of them.,1
Fantastic quotes from Kurt Cobain on serious issues we're still dealing with over 20 years later.,0
A comedian pulled a ridiculous stunt and just made a whole bunch of people's lives way better.,1
He got on a jet ski to raise money to buy a bunch of goats. It's exactly as hilarious as it sounds.,0
Ever heard of ‘Right-To-Work’? About that …,1
How would you like to make $1500 less a year than somebody else doing the exact same job?,0
"For every dollar we spend on it, we get $4 back. Magic? Nope. Just smart money.",1
"The surprising pill that could mean extra money for our school system. Yes, really.",0
"These kids were having fun until they realized the answer to 1 question, and it's adorable",1
Watch an interviewer stop adorable kids in their tracks by making them think about education,0
"Teens always think they know more than their parents. About this, they probably do.",1
Getting through high school is as much about who you Like as who you like.,0
"If you don't think the Oscars are racist, you should read this. Same if you do.",1
"What 1 year of watching media does to our children, and how the Oscars can help",0
They learn a lesson about being homeless when they ignore their family on the street,1
They ignore their family and get a lesson about being homeless,0
"These parents were expecting a cute musical, instead they're rethinking what they pack for lunch",1
Old MacDonald had a farm and treated his animals and crops like crap,0
"A pole-dancing video so beautiful, my hair stood on end",1
Many people deal with trauma. Some heal it through pole-dancing.,0
"If you don't think the Oscars have a race problem, you should read this. Same if you do.",1
How to get some actual diversity in the Oscars,0
"He wrote ""Everything Bad Is Good For You,"" so his thoughts on the internet are not surprising.",1
Where do good ideas come from?,0
"Their parents expected a cute musical, but the cows had everyone cringing",1
The first part these kids act out is cringe-worthy. The second makes it all better.,0
Watch these kids shut down a problem that grown ups have been trying to solve for centuries.,1
Hunger is a worldwide problem. What if the solution is simple?,0
"One of these real spies is responsible for the deaths of 1,400 Nazis. She wish she had killed more.",1
Here are 3 real life badass women that 'Agent Carter' could be inspired by.,0
Watch these kids shut down a problem that grown ups have been trying to solve for centuries.,1
"See what happens when adorable kids decide to share. (There's a lesson in here for us, too.)",0
"Their parents expected a cute musical, but the cows had everyone cringing",1
A compelling message about farming brought to you by some adorable little kids,0
"I expected a cute performance, but what it revealed was something much more serious.",1
"It looks like things are falling apart, but then they turn the performance totally around.",0
The kids aren't all right. 8 photos show you why.,1
The kids aren't all right. 8 photographers share their takes on children in a whole new world.,0
"At the end, the camera zooms out and you see what these kids painted. Incredible.",1
Most people think they're just painting a picture on a wall. That's only the beginning.,0
"Watching TV doesn't always melt your brain, sometimes its really does make you better",1
Talking about tough issues is hard. But this TV show nailed it in 7 seasons.,0
"When he took off his shirt, I realized that something is definitely broken",1
"Although he talks about women, he spends a lot of time talking about men's body issues",0
Talking about tough issues is hard. But this TV show nailed it in 7 seasons.,1
"10 Upworthy moments from the TV Show, Parks and Recreation.",0
Bill Gates has a Utopian dream. Watch this guy grill him about it.,1
Bill Gates says that handing out money doesn't work.,0
Bill Gates has a Utopian dream. Watch this guy grill him about it.,1
Money can't buy happiness? Bill Gates respectfully disagrees.,0
"If the way women are treated around the world keeps you up at night, you want to meet these people.",1
"Turning oppression into opportunity for women worldwide? All right, I’m listening…",0
"I'm so tired of hearing people fight over a bunch of pipe, but Obama's latest move got my attention.",1
"If you're ready for our country to try a new way of doing business, you'll be so happy for the news.",0
It's not until the camera zooms in on the guy in the background that you realize who's responsible.,1
He says 16 words about sexual assault that might change everything you think.,0
"Say what you will about Sean Penn. OK, now listen to this guy talk about race.",1
The assumption that good people make about injustice that makes everything worse.,0
Here’s a paycheck for a McDonald’s worker. I can't even.,1
When my father-in-law talks about 'spending wisely' when working for peanuts ... He has no idea.,0
"A mom who loved her son rejected him when she learned he as gay. That’s not how it ends, though.",1
"After so much pain, he finally got the call he desperately wanted: His mom told him to come home.",0
"100 years ago, people were eating things that most of us will never taste.",1
Nearly 75% of our crops have vanished in the last 100 years. Where the heck did they go?,0
"There are people pretending to be scientists on TV, and their 'facts' could be harming our health.",1
"The lab coat guy sounds pretty legit, but really? He's just scaring you into doing what he wants.",0
Feeling down from crappy news? Here's a quick pick-me-up.,1
"There's a lot to be happy about. For example, polar bears.",0
How many of us can say a photograph changed our lives? She's can. And she's only 10.,1
Meet the 10-year-old who's turning her lemonade stand into a multi-million-dollar business.,0
What if blind people could see through your eyes? They can.,1
What if you could help blind people see? You can.,0
In 90 seconds this politician shuts down any debate over girls rights to an education.,1
Nothing is lost in translation here.  Denying girls an education is wrong in every language.,0
A terrible thing happened to this 20-year-old woman. They're trying to let the whole world to know.,1
These Turkish men decided to put on skirts. They're totally serious.,0
"New studies of musicians are revealing amazing things about brains. Even, um, normal ones.",1
Musicians have higher levels of “executive function?” What?! I almost dropped my ukelele.,0
See what happened in a country that didn't put extreme anti-choice lawmakers in check. It's scary.,1
Are women the only ones who suffer when laws restrict their own family planning? Not by a long shot.,0
"It's like that flashlight app on your phone, but for blind people.",1
What if you could help blind people see? You can.,0
Watch a feminist comedian perform the most equality-driven striptease I've ever seen.,1
A feminist comedian performs burlesque for equality. (Hint: not your average striptease).,0
"If you’re trying to find a career you'd actually enjoy, boy, is this for you.",1
Doing something you give a rat’s @#$ about every day is no fun. But how do know what you WANT to do?,0
"Before you laugh at this mechanical polar bear, take 3 minutes to pat yourself on the back",1
Here's how we saved the Earth in 2014. How can we do that in 2015?,0
Watch how fast one politician slams the door on any debate over girls rights to an education.,1
In 90 seconds one politician shuts down any debate over girls rights to an education.,0
"I thought I wanted to have kids, but after seeing this ... eh, I don't know.",1
"OK, if you're a parent, I gotta say ""wow!"" Your job looks really hard.",0
"I thought I wanted a baby someday, but after watching this ... yikes.",1
So maybe being a parent isn't all giggles and fun. It looks impossible.,0
3 gross myths food corporations are shoving down our throats. I'm fed up.,1
"​It's not the latest crime boss movie, nope, it's just how farming gets done",0
"She says 9 sentences in the beginning, and that's all that it took to convince me.",1
Insurance companies refuse to help people with eating disorders. This survivor thinks they should.,0
"Got a 3rd grader? Guess what you're doing next year, thanks to President Obama.",1
President Obama has a gift for a quarter million 10-year-olds.,0
Some of these college women were raped before classes even started,1
Why do so many colleges not help rape victims? The reason: Money.,0
People visit this pizza spot every day without enough money for a slice. See how they deal with 'em.,1
This Philadelphia pizza parlor found a scrumdiddlyumptious way to show its 'brotherly love.',0
"John Travolta, Joe Biden, and why men touch women's bodies without asking",1
It's time we talk about the way 'men being men' makes it harder for a woman ... to be.,0
Here’s why playing music does things to a brain that nothing else does. Spoiler alert: Yipes!,1
Ever wonder why musicians are so intense? They throw parties in their brains.,0
Here’s why playing music does things to a brain that nothing else does. Spoiler alert: Yipes!,1
Here’s why scientists believe learning to play music works a brain like nothing else. P.S. Yipes.,0
A writer has had enough of when men do this totally unwelcome and offensive thing.,1
John Travolta and Joe Biden have touched women publicly without their permission. Why do men do it?,0
I wanted to know how and when cops decide to kill someone. Now I understand...kind of.,1
"This just in: The police have a hard job - and very, very vague rules.",0
The must-see video burning up the Internet in China right now might help millions breathe easier,1
The game-changing documentary that's rocking China right now started with her unborn baby's tumor.,0
John Oliver points out a terrifying thing about this seemingly normal photo of a bridge.,1
"There are 70,000 bridges in America that are 'structurally deficient.' Some really big ones too.",0
She asks the little girl 3 questions about her life. Her answers are pretty devastating.,1
She made a 2-hour documentary about an important issue. These 3 images drive the point home.,0
"When she decided to have an abortion, her mother didn't stop her. The reason why makes sense.",1
Some demand that women who've had abortions show remorse. But what about when they don't regret it?,0
"Everyone waited for it to be taken down. 150 million views later, it's still up. Watch it here.",1
Why the creator of this almost-censored Chinese video can't breathe easy just yet.,0
São Paulo sounds like a city of dreams. Until I saw the reservoir.,1
How São Paulo will collapse if it won't act on this water problem soon,0
"What's happening in our prison system is probably not what you're concerned about, but it should be",1
"What's happening with our prisons is probably not what you're concerned about, but it should be",0
Here’s what might happen when a climate-change skeptic invites a scientist over for dinner.,1
Skeptics have all kinds of reasons why climate change is no biggie. Check another one off the list.,0
How should a restaurant deal with homeless people looking for a bite? This works.,1
Here's what it looks like when someone quits their Wall Street job to do something truly worthwhile.,0
One of the most beautifully shot videos I've ever seen that makes be feel ugly to be a human,1
Sharks are pretty nice to us considering how many we kill every day. Here's how it's going down.,0
This is how you win an argument about climate change.,1
Can a little bit more CO2 really do that much damage?,0
"If you’re like me, homeless people asking for money just doesn’t work. Here’s a much better idea.",1
"What if you could help the homeless by electronically funding the purchase of shoes, clothes, etc.?",0
Hundreds of kids arrive in Ireland and go missing. Somehow he was spared.,1
His mom died. His dad was into danger. At 15 he had to escape.,0
Her name is Gertrude Mamba. Here's what it takes her to get water.,1
Take a look at the heavy barrels these women push just to survive.,0
A man screamed at her once because he thought she was white. Nothing new.,1
Who can't relate to the heartache and doubt this woman feels about her body and love life?,0
His hometown is littered with dirty rivers and contaminated wells. So he fixed them.,1
More kids went to school. People got healthier. What did it take? Fixing a couple of wells.,0
Straight-up chilllin' out for 20 minutes a day will make your brain better. Here's how.,1
"If superfit brains were as sexy as superfit bods, their brains would be in Sports Illustrated",0
One little girl took pictures of her school lunch. The internet responded — and so did the school.,1
Social media and technology have failed some children. But these kids? They win the internet.,0
"Her character is strong, but she is suffering from a disease that people in her world don't get.",1
Are you or someone you love suffering from PTSD? Here's an ok place to start.,0
This 10 minute video has completely changed the way I look at do-gooder,1
Are you really a good person for buying organic apples?,0
I wonder what we'd think of the NFL if every player knew their mind as well as him,1
This NFL player is breaking the stigma around mental illness,0
"It's not what's in the chart that matters, it's how long it takes Obama to load it.",1
President Obama gives a shout-out to a small town in Iowa which is doing something groundbreaking.,0
São Paulo sounds like a city of dreams. Until I saw its reservoir.,1
Does São Paulo sounds like a city of dreams? Hear their stories. You might think differently.,0
The president puts 1 chart in front of the camera that might make you hate your cable company more.,1
He shows you 1 chart that explains why it took so long to load this page.,0
10 life-saving heroes walk into a photo. Obviously we're going to celebrate them.,1
See the 10 people who developed some of the major vaccines we have today,0
I never realized how dumb our cities are until I saw what a smart one looks like.,1
Why are so many cities making people sick? Wake up and smell the exhaust fumes.,0
Bill Nye wasn't always The Science Guy. His story makes me like him even more.,1
Can you guess what celebrity look-alike contest Bill Nye won before he became 'The Science Guy?',0
Julia Roberts stars in her biggest role ever. She will literally never have a bigger one.,1
It's definitely time to stop trying to save the Earth.,0
I asked a black ladyfriend if this was for real. She realized she had no idea how oblivious I was,1
#askhermore isn't just for the red carpet.,0
Her name is Gertrude Mamba. Here is her story. Brace yourself.,1
40 billion hours a year. That's the time people spend to get water in Africa.,0
I asked a black ladyfriend if this was for real. She realized she had no idea how oblivious I was.,1
"Whenever I think I understand my privilege, something reminds me how wrong I am.",0
8 things to try when you start to feel sick (because science!),1
"Honey, garlic, and booze? 8 ways to beat a sickness faster.",0
"Well, one guy in this video just comes out and says it. 'Stop treating women like baby-machines.'",1
They're sharing some brave thoughts and experiences with womanhood. You may find yourself agreeing.,0
There's a new way for kids to smoke cigarettes and it's totally legal. What?,1
"16 million kids can buy e-cigarettes legally, and no one's talking about it.",0
It only took 83 minutes for a movie to change everything for SeaWorld.,1
"They should be free in the ocean, but they’re ‘stored’ in tanks. Now it’s SeaWorld that’s tanking.",0
She sat down and she watched her favorite thing get destroyed.,1
I can't believe we lost the glacier.' — A guy not talking about sports.,0
"He asks, 'Why do people fear the gay?' And then he answers his own question.",1
He reflects on what he thinks makes people dislike others who are different. What do you think?,0
"If water doesn't flow, farmers have to leave their homes for the city. DIY glaciers to the rescue.",1
Can human-beings create glaciers? These guys are off to a good start.,0
What if I told you that you'd never have to see things like this ever again?,1
The result? 72% less chronic homelessness. The reason. Give'em homes.,0
"If you opt to not be pregnant anymore for any reason (school, $, whatev) should this be required?",1
Say what?! You have to do this in 41 states if you want to end your pregnancy. Creeptastic.,0
"A movie went behind the scenes, and now SeaWorld is just trying to stay afloat.",1
SeaWorld is trying to stay afloat since a movie revealed its secret.,0
"A woman perfectly answers the question, ""What's the difference between men and women?""",1
Three women from around the world speak up on the status of women's rights.,0
Meet the world famous supermodel whose standing up for 65 million girls.,1
"These celeb's are making International Women's day, everyday!",0
A couple gave their son a cute little puppy. So why am I sorta creeped out?,1
It's such a relief when you realize what they do to their dog is fake.,0
Watch a super rich capitalist have a 'lil secret chat with his fellow richies,1
This zillionaire knows why 1 city is crushing it in the prosperity and job categories,0
"A woman perfectly answers the question, ""What's the difference between men and women?""",1
"On International Women's Day, these three women have something to say about gender equality.",0
Three women deliver a powerful message about the state of women's rights in the world.,1
"When asked about gender equality, 3 women give different answers with one important thing in common.",0
"If your next package looks like this, you might be a black woman",1
"A wage gap parody that includes all women, not just the white ones.",0
Here's why musicians have better brains. And it's pretty incredible.,1
Do you know the brain's equivalent of a full body workout?,0
Coming out was easy. The hard part? Admitting she still liked men.,1
Why is coming out as bisexual so difficult? Katy breaks it down.,0
"There wasn't a dry eye, on court or off. Even the refs were crying.",1
Terminal cancer didn't get in the way of making student Lauren Hill's dream come true.,0
Happy Puberty! Here's a vibrator.,1
There are so many things wrong with the way girls are taught about sex. Some women want to fix it.,0
There's something powerful about hearing the first black president say these words in Selma,1
Was President Obama's speech on the 50th anniversary of the march from Selma one of his best? Yes.,0
"Some women want a man to secure their future. 
And then there's her.",1
"Some are stuck on history, but when it comes to money, they're the future.",0
"Some lawmakers think you need a good probing, mentally and vaginally, before you have an abortion.",1
"It's really pretty creepy, when you think about it, that lawmakers want to do this to women.",0
"In 1 big way, it was better to be a woman in the 70s than it is today.",1
"The creator of 'The Daily Show' has some scary, not-at-all-funny news for women.",0
Here's what's being done to women in over 80% of America. I didn't know it was this bad.,1
"She's a comedian, but the news she has for women is anything but funny.",0
"She became ill before her son Eli was born — for one small reason. Small, but important.",1
The amazing reason water can make a huge difference on childbirth,0
"An analysis of 1,500 films resulted in 1 disturbing conclusion.",1
"An analysis of 1,500 films outlined the path forward for better movies from Hollywood.",0
41 states? That's how many these laws are sneaking up behind women in?,1
"The truth about anti-choice laws is truly frightening, but letting it creep up on us is even worse!",0
Listen to 1 man explain why he has a hard time being a feminist.,1
Is it hypocritical for men to call themselves 'feminists'?,0
A man screamed at her once because he thought she was white. That's just the tip of the iceberg.,1
A man screamed at her once. But being ignored now is even worse.,0
"When these drones zoom in over elephants and rhinos, they stop horrible things from happening.",1
"In 10 years, there’ll be no elephants or rhinos in the wild. These drones are flying to the rescue.",0
She was the first American to ever win the International Children's Peace Prize. Hear her speech.,1
Hear this Children's Peace Prize winner's moving speech about what it takes to change the world.,0
"The inventors of this could have made a fortune. Instead, they're making kids happy.",1
"For the people who are making these, the biggest question is, 'Which superhero do you want?""",0
Want to see some young people who refuse to be told they can’t fix some problems of the world?,1
Think all young people are apathetic and not interested in the world around them?,0
"Every time some charity asks for your money, ask them if they do it like this.",1
They’ve come up with a $$-and-cents reason for people to do the right thing. Genius.,0
"When these drones zoom in over elephants and rhinos, they stop horrible things from happening.",1
The buzzing drones overhead mean elephants and rhinos finally have a chance to survive.,0
4 smart reasons to leave your phone in your bag.,1
"Keep your eyes on the road, your hands upon the wheel ... not just song lyrics, but a good idea.",0
"You, yes, you, have the power to overcome the mind-control device you carry around every day.",1
"They're crazy drivers, but almost everyone on the road does a crazy thing you've never seen them do.",0
Their life-changing injuries are identical. But their compensation couldn't be more different.,1
Could you support your family if you were injured on the job? Depends where you live.,0
"Every time some charity asks for your money, ask them if they do it like this.",1
"When you're thinking about making a donation, find out if they know about this.",0
Best use of food coloring ever.,1
"Let's be honest, who could say no to a reasonable request from a nice lady with a plate of cookies?",0
"Marry an older man. Not just grandma's advice, in some countries, it's the law.",1
97% of countries that committed to equality give moms paid family leave. For dads? About half.,0
"The feminist message in this cartoon is totes clear. The talking bubble, not so much.<br>",1
A video game machine that falls in love with a bubble? That'll be the day.,0
"As they read mean tweets, a laugh track plays. But it's not funny.",1
Bullies are never easy. But Twitter is making it brutal.,0
"OK, so after I saw this clip about McDonald's workers being told to put mustard on burns, I had to Google it.",1
"Hold the pickles and lettuce. And when you get burned on the job at McDonald's, here's some mustard.",0
Dolce &amp; Gabbana insulted over 5 million children born since 1978. Elton John came to their defense.,1
Elton John knows about fashion and being a dad. He just used both those skills brilliantly.,0
The most famous St. Patrick's Day parade in the world just made history.,1
Yes! Now *that's* how you do a St. Patrick's Day parade.,0
Her job didn't exist before. Now it's changing her whole town.,1
There are so many jobs in the water industry — but first you gotta find water,0
Her job didn't exist before. Now it's changing her whole town.,1
A video (and a job) that might make you realize just how much you take your tap for granted.,0
"The Supreme Court allowed them to discriminate for 20 years. This year, they changed their mind.",1
2 groups in Boston just made history on St. Patrick's Day.,0
Take 2 minutes for the funniest commercial about guns you'll ever see.,1
See the reason these 'criminals' hate California so bad they want to shoot it.,0
Take 2 minutes for the funniest commercial about guns you'll ever see.,1
He and his friends are violent people in leather jackets who yell at women. They LOVE this website.,0
What if you only had this crucial resource about 9% of the time?,1
A new app helps this Indian city distribute its limited water supply.,0
"In this city of 10 million, much of the water supply is controlled by dudes on motorcycles.",1
Why are people in this huge city only getting a crucial resource 9% of the time?,0
"Oregon's Governor just did something that could change everything, if other states copy hers.",1
She had a revolutionary idea: instantly being able to vote if you're eligible to vote. Brilliant!,0
Her name was 'Essence.' This is a little story about making her essence felt in her community.,1
"Once they learn to read that book, they're somebody. They will tell you, I am someBODY. I can read!'",0
"An analysis of 1,500 films resulted in 1 disturbing conclusion.",1
"1,500 films were analyzed. The prognosis is grim, but there's hope.",0
"Oregon's Governor just did a thing that could change everything for voters, if other states copy it.",1
"Step 1. Get driver's license. Step 2. Skip voter registration. Super easy, right?",0
The way we grow food is causing a ruckus and we have a way to make it all good,1
Let's talk turkey about beef,0
Her name was 'Essence.' This is a little story about making it felt all around her.,1
"When we lose somebody, we never know what they will inspire us to do. Meet Essence.",0
"A bankruptcy lawyer shows up at a 'right-to-work' hearing. Believe it or not, hilarity ensues.",1
The fastest way to increase bankruptcies in your state? It rhymes with 'right-to-shirk.',0
The most convincing argument I've heard for raising the minimum wage. From a rich guy.,1
The video every rich and/or powerful person needs to watch on the necessity of a living wage,0
The little girl in this story is no longer alive. But she's still the star.,1
Her name was 'Essence.' This is a little story about making her essence felt in her community.,0
A profanity-laden take on life from an 87 year old who pretends she's 88,1
Our society is kaput' and other insights from an ageless 88 year old,0
A toy company published beauty advice in its magazine for kids. She set them straight.,1
"The LEGO set you never knew you wanted, but now you totally want.",0
"See how one woman's life changed when she got a toilet. Yep, a toilet.",1
See how 3 women's lives are changing with these amazing loans.,0
These kids aren't all right. 7 photos show you why not.,1
These kids aren't all right. 7 beautiful photos show you children on the front lines of change.,0
A chilling new PSA takes on sexual assault through fresh eyes: Yours.,1
A powerful new PSA takes on sexual assault through fresh eyes: Yours.,0
"These women's husbands don't believe it takes so long to get water. After I heard them speak, I do.",1
"The droughts are so intense, girls as young as 7 help get water — and walk miles for hours to do it.",0
"What does childbirth look like? For Doris, it was far from clean. It was a bacterial nightmare.",1
"If a hospital said to bring your own water, how would you react? Doris was thankful.",0
A new app gets you buzzed every time you're near a place where a woman made history.,1
History's full of great women doing incredible things. But where? Now there's an app for that.,0
Was going to the moon the most important thing we've done in space? These astronauts disagree.,1
Why do we love that picture of our 'big blue marble' so much?,0
"Wait, a toy company published *what* in its magazine for girls?",1
A toy company published beauty advice in its magazine for kids. She set them straight.,0
"12 years ago, we invaded Iraq. Here's what Baghdad looks like today.",1
"Your only hope is that if a bomb goes off, it's far enough away. Or it's close enough.'",0
"When they left the Earth, they looked back and saw us all in a way only a few can explain",1
They looked at our little planet from above and felt something so powerful they had to name it,0
"He was yelling for help, asking for the beating to stop. Now his classmates have his back.",1
University of Virginia students unify behind beaten classmate.,0
"I'm never emotional when I see people eating, until I saw Carmen.",1
Homesickness made her cry. Then her mom teared up and I was a hot mess.,0
"She's 34, 5'3, and 175 pounds. The world tells her she's not supposed to tell you that.",1
She's writing a skit to make a big point about how women value themselves.,0
"This business is like a giant cancer in the north, and 100 celebrities want to stop the bleeding.",1
Watching pristine forests fall for the sake of big oil put these celebrities in tears.,0
See how one woman's life changed forever when she got a bathroom.,1
See how one woman's life changed forever when she got a toilet.,0
Upworthy failed one of our own employees. But we learned a lot from it.,1
How Upworthy folks learned to be better allies to one of our own.,0
Even brave husky guides in the Arctic just want their moms at times.,1
Even super cool husky guides in the Arctic miss home at times.,0
"Their parents expected a cute musical, but the cows had everyone cringing",1
"They expected a cute performance, but what they got was a compelling case for better food.",0
This is the most important 20 seconds of Monica Lewinsky's TED Talk.,1
Monica Lewinsky: 'You *can* survive shame and public humiliation.',0
"They made history, but history forgot them. Until now.",1
This is fun. A free app that lets you know when a woman made history nearby.,0
People around the world list reasons to feel happy. What's yours?,1
"For one man, happiness was as simple as air. For one woman, it was the sound of music.",0
2-year-old Charlie died in an accident his dad didn't know could happen. Now he wants you to know.,1
"25 kids are killed and 25,000 are hurt yearly by a 100% avoidable accident. Here's how to avoid it.",0
The little girl in this story is no longer alive. But she's still the star.,1
How one family turned their pain into something that helps kids learn to read.,0
They resisted the dam for decades but now that fight may be over.,1
"The Xingu River is her home, but a giant dam is about to take it away.",0
"When you ask people around the world what makes them happy, these are just some of the answers.",1
People all over the world have so many reasons to smile like this. What are yours?,0
"They have fought against this dam for decades, but the end is now in sight.",1
"They fought long and hard to protect their land, but the end is now in sight.",0
"They compared Wall Street bonuses to the total earnings of every minimum wage worker. Oh, it's sad.",1
Wall Street earned it. But does the average person deserve it?,0
"Ever heard that saying ""a rising tide lifts all boats""? More like ""a rising tide sinks all coasts"".",1
It may just be doomed to slowly lose its habitat completely to warming.,0
NASA made an adorable video explaining climate change. You'll heart it.,1
An ice shelf the size of Rhode Island disintegrated into the sea in just 4 months.,0
She can't study or start a family all because of what happened at 15.,1
"She felt stuck, but wasn't alone. There's 600 thousand people like her.",0
"They compared Wall Street bonuses to the total earnings of every minimum wage worker. Oh, it's sad.",1
"When you're standing on a pile of money as big as these guys have, it'd be easy to miss the point",0
"If you've heard one story, you've heard 'em all, right? Nope. That'd be myth #1.",1
Are people homeless because they choose to be?,0
A look inside a Cambodian garment factory. It's not how I thought it'd look.,1
Shining a different light inside a Cambodian garment factory. A positive one.,0
"When choosing a new puppy, there's 1 factor more important than how cute he or she is.",1
National Puppy Day is more than just an excuse to share your pup's best pics on Facebook.,0
Compare Wall Street bonuses to the total earnings of the everyday worker. Go.,1
Compare Wall Street bonuses to the total earnings of every minimum wage worker. Go.,0
NASA isn't all hardcore I-don't-understand-you science. Here's an adorable 101 that proves it.,1
An ice shelf the size of Rhode Island disintegrated in 4 months. Should we be worried?,0
The way we reward people for hard work is hurting the economy.,1
The people that kinda made the economy implode are making billions of dollars. Can you not?,0
The way we grow food is causing a ruckus and we have a way to make it all good,1
A really cool animation about food and what you eat,0
What the president did right when he stopped by to ask these Girl Scouts about their science project,1
The 5 best parts of the president's conversation with these Girl Scouts about their science project.,0
She can't study or start a family all because of what happened at 15.,1
It's hard to study or have a family because of what happened at 15.,0
A random man on the train thought it was OK to reach under her shirt. He f**ked with the wrong lady.,1
The sh*t women have to deal with every day never ceases to shock me. Their country is no exception.,0
"When the president meets with caped crusaders, it usually doesn't turn out this adorably",1
See The President and 5 Girl Scouts bond at the White House Science Fair,0
NASA made an adorable video explaining climate change. l think a lot of people will FINALLY get it.,1
NASA isn't all hardcore I-don't-understand-you science. Here's an adorable 101 that proves it.,0
"Yeah, he said it: You're awesome. This is as hilarious as it is inspiring. Which is very.",1
Finally. A president who can rock a superhero cape.,0
Our food is causing a mighty big ruckus and you are right there a part of it,1
Let's talk turkey about the ruckus beef is causing,0
A time lapse video that allows you to watch the earth breath. It's wonderful.,1
A story about tides that's not about global warming,0
"As you lay dying, what moments will you remember?",1
Life is all about moments. No one in history has been able to hold onto one. Not a single soul.',0
It's hard enough being a girl. It's even harder when you're denied an education.,1
"1 in 5 girls is being denied an education, and it's up to us to change that.",0
"When his wife died, he was heartbroken. It took him 22 years and a hammer to honor her memory.",1
It took this man 22 years to carve a road through a mountain with nothing but a hammer and a chisel.,0
"He made some mind blowing art but no one knew about the ""problem"" that started it all.",1
"How ""embracing the shake"" could help you make your masterpiece",0
"This animation is the best, most non-confrontational way to talk about privilege. Hell yes.",1
It can be tough to understand what someone else's life is like. This makes it easier.,0
She needed a good meal. When I saw how her mom made that happen — wow.,1
"There's no place like home, unless your mom brings it to you in the Arctic.",0
A time lapse video that allows you to breathe with the tide. Its wonderful.,1
A fun way to experience breath with the tide. Its wonderful.,0
There's a place in Alabama called Tuskegee. 2 very different things happened here.,1
"2 experiments, one city: Tuskegee, Alabama's two very different legacies.",0
A sportscaster says what needs to be said to the NFL about hitting women.,1
"His team signed one of the top players in the league, so why is this sportscaster so upset?",0
Watch this Dallas sportscaster take a powerful stand against domestic violence in football.,1
"His team signed one of the top players in the league, so why is this sportscaster so upset?",0
"She still doesn't know who posted, ""Bash that bitch's head in."" But she knows they meant her head.",1
She was being threatened by people who wouldn't show their faces. Her supporters signed their names.,0
"What does childbirth look like? For Doris, it was far from ideal. She was luckier than most.",1
Most pregnant women know what they need to bring to the hospital. Doris' list had something extra.,0
"In a few years he'll graduate — debt free and be a doctor. Yep, I'm jealous.",1
10 thousand people from 29 countries get to go to medical school for free.,0
Here's an inside look at the viral skeletons video that brought joy to the Internet.,1
An (un)likely group of people get together to smash people's notions of where love can exist.,0
"How the TSA “scans"" us at airports and why it means nothing for security.",1
Forget driving while Black … wha'bout FLYING while Black?,0
Is there no line you won't cross?' Check out this sportscaster's epic rant.,1
One NFL team is infamous for tolerating terrible behavior. He sets them straight.,0
One way the TSA scans us at airports has been proven to be 'junk' science.,1
One way the TSA scans us at airports has been proven to be junk science.,0
"Penélope Cruz stars as water. Beautiful, ancient, and everlasting.",1
"We all need this resource to stay alive, but it would be better off without us.",0
The story here is sad but beautiful. Whose is it? Water's. (Penélope Cruz narrates.),1
We often take this resource for granted. But it will survive long after we're gone.,0
"The magic power of self-healing cats, explained.",1
An infographic about how to reduce heart disease and anxiety with one fluffy friend.,0
"Before we can all live on Mars, we need this guy to live in space for 1 year<br>",1
He interviewed an astronaut before he leaves to live in space *for a year.* Incredible.<br>,0
If you think zombies are only on TV you gotta hear this guys stories.,1
What he says about mind control proves once and for all — there is nothing weirder than real life.,0
The future of the Web could not be predicted 25 years ago when it began.,1
The World Wide Web has been around for as long as some college graduates. Wow.,0
The man who discovered Pluto is about to become the first person to visit it,1
Remember Pluto? Probably not like this.,0
"Scientists are learning more about mind control, and it's nowhere near as rare as you might think.",1
"Why some animals gather together, why some crickets swim, and other stranger-than-fiction stories.",0
"When this little girl lays the smack down on the school board, the adults can't get enough.",1
This 4th grader isn't just complaining about testing. She actually wants more tests.,0
"On his 4th trip to space, he'll be doing something no American has ever done before.<br>",1
"Before we can all live on Mars, we need this guy to live in space for 1 year<br>",0
"A short video recaps 25 years of the Internet. We've gotta admit, it's pretty exciting. What's next?",1
"On the one end, empathy. On the other, ID theft. How do we steer the Internet more toward the first?",0
These microscopic creatures are some of the scariest living things on Earth.,1
Mind control is far more common than scientists used to think. Now I'm worried.,0
"In a few years he'll graduate debt-free and be a doctor. Yep, I'm jealous.",1
In a few years he'll graduate debt-free and be a doctor.,0
"A short video: 25 years of the Internet. We've gotta admit, it's pretty exciting. What's next?",1
VIDEO: 25 years of the Internet. It's pretty exciting. What's next? It's kinda up to all of us.,0
These tiny creatures are some of the scariest living things on Earth.,1
Mind control is far more common than scientists used to think. Now I'm worried.,0
"This cartoon is the best, most non-confrontational way to help us understand each other",1
Understanding each other is hard. A snail and caterpillar make it look easy.,0
Here's how we take back the Internet from the bullies who are ruining it.,1
The web is in danger. Here's how we fix it.,0
A gay couple wanted to adopt a baby. So they did something a little out of the ordinary.,1
A gay couple recorded a super sweet song for a baby they haven't met yet.,0
Harvard law professor asks who is driving this circus wagon. The answer is not surprising.,1
"Left and right, we have one thing in common: We've totally let down the founders.",0
Remember when fossils were cool? Now they want their school to get rid of them.,1
Got a 401-K? Do you know what your money is doing when you're not watching it?,0
Kenya's unique approach to rape prevention should have the rest of the world taking note.,1
How can we prevent rape? Kenya is working on the answer with this unique program for boys and girls.,0
"His film won him a trip to the White House, but what he really cares about happens back home.",1
People find different ways of giving to their communities. His is through a camera.,0
There's 1 big difference between the American and British military.,1
"Even after the repeal of 'Don't Ask, Don't Tell,' these people can still be fired from the military.",0
They came on the air promising real stories of real women. Now they're just embarrassing.,1
These networks promised stories about real women. Who are *these* people?,0
Folks in this city survive on $3 per day. He calls the city home and is trying to help.,1
It takes a community: how one man got support from his neighbors to save its water supply.,0
São Paulo sounds like a city of dreams. Until I saw its reservoir.,1
This is what deforestation can do to your city and your water supply.,0
A very cute guide to some very healthy thinking.,1
"There's nothing wrong with high expectations, unless they mean you quit even before you get started.",0
"He's over being called “illegal"" so he wrote the realest manifesto I've heard.",1
"Some smart guys, like him, think  that certain laws should be broken.",0
Indiana passed an anti-gay law. They're just finding out how badly they screwed up.,1
The backlash against Indiana's nasty anti-gay law has begun.,0
"If you get down about your work, a little Lego guy has some advice.",1
Do the ups and downs of creativity make you feel like a yoyo? 3 rules to live steady by.,0
"She asked the crowd, 'Have you ever met a normal person?' They laughed because she's got a point.",1
"Could 'self-acceptance' help fight climate change? If you said 'wait, what,' you're in for a treat.",0
"Some words need to be ""retired"" from our language. Here's my #1 choice.",1
Many delightful words start with the letter 'R.' Robust. Rhubarb. Rubenesque. So why use this one?,0
See the untamed river that may be destroyed just to ship coal overseas.,1
See for yourself how wild and stunning this area is. Someone wants to destroy it.,0
We consume because we're trying to fix ourselves. She shuts *that* down.,1
YES. The moment we stop hating ourselves is the moment of *radical* change.,0
"Superbugs like MRSA may have just met their match thanks to this 9th century potion. Yes, really.<br>",1
A 9th century potion could cure the Methicillin-resistant Staphylococcus aureus (MRSA) superbug.<br>,0
Here's a few brilliant ways cats are secretly helping their owners live healthier lives.,1
"The magic power of self-healing cats, explained.",0
An anonymous person complained that their school doesn't have a club for white people. Bad move.,1
Have you ever wondered why college campuses don't have more clubs just for white guys?,0
Sometimes the weight of the world feels pretty heavy. That's when you could use a pep talk.,1
"If the bad stuff in the world has you down, he's here to tell you why everything's still good.",0
"Well, Indiana is sure gonna be sorry now. First Angie's List and now Ron Swanson? OUCH.",1
"Indiana, 'til you play nice with EVERYONE, you don't get things like Angie's List and Ron Swanson.",0
Pretty much no one would consider this food a vegetable — unless it's served in school.,1
"Fill in the blank: 94% of the time, the candidate with the most _____ wins.",0
Check out this adorable cartoon that explains privilege in the most non-confrontational way possible,1
Come for the twerking bugs. Stay for the important message on privilege.,0
Utah has an idea that'll make all the other states angry that they didn't think of it first.,1
What if I told you that you'd never have to see things like this ever again?,0
"If you're against it, you're against jobs. For it, you're against children. Tough call.",1
"Oh, just a cloud of toxic gases, right near a school. The kind with children.",0
"When one stadium announced LGBT Pride Night, angry fans sold their tickets. So she bought them all.",1
How one fan is making sure not a single seat will be empty at her team's LGBT Pride Night,0
"Look really closely at this river, and you just might see what the big developers see.",1
Beautiful nature! Delicious salmon! And some assholes that want to take it all away.,0
How a doctor gets them up in there — and other important facts about IUDs,1
"Let's talk about birth control — the tiny, insertable, don't-have-to-remember-to-take-it  kind.",0
They survived 1000 years in the middle of the Pacific. And then we arrived.,1
Turns out 'hi' and 'bye' are about the least interesting meanings of 'aloha.',0
A gay love story set to a straight lyrics show that the feeling of love is universal,1
"Watch a love story about a soldier and listen to a man sing about his love, Georgia",0
Every year her daughter's birthday party is in the hallway. Here's why.,1
She can't do her homework. She's too busy listening to her mom cry at night.,0
3 selfies shared by Chris Rock are just one more way he's demonstrating racism still exists.,1
"What's it take for a black person to live in Chris Rock's neighborhood? A lot of patience, for one.",0
"The huge price one comedian paid so that George Carlin, Richard Pryor, and others could make it big.",1
"Comedians probe the edge of our culture, sometimes at great peril. Meet Lenny Bruce.",0
"Her speech was great, but I zeroed in on the list of names she gave. Some really important women.",1
"It's a tiny history lesson, but it should be so much bigger.",0
These 2 elderly Holocaust survivors are living proof that it's not enough to just survive.,1
Two 80-something Holocaust survivors started a band to remember the good times.,0
A celebrity hilariously mocks Indiana's anti-gay law in a terrific sketch.,1
"It's like one of those home shopping shows where you can buy anything, as long as you're not gay.",0
"His wife said he was crazy. His rabbi said he was too old. But his friend said, 'Let's do it.'",1
"In the camp, his number was 84650. Now he plays the drums in a band.",0
The NFL just hired their first female ref. Here's why that's huge news.,1
Women are making waves in the sporting world. Now up? The NFL.,0
"His wife said he was crazy. His rabbi said he was too old. But his friend said, 'Let's do it.'",1
"They completed a remarkable exodus, and not just from darkness into freedom.",0
The NFL just hired their first female ref. Here's why that's huge news.,1
The NFL just hired its first female ref. Here's why that's huge news.,0
"A black man sits down to eat at a diner. Stares from the white patrons. The owner steps up, and ...",1
"When it looks like to turn the clock back 50 years. I'm looking at YOU, Indiana (and Alabama, and …)",0
The NFL just hired their first female ref. Here's why that's huge news.,1
"When you imagine an NFL ref, you probably don't think of this lady. Yet.",0
Can't imagine what it's like to live in Uganda? Let this show you.,1
Clean water must come first. And then everything else will follow.,0
Beautiful nature! Delicious salmon! And some assholes that want to take it all away.,1
Is destroying this river and the community that lives off of it worth making a buck on coal?,0
You can get paid to reduce your carbon footprint? I'm listening…,1
How would you feel if your electric company paid you to buy less of their product?,0
Modern day human slavery takes many forms. Here are three of them.,1
"Three people named Jenny, Victor, and Julie took a chance on a better life. They got the opposite.",0
"When one employee saw these baby clothes, he almost lost his cool. Thankfully the store listened.",1
These onesies really put the patriarcy in perspective,0
A college just approved a $2.50 fee per student per semester. It made a lot of students happy.,1
See how a Chicago student body decided to help the undocumented students at their university.,0
The details of a massive corporate power grab have leaked. No wonder it was supposed to be a secret.,1
Republican want to give corporations enormous new power. Obama is helping them do it.,0
A woman who's 'wobbly' shuts down a toxic idea that's stripping us of our true potential.,1
"Have you ever met a 'normal' person? This lady hasn't, either, and talks about why that's great.",0
Hear rock star Henry Rollins' earnest appeal to the poorest youth of the United States of America.,1
See why one rock legend wants your kid to be a monk ... sort of.,0
Can't imagine what it's like to live in Uganda? Let this show you.,1
Can't imagine what it's like to live in Uganda? These stats might put things in perspective.,0
What's it really like working for minimum wage all day? Let's hear from those actually living it.,1
"The fight to #RaiseTheWage is about civil rights, and human dignity.",0
Her friend said that women and men are treated the same. Then he saw her tip somebody.,1
Why everyone should be a feminist.,0
Some are trying to humiliate SNAP users with weird restrictions. Like being broke isn't hard enough.,1
Some are worried that food stamp users will buy things like steak and shrimp. That's just silly.,0
The surprising way a country that was closed off to the United States has dealt with scarcity.,1
"What's going on in Cuba is interesting, kind of  like how they roll.",0
"82 years ago, we legalized a dangerous drug. It was a good idea.",1
"If you take 1 thing away from National Beer Day, here's what it should be.",0
"This 6-year-old's film was so important, President Obama showed it at the White House.",1
"He just made a movie, and I'm dying to see it.",0
"4,300 people are trapped in Irish hotels and trailers, waiting to leave. Witness their story.",1
She wanted safety for her daughter. But the country she fled to wasn't about to make things easy.,0
"His dad told him his amazing story of coming out. It led to 50,000 beautiful stories.",1
"He won $1,000,000 to help make his dream a reality. His dream? To help you tell your story.",0
Dancing With The Stars' becomes poignant when a gay star dances out his pain.,1
Gay football player Michael Sam performed a dance to a song about a dad who won't accept his son.,0
President Obama was interrupted by a bunch of bees. He responds with some pretty solid advice.,1
"We need them for 1/3 of all our food, so yeah, bees really are good.",0
This company's clever software has power companies paying YOU.,1
A clever new idea uses a power company's smart meters to cut everyone's pollution.,0
This music video beautifully captures a major education problem we have in the world,1
Dropping out of school is a familiar story for millions. This song gives it a unique twist.,0
"If you don't know why Apple's diverse emoji are big deal, there a study for that.",1
Apple's racially diverse emoji might just make us be nicer to each other. SCIENCE!,0
"Until the video of this man's murder went viral, his killer walked free.",1
What happened in North Charleston mirrors Ferguson. Here's what we can learn from both cities.,0
The women sit in a circle and put money in a box. Then they do it again the next week. It's genius.,1
"When there are no banks, you gotta take matters into your own box. These women are onto something.",0
"Until the video of this man's murder went viral, his killer walked free.",1
What happened in North Charleston mirrors Ferguson. Here's what we can learn from both cities.,0
"Two comedians walk into the exact same job. One gets $60, the other gets $10.",1
Sarah Silverman got paid $50 less for making *just* as many people laugh. She's got some thoughts.,0
What parents want their black sons to do when they're stopped by the cops.,1
How some parents talk to their black sons about racial profiling.,0
It started with extras from her pantry for the neighborhood kids. Then it spread like wildfire.,1
She started by feeding neighborhood kids extras from her pantry. It united a neighborhood.,0
New evidence suggests the Brontosaurus could be real after all.,1
IMPORTANT SCIENCE NEWS: The Brontosaurus might be real after all.,0
"A Utah town's solution to homelessness is so good, every state will be mad that they weren't first.",1
A city in Utah has an idea about homelessness. Every other state will be mad they weren't first.,0
Here's the reason why you probably haven't seen stars recently,1
"These guys are out to stop light pollution, one starry night sky at a time.",0
Workers across the U.S. are walking out on their jobs on April 15. Here's why.,1
They're walking out all across the nation on April 15. And it's only just the start.,0
The women sit in a circle and put money in a box. Then they do it again the next week. It's genius.,1
"This savings and loan program in some of the poorest, rural areas of the world is... working",0
A look inside a Cambodian garment factory. It's not how I thought it'd look.,1
Cambodian garment workers are benefiting from these health programs at work,0
A woman who's 'wobbly' talks about why the idea of 'normal' is actually pretty toxic.,1
What would happen if we stopped trying to be 'normal'?,0
A carpenter makes toys from garbage while living in a refugee camp.,1
A displaced Syrian carpenter turns trash into happiness and reminds refugee kids to be kids,0
"Capitalism's gotten twisted. Thankfully, we have options.",1
"Capitalism isn't working the way it should. Thankfully, we have options.",0
He uses skin whitener because he thought it would make a white girl like him more. Doesn't end well.,1
His name is Himanshu. He goes by Heems. Here's his new music video about one odd cultural obsession.,0
Racism explained by a good ol' Southern boy,1
Having a Southern good ol' boy talk about privilege in American may be what America needs,0
Here's a fact about trees that uses soccer in a really angering way.,1
It's time to talk about ways to keep our forests as forest-y as they can be.,0
Have you heard about what's happening on April 15? Because it's not just Tax Day.,1
Some people who work very hard for a living are about to hit the streets. Why?,0
Water is more than just a liquid. Here's how we save it.,1
3 Laureates and a UN dude talk about water. It's way more interesting than you'd think.,0
A look inside a Cambodian garment factory. It's not how I thought it'd look.,1
Here's a program worth praising from a Cambodian garment factory. I was happy to see it.,0
Watch this rendition of 'What A Wonderful World',1
"What A Wonderful World' spoken, with stunning images shows what people are tyring to protect",0
"Mad Men' is a feminist powerhouse, even if some people don't see it that way.",1
"The man behind 'Mad Men' opened up about his feminist upbringing, and it's awesome.",0
"He's been trying to prove it for 50 years, but this scientist still says tornadoes can save us.",1
Can we harness tornado power? A maverick engineer aims to show us how.,0
He told her that her body was shameful. She decided to be proud of its power.,1
"When I dance, I am alive and free.",0
What if cancer could be treated with bubbles?,1
A scientist is working on a revolutionary way to treat cancer that wouldn't make people so sick.,0
She carried her mattress to protest her rape. A nation will carry the weight with her a 2nd time.,1
Why Carry That Weight is so much more than carrying mattresses,0
She carried her mattress to protest her rape. A nation joins her — for the second time.,1
Thousands of survivors will carry mattresses to protest assault. Here's why we should support them.,0
She wanted to eat better on tour and found out that taste is a mind game.,1
Want your food to taste better? A musician learns that what's in your head is part of the answer.,0
When a PSA from the 1970s can illustrate a problem still happening today. that's a PROBLEM.,1
"It's illegal to pay women less than men for doing the same job, but it happens anyway.",0
"3 words changed his life: 'You have cancer.' Now 3 more, 'Take another step,' keep him going still.<span></span>",1
"He has an illness that could take his life, but his spirit's going to keep on running, And running.",0
A movie theater handed out free water that was impossible to open. Why?,1
These unsuspecting moviegoers were pranked with unusable water bottles. But why?,0
"They won the 'water prize,' but we don't need awards to learn from them on how to stop the crisis.",1
You don't need a prize like these folks to stop the water crisis,0
"Everyone thought his ideas for making ice sounded crazy at first, but now he's a national hero.",1
"In a remote place where water and people flow away, his ideas help make things grow.",0
This Tumblr user perfectly explained why a Minneapolis food bank's new strategy is so important.,1
"In Minnesota, local police partner with a food bank to help feed the hungry.",0
That controversial testing your child is about to take in school? You can opt them out of that.,1
Don't want your kid to take the Common Core tests just yet? There's an opt-out for that.,0
"A song you've probably heard 1000 times, illustrated in a way you've probably not seen.",1
Beyond your office walls lies the wonder of nature. Reconnect with a new take on an old classic.,0
"Everyone thought his ideas for making ice sounded crazy, but now he's a national hero.",1
"His do-it-yourself glaciers sounded crazy at first, but now he's a national hero.",0
A song you may have heard gives a look at why our planet is worth protecting,1
A song you may have heard gives a look why our planet is worth protecting,0
"April 15, 2015 was an incredible day around the world, and these photos are the proof.",1
Some lay down. Some held a banner. Others made a giant clown puppet. They all wanted one thing.,0
"3 words changed his life: 'You have cancer.' Now 3 more, 'Take another step,' keep him going still.<span></span>",1
"Would you run 550 miles? In ten days? After surviving cancer? Yes? Are you this guy, then?<span></span>",0
5 children in 5 countries with 5 religions. And living almost the same day.,1
Their daily rituals whisper of an invisible bond between 5 kids from 5 places and 5 faiths.,0
Even mountain climber pros are having a hard time doing their job. Here's why it affects us all.,1
They can climb the highest mountains and the slipperiest ice. But not the way they used to.,0
"You can't fake it as a teacher, 'cause the students will pick up on that' — and other wise words.",1
Ever had a teacher that changed your life? So have these folks.,0
"In 5 minutes, the daily routines of 5 very different children tell a single human story.",1
"We think we're so different, but a peek into the days of these five children says something else.",0
White privilege' is not something to feel guilty about. Here's what it does mean.,1
The definition of 'white privilege' doesn't include 'good' or 'bad.' But it is 'real.',0
"He is a hard working, American man. They fired him because of his gender.",1
"A young man describes his specific struggles employment, family, and gender.",0
A new tactic on the homeless shows that a police department cares,1
A video that shows not all cops are bad. How Houston cops are helping the homeless,0
"If they keep farming this way, they'll ruin their country. If they stop? They destroy their lives.",1
They treat land so destructively that forests full of endangered animals are blown out like candles.,0
She went to war but felt weird when she got home. Then she found this.,1
She went to war. Then she battled PTSD at home. But this helps.,0
"Igiugig, Alaska. Population: 70. Here's why it's a role model for America.",1
One village doesn't depend on ANY outside sources. It's renewable.,0
An 8-year-old girl rescued from abusive parents wrote the sweetest note to her social worker heroes.,1
Read the note an 8-year-old girl wrote to the social workers who rescue children like her every day.,0
"Delivering drugs, cleaning air and water, and fighting cancer: gold is getting even more magical.",1
Gold is going places it's never gone before.,0
"This is the nerdiest Taylor Swift cover ever, which means it's the best Taylor Swift cover ever.",1
Fact: Science is stylish. Vogue Magazine has nothing on these two dudes.,0
"George Lucas just pissed off his neighbors, and I couldn't be happier.",1
"George Lucas just reminded me of my childhood, and it has nothing to do with ""Star Wars.""",0
"Working at tiny scales, scientists transform gold into something even more incredible.",1
Nanotech transforms all that glitters into a medical wonder.,0
Canceling out the harmful effects of sitting is easier than you think.,1
Here are 10 ways to break up a long work day of sitting. Can you think of any more?,0
The man who found the Titanic made a discovery during his latest adventure: a beautiful whale.<br>,1
"5 years after a huge oil spill, we're still looking for answers. Luckily for us, this crew is on it.<br>",0
Canceling out the harmful effects of sitting is easier than you think.,1
"10 ways you are, in fact, not actually chained to your desk.",0
I wish I thought the same way that I did when I was a baby. Here's why.,1
At 7 we stop thinking outside of the box. That's scary with a capital S.,0
"Sure, what we add is generally regarded as safe. Scout's honor.' The food companies to the FDA.",1
Would you trust companies to decide if their own food additives are safe for you? The FDA does.,0
The man who found the Titanic made a discovery during his latest adventure: a beautiful whale.<br>,1
"At the site of the largest oil spill in U.S. history, a whale interrupts a deep sea expedition",0
One food bank in Minnesota figured out a genius way of getting food to hungry people who need it.,1
"How cops giving out food will 'make a lot of people a little healthier in immediate, tangible ways.'",0
It's a 4 letter practice the FDA lets food companies get away with. It could be deadly.,1
"Hello, FDA? Anybody home? Food companies are self-service when it comes to this yucky practice.",0
The story of this young cyclist shows that no team has ever ridden for a more worthy cause.,1
See how a cyclist is becoming a symbol of hope for a country 'scarred' by violence.,0
"Taylor Swift may have sung it first, but these two sung ""Style"" in a much more Science-y way.",1
5 neat facts hidden in this oddly hip music video about science.,0
They're 60 and have been climbing glaciers for years. They can't any more — not because of old age.,1
The hardest part about scaling a glacier used to be the climbing. Now it's actually finding one.,0
3 women set out to deliver a package. On foot. 250 miles away. Here's why.<br>,1
Meet the new Justice League. They're 3 women. And they just walked 250 miles.,0
Nursing home residents are certain this tiny dog is from heaven. After seeing her in action I agree!,1
This adorable little teacup Poodle does more than just look cute. She brings joy to the elderly.,0
Scientists have found a practical reason for turning light into sound. It's out of this world.,1
Scientists make stars 'sing' to learn more about what they are.,0
See a hilarious Taylor Swift cover show that science also has 'Style'.,1
See a hilarious acapella rendition of a Taylor Swift song show that science also has 'Style'.,0
Discover how a parody of Taylor Swift can prove science *also* has 'Style'.,1
Taylor Swift's 'Style' is so cool. Science is also just as cool. Don't believe me? I'll prove it.,0
Palm oil is farmed 1 of 2 ways: by burning and killing — or this other way someone just figured out.,1
Want to know the terribly obvious reason to not destroy jungles? Because then we won't have anymore.,0
She never expected to be a farmer. But you'd never guess from the way she talks about it now.,1
"From bank teller to dairy farmer, here's how one woman started a new life on the farm.",0
It looks like the best way to grow crops here may be to get them the hell off the ground.,1
Could growing plants in the air be the salvation of farms ruined by pollution?,0
Their friends are married. They're tired of being left out. So they're telling their stories.,1
Couples talk about the importance of family in a place that won't let them get married.,0
An inventor built a zero-emissions car out of a popular kids' toy. That's not even the best part.,1
Could the first drivable Lego car be the future of zero-emissions engine technology?,0
"In 2013, Google launched a bunch of balloons into the sky. It just might be the future of internet.",1
The future of internet connectivity starts with the 30 balloons Google launched into the sky.,0
Google launched a bunch of balloons into the sky. It just might be the future of internet.,1
60% of Earthlings have no internet. Here is how Google wants to fix that.,0
"14 years ago, she quit her job and started farming. Safe to say she doesn't regret it.",1
A farmer and mom talks about why it's important to eat real food.,0
A new drug may be life-saving. That's why these 4 families are racing to get it approved.,1
4 families are racing the clock to get a promising treatment approved before a son dies.,0
Their friends are married. They're tired of being left out. So they're telling their stories.,1
These families lives will change when Ireland recognizes same sex marriage.,0
Couples that have been together for years talk about love. It's adorable — and heartbreaking.,1
Did you know that gay marriage isn't legal in Ireland? Yet.,0
4 families are racing the clock to get a promising treatment approved before a son dies.,1
"Duchenne muscular dystrophy is merciless, so they're desperate to get this promising drug approved.",0
Bees are in serious trouble. Part of the answer couldn't be easier or more delightful.,1
Helping out the bees. Just one more reason to surround yourself with flowers this spring.,0
Barbara was hired at a top notch design firm at 91. Here are 5 amazing things she's done so far.,1
What happens if we treat the elderly like the resource that they are? Barbara Beskind happens.,0
A new drug could be the miracle they're hoping for. Now they just have to get it approved.,1
An emotional film tells a story of 4 families trying to get a possible cure through the FDA.,0
8 confessions from students in top-notch colleges that made me think differently about 'merit',1
"When you hear 'Columbia' or 'Stanford,' you might think 'rich.' Sometimes, that's far from true.",0
Right after announcing he was taking a pay cut to raise his employee's salaries…business is booming.,1
"He took a 90% pay cut so he could pay his employees more, and business has never been better.",0
"One week after they got her letter, Barbara Beskind was hired. She'd been trying for 80 years.",1
"91 year old Barbara Beskind got hired at prestigious Silicon Valley firm IDEO. Ageism-0, Barbara-1",0
"He doesn't ride for glory, cups, or prize money. This cyclist rides to heal a wounded nation.",1
"A Rwandan cyclist is training as if millions of lives depend on it. And in a way, they do.",0
A new drug could be the miracle they're hoping for. Now they just have to get it approved.,1
A new drug may be life-saving. That's why these 4 families are racing to get it approved.,0
A massive corporate power grab is about to become law. You need to know what's in it.,1
The Trans Pacific Partnership is a massive corporate power grab,0
What's the matter with bees? A scientist gives us 4 big problems and 2 easy solutions.,1
"Bees have survived for 50 million years, but what they face now is epic.",0
Every parent and teacher and camp counselor should start the day with this 1970s declaration.,1
"I wish Jesse Jackson could teach every kid in the world to shout, ""I am somebody!""",0
There was a time in our history when the United States bombed its own citizens. Not kidding.,1
"Paint Creek, Matewan, and the Battle Of Blair Mountain: The mine country wars.",0
"A short, punchy video on recycling reminds us of what the numbers have been saying all along.<br>",1
Plastic is forever. In one form or another.<br>,0
"Quitting smoking is hard, but this bubble wrap-filled video gives you a major incentive to stop.",1
They traded in a cigarette for 11 glorious minutes of bubble wrap popping fun.,0
"14 years ago, she quit her job and started farming. Here's a look at her life now.",1
"An inside look at one woman's farm life: hard work, cows, and much more.",0
A filmmaker went to the United Nations and strapped 'em into virtual reality headsets. Here's why.,1
He's creating virtual reality films that he hopes can change the world. Literally.,0
What happens when you ask male action stars the questions female stars actually get? Comedy gold.,1
"Mark Ruffalo shares his complexion tips, for justice.",0
"A plastic bottle finds its way home, along with a powerful message to recycle.",1
Following a plastic bottle from person-to-plate puts a whole new spin on recycling.<br>,0
Every parent and teacher and camp counselor should start the day with this 1970s declaration.,1
"I wish every kid started every day chanting, 'I am somebody!'",0
A super-absorbent sponge and a leaf-inspired mesh could get the oil out of our environment for good,1
We can't stop oil spills yet. So we need to learn how to clean up after them.,0
The science of why the comment section on just about anything is so awful.,1
Every wondered why things go viral? It's all in your mind.,0
The science of why the comment section on just about anything is so awful.,1
Red-pill alert: Science explains why every comment section is always a rage-splosion.,0
They're in tears before his bionic eye is even turned on. His final reaction is priceless.,1
"A bionic eye for the blind? It's not a sci-fi flick, this is real life.",0
"Because he sued to be on his husband's death certificate, gay marriage could become legal everywhere",1
"The Supreme Court has ruled on gay marriage before, but his case could make it legal everywhere.",0
A 'food truck social enterprise' is a real thing. Delicious food + a bright future = win!,1
"Food trucks sell delicious food. And for some people, they offer a better future.",0
Can you do a quick thing to help nearly a million kids in Nepal to survive the earthquake aftermath?,1
"We're safely going about our day, but they're just trying to survive an earthquake. We can help.",0
Ever heard of the Battle of Blair Mountain? The U.S. Army bombed its own citizens. Not kidding.,1
60 years after the Civil War came the bloodiest uprising since: The West Virginia Mine Wars.,0
Ever heard of the Battle of Blair Mountain? The U.S. Army bombed its own citizens. Not kidding.,1
The West Virginia Mine Wars: 1 million rounds were fired in the most violent strike in U.S. history.,0
Bill Nye wants to change the world. Hear him chat with President Obama about how to make it happen.,1
"President Obama chats with Bill Nye about climate change, education, and the importance of science.",0
Ever heard of the Battle of Blair Mountain? The U.S. Army bombed its own citizens. Not kidding.,1
Heard of the Battle of Blair Mountain? The U.S. Army nearly bombed its own citizens. Not kidding.,0
This is the heartbreaking case that might finally make gay marriage legal in every state.,1
"By honoring his late husband, he might wind up making gay marriage legal in every state.",0
15 hypothetical couples who never got to have a wedding album,1
Let's give same-sex couples the memories we all deserve to have.,0
2 brilliant scientific inventions that could clean up oil spills for good,1
How scientists are finding creative ways to clean up oil spills,0
Bees are in trouble. A big part of the solution couldn't be easier or more delightful.,1
Bees are facing big trouble. The answer is to plant flowers.,0
A comedian wrote about some feminist sex positions that are actually super sexy.,1
With names like 'The Rusty Trombone' there's a lot of room to offend. She took it to a new place.,0
"Some songs are bad for the earth, because they're being played on instruments ripped from nature.",1
A new term is being coined: Sustainable Musician — one who makes music without hurting the planet.,0
Ever wonder how recycling works? A glimpse behind the scenes at cool technology and big money.,1
Technology that sorts frogs from green beans offers help for recycling too.,0
"One by one, bystanders find themselves joining this powerful, peaceful protest in Baltimore.",1
Faith leaders of Baltimore band together in solidarity with peaceful protesters.,0
A 'Harry Potter' fan held up a brilliant sign in front of the Supreme Court today.,1
A 'Harry Potter' fan wants the Supreme Court to know that Dumbledore deserves equal rights.,0
"While Baltimore rioted, these gang members did what no one expected -- tried to keep the peace.",1
Baltimore gang members condemn violence against police AND by police.,0
What happens when the 'Science Guy' and the 'President Guy' sit down together? SCIENCE BRAINSTORM.,1
How do we make more kids fall in love with science? Bill Nye and President Obama discuss.,0
"Is that a rock? Look again. It's an Appalachian hellbender, and finding one is a big deal.",1
"If you see a 2-foot-long salamander, you know you've found a healthy stream.",0
Many are blaming Baltimore teenagers for starting the riots. One teacher saw something else.,1
"It should be obvious, but confronting teenagers with bullets and riot gear is a terrible idea.",0
Did you know that the light of stars can be turned into sounds? Here's what those sounds tell us.,1
Starlight can be transformed to tell us how big stars are.,0
Jason Mraz and other musicians are pleading with you to stop buying rare wood for your instruments.,1
"Some songs are bad for the earth, because they're being played on instruments ripped from nature.",0
"When the cops couldn't calm the crowds in Baltimore, over 100 clergy members started marching.",1
"As riots broke out across the city, this group of Baltimore clergy marched in peaceful protest.",0
"While Baltimore rioted, these gang members did what no one expected -- tried to keep the peace.",1
"If you want to know how gangs are involved with the riots in Baltimore, just ask them.",0
A comedian's son put gas in the car alone. The enormity of that accomplishment brought him to tears.,1
Our kids' accomplishments can bring us to tears. D.L. Hughley shed several talking about his son.,0
"Two sweet moments between a father and daughter, with decades in between.",1
Millions of people provide care for older family members every day. This sweet clip shows just that.,0
"Plastic really is forever, you just might not recognize it when it appears on your plate.",1
Plastic is to disposable as peanut butter is to jelly. We might want to change that.,0
"An adorable ad shows a father looking after his daughter. Decades later, the roles are reversed.",1
It's time for this daughter to look after her father. It's a sweet ad — with a serious point.,0
Watch a 10-year-old from the poorest slum in Kenya recite a poem straight from the heart,1
Why education is pivotal in changing the future of girls in Kenya,0
"A plastic bottle finds its way home, but its original owner is not so happy to see it.<br>",1
"A plastic bottle finds its way home, along with a powerful message to recycle.<br>",0
Two guys from Belgium took this photo. It's the first of its kind.,1
This is the first-ever photo of a monkey many people thought was extinct.,0
The radio show in Ethiopia that's changing the way girls think of themselves,1
Meet the 5 girls behind Ethiopia's first teen brand: Yegna. They are a huge hit.,0
She hated authority until she became boss. Here's how she treats her employees.,1
She runs 8 restaurants like it's no big deal because that's how she rolls.,0
An adorable ad shows a father looking after his daughter. But those roles will change over time.,1
"A cute ad shows time passing, roles changing. This is for the millions caring for aging parents.",0
"They spent 4 days in the swamp looking for a creature many thought extinct. On day 5, they found it.",1
This monkey has never been photographed before. Until now.,0
"Pope Francis speaks up about the gender pay gap, and thinks women should be paid the same as men.",1
"Francis comes out against the gender pay gap, one again claiming the title of 'Cool Pope.'",0
"When heroin users overdose, their friends and family can keep them from dying. Here's how.",1
What if there was a very simple way to prevent most heroin overdoses? There is.,0
What happens when an artist's hand starts to shake? A lesson for us all.,1
Feel like something is holding you back? Maybe there's another way to look at it.,0
There's a big taboo in Egypt that it's not ok to speak your mother's name in public. Here's why.,1
An Egyptian taboo says it's not ok to say your mom's name in public. Is it time to change that?,0