Headline,Attention
"If You Know Anyone Who Is Afraid Of Gay People, Here's A Cartoon That Will Ease Them Back To Reality",1
"SCIENCE FACT: Gay Science, Like Straight Science, Is Really Just Plain Old Fact Science",0
Why Yoko Ono Is The Only Thing Standing Between New York And Catastrophic Gas Fracking,1
New York's Last Chance To Preserve Its Water Supply,0
It's Easy To Become Homeless. It's Almost Impossible To Get Back.,1
"If You're Homeless For A Month, There's A Good Chance You'll Be Homeless For Life",0
"Thousands Of Protesters Are About To Descend On Washington, D.C. Here's Why.",1
Could This Be The Most Important Protest Of 2013?,0
How An Insurance Company Bought Its Very Own Senator,1
How Much Does It Cost To Buy Off A Politician? About The Price Of A Used Car.,0
Conan O'Brien Does Some Investigative Journalism. The Result Is Hilarious.,1
Hypnotic: 82 Seconds That Prove The Media Is Just A Gigantic 10-Year-Old,0
I Wouldn't Mind Getting Sent To This Principal's Office,1
A Dispatch From The Front Lines In The Fight Against Bullying,0
The Dirty Secret In Every Restaurant Menu,1
What Happens When You Combine Financial Desperation With Your Steak?,0
The Mind-Boggling Stupidity Of The Sequester Explained In Plain English,1
So Congress Just Punked Itself. Again.,0
A Comedian Silences A Room For 9 Minutes. It's Not An Awkward Silence.,1
A Comedian Goes 9 Minutes Without A Laugh — On Purpose,0
Can You Imagine Going Through Something Like This When You Were In High School?,1
I'll Bet This Isn't What You Picture When You Hear The Phrase 'Illegal Immigrant',0
The Real Reason They Still Play 'Mrs. Robinson' On The Radio,1
The Real Reason They Still Play 'Mrs. Robinson' On The Radio,0
A Terrified Child Genius Saves His Own Life With Engineering Skills,1
You Have 50 Seconds To Make A Suit Of Armor. GO!,0
Candy Has Less Sugar Than A Sandwich?,1
Candy Has Less Sugar Than A Sandwich?,0
I Guess These Models Don't Sell Products Quite As Well,1
These Models Are Making People Get Their Checkbooks Out,0
There Is Actually One Golden Rule To Prevent Sexual Assault,1
10 Tips GUARANTEED To Prevent Rape,0
A Stand-Up Comedian Sums Up The Gay Rights Debate In 30 Seconds,1
A Stand-Up Comedian Gives A Hilarious Crash Course On The Gay Rights Debate,0
The Chart That Might Just Bring Forth The Apocalypse,1
Things America Is Less Gooder At: Basic Scientific Comprehension,0
EPIC MASHUP: The Women Of Mad Men Sing For Their Freedom,1
If I Had To Deal With What These Women Deal With I Would Be Mad Too,0
This Preacher Attacks Gay Marriage. And It Makes Me Want To Marry Him.,1
"It Doesn't Matter If You Are For Or Against Marriage Equality, You Will Love Some Part Of This Video",0
7 Ways To Make Sure You Don't Hate Your Life And Actually Enjoy It And Stuff,1
The Perfect Thing To Do When Your Spouse Cheats On You Or Your Cat Explodes,0
The Top 8 Ways To Be 'Traditionally Married' According To The Bible,1
The Top 8 Ways To Be 'Traditionally Married' According To The Bible,0
"What Do You Get With 2 Guys, 1 Girl, And 200 Condoms?",1
200 Condoms Were Harmed In The Making Of This Video,0
2 Years Ago Gabby Giffords Was Shot In The Head. Now She's Got Something Important To Say.,1
Optimism About Gun Violence From The Woman Who Knows Far Too Much About Gun Violence,0
Why It's Great To Grow Up In Scandinavia,1
Why It's Great To Grow Up In Countries With Really Cool Accents,0
What A Wonderful World It'd Be If More People Would Just Commit Narcissistic And Antisocial Behavior,1
Daily Show Contributor’s Epic Takedown Of The Blank White Page,0
Finally: A Mode Of Transportation That Helps Clean The Air As You Use It,1
This Is The Most X-Treme Way Of Fighting Pollution I’ve Ever Seen,0
One Conspiracy Theory That's Actually Worth Your Time,1
Would You Let Someone Steal Your Stuff And Sell It Overseas? Because That's What's Been Happening.,0
I Guarantee You'll Never See Any Of These Kids Interviewed On Fox,1
"If Obama Was Inspired From Dreams From His Father, He Should Be Extra Motivated By This",0
Soledad O'Brien Clashes With Anti-Gay Interview Guest,1
"CNN's Best Journalist In Action. By The Way, They're Getting Rid Of Her.",0
A Bunch Of Bullies Thought It Would Be Funny To Pummel This Kid. They Aren't Laughing Now.,1
This Bullied Kid Went Through Hell So Your Kids Won't Have To,0
"Here's A Magazine Saying ""Sorry We're Not Sorry"" For Being Racist",1
Popular Business Magazine Warns That The Minorities Care About Fancy Houses Now,0
Those Idiots From “Jackass” Have Nothing On This Air Force Vet,1
Meet The Man Who’ll Save At Least A Few Of Your Lives One Day,0
"A Very ""Shocking"" 98 Seconds. That Joke (Although Terrible) Will Make WAY More Sense After Watching.",1
"If You Enjoy The Ol' Night Sky, You Should Get Your Fill ASAP. It Genuinely Won't Be There For Long.",0
The Most Beautiful Way To Stop A Bully I've Ever Seen,1
The Most Beautiful Way To Stop A Bully I've Ever Seen,0
"These Workers Just Want Money, And You Won’t Believe What They Did To Get Some",1
"Money Can’t Buy Happiness, But Maybe It’ll Get These Workers To Stop Singing",0
Meet The 13 Year-Old Who's Making Most Scientists Look Pretty Stupid,1
"Genius Inventor Cracks Secret Of Trees To Harness Solar Power. Oh, And He’s 13.",0
When Did Sex Become A Sin? This Woman Can Tell You.,1
"If Sex Is Sacred, Why Are We So Scared To Talk About It?",0
A Joke About Male Genitalia That Even Hillary Clinton Would Laugh At,1
"Finally, An Answer To The Question: Do Feminist D**k Jokes Exist?",0
Racists Spray-Paint A Comedian's Car. They Shouldn't Have Done That.,1
"An 'Arab' Filmmaker Drives His Car Into Cardboard Twin Towers. Trust Me, You'll Be On His Side.",0
The National Holiday We Used To Celebrate In November Until Thanksgiving Came Along,1
"11,000 People You Should Really Be Thankful For On Thanksgiving",0
The. Most Astounding Fact. EVER.,1
The. Most Astounding Fact. EVER.,0
This Guy Has Gotten More Confessions Out Of People Than The Frickin Pope,1
Shhh. This Video Has A Bunch Of Secrets.,0
Love It: An NFL Player Who Genuinely Respects Women,1
This 2-Time Super Bowl Champ Is Dancing For Women's Rights. Will You Join Him?,0
The CEO Of The NRA Attacks Himself In The Most Reasonable Super Bowl Ad Of 2013,1
The NRA's CEO Attacks The NRA's Biggest Fan For Being Unreasonable,0
"If This Video Makes You Uncomfortable, Then You Make Me Uncomfortable",1
"If This Video Makes You Uncomfortable, Then You Make Me Uncomfortable",0
This Is The Only Rational Thing To Do When A Hateful Jerk With A Sign Shows Up On Your Street,1
This Is The Only Rational Thing To Do When A Hateful Jerk With A Sign Shows Up On Your Street,0
"If You Watch This And Make It Through With Dry Eyes, Let's Not Be Friends",1
Aaron Swartz Said 'The Revolution Will Be A/B Tested' To This Woman. He Was Right.,0
Fox News Haters Will Love This Poll Result. So Will Fox News.,1
Here's 2012's Most Trusted Media Outlet. And Least Trusted Media Outlet. (They're The Same.),0
"Americans Are Better Than Any Other Country At This One, Totally F*cked Up Thing",1
Are You Genetically Predisposed To Going To Prison?,0
How Would A Lobbyist Describe His Job To A Child?,1
How Would A Lobbyist Describe His Job To A Child?,0
CNN Pundit Politely Tells Anti-Gay Interview Guest That He Is An Idiot,1
Don't Let Gays In Boy Scouts!' Says A Man Who Knows Nothing About The Boy Scouts,0
Can You Guess What Happens 34 Times A Day In America?,1
This Life-Changing Event Happens To 34 Americans Every Day. Can You Guess What It Is?,0
"WTF New York? No One Should Ever, EVER Make Art Like This.",1
Here Is Some Art That You Won't Want Life To Imitate,0
"Forget Crop Circles, The U.S. Military Does Even Weirder Stuff In The Middle Of Nowhere",1
These Cool-Looking Things DEFINITELY Don't Call To Mind A Hellish War The U.S. Wages With Robots,0
Mark Zuckerberg Wants To Hire You. You Just Have To Learn This One Thing.,1
How Kids Can Convince Their Parents That They Should Spend More Time In Front Of The Computer,0
"See The Teacher’s Resignation Video That 280,000 People Have Already Watched",1
"With A Videotaped Resignation, This Teacher Angrily Busts An Already Busted Educational System",0
This School Totally Understands The Difference Between Learning And Education,1
Would You Let These Guys Design A School?,0
Just One More Very Good Reason To Raise The Minimum Wage,1
"In A Fight Between Minimum Wage And The Glass Ceiling, Everyone Loses",0
"An Unemployed Teen Walks 10 Miles To A Job Interview, But Gets Hired Before He Gets There",1
A Determined Teen Walks 10 Miles In The Snow To A job Interview. The Result Is Incredible.,0
Dumbledore Is Gay. Harry Potter Has This To Say.,1
"First He Was Harry Potter, Now He's Helping To End Teen Suicide",0
Watch A Lesbian Attack The Word 'Gay',1
"Acceptance And Tolerance Are 2 Different Things. One Changes The World, The Other Just Rots There.",0
I Can’t Believe This Is From A Television Show,1
Why You Should Treat Everyone Like Your Mother,0
15-Year-Old Bypasses The Awkward Teen Phase And Skips Straight To Genius,1
Just…Wow…Wow…Wow! Did I Say Wow Already?,0
¿Cómo Se Dice ‘Nada’ En Español?,1
"En Vez De ‘Sí Se Puede,’ Ya Es ‘Sí Se Shhhhhhhhh’?",0
Watch A Smart Guy Stump A Religious Bigot With Her Own Religion,1
Believe Homosexuality's An Abomination? Do I Ever Have A Daughter To Sell Into Slavery For You!,0
How To Disarm A Tea Partier With Nothing But Words,1
I Had More Inclusive Tea Parties Than This When I Was In My Terrible 2’s,0
A Woman Who Struggles To Speak Tells You A Story That’ll Rock Your World,1
The Best ‘First Time’ Story You’ll Ever Hear.,0
"What 99.5% Of people In America Will Never Experience, Despite The Hype",1
"By The Time You’re 18 In America You Would Have Seen 200,000 Murders",0
There's A New Pope? YAY! He Said Something Awful? BOO!,1
"Say What You Will About The New Pope, He Sure Doesn't Seem To Be A Fan Of Equality",0
"Every Time A Politician Tries To Defund Planned Parenthood, I Think Of This Brave Woman",1
This Brave Woman Has More Than Two Things To Get Off Her Chest,0
The Crazy Reason Fewer Americans Are Adopting,1
Why Is This A Political Story? I Just See Beautiful Kids.,0
"BOOM, ROASTED: Here's Why You Don't Ask A Feminist To Hawk Your Sexist Product",1
"BOOM, ROASTED: Here's Why You Don't Ask A Feminist To Hawk Your Sexist Product",0
Why Homophobia Is Not An Acceptable Life Choice,1
What Kind Of World Does Homophobia Create?,0
Teachers Aren't The Problem. They Are The Solution. And So Are You.,1
You Can Blame Teachers. You Can Blame Parents. You Can Blame Students. OR You Could Fix Things.,0
"I Expect This Kind Of Logic From My 4 Year Old, But From A Senator? Not So Much.",1
Senator Uses 2nd Grade Logic To Defend Not Doing Anything About Climate Change And Gets A Time Out,0
This NBA Star Got Really Angry When 2 Lesbians Got Married. He Had A Good Reason Though.,1
You Will Not Believe What This NBA Star Had To Say About Lesbians,0
"If You Think Twilight Was An Awesome Movie, Please Never Click This",1
"WANTED: Angsty, Mentally Abusive, Controlling, Sexist Teen Vampire For Long Stakes On The Beach ",0
The Most Powerful Photo Of Martin Luther King Jr. I've Ever Seen,1
The Most Powerful Memories Of Martin Luther King Jr.,0
Gabby Giffords Says More In Her Struggle With 72 Words Than Most People Do In A Lifetime,1
Gabby Giffords Returns To Congress To Say 72 Incredibly Moving And Powerful Words,0
"This Guy Endured An Incredible Trauma. Now, At 90, He's Thriving. Here's His Secret.",1
Meet One Of The Most Incredible 90-Year Olds Living Today,0
The Most Ingenious Way To Come Out To Your Parents In The History Of The Universe,1
The Most Inventive Way To Come Out To Your Parents In The History Of The Universe,0
What Would Cause A Group Of 8-Year-Olds To Riot?,1
Why Do Our Children Have To Fight Our Battles? Because We're Not Doing It.,0
The Odds Say That Some Guys In The NFL Are Gay. Here's One Of Them.,1
"That Guy Who Just Intercepted That Pass? Yeah, He's Gay.",0
Imagine Wanting To Kill Everything That Lives In The Ocean. Now That Dream Is A Reality.,1
What Kind Of Animal Is 10% Tuna?,0
"If Conservatives Knew The Truth About Ronald Reagan, They Probably Wouldn't Invoke His Name So Much",1
"So Ronald Reagan, Gerald Ford And Jimmy Carter Walk Into An NRA Bar...",0
This Is Not An Acceptable Solution To Child Abuse,1
I Don't Think Toy Soldiers Are Going To Cut It,0
CHART: Why Nearly Half Of Today's Kids Won't Be Able To Look At Their Parents' Wedding Photos,1
CHART: What Conservatives Wish Liberals Understood About The American Family,0
Valentine's Day Has Gone From Murder And Violence To Chocolates And Spending,1
Animal Sacrifice? Hitting Women With Pieces Of The Dead Animal? The OLD Valentine's Day Sucks!,0
This Woman's Eyes Burn When She Drinks Water. Which Would Be Weird If Not For–,1
"Would You Let Your Kids Drink This? Apparently, A Governor Is Game To Consider It.",0
This Is What A Video Looks Like When Thousands Of People Make It Together,1
"Videos Are Hard To Make. Unless 10,000 People Help You Out.",0
This Is What Happens When We Kill Without Caring,1
How Drone Strikes Create More Terrorists Than They Kill,0
The Military Budget Has Just Shot The Science Budget In The Head,1
I Wish The Government At Least PRETENDED To Care About Something Other Than Military Spending,0
The End Of The Nature Vs. Nurture Debate,1
"If You're Reading This Sentence Right Now, You Probably Won The Lottery Of Life",0
Here's The Chart That Most Republicans DON'T Want You To See,1
"Hey There, GOP - You Look Mighty Uncomfortable On That Fence",0
You Won't Believe What This Cop Did When The Cameras Weren't Rolling,1
"This Guy Had 99 Problems, But Then A Cop Gave Him A 100",0
"Meet One Of The 11,000,000 People Who Might Make You Uncomfortable, But Really Shouldn't",1
This Is One Of The Most Patriotic Videos About Being An American I've Ever Seen. Even If He's Not American.,0
Colin Powell's Quote About Gay Marriage Is Chock-Full Of Common Sense And Decency,1
Former Member Of The Bush Administration Comes Down On The Right Side Of History,0
Caught On Tape: Our Planet Is Literally Falling Apart,1
What Made This Glacier Retreat More In 10 Years Than It Did In A Century?,0
Possibly The Worst Thing That Can Be Done To A Child,1
The Lifeless Body Is A Metaphor,0
The Future Of Humanity Relies On Women Doing This,1
WTF: Women Are 50% Of The Population But They're Only 20% In The Computer Lab?,0
"Afghanistan In The 1960s. Prepare To Be Very, Very Surprised.",1
The Afghanistan That We Know Today Looks NOTHING Like The Afghanistan From The 1960s,0
This Is Why Women Have The Right To Complain About Their Paycheck,1
This Is Why Women Have The Right To Complain About Their Paycheck,0
The Google Maps Revelation That Is Blowing My Mind,1
The Google Maps Version Of Journalism. It's Pretty Awesome.,0
Exactly How Gay Is Your State?,1
Exactly How Gay Is Your State?,0
"Dick Cheney, Laura Bush, and Colin Powell Just Hopped In Bed With Barack Obama",1
Is This An Ad Featuring Democrats And Republicans Agreeing On Something Super Important?,0
Watch 1 Of The Best TV Shows Ever Give Liberals Their Swagger Back,1
Return Of The L Word,0
9 Of 10 People Who Go Here Die. Some Of Them Shouldn't Have Gone In The First Place.,1
How Many Governors Have Killed An Innocent Man? The Answer May Surprise You.,0
10 Amazing Honeymoon Spots That May Not Last As Long As Your Marriage,1
10 Amazing Honeymoon Spots That May Not Last As Long As The Average Marriage,0
The Map That Shows Where It's Cool To Be Who You Are,1
The Map That Shows Where It's Cool To Be Who You Are,0
"This Is How The U.S. Would Look, If It Turned All Its Money Into Land ",1
Why Playing Real Life Monopoly Is More Like A Game Of 'Sorry!’,0
I Thought God Hated Women Until I Saw This.,1
God Is On The Phone. She Doesn't Sound Happy.,0
Why Would Anyone Want To Put George Takei In A Prison Camp?,1
Remember That One Time The U.S. Military Put George Takei In A Prison Camp Because Of His Race?,0
Why Is CNN Getting Rid Of Its Best Journalist?,1
You Know That One Actual Journalist CNN Has? They're Letting Her Go.,0
How To Take Down A Little Word With A Lot Of Power,1
Why Everybody Should Have A Personal Jihad,0
Trayvon Martin Died Exactly 1 Year Ago. What Do We Have To Show For It?,1
"It Doesn't Really Feel Like A Year, Does It?",0
We're Shelling Out $83 Billion A Year For This?,1
"If Big Banks Are So Indispensable, Why Can't They Make Money On Their Own? ",0
Are You Falling For The Biggest Trick Designed To Get Your Cash?,1
"Introducing ‘50 Shades Of Green’, In Which Powerful Corporations Have Their Way With The Environment",0
America's Old Nemesis Rears Its Ugly Head,1
"When People Are Hungry, They Die. Can We Get 50 Million Americans Off Death Row, Please?",0
What Would It Take For You To Never Use A Plastic Bottle Again?,1
Hopefully This Video Won't Make Any Sense In The Future — Not That It Makes Much Sense Now,0
A Politician Attacks Gay People Using Pretend Science. Real Science Corrects HIm.,1
The Internet Hereby Welcomes The Latest Politician To Attack Gay People To Factcheckistan,0
These Gay Dads Wanted To Give A Speech On Marriage Equality And What They Got Instead Was Hilarious,1
The One Time I'm OK With A Heckler Ruining A Speech Advocating Marriage Equality,0
This Gay Mormon Spent 1 Year Recording His Friends Reacting To Him Coming Out. How'd It Go?,1
This Guy Is Mormon. He's Also Gay. How Will His Friends And Family React When He Tells Them?,0
"Just This Once, Money Actually Is The Answer",1
"Don't Worry, The Good Guys Get Super PACs Too",0
Bill Nye Is Willing To Make A Deal With People Who Don't Believe In Evolution,1
Bill Nye Isn't Worried About People Who Don't Believe In Evolution. He's Worried About Their Kids.,0
One Of The Most Racist Things A Supreme Court Justice Has Ever Said,1
The One Where A Supreme Court Justice Acts Like An Internet Troll,0
These Are Some Of The Toughest (But Important) Photos I’ve Seen This Week,1
These Wolves Are About To Find Out What Happened To The Dodo Bird,0
This Is What Happens To Straight Kids When Gay Parents Get Married?,1
You Will Not Believe What I Heard Gay Marriage Is Going To Do To Straight People,0
Two Abortion Protesters Decided To Yell At This Guy's Wife. They Probably Shouldn't Have Done That.,1
Emotional Husband’s Powerful Confrontation With Abortion Protestors,0
Methinks The Anti-Gay Politician Doth Protest Too Much,1
Why Does It Take A Scandal To Get People To Be Who They Are?,0
Someone Wants To Tell You You’re Beautiful. Let Them!,1
Join The Movement That Thinks You’re Beautiful,0
Why The U.S. Healthcare System Makes Even Less Sense Than You Thought,1
Ever Wonder How Those Exorbitantly High Healthcare Costs Get So Exorbitant To Begin With?,0
How Poor People Became The McDonald’s Hamburger Meat Of The American Economy,1
"Remember The Military Industrial Complex? It Grew A Newer, Creepier Head, And It's Coming For You.",0
"Gross, Is That Blood? Nah, It's Just Paint. THAT'S Blood.",1
Remember That Time We Got Shot With Tear Gas? I Painted It.,0
One Man Destroys The Need For Paper Money In A Single Interview,1
Find Out Why You're Worth At Least $100 An Hour,0
This Is What Happens When A Journalist Forces A Banker To Actually Answer A Question,1
Irish Journalist Goes Old School On An Evasive Banker,0
Here’s The Ad That Muslims Across America Wish You Would See,1
A Bunch Of People Decided To Fight Hate With Beautiful Art,0
The Unbelievable Loophole In U.S. Child Labor Law,1
Meet The Kids Whom U.S. Child Labor Laws Failed To Protect,0
Which Current War Has The United States Been Losing Since The 1970s?,1
Drug War Update: The Drugs Won,0
This Really Offends Me About Child Offenders,1
"Where Will These 2,570 Kids All Spend Their 50th Birthday?",0
What Happens When You Suddenly Identify With The Unpopular Kid At The Back Of The Class? This.,1
Watch The Unpopular Kid At The Back Of The Class Become Poetry,0
You Call It Food. I Call It Poison.,1
Why Powdered Doughnuts Are The New Crack Cocaine,0
MUST WATCH: A Politician Loses It And Restores My Faith In Humanity,1
A Politician Asks For Forgiveness And Genuinely Means It,0
Does The Label On The Left Confuse You? Here’s Why.,1
What If Our Food Labels Didn’t Confuse The Heck Out Of Us?,0
Here’s Why We All Really Need To Be Tipping At Least 20%,1
Would You Work This Hard For $5 An Hour? Plus Tips?,0
Here’s One Way To Humiliate A Bunch Of Bigots. And It’s Hilarious.,1
The Time Talk Radio Turned On It’s Racist Listeners. And It Was Amazing.,0
The Crazy-High Cost Of Being A Working Parent,1
20 States Where A Year Of Child Care Costs More Than A Year Of College,0
Half Of All The World’s Diseases Come From This One Substance That You Definitely Ingested Today,1
The Guy Behind The Segway Has Invented Something New. And It’s Way Cooler Than A Scooter.,0
Meet A Woman Who'll Make You Furious That She Calls Herself An American,1
Meet The Woman Who Gave Mitt Romney His Stance On Immigration,0
"If You Think 1 Canadian Dude Is Actually 180,000 Hispanic People, You Might Be Kinda Sorta Racist",1
Why Martin Luther King Jr. Would Still Be Fighting For Voting Rights If He Were Alive Today,0
The Schoolhouse Rock Parody That Is Equal Parts Painfully Accurate And Funny,1
"Learning About The Government Is Too Depressing For Kids, Even When It Looks Like This",0
You Won't Believe What Saved The Lives Of 11 Children In 11 Seconds In Sandy Hook,1
"11 Kids, 11 Seconds, And 1 Mind Blowing Hopeful Fact About The Sandy Hook Tragedy",0
Think This Actress Is Just Another Pretty Face? HAH! So Wrong.,1
I Wish More Celebrities Were This Open And Honest About Feminism,0
"There's Something Rotten In Your Fridge, But It's Made Of Plastic",1
It's Not Easy To Live Sustainably. It IS Easy To Just Do This ONE Thing.,0
Just One More Sad Example Of What Kind Of Non-News 24 Hour News Networks Consider 'Newsworthy',1
OF COURSE The Media Stopped Covering The Sequester As Soon As It Started To Really Matter,0
I Bet This Man Has Embarrassed A Few Police Officers Who Have Tried To Arrest Him,1
The Professor Of Dirt Is About To Prove Just How Dirty Your City Is,0
Remember Those Troubled Kids In School? Turns Out They Weren't Actually Troubled.,1
Teamwork And Leadership Are Overrated — There Is Definitely An 'I' In 'Team',0
The Man In The Sweater Who Never Mentioned The Most Important Thing In His Life,1
Is It Possible To Teach Morality Without Talking Religion? Everyone's Favorite Minister Thought So.,0
You Haven't Been Allowed To Hear This American's Voice For Almost 3 Years; Here's What He Has To Say,1
Meet The Nobel Peace Prize Nominee Who Has Been Jailed Without A Trial For Years — In The U.S.?!,0
Watch A Feminist Senator Teach A U.S. General How To Do His Damn Job,1
Watch A US Senator Slap Some Sense Into The US Military,0
A Grandstanding Senator Decided To Tell A Cop How To Do His Job. Big Mistake.,1
Grandstanding Senator's NRA Talking Points No Match For Actual Law Enforcement Experience,0
"Bully Calls News Anchor Fat, News Anchor Destroys Him On Live TV",1
"Bully Calls News Anchor Fat, News Anchor Destroys Him On Live TV",0
WINNER: The Most Depressingly Dumb Book Cover of 2013!,1
"Sexy, Sexy, Sex: Now Coming To Classic Literature Near You",0
The Taliban Just Got Owned By A 15-Year-Old Girl,1
The Taliban Tried To Silence This 15-Year-Old Girl By Shooting Her In The Head. It Didn't Work.,0
The Straight Woman's Worst Nightmare Just Got Real Lesbiany,1
The Scary Thing About Lesbians,0
It's Disgusting What People Consider Beautiful Nowadays,1
Killing An Elephant To Make A Trinket Is Beyond Stupid,0
This Future Map Of The United States Is Way Cooler Than Any Current Map Of The United States,1
MAP: This Is What Americans Look Like On Speed,0
What Would Happen If The U.S. Eliminated The Penny? Let's Ask A Country That Actually Did.,1
Why Is Canada Deliberately Getting Rid Of Good Luck?,0
WATCH: That Awkward Moment When Anti-Immigrant Protesters Realize They're Illegal Too,1
That Awkward Moment When Anti-Immigrant Protesters Realize They're Illegal Too,0
This Is The Most Depressing Version Of Google Maps I’ve Ever Seen,1
MAP: What Does Income Inequality Look Like In Your City?,0
This Renewable Energy Idea Is So Obvious I Smacked My Face,1
Is This Alt Energy Generator Too Close To A Human Hamster Wheel?,0
1 In 3 Women Need You To Watch This.  The Other 2 In 3 Women Would Prefer You To Watch It Too.,1
A World Leader Would Like You To Do Something Other Than Celebrate Valentine's Day This Year,0
"If You Watch One Moment From The State Of The Union, Make It This One",1
"Like The President Said, They Deserve A Vote",0
"If You’re Afraid Of The Unknown, You’ve Already Lost",1
Are You Curious Enough To Eat A Worm?,0
The Cutest Way EVER To Tell Someone They Should Be Ashamed Of Having Sexual Organs,1
"Playtex Runs Ads Targeting Middle School Boys, Because, Ya Know, Dudes Need Tampons?",0
There's Some Things About Women That I Didn't Think I'd Want To Know. This Is One Of Them.,1
Do We Need Laws To Protect Women From Violence? Ask This Chart.,0
"People Get Tired Of Hearing The Word Awesome. But In My Defense, Seriously, This Kid Is Awesome.",1
"What Do Robert Frost, Space Jam, And Journey Have In Common? Just Ask The President.",0
Pissed That A Girl Won't Sleep With You? You're Probably Not As 'Nice' As You Think.,1
Attention 'Nice Guys' Of The Internet: No One Owes You Sex,0
Watch A Real Person Correct An Elected Official On How Democracy Should Actually Function,1
2 Members Of Congress Debate Whether Accepting Legalized Bribes Is Cool. Righteous Honesty Prevails.,0
Why Oregon Just Became The Best State To Have Sex In,1
Having An Abortion? Better Move To Oregon.,0
WTF: Fox News Spends 4 Minutes Calling Wildly Successful Women Fat And Lazy,1
"Adele Just Won A Grammy, So Of Course Fox News Is Talking About How Fat She Is",0
The Truth About Angry Feminists,1
I'm Not Angry Because I'm A Feminist. I'm A Feminist Because I'm Angry.,0
The One Totally Stupid Thing That Will Decide The Fate Of Our Entire Economy,1
"Your Life Expectancy Is Lower Than Someone In Puerto Rico, South Korea, And Jordan.",0
Obama Doesn't Mince Words When It Comes To Gays In Boy Scouts,1
"If I Didn't Know Any Better, I'd Say Obama Is Tired Of The Boy Scouts Banning Gays",0
These Girls Have Seen Their Own Potential. They're Going To Do Amazing Things With It.,1
Bring Your Daughter To Work Day Just Got A 21st Century Upgrade,0
Artistic Depiction Of Climate Change Freaks The Heck Out Of People On The Street,1
This Art Project Will Make You Turn Your Head,0
Psychic Reveals His Greatest Trick. It's Actually Kind Of Terrifying.,1
This Psychic's 'Gift' Is About To Blow Your Mind,0
Talented Documentarian Makes Mushrooms Into The Most Fascinating Thing on The Planet For 2 Minutes,1
Talented Documentarian Makes Mushrooms Seem Like The Most Fascinating Thing On The Planet,0
"If This Video Goes Viral, The Internet Could Be In Huge Trouble",1
Just A Reminder To Stop Every Once In Awhile And Zoom In On The Flowers,0
Some Strange Things Are Happening To Astronauts Returning To Earth,1
Advice For Saving The Earth From Some Of The Only People Who Have Left It,0
Looking At This Map For 5 Seconds Will Change How You Think About Race,1
Cosmetics Salesmen Will Find This Map Very Helpful. Neo-Nazis Won't.,0
Bullies Called Him Pork Chop. He Took That Pain With Him And Then Cooked It Into This.,1
"If You Were Ever Bullied, I've Got Something Beautiful To Show You",0
Harry Potter's Last Great Spoiler Is One Warner Bros Will Do Anything To Protect,1
Meet Harry Potter’s Scary New Foe: The-Document-Which-Must-Not-Be-Read,0
The Most Amazing Act Of Heroism Ever Committed In Swim Trunks,1
WATCH: A Group Of Beachgoers Restore Your Faith In Humanity,0
"The Only Man In History With The Right To Say ""I Told You So"" To The Entire Planet",1
Nickola Tesla Exactly Predicted Our Energy Crisis 100 YEARS AGO,0
Take Your iPhone From Dead To 100% In 30 Seconds Using Science,1
FINALLY! A Battery I Can Throw In The Trash,0
You’ll Never Believe What These Adults Found In This Ball Pit,1
INSPIRING! Two Strangers Take Out Their False Teeth In A Ball Pit,0
WTF? Princeton Professor Profoundly Offended By Intellectuals,1
WATCH: Princeton Professor Profoundly Offended By Intellectuals,0
MAP: Definitive Proof That We Don’t All Live In The Same Democracy,1
A Detailed Map Proving That Florida Needs To Get Its Act Together,0
"Tom Felton Disarmed Dumbledore, Yet He Can Barely Watch This. Are You Stronger Than Him?",1
"When You Ask Tom Felton To Do This, His Face Does That",0
See A 17-Year-Old Girl’s Laser-Sharp And Laid Back Take-Down Of An Annoyingly Popular Reality Show,1
How Exactly Does Punishing Fat People Go With Your Pledge To Love Your Body?,0
Meet The Worst Spy Ever,1
Meet The Tackiest Creature In The Animal Kingdom,0
Why 'Jeopardy' Champions May Be The Dumbest People Alive,1
Why 'Jeopardy' Champions May Be The Dumbest People Alive,0
"Hi, I'd Like To Register A Complaint. I Only Got One Vote, But I'm Very Rich. What Gives?",1
"Hi, I'd Like To Register A Complaint. I Only Got One Vote, But I'm Very Rich. What Gives?",0
Elizabeth Warren Continues To Be The Senator We All Hoped She Would,1
Elizabeth Warren Shows The Big Banks What A Working Senator Looks Like,0
WATCH: The TEDxTalk That Knocked Me Down A Peg Or Two,1
What Your Reaction To Celebrity Gossip Says About You,0
A Hidden Camera Show Goes To Texas. They Did Not Expect To Find This.,1
A Hidden Camera Show Is Baffled When They Can't Find Any Bigots In Texas,0
The 3 Happiest Words In Many Parts Of The World Are The 3 Deadliest In Others,1
"In Some Countries, The Odds Are 50/50 Someone Wants To Kill You",0
9 Out Of 10 Americans Are Completely Wrong About This Mind-Blowing Fact,1
"Meet The Person Who Has No Clue How Money Really Works. Ok, Stop Looking In The Mirror Now.",0
"Ladies, Let Me Tell You What To Think About Women's History Month",1
"Ladies Need To Learn More About Women's History Month, So They Can Appreciate The Month We Gave Them",0
I Honestly Didn't Think A Video About Birds Would Make Me Cry. I Was Wrong.,1
A Short Video About Birds That's Guaranteed To Break Your Heart,0
This Is Exactly How Desperate We Are To Get Oil Out Of The Ground,1
What Would Someone From 200 Years Ago Think Of This Thing We Now Do To Get Oil Out Of The Ground?,0
This Is Why It's A Bad Idea To Be Racist In 2013. Or Ever.,1
This Is Why It's The Worst Time In History To Be A Racist,0
Watch A Nervous Mom Make An Heroic Phone Call While Her Kid Naps,1
Watch This Mom Check “Gun Control Advocacy” Off Of Her To-Do List,0
I Bet A Lot More People Would Become Librarians If They Got To Do It Like This,1
Why Would A Librarian Need To Know How To Sail?,0
Trying To Get Richer? Here's Why You Can Pretty Much Give Up Now.,1
Where The Hell Is All The Money America Made In The Past 20 Years?,0
A Depressing Map Of The US That Will Make You Not Want To Have Babies,1
MAP: Why You Should Move To Canada To Have Your Baby,0
What Do These Celebrities Hate More Than Paparazzi?,1
"Yoko Ono, Sean Lennon, Joseph Gordon Levitt, Liv Tyler, Susan Sarandon, Fred Armisen...",0
Germ Warfare? Laughable. We Have A Virus On Earth That Could Literally Destroy The Everything.,1
"If You Start Coughing, BE CAREFUL! It Might Literally Be The End Of The World.",0
There's A Reason This Is Still My Favorite Internet Video Of All Time,1
A Brilliant Speech From 1940 That's Somehow Even More Relevant Today,0
Watch The Kindest Smackdown I've Ever Seen,1
How 1 Conversation Can Make You Smarter,0
Elizabeth Warren Asks The Most Obvious Question Ever And Stumps A Bunch Of Bank Regulators,1
"Elizabeth Warren Nails Bank Regulators To The Wall, Asks Them When Was Last Time They Did Their Job",0
I've Never Met A 15-Year-Old And Thought 'She's Gonna Run The World One Day.' Yet Here We Are.,1
"A Teen Girl Who Loves Fashion? And She's A Feminist?! Stop, My Head Is Exploding!",0
Why Is The NRA Defending The Rights Of African Warlords?,1
How The NRA Is Making It Easier For African Warlords To Get AK-47s,0
An Open Letter From Jesus To Everyone Who Is Scared Of Gay People,1
An Open Letter From Jesus To Everyone Who Is Scared Of Gay People,0
ALL KINDS OF WRONG: CNN Pays A Touching Trubute To The Rapists Who Attacked A 15 Year Old Girl,1
The One Where CNN Feels The Need To Sympathize With Sexual Predators,0
Newbie Senator Mansplains The Constitution To Second-Longest-Serving Woman Senator. Justice Ensues.,1
Mansplain-y New Senator Gets Nailed By Lady Senator Who Was Elected While He Was In Diapers,0
Why Your Part In The Steubenville Tragedy Is Bigger Than You Think It Is,1
Want To Prevent Tragedies Like Steubenville? Stop Letting Them Happen.,0
This Is Why I’m Afraid Of My Couch,1
There Could Be Something In Your Home Trying To Kill You Right Now,0
"B.P. Didn't Actually Clean Up The Oil They Spilled, They Just Covered It Up For A Few Years",1
I Guess We Shouldn't Be Surprised That An Evil Oil Company Acted Evilly,0
The 1 Thing That Actually Deserves The Death Penalty,1
This Beautiful Video Wants To End Something Horrible,0
Did AIDS Just Get Cured By A Bunch Of Gamers?,1
A Group Of Gamers May Have Unlocked The Cure To AIDS,0
Stop Turning Everything I Do Into A Political Statement!,1
"Once Upon A Time, There Wasn’t 'Liberal' Beer Or 'Conservative' Beer, There Was Just … BEER",0
NAILED IT: Watch A Really Smart Comedian Destroy A Really Dumb Idea,1
Stephen Colbert Celebrates The End Of Racism — And The Continuation Of Ignorance,0
How Science Allowed A Woman To See The Light,1
"Bless Australia For Giving Us Kangaroos, Crocodile Dundee ... And THE BIONIC EYE?",0
"Why Is It Okay To Show Women Being Tortured On Screen, But Not Doing THIS?",1
Ryan Gosling And I Would Like To Know Why THIS Gets A Lower MPAA Rating Than THAT,0
Offensive Things You Might Say That You Didn’t Realize Were Offensive,1
"No, I Don’t Fake Tan. Yes, My Dad Is White. And Yes, Questions Like This Can Be Annoying.",0
The Tattoo That Misogynist Jerks Think Every Girl Has On Her Thighs,1
"This Evidence Would Never Ever Hold Up In Court (Oh Wait, It Has)",0
These Soldiers Served Their Country. Then THIS Happened?,1
The US Doesn't Want You To Know What It's Doing To Our Vets. It's Pretty Bad.,0
"The Argument To Overturn The CA Gay Marriage Ban Is So Easy A Kid Could Make It. Oh Wait, He Did.",1
What Do 2 Gay Guys And A Conservative Supreme Court Justice Have In Common?,0
Want To Hear A Genius Ruin Politics And Religion In 5 Sentences?,1
"If You Call It ""Flip-Flopping"" One More Time, Carl Sagan Is Gonna Be Pissed",0
Hillary Breaks Down Gay Marriage So People With Extra-Thick Heads Can Understand,1
Can We Hurry Up And Just Elect Hillary As President Yet?,0
Tiny And Terrifying: Why Fate Doesn't Stand A Chance Against These Kids,1
Meet The Cutest People Ever To Spit In The Face Of Fate,0
The Mysterious Early Death Of A Sexless One-Of-Kind 100-Year-Old,1
What Kind Of Environment Could Have Caused Lonesome George’s Sexless Existence?,0
The Love Story Disney Wished It Made,1
An Amazingly Ordinary Love Story,0
These Are Literally The Smallest Apartments You'll Ever See,1
"These People Aren't Vampires, So Why Are They Living In Coffins?",0
"The Argument To Overturn The CA Gay Marriage Ban Is So Easy A Kid Could Make It. Oh Wait, He Did.",1
"The Argument To Overturn The CA Gay Marriage Ban Is So Easy A Kid Could Make It. Oh Wait, He Did.",0
The Most Baller Way To Keep Kids Safe,1
How One American City Is Investing In Its Youth,0
"This Map Won’t Tell You Where You Are, But It Will Tell You How Much NRA Money Is In Your State",1
MAP: How Much NRA Money Is In Your State?,0
Watch This Bride Dump Her Very Important Groom At The Altar,1
"With This Ring, McDonald's, I Thee Wed",0
Why Gardening Is The Most Therapeutic And Defiant Act A Person Can Do,1
Happy Spring! Here’s An Insanely Inspiring Video About Things That Grow.,0
You Won't Believe What The Happiest Man Alive Does For A Living,1
How To Be The Happiest Person On Earth,0
The People With The Most Power In The World Actually Believe This Really Horrible Thing,1
The Simplest Way To Think Your Way Out Of Wall Street's Awful Economic Dogma,0
"These Christians Are Advocating The Government Do Something, And I'm Actually Not Outraged. At All.",1
Why The Jobs Crisis Isn't Just Some God Of Economics Testing Our Faith In Fiscal Austerity,0
I Would Hire Any Of These Kids In A Heartbeat. To Be My Boss.,1
Fate Says These Kids They Won't Amount To Anything. Good Thing They Aren't Listening.,0
The Single Greatest Gift For A Woman,1
How Did 3 Geniuses Combine Purses With Saving The Planet?,0
I Don't Like Being Lied To. Neither Did This Documentary Crew.,1
Thank Goodness B.P. Cleaned Up Their Oil Spill. Now These Lovely Birds Can … Keep Dying?,0
The Mysterious Early Death Of A Sexless One-Of-A-Kind 100-Year-Old,1
The Mysterious Early Death Of A Sexless One-Of-A-Kind 100-Year-Old,0
These Journalists Are Going To Be in SOOOOOOO Much Trouble For Doing This...,1
The Liberal Journalists Even Republicans Would Love,0
Meet The Students Who Launched The Mother Of All PR Campaigns,1
The “ism” that desperately needs some love,0
"If My Dentist Caught Me Showing People This, He'd Slap Me In The Face",1
"Is That A Soda In Your Pocket, Or Are You Just Happy To See An Early Grave?",0
Possibly The Most Devastating Response I've Ever Seen In An Immigration Debate,1
Live Immigration Debate Goes Viral When Back-To-Back Questions Get Spectacularly Demolished,0
SWOON: Watch This Star Calmly Blow Apart Any Argument That We Can't Solve Poverty In One Generation,1
Why Is This Rockstar Calling Himself An 'Insufferable Little Jumped-Up Jesus'?,0
"And One Of These Days, Someone Will Realize This Is Racist",1
You're Telling Me They Couldn't Find An Actual Native American To Put On This Cover?,0
Why Women (And Men) Love This Picture So Much,1
Something REALLY Sexy Is Happening At This Store,0
Remember Sandy Hook? Apparently The Senate Doesn't.,1
The NRA Claims It's Latest Victim. Say Goodbye To Background Check Reform.,0
WTF: Why You're Way More Likely To Get Arrested At The End Of An Officer's Shift,1
So Messed Up: Why You're Way More Likely To Get Arrested At The End Of An Officer's Shift,0
Remember Sandy Hook? Apparently The Senate Doesn't.,1
"Say What You Will About The NRA, But They Sure Do Scare The Hell Out Of Senators",0
"A Very Un-Sexy, Sexy Teen Thriller",1
And You Thought The 'I Know What You Did Last Summer' Franchise Couldn't Get Any Sexier,0
Remember Sandy Hook? Apparently The Senate Doesn't.,1
Remember Sandy Hook? Apparently The Senate Doesn't.,0
Remember Sandy Hook? Apparently The Senate Doesn't.,1
Remember Sandy Hook? Apparently The Senate Doesn't.,0
An Open Letter To All Dudes Who Have Ever Had A Drunk Girl Passed Out On Their Couch,1
"SCIENCE FACT: If There's A Drunk Girl Passed Out On Your Couch, That Doesn't Mean She's Into You",0
Hey Bros: Check Out What This Bro Did When He Found A Drunk Girl Passed Out On HIs Bro Couch,1
"The Shortest PSA On How To Handle Drunk Girls Passed Out On Your Couch, EVER",0
About To Start An Argument Over Israel and Palestine? Watch This Video First. ,1
This Guy Lives In A War Zone. So What's He Smiling About?,0
"Are You Kidding Me, America? How Is This Even Still An Issue?",1
Why Can't The United States Supreme Court Be As Cool As The Supreme Court Of Mexico?,0
"Never Thought I'd Say This, But These Eggs Eat Poo And They're Gorgeous",1
Human Waste + Science = Art?,0
People All Across The World Are Demanding This One Thing That The U.N. Says They Can't Have,1
SHOCKER: Actual Humans Living Under Corrupt Leaders Want More Than Just Being Not-Starving,0
Should A Parent Listen To Their Kid In This Situation?,1
Would You Sacrifice This Much For Your Kid's Education?,0
A Head-Slappingly Simple Strategy That Might Just Reduce The Crime Rate,1
A Strategy To Combat Crime That McGruff Wished He Thought Of,0
Advice From Parents On Preparing For That Horrible Day You Know Is Coming,1
A Pair Of Brothers Make Their Parents Cry. And It’s Beautiful.,0
"Never Thought I'd Say This, But These Eggs Eat Poo And They're Gorgeous",1
I Can't Take My Eyes Off Of This Beautiful... Sewage Treatment Plant?,0
"This 9-Year-Old Has Blown Away The Minds Of Millions, Will You Be Next?",1
"Does Your Life Need More Meaning? Here, This 9-Year-Old Can Help.",0
The Olympic Marathon Runner Who Outran His Own Murder,1
Meet The Man Who Outran Death To Make The Olympics,0
Obamacare Has 48 Million Fans Who Just Don’t Know It Yet,1
Obamacare Has 48 Million Fans Who Just Don’t Know It Yet,0
"Starbucks CEO Serves A Grande Cup Of ""Shut The Hell Up"" To Anti-Gay Marriage Activist",1
67 Seconds Of Starbucks CEO Standing Up For Gay Marriage,0
This Supreme Court Justice Just Asked A Rhetorical Question That Might Tear Down Prop 8,1
This Supreme Court Justice Might Be The Deciding Vote On Prop 8. His Quote Makes Me Very Hopeful.,0
This Girl's Middle School Photography Project Will Steal Your Breath Away,1
This Girl Makes Me Want To Dump My Thanksgiving Dinner On Columbus' Head ,0
"If Gay Marriage Isn't Constitutional, Neither Is Straight Marriage If You're Older Than 55",1
What's The Point Of Getting Married If We Aren't Going To Have A Ton Of Kids?' Asked NOBODY,0
"What The Craziest Thing About The Fact That Humans Exist? I Don’t Know, But I Bet It’s In Here.",1
How Do You Go From An Amoeba To A Global Superpower? Like This.,0
"She Had One Year To Live, And This Is How She Did It",1
Doctors Could Have Prolonged Her Life. She Chose To Live It Instead.,0
I’ve Never Had A Pie Chart Make Me Gasp Before,1
"This Isn't A Pie Chart, It’s A Big Fat Raspberry",0
Did The Supreme Court Just Legalize Gay Marriage? Well... Sort Of.,1
The Supreme Court Did What They're Paid To Do. Talk About Stuff. Here's The Abbreviated Version.,0
"MUST WATCH: The 0-Emission, Air-Powered Car Big Oil Doesn’t Want You To Know About",1
"MUST WATCH: The 0-Emission, Air-Powered Car Big Oil Doesn’t Want You To Know About",0
Why Going Off The Grid Isn’t Just For Conspiracy Theorists Anymore,1
Don't Want To Go Solar To Save The Environment? Go Solar To Save The Wallet.,0
This Isn’t Just A Car: It’s The End Of Gasoline As We Know It,1
The Future Of The Auto Industry Is Right Between Your Nostrils,0
"When Your Carbon Footprint Needs A Commercial, Your ‘Feet’ Are Too Damn Big",1
NERD ALERT: The Climate Action Superhero You Didn’t Know You Were Waiting For,0
"This Doctor Had A Breakdown, Saw A Therapist, And Ended Up Changing Lives",1
"This Doctor Had A Breakdown, Saw A Therapist, And Ended Up Changing My Life",0
A Supermodel Hemorrhages During Childbirth And Turns Her Experience Into An International Campaign,1
See What Can Happen When A Safe Place To Give Birth Isn’t A Guarantee,0
Check Out The Idea That's Got This Guy's Seal Of Approval,1
A Very Playful Clean Energy Idea,0
"Some Ideas About Our Economy That Are Bound To Make The Wall Street Journal Very, Very Upset",1
A Few Bold Ideas That Might Just Solve Climate Change And Unemployment At The Same Time,0
"OMG. Google ""Tucker Carlson"" And ""Gay Marriage""",1
10 Democratic Senators To The Right Of Tucker Carlson,0
Why Do Men Think THIS Is OK?,1
The Gross Stuff Men Say To Women,0
Pin This Up In Your Mind. Then You'll Never Forget It.,1
Psst! I Just Solved All Wars.,0
Jennifer Lawrence Summarizes Everything That’s Wrong With Our Culture Today In 1 Sentence,1
What Could Hollywood Do To Change The Lives Of Half The Population?,0
You Won’t Believe What This Guy Does In His Spare Time,1
SHUDDER: Can We Deport This Guy Instead?,0
How To Eat To Live Instead Of Living To Overeat,1
How To Eat To Live Instead Of Living To Overeat,0
These Canadians Seem To Have A Better Sense Of America's Mistakes Than Americans Do,1
This Is The Way The World Ends: Not With A Bang But With A REALLY Awkward Phone Call,0
How To Eat To Live Instead Of Living To Overeat,1
Why The Cheesecake Factory Is Conspiring Against You,0
"OMG. Google ""Tucker Carlson"" And ""Gay Marriage""",1
"Ten Democratic Senators Shamed After Googling ""Tucker Carlson"" And ""Gay Marriage""",0
In Case You Missed It: Why Everyone Is Posting Those Pink Equal Signs on Facebook This Week!,1
Support For Gay Marriage + A Little Creativity On Facebook = These Kick-Ass Profile Pics,0
"OMG. Google ""Tucker Carlson"" And ""Gay Marriage""",1
"OMG. Google ""Tucker Carlson"" And ""Gay Marriage""",0
Watch Sophia Change Blanche’s Mind About Gay Marriage In Less Than A Minute,1
‘The Golden Girls’ Take On Gay Marriage,0
"It's Been A Long Week. Need A Hug? Yeah, You Need A Hug.",1
These Troops Are About To Go To War. And This Lady Is There To Hug Them.,0
"Forget 'God-Given Rights.' In America, It's 'However-Much-Money-You-Happen-To-Have'-Given Rights.",1
"Forget 'God-Given Rights.' In America, It's 'However-Much-Money-You-Happen-To-Have'-Given Rights.",0
Watch A Preacher Attack Gay Marriage And Totally Change His Mind On The Spot,1
Watch A Preacher Attack Gay Marriage And Totally Change His Mind On The Spot,0
The New Pope Just Kissed A Muslim Woman's Foot; Watch The World React,1
MUSLIM FEET: Why The New Pope Goes Where No Pope Has Gone Before,0
"Congressman 'Accidentally' Uses Horrific Racial Slur, Apologizes, And Is Still Racist",1
"NEW RULE: You Aren't Allowed To Blame Your Daddy When You Say Something Horribly Racist, Congressman",0
"Congressman 'Accidentally' Uses Horrific Racial Slur, Apologizes, And Is Still Racist",1
Would You Forgive A Congressman For Being Horribly Racist If He Grew Up On A Farm? Me Neither.,0
Congressman 'Accidentally' Uses Horrific Racial Slur And Hasn't Resigned. YET.,1
Congressman Says Something Awful Enough To Actually 'Apologize' For,0
Why Don't More Moms Talk To Their Daughters Like This Famous Actress Talks To Hers?,1
How Complimenting Yourself Creates Positive Change In Other People,0
Can We Clone This Adorable 5-Year-Old? She Really Has Her Sh*T Together.,1
"Boys, There's ONE Thing You Have To Do If You Want To Marry This Girl",0
This Girl Has Some Demands For Her Future Husband — IF She Gets Married,1
This 5-Year-Old Girl Isn't Interested In Marriage. Unless...,0
"It's Hard To Visualize Billions Or Trillions Of Dollars. After You See This, You Won't Want To.",1
What Has Enough Money To Remake The Statue Of Liberty Out Of Dollar Bills?,0
This Girl Has Some Demands For Her Future Husband — IF She Gets Married,1
Here's One Little Girl Who WON'T Be Getting Her Relationship Advice From That Bella Twilight Lady,0
There's Something Odd About This 'Traditional Marriage' Propaganda Video,1
This 'Traditional Marriage' Propaganda Film Goes Too Far,0
This Girl Has Some Demands For Her Future Husband — IF She Gets Married,1
"Boys, There's ONE Thing You Have To Do If You Want To Marry This Girl",0
"A Gay Soldier Is Being Singled Out And Prosecuted, But That's Not Even The Craziest Part",1
What If The Characters In 'Mr. Smith Goes To Washington' Were Gay?,0
Here's Why We Can't Have Nice Things,1
HBO's Game Of Thrones Really Needs To Stop Letting Congresscritters Write Their Scripts,0
Watch A Lesbian Stage An Intervention With Straight People,1
What's The Most Important Question You Can Ever Ask A Straight Person?,0
An Open Letter From A Badass Lesbian To Some Sad Straight People,1
Watch A Lesbian Stage An Intervention With Scared Straight People,0
Watch A Lesbian Dress Down Straight Ignorance And Then Drop The Proverbial Microphone,1
An Open Letter To Sad Scared Straight People From A Lesbian With Some Serious Showmanship,0
Watch A Lesbian Dress Down Straight Ignorance And Then Drop The Proverbial Microphone,1
Watch A Lesbian Dress Down Straight Ignorance And Then Drop The Proverbial Microphone,0
Dear Straight People: We Have To Talk,1
Watch A Lesbian Stage An Intervention With Straight People,0
This Graphic Of Adam Lanza's Home Arsenal Is Devastating,1
This Is What The Sandy Hook Killer's Arsenal Looked Like,0
Everyone Said This Couldn't Be Done. See How This Guy Did It In Under 7 Hours. ,1
When This Guy Takes On A Remote Canyon Like A Ninja He Leaves The Rest Of Humanity Inspired ,0
The Most Honest Cable Company In The World Has A Message For You. It's Not Good.,1
The One Where Your Cable Company Offers To Punch You In The Face And Tells You To Say Thank You,0
Your Cable Company Has Been Keeping A Really Sketchy Secret From You For Like Forever,1
The One Where Your Cable Company Stops Talking About You Behind Your Back,0
The Invisible Bike Helmet That You'll Have To (Not) See To Believe,1
Meet The Women Who Invented Invisibility,0
The Most Honest Cable Company In The World Has A Message For You. It's Not Good.,1
The Most Honest Cable Company In The World Has A Message For You. It's Not Good.,0
Your Cable Company Has Been Keeping A Really Sketchy Secret From You Since Forever,1
Your Cable Company Has Been Keeping A Really Sketchy Secret From You Since Forever,0
I Can't Wait To See The Obama Administration's Reply To This Amazing And Totally Ridiculous Petition,1
"If This White House Petition Works, We Might FINALLY Get Somewhere In Congress",0
The Most Honest Cable Company In The World Has A Message For You. A Really Jerky Message.,1
The Most Honest Cable Company In The World Doesn't Think You'll Share This,0
OMG. Exxon LITERALLY Just Spilled Oil In Your Backyard. Not Joking.,1
"An Oil Company Spilled Massive Amounts Of Oil Again. This Time, It Is LITERALLY In Your Backyard.",0
"If I Could Marry This Speech, I’d Be Buying A Wedding Dress Right Now ",1
You Think You Know Inspiration? You Ain’t Heard Nothing Yet!,0
World’s Largest Online Retailer Takes A Controversial Stand In The Least Controversial Way Possible,1
World’s Largest Online Retailer Takes A Controversial Stand In The Least Controversial Way Possible,0
A Photographer Asked People What They’d Like To Say To The World. Their Answers Will Blow You Away.,1
Ink That Makes You Think,0
So ... What Genius Thought It’d Be A Good Idea To Strip A City Of Its Democracy?,1
Why Is The Fate Of Detroit In The Hands Of A Law Firm In Cleveland?,0
World’s Largest Online Retailer Takes A Controversial Stand In The Least Controversial Way Possible,1
Watch Amazon Do Society A Favor By Including All Of It,0
The Canadian Project That Might Ruin Our Future,1
How Some Filthy Rich Dudes Are Trying to Make The Rest Of Us...Filthy,0
So ... What Genius Thought It’d Be A Good Idea To Strip A City Of Its Democracy?,1
Why Is The Fate Of Detroit In The Hands Of A Law Firm In Cleveland?,0
The Only Thing ‘Unnatural’ About Gay Marriage Is That There Aren’t Enough Ads Out There Like This,1
Watch Amazon Take A Controversial Stand In The Least Controversial Way Possible,0
"North Korea Would Ban This Video If They Could. Lucky For Us, They Can't.",1
What Do You Do When North Korea Threatens To Punish Your Family When You Escape?,0
This 9-Year-Old Kid Has More Wisdom In His 'Star Wars' Pajamas Than I Will Obtain In A Lifetime,1
My Hospital Roommate Wears 'Star Wars' Pajamas. He's Going To Die. That's OK.,0
You Won’t Believe What These Muslims Are Protesting About,1
Muslim America Rocks — We Just Don’t Hear About It Often,0
You Will Not Believe What It Takes To Escape North Korea,1
How To Escape North Korea,0
North Korea Doesn't Want You To See This And They'll Be Really Furious If You Share It,1
North Korea Doesn't Want You To See This And They'll Be Really Furious If You Share It,0
The Terrible Talking Point That Every Politician Uses,1
The Truth Behind Everyone’s Favorite Immigration Talking Point,0
"Air, People! This Car Runs Entirely On AIR!",1
"MUST WATCH: The Pollution-Free, Air-Powered Car That’s Telling A Whole Industry To Go Kiss Its ‘Gas’",0
This Adorable Kid Just Wants To Take A Girl On A Date. So Why Is That Such A Big Deal?,1
"If You Can See Past The Super-Adorable Kid, There’s A Really Great Message Here",0
"I Don’t Know Anything About Soccer, But This Is The Most Inspiring Goal I’ve Ever Seen",1
These High School Athletes Were Winners Long Before The Game Ended,0
This Is One Woman No Man (Or Building) Will Mess With Again,1
What Should Both Violent Men And Property Owners Be Afraid Of? This Woman.,0
The Risk Of Drowning Has Never Looked So Appealing,1
"Uh-Oh, Earth. I Think This Gal’s Got A Little Crush On You",0
You Won’t Believe What The Chinese Government Did To These 26 Million Children,1
Meet The Man Who Took On The Chinese Government. And Won.,0
"History May Not Remember This Speech, But I Guarantee That You Will",1
This Speech On Gay Marriage Made 4 Years Ago Will Have You Cheering Right Now,0
This Guy Says Plants Can Change People. So What If He Plants A Garden In A Gang-Ridden Neighborhood?,1
Would You Eat Food Off The Sidewalks Of Los Angeles?,0
How Kids Are Playing With Something Far More Dangerous Than Guns Every Day At School,1
Why Giving Kids Forks And Knives Can Help Save Their Lives,0
The Surprising And Creepy Place Where Men Still Act Like They Own Women,1
Walking Down The Street Shouldn’t Feel Like A Game Of Dodgeball,0
George Washington Took This Little Secret To His Grave.,1
This Is Fish Porn. And It's Really Dirty.,0
Our Nation's Capital Has A Secret. And It's Dirtier Than You Can Possibly Imagine.,1
I Got A Fever And The Only Prescription Is To Make It Rain... Fish.,0
DC's Dirty Little Secret About Fish And Sex.,1
DC Has A Secret And It Has Everything To Do With Fish And Sex.,0
The Mainstream Media Is Too Busy Covering War To Show You THIS,1
Why Is This Kid Riding A Bomb?!,0
Our Nation's Capital Has A Secret. And It's Dirtier Than You Can Possibly Imagine.,1
SECRET: Fishing Is Like Sex...,0
A Bunch Of Nerds Got Tired Of Cyberbullies So They Used Their Powers Of Science To Fight Them,1
You Know Who Bullies Pick On? Nerds. You Know Who Stops Bullies With Science? Nerds.,0
A Bunch Of Nerds Got Tired Of Cyberbullies So They Used Their Powers Of Science To Fight Them,1
A Bunch Of Nerds Got Tired Of Cyberbullies So They Used Their Powers Of Science To Fight Them,0
"They Had Polio And The Black Plague, We've Got This To Deal With",1
"""Damn It."" -The Present. ""Sorry About That!"" -The Past.",0
The Little Girl's Toy That Thousands Of Grown-Ass Men Can't Wait To Play With.,1
What Happens When A Bunch Of Dudes Get Down With My Little Pony?,0
What Lots Of Teachers Think But Are Scared To Say,1
Who Ever Heard Of Parents Getting Homework?,0
The Little Girl's Toy That Thousands Of Grown-Ass Men Can't Wait To Play With.,1
The Little Girl's Toy That Thousands Of Grown-Ass Men Can't Wait To Play With.,0
This Is A Spiritual Practice Everyone Should Get Behind,1
"If Everyone Did This, We’d DEFINITELY Be Living In A More Peaceful World",0
"If You Like Big Ideas, Then This Guy Has Got THE BIGGEST Idea You've Ever Heard",1
You Don't Want To Miss This Psychedelic Anthem About The Power Of A Good Idea,0
"They Had Polio And The Black Plague, We've Got This To Deal With",1
I Rarely Want To Help Geniuses This Much,0
Rape Culture Is Alive And Well In America Because Of These 6 Things,1
The Infographic That Makes You Sick And Angry (In That Order),0
The People We Love And Read About Are The Same People Destroying America,1
The Hidden Cost Of Being Rich And Famous? You Start Ruining The Whole Country.,0
One Of The Wrongest Harry Potter Related Anti-Abortion Signs You'll Ever See,1
A Person Who Clearly Never Read The Harry Potter Books Has A Dumb Question,0
"The One Word You Can’t Put On Your Package, If You Want It Delivered On Time",1
This Is Bias. Proved With Numbers.,0
"Only One Major City Wasn't Rioting The Day Martin Luther King Jr. Was Shot, And This Is Why",1
45 Years Ago We Lost Martin Luther King Jr. To Bigotry. Only One City Remained Calm. Here's Why.,0
Meet The Woman Who Has A 20% Chance Of Living Because Of One Company's Greed,1
That Horrible Moment When Corporate Greed Stands In The Way Of Fighting Cancer,0
"Only One Major City Wasn't Rioting The Day Martin Luther King Jr. Was Shot, And This Is Why",1
Martin Luther King Was Murdered For The Power Of His Words. This Brought Some Of That Power Back.,0
Jon Stewart Pins Down The Right Wing Media With Their Own Words,1
Jon Stewart Pins Down The Media With Their Own Words,0
An Iraq War Veteran Provides A Shocking Demonstration With His Weapon,1
I Bet This Weird Gray Torso Thing Wishes There Were Background Checks,0
Finally: A Kid’s Show That Isn’t Peddling Obesity And Actually Respects Kids,1
This Hiptastic Children’s Show Makes Me Want To Be A Kid Again,0
"It's Hard Enough Convincing Some Women They Need Feminism, So When A Dude Gets It...",1
Waitaminute! Why Does This MAN Need Feminism?,0
It's Annoying When Rock Stars Complain About Their Fans. But Not When They Do It Like This.,1
I Wish This Brilliant Rocker Was Still Around Today Telling People Not To Buy His Album,0
Are These REALLY The Most Dangerous People In America?,1
Take A Look At These American Trespassers,0
I Hate When Rock Stars Complain About Their Fans. But Not When They Do It Like This.,1
This Rock Star Suffered From Severe Depression. But That's Not Why He Hated These Fans.,0
8 Things Women Want That Most Men Take For Granted,1
What Women Want Is So Much More Than A Terrible Film Starring Mel-Effing-Gibson,0
Rapper Brags About Being Arrested. Because He Was Arrested For Doing Something Really Good.,1
"Yes, This Is Actually What Rap Music Is Like In Minnesota",0
Watch Roger Ebert Tell A Sanctimonious White Dude To Shut His Preachy Race-Obsessed Pie Hole,1
The One Where Roger Ebert Tells A Sanctimonious White Dude To Stop Telling Asians How To Act Asian,0
See The Video That Got This Terrific Tree Hugger Fired,1
Meet The Coolest Tree Hugger Ever,0
"WTF: Lindsay Lohan Might Never Go To Jail, But These Hardworking Kids Totally Will?",1
"WTF: Lindsay Lohan Might Never Go To Jail, But These Hardworking Kids Totally Will?",0
Watch An Anti-Tax Lobbyist Get Schooled On How Science Works By A 19-Year-Old College Kid,1
Watch An Anti-Tax Lobbyist Get Schooled On How Science Works By A 19-Year-Old College Kid,0
This Rock Star's Odd Request Was Actually Totally Brilliant,1
This Rock Star Suffered From Severe Depression. But That's Not Why He Hated These Fans.,0
Teacher Caught On Camera Making A Student Cry. It’s Actually Pretty Amazing.,1
This Teacher Is Pushing His Kids Around. That’s Why They Love Him So Much.,0
Remember Sandy Hook? Apparently The Senate Doesn't.,1
Remember Sandy Hook? Apparently The Senate Doesn't.,0
I Can Barely Wait For A Bus. This Woman Has Waited Her Entire Life.,1
Could You Keep Waiting For Your Child To Come Home After Everyone Else Has Given Up?,0
College Kid Forced To Remind Know-It-All Economist That He's Actually Not A Scientist,1
Watch An Anti-Tax Lobbyist Get Schooled On How Science Works By A 19-Year-Old College Kid,0
This Would Almost Be Funny If It Wasn't Spreading Lies And Homophobia,1
Being Gay Causes Breast Cancer' And Other Lies Being Spread By Anti-Gay Pastors,0
College Kid Forced To Remind Know-It-All Economist That He's Actually Not A Scientist,1
College Kid Forced To Remind Wall Street Journal Economist That He's Actually Not A Scientist,0
The Scariest Horror Film Of The Year Is Actually A Documentary,1
Are You Unlucky Enough To Be Witnessing The Death Of America's Middle Class?,0
College Kid Forced To Remind Know-It-All Economist That He's Actually Not A Scientist,1
College Kid Forced To Remind Know-It-All Economist That He's Actually Not A Scientist,0
How Do You Handle Gay Football Players In The NFL? Here's Archie Bunker's Wise 42-Year-Old Lesson.,1
"We May Not Call Them La-Dee-Dahs Anymore, But Why Do We Think The Same Way About Gay Athletes? ",0
Can You Guess What All These Incredible Women Have In Common?,1
See How Moms Across The World Are Supporting Each Other,0
"This Filmmaker Could Have Been Killed At Any Moment, But He Kept The Camera Rolling Anyway",1
"This Filmmaker Could Have Been Killed At Any Moment, But He Kept The Camera Rolling Anyway",0
Mad Respect For These Hardworking Moms Who Are Taking Care Of The World,1
"It's Not Mother's Day, But I'm Celebrating These Moms Anyway",0
A Young Boy Goes Missing And One Person Waits An Entire Lifetime For His Return,1
How Long Could You Wait To See Your Baby Again?,0
A Young Boy Goes Missing And One Person Waits An Entire Lifetime For His Return,1
A Young Boy Goes Missing And One Person Waits An Entire Lifetime For His Return,0
Could We Make College Free? You Bet Your Ass We Could.,1
Could America Create A Doomsday Device And Educate All Americans At The Same Time?,0
Check Out This Hilarious But Real Prank A Bank Pulled On Men,1
"This Might Look Like An Episode Of 'Punk'd,' But It's Real",0
Do You Know Which College Majors Have The Highest And Lowest Employment Rates?,1
Teachers: Still Hot After All These Years,0
"Wow, The Newest Anti-Gay-Marriage Arguments Are Getting Even Crazier",1
Jesus Was Definitely Anti-Gay-Marriage Because He Was An Early Biologist?,0
What’s The Most Quietly Despised One-Fifth Of America Nobody’s Talking About?,1
Guess Which Socially Vilified Group Needs An Extreme Makeover?,0
America Put This Famous Gay Space Dude In Jail When He Was 5 Years Old. Now He's On Broadway?,1
He Went To Jail At Age 5. Then He Went To Space. Now He's On Broadway?!?,0
America Is #1 In A Lot Of Things. This Shouldn’t Be One Of Them.,1
America Is #1 In A Lot Of Things. Why Is THIS One Of Them?,0
America Put This Famous Gay Space Dude In Jail When He Was 5 Years Old. Now He's Going Where?,1
Everything You Wanted To Know About Gay Broadway Space Prisoners-Of-War But Were Afraid To Ask,0
America Is #1 In A Lot Of Things. This Shouldn’t Be One Of Them.,1
The War On Drugs Is Over. Guess Who Won?,0
Now Here’s A President Who Gets Kids,1
What’s This Kid Going To Do When He Grows Up? He’s Already President.,0
America Put This Famous Gay Space Dude In Jail When He Was 5 Years Old. Now He's Going Where?,1
America Put This Famous Gay Space Dude In Jail When He Was 5 Years Old. Now He's Going Where?,0
Now Here’s A President Who Gets Kids,1
Now Here’s A President Who Gets Kids,0
"Man Lands In America, He Wasn't Born Here, But We Let Him Stay. Do You Know His Name?",1
Ka-Pow! What's Your Answer To The Superman Question?,0
"Here's How Immigration Works, And I Still Don't Get It",1
Want To Work In America? Go Back In Time And Get In Line At Ellis Island,0
This Rapper Just Schooled Us All. Incredible.,1
The Hottest Beat Ever Dropped In Science Class,0
"This Might Be Why I Thought ""Harry Potter"" Was Written By A Dude For So Long",1
"We've Elected Women And Put Them In Space, So Why Is It So Hard To Find Them HERE?",0
"If You Enjoy When Rich People Fail, You’ll Love This Chart",1
The Biggest Financial Busts In History In One Easy-To-Read Chart,0
"This Doctor Went Underwater, And She Emerged Sopping Angry",1
How Much Longer Until Mermaids Are Bugging Us To Use Our Bathtubs?,0
"If Every State Did This One Thing, More Women Would Be Alive Today",1
Here's How We Can Make Sure That Having A Gun Doesn't Mean Someone Innocent Dies,0
This Man Thought He Was Going To Die. His Daughter Was Thinking Something Else Entirely.,1
When’s Too Soon To Give Your Child A Cell Phone? Depends On If You Want To Live Or Not.,0
The Random Internet Quote Guaranteed To Give You The Chills,1
This Amazing Quote Really Puts It All In Perspective,0
Hello Africa. Have You Picked Yourself Off The Floor Yet?,1
My Big Fat Gay African Traditional Wedding,0
"Like Being A Woman In America Isn't Hard Enough, Now We Have To Worry About This?",1
"If Every State Did This One Thing, More Women Would Be Alive Today",0
One Comedian Picks On Adele. Then Another Comedian Turns It Into A (NSFW) Teaching Moment.,1
Joan Rivers Picks On Adele. Then This Comedian Turns It Into A (NSFW) Teaching Moment.,0
What Do Facebook And Wal-Mart Have In Common?,1
Why Getting Things For Free Can Actually Be Dangerous,0
Watch The Best TV Show Ever Destroy American Educational Policy In Less Than 2 Minutes,1
If This Is What’s Really Going Down In Schools... We. Are. SCREWED.,0
"When This Guy Stopped Worrying About Looking Normal, He Became Superhuman",1
"When This Guy Stopped Worrying About Looking Normal, He Became Superhuman",0
Seeing A Woman Say Things Like This About Other Women… You Bet I Get The Warm 'N' Fuzzies,1
"Be Cool, Everyone. This Is A Woman Speaking Her Mind. ",0
"If Homophobes And Bigots Are Getting You Down, Give Yourself A Pick-Me-Up",1
Something Tells Me The Next 2 Minutes Of This Video Are Going To Be Very Enjoyable,0
There Is Bravery In This World. A 9-Year-Old Kid In Star Wars Pajamas Taught Me That.,1
The Best Part About Being Sick Is That You Get All The Free Ice Cream You Want. The Worst Part Is-,0
This 9-Year-Old Kid Has More Wisdom In His 'Star Wars' Pajamas Than I Will Obtain In A Lifetime,1
My Hospital Roommate Wears 'Star Wars' Pajamas. He's Going To Die. That's OK.,0
That Thing They Teach You About In Health Class Isn't Nearly As Dangerous As It Used To Be,1
F*ck AIDS. Ferreal.,0
This 9-Year-Old Kid Has More Wisdom In HIs 'Star Wars' Pajamas Than I Will Obtain In A Lifetime,1
This 9-Year-Old Kid Has More Wisdom In HIs 'Star Wars' Pajamas Than I Will Obtain In A Lifetime,0
We Couldn't Decide Wether Or Not To Accuse Google Of Not Caring About Your Privacy In This Headline,1
Google Might Be Cool With Letting The Government Spy On You. We Aren't Sure Because They Won't Say.,0
We Couldn't Decide Wether Or Not To Accuse Google Of Not Caring About Your Privacy In This Headline,1
Google May Or May Not Be Game To Give All Your Private Info To The Feds. We Have No Idea Either Way.,0
"What Does It Mean To NOT Be A Girl? Everything, apparently. ",1
What Group Of People Is So Powerful No One Wants To Be In It?,0
"I Can't Believe Kids Aren't ALREADY Learning This In School. No Wait, Yes I Can.",1
1 Simple Lesson Plan That Could Make The World A Safer Place For Everyone,0
Does Anyone Have Mark Zuckerberg's Cell Number? Something Awful Might Happen To Your Facebook Stuff.,1
Does Anyone Have Mark Zuckerberg's Cell Number? Something Awful Might Happen To Your Facebook Stuff.,0
Say Hello To The Hospital That's Going Out Of Its Way To Discriminate Against A Gay Couple,1
Can You Imagine Getting Arrested For Refusing To Leave You Partner's Bedside? This Man Was.,0
"I Can't Believe Kids Aren't ALREADY Learning This In School. No Wait, Yes I Can.",1
Stop Teaching Kids About Sex After Marriage And Start Teaching Them About Sex After 'Yes'!,0
Elizabeth Warren Forced To Lecture Bank Regulator Like He's A Child Who Did Something Awful,1
Senator Warren Raised 2 Kids AND Knows Everything About Bank Regulation. Which Explains This Video.,0
"Hey, Bank Regulators: If You Are Gonna Be Questioned By Senator Warren, Don't Ever Say This",1
"If You Go Into Senator Warren's Banking Hearing, You Better Bring Something To Reduce The Swelling",0
Watch A Bank Regulator Squirm As Senator Warren Holds Him Accountable For His Awful Words,1
The One Where Senator Warren Has To Teach An Awful Bank Regulator How To Do His Damn Job,0
Sigh. Elizabeth Warren Embarrasses Bank Regulators To Their Faces. Again.,1
"Hey, Bank Regulators: If You Are Gonna Be Questioned By Senator Warren, Don't Ever Say This",0
Sigh. Elizabeth Warren Embarrasses Some Bank Regulators To Their Faces. Again.,1
Sigh. Elizabeth Warren Embarrasses Some Bank Regulators To Their Faces. Again.,0
Sigh. Elizabeth Warren Embarrasses Some Bank Regulators To Their Faces. Again.,1
Confused Bank Regulators: 'We Might Not Help Average Americans.' Senator Warren: 'Wrong Answer.',0
" If You Hate It When Companies Get Away With Not Paying Taxes, Here's A Way To Vent Productively",1
This Is Way More Fun Than Paying Your Taxes. It's Also Way More Horrifying.,0
A Terrified Child Genius Saves His Own Life With Engineering Skills,1
A Child Genius Using His Engineering Skills To Save His Own Life,0
" If You Hate It When Companies Get Away With Not Paying Taxes, Here's A Way To Vent Productively",1
You Remember Space Invaders? There's A New Version With A Way Scarier Real Life Villain.,0
" If You Hate It When Companies Get Away With Not Paying Taxes, Here's A Way To Vent Productively",1
You Remember Space Invaders? There's A New Version With A Way Scarier Real Life Villain.,0
" If You Hate It When Companies Get Away With Not Paying Taxes, Here's A Way To Vent Productively",1
"Don't Worry, You Can Play This Game At Work. All Your Bosses Do.",0
I Dare You To Watch This And Hold Back The 'Hoo-ah!',1
Lost Everything? Patriotism Is About To Storm Through Your Door.,0
I'm Finding It Really Hard To Say Something Nice About This Horribly Well-Designed Map,1
"If I Spilled My Coffee On You Every Other Day, Would You Be Calm About It?",0
I Dare You To Watch This And Hold Back The 'Hoo-ah!',1
"If Every American Had An Ounce Of This Talent, Courage, And Patriotism...",0
"If You Hate It When Companies Get Away With Not Paying Taxes, Here's A Way To Vent Productively",1
"If You Hate It When Companies Get Away With Not Paying Taxes, Here's A Way To Vent Productively",0
This Is Why Journalism Has Sucked For The Past 20 Years,1
Why Good Journalists Get Fired And Bad Journalists Get Promoted,0
"If You Can Guess How Much BP Paid In Taxes In 2010, I'll Pay You Double What They Paid",1
"If You Hate It When Corporations Get Away With Not Paying Taxes, Here's A Way To Vent Productively",0
This Is What Bigoted People Sounded Like Less Than 10 Years Ago,1
"You (Yes, YOU) Are Responsible For Turing This Behavior Into Political Suicide",0
Go Ahead. Try To Watch This And Hold Back A 'Hoo-ah!',1
Watch A Bunch Of Soldiers Invade Our Own Country. For A Good Reason.,0
Go Ahead. Try To Watch This And Hold Back A 'Hoo-ah!',1
A Bunch Of American Solders Are Invading Our Own Country. For This.,0
What The End Of Your Day Would Look Like If These People Had Their Way,1
The Answer That Could Bring World Peace. Or Get One Lady New Shoes.,0
Watch This Mother Take Down The Gun Lobby In Less Than A Minute,1
I Tuned In For The President. I Walked Away With A Broken Heart.,0
"This Scottish Crap Might Save The Lives Of 50,830 Americans Every Year",1
Test Your ___! Test Your ___! Test Your ___!,0
Watch A Bunch Of American Soldiers Invade Our Own Country. For A Good Reason.,1
Watch A Bunch Of American Soldiers Invade Our Own Country. For A Good Reason.,0
One Key Difference Between Being Gay And Trying To Poison Your Neighbor’s Cat,1
Why It Could Be A Sin To Cook Somebody A Nice Dinner,0
"If BP Made $36 Billion In 2010, And Their Tax Rate Is 35%, How Big Was Their Tax Bill?",1
"POP QUIZ: If BP Made $36 Billion In 2010, And Their Tax Rate Is 35%, How Big Was Their Tax Bill?",0
"When You Ask People Who Their Favorite Superhero Is, A Pattern Starts To Emerge...",1
"Good News, Fans Of Kick-Ass Lady Superheroes!",0
Do You Know The REAL Feminist History Of One Of The Toughest Lady Superheroes Of All Time?,1
Do You Know The REAL Feminist History Of One Of The Toughest Superheroes Of All Time?,0
This Is Why Journalism Has Sucked For The Past 20 Years,1
Your News Has More In Common With Your High School Prom King Than With Reality,0
This Is What Bigoted People Sounded Like Less Than 10 Years Ago,1
Remember What Homophobic People Used To Be Able To Say On Television?,0
Watch A Bunch Of American Soldiers Invade Our Own Country. For A Good Reason.,1
Watch A Bunch Of American Soldiers Invade Our Own Country. For A Good Reason.,0
2 People Described The Same Person To A Forensic Artist And This Is What Happened,1
"You Don't Need A Man To Tell You You're Beautiful. A Forensic Artist, Though… ",0
She Thought She Was Alone Until She Shared Her Music With The World,1
The Album That Did A Heckuva Lot More Than Just Sell Copies,0
Guess What? I Just Discovered The Trick To Paying No Taxes!,1
Guess What? I Just Discovered The Trick To Paying No Taxes!,0
This Guy Was A Slave. In 1998. In America. I'm Not Joking.,1
"At Least Slavery Doesn't Happen In The United States Anymore? Right? Wait, What?",0
2 People Described The Same Person To A Forensic Artist And This Is What Happened,1
How Did This Artist Draw 7 Women Perfectly Without Ever Seeing Their Faces?,0
Why You’re Being Smart For Not Liking This Little Girl,1
Scam alert! Look Before You “Like” Facebook Users.,0
This Guy Takes On The Topic That’s Got So Many Of Us Stark Raving Squeamish,1
Find Out The Reason Strom Thurmond Was So Ornery,0
I Wish All The People Who Love Gay Rights Would Just Stop Talking On Friday,1
How To Get Gay People To Stop Talking About Equal Rights (And Straight Supporters Too),0
She Has Two Fathers And It Makes Her So Happy She’s Singing About It,1
A Wonderful Song About A Kid Who Has Two Fathers,0
"What’s This Straight, White Dude Carrying That Made Him A Hero To Many?",1
"This Straight, White Dude Is Standing Under Something That Makes Me Really Hopeful",0
"The 1 Chart That Most Sane, Reasonable Folk, And Taco Bell, Will Be Really Happy About",1
CHART: Proof Americans Have More Common Sense Than Ever Before,0
CHART: Proof Americans Have More Common Sense Than Ever Before,1
"This Is What Happens After Decades Of A Ridiculous, Non-Sensical War",0
"Want Another Reason To Turn Off Fox News? You’re Welcome 
",1
Behind Organized Hate’s Playbook,0
Her Parents Are Cool And Sometimes Strict And Definitely Both Dads,1
"2 Dads, 2 Kids, 1 Sweet Little Song",0
"If You Watch This Video, You Probably Won’t Need To Turn On Fox News For A Few Months",1
Behind Organized Hate’s Playbook,0
"Mr. Rogers Said, 'Look For The Helpers.' They’re Hard To Find In This Video.",1
Would You Get Involved If You Saw Someone Suffering Like This?,0
The Future Of Marriage Equality In One Stunning Chart,1
CHART: The Incredible Rise Of Gay Marriage,0
If You Saw Someone Bullying A Kid For Being Gay Would You Speak Out? Me Too. Unless It's Friday.,1
If You Saw Someone Bullying A Kid For Being Gay Would You Speak Out? Me Too. Unless It's Friday.,0
"Just When You’re Beaten Down For Being Different, Something  Amazing Happens",1
The Painful Way To Become Facebook Famous,0
If You Saw Someone Bullying A Kid For Being Gay Would You Speak Out? Me Too. Unless It's Friday.,1
If You Think Gay People Should Have Equal Rights Under The Law You Should Stop Talking,0
"Keeping Track Of How Many Lives Rap Music Has Saved? If So, Add This Girl To Your List.",1
"Keeping Track Of How Many Lives Rap Music Has Saved? If So, Add This Girl To Your List.",0
Only A Kid Could Write To A Homeless Shelter And Get This Great Response,1
Advice From The Homeless For The Little Kid Who Wants To Help Them,0
If You Saw Someone Bullying A Kid For Being Gay Would You Speak Out? Me Too. Unless It's Friday.,1
If You Saw Someone Bullying A Kid For Being Gay Would You Speak Out? Me Too. Unless It's Friday.,0
New Zealand’s 8-Minute Long PSA On Preventing Rape Is The Most Powerful Thing You’ll See Today,1
"When You Play This Party Video Backwards, It Reveals A Secret Message",0
"Sometimes Corporate Tax Breaks Are Cartoonishly Unfair. This Time, For Instance.",1
Guess What? I Discovered The Secret To Paying No Taxes!,0
"If ‘Lolita’ Were Ever To ‘Hitchhike’ With A ‘Stranger’ To An ‘Animal Farm,’ It Would Look Like This",1
This Is What A Crowdsourced Library Looks Like,0
"Ohhhh, So THIS Is What A Grown-Up Government’s Supposed To Look Like",1
This Group Solved The Global Income Inequality Crisis So You Won’t Have To,0
This Is What It Looks Like When Education Becomes Exploitation,1
Being An NCAA Athlete Is Hot. Being Exploited For Your Work Is Not.,0
These Talented Artists Said Everything By Saying Almost Nothing At All,1
The Future Of Advocacy Just Gently Caressed Your Eyeballs,0
You Know What The Founding Fathers Said About Your Right To Bear Arms? This.,1
"So, Um, THESE Were The Guns The Founding Fathers Were Talking About. Just FYI.",0
"Sometimes Corporate Tax Breaks Are Cartoonishly Unfair. This Time, For Instance.",1
Guess What? I Discovered The Trick To Paying No Taxes!,0
You Know What The Founding Fathers Said About Your Right To Bear Arms? This.,1
You Know What The Founding Fathers Said About Your Right To Bear Arms? This.,0
This Is What Happens When A Diet Ad Goes Rogue,1
Diet Ads You’ve Been Busted,0
The City Of Boston Sings The Most Heartfelt Rendition Of The National Anthem I've Ever Heard,1
The City Of Boston Sings The National Anthem To America. It's Beautiful.,0
The City Of Boston Sings The Most Heartfelt Rendition Of The National Anthem I've Ever Heard,1
The City Of Boston Sings The Most Heartfelt Rendition Of The National Anthem I've Ever Heard,0
I Have A Really Secret Way To Help Protect Gay Kids From Bullying,1
4 Out Of 5 Gay Kids Have Been Victims Of Bullying And Violence. Here's Something You Can Do To Help.,0
"I Have A Really Secret Way To Help Protect Gay Kids From Bullying
",1
Shhhh. This Kid Needs Your Help With Some Bullies.,0
This New Zealand Politician Unleashes One Of The Funniest Gay Marriage Speeches On Record,1
"Find Out Why This Politician Said ‘Big Gay Rainbow’ In A Real, Live Floor Debate",0
Meet The Horrifying Demon That Has Crept Into Our School System,1
Why Macaroni Art Could Threaten The Careers Of Countless College Professors,0
The Future Of Marriage Equality In 1 Stunning Chart,1
CHART: The Incredible Rise Of Gay Marriage,0
Here's Why You Don't Mess With A Feminist And Her Laptop,1
Why I Never Want To See Another Article Asking Where All The Feminists Have Gone,0
Jon Stewart Rips Into CNN For Lying About The Boston Marathon,1
People Who Watch CNN Know Less About The Boston Marathon Than People Who Haven't Even Heard Of It,0
A Right-Wing Bully Bullies A Bunch Of Gay Teens To Stop Them From Stopping Bullying,1
A Right-Wing Bully Bullies A Bunch Of Gay Teens To Stop Them From Stopping Bullying,0
"How The Boston Bomber Was Identified, Arrested, Got A Tan And Disappeared In Just A Few Hours
",1
WTF Happened In Boston The Day After The Bombings? A Handy Guide To The Arrest Clusterf$&k.,0
A Right-Wing Bully Bullies A Bunch Of Gay Teens To Stop Them From Stopping Bullying,1
A Right-Wing Bully Bullies A Bunch Of Gay Teens To Stop Them From Stopping Bullying,0
Being Homeless Isn't Necessarily The Worst Living Situation,1
Being Homeless Isn't Necessarily The Worst Living Situation,0
"A Whole Country Decided To Legalize Gay Marriage. In Response, They Got What They Deserved.",1
This Is My Favorite Song Sung By A Legislative Branch Of Government Celebrating Gay Marriage EVER,0
"A Lawyer, A Wizard, And A Vampire All Walk Into An Infographic...",1
"If ‘Lolita’ Were Ever To ‘Hitchhike’ With A ‘Stranger’ To An ‘Animal Farm,’ It Would Look Like This",0
These Talented Artists Said Everything By Saying Almost Nothing At All,1
The Fine Art Of Popular Dissent,0
This Is What Happens When You Allow Gay People To Get Married In Your Country,1
This Is What Happens When You Allow Gay People To Get Married In Your Country,0
This Video About Mind Blowing Brain Theories Might Just Blow Your Mind,1
How The Brain Is Like The Human Version Of Peacock Feathers,0
"This Is How The World Doesn't End, Not With A Whimper, But With The Click Of Your Camera Lens?",1
"This Is Not How The World Will End. At Least, Not If These People Can Help It. ",0
"If You're A Human Being, You're Going To Want To See This",1
What Do 1 Billion People Do Once A Year?,0
"If You're A Human Being, You're Going To Want To See This",1
What Do 1 Billion People Do EVERY Year?,0
"If You Watch Hilary Swank Push A Whiny Senator, $1 Will Go To Punching Malaria In The Face",1
"If You Watch Hilary Swank Annoy A Whiny Senator, You'll Help Punch Malaria In The Face",0
Why You Shouldn't Want To Know Any More About The Boston Marathon Bombers,1
What's Better Than Reading All About The Boston Bombing Suspects?,0
Would You Sleep In An Apartment Furnished Like This?,1
Sometimes Having An Apartment Is Just As Bad As Being Homeless,0
How A Talk Show Host Found Out The Hard Way There Are Some Things Bob Costas Won’t Joke About,1
Bob Costas Has A Bone To Pick With The Masters,0
The Feds Will Not Be Cutting Your Social Security. They'll Just Be Decreasing Your Benefits By 10%.,1
Will The Government Cut Your Social Security? It Depends On How You Define Cuts.,0
The Feds Will Not Be Cutting Your Social Security. They'll Just Be Decreasing Your Benefits By 10%.,1
The Feds Will Not Be Cutting Your Social Security. They'll Just Be Decreasing Your Benefits By 10%.,0
"The One Where The Weather Lady Starts Telling The Truth. A Little Too Much Truth, Frankly.",1
The One Where The Weather Lady Freaks Out On Live TV,0
"The One Where The Weather Lady Starts Telling The Truth. A Little Too Much Truth, To Be Honest.",1
The One Where The Weather Lady Starts Telling The Truth.,0
"The One Where The Weather Lady Starts Telling The Truth. A Little Too Much Truth, To Be Honest.",1
"The One Where The Weather Lady Starts Telling The Truth. A Little Too Much Truth, To Be Honest.",0
"I Can't Believe What The Government Is Planning To Do To Your Poor, Gentle, Sweet, Old Grandma",1
"I Can't Believe What The Government Is Planning To Do To Your Sweet, Gentle, Old Grandma",0
"I Can't Believe What The Government Is Planning To Do To Your Poor, Gentle, Sweet, Old Grandma",1
"I Can't Believe What The Government Is Planning To Do To Your Poor, Gentle, Sweet, Old Grandma",0
The Most Passive Aggressive Way To Cure Malaria Using Elizabeth Banks I Have Ever Seen,1
"A Bearded Lady, A Supermodel, Jerky Puppies, Competitive Eating And Malaria Walk Into A Bar",0
The Most Passive Aggressive Way To Cure Malaria Using Elizabeth Banks I Have Ever Seen,1
The Most Passive Aggressive Way To Cure Malaria Using Elizabeth Banks I Have Ever Seen,0
"This Desert Miracle Can Only Mean One Of Two Things: Engineers Rule, Or There Are Wizards Afoot",1
"This Wild Invention Brings A Whole New Meaning To The Phrase ‘Make It Rain’
",0
The Most Passive Aggressive Way To Cure Malaria Using Elizabeth Banks I Have Ever Seen,1
"What Do A Bearded Lady, A Supermodel, Jerky Puppies, Competitive Eating And Malaria Have In Common?",0
The Most Passive Aggressive Way To Cure Malaria Using A Famous Actress I Have Ever Seen,1
"You Know What You Get When You Mix A Famous Actress, A Bearded Lady, And Some Stupidly Cute Puppies?",0
The Most Passive Aggressive Way To Cure Malaria Using Elizabeth Banks I Have Ever Seen,1
The Most Passive Aggressive Way To Cure Malaria Using Elizabeth Banks I Have Ever Seen,0
"Why Was This Second-Year Med Student Deprived Of 1,138 Rights Most Americans Have?",1
"How To Improve Our Quality Of Life, One Gay Marriage At A Time",0
Watch Men Playing The Coldest Major Professional Sport Warm Your Heart By Doing The Right Thing,1
"The NHL Just Made A Bold Statement On Society. NBA, NFL, MLB, Are You Listening?",0
"If There Are 2 Things I Learned From 'Star Trek,' It's This, And Also Tribbles Are A Pain In The A**",1
What We Can Learn From One Of The Greatest Science Fiction Shows Of All Time,0
"If You Watch Hilary Swank Annoy A Whiny Senator, A Charity Will Punch Malaria In The Face",1
"If You Watch Hilary Swank Push A Whiny Senator, A Charity Will Punch Malaria In The Face",0
Do You Know What’s Being Largely Overlooked In The Marriage Equality Debate?,1
"Why Was This Second-Year Med Student Deprived Of 1,138 Rights Most Americans Have?",0
The Real Reason The Star Trek Franchise Is Still Making Buckets Of Money,1
"If There Are 2 Things We Learned From 'Star Trek,' It's This, And Also Tribbles Don't Make Good Pets",0
"Two Years Ago, President Obama Quietly Signed A Radical Media Bill. It’s About To Go Live.",1
Why There May Be Fewer Terrible Songs Coming Out Of Your Radio In The Near Future,0
"If You Watch Hilary Swank Annoy A Whiny Senator, You Will Be Helping Punch Malaria In The Face",1
"If You Watch Hilary Swank Annoy A Whiny Senator, You Will Be Helping Punch Malaria In The Face",0
If You Do THIS To Kids You Will Make More Money,1
The Surprising Connection Between Good Preschools And Your Paycheck,0
Somebody Looked At This And Thought It Was OK To Sell. What On Earth Were They Thinking?!,1
Somebody Looked At This And Thought It Was OK To Sell. WTF Were They Thinking?!,0
Simon Cowell Is Caught On Tape Laughing At A Boy Who Has Cerebral Palsy,1
"This Boy’s Goal Is To Bring The World Some Joy. Mission Accomplished, Kid.",0
"If You Want A Raise, I'd Try Getting This For All The Kids In Your Neighborhood",1
If You Do THIS To Kids You Will Make More Money,0
If You Do THIS To Kids You Will Make More Money,1
"If You Want A Raise, I'd Try Getting This For All The Kids In Your Neighborhood",0
Guess How Much Money The Senators Who Voted Against Background Checks Got From The NRA?,1
"The Senate Has Some Bosses, And I'm Pretty Sure We Aren't Them",0
A Women Lost Both Of Her Legs At The Boston Marathon. She Just Found A Reason To Smile.,1
A Women Lost Both Of Her Legs At The Boston Marathon. She Just Found A Reason To Smile.,0
The Most Physically Damaging Thing Fox News Has Ever Done,1
Fox News Accidentally Ruins Years Of Climate Change Research With Bad Journalism,0
"Well, That Pretty Much Disproves Everything I Thought I Knew About The Human Body",1
Swimming At The North Pole In A Speedo? Talk To This Man First.,0
Why Is A Successful Actress Like Sophia Bush Living On $1.50 A Day?,1
Think You Could Live On $1.50 A Day? Prove It.,0
You Will Not Believe What It Cost The NRA To Make Sure Background Checks Got Killed,1
"Say What You Will About The NRA, They Sure Do Pay Their Employ- Er, I Mean, Senators Well",0
The Very Games Of Thronesy History Of The Vatican,1
The Deeply Confusing History of The Pope’s Hometown,0
"The Completely Obvious Way To Solve Homelessness
",1
"The Incredible Reason Why This Man Feels Human Again
",0
"If You Can Read This, You're One Of The 83 People In The World Who Can ",1
"The World, In A Nutshell, According To The Worst Disney Song Ever",0
Chimpanzees Freed After 30 Years Of Testing. Brace Yourself For Smiles.,1
Just Wait Until The Part When They Hug Each Other,0
You Will Not Believe What It Cost The NRA To Make Sure Background Checks Got Killed,1
You Will Not Believe What It Cost The NRA To Make Sure Background Checks Got Killed,0
Here's A LIttle Chart To Help You Imagine The World Living As One (Hundred),1
Who Would You Be Standing Next To?,0
This Is What Happens When A Judge Sentences A Man To Dress Up Like A Woman,1
Is This Iran’s Real Secret Weapon?,0
If You Do THIS To Kids You Will Make More Money,1
If You Do THIS To Kids You Will Make More Money,0
One Song Every Woman And Girl Should Have On Her iPod,1
This Amazing Song Is The Newest Addition To My Feminist Playlist,0
This Is What Happens When Bigots Put Ads On Buses,1
We Need An Ad For THIS? What’s Wrong With Us?,0
Here’s A Very Important Story That The Mainstream Media Isn’t Really Covering,1
Meet The Folks Who Are On The Frontlines Of The Battle To Save Public Education,0
So this is what you do when you leave the NBA,1
What's This Star Athlete Doing Hanging Out With Elephants?,0
You Will Not Believe What It Cost The NRA To Make Sure Background Checks Got Killed,1
You Will Not Believe What It Cost The NRA To Make Sure Background Checks Got Killed,0
You Will Not Believe What It Cost The NRA To Make Sure Background Checks Got Killed,1
You Will Not Believe What It Cost The NRA To Make Sure Background Checks Got Killed,0
Homelessness And Hunger COULD Be Solved Through Charity If America Didn't Get In The Way,1
America Is Accidentally But Consistently Destroying Charities,0
An Anti-Gay Scoutmaster Gets A Hard Life Lesson From A Straight Boy Scout And A Gay News Anchor,1
"The Boy Scout Motto Is 'Always Be Prepared.' Clearly, The Anti-Gay Scoutmaster Didn't Get The Memo.",0
An Anti-Gay Scoutmaster Gets A Hard Life Lesson From A Straight Boy Scout And A Gay News Anchor,1
An Anti-Gay Scoutmaster Gets A Hard Life Lesson From A Straight Boy Scout And A Gay News Anchor,0
The One Cause That Has The Tea Party And Progressives Marching Side By Side,1
Why Would Anyone Run A 5k Dressed As A $100 Bill?,0
The One Cause That Has The Tea Party And Progressives Marching Side By Side,1
The One Cause That Has The Tea Party And Progressives Marching Side By Side,0
An Anti-Gay Scoutmaster Gets A Hard Life Lesson From A Straight Eagle Scout And A Gay News Anchor,1
An Anti-Gay Scoutmaster Gets Fact Checked On Reality By A Straight Eagle Scout And A Gay News Anchor,0
"Young Child Dies In Tragic Accident At The Mall. No Wait, Unknown Hero Appears Out Of Nowhere And Saves Him.",1
Kid’s Accident Almost Caught On Camera. Unknown Hero Catches Boy Instead.,0
"After This, You’ll Never Look At The Ocean The Same Way Again",1
Extreme City Makeover: Mother Earth Edition,0
After This You’ll Never Look At The Ocean The Same Way Again,1
These Images Of Our Future Are Exactly Why I’m Investing In Jet-Skis,0
"If You Watch Hilary Swank Annoy A Whiny Senator, You Will Be Helping Punch Malaria In The Face",1
"If You Watch Hilary Swank Annoy A Whiny Senator, You'll Be Helping Tell Malaria To Go The Hell Away",0
"After This, You’ll Never Look At The Ocean The Same Way Again",1
After This You’ll Never Look At The Ocean The Same Way Again,0
"Move Over Pussy Riot, These Pakistani Dudes Might Die For Doing This",1
Find This Under 'Exhibit A' In The 'How To Piss Off A Dictator' Handbook,0
Three Pakistani Guys Pull A Prank So Hard They Might Die For It,1
Is This Is How You Give The Middle Finger In Pakistan?,0
You’ll Be Shocked At What Exists In One Of The Richest Areas In The World,1
There’s One Huge Problem In Google And Facebook’s Backyard,0
There’s One Huge Problem In Google And Facebook’s Back Yard,1
There’s One Huge Problem In Google And Facebook’s Back Yard,0
Three Guys Pull A Prank So Hard They Might Die For It,1
Three Guys Pull A Prank So Hard They Might Die For It,0
This Is What Democracy Looks Like When A Nerd Does It,1
This Is What Democracy Looks Like When A Nerd Does It,0
What Happens When A Diehard Homophobe Meets Neil Patrick Harris?,1
Neil Patrick Harris Is Homophobe Kryptonite. Stephen Colbert Puts Him To The Test.,0
Representative Brian Sims Brings The House Down With A Single Sentence About Abortion,1
Representative Brian Sims Reminds Anti-Abortion Senators How To Do Their Jobs,0
If I Had To Deal With What These Women Dealt With I Would Be Mad Too,1
FANCY PANTS MASHUP: The Women Of Mad Men Sing For Their Freedom,0
A Girl Gets Attacked At School For Being STRAIGHT?!,1
Maybe Being Heterosexual Is Just A Phase?,0
If I Had To Deal With What These Women Deal With I Would Be Mad Too,1
If I Had To Deal With What These Women Deal With I Would Be Mad Too,0
A Girl Gets Attacked At School For Being STRAIGHT?!,1
A Girl Gets Attacked At School For Being STRAIGHT?!,0
The People Who Approved These Ads Have A Lot Of Explaining To Do,1
"Here's How Sexist Advertising Affects Ladies. But Do You Know How It Affects Dudes, Too?",0
The People Who Approved These Ads Have A Lot Of Explaining To Do,1
"Here's How Sexist Advertising Affects Women. But Do You Know How It Affects Men, Too?",0
A Girl Gets Attacked At School For Being STRAIGHT?!,1
A Girl Gets Bullied At School For Being STRAIGHT?!,0
The People Who Approved These Ads Have A Lot Of Explaining To Do,1
The People Who Approved These Ads Have A Lot Of Explaining To Do,0
The Politicians Who Committed Political Suicide For Gun Control Have One Thing In Common,1
Why American Politicians Fail On Gun Control Time After Time,0
If I Had To Deal With What These Women Deal With I Would Be Mad Too,1
If I Had To Deal With What These Women Deal With I Would Be Mad Too,0
CNN's Coverage Of A National Tragedy Is So Awful Even These Comedians Can't Keep A Straight Face,1
Everything You Need To Know About CNN's Boston Coverage In One Horrifying Hilarious Video,0
This Guy Has Gotten More Confessions Out Of People Than Da Frickin' Pope,1
This Guy Has Gotten More Confessions Out Of People Than The Friggin' Pope,0
This Guy Has Gotten More Confessions Out Of People Than Da Frickin' Pope,1
This Guy Has Gotten More Confessions Out Of People Than A Frickin' Priest,0
This Guy Has Gotten More Confessions Out Of People Than The Frickin' Pope,1
This Guy Has Gotten More Confessions Out Of People Than The Frickin' Pope,0
"He's 7' Tall, Blocks Like A Boss, And Just Said 3 Small Words That Made Him A Civil Rights Superstar",1
"He's 7' Tall, Blocks Like A Boss, And Just Said 3 Small Words That Made Him A Civil Rights Superstar",0
A Congressman Decided To Insult A 4-Star General And Then Tried To Walk Out. HAHAHA.,1
A Congressman Taking Money From A Defense Contractor Tried To Shame A 4-Star General. Didn't Work.,0
A Bunch Of People In Israel Were Asked What They'd Wish For. Their Answers May Surprise You.,1
What Do The Israelis And The Palestinians Really Want? This.,0
Can You Guess How Long This Veteran Has Been On The Streets?,1
Can Someone On The Internet Please Explain Why We Can’t Find This Veteran A Home?,0
A Bunch Of People In Jerusalem Were Asked What They'd Wish For. Their Answers May Surprise You.,1
Here's Something You Don't See In Jerusalem Every Day...,0
"If You Could Have 1 Wish, Would It Be More Awesome Than What These Guys Said?",1
A Bunch Of People In Jerusalem Were Asked What They'd Wish For. Guess How Many Said Peace?,0
"If You Could Have 1 Wish, Would It Be More Awesome Than What These Folks Said?",1
"If You Could Have 1 Wish, Would It Be More Awesome Than What These Folks Said?",0
"If You Could Have One Wish, Would It Be More Awesome Than What These Guys Said?",1
"If You Could Have One Wish, Would It Be More Awesome Than What These Guys Said?",0
From Honorably Discharged To Absolutely Nothing: An American Tragedy,1
Inside A Slow-Motion Tragedy We Can All Tackle Together,0
"Some Jerks Freaked Out About A Gay NBA Player, So The President And The Internet Responded Like This",1
"If An NBA Player Being Gay Makes You Panic, Then This Will Give You A Heart Attack",0
Mind Blown: The Surprising Truth About The Color Pink,1
Mind Blown: The Surprising Truth About The Color Pink,0
This Waitress Is About To Get A $500 Tip. Watch Her Reaction.,1
This Waitress Is About To Get A $500 Tip. Watch Her Reaction.,0
"A Seriously Scary Thing Is Scheduled To Happen In New York This November
",1
Think New Yorkers Are Cranky Now? Wait Until They’re Living Over A Giant Pipeline Of Dangerous Gas,0
An Interviewer Asks An Expert What We Can Do To Stay Safer. Her Answer Is Not What I Expected.,1
Here's Your Invitation To Play The Save-The-World Symphony.,0
Here’s The Secret Behind All Your Actions That I’m Betting You’re Too Afraid To Watch,1
"The Video Our Future Robot Leaders Can Never Understand
",0
Some Big Things Are Hiding Right In Front Of You. And In You.,1
Want To See The World Around You? Are You Sure?,0
"A Seriously Scary Thing Is Scheduled To Happen In New York This November
",1
Think New Yorkers Are Cranky Now? Wait Until They’re Living Over A Giant Pipeline Of Dangerous Gas,0
An Interviewer Asks An Expert What We Can Do To Stay Safer. Her Answer Is Not What I Expected.,1
An Interviewer Asks An Expert What We Can Do To Stay Safer. Her Answer Is Not What I Expected.,0
A Seriously Scary Thing Is Scheduled To Happen In New York This November,1
A Seriously Scary Thing Is Scheduled To Happen In New York This November,0
This Poem Is Like A Prayer. And This Prayer Belongs In Every Public School.,1
This Poem Is Like A Prayer. And This Prayer Belongs In Every Public School.,0
I Never Thought I'd Get Shivers From A Homemade Helicopter,1
I Really Hope This Homemade Helicopter Can Fly,0
Everything You Know About Sugar Is About To Be Blown Away,1
Put Your Sugar In Perspective,0
"If You Use This Awful Racial Slur, You Should Probably Resign. Even If You Dine With Black People.",1
This Woman Is Sorry She Said Something Racist. In Her Defense She's Eaten Turkey With Black People?,0
Everything You Know About Sugar Is About To Be Blown Away,1
Everything You Know About Sugar Is About To Be Blown Away,0
"If You Use This Awful Racial Slur, You Should Probably Resign. Even If You Dine With Black People.",1
"If You Use This Awful Racial Slur, You Should Probably Resign. Even If You Know Some Black People.",0
"14 Books The Giant Nerds At Upworthy Are Reading And Shamelessly Promoting, As If You Care",1
"If You Like Upworthy, Then You May Want To Know What The Nerds Who Work Here Are Reading And Stuff",0
People Turn To The Internet For Answers. Their Questions Will Make You Cry.,1
"Lesson #3,456 In What The Internet Can Teach Us About Ourselves",0
"This Girl Lost Her Mom, Her Grandma And Her Hearing. So Why Is This Rock Band Playing Her A Song?",1
Sign Language Won't Take Away Her Pain. Only The President And Congress Can Do That.,0
3 Words I Wish I'd Heard When My Boyfriend Cheated On Me,1
3 Words I Wish I'd Heard When My Boyfriend Cheated On Me,0
"Are We Ready For A Lady President? But I Mean, Like, Are We REALLY?",1
"Are We Ready For A Lady President? But I Mean, Like, Are We REALLY?",0
"Welcome To The Oval Office, Madam President",1
"Welcome To The Oval Office, Madam President",0
"In Case You Missed It, A Seriously Scary Thing Is Scheduled To Happen To This City In November",1
"One Of The Biggest Threats To New York City Is Being Built Underneath It As We Speak
",0
People Turn To The Internet For Answers. Their Questions Will Make You Cry.,1
People Turn To The Internet For Answers. Their Questions Will Make You Cry.,0
"In Case You Missed It, A Seriously Scary Thing Is Scheduled To Happen To New York City In November",1
"In Case You Missed It, A Seriously Scary Thing Is Scheduled To Happen To New York City In November",0
"In Case You Missed It, A Seriously Scary Thing Is Scheduled To Happen To New York City In November",1
"In Case You Missed It, A Seriously Scary Thing Is Scheduled To Happen To New York City In November",0
"This Girl Lost Her Mom, Her Grandma And Her Hearing. So Why Is This Rock Band Playing Her A Song?",1
"This Girl Lost Her Mom, Her Grandma And Her Hearing. So Why Is This Rock Band Playing Her A Song?",0
A Senator Stages An Intervention With Some Other Senators Because Of Cheesy Poofs?,1
Al Franken: Cheesy Poof Denier. Because Big Coal.,0
Senator Franken Forced To Use Kid's Analogy To Help Other Senators Understand That Science Is Real,1
Senator Franken Resorts To Using A Child's Analogy To Help Senators Understand How Science Works,0
Senator Franken Forced To Use Kid's Analogy To Help Other Senators Understand That Science Is Real,1
Senator Franken Forced To Use Kid's Analogy To Help Other Senators Understand That Science Is Real,0
"I Have To Confess, I Would Have Probably Admitted To Murdering A Child Too If This Happened To Me",1
"I Have To Confess, I Would Have Probably Admitted To Murdering A Child Too If This Happened To Me",0
The Classy Way To  Take On People Who Hate You,1
Watch: Amazing Video Of Muslims Converting People In New York.,0
The Classy Way To Take On People Who Hate You,1
The Classy Way To Take On People Who Hate You,0
This Parody Of Fox News Is Actually More Responsible About Fact-Checking Than The Real Fox News,1
This Parody Of Fox News Is Actually More Responsible About Fact-Checking Than The Real Fox News,0
This Parody Of Fox News Is Actually More Responsible About Fact-Checking Than The Real Fox News,1
This Parody Of Fox News Is Actually More Responsible About Fact-Checking Than The Real Fox News,0
Here’s What The Little Guys Can Do That The Big Guys Just Can’t,1
"Give Me 6 Minutes, And I’ll Make You A Forever Believer In Community Radio",0
Imagine If A Company Patented Your Fingers And Sued You If You Tried To Use Them. Imagine No More.,1
"If Someone Tried To Patent Oxygen, I'm Pretty Sure I'd Do Everything Possible To Suffocate That Idea",0
These Artists Figured Out An Awe-Inspiring Way To Celebrate Mother's Day. Want To Join In?,1
You've Never Seen Mother's Day Like This Before,0
What’s It Like To Leave Your Culture Behind And Be Unwelcome In Your New Home?,1
Immigrant Voices: What It Was Like Coming To America,0
Creepy Corporation Does Something So Cartoonishly Evil That We Have To Make A Dr. Evil Reference,1
"It's Rare That I Imagine A CEO Petting HIs Creepy Cat In A Volcano Lair, But This Company Is Special",0
"When The Internet Goes Down, This Powerful Channel Is Still Up And Running",1
Here’s What The Little Guys Can Do That The Big Guys Just Can’t,0
How Al Gore Could Have Won The 2000 Presidential Election With Ease,1
How Mr. Squash Became Mayor Of Plantville,0
"Guess Who Is Responsible For 25% Of The American Diet?
",1
"It’s Going To Hurt A Lot More If We NEVER Get Stung By Bees Again
",0
"You Think You Don’t Need To See This Hand-Washing Video. But You Do.
",1
You Know Those Annoying People Who Use 7 Paper Towels In The Bathroom? This Is For Them.,0
Creepy Corporation Does Something So Cartoonishly Evil That We Have To Make A Dr. Evil Reference,1
"Remember That Time When A Company Bought The Rights To Your DNA? Yea, That Already Happened.",0
Your Body Was Just Patented By A Corporation. You. Your Specific Body. I'm Not Joking.,1
This Corporation Just Bought The Rights To Your DNA. Seriously.,0
"You Won't Believe The Effect The Internet's Having On Your Brain. Actually, You Will.",1
Could Watching This Video Repair The Damage It's Doing To You?,0
What Do Hidden Cameras Reveal About Humanity? Something Amazing.,1
This Will Make Your Day Better,0
A Truly Great Woman Reads An Homage To Her Favorite Body Part,1
Why Is This Woman So In Love With Her Hips?,0
"I Just Learned How To Use A Paper Towel Properly For The First Time In My Life 
",1
"I Just Learned How To Use A Paper Towel Properly For The First Time In My Life 
",0
Creepy Corporation Does Something So Cartoonishly Evil That We Have To Make A Dr. Evil Reference,1
Creepy Corporation Does Something So Cartoonishly Evil That We Have To Make A Dr. Evil Reference,0
Because Your Mom Probably Doesn't Want Chocolate And A Coupon Book,1
"This Is An Infinitely Better Present Than Chocolates, Flowers, And A Coupon Book",0
Corporation Does Something So Cartoonishly Awful That We Have To Make A Dr. Evil Reference,1
Awful Corporation Does Something So Cartoonishly Awful That We Have To Make A Dr. Evil Reference,0
American Attitudes Towards These People Have Changed Since Never,1
"Americans Sure Treated Foreigners Differently 100 Years Ago, Depending On How You Define Different",0
Awful Corporation Does Something So Cartoonishly Creepy That We Have To Make A Dr. Evil Reference,1
Corporation Does Something So Cartoonishly Awful That We Have To Make A Dr. Evil Reference,0
An Awful Corporation Does Something So Cartoonishly Creepy That We Have To Make A Dr. Evil Reference,1
An Awful Corporation Does Something So Cartoonishly Creepy That We Have To Make A Dr. Evil Reference,0
You Won't Believe Who Is A Bigger Threat To America Than Osama Bin Laden,1
I Would Really Love It If Congress Stopped Trying To Kill All Of Us,0
Definitive Proof That There's No Such Thing As Boy Toys Or Girl Toys (Until You're Over 18),1
A Super Simple Guide To Buying Toys For Boys And Girls,0
Last I Checked The Bible Doesn't Say Anything About Memorizing Trivial Quotes. It Does Say This.,1
The Cliff Notes On Jesus Christ In The Bible,0
Watch These Straight People Answer A Question Gay People Have Been Asked For Years,1
Straight People: We're Just Born This Way!,0
"We Don't Teach Kids Chemistry In Gym Class, So Why On Earth Would We Teach This In Science Class?",1
The Most Important Reason We Don't Play Dodgeball In Chemistry Class,0
Watch These Straight People Answer A Question Gay People Have Been Asked For Years,1
Watch These Straight People Answer A Question Gay People Have Been Asked For Years,0
I Needed A Reason To Cheer Today And Here It is,1
This Is What America Looks Like And It Made Me Want To Stand Up And Cheer,0
The Scariest Math Problem I've Ever Seen. Can You Solve It?,1
One Of These Things Is Not Like The Other One,0
I Needed A Reason To Cheer Today And Here It is,1
Watch A Bunch Of American Soldiers Invade Our Own Country. For A Good Reason.,0
I Needed A Reason To Cheer Today And Here It is,1
I Needed A Reason To Cheer Today And Here It is,0
Watch A Bunch Of American Soldiers Invade Our Own Country. For A Good Reason.,1
Watch A Bunch Of American Soldiers Invade Our Own Country. For A Good Reason.,0
"Meet Dale. Gay People Make Him Uncomfortable. Ironically, He Makes Everyone Else Uncomfortable.",1
Your Scared Heterosexual And You!,0
"Meet Dale. Gay People Make Him Uncomfortable. Ironically, He Makes Everyone Else Uncomfortable.",1
"If Gay People Scare You, Then You Are Doing It Wrong",0
This Is Dale. This Is Dale's Raging Homophobia. This Is Everyone Else Judging Dale. Bad Dale.,1
"Meet Dale. Gay People Make Him Uncomfortable. Ironically, He Makes Everyone Else Uncomfortable.",0
This Is Dale. This Is Dale's Raging Homophobia. This Is Everyone Else Judging Dale. Bad Dale.,1
Meet Dale. Gay People Scare Him. George Takei Makes Him Panic.,0
"Meet Dale. Gay People Make Him Uncomfortable. Ironically, He Makes Everyone Else Uncomfortable.",1
"Meet Dale. Gay People Make Him Uncomfortable. Ironically, He Makes Everyone Else Uncomfortable.",0
"Gay People Make Him Uncomfortable. Ironically, He Makes Everyone Else Uncomfortable.",1
"Gay People Make Him Uncomfortable. Ironically, He Makes Everyone Else Uncomfortable.",0
Student Freaks Out In Front Of His Class And Says What We're All Thinking About Our Education System,1
"Student Freaks Out After Realizing His Class Isn't About Learning, But About Checking Off Lists",0
Student Freaks Out In Front Of His Class And Says What We're All Thinking About Our Education System,1
Student Freaks Out In Front Of His Class And Says What We're All Thinking About Our Education System,0
Mesmerizing Photographs Of Soldiers' Faces Before And After A War,1
Can You Spot The Differences In A Face That Has Seen A War?,0
"The Earth-Shatteringly Amazing Speech That’ll Change The Way You Think About Adulthood
",1
Some Advice For Getting Through The Frustrating Moments Of Adulthood,0
"An Earth-Shatteringly Amazing Speech That Is Sure To Crash Your Pity Party
",1
"The Earth-Shatteringly Amazing Speech That’ll Change The Way You Think About Adulthood
",0
"The Last Time This Awful Thing Happened, We Didn't Even Exist",1
"Congratulations, World! We're #1 In The Most Disturbing Thing EVER! WEE!",0
The Earth-Shatteringly Amazing Speech That’ll Change The Way You Think About Adulthood,1
The Earth-Shatteringly Amazing Video That Is Sure To Crash Your Pity Party,0
America's Moms Have Looked Around And Found A Few Completely Unacceptable Things,1
Meet The Moms Who Aren't Taking Any Crap,0
Definitive Proof That There's No Such Thing As Boy Toys Or Girl Toys (Until You're Over 18),1
Definitive Proof That There's No Such Thing As Boy Toys Or Girl Toys (Until You're Over 18),0
Mesmerizing Photographs Of Soldiers' Faces Before And After A War,1
Mesmerizing Photographs Of Soldiers' Faces Before And After A War,0
How Much Does It Cost To Make Congress Ignore Something 91% Of Americans Support?,1
The United States Senate Has Over 8 Million Reasons To Be Ashamed,0
Senator Uses Logic To Suggest That Maybe We Shouldn't Let Banks Rob Your Kids. Awesome Bill Ensues.,1
Senator Uses Logic To Suggest That Maybe We Shouldn't Let Banks Rob Your Kids. Awesome Bill Ensues.,0
Your Mom Went Through Hell For You. So The Least You Could Do Is Watch This.,1
I Can't Believe What My Mom Did For Me,0
Your Mom Went Through Hell For You. So The Least You Could Do Is Watch This.,1
My Mom Went Through Hell For Me. So The Least I Can Do Is Send Her This.,0
Some People Are Going To Get Really Mad When They See This Picture. It Just Makes Me REALLY Happy.,1
"Move Along Haters, Nothing To See Here",0
Some People Are Going To Get Really Mad When They See This Picture. It Just Makes Me REALLY Happy.,1
Some People Are Going To Get Really Mad When They See This Picture. It Just Makes Me REALLY Happy.,0
The Incredible Way This Beaten Woman Is Fighting Back,1
The Incredible Way This Beaten Woman Is Fighting Back,0
It Doesn't Take A Rocket Scientist To Understand How Much This Epic Song Rocks. Especially IN SPACE.,1
It Doesn't Take A Rocket Scientist To Understand How Much This Epic Song Rocks. Especially IN SPACE.,0
The Final Act Of The Departing Commander Of The International Space Station Truly Rocked,1
"Well, That's Never Happened Before. IN SPACE.",0
The Final Act Of The Departing Commander Of The International Space Station Truly Rocked,1
I Was Unaware That They Took The Old 1980s MTV Channel Up Into Space,0
The Final Act Of The Departing Commander Of The International Space Station Truly Rocked,1
The Final Act Of The Departing Commander Of The International Space Station Truly Rocked,0
"I Think I Speak For Everyone When I Say, 'Please Keep Your Genitals Out Of Our Toy Stores.' Okay?",1
"Why Toys 'For Boys' And Toys 'For Girls' Makes No Sense
",0
FLOWCHART: Definitive Proof That There's No Such Thing As Boy Or Girl Toys (Until You're Over 18),1
"FLOWCHART: I Think I Speak For Everyone When I Say, 'Keep Your Privates Of Our Toy Stores.' Okay?",0
Here’s How Much It Costs To Block A Bill That 91% Of Americans Support,1
How Much Does It Cost To Make Congress Ignore Something 91% Of Americans Support?,0
What Do Prisoners Want? I'll Give You A Hint: Every American Child Gets It For Free.,1
"We Already Threw One Book At Them, Why Can't We Do It Again?",0
"What Happens When Congress Needs To Use Something They Accidentally Cut Funding To?
",1
America Is Living Under A Budget Designed To Be So Awful That It Would Never Be Enacted? Sweet.,0
"I Think I Speak For Everyone When I Say, 'Please Keep Your Genitals Out Of Our Toy Stores.' Okay?",1
FLOWCHART: When It's Okay For Boys To Play With Dolls And Girls To Play With Cars,0
What Do Prisoners Want? I'll Give You A Hint: Every American Child Gets It For Free.,1
What Do Prisoners Want? I'll Give You A Hint: Every American Child Gets It For Free.,0
"In Case You Missed It, Here's When It's Okay For Boys To Play With Dolls And Girls To Play With Cars",1
"In Case You Missed It, Here's When It's Okay For Boys To Play With Dolls And Girls To Play With Cars",0
What Happens When Congress Needs To Use Something They Accidentally Cut Funding To?,1
What Happens When Congress Needs To Use Something They Accidentally Cut Funding To?,0
Listen Gay People: You're ALREADY Equal!,1
The 'National Marriage Organization' Is Setting The Record 'Straight' About 'Gay Marriage',0
Would Mark Zuckerberg Have Your Back In An Internet Fist Fight?,1
Would Mark Zuckerberg Have Your Back In An Internet Fist Fight?,0
This Kid Was Bullied A LOT. He Could Have Told His Teacher Or His Principal. He Had Bigger Plans.,1
This Kid Was Bullied A LOT. He Could Have Told His Teacher Or His Principal. He Had Bigger Plans.,0
"It May Look Like Graffiti, But It's Actually A Ridiculously Concise Indictment Of The Media",1
"This Is A Bleak View Of Corporate News. In Other News, It's A Pretty Accurate One.",0
Gay People Can Legally Get Married In Every State In The Union. There's Just One Catch.,1
The National Marriage Organization Is Fighting The Gay Agenda With Bulletproof Logic,0
The Secret Psychology That Shopping Malls Use To Trick You Into Spending Money,1
The Devious Tricks That Shopping Malls Use To Mess With Your Brain,0
Hear The Incredible David Foster Wallace Speak About His Own Ambitions,1
Hear The Incredible David Foster Wallace Speak About His Own Ambitions,0
How Does The Worst Human Being Of Retail Sleep At Night? Not So Great After This Goes Viral.,1
Even Better Than Humiliating The Most Despicable CEO In Retail? Improving The World While Doing So.,0
Did This Billionaire Just Say What I Think He Said?,1
What Dirty Secret Did This Knight Just Reveal About His Virgin?,0
30 Classic Dr. Seuss Quotes That Will Change Your Life. Again.,1
The Greatest Quotes By Dr. Seuss Never Get Old,0
"OK, Let's Make A Deal. You Take A Look At This, And You Can Skip Today's Flossing.",1
"Chew On This, If You Want To Live",0
"Think Gay Parents Are Different Than Straight Parents? Watch This, Then We'll Talk.",1
This Is Really Going To Make You Want Two Dads,0
Here's A Home Video That Wouldn't Have Been Possible 20 Years Ago,1
Tell Me What It's Gonna Be Like Now That You Two Are Going To Be Grandpas',0
The Mildly NSFW Reaction 2 Gay Dads Had Upon Getting The Best News They'd Ever Heard From Their Son,1
The Mildly NSFW Reaction 2 Gay Dads Had Upon Getting The Best News They'd Ever Heard From Their Son,0
The Punishment For Blowing The Whistle On Government Corruption Is Horrific,1
Trying To Uncover Government Corruption? You May Have To Finish Your Investigation From Prison.,0
"When His Dad Beat His Mom, He Was Powerless To Stop Him. He's Not Powerless Now.",1
"A Starship Captain. A Superhero. A Knight. Before All That, He Was A Scared Little Boy.",0
"We Don't Teach Kids Music In Gym Class, So Why On Earth Would We Teach This In Science Class?",1
"We Don't Teach Kids Art In Gym Class, So Why On Earth Would We Teach This In Science Class?",0
"We Don't Teach Kids German In Gym Class, So Why On Earth Would We Teach This In Science Class?",1
"We Don't Teach Kids French In Gym Class, So Why On Earth Would We Teach This In Science Class?",0
His Dad Beat His Mom. He Tried To Stop Him. But He Was Only 5. So He's Speaking Out Now.,1
"When It Comes To Ending Violence Against Women, Here's One Man Who Would Like To 'Make It So'",0
Here's All The Awful Things Feminism Hasn't Caused. YET.,1
Here's All The Awful Things Feminism Hasn't Caused. YET.,0
Here's All The Awful Things Feminism Hasn't Caused. YET.,1
Here's All The Awful Things Feminism Hasn't Caused. YET.,0
His Dad Beat His Mom. He Tried To Stop Him. But He Was Only 5. So He's Speaking Out Now.,1
His Dad Beat His Mom. He Tried To Stop Him. But He Was Only 5. So He's Speaking Out Now.,0
Folks Are Mad At A Famous Actress For Taking Care Of Herself. You Won't Believe Why.,1
Folks Are Mad At A Famous Actress For Taking Care Of Herself. You Won't Believe Why.,0
They Were Happily Married For 16 Years. Paid Taxes. Never Had A Parking Ticket. So We Deported Him.,1
They Were Happily Married For 16 Years. Paid Taxes. Never Had A Parking Ticket. So We Deported Him.,0
A Kid Falls Off HIs Skateboard And The World Is WAY Better Off For It,1
It's A Good Thing This Kid Totally Biffed It Off His Skateboard,0
A Kid Wipes Out On His Skateboard And The World Is WAY Better Off For It,1
A Skateboarding Kid Eats Pavement And The World Is WAY Better Off For It,0
The Zombie Bill That Could Destroy Your Right To Privacy,1
The Zombie Bill That Could Destroy Your Right To Privacy,0
"Ask Yourself, What Would You Do If A White Nationalist Said This In Front Of You?",1
Raise Your Hand If You Would Tell This Guy That Slaves Should Be Grateful To Their Masters,0
A White Dude Stood Up And Said Some Stuff He Really Shoulda Worn A Hood For,1
A White Dude Stood Up And Said Some Stuff He Really Shoulda Worn A Hood For,0
A White Dude Stood Up And Said Some Stuff He Really Shoulda Worn A Hood For,1
A White Dude Stood Up And Said Some Stuff He Really Shoulda Worn A Hood For,0
Why Hacking The Government Is Far More Awesome Than You Think,1
I'm Actually Comfortable With These People Hacking The Government,0
A White Dude Stood Up And Said Some Stuff He Really Shoulda Worn A Hood For,1
This Guy Is Really Sad That Everyone Won't Hear Him Out About The Awesomeness That Is White Power,0
Why Hacking The Government Is Far More Awesome Than You Think,1
Why Hacking The Government Is Far More Awesome Than You Think,0
I'm Actually Comfortable With These People Hacking The Government,1
I'm Actually Comfortable With These People Hacking The Government,0
Meet The Happiest Man To Call HImself A Christian Who Is In No Way A Christian At All,1
Know How White People Always Save African People In Movies? They Just Make Everything Worse In This.,0
"If 9 Out Of 10 People Get This Song Stuck In Their Head, It Will Save Their Lives",1
Quick! Share This With Everyone You Love And/Or Want To Torture!,0
A Bunch Of Happy White People Who Think They Speak For God Go To Uganda And Totally Misrepresent Him,1
Some Perky People Who Don't Understand Christianity Go To Africa And Do Awful Things In Its Name,0
A Bunch Of Happy White People Who Think They Speak For God Go To Uganda And Totally Misrepresent Him,1
A Bunch Of Happy White People Who Think They Speak For God Go To Uganda And Totally Misrepresent Him,0
People Always Threaten To Move To Canada When They Don't Get What They Want. Think Twice About That.,1
"Dear Canadians, We Know We Are Bad At The Environment, But You Are Not A Special Snow Flake",0
I'm Tired Of Drug Users Living It Up On The Tax Payer Dime. Time To Make Them Give Back.,1
"You Can Lock Up Drug Users All You Want, But You Might As Well Burn Your Wallet While You Are There",0
Tell Me More About How Immigrants Are Destroying Our Country,1
"The Most Reasonable Argument For Sane Immigration Policies I've Ever Heard. Also, The Most Rhymed.",0
All The Men In This Video Are Awful. Thankfully All The Women In This Video Are Amazing.,1
Women Earn 78¢ On Every $1 Compared To These Men. So Some Women Are Gonna Do Something About That.,0
America Knows War. They Are War Masters.' — A Guy America Is Trying To Kill.,1
America's Secret Military Makes 'Mission: Impossible' Look Like Child's Play,0
Why America Needs To Behave Better If We Want To Be The Greatest Nation On The Planet,1
America Is Sick Of Mass Killings. So Is Pakistan. So Is Yemen.,0
"If You Like 'Mission: Impossible,' You'll LOVE This Movie. The Problem Is, This One Isn't Fiction.",1
America Knows War. They Are War Masters.' — A Guy America Is Trying To Kill.,0
You Think I Should Move To Canada If I Don't Like It Here? No Way. That Place Is Scary.,1
"You Know Who Is Bad At Taking Care Of The Earth? The USA. You Know Who Is Worse? Canada, Eh?",0
Watch A Bunch Of Misogynists Say Dumb Things And Then Lose,1
How A Bunch Of Women Have Started Fighting Back Against A Culture That Does Its' Best To Ignore Them,0
You Think I Should Move To Canada If I Don't Like It Here? No Way. That Place Is Scary.,1
You Think I Should Move To Canada If I Don't Like It Here? No Way. That Place Is Scary.,0
"Most Of The Men In This Video Are Awful. Thankfully, The Women In This Video Are Wonderful.",1
"Most Of The Men In This Video Are Awful. Thankfully, The Women In This Video Are Amazing.",0
The Kind Of Girl-On-Girl Love That Everyone Can Agree On,1
"Oh Snap, Is My Favorite TV Star Building An Army Of…Young Girls?",0
Here's The Sexiest Homage You'll Ever Hear To An Inanimate Object.,1
"Move Over, John Keats. Grecian Urns Are SO 1820.",0
Best Way To Answer A Question. Hands Down.,1
"BOOM: How You Hope to Have Any Question Answered, Every Time.",0
Ten Cents Can’t Buy Anything These Days. Or Can It?,1
How Amazing Would It Be If Food Workers Didn’t Have To Struggle To Feed Their Families?,0
"They May Look Ordinary, But 16 Million Kids Have A Secret. And It Hurts. ",1
Some Of The 16 Million America Kids In Pain Could Live In Your Neighborhood. Do You Want To Help?,0
"The State Of The World Is The Question, And GIRLS Are The Answer",1
Can One Small Investment REALLY Change the Future of Humanity?,0
MUST SEE: A Teen Pregnancy PSA That Goes Where No Campaign Has Gone Before,1
MUST SEE: A Teen Pregnancy PSA That Goes Where No Campaign Has Gone Before,0
Please Don’t Call Her A Monster.  She Is A Mother.,1
DAMN.  You Will Remember This Voice For The Rest Of Your Life.,0
These Homophobic Signs Just Got Pretty Gay,1
Step 1: Put Down The Sign. Step 2: Apply Cold Water To Burn.,0
"5/16 Of These People Are Never Convicted Of… Hang On, What?",1
Step 1. Watch This. Step 2. Feel Empowered By These Kick Ass Women,0
Why We Need More Adult Films In Theaters,1
Find Out Why An Oscar-Winning Film Director Wants More Adult Films In Theaters,0
This Is What It Looks Like When A Pro Athlete Gives Out Her Contact Info To Any Gay Kid In Need,1
This Is What It Looks Like When A Gay Pro Athlete Gives Out Her Contact Info To Any Gay Kid In Need,0
You Think I Should Move To Canada If I Don't Like It Here? No Way. That Place Is Scary.,1
You Think I Should Move To Canada If I Don't Like It Here? No Way. That Place Is Dangerous.,0
"Most Of The Men In This Video Are Slightly Awful. Thankfully, The Women In This Video Are Wonderful.",1
"Most Of The Men In This Video Are Awful. Thankfully, The Women In This Video Are Wonderful.",0
This Will Change The Way You Look At Your MP3 Player. Guaranteed.,1
Here's The Sexiest Homage You'll Ever Hear To An Inanimate Object.,0
Tonight’s Top Story: Bill O’ Reilly And Anderson Cooper Are More Alike Than You Think,1
Tonight’s Top Story: Bill O’ Reilly And Anderson Cooper Are More Alike Than You Think,0
I Bet You Wouldn't Let Aliens Treat Your Mother This Way,1
"ET Go Home, This Is MY Planet To Destroy",0
"Bitch, Please.  I’m A Momma.  I got this.",1
Give Me The Highs.  Give Me The Lows.  Give Me Motherhood.,0
This Beautiful Woman’s Day Is About To Get Crapped On… HARD.,1
This Beautiful Woman Is Going To Wish It Was Raining Cats And Dogs.,0
Do The Cops Really Wonder Why We Say ‘Fuck The Police’?,1
I Thought Knowing The Difference Between A Taser And A Gun Was Basic Cop Stuff,0
"What Being ""One Of THOSE Girls"" Means In America Today",1
"Hoping For A Future Where I Can Be Naked, Drunk, AND Safe.",0
An Awkward Kid Grows Up Into A Force Of Nature With A Wonderfully Positive Message.,1
"What Do A Street Sign In Moscow, A Mailbox In Chicago And The Great Wall Of China Have In Common?",0
Obamacare Explained. In 90 Seconds. By Nurses.,1
Nurses Explain How Obamacare Will Affect Your Future,0
Whoa. Guess Some Things Haven’t Changed Much Since The ‘80s,1
We’re Not Equal Yet - Just Ask Oprah,0
Want To Travel The World? Look At Map To See The Countries You May Want To Avoid.,1
You Think America Has An Immigration Problem? Try The Whole World.,0
Take A Deep Breath And Try Not To Cough Up A Lung,1
Would You Like Your Gas Mask In White Or Original Camo?,0
"Enh, Who Needs Lungs Anyway?",1
"Enh, Who Needs Lungs Anyway?",0
RIP Amazing Rock Star Teenager Who Punched Cancer In The Face With Love On The Way Out,1
RIP Amazing Rock Star Teenager Who Punched Cancer In The Face With Love On The Way Out,0
"A Beautiful Eulogy For A Kid Who Died Of Cancer, But Went Out Fighting",1
"Dear Cancer: This Kid Wasn't Afraid Of You, And His Legacy Will Defeat You",0
This Kid Just Died. What He Left Behind Is Wonderful.,1
"If You Take Your Life For Granted, You Should Watch This Story About A Kid Who Is No Longer With Us",0
Why We Need More Adult Films In Theaters,1
Why We Need More Adult Films In Theaters,0
This Kid Just Died. What He Left Behind Is Wonderful.,1
RIP Amazing Rock Star Teenager Who Punched Cancer In The Face With Love On The Way Out,0
This Kid Just Died. What He Left Behind Is Wonderful.,1
We Lost This Kid 80 Years Too Early. I'm Glad He Went Out With A Bang.,0
This Kid Just Died. What He Left Behind Is Wonderful.,1
"If You Know You Are Gonna Die Before You Turn 19, You Might As Well Do This",0
Why We Need More Adult Films In Theaters,1
Find Out Why An Oscar-Winning Film Director Wants More Adult Films In Theaters,0
This Kid Just Died. What He Left Behind Is Amazing.,1
This Kid Just Died. What He Left Behind Is Beautiful.,0
This Kid Just Died. What He Left Behind Is Wondtacular.,1
This Kid Just Died. What He Left Behind Is Wondtacular.,0
Colbert's Graduation Speech Rips On Everything From Immigration To Safety. The Students Loved It.,1
Stephen Colbert Tells College Graduates That He Hates And Fears Them. They Quickly Forgive Him.,0
"Would You Rather Be A Jerk To Everyone, Or A Nobody? This Graduation Speech Makes It Really Obvious.",1
"Are You A Nobody? Great! According To This College Graduation Speech, You're Officially Not A Jerk.",0
"If You're Curious What Neil deGrasse Tyson Would Be Like As Your Dad,
Watch His Graduation Speech",1
"If You Mess With Human Curiosity, You're Going To Hear About It From Neil deGrasse Tyson",0
"If You Want To Be Able To Pay For Childcare, You Need To Start Saving Money When You Turn 16",1
"If You're 16, It's Time To Start Planning For Your Future Child's Preschool Education Fund. For Real.",0
The Illuminati Have Been Lowering Their Standards For Membership Lately,1
That Time Bono Called Matt Damon A Nerd And Hit Him With A 2x4,0
How Did This Famous Nerd Sneak Into A Secret Meeting Of The Illuminati?,1
How Do You Say Nerd In Irish?,0
We Have Found Out Who Is In The Illuminati. The Other Thing We Found Out: They Are Weird.,1
Why The Illuminati Think Matt Damon Is A Wanker,0
We Snuck A Camera Into An Illuminati Meeting And This Is What We Found Out,1
The Illuminati Are Coming For Your Toilets,0
We Snuck A Camera Into An Illuminati Meeting And This Is What We Found Out,1
The Illuminati Sure Have Been Lowering Their Standards For Membership Lately,0
We Have Found Out Who Is In The Illuminati. The Other Thing We Found Out: They Are Weird.,1
We Have Found Out Who Is In The Illuminati. The Other Thing We Found Out: They Are Weird.,0
"SHOTS OF AWE: Why You Have To Reconfigure Your Mind To Accomodate Awe, Wonder, And Rapture",1
"SHOTS OF AWE: Why You Have To Reconfigure Your Mind To Accomodate Awe, Wonder, And Rapture",0
"Sorry Kids, But Mommy And Daddy Can't Afford A Car Because The Government Hung Them Out To Dry",1
"Sorry Kids, But Mommy And Daddy Can't Afford Breakfast Because The Government Hung Them Out To Dry",0
SHOTS OF AWE: Why You Have To Reconfigure Your Mind To Experience The Most Meaningful Moments In Life,1
"AWETASTIC: Why You Have To Reconfigure Your Mind To Accomodate Awe, Wonder, And Rapture",0
The Argument Against The Stop-And-Frisk Policy Gets An Upgrade Courtesy Of A Hip Hop Icon,1
Why Stop At Illegally Detaining And Frisking Innocent People? Let's Get Racist About It!,0
The World's Greatest Boyfriend Died At Age 18 — Then The Internet Made Him Immortal,1
The World's Greatest Boyfriend Died At Age 18 — Then The Internet Made Him Immortal,0
"One Of The Most Patriotic Things I've Ever Seen Doesn't Involve Guns, God, Or Glory",1
One Woman And An Army Of Paintbrushes Are Making Sure We Never Forget Our Army Of Fallen Heroes,0
"One Of The Most Patriotic Things I've Ever Seen Doesn't Involve Guns, God, Or Glory",1
"One Of The Most Patriotic Things I've Ever Seen Doesn't Involve Guns, God, Or Glory",0
The Most Inspiring And Heartfelt Reason To Make Hilariously Inappropriate Jokes Ever,1
"This Kid's Body Is Kind Of A Jerk. Thankfully, His Brain Has Figured Out How To Ignore That.",0
Which 7-Letter-Word Is NOT A 4-Letter-Word (Despite What Some Politicians Would Like You To Think)?,1
The Founding Fathers Probably Would Have Hated To See America NOT Moving In Which Direction?,0
9 Places Where No Woman Has Ever Been,1
Check Out Some Of The World’s Most Crowded Sausage Fests,0
Which 7-Letter-Word Is NOT A 4-Letter-Word (Despite What Some Politicians Would Like You To Think)?,1
Which 7-Letter-Word Is NOT A 4-Letter-Word (Despite What Some Politicians Would Like You To Think)?,0
"For Every 3 Friends You Have, Statistically Only 1 Of You Is Actually Happy",1
"For Every 3 Friends You Have, Statistically Only 1 Of You Is Actually Happy",0
"If This Happened To Your Body, You'd Be Making Inspirational Yet Crass Jokes Too",1
"If This Happened To Your Body, You'd Be Making Inspirational Yet Crass Jokes Too",0
"If This Happened To Your Body, You'd Be Making Inspirational Yet Crass Jokes Too",1
"If This Happened To Your Body, You'd Be Making Inspirational Yet Crass Jokes Too",0
The Bluntest Speech In The History Of The Universe Lays It All Out For Graduates Before They All Die,1
The Guy Who Directed 'The Avengers' Tells A Bunch Of Parents That Their Kids Are All Going To Die,0
Have You Heard Of The Recent IRS Scandal? Because They Kinda Covered Up A Much Bigger One.,1
You've Heard Of This Recent IRS Scandal? It's Not Nearly As Bad As The One That Got Covered Up.,0
"This Kid's Body Is A Nightmare. Thankfully, He Has His Epic Sense Of Humor To Keep Him Awake.",1
"This Kid's Body Is A Nightmare. Thankfully, He Has His Epic Sense Of Humor To Keep Him Awake.",0
The Bluntest Speech In The History Of The Universe Lays It All Out For Some Kids Before They All Die,1
The Bluntest Speech In The History Of The Universe Lays It Out For College Kids Before They All Die,0
Behold The Bluntest And Deadliest Graduation Speech In The History Of The Known Universe,1
"The Bluntest Graduation Speech In The History Of The Universe: Oh God, Oh God, We're All Gonna Die!",0
"Behold The Bluntest, Funniest, And Deadliest Graduation Speech In The History Of The Known Universe",1
Behold The Bluntest And Deadliest Graduation Speech In The History Of The Known Universe,0
Thousands Of Students Have A Very Simple Question That Nobody Seems To Want To Answer,1
"These Teenagers Are Begging For Their High Schools. Is This What You Wanted, America?",0
A PERFECT Answer To A Super-Duper Annoying Question,1
"So, What Kind Of Asian Are You? ",0
This Proves It: Teenagers Know Everything. Adults Are Morons.,1
This Proves It: Teenagers Know Everything. Adults Are Morons.,0
Which 7-Letter-Word Is NOT A 4-Letter-Word (Despite What Some Politicians Would Like You To Think)?,1
Which 7-Letter-Word Is NOT A 4-Letter-Word (Despite What Some Politicians Would Like You To Think)?,0
What Really Important Thing For Women Do These 5 Dudes Think Isn't Really That Important?,1
Which 7-Letter-Word Is NOT A 4-Letter-Word (Despite What Some Politicians Would Like You To Think)?,0
"When Told 'You Can't' Do Something, Just Remember This Beautiful Clip",1
A Beautiful Example Of Things Women Have Changed Throughout History,0
Which 7-Letter-Word Is NOT A 4-Letter-Word (Despite What Some Politicians Would Like You To Think)?,1
Which 7-Letter-Word Is NOT A 4-Letter-Word (Despite What Some Politicians Would Like You To Think)?,0
"If You Think Only Women Get Hysterical Over Nothing, You Haven't Seen These 4 Dudes On Fox News Yet",1
"If You Think Only Women Get Hysterical Over Nothing, You Haven't Seen These 4 Dudes On Fox News Yet",0
A Fan Asked Patrick Stewart A Question He Doesn't Always Get. I Wasn't Expecting This Answer.,1
I'm Not Crying. That's Just Space Rain On My Face.,0
A Fan Asked Patrick Stewart A Question He Doesn't Always Get. I Wasn't Expecting This Answer.,1
The Time I Really Felt Like Giving Patrick Stewart A Giant Hug For Being A Wonderful Human Being,0
A Fan Asked Patrick Stewart A Question He Doesn't Always Get. I Wasn't Expecting This Answer.,1
A Fan Asked Patrick Stewart A Question He Doesn't Always Get. I Wasn't Expecting This Answer.,0
A Fan Asked Patrick Stewart A Question He Doesn't Always Get. I Wasn't Expecting This Answer.,1
A Fan Asked Patrick Stewart A Question He Doesn't Always Get. I Wasn't Expecting This Answer.,0
A Brave Fan Asks Patrick Stewart A Question He Doesn't Usually Get And Is Given A Beautiful Answer,1
A Fan Asked Patrick Stewart A Question He Doesn't Always Get. I Wasn't Expecting This Answer.,0
Fan Asks Patrick Stewart A Question He Doesn't Always Get. I Wasn't Expecting This Beautiful Answer.,1
Fan Asks Patrick Stewart A Question He Doesn't Always Get. I Wasn't Expecting This Beautiful Answer.,0
A Brave Fan Asks Patrick Stewart A Question He Doesn't Usually Get And Is Given A Stunning Answer,1
A Brave And Vulnerable Fan Asks Patrick Stewart An Unusual Question And Gets An Awe-Inspiring Answer,0
A Brave Fan Asks Patrick Stewart A Question He Doesn't Usually Get And Is Given A Beautiful Answer,1
A Brave Fan Asks Patrick Stewart An Unusual Question And Is Given A Raw And Emotional Answer,0
They Reduced Driving Speed By 22%.  And They Did It By Making Speed Cameras Fantabulous.,1
"Forget Powerball, You Can Win The Lottery Just By Driving Your Car!",0
Imagine A World Where Speeders Get Tickets And People Who Obey The Law Get AWESOME,1
"Imagine Obeying Speed Limits For Fun?  Yes, Please.",0
"Dan Savage Is Controversial, But I Challenge You To Argue With The Advice He’s Giving These Kids",1
"If You Have Kids, Want Kids, Or Know Someone Who Does, You Should Hear This Advice For Gay People",0
You Need To See What These Women Are Afraid Of,1
"First I Was All, ‘OMG, Enough Sheryl Sandberg!’ Then I Saw This And Was All, ‘Ohhh, I Get It.’",0
"If You Are A Woman, Love A Woman, Or Are Raising A Woman, Do Her A Favor And Watch This",1
You Need To See What These Women Are Afraid Of,0
"If Everyone Heard This Advice For Closeted Gay People, There Might Be A Lot Fewer Tears In The World",1
"Advice For Gay Kids That Every Straight Parent Should Hear, Too",0
Why You Should Stop Instagramming Your Food And Start Instagramming Its Packaging,1
Why You Should Stop Instagramming Your Food And Start Instagramming Its Packaging,0
PLOT TWIST: Fox News Anchor Lays Epic Smackdown On Fox News Anchors For Homophobia and Misogyny,1
Fox News Anchor Takes On Fox News Anchors For Homophobia And Misogyny In Some Epic Fox Newsception,0
PLOT TWIST: What Happens When Fox News Is So Misogynistic They Even Cross The Line With Fox News?,1
PLOT TWIST: What Happens When Fox News Becomes So Misogynistic They Even Infuriate Fox News?,0
OMG: Fox Newswoman Lays Epic Smackdown On Fox Newsmen For Blatant Misogyny,1
PLOT TWIST: Fox Newswoman Lays Epic Smackdown On Fox Newsmen For Blatant Misogyny,0
OMG: Fox Newswoman Lays Epic Smackdown On Fox Newsmen For Blatant Misogyny,1
OMG: Fox Newswoman Lays Epic Smackdown On Fox Newsmen For Blatant Misogyny,0
"Obama's Speech Writer/Stand-Up Comedian Gives A Graduation Speech. Not Surprisingly, It's Badass.",1
"Obama's Speech Writer/Stand-Up Comedian Gives A Graduation Speech. Not Surprisingly, It's Badass.",0
"This Guy May Curse A Lot, But You Would Too If You Knew This Much About Girls Toys",1
"This Guy May Curse A Lot, But You Would Too If You Knew This Much About Girls Toys",0
"There's A Good Reason This Guy Talked Back To His Teacher, Walked Out, And Got An F",1
"This Guy May Curse A Lot, But You Would Too If You Knew This Much About Barbie Dolls",0
"There's A Good Reason This Guy Talked Back To His Teacher, Walked Out, And Got An F",1
This Is Why Barbie May Be Poisoning Your Thoughts,0
"There's A Good Reason This Guy Talked Back To His Teacher, Walked Out, And Got An F",1
"There's A Great Reason This Kid Talked Back To His Fake Teacher, Walked Out, And Got An F",0
"There's A Good Reason This 18-Year-Old Kid Talked Back To His 'Teacher', Walked Out, And Got An F",1
"There's A Good Reason This 18-Year-Old Kid Lectured His 'Teacher', Walked Out, And Got An F",0
7 Wonderful People Share Something You Should Know Before It's Too Late,1
What Skipping The Star Wars Prequels And Saving Your Own Life Have In Common,0
"BOOM: ""The Daily Show"" Puts Another Debate To Rest",1
So We're Profiling Conservatives Now? I For One Can't Wait!,0
"BOOM: ""The Daily Show"" Puts Another Debate To Rest",1
"BOOM: ""The Daily Show"" Puts Another Debate To Rest",0
"The Absolute Best Summary Of Why The World's Middle Class Got Screwed, And How We Can Fight Back",1
Working People And Students Did Not Cause This Damned Economy To Crash,0
Seven Wonderful People Share Secrets That Are Killing Them. This Could Change Your Life.,1
Seven Wonderful People Share Secrets That Are Killing Them. This Could Change Your Life.,0
These Wonderful People Share Secrets That Are Killing Them. This Could Change Your Life.,1
These Wonderful People Share Secrets That Are Killing Them. This Could Change Your Life.,0
"What Happened To Our Jobs, Schools, Roads, And Bridges In One Incredible Clip",1
"What Happened To Our Jobs, Schools, Roads, And Bridges In One Incredible Clip",0
"The Absolute Best Summary Of Why The World's Middle Class Got Screwed, And What We Can Do About It",1
"The Absolute Best Summary Of Why The World's Middle Class Got Screwed, And What We Can Do About It",0
A Nice Lady With A Fancy British Accent Explains Why Your Fear Of Immigrants Might Be Misplaced,1
A Nice Lady With A Fancy British Accent Explains Why Your Fear Of Immigrants Might Be Misplaced,0
"Next Time Someone Tells You That Immigrants Are Destroying Our Country, Show Them This",1
The One Where A Nice British Lady Cusses You Out Because Math Is Important,0
"Ellen Talks About The Best Thing That Ever Happened To Her, Which Coincidentally Was Also The Worst",1
Ellen Added Something To The TV Landscape—And In Doing So Changed The World,0
"When Trying To Make A Living Turned Into A Nightmare, This Woman Changed It Back Into A Dream",1
"Think Lawmakers Don't Affect You? As My Mother Used To Say, 'You've Got Another Thing Coming, Mister!'",0
"When Trying To Make A Living Turned Into A Nightmare, This Woman Changed It Back Into A Dream",1
"Think Lawmakers Don't Affect You? As My Mother Used To Say, 'You've Got Another Thing Coming, Mister!'",0
Listen To A Nice White Lady Explain Who Is At Fault For All Our Immigration Problems,1
"Next Time Someone Tells You That Immigrants Are Destroying Our Country, Show Them This",0
"Next Time Someone Tells You That Immigrants Are Destroying Our Country, Show Them This",1
"Next Time Someone Tells You That Immigrants Are Destroying Our Country, Show Them This",0
How This Guy's Not-So-Glamorous Childhood In The Great Outdoors Turned Him Into A Glamorous Rap Star,1
How Rapping In The Great Outdoors Turned This Duo Into Hugely Famous Hip Hop Artists,0
An Amazing Thing Happened When A Sporting Goods Store And A Fortune Cookie Had A Baby...,1
I dare you to kick off those mental training wheels and make your next bike ride this inspiring.,0
See The Film That PBS Is Too Scared To Show,1
"They Make Oil, Lycra, Carpet Cleaner, Toilet Tissue. Oh, And Maybe The End Of Democracy.",0
"Hey, Employers! Here's Why You Might Want To Hire People Who Bomb Their Interviews.",1
"Hey, Employers! Here's Why You Might Want To Hire People Who Bomb Their Interviews.",0
The Doctor Said His Son Should Be Committed.  He Chose To Commit To His Son Instead.,1
"Disability, Schmissability.  This Father-Son Duo Has Got This.",0
"Congratulations, You're Having A Baby! Now, About That Time Off Thing...",1
"Congratulations, You're Having A Baby! Now, About That Time Off Thing...",0
The Most Sexist And Disturbingly Hilarious Pro-Gay Marriage Video I've Ever Seen,1
"The Most Sexist, Misogynistic, Crass, Profane, And Beautiful Gay Wedding Video I've Ever Seen",0
"Something Google, Yahoo, Facebook, And Instagram Are Doing Better At Than The Entire United States",1
Taking Time Off When You Have Kids Means That A Lot Less Kids Die,0
"You Don't Have To Wear A Fedora, But You DO Have To Be A Decent Human Being",1
"Not Only Do You Look Fedorable, But You're Also A Good Person",0
"Um, If Canada Said, ""No Thank You,"" That Probably Means It’s Really Bad",1
"Um, If Canada Said, ""No Thank You,"" That Probably Means It’s Really Bad",0
The Most Sexist And Disturbingly Hilarious Pro-Gay Marriage Video I've Ever Seen,1
The Most Sexist And Disturbingly Hilarious Pro-Gay Marriage Video I've Ever Seen,0
This Hilarious Lashing of PBS by Stephen Colbert Was Brought to You by the Letter “C” for Censorship,1
"You Just Know Bert & Ernie Could Be Next To Go If Stephen Colbert Can’t Change PBS’ Mind
",0
"You Don't Have To Wear A Fedora, But You DO Have To Be A Decent Human Being",1
"You Don't Have To Wear A Fedora, But You DO Have To Be A Decent Human Being",0
"Legislator Wants To Make Sure WITCH DOCTORS Get A Fair Hearing In Science Class. No, I'm Not Joking.",1
Raise Your Hand if You Think Witch Doctoring Should Be Part Of The Core Science Curriculum,0
This Is An Ass-Off-The-Couch Kind Of Video.  Just An Invitation To Rock Your Inner Buddha.,1
I Dare You To Kick Off Those Mental Training Wheels And Make Your Next Bike Ride This Inspiring,0
The Cape That Does A Hell Of A Lot More Than Flap In The Breeze,1
"When Childhood Illnesses Make Life Terrible For These Kids, One Thing Always Makes Them Smile Again",0
1 Minute And 45 Seconds That’ll Make You Think Twice About Poverty,1
Where Do You Think Poverty Is Growing? You’re Probably Wrong,0
This Is An Ass-Off-The-Couch Kind Of Video.  Just An Invitation To Rock Your Inner Buddha.,1
This Is An Ass-Off-The-Couch Kind Of Video.  Just An Invitation To Rock Your Inner Buddha.,0
"Um, If Canada Said, ""No Thank You,"" That Probably Means It’s Really Bad",1
"Um, If Canada Said, ""No Thank You,"" That Probably Means It’s Really Bad",0
That Time A Legislator Seriously Demanded That Wizardry And Magic Be Part Of The Science Curriculum,1
Raise Your Hand if You Think Magic Spells Should Be Part Of The Core Science Curriculum,0
A 9-Year-Old Asks McDonald’s CEO A Simple Question. She’s Not Lovin’ His Response.,1
A 9-Year-Old Asks McDonald’s CEO A Simple Question. She’s Not Lovin’ His Response.,0
That Time A Legislator Seriously Demanded That Wizardry And Magic Be Part Of The Science Curriculum,1
That Time A Legislator Seriously Demanded That Wizardry And Magic Be Part Of The Science Curriculum,0
"A Homeless Man Is Asked To Speak His Mind. Put Your Empathy Hat On, Things Are Getting Real",1
"This Homeless Man Is A Person, But Not Everyone Sees Him That Way. And He Can't Take It Anymore",0
"A Prison Ignored The Most Obvious Cries For Help, And The Result Is Devastating",1
"A Prison Ignored The Most Obvious Cries For Help, And The Result Is Devastating",0
A Politician Learned The Hard Way What It’s Like To Actually Live On Government Handouts,1
Hey Politicians – Don’t Walk A Mile In My Shoes. Eat For A Week On My Budget,0
"Next Time Someone Says You Can't Do Something, Here's Proof You Shouldn't Stop Trying.",1
"How Do You Respond To The Doc Who Says You'll Be A Vegetable? Smile, Nod, Then Prove Him SO Wrong.",0
"We Tell The World When Our Kids Get Bumps And Bruises, But Why Are We Silent If This Happens?",1
"We Tell The World When Our Kids Get Bumps And Bruises, But Why Are We Silent If This Happens?",0
Doctors Said He'd Be A Vegetable. He Said Bullsh*t.,1
Doctors Said He'd Be A Vegetable. He Said Bullsh*t.,0
WHOA: 9-Year-Old Proves THAT Even 'Failing' Schools Are Capable Of Producing Ridiculously Smart Kids,1
Chicago Public Schools' Loudest Advocate Still Needs A Booster Seat,0
Guess What Natural Wonder Of The World Is Getting Destroyed Now,1
It’s One Of Richest Ecosystems In The World. And It’s Under Attack.,0
WHOA: 9-Year-Old Proves THAT Even 'Failing' Schools Are Capable Of Producing Ridiculously Smart Kids,1
"If A 9-Year-Old Could Stand Up For His School, Why Couldn't A Room Of Officials?",0
Think Australia Can’t Do Worse Than A Giant Hole In The Ozone Layer? Think Again.,1
"It’s A Good Thing Pixar Uses Graphics, Because Nemo And Dori’s Home Is About To Be Destroyed",0
Australia Is Trying To Destroy The Number One Reason I’d Go There,1
Australia Is Trying To Destroy The Number One Reason I’d Go There,0
You Know Those Relationships That You Stay In Too Long? Yeah -- Here’s Another One.,1
"Poisonous Fish, Exploding Mountaintops, And Kids With Asthma? WTF?!",0
"Just A Guess, But If You’ve Been Breathing Lately, This Video Might Pertain To You",1
"Just A Guess, But If You’ve Been Breathing Lately, This Video Might Pertain To You",0
"Just A Guess, But If You’ve Been Breathing Lately, This Video Might Pertain To You",1
"Poisonous Fish, Exploding Mountaintops, And Kids With Asthma? WTF?! 
",0
Dear Mr. Senator: Harry Potter Is A Fiction Book. Not Science Curriculum.,1
Dear Mr. Senator: Harry Potter Is A Fiction Book. Not Science Curriculum.,0
"If Someone Tried To Teach My Children This In Science Class, I'd Do More Than Cast A Spell On Them",1
"If Someone Tried To Teach My Children This In Science Class, I'd Do More Than Sacrifice A Chicken",0
2 Lesbians Went To A Macklemore Concert And This Is What They Got,1
When I Say Macklemore Do You Immediately Think Of 2 Lesbians? You Will Now.,0
2 Lesbians Went To A Macklemore Concert And This Is What They Got,1
"If I Were A Lesbian Going To A Macklemore Concert, This Is How I Would Propose To My Girlfriend",0
Macklemore Just Caused A Lesbian Wedding To Be Planned,1
That TIme Watching 2 Lesbians Made Me Cry A Little,0
2 Lesbians Went To A Macklemore Concert And This Is What They Got,1
2 Lesbians Went To A Macklemore Concert And This Is What They Got,0
" When Facebook 'Likes' Meet Real Life, Things Get...Complicated",1
"If Armchair Activism Were An Actual Olympic Sport, This Would Be A Great Way To Advertise It",0
Watch A Real Life Modern Family Form in Three Minutes and 31 Seconds,1
Watch A Real Life Modern Family Form in Three Minutes and 31 Seconds,0
Girl On Girl: Not As Sexy As It Sounds,1
This Girl Is Here To Remind You That Most Women Kick Butt!,0
"Best Explanation Of Religion I Have Ever Heard, And I'm Practically An Atheist",1
"I Don't Usually Drink Religion, But When I Do, I'll Have What This Bishop Is Having.",0
"In Their Yearbook, They're ""Cutest Couple"", But In My Book, They're ""Most Inspiring""",1
"In Their Yearbook, They're ""Cutest Couple"", But In My Book, They're ""Most Inspiring""",0
"Nearly 4 Billion Was Spent On This Unjust War. Not Iraq or Afghanistan, The Other One.",1
WARNING: The Video You're About To Watch Contains A Serious Substance Known As Injustice,0
"Nearly 4 Billion Was Spent On This Unjust War. Not Iraq or Afghanistan, The Other One",1
"Here Is Something That Can Stop You From Getting A Job, But Won't Stop You From Becoming President
",0
America Has Been Waiting Hundreds Of Years For It. This Breakup Needs To Happen.,1
What Life Would Look Like If The Two Biggest Celebrities In America Were Sexy Lounge Singers,0
Watch A Kid At A Dinner Table Accidentally Destroy One Of His Mother's Lifelong Beliefs,1
A Kid's Accidental Dinnertime Argument Makes His Mother Start Crying,0
Know Anyone That Thinks Racial Profiling Is Exaggerated? Watch This And Tell Me When Your Jaw Drops.,1
Know Anyone That Thinks Racial Profiling Is Exaggerated? Watch This And Tell Me When Your Jaw Drops.,0
Imagine The Most Graphic Horror Movie You've Ever Seen… This Is Worse.  And It's Real.,1
The Truth About The Life Of This Lil' Guy Is Cold-Blooded,0
"Take A Look At These Men’s Faces. They Might Not Be Here Tomorrow.
",1
See The Faces Of The Guantanamo Hunger Strike,0
"This Teacher Teaches Amazing Lessons, Even When She Isn't In Front of A Classroom.",1
"This Teacher Teaches Amazing Lessons, Even When She Isn't In Front of A Classroom.",0
Is This For Real? A Woman Becomes The *Property* Of Her Husband's Family If He Dies?,1
E-Q-U-A-L-I-T-Y. There's Another Word I Wouldn't Mind Aretha Franklin Spelling.,0
"Nobody Knows About This Little Town, But You Should Before It's Literally Wiped Off The Map Forever",1
What If We Woke Up Tomorrow And Little Communities Like This Were Gone Forever?,0
"Nobody Knows About This Little Town, But You Should Before It's Literally Wiped Off The Map Forever",1
"Nobody Knows About This Little Town, But You Should Before It's Literally Wiped Off The Map Forever",0
"Nobody Knows About This Little Town, But You Should Before It's Literally Wiped Off The Map Forever",1
"Nobody Knows About This Little Town, But You Should Before It's Literally Wiped Off The Map Forever",0
"This Unjust War Costs Us Nearly $4 Billion Every Year. No Not Iraq or Afghanistan, The Other One.",1
"To Say There Isn't Injustice Here Is Is As Big A Lie As Saying ""I Didn't Inhale"" 
",0
"This Unjust War Costs Us Nearly $4 Billion Every Year. No Not Iraq or Afghanistan, The Other One",1
"This Unjust War Costs Us Nearly $4 Billion Every Year. No Not Iraq or Afghanistan, The Other One",0
"In Their Yearbook, They're ""Cutest Couple"", But In My Book, They're ""Most Inspiring""",1
"In Their Yearbook, They're ""Cutest Couple"", But In My Book, They're ""Most Inspiring""",0
"In Their Yearbook, They're ""Cutest Couple"", But In My Book, They're ""Most Inspiring""",1
"In Their Yearbook, They're ""Cutest Couple"", But In My Book, They're ""Most Inspiring""",0
There’s A Very Special Relationship Between These Billionaires And These Food Stamp Recipients,1
New Jobs Numbers? Why Are We Counting New Jobs? Even The Ones We Have Don’t Pay.,0
It's A Bird! It's A Plane! It's ... It's ... It's So Adorable I Might Start Crying.,1
It's A Bird! It's A Plane! It's ... It's ... It's So Adorable I Might Start Crying.,0
This Guy Must Be Pretty Special If All These Famous Folks Are Changing Their Names,1
Some People Are OK With Truthiness. I Prefer TRUTH.,0
Every US Agency Probably Wants This Man Dead. So You Should Hear What He Says Before That Happens.,1
You Won't Believe Who The NSA Spies On More Than Russia. Meet INSERT YOUR NAME HERE.,0
This Guy Had Access To Every Secret The US Government Holds Dear. He's Sharing 1 Of Them With You.,1
What Country Does The United States Spy On More Than Any Other? Hint: You Probably Live In It.,0
"An Ex-CIA Dude Just Pissed Off Everyone In The Government, So Watch This Before He Disappears",1
"A Secret Government Agency Is Watching You Watch This. Also, Apparently, Everything Else You Do. ",0
"An Ex-CIA Dude Just Pissed Off Everyone In The Government, So Watch This Before He 'Disappears'",1
"An Ex-CIA Dude Just Pissed Off Everyone In The Government, So Watch This Before He Is 'Disappeared'",0
"An Ex-CIA Dude Just Enraged Everyone In The Government, So Watch This Before He 'Disappears'",1
"An Ex-CIA Dude Just Enraged Everyone In The Government, So Watch This Before He 'Disappears'",0
"An Ex-CIA Dude Just Enraged Everyone In The Government, So Watch This Before He 'Disappears'",1
If You Are Going To Give Away The Government's Most Horrible Secret About Spying On Americans...,0
"An Ex-CIA Dude Just Enraged Everyone In The Government, So Watch This Before He 'Disappears'",1
"An Ex-CIA Dude Just Enraged Everyone In The Government, So Watch This Before He 'Disappears'",0
"I'd Like To Think I'm An Informed Straight Ally, But I'm Embarrassed I Didn't Know This",1
"They Call It The 'Defense Of Marriage Act,' So Why Is It Tearing This Couple Apart? ",0
"I'd Like To Think I'm An Informed Straight Ally, But I'm Embarrassed I Didn't Know This",1
"I'd Like To Think I'm An Informed Straight Ally, But I'm Embarrassed I Didn't Know This",0
"I'd Like To Think I'm An Informed Straight Ally, But I'm Embarrassed I Didn't Know This",1
"They Call It The 'Defense Of Marriage Act,' So Why Is It Tearing This Couple Apart? ",0
Ever Been Called A Hipster Or Know Someone Who Has? Toughen Up And Watch This Video.,1
"Feel Like Getting All Riled Up About Race And Hipsters? Watch This.
",0
This Guy Must Be Pretty Special If All These Famous Folks Are Changing Their Names,1
"I Don’t Care What Anyone Says, A Soldier Who Stands Up For The Truth Is My Hero",0
This Guy Must Be Pretty Special If All These Famous Folks Are Changing Their Names,1
This Guy Must Be Pretty Special If All These Famous Folks Are Changing Their Names,0
"Stephen Colbert Ridicules A Paper For Firing It's Photojournalists. Yes, There's An App For That.",1
Replace Skilled Artists With Apps?  Colbert Burns Industry For Hairbrained Tactics.,0
"Here's How Telling Your Black Friend They're ""Not Really Black"" Gets You Made Fun Of On Television",1
Know Someone Who Thinks Black People Shouldn't Eat Bagels? Have Them Hear This Woman Out.,0
The Way This Gay Video Blogger Answers A Close-Minded Question Is Absolutely Hilarious,1
The Way This Gay Video Blogger Answers A Close-Minded Question Is Absolutely Hilarious,0
Stupid Law Says No Gay Marriage? Google Says Challenge Accepted.,1
Stupid Law Says No Gay Marriage? Google Says Challenge Accepted.,0
"Your Marriage Is Against The Bible,' They Said To A Man And A Woman 50 Years Ago (Yes, Really!)",1
"Your Marriage Is Against The Bible,' They Said To A Man And A Woman 50 Years Ago (Yes, Really!)",0
"VIDEO: ""I've Seen Vegetables That Look Like They're Having A Nervous Breakdown""",1
"WATCH: Now I Know The Link Between Black Beans, BBQ, And The Black Panthers",0
Meet The Growing Movement Of Kick Ass Women Who Will No Longer Stay Silent,1
Wanted: Kick Ass Women. Mission: Kick Sexism's Ass. (Mission Accomplished?),0
Move Over Adele: This Lady Wins The 'Songs That Make Me Cry' Award,1
Super Awesome Granny Tickles The Ivories—And The Heartstrings—For Equality,0
"Do You Know Someone Who Doesn't Think Sexism Exists? Maybe These 25,000 Women Will Change Their Mind",1
WOW: The Growing Movement Of Kick Ass Women Who Will No Longer Stay Silent,0
A Bus Full Of Rude British Complainers Won't Let Facts Stop Their Angry Rant,1
These British People Want To Stop Giving Out Foreign Aid,0
Move Over Adele: This Lady Wins The 'Songs That Make Me Cry' Award,1
Move Over Adele: This Lady Wins The 'Songs That Make Me Cry' Award,0
Ever Come Across A Grouchy Drive-Thru Worker? This Comedian's Set Totally Nails Why.,1
Crappy Meal: Man Rakes Former Employer Over The Deep Fryer Recapping His Past In Fast Food,0
It Takes A Radical Movement In America To Get What Every Other Developed Country Doesn’t Think Twice About,1
It Takes A Radical Movement In America To Get What Every Other Developed Country Doesn’t Think Twice About,0
Let The Daily Show Sum Up The NSA Scandal In Less Tham 5 Minutes,1
That Guy Sitting In Jon Stewart's Seat Nails Why You SHOULD Be Paranoid About The NSA,0
"You're Probably A Part Of This Crowd, And Thats Why Corporate America Is Scared Of You",1
Wanted: People To Revolutionize The Economy. Hipster Beard Not Necessary.,0
They Replaced Black People With White To Make You See This Differently. Did It Work?,1
Do You Think People Will See This Issue Differently Because Their Skin Is White?,0
He Made A Choice. He Took A Life. He Made Another Choice. He's Saving A Community.,1
He Was Looking At The Man In The Mirror And He Did Change His Ways. See How.,0
Oooooh! Swish! Misogynistic Predictions For The Future Of Women's Fashion According To 1939.,1
"According To 1939, The Future Of Men's Fashion Will Consist Of Giving Candy To Pretty Girls",0
The First Time This Kid Played Harmonica He Earned $80. You'll Be Floored By What He Did With It.,1
"Tell Me, If This Kid And His Harmonica Are The Future Of America... We Win, Right?",0
"What Do You Get When You Take A City And Add 12,000 Lemon Trees?",1
How Just One Tree Is Helping San Francisco Gain Independence,0
Yo Let's Put These Quotes On The Cover Of Cosmo,1
Yo Let's Put These Quotes On The Cover Of Cosmo,0
He Said WHAT Is A Weapon Of War?,1
He Said WHAT Is A Weapon Of War?,0
"You're Probably A Part Of This Crowd, And Thats Why Corporate America Is Scared Of You",1
"You're Probably A Part Of This Crowd, And Thats Why Corporate America Is Scared Of You",0
The Knowledge I Gained At School Doesn't Compare To What I Lost,1
See Me After Class: Is Debt The Only Major Being Offered These Days?,0
He Said WHAT Is A Weapon Of War?,1
He Said WHAT Is A Weapon Of War?,0
Why Is This Artist Telling You To Throw Away Your Phone? And So Beautifully?,1
SPOTTED! Soul Man In An Army Helmet Telling You How To Find Humanity In Your Digital Life,0
The First Time This Kid Played Harmonica He Earned $80. You'll Be Floored By What He Did With It.,1
The First Time This Kid Played Harmonica He Earned $80. You'll Be Floored By What He Did With It.,0
You Know The Name Of One Of These Athletes But The Other Two Are The Ones You Should Remember,1
"I Agree With This Superstar, Love Watching These Two Brothers Bond Over Disability",0
"There Is No Way That You Built Something This Cool In High School. No Way. 
",1
There Is No Way That You Built Something THIS Cool In High School. No Way.,0
The First Time This Kid Played Harmonica He Earned $80. You'll Be Floored By What He Did With It.,1
The First Time This Kid Played Harmonica He Earned $80. You'll Be Floored By What He Did With It.,0
You Know The Name Of One Of These Athletes But The Other Two Are The Ones You Should Remember,1
You Know The Name Of One Of These Athletes But The Other Two Are The Ones You Should Remember,0
"This Actress Will Make You Laugh, But The Photoshop Job Hollywood Pulled On Her Will Make You Cry
",1
"Someone Taught Fox How To Use Photoshop, And The Results Are Predictably Horrible",0
You Know The Name Of One Of These Athletes But The Other Two Are The Ones You Should Remember,1
You Know The Name Of One Of These Athletes But The Other Two Are The Ones You Should Remember,0
The Knowledge I Gained In School Doesn't Even Compare To What I Lost,1
The Knowledge I Gained In School Doesn't Even COMPARE To What I Lost,0
"When Faced With His Brother’s Disability, This Big Brother Decides To Run With It.",1
"I Agree With This Superstar, Love Watching These Two Brothers Bond Over Disability",0
"Those Billionaires Were Pretty Slick With Their Crude Lie, And We're Too Thick To Notice",1
Those Billionaires Were Pretty Slick With Their Crude Lie. Are We Too Thick To Notice?,0
TABOO ALERT: People Feel Really Awkward If You Bring This Up. Especially If You've Tried It.,1
TABOO ALERT: This TED Talk Exposes A Silent Killer,0
Move Over Adele: This Lady Wins The 'Songs That Make Me Cry' Award,1
Move Over Adele: This Lady Wins The 'Songs That Make Me Cry' Award,0
There Is No Way That You Built Something This Cool In High School. No Way,1
There Is No Way That You Built Something THIS Cool In High School. No Way,0
Hold Up. Are HAMBURGERS Really The Answer To Global Warming?!,1
Hold Up. Are HAMBURGERS Really The Answer To The Climate Disaster?!,0
The Knowledge I Gained In School Doesn't Even Compare To What I Lost,1
Ouch: The Knowledge I Gained In School Doesn't Even COMPARE To What I Lost,0
How To Feel So Much Better About How You Live Your Life In Eleven Words,1
Eleven Words That Will Give You A Fiercer Way To Look At Adversity and Knuckleheads,0
"What Do You Get When You Take A City And Add 12,000 Lemon Trees?",1
"What Do You Get When You Take A City And Add 12,000 Lemon Trees?",0
Some High Schoolers Built A Car. You Won't Guess What It's Powered By,1
"This Car Doesn't Just Look Cool, It's Got An Amazing Story, Too",0
Hold Up. Are HAMBURGERS Really The Answer To Global Warming?!,1
Hold Up. Are HAMBURGERS Really The Answer To Global Warming?!,0
Hold Up. Are HAMBURGERS Really The Answer To Saving The Planet?!,1
HOLD UP. How Are HAMBURGERS The Answer To Saving The Planet!?,0
"Oh, So In Scotland They Actually DON'T Promote Rape Culture?",1
"If The Steubenville Football Team Had Seen This Video, Maybe We'd Be Short One Injustice.",0
I Wish I'd Seen This At 3 Years Old Instead Of 30. I'd Be A Better Person Today.,1
"Republican? Democrat? Screw That, I'm With The Kindness Party.",0
"Oh, So In Scotland They Actually DON'T Promote Rape Culture?",1
"I Hate That This Ad Even Has To Exist — But Now I'm Pretty Sure We Need It In America, Too.",0
The Scientific Reality That's Completely Sobering And Totally Empowering At The Same Time,1
This Beautiful Place Is Home To Unspeakable Violence — And All The Love Humanity Is Capable Of.,0
I Wish I'd Seen This At 3 Years Old Instead Of 30. I'd Be A Better Person Today.,1
I Wish I'd Seen This At 3 Years Old Instead Of 30. I'd Be A Better Person Today.,0
This MIT Professor Has Her Sassy Pants On And She's Not Letting Mark Zuckerberg Off The Hook.,1
It's Up To Parents And Politicians To Reclaim Our Privacy Rights Before It's Too Late.,0
"Jeez, What Can't Kickstarter Do?! This Project Is Literally Out Of This World.",1
"Never Quite Made It To Space Camp? Here's Your Next Best Option (And It's Way More Affordable, Too!)",0
SOON: We May Actually Know Everything About Everything,1
SOON: We May Actually Know Everything About Everything,0
Some Racist Bullies Picked A Fight With An 11-Year-Old Kid And Lost In Glorious Patriotic Fashion,1
"If You Are Going To Be Racist To An 11-Year-Old, At Least Try To Get The Facts Straight, Bully Dude",0
Some Racist Bullies Picked A Fight With An 11-Year-Old Kid And Lost In Glorious Patriotic Splendor,1
Some Racist Bullies Picked A Fight With An 11-Year-Old Kid And Lost In Glorious Patriotic Splendor,0
What Do Your Salad And This Illegal Cure For Depression Have In Common?,1
"Ughhh, These Stupid Regulations Have Put A Revolutionary Cure For Depression At A Stand Still.",0
This MIT Professor Has Her Sassy Pants On And She's Not Letting Mark Zuckerberg Off The Hook.,1
This MIT Professor Has Her Sassy Pants On And She's Not Letting Mark Zuckerberg Off The Hook.,0
This Woman Feels Like She's Making A Political Statement Every Time She Orders A Cup Of Coffee.,1
I Guarantee This Will Be The Most Enlightening Shopping Trip You'll Ever Watch A Video Of.,0
What Do Your Salad And This Illegal Cure For Depression Have In Common?,1
"Here's How The War On Drugs Could Be Preventing Cures For Depression, Anxiety and Addiction.",0
This MIT Professor Has Her Sassy Pants On And She's Not Letting Mark Zuckerberg Off The Hook.,1
This MIT Professor Has Her Sassy Pants On And She's Not Letting Mark Zuckerberg Off The Hook.,0
Want To Know How Adolescent Girls Are The Most Powerful Catalyst For Change In The World? Watch This,1
Want To Know How Adolescent Girls Are The Most Powerful Catalyst For Change In The World? Watch This,0
NSFW: Things America Desperately Needs To Learn From Sweden,1
"Sexual Liberation, An Aversion To Conflict, And Other Things America Could Learn From Sweden",0
What Do Your Salad And This Illegal Cure For Depression Have In Common?,1
What Do Your Salad And This Illegal Cure For Depression Have In Common?,0
Here's One Minute Of Things A Girl Can't Do. As If We Needed More.,1
"If You're Sick Of Being Told The Things, You Can't Do, Because You're A Girl, Raise Your Hand.",0
"Women Everywhere Are Asked The Same Question, Their Answers Are More Alike Than You'd Think",1
"Women Everywhere Are Asked The Same Question, Their Answers Are More Alike Than You'd Think",0
Here's One Minute Of Things A Girl Can't Do. As If We Needed More.,1
Here's One Minute Of Things A Girl Can't Do. As If We Needed More.,0
"I Will Never Be As Funny As This Guy, But He's So Right On With What It Means To Be A Dad",1
Louis CK's Hilarious And Brutally Honest Message About Being A Father,0
All Of The Kids In This Video Are Alive (But The Mom Will Bring You To Tears Over What She Lost),1
"I Will Never Complain About My Kids Again. Okay, I Totally Will...",0
All Of The Kids In This Video Are Alive (But The Mom Will Bring You To Tears Over What She Lost),1
What Does A Sour Gallon Of Milk Have To Do With The Best Years Of Parenting?,0
These Kids Don't Want iPods Or Toys. What They Want -- And Don't Have -- Is Beyond Sad.,1
We'd Travel To The Ends Of The Earth For Our Kids. What Do You Do When You're Not Allowed?,0
These Kids Don't Want iPods Or Toys. What They Want -- And Don't Have -- Is Beyond Sad.,1
These Kids Don't Want iPods Or Toys. What They Want -- And Don't Have -- Is Beyond Sad.,0
All Of The Kids In This Video Are Alive (But The Mom Will Bring You To Tears Over What She Lost),1
All Of The Kids In This Video Are Alive (But The Mom Will Bring You To Tears Over What She Lost),0
These Kids Don't Want iPods Or Toys. What They Want -- And Don't Have -- Is Beyond Sad.,1
These Kids Don't Want iPods Or Toys. What They Want -- And Don't Have -- Is Beyond Sad.,0
Stephen Fry Takes A Firm Stance On Grammar. He Doesn't Go The Way You'd Think.,1
"If Me Write Bad Makes You Fussy, Maybe No Problemo?",0
"She's Fierce. She's Blunt. And Sadly, She's Also Right.",1
"She's Fierce. She's Blunt. And Sadly, She's Also Right.",0
"OMG, Oprah Just Blew The Lid Off Of Love In A Really Spectacular Way",1
"Cultural Shift Or Social Revolution, Whatevs.  53% Of People Support It.",0
These Parents Are Modeling Tolerance For Their Children Just Like We All Should,1
"Parenting Is About More Than Genitals.  Maybe Education Should Be, Too?",0
What These Two Pranksters Did To Homeless People Will Make You Say Wow,1
"Two Guys, A Videocamera, And Some Bananas. It's Not What You Think.",0
"Who Knew Tween Girls Were Capable Of This. Oh, Wait, I Did And I Hope They Know, Too. ",1
"Talking About Boys, Texting, Shopping, Changing The World... Yep, Tween Girls Are Busy These Days. ",0
"She's Not Just Destined For Greatness, She's Destined To Do Great Things For Women",1
"Remember When Math Was ""Too Hard"" For The Ladies?  Not So Much.",0
"She's Fierce. She's Blunt. And Sadly, She's Also Right.",1
"She's Fierce. She's Blunt. And Sadly, She's Also Right.",0
"Meet The Woman Who Made It Possible To Swim Around Google Earth
",1
"I Thought I Couldn't Breathe Underwater. Turns Out I Can’t Breathe WITHOUT Water.
",0
"Holy Crap! If $31 Trillion Doesn't Get Our Attention, Maybe The Lack Of Oxygen Will? ",1
"No big deal: It’s Just $31 Trillion In Our Global Economy
",0
These Parents Are Modeling Tolerance For Their Children Just Like We All Should,1
Wow.  These Parents Have The Right Focus - Their Kids. But Why Don't The Schools?,0
KAPOW: Oprah Just Bit The Head Off Of The Anti-Gay Marriage Bat,1
KAPOW: Oprah Just Bit The Head Off Of The Anti-Gay Marriage Bat,0
"What A Snarky, In Yo' Face Comedian Had To Say To One 'Politician' About Life In A Working Family",1
FLASHBACK: Roseanne Lays The Smackdown On A Lawmaker Who Doesn't Understand Working People,0
"WOW: This Retireee Had A $4000 Utility Bill, AndThese 'Thugs' Came Just In Time To Help",1
"A $4000 Utility Bill, An 87-Year-Old Woman, And Some Union 'Thugs' — What Paying It Forward Means",0
"Some Rude British People Try To Protest Government Spending, But Confuse Themselves Before They Can",1
"Some Rude British People Try To Protest Government Spending, But Confuse Themselves Before They Can",0
1939's Misogynistic Predictions Of How The Women Of The Future Will 'Catch' Men,1
1939's Misogynistic Predictions Of How The Women Of The Future Will 'Catch' Men,0
Politician Whips Out His 'Man Brain' In Public. He Probably Shouldn't Have Done That.,1
This Politician Really Shouldn't Have Whipped His 'Man Brain' Out In Public,0
"Watch A Politician Claim His Brain Is Better Than Lady Brains, Then Fail A Really Basic Math Lesson",1
"Watch A Politician Claim His Man Brain Is Better Than Lady Brains, Then Fail A Basic Math Lesson",0
"Watch A Politician Claim His Brain Is Better Than Lady Brains, Then Fail A Really Basic Math Lesson",1
"Watch A Politician Claim His Brain Is Better Than Lady Brains, Then Fail A Really Basic Math Lesson",0
Watch An Angry Army General Deliver Scathing Dress Down To Sexist Troops,1
I’ve Never Heard A Military General Talk Like This In Public.  I Kinda Like It...,0
Watch An Angry Army General Deliver Scathing Dress Down To Sexist Troops,1
Watch An Angry Army General Deliver Scathing Dress Down To Sexist Troops,0
"These Dads Are Proof That Being Brave And Tough Doesn't Always Look How You Think It Will
",1
These Dads Kick Ass For Equality. Gently And Kindly.,0
BOOM: Watch A Furious Army General Deliver A Scathing Dress Down To Sexist Soldiers,1
BOOM: Watch An Enraged Army General Deliver A Scathing Dress Down To Sexist Soldiers,0
These Dads Kick Ass For Equality. Gently And Kindly.,1
"Gay Dads, Gay Kids, Me Crying Heart-Warmy Tears In My Living Room",0
How This Guy Manages To Be Insulting By Acting As Nice As He Possibly Can Is Genius,1
How This Clip Manages To Anger By Acting As Nice As Possible Is Genius,0
An All To Familiar Experience In 2013... The Frightening Thing Is This Clip Was Created In 1990.,1
"It All Started Before A TV Show In The 90's, 9/11, And That Sidewalk In 2012. Will It Ever Stop?",0
These Dads Are Proof That Being Brave And Tough Doesn’t Always Look How You Think It Will,1
These Dads Kick Ass For Equality. Gently And Kindly.,0
These Dads Are Proof That Being Brave And Tough Doesn’t Always Look How You Think It Will,1
These Dads Are Proof That Being Brave And Tough Doesn’t Always Look How You Think It Will,0
"If You Do This With Your Kids Everyday, I Guarantee They'll Be The Most Beautifullest Human Beings",1
PRECIOUS! I Wanted To See These Little Kids Break Into Cute Fist-Bumping After They Said These Words,0
"If This Doesn't Make You Laugh, Email Me. I’m Making A List Of Grouchy People.",1
Can You Resist This Man’s Powers?,0
Watch This Dude Infect People At A Bus Stop And See If You're Susceptible,1
"If We Were All A Little More Like This Nut Job, The World Would Be A Better Place",0
SAY IT LOUD: Do This With Your Kids Everyday And They'll Be The Most Beautifullest Human Beings Ever,1
"If You Do This With Your Kids Everyday, I Guarantee They'll Be The Most Beautifullest Human Beings",0
Something You REALLY Should Know Before Heading To Walmart To Save A Few Pennies,1
"If Any Other Company Depended On Taxpayers To Stay Alive, It Would Be Front Page News",0
"That Cheap Stuff You Just Bought At Walmart? Turns Out, It Cost $6000 More Than You Thought",1
"Walmart Is A Socialist Company. There, I Said It.",0
"That Cheap Stuff You Just Bought At Walmart? Turns Out, It Cost $6000 More Than You Thought",1
"That Cheap Stuff You Just Bought At Walmart? Turns Out, It Cost $6000 More Than You Thought",0
"We're Teaching Kids History, But We're Leaving This Entire Bit Out?",1
"Let's Add ""The Civil War Was About States Rights"" To The List Of Lies My Teacher Told Me",0
Maybe The Coolest Car Commercial You'll Ever See,1
Find Out Why This Car's Look Might Be The Least Cool Thing About It.,0
"Waaaaaiiiit, Shouldn't My Lunch Be Worth More Than Where It Came From?",1
"Hey, Wheels Off! The Future Of Food Doesn't Include Your Car Eating My Lunch!",0
He Was Asked A Pretentious Question. His Answer Shows The Problem With The Way America Functions.,1
This Guy Gives An Interviewer His Comeuppance & Sums Up The Way Politics Works—With Boston Charm.,0
"When You Hear The Surprise In This Australian Commercial, I Guarantee A Smile",1
A Future Mom And Dad Prove That The Best Gift A Kid Can Get Is Parents Like These,0
"I Don't Really Want To Eat Stuff That WON'T DIE, And Neither Does Stephen Colbert",1
Back From The Dead: Could This Frankenfood Be In Your Lunch Today?,0
"We're Teaching Kids History, But We're Leaving This Entire Bit Out?",1
"We're Teaching Kids History, But We're Leaving This Entire Bit Out?",0
This Pleasantly Surprising Commercial From Down Under Has A Twist That Makes Me Think,1
"If Only All Couples Would React The Way These Aussies Do, The World Would Be Better Off",0
He Was Asked A Pretentious Question. His Answer Shows The Problem With The Way America Functions.,1
He Was Asked A Pretentious Question. His Answer Shows The Problem With The Way America Functions.,0
"OMG, What Is It About Women That Only 7% Of Them Can Get This Right?",1
"OMG, What Is It About Women That Only 7% Of Them Can Get This Right?",0
File This Under ‘Seriously Brilliant’ And ‘Why Didn’t We Think Of That Before?’,1
Fleeing From Disaster? Just Look For The Friendly Metal Giant Nearest You.,0
What 3-Letter-Word Can Be Used For Dragonflies But Not Peanut Butter?,1
Yay or Nay: That Dragonfly Is So Gay (Words Matter!),0
I Would Be Thrilled -- Like You Wouldn't Believe --To See These People Out Of A Job,1
Lions And Tigers And Squeeze Cages — Oh My?,0
He Was Asked A Pretentious Question. His Answer Shows The Problem With The Way America Functions.,1
He Was Asked A Pretentious Question. His Answer Shows The Problem With The Way America Functions.,0
"Waaaaaiiiit, Shouldn't My Lunch Be Worth More Than Where It Came From?",1
"Waaaaaiiiit, Shouldn't My Lunch Be Worth More Than Where It Came From?",0
"He Doesn't Always Tell The Best Jokes, But This Comedian's Spot On With His Seriously Scary Rant",1
"He Doesn't Always Tell The Best Jokes, But This Comedian's Spot On With His Seriously Scary Rant",0
"WATCH: This Woman's Choices Are No One's Business. What Happens To Her, Though? Everyone's Business.",1
"WATCH: This Woman's Choices Are No One's Business. What Happens To Her, Though? Everyone's Business.",0
People Like These Are Usually Ignored When Others Pass Them By. I Dare You To Ignore Them Now.,1
You Can't Help But See The Joy In These People Now That They're No Longer Ignored,0
Did This Congressman Just Imply What I Think He Did About Boy Fetuses?,1
"I Have Heard Some Insane Anti-Abortion Arguments, But This One Takes The Cake.",0
People Like These Are Usually Ignored When Others Pass Them By. I Dare You To Ignore Them Now.,1
People Like These Are Usually Ignored When Others Pass Them By. I Dare You To Ignore Them Now.,0
People Like These Are Usually Ignored When Others Pass Them By. I Dare You To Ignore Them Now.,1
People Like These Are Usually Ignored When Others Pass Them By. I Dare You To Ignore Them Now.,0
Did This Congressman Just Imply What I Think He Did About Boy Fetuses?,1
Watch A Congressman Who Wants To Control Women's Biology Fail To Understand Biology At All,0
Gay Marriage Destroys America? This Couple Prove The Complete Opposite,1
"Gay Couple To Terrorists: You Can Bomb Everything You Want, We're Still Going To Be Here
",0
Watch This Hilarious Comedian Bash The Freakilicious Food That Won't Take 'NO' For An Answer,1
Watch This Hilarious Comedian Bash The Freakilicious Food That Won't Take 'NO' For An Answer,0
"HEY, PSSST: If You Catch This Guy's Disease, You'll Want To Give It To Someone You Love. Or Just Met.",1
He's Helped Thousands Across His City. Like Batman. But In A Hawaiian Shirt.,0
This Politician Proves That Money In Politics Is (Quite Literally) A Dirty Business,1
URGENT: Politicians Will Strip Unless We End Corruption. Probably.,0
An Artist Takes Bits And Pieces Of Hate And Turns Them Into Something Beautiful,1
"True Art Takes Foaming Hatred, Reduces It To Bits, And Turns It Into Something Beautiful. Come See.",0
"If Your Friends Are Using This 3-Letter-Word, You May Need To Stage An Intervention",1
"If Your Friends Are Using This 3-Letter-Word, You May Need To Stage An Intervention",0
Are You One Of Those Selfish Genius Types? Stop Being So Greedy With Them Brains.,1
"Hey, YOU! Stop It With The Idea Hogging. Share Your Brains With The World.",0
"SCANDAL: Politician Goes To Strip Club And... Well, I Was Definitely Not Expecting That.",1
"SCANDAL: Politician Goes To Strip Club And... Well, I Was Definitely Not Expecting That.",0
You Won't Believe This Video Was Shot In America,1
"Most People Don't Put ""Human Rights Abuse"" On Their Grocery List. Yet Here We Are",0
"SCANDAL: Politician Goes To Strip Club And... Well, I Was Definitely Not Expecting That.",1
"SCANDAL: Politician Goes To Strip Club And... Well, I Was Definitely Not Expecting That.",0
This Pale Blue Dot Has Never Sounded So Cool,1
Rivers Of Blood Have Never Sounded So Romantic,0
"If A Picture Can Be Worth A Thousand Words, This One Is Worth $1.2 Trillion",1
"If Sequestration Sounds Like A Funny Word, That's Because Congress Doesn't Speak American",0
"In 30 Minutes These Protesters ""Get Disappeared"" In Plain Sight. That Was Their Plan",1
"They Told This Art It Could Be Anything, So It Turned Into A Protest",0
Did You Know Babies Could Commit Crimes? These Folks Didn't Either,1
Did You Know Babies Could Commit Crimes? These Folks Didn't Either,0
"There May Be 50 Ways To Leave Your Lover, But Here Are 4 To Be A Real Man.",1
"There May Be 50 Ways To Leave Your Lover, But Here Are 4 To Be A Real Bro.",0
"This Man Has Gone Viral. And He Won't Stop Until You Do, Too",1
"His Favorite Song Must Be ""Fever"", The Way He Gives And Gets It. All Day Long.",0
Meet A Family With 9 Adopted Kids Whose Love Will Leave You Speechless,1
One Of The Most Amazing Family of Soul Ninja’s You Will Ever Meet.  Huggles Required.,0
WOW: How One Black Man Trolled A Racist With Love And Ended Up Defeating The KKK,1
This Guy Was Trolling KKK Members Before Trolling On The Internet Was A Thing,0
Holy Crap! Am I The Only One Who Thinks My Lunch Should Be Worth More Than Where It Came From?,1
HOLD ON. Why Isn't My Lunch Worth MORE Than Where It Came From!?,0
Simplest Description of PTSD Ever Told In Two And Half Minutes,1
A Vivid Description Of The Day The Ghost Began To Haunt Him,0
Are You One Of Those Selfish Genius Types? Stop Being So Greedy With Them Brains.,1
Are You One Of Those Selfish Genius Types? Stop Being So Greedy With Them Brains.,0
WOW: How One Black Man Trolled A Racist With Love And Ended Up Defeating The KKK,1
WOW: How One Black Man Trolled A Racist With Love And Ended Up Defeating The KKK,0
"Don't Laugh, But A Single Artist Just Totally Outshined An Army Of Government Planners
",1
"Don't Laugh, But A Single Artist Just Totally Outshined An Army Of Government Planners
",0
To Think We Didn’t Name This Man’s Horror Till A Few Year’s Ago,1
These Black And White Images Will Haunt You Just Like This Man’s Memories,0
Meet A Family With 9 Adopted Kids Whose Love Will Leave You Speechless,1
"Parents Make INCREDIBLE Leap Of Faith, Their Love Might Change Your View Of Family",0
The Best Instruction Manual For Raising Kids Has Finally Been Written — By These Kids,1
"What Do A Girl Scientist, A Boy Doctor, And Kid President Have In Common? These 3 Requests.",0
The Secrets That Those Who Own Everything Don't Want Us To Know,1
Did You Know That The Coal Companies Once Had A Larger Army Than The Federal Government?,0
The Secrets That Those Who Own Everything Don't Want Us To Know,1
The Secrets That Those Who Own Everything Don't Want Us To Know,0
People Thought He Was A Monster And Wanted Him To Die. I’m Glad He’s Alive To Tell His Story.,1
Your Opinion On A Life Or Death Issue Might Change After You Watch This Video,0
People Thought He Was A Monster And Wanted Him To Die. I’m Glad He’s Alive To Tell His Story.,1
People Thought He Was A Monster And Wanted Him To Die. I’m Glad He’s Alive To Tell His Story.,0
Stephen Colbert Says Good-Bye To His Mother On-Air. It's Funny And It's Heartbreaking.,1
Stephen Colbert's Mom Raised A Son Who Knew Exactly How To Say Good-Bye,0
Watch A Jerktacular U.S. Immigration Officer Deport A Lady He Probably Shouldn't Be Deporting. EVER.,1
Watch A Jerktacular U.S. Immigration Officer Deport A Lady He Probably Shouldn't Be Deporting.,0
Remember Those ‘Work From Home’ Ads? You’re Already Doing It. Surprise!,1
I’m All Hopped Up On Using My Mouse Clicks For Good. What Are You Gonna Do With  Yours?,0
"When The Boss Said, 'Dance For Your Day Off' He Didn't Expect To Be Handed His Lunch",1
"If This Was 'Dancing With The Stars,' They'd All Get A 10 Except The Boss Dude",0
"When The Boss Said 'Dance For Your Day Off,' He Didn't Expect To Be Handed His Lunch",1
"When The Boss Said 'Dance For Your Day Off,' He Didn't Expect To Be Handed His Lunch",0
Semi-NSFW: Things America Desperately Needs To Learn From Sweden,1
"If The Prime Minister Of Sweden Actually Has To Deal With This, Consider Me Impressed",0
"Typical Teen, Atypical Body. Watch How She Handles That Combo. ",1
"What If You Could Hear Every Sound Around You, But No One Could Hear You?",0
Don’t Believe In Working For Free? Too late.,1
"Remember Those ‘Work From Home’ Ads? Well, You’re Already Doing It. Surprise!",0
"Typical Teen, Atypical Body. Watch How She Handles That Combo. ",1
"Typical Teen, Atypical Body. Watch How She Handles That Combo. ",0
"The Secrets A Teen Carried Nearly Killed Her, So She Did The Only Thing She could With Them.",1
" 'Be The Change You Want To See.' It's An Inspiring Quote, But In Action, It's Life Altering. ",0
The Reality Of Who Actually Works For Minimum Wage Will Shock You,1
Women Are Finally Getting A Bigger Piece Of This Pie...Too Bad That Pie Is Only Worth $7.55,0
I never expected a 14-year-old's speech on gay rights to leave me speechless,1
I never expected a 14-year-old's speech on gay rights to leave me speechless,0
"The Secrets A Teen Carried Nearly Killed Her, So She Did The Only Thing She could With Them",1
"The Secrets A Teen Carried Nearly Killed Her, So She Did The Only Thing She could With Them",0
"If Intersectionality Had A YouTube Account, This Would Probably Be Its First Post.",1
"If Intersectionality Had A YouTube Account, This Would Probably Be Its First Post.",0
WTF! We Could Save Lives AND Money. Tell Me Again Why This Is A Problem?,1
WTF! We Could Save Lives AND Money. Tell Me Again Why This Is A Problem?,0
"This Pop Star Just Brought Genocide To Los Angeles, And I Can't Look Away",1
Most Music Videos These Days Are All Skin And Liquor. This One Is Revolutionary And A Nail-biter,0
Stephen Fry Takes A Firm Stance On Grammar. He Doesn't Go The Way You'd Think.,1
Stephen Fry Takes A Firm Stance On Grammar. He Doesn't Go The Way You'd Think.,0
"G.I. Joe Is A Big Fat Lie, And This Girl Knows His Secret.",1
"G.I. Joe Is A Big Fat Lie, And This Girl Knows His Secret.",0
What If We Could Harness The Power Of A Song Getting Stuck In Your Head?,1
If Music Changes People And People Change The World... Let's Do This!,0
It's Crazy How Just One Heckler Encouraged So Many People To Help Out This Stranger.,1
Sometimes Getting Involved In Other People's Business Is The Right Thing To Do.,0
You'll Never Guess What TIME Magazine Said About Homosexuality In 1966.,1
You'll Never Guess What TIME Magazine Said About Homosexuality In 1966.,0
"G.I. Joe Is A Big Fat Lie, And This Girl Knows His Secret.",1
"G.I. Joe Is A Big Fat Lie, And This Girl Knows His Secret.",0
This Man Says The Most Perfect Thing About Why He Gave Up On Trying To 'Cure' Gay People,1
"Finally, A Cure For People Trying To Cure Gay People",0
This Man Says The Most Perfect Thing About Why He Gave Up On Trying To 'Cure' Gay People,1
This Man Says The Most Perfect Thing About Why He Gave Up On Trying To 'Cure' Gay People,0
Pro-Gun Protester Tries To Shut Up Father Of Gun Victim. It Does Not Work.,1
Pro-Gun Protester Tries To Shut Up Father Of Gun Victim. It Does Not Work.,0
"It’s A Classic Love Story, Except There Was No Blushing Bride And They Never Made It Down The Aisle",1
Meet Bill. He Died 7 Weeks Before He’d Have Been Legally Allowed To Marry The Love Of His Life.,0
This Comedian Shows These Real Journalists That They Never Should Have Underestimated Him,1
One Of These Hosts Is Professional. Hint: It Isn't The Three Who Are Currently Hosting This Show,0
"When The Most Professional Person On Your Show Is The Guest, It's Time To Pack It In",1
Comedian Russell Brand Shows These Real Journalists That They Never Should Have Underestimated Him,0
"She Had A ‘Pretty Woman’ Moment At A Dress Shop, But Her Response Is Way Better Than Julia Roberts’",1
"How To Feel Beautifully Confident, Even When Some Jerk Tells You You Shouldn't",0
This Is What Happened Across The Street From The Westboro Baptist Church This Week-End,1
You Know Those Horrible Westboro Demonstrations? This Is The Opposite Of That.,0
"Fox News Spends 6 Minutes Describing Why Mr. Rogers Was An 'Evil Evil Man'
",1
Fox News Has Determined Why Our Country Is In The Toilet — It's Mr. Rogers' Fault,0
Who Doesn't Like A Little Gratuitous Nudity To Go With Their Violence Towards Women?,1
"If You're A Woman In A Video Game, Your Chances Of Getting Killed Just Skyrocketed",0
Children In Every Country Except Brazil Are Terrified To Have Chemotherapy. This Is Brazil's Way.,1
Batman Is Here To Lend A Hand To Children With Cancer,0
The Three Adorable Things That James Gandolfini Was Afraid Of — You May Remember Him Differently Now,1
Everybody's Favorite Mafia Boss Talks About Why It's Okay To Be Scared,0
The Reality Of Who Actually Works For Minimum Wage Will Shock You,1
The Reality Of Who Actually Works For Minimum Wage Will Shock You,0
What Would You Do If You Lived 7000 Miles Away From Your Young Son? Probably This.,1
What Would You Do If You Lived 7000 Miles Away From Your Young Son? Probably This.,0
"As Far As Heartwarming Commercials Go, This One Is Tearjerktacular",1
I Never Thought A Skype Ad Would Make Me Tear Up And Yet Hear We Are,0
These Kids Are So Excited About Math That It's Almost Like They Forgot They're In School,1
Don't You Wish You Had A Teacher Who Took Your 7th Grade Class From Boring To MATHTASTIC?,0
"Even If A Company Weren't Sponsoring This, It Would Have Still Made Us Cry",1
"I'm Not Crying, That's Just 7000 Miles Between A Father And His Young Son In My Eye",0
Ladies: Did You Know 'The Wizard Of Oz' Is Actually A Cautionary Tale For You?,1
Ladies: Did You Know 'The Wizard Of Oz' Is Actually A Cautionary Tale For You?,0
Ladies: Did You Know 'The Wizard Of Oz' Is Actually A Cautionary Tale For You?,1
Ladies: Did You Know 'The Wizard Of Oz' Is Actually A Cautionary Tale For You?,0
"What's Got These 7th Graders Drooling? It's Not Braces, And It's Not Justin Beiber ...",1
"What's Got These 7th Graders Drooling? It's Not Braces, And It's Not Justin Beiber ...",0
Who Doesn't Like A Little Gratuitous Nudity To Go With Their Violence Towards Women?,1
Who Doesn't Like A Little Gratuitous Nudity To Go With Their Violence Towards Women?,0
What Did This Mom Do To Her Daughter To Get A Complete Stranger To Call Her A Nasty Word?,1
This Mom Says She's Trying To Do What's Best For Her Daughter. Do You Agree?,0
Sometimes A Joke About A Serious Topic Is So On Point You Have To Applaud It,1
How Different Would The World Be With Men Doing This One Thing That Women Usually Do?,0
"As Far As Heartwarming Commercials Go, This One Is Heartacular",1
"As Far As Heartwarming Commercials Go, This One Is Heartacular",0
This Teenaged Girl Just Took High School Science Fairs To A WHOLE New Level,1
Science Fair Projects Have Been Taken To A WHOLE New Level... Thanks To This Teenager.,0
"Someone Gave A Guy A Megaphone, And You'll Be Awed By What He Did With It",1
"Someone Gave A Guy A Megaphone, And You'll Be Awed By What He Did With It",0
What's Worse Than Finding Dried Toothpaste In Your Sink? Here's Some Facts.,1
What's Worse Than Finding Dried Toothpaste In Your Sink? Here's Some Facts.,0
That Awkward Moment When Someone Proves That You'll Only Ever Be A Bitch,1
"Wait, We Got The Right To Vote And The Right To Work, But Not The Right To Succeed? All Righty Then.",0
This Kid Thinks We Could Save So Many Lives If Only It Was Okay To Say 4 Words.,1
MUST WATCH: You Need To Hear What This Stand-Up Comic Isn't Making Jokes About,0
We'll Look Back At This In 10 Years Time And Be Embarrassed As Hell It Even Existed,1
5 Minutes That'll Remind You That The Prop 8 Road Has Been FAR TOO LONG,0
You Will Not Believe What Vital Thing We Spend Less Money On A Year Than Potato Chips,1
"Is My Math Really Bad, Or Do These Numbers Really Add Up To Common Sense?
",0
When Is A Confession Not A Confession? When Someone Holds A Lighter To Your Private Parts.,1
When Is A Confession Not A Confession? When Someone Holds A Lighter To Your Unmentionables.,0
Isn't It Sad When We Have To View A Fifty Year Old Video To Figure Out How To Make Progress?,1
Isn't It Sad When We Have To View A Fifty Year Old Video To Figure Out How To Make Progress?,0
Sometimes A Joke About A Serious Topic Is So On Point You Have To Applaud It,1
Sometimes A Joke About A Serious Topic Is So On Point You Have To Applaud It,0
That Awkward Moment When Someone Proves That You'll Only Ever Be A B*tch,1
That Awkward Moment When Someone Proves That You'll Only Ever Be A B*tch,0
The Little-Known Change That Is Going To Affect Our Media For Decades To Come,1
"How To Get Your Agenda In Front Of 100,000 People A Day, For Free",0
This Kid Thinks We Could Save So Many Lives If Only It Was Okay To Say 4 Words,1
This Kid Thinks We Could Save So Many Lives If Only It Was Okay To Say 4 Words,0
This Teacher Made Her 3rd Grade Kids Hate Each Other For The Best Reason Imaginable,1
Watch This Teacher Make Her 3rd Grade Kids Hate Each Other For The Best Reason Imaginable,0
Vets Share Painful Memory From Nearly 40 Years Ago. It’s Not The War Story You Think It Is.,1
"No Matter Your Stance On War, Have You Ever Heard A “Thank You” More Appreciated?",0
"If A Graffiti Artist and A History Teacher Had A Baby, It Would Be This Video",1
Time To GET DEEP. What Do The Wall And Flower Symbolize? (Don’t Worry Answers Provided),0
What's Worse Than Finding Dried Toothpaste In Your Sink? Facing These Facts.,1
What's Worse Than Finding Dried Toothpaste In Your Sink? Here's Some Facts.,0
An Unforgettable Act Of Forgiveness In 1 Minute,1
"If Someone Murdered Your Daughter, Could You Do What This Man Does? ",0
"These Facts Scare The Crap Out Of Me. And They Should Scare The Crap Out Of You, Too.",1
"These Facts Scare The Crap Out Of Me. And They Should Scare The Crap Out Of You, Too.",0
"What Happens When You Combine A Racist and A Strong Black Man? A Stunning Moment, That's What.",1
"What Happens When You Combine A Racist and A Strong Black Man? A Stunning Moment, That's What.",0
"Grab Your Kleenex, Pull Up A Chair, And Be Prepared To Be Inspired By This Nine Year Old",1
"Grab Your Kleenex, Pull Up A Chair, And Be Prepared To Be Inspired By This Nine Year Old",0
Is This Horrifying? Yes. Did It Save A Few Lives? You Be The Judge.,1
Would There Be Less Accidents In The U.S. Workplace If Our Government Did This?,0
We'll Look Back At This In 10 Years Time And Be Embarrassed As Hell It Even Existed,1
"Here We Go Again, Gay People Demanding ""Human Rights"" This and ""Equality"" That 
",0
This Kid Thinks We Could Save So Many Lives If Only It Was Okay To Say 4 Words.,1
This Kid Thinks We Could Save So Many Lives If Only It Was Okay To Say 4 Words.,0
AIDS-Related Problem Goes Unsolved For 10 Years – So Some Gamers Solved It in 3 Weeks,1
GEEK UP! Internet Gamers Solve 10-Year Old AIDS-Related Challenge. How They Beat It Is Beautiful!,0
"These Facts Scare The Bejeezus Out Of Me. And They Should Scare The Bejeezus Out Of You, Too.",1
"These Facts Scare The Bejeezus Out Of Me. And They Should Scare The Bejeezus Out Of You, Too.",0
What Did A Mom Do To Her Daughter To Get This Complete Stranger To Call Her A Nasty Word?,1
What Did A Mom Do To Her Daughter To Get A Complete Stranger To Call Her A Bad Word?,0
"If A Graffiti Artist and A History Teacher Had A Baby, It Would Be This Video",1
"If A Graffiti Artist and A History Teacher Had A Baby, It Would Be This Video",0
"Hi Supreme Court, Let This Justice Explain How You’ve Made A HUGE Mistake With The Voting Rights Act",1
"Civil Rights Defenders Won This Fight In 1965. This Justice Explains How It’s Been Undone In 2013.
",0
"Civil Rights Defenders Won This Fight In 1965. This Justice Explains How It’s Been Undone In 2013.
",1
"How Can This Law Have Served It’s Purpose When The Problem So OBVIOUSLY Still Exists?
",0
"That's Weird, Why Isn’t The Media Reporting On The Most Exciting Media News In Years?",1
"That's Weird, Why Isn’t The Media Reporting On The Most Exciting Media News In Years?",0
"If You Are Wondering What The Gay Agenda Looks Like, Here Ya Go. Bring Your Kleenex. You're Welcome.",1
"If You Are Wondering What The Gay Agenda Looks Like, Here Ya Go. Bring Your Kleenex. You're Welcome.",0
This Girl In High School Just Took Science Fairs To A WHOLE New Level,1
This Teen Just Took High School Science Fairs To A WHOLE New Level,0
"One City Is About To Make Its Schools So Dangerous, People Are Refusing Food In Protest",1
Can You Imagine Anything Worse For Schools Than Teacher Layoffs? It’s Happening Right Now.,0
"If You Are Wondering What The Gay Agenda Looks Like, Here Ya Go. Bring Your Kleenex. You're Welcome.",1
"If You Are Wondering What The Gay Agenda Looks Like, Here Ya Go. Bring Your Kleenex. You're Welcome.",0
Stop Collecting Used Books To Send To Developing Countries. Start Supporting This Instead.,1
How To Turn A Classroom In A Developing Nation Into A World-Class Library,0
Here's The First Marriage Proposal On TV After DOMA Was Ruled Unconstitutional. You're Welcome.,1
"If You Think This Is A Threat To Your Marriage, You Are Doing It Wrong",0
Fox News Spends 6 Minutes Describing Why Mr. Rogers Was An 'Evil Evil Man',1
Fox News Spends 6 Minutes Describing Why Mr. Rogers Was An 'Evil Evil Man',0
"If You Are Wondering What The Gay Agenda Looks Like, Here Ya Go. Bring Your Kleenex. You're Welcome.",1
This Is What The Gay Agenda Looks Like. It's Less Scary And Way More Lovely Than You Can Imagine.,0
A Brave Fan Asks Patrick Stewart An Unusual Question And Is Given A Raw And Emotional Answer,1
A Brave Fan Asks Patrick Stewart A Question He Doesn't Usually Get And Is Given A Wonderful Answer,0
Michele Bachmann Has Some Thoughts On The DOMA Ruling. Nancy Pelosi Has 2 Words For Her.,1
Nancy Pelosi Has 2 Words For Michele Bachmann. They Are Perfect.,0
Michele Bachmann Has Some Thoughts On The DOMA Ruling. Nancy Pelosi Has 2 Words For Her.,1
Michele Bachmann Has Some Thoughts On The DOMA Ruling. Nancy Pelosi Has 2 Words For Her.,0
"Photographer Sick of Fashion, Reframes His Idea Of Beauty –– With Gorgeous Results",1
"Photographer Sick of Fashion, Reframes His Idea Of Beauty –– With Gorgeous Results",0
Oh SNAP! How 23 Words From One Female Senator Silenced A Room Full Of Anti-Choicers,1
"The 23 Words That Summarized What Was REALLY At The Core Of The Anti-choice Bill
",0
Spend A Few Minutes With This Guy And I Promise You'll Feel Better,1
A Lot Of People Give Up In Tough Situations. Not Him.,0
"Ugh, It’s So Hard To Hear The Way They Were Treated After Such A Godawful War",1
"Ugh, It’s So Hard To Hear The Way They Were Treated After Such A Godawful War",0
"After You Watch Ellen's Wedding Video, You''ll Wonder, 'What's Law Got To Do With It?'",1
"After You Watch Ellen's Wedding Video, You''ll Wonder, 'What's Law Got To Do With It?'",0
"This Could Easily Be Shown On TV, And That Scares The Crap Out Of Me",1
"Why Does It Feel Like This Infomercial Is Trying To Get Me Killed?
",0
"This Could Easily Be Shown On TV, And That Scares The Crap Out Of Me",1
"This Could Easily Be Shown On TV, And That Scares The Crap Out Of Me",0
"One City Is About To Make Its Schools So Dangerous, People Are Refusing Food In Protest",1
"Hey What Are You Doing With Your Summer Vacation? Oh, Just Fasting.
",0
"If You Give A Kid A Book, He'll Learn A Few Things. Give A Kid This, And You’re Changing The World. ",1
"Delivering Gifts To Kids Around The World? Is This Santa, Or The Best Idea In Education In Years?",0
The Most Improbable Family Portrait I've Ever Seen,1
The Most Improbable Family Portrait I've Ever Seen,0
The Age-Old Problem Of How To Get Textbooks To Kids All Over The World Has Just Been Solved,1
Struggling To Provide Opportunities In The Developing World? There’s An App For That!,0
"If You Were Looking At The Beautiful Picture This Guy Is Looking At, You'd Have This Reaction Too",1
"If You Were Looking At The Beautiful Picture This Guy Is Looking At, You'd Have This Reaction Too",0
"For A Country That Emphasizes Family Values, We’re Trying Awfully Hard To Break These Families Up",1
"I Love My Country, But Sometimes I Hate The Way It Treats People",0
Children Are Terrified To Have Chemotherapy In Every Country Except Brazil. This Is Brazil's Way.,1
Children Are Terrified To Have Chemotherapy In Every Country Except Brazil. This Is Brazil's Way.,0
Words Like Good And Will Don't Belong Together If This Is The Kind Of Thing They Do,1
"If You Put The Word 'Good' In Your Name, Don't You Have An Obligation To NOT Be Bad?",0
One Columnist's Shockingly Simple Advice To A Girl Suffering From Sexist Name Calling,1
One Columnist's Shockingly Simple Advice To A Girl Suffering From Sexist Name Calling,0
Dan Savage's Shockingly Simple Advice To A Girl Suffering From Sexist Name Calling,1
One Columnist's Shockingly Simple Advice To A Girl Suffering From Sexist Name Calling,0
I’m So Sorry My Country Is Breaking Up Your Family,1
Since When Is Separating Families An American Value?,0
Sometimes We Inspire Our Kids In Ways We Don't Even Realize,1
Sometimes We Inspire Our Kids In Ways We Don't Even Realize,0
"Sorry, We Broke You, And There’s No Legal Way To Put You Back Together",1
"Sorry, We Broke You, And There’s No Legal Way To Put You Back Together",0
Here's How DOMA Is Like That Awkward Person At The End Of A Party Who Just Won't Leave,1
Here's How DOMA Is Like That Awkward Person At The End Of A Party Who Just Won't Leave,0
I'm Actually Comfortable With These People Hacking The Government,1
I'm Actually Comfortable With These People Hacking The Government,0
I'm Actually Comfortable With These People Hacking The Government,1
I'm Actually Comfortable With These People Hacking The Government,0
"What's The Dumbest Thing You Could Say To A Congresswoman Who Lost Her Legs In Battle? Um, THIS.",1
"What's The Dumbest Thing You Could Say To A Congresswoman Who Lost Her Legs In Battle? Um, THIS.",0
Watch An 83-Year-Old World War ll Vet Shave Off About 50 Years In 15 Seconds,1
"Which Footage Is More Moving — World War Ll Pilot Surviving A Plane Crash, Or That Same Pilot Seeing It For The First Time 50 Years Later? 
",0
Elite Food Experts Talk About Lunchables. It's Kinda Crazy.,1
What Happens When 2 Elite Foodies Hit Up A Regular Old Grocery Store?  Lunchables Happen.,0
Are You Afflicted With The Human Condition? This Quick Quiz Will Tell You.,1
"YOU GUYS, You are NOT The Only One Who Feels How You Feel Right Now",0
The Supreme Court Did WHAT!? The Terrifying Ruling No One's Talking About.,1
Why Is Everyone So Silent On The Supreme Court Ruling That Messed With Our Right To Remain Silent?,0
"What's The Dumbest Thing You Could Say To A Congresswoman Who Lost Her Legs In Battle? Um, THIS.",1
"What's The Dumbest Thing You Could Say To A Congresswoman Who Lost Her Legs In Battle? Um, THIS.",0
The Supreme Court Did WHAT!? The Terrifying Ruling No One's Talking About.,1
Is Knowing The Bill Of Rights REALLY Necessary To Be Protected By Them?,0
The Supreme Court Did WHAT!? The Terrifying Ruling No One's Talking About.,1
The Supreme Court Did WHAT!? The Terrifying Ruling No One's Talking About.,0
"I Hate To Be The Bearer Of Bad News, But There’s Some Unseemly Sh*t Happening In Iceland, Folks",1
How Can Such A Tiny Country Keep Killing Such Ginormous Animals?,0
"I Think I’m Supposed To Be Turned On By This, But I’m Super Grossed Out Instead",1
Watching This Couple Eat Sexy Foods On The Beach Is Decidedly Unsexy,0
Listen To A Guy Describe How He Got ‘Fixed’ While In Prison. It’s Not What You Think.,1
Prison Drama Isn’t Always A Bad Thing,0
"No Job, No Money, No Problem: This Restaurant Is Happy To Serve You",1
"No Job, No Money, No Problem: This Restaurant Is Happy To Serve You",0
Listen To A Guy Describe How He Got ‘Fixed’ While In Prison. It’s Not What You Think.,1
Listen To A Guy Describe How He Got ‘Fixed’ While In Prison. It’s Not What You Think.,0
Your Yogurt Has More Sugar Than A Coke (And Some Other Sneaky Food Stuff You Didn’t Know),1
Peek Inside The Most Fiercely Competitive Industry There Is. (It’s Not What You Think.),0
"On Mother's Day, She Was On The Bathroom Floor, Hungover, And Pregnant. ",1
"Alcoholism, Bulimia, And Drug Addiction Taught This Woman That Life Is Brutiful",0
"On Mother's Day, She Was On The Bathroom Floor, Hungover, And Pregnant",1
"On Mother's Day, She Was On The Bathroom Floor, Hungover, And Pregnant",0
This Is Why The 2014 World Cup Is A Bad Idea,1
"When I'm Feeling Poor And Hungry, All I Want From My Government Is Some... Soccer?",0
"Having A Near-death Experience Is Hard, But The Beauty With Which This Woman Talks About It...Oof.
",1
"Everyone Has Their Own Ways Of Dealing With Death. Egg Salad, Poetry, Commercials...
",0
" I Would Have Answered ""superhero"" To This Question. John Lennon's Answer Was Much Better.",1
What We All Need To Remember When Contemplating Our Goals In Life. Thanks John Lennon.,0
I'M IN LOVE: If I Get These Tattooed On My Boobs Does It Defeat The Purpose?,1
"FOR  A BETTER CAUSE: Put Me On Display, In This Way, Any Day. ",0
The Response To Censorship That Will Blow Your F*cking Mind.,1
"Fuck. There, I Cursed In My Headline. This Video Is Why I Think Thats Totally Ok.",0
"Even Though It's All About Women, The Men At The End Of The Video Inspire Me. ",1
"Even Though It's All About Women, The Men At The End Of The Video Inspire Me. ",0
I'm Willing To Bet You've Never Been To The Moon. Here's What It Feels Like.,1
"What Could Possibly Make Neil Armstrong Feel So Small? You'd Be Surprised.
",0
"A lot Of Us Assumed It Was Over, But We Were Incredibly Wrong.",1
"Are We Post-Racial? Ohhh, Ohhh Let Me Answer This Question!",0
I'M IN LOVE: If I Get These Tattooed On My Boobs Does It Defeat The Purpose?,1
I'M IN LOVE: If I Get These Tattooed On My Boobs Does It Defeat The Purpose?,0
Why You Shouldn't Get Too Wrapped Up In Your Own Personal Life,1
A Video That Will Make You Want To Pick Up The Phone And Call Your Childhood BFF,0
Words Like Good And Will Don't Belong Together If This Is The Kind Of Thing They Do,1
Words Like Good And Will Don't Belong Together If This Is The Kind Of Thing They Do,0
Taking Ten Minutes Out Of Your Day To Call An Old Friend Won't Kill You,1
Taking Ten Minutes Out Of Your Day To Call An Old Friend Won't Kill You,0
The Most Beautiful Sounding Middle Finger To Islamist Rebels I've Ever Heard.,1
The Most Beautiful Sounding Middle Finger To Islamist Rebels I've Ever Heard.,0
Listen To A Guy Describe How He Got ‘Fixed’ While In Prison. It’s Not What You Think.,1
Listen To A Guy Describe How He Got ‘Fixed’ While In Prison. It’s Not What You Think.,0
"I Thought America Valued Freedom Of Assembly. So... What's Happening Here? 
",1
Top Tip On How To Avoid Getting Arrested In America: Never Stand Up For What You Believe In,0
I Thought America Valued Freedom Of Assembly. So... What's Happening Here?,1
I Thought America Valued Freedom Of Assembly. So... What's Happening Here?,0
This Video Celebrating Pride Is Like A Unicorn Leaping Into A Pool Full Of Skittles,1
This Video Celebrating Pride Is Like A Unicorn Leaping Into A Pool Full Of Skittles,0
This Video Celebrating Pride Is Like A Unicorn Leaping Into A Pool Full Of Skittles,1
This Video Celebrating Pride Is Like A Unicorn Leaping Into A Pool Full Of Skittles,0
This Video Celebrating Pride Is Like A Unicorn Leaping Into A Pool Full Of M&M's,1
This Celebration Of Pride Is Like A Unicorn Leaping Out Of A Pool Full Of Skittles,0
I'm Actually Comfortable With These People Hacking The Government,1
I'm Actually Comfortable With These People Hacking The Government,0
I'm Actually Comfortable With These People Hacking The Government,1
I'm Actually Comfortable With These People Hacking The Government,0
Here's Some Retro Advertising Actually Makes A Lot More Sense For Kids Than What's Around Today,1
"Moms And Dads, Step Away From The Bedazzled Princess Unicorn Toys - There ARE Other Options",0
Here's Some Retro Advertising That Makes A Lot More Sense For Kids Than What's Around Today,1
Someone Seemed To Have The Right Idea 20 Years Ago - So Why Not Bring It Back?,0
Coke's REALLY Cool New Idea To Be Eco-Friendlier,1
These Folks Are Recycling Their Soda Bottles By Eating Them,0
Coke's Newest Bottle Is Made Of Ice,1
Coke's Newest Bottle Is Made Of Ice,0
"Google Failed Big Time, But These Kids Made It All Right Again",1
"Potentially Saving Lives, Changing The Face Of Google … What CAN’T These Kids Do?",0
It Only Took Rachel Maddow 48 Seconds To Dismantle An Anti-Gay Zealot's Flawed Ideas On Marriage,1
Out-Of-Touch-Guys: Gay Marriage Is Will Destroy Straight Marriage. Rachel Maddow: Bless Your Hearts.,0
It Only Took Rachel Maddow 48 Seconds To Dismantle An Anti-Gay Zealot's Flawed Ideas On Marriage,1
It Only Took Rachel Maddow 48 Seconds To Dismantle An Anti-Gay Zealot's Flawed Ideas On Marriage,0
This Adorable 6-Year-Old Won A Case That Will Change The Lives Of Thousands,1
"A Potty's A Potty, Right? It Should Be That Simple For This 6-Year-Old.",0
It Only Took Rachel Maddow 48 Seconds To Dismantle An Anti-Gay Zealot's Flawed Ideas On Marriage,1
It Only Took Rachel Maddow 48 Seconds To Dismantle An Anti-Gay Fanatic's Flawed Ideas On Marriage,0
It Only Took Rachel Maddow 48 Seconds To Shut Down An Anti-Gay Zealot's Flawed Ideas On Marriage,1
It Only Took Rachel Maddow 48 Seconds To Debunk An Anti-Gay Zealot's Flawed Ideas On Marriage,0
It Only Took Rachel Maddow 48 Seconds To Tear Down An Anti-Gay Zealot's Flawed Ideas On Marriage,1
It Only Took Rachel Maddow 48 Seconds To Debunk An Anti-Gay Zealot's Flawed Ideas On Marriage,0
It Only Took Rachel Maddow 48 Seconds To Tear Down An Anti-Gay Zealot's Flawed Ideas On Marriage,1
It Only Took Rachel Maddow 48 Seconds To Tear Down An Anti-Gay Zealot's Horrible Ideas On Marriage,0
It Only Took Rachel Maddow 48 Seconds To Tear Down An Anti-Gay Zealot's Flawed Ideas On Marriage,1
It Only Took Rachel Maddow 48 Seconds To Tear Down An Anti-Gay Zealot's Outdated Ideas On Marriage,0
"The Stock Market Is Up, And I'd Prefer Not To Cheer...Kthanxbye",1
Why We Could Really Use A Modern-Day 'New Deal' Right About Now,0
"The Recovery Is Over! Stock Market Is Up! Life Is Great! Wait, What?",1
"The Stock Market Is Up, And I'd Prefer Not To Cheer...Kthanxbye",0
Why In The World Did This Adorable Little Girl Have To Fight So Darn Hard Just To Just A Bathroom?,1
This Adorable 6-Year-Old Won A Case That Will Change The Lives Of Thousands,0
"Wow, This Elementary School Was Horrible To A Little Girl. What She Did About It Was Equalitastic.",1
This Court Case Is A Huge Victory For Equal Rights. And It's About ... Bathrooms?,0
"The Recovery Is Over! Stock Market Is Up! Life Is Great! Wait, What?",1
"The Recovery Is Over! Stock Market Is Up! Life Is Great! Wait, What?",0
"The Recovery Is Over! Stock Market Is Up! Life Is Great! Wait, What?",1
"The Recovery Is Over! Stock Market Is Up! Life Is Great! Wait, What?",0
Frederick Douglas Was Asked To Speak At A July 4 Celebration. It Didn't Go So Well...,1
Frederick Douglas Was Asked To Speak At A July 4 Celebration. It Didn't Go So Well...,0
"Wow, This Elementary School Was Horrible To A Little Girl. What She Did About It Was Equalitastic.",1
"Wow, This Elementary School Was Horrible To A Little Girl. What She Did About It Was Equalitastic.",0
"Look, I Get It. Girls Like Pink. That's Only Because You Forgot To Show Them Something Way Cooler.",1
"Instead Of Giving Your Daughter A Doll, Why Don't You Give Her Super Giant Brain Powers AND A Doll",0
"Wow, This Elementary School Was Horrible To A Little Girl. What She Did About It Was Equalitastic.",1
"Every Once In A While, A Court Makes A Badass Ruling And Bathroom Users Rejoice",0
Frederick Douglas Was Asked To Speak At A July 4 Celebration. It Didn't Go So Well...,1
Frederick Douglas Was Asked To Speak At A July 4 Celebration. It Didn't Go So Well...,0
"Hey, Look! It's The Same People Who Are Blocking The Same Rights Again And AGAIN.",1
I Am So Sick Of Seeing The Same People Blocking The Same Rights Over And Over Again,0
6 Overused Sentences That I Wish Always Had These Twist Endings,1
6 Overused Sentences That I Wish Always Had These Twist Endings,0
Socialized Medicine: You Keep Using That Word. I Do Not Think It Means What You Think It Means.,1
Can We Get The People Fighting Over Health Care A Time Machine? They're Stuck In 2009.,0
"A Famous Actress Called 'Cut' On This Scene. Watch, As It's A Scene Millions Of Women Recognise.",1
"If A Famous Actress Calls 'Cut' And Gets Ignored, What Does That Mean For Other Women?
",0
"Google Failed Big Time, But These Kids Made It All Right Again",1
How Did These Kids Make Their Invisible Town Visible? Hint: It Wasn’t A Magic Trick.,0
"Look, I Get It. Girls Like Pink. That's Only Because You Forgot To Show Them Something Way Cooler.",1
"Look, I Get It. Girls Like Pink. That's Only Because You Forgot To Show Them Something Way Cooler.",0
Watch A Bunch Of Little Girls Sing A Power Ballad Shattering What Little Girls Are Supposed To Like,1
"My Daughter Will Sing Like A Queen When She Shatters Gender Stereotypes. No, Not That Queen.",0
The Most Heartwarming Use Of Duct Tape You'll Ever See,1
"After Life Wipes You Out, You'll Wish You Had A Friend Like This. And Duct Tape. ",0
"The Recovery Is Over! Stock Market Is Up! Life Is Great! Wait, What?",1
"The Recovery Is Over! Stock Market Is Up! Life Is Great! Wait, What?",0
Bill Nye The Science Guy Explains The Basics Of Something You Should Really Know,1
Bill Nye The Science Guy Explains The Basics Of Something You Should Really Know,0
Who Knew That Pam And Tara Making Out On True Blood Actually Helped Change The World,1
"When Bob And Lee Moved To Wisteria Lane, Who Knew They Were Helping To Change The World",0
"Google Failed Big Time, But These Kids Made It All Right Again",1
"Google Failed Big Time, But These Kids Made It All Right Again",0
A Cartoon Shows Us In Two Minutes Just How Wrong Something Men Have Been Doing For Centuries Is,1
Watch: A FEMINIST Episode Of A *Pretty Sexist* Cartoon? We Can All Learn A Little Bit From This.,0
This Gay Pride Video Makes Me As Happy As Riding A Candy Colored Unicorn On A Road Made Of Rainbows,1
This Celebration Of Pride Is Like A Unicorn Leaping Over A Cloud Made Of Star Spangled Cotton Candy,0
Dog Tries To Save Owner After Cops Handcuff Him. What Ensues Is Heartbreaking.,1
Did These Cops Really Need To Shoot This Man's Dog?,0
Watch A Bunch Of Little Girls Sing A Power Ballad Shattering What Little Girls Are Supposed To Like,1
Watch A Bunch Of Little Girls Sing A Power Ballad Shattering What Little Girls Are Supposed To Like,0
"Wow, This Elementary School Was Horrible To A Little Girl. What She Did About It Was Wonderful.",1
"Wow, This Elementary School Was Horrible To A Little Girl. What She Did About It Was Equalitastic.",0
We All Made Mistakes In Middle School. We Just Have To Make Sure We Learn From Them.,1
What Would You Say If You Had The Chance To Chat With 7th-Grade You?,0
"Look, I Get It. Girls Like Pink. That's Only Because You Forgot To Show Them Something Way Cooler.",1
Forget About The Glass Ceiling. It's Time To Shatter The Pink Aisle Of Gender Toy Awfulness.,0
6 Overused Sentences That I Wish Always Had These Twist Endings,1
6 Overused Sentences That I Wish Always Had These Twist Endings,0
"Look, I Get It. Girls Like Pink. That's Only Because You Forgot To Show Them Something Way Awesomer.",1
"Look, I Get It. Girls Like Pink. That's Only Because You Forgot To Show Them Something Way Cooler.",0
Bill Nye The Science Guy Explains The Basics Of Something You Should Really Know,1
Bill Nye The Science Guy Explains The Basics Of Something You Should Really Know,0
1 In 3 Women Will Experience This At Some Point ... Unless We Do Something About It,1
"I Know You Know Violence Against Women Is Bad, But I Want You To Know What You Can Do About It",0
"Look, I Get It. Girls Like Pink. That's Only Because We Failed To Show Them Something Way More Epic.",1
I Get It. Girls Like Pink. That's Only Because We Failed To Show Them The Far Better Alternative.,0
"Look, I Get It. Girls Like Pink. That's Only Because We Failed To Show Them Something Way More Epic.",1
"Look, I Get It. Girls Like Pink. That's Only Because We Failed To Show Them Something Way More Epic.",0
"A Famous Actress Called 'Cut' On This Scene. Watch, As It's A Scene Millions Of Women Recognise.",1
"A Famous Actress Called 'Cut' On This Scene. Watch, As It's A Scene Millions Of Women Recognise.",0
This Gay Pride Video Makes Me As Happy As Riding A Candy Colored Unicorn On A Road Made Of Rainbows,1
This Gay Pride Video Makes Me As Happy As Riding A Candy Colored Unicorn On A Road Made Of Rainbows,0
What This 14-Year Old Can Do With Only A Picture And Junks Scraps Is MacGyverrific,1
"With Only A Picture, A Dream and Junk Scraps One Boy Strives To Feed His Village",0
Who Knew That Pam And Tara Making Out On True Blood Actually Helped Change The World,1
"We're Here, We're Queer, And Yay! America Is Getting Used To It!",0
What Goes Through A Soldier’s Mind During An Attack? Might Not Be What You Expect.,1
Something You Should Watch Before You BBQ,0
"Rapper Makes A Reference On Needing To Use A Fist In A Way You Wouldn't Imagine
",1
"HOT CELEB TRENDS: Tuxedos, White Ties and Reflecting Thoughtfully On Workers Rights",0
A Simple Joke About A Super Obvious Problem In Hollywood Said In A Refreshingly Sly Way,1
"This TV Character Is Speaking Fluent Onion—Or, When What You're Saying Couldn't Have More Layers",0
"A Famous Actress Called 'Cut' On This Scene. Watch, As It's A Scene Millions Of Women Recognize.",1
"A Famous Actress Called 'Cut' On This Scene. Watch, As It's A Scene Millions Of Women Recognize.",0
These Women Paint A Vivid Picture Of What Fairness Should Look Like When Leading A Country,1
These Women Are Getting This Part Of The World To Embrace Another 'L' Word: Leader,0
"If A 14-Year Old In Africa Can Build These With Scraps, Imagine What We Could Do In America?",1
"If He Can Build An Energy Source With Scraps, What's Stopping A Huge Country like America?",0
WTF?!? Doctors Prove Life Possible Without A Pulse Or A Heartbeat.,1
"Docs Keep Man Alive With Spare Parts From Home Depot – Inspector Gadet, Is That You?",0
Who Knew That Callie And Arizona Making Out On 'Grey's Anatomy' Actually Helped Change The World,1
Who Knew That Emily And Maya Making Out On 'Pretty Little Liars' Actually Helped Change The World,0
Musician Wyclef Makes A Reference On Needing To Use A Fist In A Way You Wouldn't Imagine,1
Rapper Makes A Reference On Needing To Use A Fist In A Way You Wouldn't Imagine,0
Chef Cooks Up Yummy Meals For Less Than A Dollar But His Life Lessons Are Delicious,1
Chef Cooks Up Yummy Meals For Less Than A Dollar But His Life Lessons Are Delicious,0
These Women Paint A Vivid Picture Of What Fairness Should Look Like When Leading A Country,1
These Women Paint A Vivid Picture Of What Fairness Should Look Like When Leading A Country,0
This Film Will Speak To You Only Because It Doesn’t Say One Word,1
What Would This Combat Zone Be Like Without The Combat?,0
"Presenting 'The Realest 2 Minutes I've Seen On The News In A Long Time', Starring Levar Burton",1
"If You're Black, Live In America And Get Pulled Over, Stick Your Hands Out The Window.'",0
Know An American Who Thinks We're Equal? Show Them What This Guy Does When He's Stopped By A Cop.,1
"Presenting 'The Realest 2 Minutes I've Seen On The News In A Long Time', Starring Levar Burton",0
A Simple Joke About A Super Obvious Problem In Hollywood Said In A Refreshingly Sly Way,1
A Simple Joke About A Super Obvious Problem In Hollywood Said In A Refreshingly Sly Way,0
Meet The Doctor Who Thinks We've Got America's Biggest Health Problem Backwards,1
"He's Talking About Revolutionary Science, But This Is Really An Apology To A Patient He Failed",0
"The Next Time Someone Talks About Starving Kids In Africa, Show Them This",1
"These People Were Hungry For A Better Food System, So They Went Ahead And Made One",0
What Would Suburbia Look If It Had The Same Water Resources As Africa?,1
What Would Suburbia Look If It Had The Same Water Resources As Africa?,0
A Famous Actress Called 'Cut' On This Awful Scene. A Scene Millions Of Women Recognize.,1
"A Famous Actress Called 'Cut' On This Scene. Watch, As It's A Scene Millions Of Women Recognize.",0
These Folks Are Taking That Whole 'An Injury To One Is An Injury To All' Thing Quite Literally,1
These Folks Are Taking That Whole 'An Injury To One Is An Injury To All' Thing Quite Literally,0
This Young Man’s Performance Is Like A Gorgeous Yelp Review Of The Millenial Generation,1
‘We Hate Our Government But Love Our Country’ … And Other Incredible Words About Young Americans,0
Know An American Who Thinks We're Equal? Show Them What This Guy Does When He's Stopped By A Cop.,1
Know An American Who Thinks We're Equal? Show Them What This Guy Does When He's Stopped By A Cop.,0
This Comedian Is So Funny You Wont Realize You Heard Something Meaningful Until She Takes Her Bow,1
"The ""Chow Like Cho Diet"" Will Give You Some Food For Thought About The Real Hollywood",0
What Would Suburbia Look If It Had The Same Water Resources As Africa?,1
Is This What Suburbia Would Look If It Had The Same Water Resources As Africa?,0
"Here's Beautiful Proof That We Don't Always Get The ""Be A Good Person"" Thing Right The First Time",1
"Some Beautiful Proof That We Don't Always Get The ""Be A Good Person"" Thing Right The First Time",0
Meet The Doctor Who Thinks We've Got America's Biggest Health Problem Backwards,1
Meet The Doctor Who Thinks We've Got America's Biggest Health Problem Backwards,0
6 Overused Creepy Sentences That I Wish Always Had These Surprise Endings,1
6 Overused Sentences That I Wish Always Had These Surprise Endings,0
"The True Story Of A Man With No Heart. Literally, No Heart.",1
"The True Story Of A Man With No Heart. Literally, No Heart.",0
This Is What Happens When A Bunch Of Old Dudes Try To Take Away Women's Rights In The Dark Of Night,1
This Is What Happens When A Bunch Of Old Dudes Try To Take Away Women's Rights In The Dark Of Night,0
This Is What Happens When A Bunch Of Old Dudes Try To Take Away Women's Rights In The Dark Of Night,1
This Is What Happens When A Bunch Of Old Dudes Try To Take Away Women's Rights In The Dark Of Night,0
This Film Will Speak To You Only Because It Doesn’t Say One Word,1
This Film Will Speak To You Only Because It Doesn’t Say One Word,0
Try NOT Wanting To Be A Better Person – After Meeting This Man,1
"Oh Great. After Seeing What This Guy Is Like, I Guess I Should Be A Better Person.",0
This Is Literally Just A Video Of A Bunch Of Super Happy People. Watch It And Just TRY Not To Smile.,1
"There’s A Lot Left To Do, But Let’s Just Smile And Hug Each Other For A Moment, Shall We?",0
He Said He'd Never Been Out Of His Wheelchair For Long. What He Did When He Got Out Was Astounding.,1
A Man With Cerebral Palsy Shows Us What Determination Looks Like,0
"In The Worst Moment Of Her Life She Turned To YouTube For Help, And It Worked. ",1
It Isn't Just For Status Updates: Social Media Changed This Woman’s Life,0
"WTF? 47% Of High School Kids Have Done ""It,"" But Only A Third of High School Freshman Can Do This?",1
"Even If You Don't Have Kids, An Important Issue Affecting Children Will Affect You, Too",0
"In The Worst Moment Of Her Life She Turned To YouTube For Help, And It Worked",1
"In The Worst Moment Of Her Life She Turned To YouTube For Help, And It Worked",0
"The Next Time One Of My Kids Tells Me, ""I Can't,"" I'm Showing Them The Video Of What This Guy Did",1
"The Next Time One Of My Kids Tells Me, ""I Can't,"" I'm Showing Them The Video Of What This Guy Did",0
Great. How Has The Government Lost Track Of 60 Billion Dollars This Time??,1
Great. How Has The Government Lost Track Of 60 Billion Dollars This Time??,0
"If Mr. Burns From 'The Simpsons' Ran A Company Meeting, It Would Probably Go A Little Something Like This",1
"If Mr. Burns From 'The Simpsons' Ran A Company Meeting, It Would Probably Go A Little Something Like This",0
Watch An Artist Turn One City’s Garbage Into Trashtacular Art,1
Here’s Some Art That’ll Make You Think (And Pinch Your Nose),0
Westboro Baptist Church May Have Met Their Match... And She's 5 Years Old.,1
She Could Have Been Selling Prune Juice For Her Cause And I Still Would Have Bought Five Glasses.,0
A Flash Mob That Did Way More Than Just Confuse And Startle The People Around It.,1
The Way These Middle Schoolers Said Thank You To Their Retiring Principal Makes Me Want To Dance,0
If You Ever Hear Anyone Doing This In Public Please Do More Than Ask Them To Quiet Down.,1
If You Ever Hear Anyone Doing This In Public Please Do More Than Ask Them To Quiet Down.,0
Ever Seen The Clip Where Muhammad Ali Uppercutted America? Here It Is.,1
This Fight Muhammad Ali Took On Outside The Ring Was Just As Impressive As His Title Fights,0
"Thanks, Lesbians - How Will I Ever Top This Marriage Proposal?",1
"Everyone Loves A Good Flashmob, Everyone Loves A Good marriage Proposal. Ready? Same Time.",0
THE LAST LAUGH: This Woman Became Exactly What She Was Told She Couldn't Be.,1
She Didn't Let Aged Advice Stop Her. Now She's Giving Age Old Advice That'll Make You Never Stop.,0
"I Always Wondered If Those Doctors On Tv Were Hazardous To My Health, And This Doc Confirms It",1
Rapping Doctor Says That All The Doctors On Tv Are Sucka MDs,0
"SHE GETS IT: I, Too, Have Five To Seven Days, Of Every Month, That I Hate My Boyfriend.",1
"What Do You Mean Super Or Maxi? IF YOU LOVE ME, YOU'LL JUST GO BUY ME SOME!!!",0
"A Mother Is Looking For Her Son, She Finds Him In The Scariest  Place.",1
"It's 10:00pm, Do You Know Where Your Brothers Are?",0
Watch An Artist Turn One City’s Garbage Into Trashtacular Art,1
Watch An Artist Turn One City’s Garbage Into Trashtacular Art,0
OMG!!! This Veterinarian Essentially Tortures Himself To Shed Light On A Dangerous Habit.,1
"For The Love Of Dog, This Veterinarian Essentially Roasts Himself",0
I Doubt His Parents Thought Sending Their Gay Kid To A Christian School Would Have These Results,1
I Doubt His Parents Thought Sending Their Gay Kid To A Christian School Would Have These Results,0
Think About This Video Before You Ever Say 'It’ll Only Take A Minute.',1
Think About This Video Before You Ever Say 'It’ll Only Take A Minute.',0
Exposing A Room Full Of Bigots Has Never Sounded So Good (Or More Hilarious),1
Have We Already Forgotten The Lessons Borat Taught Us?,0
"So If Her Parents Had Given Up, They Never Would Have Seen This ",1
Your Special Child May Be Way More Special Than You Even Realize,0
Homosexuality Has Spread To Our Cereal And This Host Has Had Enough!,1
I Knew I Saw That Fruit Loops Toucan At The Gay Bar The Other Night,0
I'd Be Careful About Taking My Kids To A Park With Such A Nasty Secret,1
Aren't National Parks Supposed To Be Full Of Things You CAN'T Buy In Line At 7/11?,0
"I Always Wondered If Those Doctors On Tv Were Hazardous To My Health, And This Doc Confirms It",1
"I Always Wondered If Those Doctors On Tv Were Hazardous To My Health, And This Doc Confirms It",0
Dustin Hoffman Breaks Down Crying Trying To Explain Something That Every Woman Already Knows,1
Dustin Hoffman Breaks Down Crying Trying To Explain Something That Every Woman Already Knows,0
Dustin Hoffman Breaks Down Crying Trying To Explain Something That Every Woman Already Knows,1
Dustin Hoffman Breaks Down Crying Trying To Explain Something That Every Woman Already Knows,0
"Why You Should Totally Eat That Leftover Pasta. Yes, You. I'm Talking To You!",1
"Why You Should Totally Eat That Leftover Pasta. Yes, You. I'm Talking To You!",0
Dustin Hoffman Breaks Down Crying Trying To Explain Something That Every Woman Sadly Already Knows,1
Dustin Hoffman Breaks Down Crying Trying To Explain Something That All Woman Sadly Already Realized,0
"If I Ever Hit On A Straight Guy, I Would Want Him To Be Just Like This Comedian ",1
It's Always Nice To See A Straight Guy Lay Down Some Gay Common Sense,0
Dustin Hoffman Breaks Down Crying Explaining Something That Every Woman Sadly Already Experienced,1
Dustin Hoffman Breaks Down Crying Explaining Something That Every Woman Sadly Already Experienced,0
The Kind Of Marriage Proposal That Makes You Want To Go Out And Fall In Lesbian Love,1
The Kind Of Marriage Proposal That Makes You Want To Go Out And Fall In Lesbian Love,0
"If You Think We Haven’t Come A Long Way, Watch How Ridiculous Men Were 40 Years Ago",1
Freshest Cross-Body Block A Marathon Has EVER Seen,0
"If This Sweet Project Won Second Place At The Science Fair, First Place Must’ve Been A Time Machine",1
The One Time I Admit A Fifteen-Year Old Is Waaay Smarter Than Me,0
"If You Think We Haven’t Come A Long Way, Watch How Ridiculous Men Were 40 Years Ago",1
On The Right Track: Meet The Boston Marathoner Who Changed That Course For Female Runners Forever,0
"If You Think We Haven’t Come A Long Way, Watch How Ridiculous Men Were 40 Years Ago",1
"If You Think We Haven’t Come A Long Way, Watch How Ridiculous Men Were 40 Years Ago",0
The Kind Of Marriage Proposal That Makes You Want To Go Out And Fall In Lesbian Love,1
The Kind Of Marriage Proposal That Makes You Want To Go Out And Fall In Lesbian Love,0
Can An Animated Movie Trailer Show How Much The Times Are Changing?,1
Can An Animated Movie Trailer Show How Much The Times Are Changing?,0
Profiles In Courage: Floor Speeches Against DOMA Way Back In ‘96,1
WATCH: Your Duly Elected Representatives Standing Up For Their Principles Before It Was Cool,0
"A Famous Actress Called 'Cut' On This Scene. Watch, As It's A Scene Millions Of Women Recognize.",1
A Famous Actress Called 'Cut' In This Terrifying Scene. A Scene Millions Of Women Recognize.,0
The So-Called 'Women's Issue' That Affects Millions Of So-Called 'Manly Men' Too,1
That Thing You Think Of When Someone Says 'Body Image' Is Only Half-Right At Best,0
"The Next Time Someone Tells You To Be Afraid Of Socialized Medicine, Show Them Why They're Wrong",1
WATCH: The People Who Invented Health Care Are Basically Telling Us We're Doing It Wrong,0
"If They Think They Can Silence This Female Rapper, Just Look At What She Does To Defy Them",1
"She Gets Death Threats For Her Music … So Why Does She Keep Going?
",0
"This Comedian Gives The Best 60-Second Piece Of Advice To Liberals, Conservatives, And Human Beings",1
"Step 1. Step Away From Your Political Wolfpacks Step 2. Listen To This Comedian For 60 Seconds
",0
Step 1: Ask Other Nations What They Think Of Our Health Care. Step 2: Apply Cold Water To The Burn.,1
WATCH: These Taiwanese Policymakers Are Calling Out American Health Care,0
Being Told To Eat Healthy Is Meaningless If You Can't Compare Foods. Here's A Good Method.,1
"Here's A Video To Help You Judge Your Food, Which Is Okay Because Food Doesn't Have Feelings",0
There's A Reason This Guy Should Be Named Father Of The Decade,1
The Most Mundane Details Of This Dad's Life Are What Make Him Amazing,0
This Comedian Is So Funny You Won't Realize You Heard Something Meaningful Until She Takes Her Bow,1
This Comedian Is So Funny You Won't Realize You Heard Something Meaningful Until She Takes Her Bow,0
Every Night This Dad Falls Asleep In Front Of The TV. There's A Beautiful Reason Why That's Awesome.,1
Every Night This Dad Falls Asleep In Front Of The TV. There's A Beautiful Reason Why That's Awesome.,0
Can An Animated Movie Trailer Show How Much The Times Are Changing?,1
Can An Animated Movie Trailer Show How Much The Times Are Changing?,0
"The Next Time You Hear Someone Say That Americans Are Lazy, Show Them This",1
The Top Reason We're All Stressed To The Max Is Right Here,0
This New Zealander Wants To Mess With Texas (For A Very Good Reason),1
This New Zealander Wants To Mess With Texas (For A Very Good Reason),0
Every Night This Dad Falls Asleep In Front Of The TV. There's A Beautiful Reason Why.,1
Every Night This Dad Falls Asleep In Front Of The TV. There's A Great Reason Why That's Awesome.,0
"Why You Should Totally Eat That Leftover Pasta. Yes, You. I'm Talking To You!",1
"Why You Should Totally Eat That Leftover Pasta. Yes, You. I'm Talking To You!",0
This Is Hands Down The Grossest National Park I've Ever Seen,1
This Is Hands Down The Grossest National Park I've Ever Seen,0
Ever Seen The Clip Where Muhammad Ali Uppercut America? Here It Is.,1
Ever Seen The Clip Where Muhammad Ali Uppercut America? Here It Is.,0
"The Next Time You Hear Someone Say That Americans Are Lazy, Show Them This",1
"The Next Time You Hear Someone Say That Americans Are Lazy, Show Them This",0
Can An Animated Movie Trailer Show How Much The Times Are Changing?,1
Can An Animated Movie Trailer Show How Much The Times Are Changing?,0
"Do You Understand These Two Words? Here, Let Stephen Fry Break It Down To You.
",1
"Let Britain Show You How To Send A Message To Your Leaders
",0
How Facebooking About Brazil Could Get The Olympics And The World Cup Canceled,1
Why Facebooking About Brazil Could Get The Olympics Canceled (Or Better),0
"Calling Them ""Girls"" Was Their First Mistake. What Happens Next Is A Great Moment In Fierceness.",1
"After This Verbal Beatdown Of A Corporate Big Wig, The Only Thing Missing Was Two Snaps And A Circle",0
I'm Not Sure I Could Do What This Actress Did—In Front Of A Police Car—In A Foreign Country...,1
I'm Not Sure I Could Do What This Actress Did—In Front Of A Police Car—In A Foreign Country...,0
"Sexists Think Women Are Bad At Math, But Do They Really Think We Don't Know 77 Is Less Than 100?",1
"Sexists Think Women Are Bad At Math, But Do They Really Think We Don't Know 77 Is Less Than 100?",0
"When You Hear Someone Say 'Fat,' They Have No Idea What They're Talking About",1
The Easiest Way To Remember Which Kind Of Fat To Eat,0
"Chris Rock Gives The Best 60-Second Piece Of Advice To Liberals, Conservatives, And Human Beings",1
"Chris Rock Gives The Best 60-Second Piece Of Advice To Liberals, Conservatives, And Human Beings",0
"I Cannot Believe The Men Are Doing This In Front Of Our Eyes
",1
"As A Woman Who Regularly Protests, The Fact This Isn’t A Bigger Issue Makes Me So Mad
",0
The Country She Lives In Send Her Death Threats For Doing Something Nicki Minaj Does Daily,1
"She Won’t Stay Inside And Be Silent, And That Angers A Lot Of Men In Her Country
",0
"Chris Rock Gives The Best 60-Second Piece Of Advice To Liberals, Conservatives, And Human Beings",1
"Chris Rock Gives The Best 60-Second Piece Of Advice To Liberals, Conservatives, And Human Beings",0
"Calling Them ""Girls"" Was Their First Mistake. What Happens Next Is A Great Moment In Fierceness.",1
"Calling Them ""Girls"" Was Their First Mistake. What Happens Next Is A Great Moment In Fierceness.",0
Think We Haven’t Come A Long Way? Watch How Ridiculous Men Were Just 40 Years Ago.,1
"If You Think We Haven’t Come A Long Way, Watch How Ridiculous Men Were 40 Years Ago",0
This Is By Far The Grossest National Park I've Ever Seen,1
This Is Hands Down The Most Unnatural National Park I've Ever Seen,0
This New Zealander Really Wants To Mess With Texas (For A Very Good Reason),1
This Guy Wants To Mess With Texas (For A Very Good Reason),0
WATCH: Your Duly Elected Representatives Standing Up For Their Principles Before It Was Cool,1
Profiles In Courage: Floor Speeches Against DOMA Way Back In ‘96,0
"The School In This Commercial May Be Fake, But The Reason It Exists Is All Too Real",1
"The School In This Commercial May Be Fake, But The Reason It Exists Is All Too Real",0
Oliver Stone Has Some Disturbing Questions He’d Like To Ask You,1
Oliver Stone’s Response To The NSA Make Me Feel Like We’re In Orwell’s 1984. And That’s The Point.,0
"Sick Of Paying Rent? Just Build Your Own Tiny Palace, Like These Guys Did.",1
"Sick Of Paying Rent? Just Build Your Own Tiny Palace, Like These Guys Did.",0
Congressman Responds Like A Real Person Would After Getting Really Inane Letter From His Coworkers,1
Congressman Responds Like A Real Person Would After Getting Fact-Challenged Letter From Coworkers,0
Congressman Responds Like A Real Person Would After Getting A Really Inane Letter From His Coworkers,1
Congressman Responds Like A Real Person Would After Getting A Really Inane Letter From His Coworkers,0
The Only Time It’s OK To Make A Kid Cry In Front Of His Entire School Is Right Here,1
A Bunch Of Middle Schoolers Actually Raised Their Hands And Volunteered For Something?!,0
Happens Every Time: Watching This Dude Kill It On The Dance Floor Makes My Heart Burst Open,1
Happens Every Time: Watching This Dude Kill It On The Dance Floor Makes My Heart Burst Open,0
"A Little Kid Talks To Paris Hilton... Wait, Where Are You Going? I Promise Its A Good Thing.",1
What Do @ParisHilton And @CharlieSheen Have In Common With Brazilian Children?,0
Congressman Responds Like A Real Person Would After Getting A Really Inane Letter From His Coworkers,1
Congressman Responds Like A Real Human Would After Getting A Really Inane Letter From His Coworkers,0
The Most Dangerous Sea Creatures In The World Are On This Graphic,1
Wipe The Fog From Your Goggles: That Ain’t A Fish Swimming Next To You,0
Happens Every Time: Watching This Dude Kill It On The Dance Floor Makes My Heart Burst Open,1
Happens Every Time: Watching This Dude Kill It On The Dance Floor Makes My Heart Burst Open,0
Congressman Responds Like Real Human Person Would After Getting An Absurd Letter From His Coworkers,1
Congressman Responds Like A Real Human Person Would After Getting A Dumb Letter From His Coworkers,0
The Only Time It’s OK To Make A Kid Cry In Front Of His Entire School Is Right Here,1
The Only Time It’s OK To Make A Kid Cry In Front Of His Entire School Is Right Here,0
"She Said She Doesn't Want Any ""Yo-Baby"" Attention. See How She Avoids It.",1
DUH: Want To Know Something About Muslims ... Ask A Muslim,0
"A Little Kid Talks To Charlie Sheen... Wait, Where Are You Going? I Promise Its A Good Thing.",1
"A Little Kid Talks To A D-List Celebrity... Wait, Where Are You Going? I Promise Its A Good Thing.",0
A 12-Year-Old Egyptian Boy Flabbergasts An Interviewer. They Weren't Expecting A Political Genius.,1
A 12-Year-Old Egyptian Boy Flabbergasts An Interviewer. They Weren't Expecting A Political Genius.,0
Watch A Pro Wrestler Make All These Kids Smile While He Body Slams Their Worst Fears,1
"These Kids Are Worried About Their Future, So This Pro Wrestler Decided To Give Them Hope In The Ring",0
"This Woman Doesn't Believe In God, But Her View On Life & Death Is Absolutely Heavenly",1
"This Playwright Just Convinced Me That I Am A Flower, And I Think You Are Too",0
This Comedian Just Pointed Out What Dudes Never Think Of When Asking A Woman Out.,1
This Comedian Just Pointed Out What Dudes Never Think Of When Asking A Woman Out.,0
This Comedian Just Pointed Out What Dudes Never Think Of When Asking A Woman Out,1
This Comedian Just Pointed Out What Dudes Never Think Of When Asking A Woman Out,0
This Comedian Just Pointed Out What Dudes Never Think Of When Asking A Woman Out,1
This Comedian Just Pointed Out What Dudes Never Think Of When Asking A Woman Out,0
HALLELUJAH: Here Are All Of The Things I've Wanted To Yell Down The Self Help-Aisle,1
"Customers Aren't Always Right, Especially When They're Trying To Buy Something They've Had All Along",0
HALLELUJAH: Here Are All Of The Things I've Wanted To Yell Down The Self Help-Aisle,1
HALLELUJAH: Here Are All Of The Things I've Wanted To Yell Down The Self Help-Aisle,0
Bette Midler Didn’t Know This Was Going To Be Caught On Tape. That Makes This Even More Amazing.,1
Bette Midler Gives Private Performance Over Cell Phone For Woman's Last Wish. Beautiful.,0
1960s Letter From NASA To Aspiring Astronaut Reveals Why No Woman Has Walked On The Moon,1
"Houston, We Had A Lady Problem",0
Bette Midler Didn’t Know This Was Going To Be Caught On Tape. That Makes This Even More Amazing.,1
Bette Midler Didn’t Know This Was Going To Be Caught On Tape. That Makes This Even More Amazing.,0
"A Little Kid Talks To Charlie Sheen... Wait, Where Are You Going? I Promise Its A Good Thing.",1
"Little Kids Talk To Charlie Sheen... Wait, Where Are You Going? I Promise Its A Good Thing.",0
A Twist On A Classic Song Tells You Everything You Need To Know About The Terrifying Abortion Bill,1
A Twist On A Classic Song Tells You Everything You Need To Know About The Terrifying Abortion Bill,0
1960s Letter From NASA To Aspiring Astronaut Reveals Why No Woman Has Walked On The Moon,1
"Old NASA Letter Basically Says Tells Aspiring Astronaut, ""Space Is No Place For A Lady",0
"A Little Kid Talks To Charlie Sheen... Wait, Where Are You Going? I Promise Its A Good Thing.",1
"A Little Kid Talks To Charlie Sheen... Wait, Where Are You Going? I Promise Its A Good Thing.",0
"A Little Kid Talks To Charlie Sheen... Wait, Where Are You Going? I Promise Its A Good Thing.",1
"A Little Kid Talks To Charlie Sheen... Wait, Where Are You Going? I Promise Its A Good Thing.",0
A Twist On A Grade School Song Tells Everything You Need To Know About The Terrifying Abortion Bill,1
A Twist On A Classic Song Tells You Everything You Need To Know About The Horrifying Abortion Bill,0
"Please, Do NOT Warn Your Children About This Stranger Posing As An Ice Cream Man",1
This Guy Wants To Lure Your Children Over To His Fake Ice Cream Truck. If You’re Lucky.,0
A Twist On A Grade School Song Tells Everything You Need To Know About The Terrifying Abortion Bill,1
A Twist On A Grade School Song Tells Everything You Need To Know About The Terrifying Abortion Bill,0
"In Case You Missed It, Here's What The Trayvon Martin Case Was About (Aside From Attempted Justice)",1
"In Case You Missed It, Here's What The Trayvon Martin Case Was About (Aside From Attempted Justice)",0
"In Case You Missed It, Here's What The Trayvon Martin Case Was About (Aside From Attempted Justice)",1
"In Case You Missed It, Here's What The Trayvon Martin Case Was About (Aside From Attempted Justice)",0
"In Case You Missed It, Here's What The Trayvon Martin Case Was About (Aside From Attempted Justice)",1
"In Case You Missed It, Here's What The Trayvon Martin Case Was About (Aside From Attempted Justice)",0
"In Case You Missed It, Here's What The Trayvon Martin Case Was About (Aside From Attempted Justice)",1
"In Case You Missed It, Here's What The Trayvon Martin Case Was About (Aside From Attempted Justice)",0
When Hanging Out With A 9-Year-Old Tanzanian Boy Doesn’t Look Like A Feed The Children Campaign,1
What’s More Compelling Than Footage Of A Child Soldier In Africa? How About Movie Reviews?,0
"In Case You Missed It, Here's What The Trayvon Martin Case Was About (Aside From Attempted Justice)",1
Imagine If This Man Had Walked Down The Wrong Street On The Wrong Night Wearing The Wrong Thing,0
Imagine If This Man Had Walked Down The Wrong Street On The Wrong Night Wearing The Wrong Thing,1
"In Case You Missed It, Here's What The Trayvon Martin Case Was About (Aside From Attempted Justice)",0
"In Case You Missed It, Here's What You May Not Realize About The Whole Trayvon Martin Thing",1
"In Case You Missed It, Here's What You Don't Get About The Whole Trayvon Martin Trial",0
The One Where McDonald's Makes An Employee Budget Planner And It Blows Up In Their Faces,1
"If You Follow This Budget Planner From McDonald's, Happy Meals Might Be Your Only Way To Eat",0
Its Not A Hymn For Hoodies. Its A Reminder Of The Biggest Question About This Whole Mess,1
"We Should Stand Our Ground. For Justice, As We Listen To These Words.",0
Its Not A Hymn For Hoodies. Its A Reminder Of The Biggest Question About This Whole Mess,1
Its Not A Hymn For Hoodies. Its A Reminder Of The Biggest Question About This Whole Mess,0
The One Where McDonald's Makes An Employee Budget Planner And It Blows Up In Their Faces,1
The One Where McDonald's Makes An Employee Budget Planner And It Blows Up In Their Faces,0
Its Not A Hymn For Hoodies. Its A Reminder Of The Biggest Question About This Whole Mess,1
Its Not A Hymn For Hoodies. Its A Reminder Of The Biggest Question About This Whole Mess,0
I Can't Believe I Live In A Country Where Children Are Saying What I Just Heard This Pundit Say,1
"I Bet If All Of Your Neighbors Were Alligators, You Would Know How This Host Feels",0
Don't Think American Cinema Revolves Around Men? Take A Look Here.,1
Don't Think American Cinema Revolves Around Men? Take A Look Here.,0
CNBC Hosts Decide To Teach Senator Warren How Regulations Work. Probably Shouldn't Have Done That.,1
CNBC Hosts Lecture Senator Warren On How Bank Regulations Work. Probably Shouldn't Have Done That.,0
I Can't Believe I Live In A Country Where Children Are Saying What I Just Heard This Pundit Say,1
"If I Heard My Child Say What Melissa Harris Perry's Daughter Said To Her, I Would Be Shocked",0
Don't Think American Cinema Revolves Around Men? Take A Look Here.,1
Don't Think American Cinema Revolves Around Men? Take A Look Here.,0
I Can't Believe I Live In A Country Where Children Are Saying What I Just Heard This Pundit Say,1
I Can't Believe I Live In A Country Where Children Are Saying What I Just Heard This Pundit Say,0
Forget Everything You Learned In Economics. You Were Lied To.,1
Forget Everything You Learned In Economics. You Were Lied To.,0
Forget Everything You Learned In Economics. You Were Lied To.,1
Forget Everything You Learned In Economics. You Were Lied To.,0
Forget Everything You Learned In Economics. You Were Lied To.,1
Forget Everything You Learned In Economics. You Were Lied To.,0
Why Do We Need To Keep Convincing People This Is A Real Disease?,1
"We Might Not Hold Relays Or Fundraisers For This, But It's No Less A Disease",0
The Most Beautiful Answer To A Rude Question That Gets Asked All The Time,1
These Hardworking People Make Something That Can't Be Measured In Dollars,0
Being A Cab Driver In A Big City Has To Be Tough. This Guy's Just A Bit Tougher.,1
"If You've Ever Been In A Cab In Any Big City, You'll Understand What Makes This Guy Tick",0
"Most Forget An Item Or Two On Their Grocery List, But Here's The MOST Important Thing To Remember",1
Meet The Edward Snowden Of Supermarkets. (He's Looking For Asylum In The Dairy Aisle.),0
Forget Everything You Learned In Economics. You Were Lied To.,1
Forget Everything You Learned In Economics. You Were Lied To.,0
Put A Cape On This Guy Because The Way He Fights His Demons Is Super Human,1
Put A Cape On This Guy Because The Way He Fights His Demons Is Super Human,0
CNBC Hosts Decide To Teach Senator Warren How Regulation Works. Probably Shouldn't Have Done That.,1
CNBC Hosts Decide To Teach Senator Warren How Regulation Works. Probably Shouldn't Have Done That.,0
"Most Forget An Item Or Two On Their Grocery List, But Here's The MOST Important Thing To Remember",1
"Most Forget An Item Or Two On Their Grocery List, But Here's The MOST Important Thing To Remember",0
A Perspective On George Zimmerman That Every Person Should Hear,1
A Perspective On George Zimmerman That Every Person Should Hear,0
Put A Cape On This Guy Because The Way He Fights This Monster Is Superhuman,1
Put A Cape On This Guy Because The Way He Fights This Beast Is Superhuman,0
How Can Our Kids Accept Diversity If These Books Are What We Use To Raise Them?,1
How Can Our Kids Accept Diversity If These Books Are What We Use To Raise Them?,0
What Stevie Wonder Did For Trayvon Just Made My Heart Skip A Beat,1
It's Looking Like Florida Isn't The Sunshine Of Stevie Wonder's Life,0
"I’d Like A Bag Of Fries, A Coke, And This Massive Injustice Sorted Out By The Time I Pick It Up
",1
"Can You Give Me Cheese Burger, A Coke, And A Side Of Fairness. Hold The Injustice.
",0
"This Is The Story Of A Kid Who Only Wanted A Dime, But Got A Life Lesson He Won’t Forget Instead",1
"You Can’t Decide What You Want People To Remember You By, Which Is Why This Story Is So Wonderful
",0
How Did It Not Dawn On The Police That This Woman Was The Victim Of A Hate Crime?,1
"To The Court, Its Case Closed. To A Mother's Heart, Its Being Closed-Minded.",0
What Stevie Wonder Did For Trayvon Just Made My Heart Skip A Beat,1
What Stevie Wonder Did For Trayvon Just Made My Heart Skip A Beat,0
"I’d Like A Bag Of Fries, A Coke, And This Massive Injustice Sorted Out By The Time I Pick It Up",1
"You May Think You're Too Good For A Big Mac, But I Don't Think You're Above Supporting These Workers",0
"Why Are We Always Trying To Stop The People Who Want To HELP Our Country?
",1
"The White House Explains Why They're Keen On Changing These Peoples Lives For The Better
",0
I Don’t Think Eminem Realizes He’s Become A Science Teacher,1
"Anything That Encourages Kids To Consider Being A Rapper Alongside A Brain Surgeon Is Amazing
",0
"I’d Like A Bag Of Fries, A Coke, And This Massive Injustice Sorted Out By The Time I Pick It Up",1
"I’d Like A Bag Of Fries, A Coke, And This Massive Injustice Sorted Out By The Time I Pick It Up",0
You Won't Believe The Drugs Kids Are On These Days,1
You Won't Believe The Drugs Kids Are On These Days,0
Why Is This Unsigned Country Singer Getting So Much Attention For The Love Interest In His Video?,1
"A Country Crooner, Some Whiskey And Unrequited Love. Sounds Typical, Right? It Isn't.",0
So You're Telling Me This TV Character From 1960 Gets The Constitution But The NSA Doesn't?,1
It's A Huge Problem When I'm Siding With The Sheriff Of Mayberry Over The American Government,0
Why Is This Unsigned Country Singer Getting So Much Attention For The Love Interest In His Video?,1
Why Is This Unsigned Country Singer Getting So Much Attention For The Love Interest In His Video?,0
"An Actor Makes A Great Point About Discounting New Ideas, Especially Based On Color",1
"They Told Him He Couldn't Be A Hero. He Proved They Weren't Just Out-Of-Date, But Out Of This World.",0
Why Do We Need To Keep Convincing People This Is A Real Disease?,1
Why Do We Need To Keep Convincing People This Is A Real Disease?,0
How Did It Not Dawn On The Police That This Woman Was The Victim Of A Hate Crime? Really??,1
How Did It Not Dawn On The Police That This Woman Was The Victim Of A Hate Crime? Really??,0
An Actor's Profound Superhero Story Will Have You Saying Don't Judge A Comic Book By Its Color,1
An Actor's Profound Superhero Story Will Have You Saying Don't Judge A Comic Book By Its Color,0
The Government Wants You To Be Ready For Zombies.,1
"The Government Wants You To Be Ready For Zombies. And They Have A Good Reason, Too.",0
How Can Our Kids Accept Diversity If These Books Are What We Use To Raise Them?,1
How Can Our Kids Accept Diversity If These Books Are What We Use To Raise Them?,0
A Witty (And Sinister) Look At The Not-Too-Distant Future Of Tourism,1
A Witty (And Sinister) Look At The Not-Too-Distant Future Of Tourism,0
It's A Shame That We Need To Keep Convincing People This Is A Real Disease,1
Why Do We Need To Keep Convincing People This Is A Serious Disease?,0
"If You Came Here And Saw This Much Excess, You Would Be Livid Too.",1
The Kind Of Room Service That Will Make Your Hotel Stay Even Better,0
This Unsigned Country Singer Is Getting A Lot Of Attention For The Love Interest In His Video...,1
Why Is This Unsigned Country Singer Getting So Much Attention For The Love Interest In His Video?,0
Think She’s Owed An Apology? No Woman Deserves This Taken Away From Her.,1
OMG! Mother Recounts Shame That Drove Her To A Dirty Toilet Stall.,0
This Guy Sees How Dirty Our Cleaning Habits Are. Do you?,1
This Guy Sees How Dirty Our Cleaning Habits Are. Do you?,0
A Witty (And Sinister) Look At The Not-Too-Distant Future Of Tourism,1
A Witty (And Sinister) Look At The Not-Too-Distant Future Of Tourism,0
"As A Man, I’m Disgusted That We Could Demean Women This Way. Disgusted.",1
"As A Man, I’m Disgusted That We Could Demean Women This Way. Disgusted.",0
"Whether You're For War Or Against It, Here's How It Changes The People Who Fight",1
100 Reasons We Can’t Take Our Troops For Granted,0
"You Can Forget One Or Two Things On The Grocery List, But You NEED To Remember This",1
Ever Wonder Why It Takes So Damn Long To Get To The Milk At The Grocery Store?,0
‘Can You Have Sex?’ Guess Who Hates Hearing That Question The Most?,1
"People With Disabilities Are Laughing At YOU, But You’ll Want To Laugh WITH Them",0
"Why It’s Dangerous To Treat Corporations Like People, Explained In One Minute (With Cool Animation)",1
"Why It’s Dangerous To Treat Corporations Like People, Explained In One Minute (With Cool Animation)",0
"Life In Plastic May Be Fantastic For Barbie, But It's Not So Great For The Rest Of Us",1
"Life In Plastic May Be Fantastic For Barbie, But It's Not So Great For The Rest Of Us",0
"Joel Was So Close To Being Trayvon, He Almost Didn’t Get To Write This",1
"Joel Was So Close To Being Trayvon, He Almost Didn’t Get To Write This Poem",0
"It's Rare That The Daily Show Slips Out Of Satire And Into Anger. This Is One Of Those Times. 
",1
"The Daily Show Want To Rename Florida. I Think Their Name Rings Far, Far Truer.
",0
It's Rare That The Daily Show Slips Out Of Satire And Into Anger. This Is One Of Those Times.,1
"That OMG-WTF-Humanity Anger You're Feeling? Let The Daily Show Put It Into Words For You
",0
It's Rare That The Daily Show Slips Out Of Satire And Into Anger. This Is One Of Those Times.,1
It's Rare That The Daily Show Slips Out Of Satire And Into Anger. This Is One Of Those Times.,0
"Terrorists Bomb A City Council Meeting, But You've Never Heard Of The City",1
Why We Can't Just Shoot Our Way Out Of A Terrorist War,0
Scientists Need To Stop Pretending That Reversing Climate Change Is 'Fun',1
Scientists Need To Stop Pretending That Reversing Climate Change Is 'Fun',0
The Difference Between Global Warming Skeptics And Normal People,1
"Until I Have Proof That The Roof Is On Fire, I'm Going To Go Ahead And Keep Burning Alive",0
It's Important To Remember How Bad Governments USED To Be,1
"It's Hard To Believe, But There Used To Be A Worse Way To 'Elect A President'",0
A Holocaust Survivor's Compassionate Message To The German Population,1
"A Holocaust Survivor Has Nothing But Love, Peace, And Good Advice For Germany",0
Here's The Infographic Your Gas Station Doesn't Want You To See,1
Here's The Infographic Your Gas Station Doesn't Want You To See,0
‘Can You Have Sex?’ Guess Who Hates Hearing That Question The Most?,1
‘Can You Have Sex?’ Guess Who Hates Hearing That Question The Most?,0
Extended Forecast: A 100% Chance Of These 2 Kids Kicking Major Butt In Life,1
These Kids Dream So Hard You’ll See Stars,0
Here's The Infographic Your Gas Station Doesn't Want You To See,1
Here's The Infographic Your Gas Station Doesn't Want You To See,0
"Hate To Say It, But You’ve Got It All Wrong About Video Games",1
"Hate To Say It, But You’ve Got It All Wrong About Video Games",0
"A Debate Over A ""Controversial"" Ad Just Got Owned By A Bunch Of Kids",1
"So A Debate Over A ""Controversial"" Ad Just Got Owned By A Bunch Of Kids",0
Here's The Infographic Your Gas Station Doesn't Want You To See,1
Here's The Infographic Your Gas Station Doesn't Want You To See,0
"Think Trayvon's Record Said Something About His Character?  Well, Get A Load Of This.",1
"Hey, People With Records Are No Good And Deserve To Die...Unless They're White",0
MUST WATCH: The Video CNBC TRIED To Hide From The Internet. They Probably Shouldn't Have Done That.,1
MUST WATCH: The Video CNBC Is Trying To Hide From The Entire Internet,0
"Think Trayvon's Record Said Something About His Character?  Well, Get A Load Of This.",1
"Think Trayvon's Record Said Something About His Character?  Well, Get A Load Of This.",0
MUST WATCH: The Video CNBC Tried To Hide From The Internet. They Probably Shouldn't Have Done That.,1
MUST WATCH: The Video CNBC Tried To Hide From The Internet. They Probably Shouldn't Have Done That.,0
"Think Trayvon's Record Said Something About His Character?  Well, Get A Load Of This.",1
"Think Trayvon's Record Said Something About His Character?  Well, Get A Load Of This.",0
95 Young Adult Books To Read This Summer Instead Of Reading 'Harry Potter' AGAIN,1
95 Young Adult Books To Read This Summer Instead Of 'Twilight',0
"The Hardest Decision For This Soldier Was Not On The Battlefield, But On His Own Driveway",1
"The Hardest Decision For This Soldier Was Not On The Battlefield, But On His Own Driveway",0
"Some Of These People Have Done Horrible Things, But What We Are Doing To Them Should Be A Crime",1
The Human Rights Issue In This Country That Most People Don't Care About,0
The Worlds Most Belovedly Annoying Song Gets Remixed By Kids In Cambodia,1
"How Gangnam Style Is Helping Kids In A Slum Of Phnom Penh, Cambodia",0
95 Young Adult Books To Read This Summer Instead Of Reading 'Harry Potter' AGAIN,1
95 Young Adult Books To Read This Summer Instead Of Reading 'Harry Potter' AGAIN,0
A Huge Hunger Strike For Human Rights Is Happening In America Right Now In The Most Unlikely Place,1
A Huge Hunger Strike For Human Rights Is Happening In America Right Now In The Most Unlikely Place,0
The Worlds Most Belovedly Annoying Song Gets Remixed By Kids In Cambodia,1
The Worlds Most Belovedly Annoying Song Gets Remixed By Kids In Cambodia,0
Here's The Infographic Your Gas Station Doesn't Want You To See,1
Here's The Infographic Your Gas Station Doesn't Want You To See,0
Here's The Infographic Your Gas Station Really Doesn't Want You To See,1
Here's The Infographic Your Gas Station Doesn't Want You To See,0
"Meet The Wannabe New Barbie, No Longer Burdened With Those Unattainable Alien-Like Legs",1
"Meet The Wannabe New Barbie, No Longer Burdened With Those Unattainable Alien-Like Legs",0
"If this is how the nice kids think, imagine how the not-so-nice ones feel ",1
Holy Crap. What Are We Accidentally Teaching Our Kids?,0
"If this is how the nice kids think, imagine how the not-so-nice ones feel ",1
"If this is how the nice kids think, imagine how the not-so-nice ones feel ",0
"If this is how the nice kids think, imagine how the not-so-nice ones feel ",1
"If this is how the nice kids think, imagine how the not-so-nice ones feel ",0
One Girl Had A Mission To Show Everyone They Were Beautiful. Here's Her Story.,1
One Girl Had A Mission To Show Everyone They Were Beautiful. Here's Her Story.,0
"By The Time He’s Done Brushing His Teeth, This Kid Will Be Dead. It's Pretty Cool.  ",1
What Ends Up Killing This Kid In The End? Only Time Will Tell.,0
"By The Time He’s Done Brushing His Teeth, This Kid Will Be Dead. It's Pretty Cool.",1
"By The Time He’s Done Brushing His Teeth, This Kid Will Be Dead. It's Pretty Cool.",0
Those Teachers Enjoying 3 Months Of Paid Time Off? Let's Put That Into Perspective...,1
Those Teachers Enjoying 3 Months Of Paid Time Off? Let's Put That Into Perspective...,0
Meet 4 Kenyan Women Who Want You To Keep Your 'Poverty Porn' To Yourself,1
What's Unusual About The Messaging For This African Charity?,0
"If You Know Nothing About Keystone XL, Here's An Adorable Animation You Should Watch",1
"If You Know Nothing About Keystone XL, Here's An Adorable Animation You Should Watch",0
The Real Number Of Hours Teachers Work In One Eye-Opening Graphic,1
The Real Number Of Hours Teachers Work In One Eye-Opening Graphic,0
When's The Last Time You Heard Someone Being This Candid About What Happened To American Families?,1
One Of These Broadcast Legends Tackles Our Problems Head-On. The Other Makes Us Laugh About Them.,0
A Little Girl's Moment Of Courage Captured On Camera Is The Reason We Need To Look After Each Other,1
A Little Girl's Moment Of Courage Captured On Camera Is The Reason We Need To Look After Each Other,0
"She Did Well In School And Had Plans To Be A Doctor, So The U.S. Gov’t Took The Next Logical Step",1
"This Teen Wants To Help Cancer Patients, So OBVIOUSLY Deporting Her Totally Makes Sense",0
"She Did Well In School And Had Plans To Be A Doctor, So The U.S. Gov’t Took The Next Logical Step",1
"She Did Well In School And Had Plans To Be A Doctor, So The U.S. Gov’t Took The Next Logical Step",0
Watch A Religious Man Eloquently Explain What Everyone Missed About The Trayvon Martin Case,1
Watch A Religious Man Eloquently Explain What Most Of Us Missed About The Trayvon Martin Case,0
A Wrestler Who Can't Walk And His Best Friend Who Can't See Decided To Blow Your Mind,1
A Wrestler Who Can't Walk And His Best Friend Who Can't See Decided To Blow Your Mind,0
"He Has No Legs. HIs Best Friend Is Blind. Between Them, They Win At Everything They Touch.",1
He Was Hit By A Train And Got Up. What More Do You Need To Know?,0
Watch A Preacher Succinctly Explain What Everyone Missed About The Trayvon Martin Case,1
Watch A Preacher Succinctly Explain What Everyone Missed About The Trayvon Martin Case,0
I'm Actually Comfortable With These People Hacking The Government,1
I'm Actually Comfortable With These People Hacking The Government,0
Meet 4 Kenyan Women Who Want You To Keep Your 'Poverty Porn' To Yourself,1
Meet 4 Kenyan Women Who Want You To Keep Your 'Poverty Porn' To Yourself,0
"He Has No Legs. HIs Best Friend Is Blind. Together, They Win At Everything They Set Their Minds To.",1
"He Has No Legs. HIs Best Friend Is Blind. Together, They Win At Everything.",0
Everything You Need To See To Convince You That Global Warming Is Happening (In 13 Seconds),1
Everything You Need To See To Convince You That Global Warming Is Happening (In 13 Seconds),0
Meet 4 Kenyan Women Who Want You To Keep Your 'Poverty Porn' To Yourself,1
Meet 4 Kenyan Women Who Want You To Keep Your 'Poverty Porn' To Yourself,0
The Men Who Fought This Law Wore White Robes. The Folks Dismantling It Wear Black Ones.,1
FAST FACTS: Learn About The 148-Year Journey Of The Voting Rights Act In Only 3 Minutes,0
"Why Did This Police Chief Apologize For Something He Didn’t Do, 50 Years After It’d Happened?",1
"Why Did This Police Chief Apologize For Something He Didn’t Do, 50 Years After It’d Happened?",0
"Brown Bear, Brown Bear, What Do You See? I See Louis C.K. Sticking Up For Me.",1
"Brown Bear, Brown Bear, What Do You See? I See Louis C.K. Sticking Up For Me.",0
"You Know That Stupid, Sexist Music Video That Robin Thicke Made? This One Is More Disturbing.",1
"You Know That Stupid, Sexist Music Video That Robin Thicke Made? This One Is More Disturbing.",0
"If You Know Nothing About Keystone XL, Here's An Adorable Animation You Should Watch",1
"If You Know Nothing About Keystone XL, Here's An Adorable Animation You Should Watch",0
Your Ketchup Has A Terrible Secret It's Keeping All Bottled Up,1
Sugar Is Hiding So Well These Days You'd Think It's A Horcrux,0
Why Do All The Girls That Save The Day Only Look A Certain Way?,1
Why Do All The Girls That Save The Day Only Look A Certain Way?,0
"If You Know Nothing About Keystone XL, Here's An Adorable Animation You Should Watch",1
"If You Know Nothing About Keystone XL, Here's An Adorable Animation You Should Watch",0
"Yes, What You're Seeing Here Are ACTUAL Alternatives To Health Care Reform.",1
"Yes, What You're Seeing Here Are ACTUAL Alternatives To Health Care Reform.",0
Everything You Need To See To Convince You That Global Warming Is Happening (In 13 Seconds),1
Everything You Need To See To Convince You That Global Warming Is Happening (In 13 Seconds),0
A Classic Scene From 'It's A Wonderful Life' That Is Just As Relevant Today,1
"If You've Tried To Buy A House In The Last 5 Years, You Might Be Cheering For George Bailey Right Here",0
"Yes, What You're Seeing Here Are ACTUAL Alternatives To Health Care Reform.",1
"Yes, What You're Seeing Here Are ACTUAL Alternatives To Health Care Reform.",0
The Government Has A Sexy Little Music Video They'd Prefer You Don't Watch. EVER.,1
The Government Has A Sexy Little Music Video They'd Prefer You Didn't Watch,0
Stephen Fry Confesses Into a Webcam What He Really Feels About Being Gay,1
Stephen Fry Confesses Into a Webcam What He Really Feels About Being Gay,0
The Difference Between Global Warming Skeptics And Normal People,1
The Logical Conclusion For A Global Warming Skeptic Vs. What They Actually Do,0
"For Someone Who 'Lives' Online, This Poet’s Rant Was A Good Reminder To Keep My IRL Friends Close",1
"For Someone Who 'Lives' Online, This Poet’s Rant Was A Good Reminder To Keep My IRL Friends Close",0
The Most Anti-Gay Airline In The Entire World Has A New Safety Video,1
The Most Anti-Gay Airline In The Entire World Has A New Safety Video,0
Rachel Maddow Connects The Dots. Only The Dots Are Women’s Rights. And They’re Disappearing.,1
When Are These Legislators Going To Stop Exploiting Their Power At The Expense Of Women?,0
Finally – A Graph That Explains Why We’re Not Getting Anywhere On Climate Change,1
Finally – A Graph That Explains Why We’re Not Getting Anywhere On Climate Change,0
"The Good News Is, We Know What The Problem Is. The Bad News Is, WTF?",1
"The Good News Is, We Know What The Problem Is. The Bad News Is, WTF?",0
Why Anger Often Replaces The Many Other Emotions That Men Have,1
"As A Teenager, The Worst Thing To Be Called Was A Girl. As An Adult, I'm Seeing What A Problem That Is",0
Watch And Learn: How To Roll Down Your Window And Deliver A Fantastic Response To An A**hole,1
This Parks And Rec Star Totally Got The Last Word When She Was Disrespected At A Red Light,0
"Armed With A Glass Of Water And Some Cold-Hard Facts, This Guy Blows Up The Debate On Islam",1
"Meet Islam’s Most Eloquent Defender
",0
"It Might Look Like A Bunch Of Scribbles, But It’s Actually Packed With Buckets Of Wisdom",1
"It Might Look Like A Bunch Of Scribbles, But It’s Actually Packed With Buckets Of Wisdom",0
"I’ll Puke If One More Politician Swears The Children Are The Future, And This Infographic Is Why",1
I Don’t Think The College System Is Supposed To Function Like A Pair Of Cement Shoes,0
"It Might Look Like A Bunch Of Scribbles, But It’s Actually Packed With Buckets Of Wisdom",1
"It Might Look Like A Bunch Of Scribbles, But It’s Actually Packed With Buckets Of Wisdom",0
"If Men Have So Much Power In The World, How Is This 'Boy Crisis' Even A Thing?",1
"Nobody Fits A Mold, So Why Should We Expect Half The Population To Fill One?",0
Parents Claim To Have Eyes On The Backs Of Their Heads. Remember That Kids Have Eyes On The Front.,1
One Of The Few Times Saying 'They're Always Watching You' Isn't Creepy,0
"Compassion And Empathy Are Nice And All, But Sometimes, They Don't Do A Thing",1
"Compassion And Empathy Are Nice And All, But Sometimes, They Don't Do A Thing",0
Men: The More Powerful Sex Or The More Repressed Sex?,1
Men: The More Powerful Sex Or The More (Emotionally) Repressed One?,0
"Compassion And Empathy Are Nice And All, But Sometimes, They Don't Do A Thing",1
"Compassion And Empathy Are Nice And All, But Sometimes, They Don't Do A Thing",0
The Problem Facing Young Men That Needs To Become A Household Conversation,1
The Problem Facing Young Men That Needs To Become A Household Conversation,0
Consider This Trashy Fact Before Digging Into Your Next Seafood Feast,1
What Do You Have To Do With The Junk In Not-So-Free Willy's Trunk?,0
Apparently There Is A Question That A Large Majority Of Adults Are Incredibly Afraid To Ask,1
The Kind Of Game You Might Just Lose Because You Were Trying To Be Nice,0
Apparently There Is A Question That A Large Majority Of Adults Are Incredibly Afraid To Ask,1
Apparently There Is A Question That A Large Majority Of Adults Are Incredibly Afraid To Ask,0
Consider This Trashy Fact Before Digging Into Your Next Seafood Feast,1
Consider This Trashy Fact Before Digging Into Your Next Seafood Feast,0
What Could Make An Entire Room Full Of Football Players So Emotional?,1
If A Football Coach Can Make ME Feel So Emotional...,0
Burglars In Your House? Here Are Some Things You Can Do While You Wait For Them To Leave,1
Here Are Some Things You Can Do While You Wait For Burglars To Leave Your House,0
Burglars In Your House? Here Are Some Things You Can Do While You Wait For Them To Leave,1
Burglars In Your House? Here Are Some Things You Can Do While You Wait For Them To Leave,0
Don’t Make The Mistake I Made. Read Title Carefully. He’s Not A Coffee Maker.,1
"He Won’t Help You Carry Someone You Love, But He’ll Do Most Of The Work",0
Apparently There Is A Question That A Large Majority Of Adults Are Incredibly Afraid To Ask,1
Apparently There Is A Question That A Large Majority Of Adults Are Incredibly Afraid To Ask,0
Some College Seniors Get Drunk and Jaded. This One Got Inspired And Arrested.,1
How One Ordinary Guy Took On The U.S. Government And Helped Inspire A Movement,0
"A Muslim Scholar Writes A Book About Jesus, And This Newscaster's Brain Explodes",1
"A Muslim Scholar Writes A Book About Jesus, And This Newscaster's Brain Explodes",0
Missed Obama’s Major Announcement On Climate Change? Shoulda Been Watching Jon Stewart.,1
Missed Obama’s Major Announcement On Climate Change? Shoulda Been Watching Jon Stewart.,0
An Awful Tabloid Decided To Review Her Lady Parts Instead Of Her Music. So She Responded Awesomely.,1
An Awful Tabloid Decided To Review Her Lady Parts Instead Of Her Music. So She Responded Awesomely.,0
Because The Way We've Been Talking About Gettin' It On Is Turnin' Me Off,1
Because The Way We've Been Talking About Gettin' It On Is Turnin' Me Off,0
Here's Something You May Scroll Past Because You Wouldn't Want To See The Horrifying Reality,1
"Blood Is Water, Bombs Are Toys, And Children Are Doctors. Unbelievable.",0
Watch A Retired Teacher Shatter What's Left Of A Politician's Mayoral Campaign In Under 2 Minutes,1
Retired Teacher Asks Sexting Politician The Question We All Wish He'd Answer. Accountability Ensues.,0
A Celebrity Couple Are Hounded By Paparazzi As They Walk Down The Street. Their Response Is Superb.,1
A Celebrity Couple Are Hounded By Paparazzi And Decide To Respond In A Wonderful Way.,0
Watch A Retired Teacher Shatter What's Left Of A Politician's Mayoral Campaign In Under 2 Minutes,1
Watch A Retired Teacher Shatter What's Left Of A Politician's Mayoral Campaign In Under 2 Minutes,0
Because The Way We've Been Talking About Gettin' It On Is Turnin' Me Off,1
Because The Way We've Been Talking About Gettin' It On Is Turnin' Me Off,0
A Celebrity Couple Are Hounded By Paparazzi As They Walk Down The Street. Their Response Is Superb.,1
A Celebrity Couple Are Hounded By Paparazzi As They Walk Down The Street. Their Response Is Superb.,0
You'd Think He's Creepy If I Told You What He Did. So I'll Let Him Explain.,1
I Never Would've Watched This Video Had I Not Thought It Said 'Coffee Maker'. But I'm Glad I Did.,0
A Geek Mom Asked A Celebrity Nerd To Give Her Baby Geek Some Wisdom. Set Phasers To Heartwarming.,1
The Nerdy Kid From Star Trek Just Beamed Tears Onto My Face With His Inspiring Words For A Baby Geek,0
What Advice Could Make A Locker Room Full Of Football Players So Emotional?,1
What Advice Has A Locker Room Full Of Football Players Overcome With Emotion?,0
You Can See Her Groundbreaking Joy In Every Note She Sings,1
"Euphony: (n.) Wonderful Sounds. Now That You Know, You Can Describe These Trailblazing Ladies Right.",0
"If This Unconventional Educator Had His Way, No Student Would Ever Be Uniform Again",1
To Act Against Conformity Is To Keep The World An Interesting And Amazing Place,0
Anyone Could Make This Mistake. The Fact It Happens All The Time Is Frightening.,1
Anyone Could Make This Mistake. The Fact It Happens All The Time Is Frightening.,0
You Can See Her Groundbreaking Joy In Every Note She Sings,1
This Pioneer For Women Uses Her Heart As Much Her Lungs To Make Beautiful Music,0
This Is What It Looks Like When The King Of The Of Nerds Gives Your Infant Daughter A Pep Talk,1
A Geek Mom Asked A Celebrity Nerd To Give Her Baby Geek Some Wisdom. Set Phasers To Heartwarming.,0
"If You Still Don't Think We Need Feminism, You Should Know These Girls Were Bullied For These Signs",1
"If You Still Don't Think We Need Feminism, You Should Know These Girls Were Bullied For These Signs",0
Because The Way We've Been Talking About Gettin' It On Is Turnin' Me Off,1
Because The Way We've Been Talking About Gettin' It On Is Turnin' Me Off,0
This Is What It Looks Like When The King Of The Nerds Gives Your Infant Daughter A Pep Talk,1
This Is What It Looks Like When The King Of The Nerds Gives Your Infant Daughter A Pep Talk,0
Her Dad Thinks Being Gay Was Her Choice. The Words She Said Back? Couldn't Have Chosen Them Better.,1
Her Dad Thinks Being Gay Was Her Choice. The Words She Said Back? Couldn't Have Chosen Them Better.,0
"If You Still Don't Think We Need Feminism, You Should Know These Girls Were Bullied For These Signs",1
"If You Still Don't Think We Need Feminism, You Should Know These Girls Were Bullied For These Signs",0
They Ate At 50 Schools In The Name Of Progress. Bless Their Souls.,1
They Ate At 50 Schools In The Name Of Progress. Bless Their Souls.,0
Because The Way We've Been Talking About Gettin' It On Is Turnin' Me Off,1
Because The Way We've Been Talking About Gettin' It On Is Turnin' Me Off,0
Some Geek Boys Called These Geek Girls 'Fake.' They Won't Make That Mistake Again.,1
"Hey, Cool. A Music Video About My Life. Featuring People I Want To Be Friends With.",0
INFOGRAPHIC: How Could This Happen To 28% Of Kids On Our Watch?,1
How To Help A Quarter Of Kids Have A Better Life,0
"If You Still Don't Think We Need Feminism, You Should Know These Girls Were Bullied For These Signs",1
"If You Still Don't Think We Need Feminism, You Should Know These Girls Were Bullied For These Signs",0
"Stephen Colbert's Scathing, Hilarious Response To McDonald's McMinimum Wage Budget",1
"HILARIOUS! Instead Of Raising Wages, McDonald's Offers A McBudget.",0
Meet 7 Families That Will Make You Believe You Can Do So Much More With Your Groceries,1
Meet 7 Families That Will Make You Believe You Can Do So Much More With Your Groceries,0
"Give Me One Minute Of Your Time And I Guarantee You'll Think Differently About Your Trash Forever
",1
It Takes Less Than A Minute To Change How You Look At Your Trash,0
"Stephen Colbert's Scathing, Hilarious Response To McDonald's McMinimum Wage Budget",1
"Stephen Colbert's Scathing, Hilarious Response To McDonald's McMinimum Wage Budget",0
A Celebrity Couple Are Hounded By Paparazzi As They Walk Down The Street. Their Response Is Superb.,1
A Celebrity Couple Are Hounded By Paparazzi As They Walk Down The Street. Their Response Is Superb.,0
"If You Still Don't Think We Need Feminism, You Should Know These Girls Were Bullied For These Signs",1
"If You Still Don't Think We Need Feminism, You Should Know These Girls Were Bullied For These Signs",0
A Celebrity Couple Are Hounded By Paparazzi As They Walk Down The Street. Their Response Is Superb.,1
A Celebrity Couple Are Hounded By Paparazzi As They Walk Down The Street. Their Response Is Superb.,0
"If You Still Don't Think We Need Feminism, You Should See The Signs These Girls Were Bullied For",1
"If You Still Don't Think We Need Feminism, You Should Know These Girls Were Bullied For Their Signs",0
Can You Believe Some Condescending Geek Guys Think These Brilliant Geek Girls Aren't 'Real'?,1
"I'd List All The Nerdy Stuff I Like, But Oh Wait — I've Got Nothing To Prove",0
This Country Killed A 16-Year-Old American Boy And Wouldn't Explain Why. Guess Which One.,1
Once Upon A Time A Country Killed A 16-Year-Old American Boy And Wouldn't Say Why. Guess Which One.,0
These Photos Make A Thought-Provoking Point About Something You Probably Just Did A Few Seconds Ago,1
These Photos Make A Thought-Provoking Point About Something You Probably Just Did A Few Seconds Ago,0
The Way We've Been Talking About Gettin' It On Is Turnin' Me Off,1
Because The Way We've Been Talking About Gettin' Down Is Turnin' Me Off,0
WOW! Best Use Of Ad Space I Have Ever Seen.,1
Probably The Coolest Way To Squeeze Every Available Resource I’ve Ever Seen,0
Some Geek Boys Called These Geek Girls 'Fake.' They Won't Make That Mistake Again.,1
"Don't Let The Dulcet Tones Fool You, These Girls Have Had ENOUGH Of Being Called 'Fake'",0
Desmond Tutu Would Rather Go To Hell Than Not Have This Heaven,1
Desmond Tutu Thinks That What We're Fighting Against Here Is As Important As Apartheid.,0
"I'd Ask You To Like This Photo If You Agree With It, But Then I Think That Proves The Photo Right",1
"I'd Ask You To Like This Photo If You Agree With It, But Then I Think That Proves The Photo Right",0
The Fact That I Thought These Were Real Should Scare Us All,1
The Fact That I Thought These Were Real Almost Made Me Give Up On Life.,0
What World Do We Live In When Even An Act Of Kindness Faces This Kind of Discrimination?,1
What World Do We Live In When Even An Act Of Kindness Faces This Kind of Discrimination?,0
Some Geek Boys Called These Geek Girls 'Fake.' They Won't Make That Mistake Again.,1
Some Geek Boys Called These Geek Girls 'Fake.' They Won't Make That Mistake Again.,0
Some Geek Boys Called These Geek Girls 'Fake.' They Certainly Won't Be Making That Mistake Again.,1
Some Geek Boys Called These Geek Girls 'Fake.' They Certainly Won't Be Making That Mistake Again.,0
This Country Killed A 16-Year-Old American Boy And Wouldn't Explain Why. Guess Which One.,1
This Country Killed A 16-Year-Old American Boy And Wouldn't Explain Why. Guess Which One.,0
The Fact That These Are Fake Is Hilarious. The Fact We Thought They Were Real Is Disturbing.,1
The Fact That You Thought These Were Real Should Scare Us All,0
The Fact That These Are Fake Is Hilarious. The Fact We Thought They Were Real Is Disturbing.,1
The Fact That This Is Fake Is Hilarious. The Fact We Thought It Was Real Is Disturbing.,0
What Happens When You Give A Teacher Superpowers? You Probably Aren't Expecting This.,1
What Happens When You Give A Teacher Superpowers? You Probably Aren't Expecting This.,0
You Know How This Is Going To End The Whole Way Through. And That Spoils Nothing.,1
"You May Have Seen Every Movie Made, But I Guarantee You Haven't Seen This One",0
What Happens When You Give A Teacher Superpowers? This Might Not Be What You Expect.,1
What Happens When You Give A Teacher Superpowers? This Might Not Be What You Expect.,0
The Fact That These Ads Are Fake Is Hilarious. That Everyone Thought They Are Real Is Disconcerting.,1
The Fact That These Ads Are Fake Is Hilarious. That Everyone Thought They Are Real Is Disconcerting.,0
A Country Killed A 16-Year-Old American Boy And Wouldn't Explain Why. Guess Which One.,1
This Country Killed A 16-Year-Old American Boy And Wouldn't Explain Why. Guess Which One.,0
Liam Neeson Is Here To Remind Us Pain Doesn't Go Away Just Because You Don't See It,1
"We All Want To Make This Invisible Problem Visible So We Can End It. Here Look, Liam Neeson Agrees.",0
"When A Parent Plans To Raise A Boy Into A Man And It Doesn’t Go As Planned, What Happens Next?",1
"When A Parent Plans To Raise A Boy Into A Man And It Doesn’t Go As Planned, What Happens Next?",0
Someone Has To Stop All These White People From Ruining Everything,1
What Is It Gonna Take To Get White Leaders To Stand Up And Condemn These White Thugs?,0
Some Facts That Would Really Help Next Time Your Uncle Wants To Talk About Welfare Fraud,1
Six Facts About One Social Program That Might Surprise You,0
"If White People Don't Deal With This Issue, Then It's All Their Fault When It Happens Again",1
Why Don't More White People Speak Out About White On White Crime,0
Dear White People: You Are An Embarrassment To The Rest Of The White People,1
I'm Tired Of Being Scared That White People Could Riot At Any Moment,0
Dear White People: You Need To Do Something About Some Of Your Scarier White People,1
People Should Stop Being So Afraid Of White People. They Aren't As Scary As You Think.,0
"Liam Neeson Is Waking Us Up To The Painful Truth About Our Children That We Can't See
",1
Liam Neeson Wants Us To Turn This Invisible Painful Truth About Our Children Visible,0
Dear White People: You Need To Do Something About Some Of Your Scarier White People,1
Dear White People: You Need To Do Something About Some Of Your Scarier White People,0
Liam Neeson Is Waking Us Up To The Painful Truth About Our Children That We Can't See,1
Liam Neeson Is Waking Us Up To The Painful Truth About Many Children That We Can't See,0
Dear White People: You Need To Do Something About Some Of Your Angrier White People,1
Dear White People: You Need To Do Something About Some Of Your Scarier White People,0
A Mom Had Plans To Raise Her Boy Into A Man. But That Didn't Quite Work Out.,1
A Mom Had Plans To Raise Her Boy Into A Man. But That Didn't Quite Work Out.,0
"When Someone Comes Out, What Do You Do When You Want To Know What’s Wrong With You?",1
Hearing 'You’re Not Alone' When Someone Comes Out Is Important. Especially Under Some Circumstances.,0
Dear White People: Could You Please Do Something About Your Scarier White People?,1
Dear White People: Could You Please Do Something About Your More Ragetacular White People?,0
Dear White People: Could You Please Do Something About Your Scarier White People?,1
Dear White People: You Need To Do Something About Some Of Your Scarier White People,0
This Dude Just Used Jelly Beans To Convince Me To Really Live My Life To The Fullest,1
This Jelly Bean Analogy Of My Life Makes Me Hungry For More Adventures,0
"When Someone Comes Out, What Do You Do When You Want To Know What’s Wrong With You?",1
"When Someone Comes Out, What Do You Do When You Want To Know What’s Wrong With You?",0
Usually Tampon Ads Give Me Cramps And A Headache. This One Makes Me Smile.,1
Usually Tampon Ads Give Me Cramps And A Headache. This One Makes Me Smile.,0
Is There Even A 'Right' Way To React When Your Dad Tells You He's Gay?,1
Is There Even A 'Right' Way To React When Your Dad Tells You He's Gay?,0
This Dude Just Used Jelly Beans To Convince Me To Live My Life To The Fullest,1
This Dude Just Used Jelly Beans To Convince Me To Live My Life To The Fullest,0
"You've Probably Already Seen The Ending, But You'll Never Guess How It Ends",1
"You've Probably Already Seen The Ending, But You'll Never Guess How It Ends",0
"View Of Two Lives On The Same Planet, But In Different Worlds",1
What Happens When Worlds Collide? It’s Not So Bad.,0
Know Someone Who Has More Likes Than Friends? This Man Has A Few Words For You.,1
Your Real Life Friends Will Enjoy This Passionate Plea,0
Know Someone Who Has More Likes Than Friends? This Man Has A Few Words For Them.,1
More iChat Than Eye Contact?,0
Know Someone Who Has More Likes Than Friends? This Man Has A Few Words For Them.,1
Know Someone Who Has More Likes Than Friends? This Man Has A Few Words For Them.,0
"Watch One Community's Response To Fear, Terror, And Hatred - You'll Be In Tears",1
Watch How One Community Turns A Message Of Hate Into One Of Love,0
Split Screen Look At Growing Up Rich Vs. Growing Up Poor,1
Two Lives. Same Planet. Completely Different Worlds.,0
"Sticks And Stones May Break Her Bones, But Words Can Always Hurt Her",1
"Sticks And Stones May Break Her Bones, But Words Can Always Hurt Her",0
This Little Girl's Words Will Take You To A Dark Place So We Can See The Light,1
"Sticks And Stones May Break Her Bones, But Words Can Always Hurt Her",0
"Pixar Doesn't Make NSA Adverts, But If They Did, They'd Look Like These 20 Seconds",1
"Pixar Doesn't Make NSA Adverts, But If They Did, They'd Look Like These 20 Seconds",0
500 Young Folks Went To Turkey To Get Riled Up. Now It's Your Turn.,1
500 Young Folks Went To Turkey To Get Riled Up. Now It's Your Turn.,0
Could Learning This Convoluted Dance Really Be A Matter Of Life And Death?,1
Could Learning This Convoluted Dance Really Be A Matter Of Life And Death?,0
A Quick Remedy If You've Lost Hope In The Ones Fighting For Our Future,1
A Quick Remedy If You've Lost Hope In The Ones Fighting For Our Future,0
"If You Want To Be Inspired By Failure, Here's The Graduation Speech For You",1
Being Nice Is Kind Of Hard. So You Might Want To Start Working On It Now.,0
A Quick Remedy If You've Lost Hope In The Ones Fighting For Our Future,1
A Quick Remedy If You've Lost Hope In The Ones Fighting For Our Future,0
"At McDonald's, The Food Is Not Quite Real. Now, The Paychecks Aren't Either.",1
Rent: $600. Food: $200. Getting Paid With A Debit Card That Charges Huge Fees? Priceless.,0
Could Learning This Convoluted Dance Really Be A Matter Of Life And Death?,1
Could Learning This Convoluted Dance Really Be A Matter Of Life And Death?,0
"It's Heartbreaking To See People Complain About the First Half Of This Test, But Not The Second",1
"Next Time You Complain About Your Neighbors, Make Sure It's For The Right Reason


",0
"I Think Many Women Will Agree With What She Thinks Is The Worst Thing We Do To Girls
",1
Girls Shouldn't Feel Guilty For Being Born A Girl. Yet Why Are So Many Made To Feel That Way?,0
Could Learning This Convoluted Dance Really Be A Matter Of Life And Death?,1
Could Learning This Convoluted Dance Really Be A Matter Of Life And Death?,0
Could Learning This Convoluted Dance Really Be A Matter Of Life And Death?,1
Could Learning This Convoluted Dance Really Be A Matter Of Life And Death?,0
"When The Police Think These Boys Are Dealing Drugs By High-Fiving In Public, Something's Not Right",1
"Reality Check: Their Job Is To Protect People, Not Demonize Them
",0
"Turns Out, Learning This Convoluted Dance Could Be A Matter Of Life And Death",1
Could Learning This Convoluted Dance Really Be A Matter Of Life And Death?,0
"At This Spelling Bee, They Could Not Have Asked Him To Spell A Harder Word",1
"At This Spelling Bee, They Could Not Have Asked Him To Spell A Harder Word",0
"At This Spelling Bee, They Could Not Have Asked Him To Spell A Harder Word",1
"At This Spelling Bee, They Could Not Have Asked Him To Spell A Harder Word",0
"If This Reality Is So Obvious To Kids, Why Can't Adults Act On It?",1
"If This Reality Is So Obvious To Kids, Why Can't Adults Act On It?",0
"When Humanity Throws This Kind Of Party, The Confetti Is Killer",1
This Particular Circle Of Life Is Getting A Big X Drawn Through It,0
Few Things More Beautiful Than These Two Women Singing These 22 Words,1
Few Things More Beautiful Than These Two Women Singing These 22 Words,0
When A Message In A Bottle Is Also A Death Threat,1
When A Message In A Bottle Is Also A Death Threat,0
"When You Have Common Sense Like This Guy, Who Needs To Argue With Homophobes?",1
A Gay Author Has The Common Sense To Share If You Have The Good Sense To Listen To Him,0
Watch This Guy Totally Misspell Father At A Spelling Bee For A Totally Beautiful Reason,1
Watch This Guy Totally Misspell Father At A Spelling Bee For A Totally Beautiful Reason,0
"You May Think It's Healthy, But This Food's Got Some Tricks Up Its Husk",1
"You May Think It's Healthy, But This Food's Got Some Tricks Up Its Husk",0
"If This Reality Is So Obvious To Kids, Why Can't Adults Act On It?",1
"If This Reality Is So Obvious To Kids, Why Can't Adults Act On It?",0
"An Infographic About Malaria That Made Me Happy. No, I'm Not A Psychopath.",1
Progress Or Not Enough? You Be The Judge Of How One Disease Is Being Fought,0
"He Didn't Do Anything Out Of The Ordinary, But Society Makes It Feel Like He Did.",1
"He Didn't Do Anything Out Of The Ordinary, But Society Makes It Feel Like He Did.",0
"An Infographic About Malaria That Made Me Happy. No, I'm Not A Psychopath.",1
"An Infographic About Malaria That Made Me Happy. No, I'm Not A Psychopath.",0
"Turns Out, Learning This Dance Could Be A Matter Of Life And Death",1
"Which Is More Of A Pickle: Being A Teen, Or Critters Facing Climate Change?",0
Martin Luther King Had An Amazing Way With Words. Here's A Powerful Example That's Rarely Seen.,1
Martin Luther King Had An Amazing Way With Words. Here's A Powerful Example That's Rarely Seen.,0
"When You Have Common Sense Like This Guy, Who Needs To Argue With Homophobes?",1
"When You Have Common Sense Like This Guy, Who Needs To Argue With Homophobes?",0
"When You Have Common Sense Like This Guy, Who Needs To Argue With Homophobes?",1
"When You Have Common Sense Like This Guy, Who Needs To Argue With Homophobes?",0
Loneliness Explained So Vibrantly You Will Need To Tell Someone,1
Loneliness Explained So Vibrantly You Will Need To Tell Someone,0
"Do These Kids Have Special Truth Vision, Or Are The Rest Of Us Just In Denial?",1
"Do These Kids Have Special Truth Vision, Or Are Adults Just In Denial?",0
Dear Advertising Agencies: These Are What Your Ads For Women Look Like,1
Dear Advertising Agencies: These Are What Your Ads For Women Look Like,0
Dear Advertising Agencies: These Are What Your Ads For Women Look Like,1
Dear Advertising Agencies: These Are What Your Ads For Women Look Like,0
Loneliness Explained So Vibrantly You Will Need To Tell Someone,1
Loneliness Explained So Vibrantly You Will Need To Tell Someone,0
Dear Advertising Agencies: These Are What Your Ads For Women Look Like,1
Dear Advertising Agencies: These Are What Your Ads For Women Look Like,0
"No Matter How Nonjudgmental You Are, This Guy Has You Beat",1
Is The Ability To See A Disadvantage In Modern Society? I'm Starting To Think So.,0
So Humans Can Be Murderers From Thousands Of Miles Away Now?,1
So Humans Can Be Murderers From Thousands Of Miles Away Now?,0
Loneliness Illustrated So Vibrantly You Will Need To Tell Someone,1
OMG! Loneliness Explained So Beautifully You Will Need To Tell Someone,0
Dear Advertising Agencies: These Are What Your Ads For Women Look Like,1
Dear Advertising Agencies: These Are What Your Ads For Women Look Like,0
"Imagine Being Hunted By Rabid Dogs, Except They Are Humans ",1
People Are Not Rabid Dogs. So Why Are They Acting Like It?,0
Would You Be Able To Guess The Top Five Happiest Careers In The U.S.?,1
What Keeps Employees From Bashing In Their Copy Machines With Baseball Bats?,0
Why College Students Will Soon Be Screwed As Soon As They Graduate,1
Why College Students Will Soon Be Screwed As Soon As They Graduate,0
"When People Are Described As ‘Rabid Dogs,’ There Is Definitely Something Wrong",1
"When People Are Described As ‘Rabid Dogs,’ There Is Definitely Something Wrong",0
"This Boy Lays Out An Experience Most White People Will Never Have To Worry About
",1
This Boy Lays Out An Experience Most White People Will Never Have To Fear,0
You Should Know That Waste Isn't Just Throwing Things Away,1
You Should Know That Waste Isn't Just Throwing Things Away,0
They Can’t Escape From Her Tearful Plea For Help ... Because She’s Standing Right In Front Of Them,1
She's Standing Right In Front Of The Politician She Hopes Will Listen To Her Tearful Plea,0
"Rihanna Just Got Remixed By Some 3rd Graders, Who Want To Send A Message To Their Parents",1
"Rihanna Just Got Remixed By Some 3rd Graders, Who Want To Send A Message To Their Parents",0
How Waste Isn't Just Throwing Things Away,1
You Need To Know Why Waste Isn't Just About Throwing Things Away,0
The Amount Of Skeletons In This Trailer Aren't The Most Alarming Part Of What You're About To See,1
"I Don't Like Being This Angry, But This Time Being Furious Is For The Birds",0
"When People Are Described As ‘Rabid Dogs,’ There Is Definitely Something Wrong",1
"When People Are Described As ‘Rabid Dogs,’ There Is Definitely Something Wrong",0
A Shark Video That Actually Makes Me Fear For Humanity,1
A Shark Video That Actually Makes Me Fear For Humanity,0
What's The Word For When Your Government Does Something That Makes You Want To Vomit?,1
The US Government Scares A Man Into Shutting His Business Down And That's Not Even The Worst Part,0
"Rihanna Just Got Remixed By Some 3rd Graders, Who Want To Send A Message To Their Parents",1
A California School District Has A Bada** Plan For Getting Kids To School On Time,0
"Rihanna Just Got Remixed By Some 3rd Graders, Who Want To Send A Message To Their Parents",1
"Rihanna Just Got Remixed By Some 3rd Graders, Who Want To Send A Message To Their Parents",0
A Rapper Just Used His Rap Music Video To Tell The World Something He's Had To Hide Until Now,1
This Artist A Damn Good Argument For Why His Music Has A Right To Exist,0
One Of These Things Is Not Like The Others' Shouldn't Have Come To Mind When I Viewed A Class Photo,1
"The World Would Be A Better Place With Less Of The 'Before' And More Of The ""After'",0
A Classist In Switzerland Made A Big Mistake. HUGE.,1
Apparently There's No Term For 'Black Billionaire' In Switzerland,0
A Classist In Switzerland Made A Big Mistake. HUGE.,1
A Classist In Switzerland Made A Big Mistake. HUGE.,0
5 Embarrassing Things That I Would Hate To Have In My Obituary,1
5 Things You’d Never Guess Are Deadlier Than Sharks,0
A Rapper Just Used His Rap Music Video To Tell The World Something He's Had To Hide Until Now,1
A Rapper Just Used His Music Video To Tell The World Something He's Been Afraid Say Until Now,0
A Classist In Switzerland Made A Big Mistake. HUGE.,1
A Classist In Switzerland Made A Big Mistake. HUGE.,0
"Jesus Is Back! He's Here, He's teamed up with Moses And Their Protesting For Human Rights",1
Jesus And Moses Are Teaming Up To Fight For Human Rights,0
Watch What Happens When Hilarious Ladies Turn The Tables On Misogymercials,1
Dear Panderscending Advertising Agencies: This Is What Your Ads For Women Look Like,0
These Hilarious Women Got Together To Make Fun Of Mansplaining Jerkmercials,1
"When Commercials Mansplain Women's Issues, They Deserve To Be Made Fun Of",0
Dear Condescending Advertising Agencies: This Is What Your Ads For Women Look Like,1
Dear Advertising Agencies: This Is What Your Ads For Women Look Like,0
"I'm Not Religious, But This Time I Think We Should Listen To Jesus",1
The Real Question About Deportation Is - Would We Kick Moses Out?,0
Dear Condescending Advertising Agencies: This Is What Your Ads For Women Look Like,1
Dear Condescending Advertising Agencies: This Is What Your Ads For Women Look Like,0
"I'm Not Religious, But This Time I Think We Should Listen To Jesus",1
"Is this Santa? No, It's Moses, And He Is In BIG Trouble With The Authorities",0
"I'm Not Religious, But This Time I Think We Should Listen To Jesus",1
"I'm Not Religious, But This Time I Think We Should Listen To Jesus",0
A Silly Science Project Gives A Frightening Look At Our Future (And Barbie's),1
"Puzzled By Our Frightening Forecast? Barbie's Here To—Oh Wait, She Melted.",0
"Watch A Talk Show Host Get Amazingly Profound. Seriously, Just Watch HIm For 3 Minutes.",1
"Watch A Talk Show Host Get Amazingly Profound. Seriously, Just Watch HIm For 3 Minutes.",0
"Hey, Mansplaining Advertising Agencies: This Is What Your Ads For Women Look Like",1
Dear Advertising Agencies: If Your Ads For Women Look Like This You're Making Misogymercials,0
A Silly Science Project Gives A Frightening Look At Our Future (And Barbie's),1
A Silly Science Project Gives A Frightening Look At Our Future (And Barbie's),0
Many Women Will Agree With What She Says Is The Worst Thing We Do To Girls,1
Is What She Says The Worst Thing We Do To Girls?,0
Here's The Worst Thing We Do To Girls. Many Women Will Agree With Her.,1
Many Women Will Agree With What She Says Is The Worst Thing We Do To Girls,0
Here's The Worst Thing We Do To Girls. Many Women Will Agree With Her.,1
Here's The Worst Thing We Do To Girls. Many Women Will Agree With Her.,0
You Might Not Get Their Names But You’ll Get No Better Introduction,1
"The Real, Black And White Cost Of War",0
A Silly Science Project Gives A Frightening Look At Our Future (And Barbie's),1
A Silly Science Project Gives A Frightening Look At Our Future (And Barbie's),0
"When The History Books Look Back On Us, They'll See We Had The Opportunity To End 3 Awful Epidemics.",1
Good News For People Sick Of Bad News For Sick People,0
7 Super Compelling Reasons To Choose Our Future Over So-Called Fortune,1
7 Super Compelling Reasons To Choose Our Future Over So-Called Fortune,0
A 7-month-old Boy Just Got Put On Trial - When He Left He Was A Different Person,1
A 7-month-old Boy Just Got Put On Trial - When He Left He Was A Different Person,0
Watch The Daily Show Supersize The Hilarity Of Our Minimum Wage Dispute,1
Watch The Daily Show Supersize The Hilarity Of Our Minimum Wage Dispute,0
A Science Project Gives A Frightening Look At Our Future (And Barbie's),1
A Science Project Gives A Frightening Look At Our Future—And Barbie's,0
The Most Heartbreaking Reason To Leave Your Front Door Unlocked I've Ever Heard,1
It Takes Guts To Be This Raw And Open And Raw And Open And Raw And Open,0
Here's What One Woman Thinks Is The Worst Thing We Do To Girls. Many Women Will Agree With Her.,1
Here's What One Feminist Thinks Is The Worst Thing We Do To Girls.,0
The Most Heartbreaking Reason To Leave Your Front Door Unlocked I've Ever Heard,1
A Beautiful Love Story Takes A Horrible Turn For The Better,0
The Most Heartbreaking Reason To Leave Your Front Door Unlocked I've Ever Heard,1
The Most Heartbreaking Reason To Leave Your Front Door Unlocked I've Ever Heard,0
"If Immigrants Scare You, Then Here's 3 Simple Facts To Calm Your Panicked Brain",1
3 Simple Facts That Could Lead To A Whole Lot Of Reform,0
"Oh, Shoot. What's The Controversial Construction These People Are So Against?",1
"We Know How The Oil Companies Feel About This One, But What About The People?",0
The Most Honest And Heartbreaking Reason To Leave Your Front Door Unlocked I've Ever Heard,1
The Most Honest And Heartbreaking Reason To Leave Your Front Door Unlocked You've Ever Heard,0
The Most Honest And Heartbreaking Reason To Leave Your Front Door Unlocked I've Ever Heard,1
The Most Honest And Heartbreaking Reason To Leave Your Front Door Unlocked I've Ever Heard,0
Watch The Daily Show Supersize The Hilarity Of Our Minimum Wage Dispute,1
Watch The Daily Show Supersize The Hilarity Of Our Minimum Wage Dispute,0
The Beer/Marijuana Commercial That Is Making Adults Everywhere Rethink Their Position,1
"Finally, A Way To Look At Marijuana That Even My Mom Approves Of",0
"No Matter How Nonjudgmental You Are, This Guy Has You Beat",1
"No Matter How Nonjudgmental You Are, This Guy Has You Beat",0
"If You Don’t Say, 'Holy S***' Once Over The Next Three Minutes, I’ve Failed",1
"If You Don’t Say, 'Holy S***' Once Over The Next Three Minutes, I’ve Failed",0
What Do The First 1000 Days Of A Child's Life Have To Do With Anything?,1
What Do The First 1000 Days Of A Child's Life Have To Do With Anything?,0
Bill Nye Has Been Busting His Ass For Science — Now I Finally Know Why,1
Bill Nye Has Been Busting His Ass For Science — Now I Finally Know Why,0
7 Signs You Are A Bad-Ass Woman,1
7 Signs You Are A Bad-Ass Woman,0
The Arrogance Of People Who Are Comfortable Will Never Fail To Shock Me,1
This Economist's Ideas Are So Not My Cup Of Tea That They're Actually Coffee,0
"If You Don’t Say, 'Holy S***' Once Over The Next Three Minutes, I’ve Failed",1
"If You Don’t Say, 'Holy Crap' At Least Once, I’ve Failed",0
You Might Not Get Their Names But You’ll Get No Better Introduction,1
You Might Not Get Their Names But You’ll Get No Better Introduction,0
Watch The Daily Show Supersize The Hilarity Of Our Minimum Wage Dispute,1
Watch The Daily Show Supersize The Hilarity Of Our Minimum Wage Dispute,0
"If This Doesn't Piss You Off, Then I'll Wait For The Day You Dial 911 To Say I Told You So",1
"If This Doesn't Piss You Off, Then I'll Wait For The Day You Dial 911 To Say I Told You So",0
Watch The Daily Show Supersize The Hilarity Of Our Minimum Wage Dispute,1
Watch The Daily Show Supersize The Hilarity Of Our Minimum Wage Dispute,0
"Hate Your Job? Turns Out, That's Pretty Common. There's A Big Reason Why.",1
"Work Sucks! Always Will! Wait, What?!",0
Watch The Daily Show Supersize The Hilarity Of Our Minimum Wage Dispute,1
Watch The Daily Show Supersize The Hilarity Of Our Minimum Wage Dispute,0
8 Signs You Might Hug Trees A Little Too Tightly,1
8 Signs You Might Hug Trees A Little Too Tightly,0
The Great Jobs That This Country Had In The 1950's And 1960's Didn't Just 'Happen',1
"What The Heck Is A Union, Anyway?",0
"One Of The Highest Paid Jobs You Can Get Out Of College Is One I've Never Even Thought Twice About
",1
Some Surprising Reasons Why ‘Made In The USA’ Just Isn't Really A Thing,0
They Thought $8 Would Shut Her Up. Because $8 Is SO Much Money?,1
They Thought $8 Would Shut Her Up,0
8 Signs You Might Hug Trees A Little Too Tightly,1
8 Signs You Might Hug Trees A Little Too Tightly,0
"Next Time I'm The Mayor Of NYC, I Hope I Don't Get Shamed As Badly As The Daily Show Shamed This Guy",1
The Mayor Of NYC Thinks That His Program To Unfairly Judge Citizens Is Being Unfairly Judged,0
8 Signs You Might Hug Trees A Little Too Tightly,1
8 Signs You Might Hug Trees A Little Too Tightly,0
"If Immigrants Terrify You, Then Here's 3 Simple Facts To Calm Your Frightened Brain",1
"If Immigrants Scare You, Then Here's 3 Important Facts To Calm Your Panicked Brain",0
"When The History Books Look Back On Us, They'll See We Had The Opportunity To End 3 Awful Epidemics.",1
"When The History Books Look Back On Us, They'll See We Had The Opportunity To End 3 Awful Epidemics.",0
"If This Doesn't Piss You Off, Then I'll Wait For The Day You Dial 911 To Say I Told You So",1
"If This Doesn't Piss You Off, Then I'll Wait For The Day You Dial 911 To Say I Told You So",0
8 Awkward Things You Might Do If You've Truly Gone Green,1
8 Ways To Tell If You've Been Hugging Too Many Trees,0
If You Love Oil Companies... Just Kidding. Here's The Latest Truly Awful Thing They've Done.,1
If You Love Oil Companies... Just Kidding. Here's The Latest Truly Awful Thing They've Done.,0
7 Ways To Tell If You Are A Bad-Ass Woman,1
7 Ways To Tell If You Are A Bad-Ass Woman,0
"When Future Generations Look Back On Us, They'll Say We Had The Opportunity To End 3 Awful Epidemics",1
"In The Future, They'll Say We Had The Opportunity To End 3 Awful Epidemics.",0
A Child Shouldn't Be Saying Sorry To Her Mom For Costing Her Money,1
"Forget The American Dream, How Do These Families Make It Through To Tomorrow?",0
8 Awkward Things You Might Do If You've Truly Gone Green,1
8 Awkward Things You Might Do If You've Truly Gone Green,0
How Did We Get to A Point Where A Child Is Saying Sorry To Her Mom For Costing Her Money?,1
Americas' Children Are Upset And Apologizing To Their Parents For Costing Them Money,0
Imagine If There Was A Town In The USA Where You Couldn't Get Water. It's Not Imaginary Anymore.,1
"Dear Oil Companies, Have You Tried NOT Being Cartoonishly Evil For LIke 5 Minutes? Just Sayin'. ",0
"God May Work In Mysterious Ways, But Come On Folks, Don't Get Carried Away",1
"God May Work In Mysterious Ways, But Come On Folks, Don't Get Carried Away",0
Have You Had Your Smile Today?,1
Have You Had Your Smile Today?,0
How Did We Get to A Point Where A Child Is Saying Sorry To Her Mom For Costing Her Money?,1
How Did We Get to A Point Where A Child Is Saying Sorry To Her Mom For Costing Her Money?,0
"Next Time I'm The Mayor Of NYC, I Hope I Don't Get Shamed As Badly As The Daily Show Shamed This Guy",1
The Daily Show' Treats Mayor Bloomberg To Some Accountability Ice Cream With Reality Sprinkles,0
"Ashton Kutcher, Who's 35, Is Telling Teens What He Finds Sexy. Find Out Why.",1
"Ashton Kutcher, Who's 35, Is Telling Teens What He Finds Sexy. Find Out Why.",0
"I've Met Babies Named Hennessy Before, So Why Did This Judge Just Order This Kids Name Changed?",1
"I've Met Babies Named Hennessy Before, So Why Did This Judge Just Order This Kids Name Changed?",0
"Ashton Kutcher Just Told A Bunch Of Teenagers How To Be Sexy, In The Best Way",1
"Ashton Kutcher Just Told A Bunch Of Teenagers How To Be Sexy, In The Best Way",0
"Ashton Kutcher Just Told A Bunch Of Teenagers How To Be Sexy, In The Smartest Way Ever",1
"Ashton Kutcher Just Told A Bunch Of Teenagers How To Be Sexy, In The Smartest, Sexiest Way Ever",0
"I Never Want To Hear Any Child Say What These Kids Do To Their Parents. Ever.
",1
"Can Someone Explain Why These Children Are The Ones Saying Sorry?
",0
The Police Want To Use Assault Vehicles. In America. To Fight 'Terrorists.' WHAT?!?,1
The Police Want To Use Assault Vehicles. In America. To Fight 'Terrorists.' WHAT?!?,0
"Next Time I'm The Mayor Of NYC, I Hope I Don't Get Shamed As Badly As The Daily Show Shamed This Guy",1
"Next Time I'm The Mayor Of NYC, I Hope I Don't Get Shamed As Badly As The Daily Show Shamed This Guy",0
People Shouldn't Die Just Because A Loved One Can’t Walk Fast Enough,1
"It’s Got A Cool Name, It’s Locally Made, And It Saves Lives. Heck Yeah!
",0
"Everybody Poops, But 2.6 Billion People Do It In A Really Crappy Way",1
"Everybody Poops, But 2.6 Billion People Do It In A Really Crappy Way",0
"It’s Got A Cool Name, It’s Locally Made, And It Saves Lives. Heck Yeah! 
",1
"It’s Got A Cool Name, It’s Locally Made, And It Saves Lives. Heck Yeah! ",0
What Happens When ‘I Can’t’ Isn’t Part of A Child's Vocabulary Is Pretty Darn Cool,1
Fulfilling Your Potential Takes An Amazing Attitude and Spirit. Arms Are Optional.,0
2 Million Women Are Suffering And We Are Too Embarrassed To Talk About It,1
"It’s Almost Entirely Preventable, Yet 2 Million Women Are Quietly Suffering",0
Want To Know The Most Important Thing You Can Teach Your Child? This Guy Is Going To Show You.,1
"When A Child Believes There's Nothing In Life He Can't Do, The Outcome Is Pretty Darn Incredible ",0
What Is Labor Day To You?,1
When's The Last Time You Saw A Video That Celebrates America's Workers?,0
"It’s Got A Cool Name, It’s Locally Made, And It Saves Lives. Heck Yeah!",1
"What If We Could Prevent People From Having To Ride To The Hospital In A Wheelbarrow?
",0
Having An Amazing Attitude Is a Requirement For Success. Arms Are Totally Optional.,1
You Don't Need Arms To Be Incredible In Life. This Guys Proves It.,0
The Daily Show Completely Nails Bloomberg's Hypocrisy In 2 Wonderful Minutes,1
"Why We Should Stop & Frisk White Business Men In Wall Street, As Told By The Daily Show",0
Having An Amazing Attitude Is a Requirement For Success. Arms Are Totally Optional.,1
Having An Amazing Attitude Is a Requirement For Success. Arms Are Totally Optional.,0
Having An Amazing Attitude Is a Requirement For Success. Arms Are Totally Optional.,1
Having An Amazing Attitude Is a Requirement For Success. Arms Are Totally Optional.,0
There Is Something So Satisfying About Watching The Daily Show Nail This Outrageous Hypocrisy,1
There Is Something So Satisfying About Watching The Daily Show Nail This Outrageous Hypocrisy,0
Having An Amazing Attitude Is A Requirement For Success. Two Other Things Are Totally Optional.,1
Having An Amazing Attitude Is A Requirement For Success. Limbs Are Entirely Optional.,0
"I'm Doing The Best I Can At This Parenting Thing. And I Acknowledge That You Are, Too.",1
"Alright Parents, Let's Just Acknowledge That We're All Doing Our Best Already",0
The Controversial Mass Text That You Should Absolutely Not Be Mad About,1
The Only Spam I Am Willing To Have Sent Directly To My Phone,0
"I've Met Babies Named Hennessy Before, So Why Did This Judge Just Order This Kids Name Changed?",1
"I've Met Babies Named Hennessy Before, So Why Did This Judge Just Order This Kids Name Changed?",0
The Controversial Mass Text That You Should Absolutely Not Be Mad About,1
"Your Phone Is Trying To Help You Be A Hero These Days, And Here Is How",0
The Things This 4-Year-Old Is Doing Are Cute. The Reason He's Doing Them Is Heartbreaking.,1
The Things This 4-Year-Old Is Doing Are Cute. The Reason He's Doing Them Is Heartbreaking.,0
There Is Something So Satisfying About Watching The Daily Show Nail This Outrageous Hypocrisy,1
There Is Something So Satisfying About Watching The Daily Show Nail This Outrageous Hypocrisy,0
The Things This 4-Year-Old Is Doing Are Cute. The Reason He's Doing Them Is Heartbreaking.,1
Why One Organization Went Out Of Its Way To Get A Cute-As-Heck 4-Year-Old His First Kiss,0
"The Simplest, Most Brilliant Way to Save Gas That I Have Ever Seen",1
How To Keep Your Kids Happy And Save A Ton Of Gas And Aggravation,0
"When Detroit Failed To Find A Connection, This 25-Year Old Took It To the Streets",1
Meet A Young Leader Whose Putting Some Heart And Soul Back Into Motown,0
Looking For Close-Minded Folk In The Deep South? Look Somewhere Other Than This Small Kentucky Town.,1
Looking For Close-Minded Folk In The Deep South? You'll Have To Look Somewhere Other Than This Town.,0
The Things This 4-Year-Old Is Doing Are Cute. The Reason He's Doing Them Is Heartbreaking.,1
The Things This 4-Year-Old Is Doing Are Cute. The Reason He's Doing Them Is Heartbreaking.,0
"If Strangers Are Staring At You In The Subway, Do What This Kid Did. Keep Singing. ",1
Stare At Hime All You Want. He's Enjoying Himself.,0
"If You Can't Pass This Simple Online Test, Stop Having Sex Immediately",1
"If My Parents Did This, I Never Would've Been Born",0
"The Simplest, Most Brilliant Way to Save Gas That I Have Ever Seen",1
"The Simplest, Most Brilliant Way to Save Gas That I Have Ever Seen",0
The Absolutely Genius Thought That Sparked A Computer Dynasty (And An Ashton Kutcher Movie),1
The Absolutely Genius Thought That Sparked A Computer Dynasty (And An Ashton Kutcher Movie),0
"He Got Mad As Hell When His City Couldn't Connect, Then Did Something Marvelous About It",1
When The 'New Era Of Detroit' Didn't Arrive He Decided To Hit The Road,0
Meet 5 Women Who Took Advantage Of A Law You Should Know More About,1
Title What Now? Taking Advantage Of The Law That's Apparently Not Just About Sports.,0
There Is Something So Satisfying About Watching The Daily Show Nail This Outrageous Hypocrisy,1
There Is Something So Satisfying About Watching The Daily Show Nail This Outrageous Hypocrisy,0
The Middle Class Was Built On Hard Work And Looking Out For Each Other,1
When's The Last Time You Saw A Video That Celebrates America's Workers?,0
​There Aint No Blurred Lines With These Teens Views On Robin Thicke's Controversial Song,1
​There Aint No Blurred Lines With These Teens Views On Robin Thicke's Controversial Song,0
My Father-In-Law Asked Me This Very Same Question Once At A Labor Day Barbecue,1
My Father-In-Law Asked Me This Very Same Question Once At A Labor Day Barbecue,0
Meet 5 Women Who Took Advantage Of A Law We Should All Know More About,1
Meet 5 Women Who Took Advantage Of A Law We Should All Know More About,0
WHAT?!? The Police Want To Use Assault Vehicles? In America? To Fight 'Terrorists?',1
WHAT?!? The Police Want To Use Assault Vehicles. In America. To Fight 'Terrorists.',0
Watch A Dude Say Something To All Women That All Dudes Should Really Hear,1
A Dude Calls Out Some Other Dudes For Assuming That Being Nice Dudes Means Women Owe Dudes Something,0
"An 11-Year-Old Girl With Much Bigger Problems Than 'Do You Wear Boxers, Briefs, Or Tighty Whities?'",1
The Clip That Definitely Should Get Your Undewear In A Bunch,0
"If A 'Nice Guy' Says These Two Words To You And Means Them, Revoke His Nice Guy Card",1
Just Because You Are Nice To A Girl Doesn't Mean She Owes You Something,0
"An 11-Year-Old Girl With Much Bigger Problems Than 'Do You Wear Boxers, Briefs, Or Tighty Whities?'",1
"If 'Gentlemen Prefer Hanes,' Then I'd Rather Be A Brute",0
"When Both Sides Of The Marijuana Debate Use Actual Facts, Things Get Very Interesting",1
"When Both Sides Of The Marijuana Debate Use Actual Facts, Things Get Very Interesting",0
Watch A Dude Say Something To All Women That All Dudes Should Really Hear,1
Watch A Dude Say Something To All Women That All Dudes Should Really Hear,0
"If A 'Nice Guy' Says These Two Words To You And Means Them, You Should Revoke His Nice Guy Card",1
"If A 'Nice Guy' Says These Two Words To You And Means Them, Then Maybe It's Time To Change His Title",0
"When This Guy Explains Why Women Won't Sleep With Him, You May Roll Your Eyes. But 2 Minutes In...",1
"When This Guy Explains Why Women Won't Sleep With Him, You May Roll Your Eyes. But 2 Minutes In...",0
"When This Guy Explains Why Women Won't Date Him, You May Roll Your Eyes. But 2 Minutes In...",1
"When This Guy Explains Why Women Won't Go Out With Him, You May Roll Your Eyes. But 2 Minutes In...",0
Meet 5 Women Who Took Advantage Of A Law We Should All Know More About,1
Meet 5 Women Who Took Advantage Of A Law We Should All Know More About,0
"A Disney Princess​ Sings About Men, But Not In The Normal-Boring-Love Way",1
"Guys, What Happened To Ariel? She's All Like Empowered And Stuff
",0
Meet 5 Women Who Took Advantage Of A Law We Should All Know More About,1
Meet 5 Women Who Took Advantage Of A Law We Should All Know More About,0
Why Is The Middle Class Disappearing? Here Are Some Clues.,1
The Great Jobs That This Country Had In The 1950's And 1960's Didn't Just 'Happen',0
Beyonce Makes Her Interviewer Uncomfortable In The Best Way. He Handles It Like A Champ.,1
Beyonce Makes Her Interviewer Uncomfortable In The Best Way. He Handles It Like A Champ.,0
In Which A 'Missundaztood' Pop Star Makes Perfect Sense About Gay Marriage,1
"We Can't Stop Talking About Gay And Straight Yet, But I Look Forward To A Future Where We Will",0
A Bunch Of Bad Predictions And One Really Important Prediction Will Get You Thinking About 2015,1
In 2015 We'll See These Celebrities For The Fortune-Tellers They Are,0
"A Disney Princess​ Sings About Men, But Not In The Normal-Predictable-Lame-Love Way",1
"A Disney Princess​ Sings About Men, But Not In The Normal-Predictable-Lame-Love Way",0
Neil Gaiman Casually Encapsulates A Piece Of Every Book Lover's Soul In One Epic Quote,1
"Here's Your Literary ""YES, THIS"" Moment For The Day (And Every Day)",0
Beyonce Makes Her Interviewer Uncomfortable In The Best Way. He Handles It Like A Champ.,1
"Beyonce Is Normally A Class Act, So Why Is She Giggling Her Way Through This Interview?",0
In Which A 'Missundaztood' Pop Star Makes Perfect Sense About Gay Marriage,1
In Which A 'Missundaztood' Pop Star Makes Perfect Sense About Gay Marriage,0
You'd Never Have Expected Comedians To Take On Such A Horrible Topic In Such A Great Way,1
You'd Never Have Expected Comedians To Take On Such A Horrible Topic In Such A Great Way,0
Here's The Most Perfect Quote About How To Make A Bad Thing A Little Better,1
BAD DAY FIXER OF THE DAY: One Quote That Everybody Who's Ever Needed An Escape Can Identify With,0
We Already Knew Costco Was A Great Company. Here's Something That Makes Them Fabulous.,1
We Already Knew Costco Was A Great Company. Here's Something That Makes Them Fabulous.,0
"The 2,200 Missing People In Arizona No One Seems To Give A Shit About
",1
"The 2,200 Missing People In Arizona No One Seems To Care About
",0
Meet 5 Women Who Took Advantage Of A Law We Should All Know More About,1
Meet 5 Women Who Took Advantage Of A Law We Should All Know More About,0
"A Religious Advisor Berates This Lady For 2 Minutes So He Can Feel One With God. Makes Sense, Right?",1
"A Religious Advisor Berates This Lady For 2 Minutes So He Can Feel One With God. Makes Sense, Right?",0
The Sly Little Thought That Gives Birth To Mad Geniuses,1
The Sly Little Thought That Gives Birth To Mad Geniuses,0
The Brilliant Reenactment Of The Trayvon Martin Murder That Every American Should Watch,1
MUST WATCH: Here's 26 Really Valid Reasons We Shouldn't Stop Talking About Trayvon Martin. YET.,0
I Wasn't Expecting To Get Emotional When This Sitcom Star Started Talking About His Fame,1
I Wasn't Expecting To Get Emotional When This Sitcom Star Started Talking About His Fame,0
You'd Never Have Expected Comedians To Take On Such A Horrible Topic In Such A Great Way,1
You'd Never Have Expected Comedians To Take On Such A Horrible Topic In Such A Great Way,0
Here Is The Best Anti-Photoshop Protest That I Have Ever Seen,1
The Best Challenge Against Photoshopping Perfection That I Have Ever Seen,0
Step Away Form Your Comfort And Hear These Real Stories About Escaping Bullets And Warzones,1
Step Away Form Your Comfort And Hear These Real Stories About Escaping Bullets And Warzones,0
Here's The Best Anti-Photoshop Protest You Won't See On The Cover Of A Magazine,1
Here Is The Best Anti-Photoshop Protest That I Have Ever Seen,0
I Wasn't Expecting To Get Emotional When This Sitcom Star Started Talking About His Fame,1
I Wasn't Expecting To Get Emotional When George Costanza Started Talking About His Fame,0
The Brilliant Reenactment Of The Zimmerman Murder That Every American Should Watch,1
The Brilliant Reenactment Of The Zimmerman Murder That Every American Should Watch,0
They Are Human Beings Trying To Survive. Why Do Some People Have Trouble Seeing That?,1
They Are Human Beings Trying To Survive. Why Do Some People Have Trouble Seeing That?,0
"I Would Never Work At This Place. Oh Wait. Um... Yup, My Bad! I Would TOTALLY Work At This Place.",1
"I Would Never Work At This Place. Oh Wait. Um... Yup, My Bad! I Would TOTALLY Work At This Place.",0
"Daughter Stages Her Own Fake Wedding, To Give Her Father The Greatest Moment Of His Life",1
This Dad Had One Final Wish Before His Cancer Takes Him - His Daughter Made It Happen,0
Watch How One Company Went From Being The Worst Place To Work To The Best In Under 3 Minutes,1
"This Is Both The Best And Worst Office Job To Have Ever, Depending On How Long You Stick Around",0
The Brilliant Reenactment Of The Zimmerman Murder That Every American Should Watch,1
The Brilliant Reenactment Of The Zimmerman Murder That Every American Should Watch,0
We Love This British Actor. We Love Him Even More After He Held Up These Bits Of Paper.,1
Sherlock Star Makes It Known That He's Pissed At the British Government,0
"In A Messed Up Country That Always Makes The Headlines, Here's One Thing The Media Hasn't Covered",1
"In A Country That Makes Headlines For All The Wrong Reasons, One Thing The Media Doesn't Cover",0
A Woman Is One Of The Most Important People In Movie History And You've Never Even Heard Of Her,1
Watching This Made Me Think — Is There A Woman Who Successfully Made Fire Before Prometheus?,0
"I Can't Believe This History Maker Was Forgotten, But Then I Remember She Was A Woman In The 1800s",1
A Woman Is One Of The Most Important People In Movie History And You've Never Even Heard Of Her,0
"In A Messed Up Country That Always Makes The Headlines, Here's One Thing The Media Hasn't Covered",1
"In A Messed Up Country That Always Makes The Headlines, Here's One Thing The Media Hasn't Covered",0
Don’t Want To Be Like Everyone Else? Then Watch This Wildly Popular Viral Video Everyone’s Watching.,1
Good News For People Who Want To Fit In. Great News For Everyone Else.,0
"This Is The Nerdiest, Most Swaggalicious Science Experiment Ever",1
"Students Push Science To The Limit, With Music",0
This Is Possibly The Worst Place To Work I've Ever Seen Or Possibly The Best. I Can't Decide Which.,1
This Is Possibly The Worst Place To Work I've Ever Seen Or Possibly The Best. I Can't Decide Which.,0
Man I Loved Me Some Chicken McNuggets … Until This Guy Put Them Under A Microscope,1
Man I Loved Me Some Chicken McNuggets … Until This Guy Put Them Under A Microscope,0
Man I Loved Me Some Chicken McNuggets … Until This Guy Put Them Under A Microscope,1
Man I Loved Me Some Chicken McNuggets … Until This Guy Put Them Under A Microscope,0
You've Never Heard Of This Woman And She's Basically The Most Important Person In Movie History,1
You've Never Heard Of This Woman And She's Basically The Most Important Person In Movie History,0
"Vaginas Prove Too Much For One University, Get Banned",1
"Don't They Know Banning Vaginas Will Only Draw More Attention?
",0
"They Tried To Make This Popstar Dress And Sing A Certain Way. She Refuses, And Sends This Message.",1
"They Tried To Make This Popstar Dress And Sing A Certain Way. She Refuses, And Sends This Message.",0
Read The Powerful Words That This Soldier Used To Tell The World Who She Truly Is,1
Read The Brave Request She Made To The World That All Human Beings Deserve,0
This Is Possibly The Worst Place To Work I've Ever Seen Or Possibly The Best. I Can't Decide Which.,1
Watch How One Company Went From Being The Worst Place To Work To The Best In Under 3 Minutes,0
This Is Possibly The Worst Place To Work I've Ever Seen Or It May Be The Best. I Can't Decide Which.,1
This Is Possibly The Worst Place To Work I've Ever Seen Or Maybe The Best. I Can't Decide Which.,0
"What Maine, North Dakota, And Wyoming Are Doing Better Than New York And California",1
Infographics Reveal That Locavores Are Not The Big-City Foodies We Thought They Were,0
4 Demands From the 1963 March On Washington Still Haven’t Been Met,1
"After Martin Luther King Jr. Said ‘I Have A Dream,’ Did America Just Go To Sleep?",0
What’s It Like To Take Pictures In A Country Where Cameras Were Outlawed?,1
The Bravest Photographers In Afghanistan Might Be The Ones Working After The Troops Are Gone,0
"They Tried To Make This Popstar Dress And Sing A Certain Way. She Refused, And Said These Words.",1
They Tried To Make This Popstar Dress And Sing A Certain Way. She Refused And Took A Stand.,0
"You've Never Heard Of This Woman, And She's Basically The Most Important Person In Movie History",1
"You've Never Heard Of This Woman, And She's One Of The Most Important People In Movie History",0
I Wasn't Expecting To Get Emotional When This Sitcom Star Started Talking About His Fame,1
I Wasn't Expecting To Get Emotional When This Sitcom Star Started Talking About His Fame,0
"You've Never Heard Of This Woman, And She's Basically The Most Important Person In Movie History",1
You've Never Heard Of This Woman But She's One Of The Most Important People In The History Of Movies,0
"What A Beach-Bumming, Couch-Surfing Dudebro Can Teach Us About Food Stamps",1
How To Catch A Straw Man,0
"They Were Married For 19 Years Until Oregon Cancelled Their Vows. Yea, They're Fighting Back.",1
You Don't Tell 2 People Who Love Each Other This Much That Their Marriage Doesn't Count. Otherwise–,0
Just Because Our Kids Won't End Up Doing These Awful 'Jobs' Doesn't Mean We Should Ignore Them,1
Just Because Our Kids Won't End Up Doing These Awful 'Jobs' Doesn't Mean We Should Ignore Them,0
Just Because Our Kids Won't End Up Doing These Awful 'Jobs' Doesn't Mean We Should Ignore Them,1
Just Because Our Kids Won't End Up Doing These Awful 'Jobs' Doesn't Mean We Should Ignore Them,0
"This Is The Nerdiest, Most Swaggalicious Science Experiment Ever",1
"This Is The Nerdiest, Most Swaggalicious Science Experiment Ever",0
Good News For People Who Want To Fit In. Great News For Those That Won’t.,1
Good News For People Who Want To Fit In. Great News For Those That Won’t.,0
Probably Shouldn't Tell A Couple They Can't Stay Married Right Before Their 20th Wedding Anniversary,1
For Their 20th Wedding Anniversary They Will Be Fighting The State To Remain Legally Married,0
A Fancy Actor Comes Out Of The Closet In The Most Unique Way Possible By Picking A Fight With Russia,1
"If You Come Out Of The Closet, You Might As Well Pick A Fight With Russia While You're Doing It",0
"An Incredible Lesson About Love That Comes From A Guy. Yes, A Teenage Guy.",1
"An Incredible Lesson About Love That Comes From A Guy. Yes, A Teenage Guy.",0
7 Moronic Things People Have Said To Me About A Possible Wonder Woman Movie (Now With Bonus Rage),1
"There Are 15 Batman Movies, 10 Superman Movies, And 7 Reasons To Make A Wonder Woman Movie",0
A 14-Year-Old Explains Food Labeling In Language Even Condescending Middle Aged TV Hosts Should Get,1
A 14-Year-Old Explains Food Labeling So That You And I And Even Condescending TV Hosts Can Get It,0
"Yeah, It’s Gonna Be Another 50 Years On Those Civil Rights You Ordered
",1
"America Might Still Need Another Civil Rights March On Washington
",0
What’s It Like To Take Pictures In A Country Where Cameras Were Outlawed?,1
Being A Photographer Is A Job That’s Both A Century Old And Brand New … In Afghanistan,0
"Thanks To This Infographic, We Can Finally Stop Talking About Food As A Fancy-Pants Issue",1
"What Maine, North Dakota, And Wyoming Are Doing Better Than New York And California",0
"An Incredible Lesson About Love That Comes From A Guy. Yes, A Teenage Guy.",1
"An Incredible Lesson About Love That Comes From A Guy. Yes, A Teenage Guy.",0
Watch An Actor Come Out Of The Closet AND Pick A Fight With A Homophobic President The Same Time,1
Watch An Actor Come Out Of The Closet AND Pick A Fight With Russia's President At The Same Time,0
Watch An Actor Come Out Of The Closet AND Pick A Fight With A Homophobic President The Same Time,1
Watch An Actor Come Out Of The Closet AND Pick A Fight With A Homophobic President The Same Time,0
Watch An Actor Come Out Of The Closet AND Pick A Fight With A Homophobic President The Same Time,1
Watch An Actor Come Out Of The Closet AND Pick A Fight With A Homophobic President The Same Time,0
"Parents Joke About Their Kids Ending Up In Counseling One Day, But What If We Took That Seriously?",1
"Parents Joke About Their Kids Ending Up In Counseling One Day, But What If We Took That Seriously?",0
Your Unhealthy Love For Public Health In 14 Images,1
14 Ways You Reveal You Unhealthy Obsession With Public Health,0
The Science Presentation That Would've Kept Me Awake In High School,1
The Science Presentation That Would've Kept Me Awake In High School,0
A Funny Spoof On How One Huge Corporation's Been Fooling Us This Whole Time,1
A Funny Spoof On How One Huge Corporation's Been Fooling Us This Whole Time,0
Identities Of Terrorists Who Hijacked School Bus Revealed ... What The Hell?!,1
Identities Of Terrorists Who Hijacked School Bus Revealed ... What The Hell?!,0
Bad News For People Who Hate Obama: You May've Been Cheering For Him This Whole Time,1
Bad News For People Who Hate Obama: You May've Been Cheering For Him This Whole Time,0
He’s Worked At Burger King For 8 Years. Guess How Much He Makes.,1
"He’s Got 3 Kids, Works 2 Jobs, And Makes Barely Enough To Survive. 
",0
"The Reason Why She Lives In A Shelter Should Make You Very Upset
",1
What If You Worked Full-Time And Still Couldn’t Afford To Move Your Daughter Out Of The Shelter?,0
"Are People Aware Police Are Experimenting On Our Children Like This? 
",1
Police Are Now Experimenting With Our Kids In Some Really Bizarre Ways,0
Everyone Should Know What This Cop Has Done,1
Everyone Should Know What This Cop Has Done,0
An Invisible Nordic Guy Has Some Uncomfortable Truths About America For You,1
15 Comic Panels That Should Make Every American Feel Meh About Our Priorities,0
An Invisible Nordic Guy Has Some Uncomfortable American Truths For You,1
An Invisible Nordic Guy Has 15 Comic Panels That'll Make You Feel Meh About Our National Priorities,0
Anyone Else Aware Police Were Pulling These Kind Of Experiments On Our Children?,1
Anyone Else Aware Police Were Pulling These Kind Of Experiments On Our Children?,0
"Hard To Believe The Woman At The End Of This Video Is The Same Woman As At The Beginning
",1
A Brave Woman With AIDS Allows Us To Witness Her Incredible Recovery,0
"I Knew Looks Could Be Deceiving, I Just Didn't Know They Could Be SO Deceiving",1
"Sweet Baby Zeus' Thunderpants, Looks Can Be Deceiving",0
Don't Think Looks Can Be Deceiving? Take A Peek At This Guy.,1
People Who Assume He 'Can't' Will Hear His Rockin' Vengeance When He 'Does',0
A Funny Spoof On How One Huge Corporation's Been Fooling Us This Whole Time,1
A Funny Spoof On How One Huge Corporation's Been Fooling Us This Whole Time,0
"Dear Religious Extremists: The Cameras Are Staying, And That's Final.",1
"Dear Religious Extremists: The Cameras Are Staying, And That's Final.",0
A Funny Spoof On How One Huge Corporation's Been Fooling Us This Whole Time,1
A Funny Spoof On How One Huge Corporation's Been Fooling Us This Whole Time,0
Some Couples You Just Don't Mess With. Especially Not Right Before Their 20th Wedding Anniversary.,1
Some Couples You Just Don't Mess With. Especially Not Right Before Their 20th Wedding Anniversary.,0
Some Couples You Just Don't Mess With. Especially Not Right Before Their 20th Wedding Anniversary.,1
Some Couples You Just Don't Mess With. Especially Not Right Before Their 20th Wedding Anniversary.,0
Don't Think Looks Can Be Deceiving? Take A Peek At This Guy.,1
Don't Think Looks Can Be Deceiving? Take A Peek At This Guy.,0
They Thought It Couldn't Happen To Them. Now They're Doing What They Can So It Won't Happen To You.,1
They Thought It Couldn't Happen To Them. Now They're Doing What They Can So It Won't Happen To You.,0
A Funny Spoof On How One Huge Corporation's Been Fooling Us This Whole Time,1
A Funny Spoof On How One Huge Corporation's Been Fooling Us This Whole Time,0
"When I Saw That This Was A List Of Things Made In China, I Didn't Expect To Be So Shocked",1
"If I Had A Nickel For All Of The Items Now Made In China, I'd Have To Start Making Nickels In China",0
They Thought It Couldn't Happen To Them. Now They're Doing What They Can So It Won't Happen To You.,1
They Thought It Couldn't Happen To Them. Now They're Doing What They Can So It Won't Happen To You.,0
Think Looks Can't Be Deceiving? Take A Peek At This Astonishing Guy.,1
Think Looks Can't Be Deceiving? Take A Peek At This Astonishing Guy.,0
Hugh Jackman Gives Us A Much-Needed History Lesson And A Wake-Up Call,1
Hugh Jackman Gives Us A Much-Needed History Lesson And A Wake-Up Call,0
We Have Found The Easiest Way To Get Congress To Do Something About Climate Change EVER,1
We Have Found The Easiest Way To Get Congress To Do Something About Climate Change EVER,0
Why I’m Pretty Much Nerding Out Over This Incredibly Inspiring Technology,1
Why I’m Pretty Much Nerding Out Over This Incredibly Inspiring Technology,0
Meet The Nuns Who Are Taking Names And Fighting Back,1
Meet The Nuns Who Are Taking Names And Fighting Back,0
Meet The Nuns Who Are Taking Names And Fighting Back,1
Meet The Nuns Who Are Taking Names And Fighting Back,0
"If You Think Race Isn’t An Issue Anymore, Boy Have I Got An Infographic For You",1
"If You Think Race Isn’t An Issue Anymore, Boy Have I Got An Infographic For You",0
"If You Were Bullied And Decided To Become A Sixth-Grade Metalhead, You Would Be These Fantastic Kids",1
"If You Were Bullied And Decided To Become A Sixth-Grade Metalhead, You Would Be These Fantastic Kids",0
I Didn't Think I Was Going To Like The Actor Behind 'The Most Interesting Man.' I Was Mistaken.,1
Here's A Guy Who Figured Out How To Use His Sudden Fame The Right Way,0
A Hilarious And Beautiful Song About All The Crazy Sh*t Women Do To Look Good,1
"A Song Called 'The Armpit Song' Is, Meaningful, Beautiful, And About So Much More Than That",0
"This Is Probably The Funniest, Most Effective Way To Deal With People Who Ignore Science Facts Ever",1
"This Is Probably The Funniest, Most Effective Way To Deal With People Who Ignore Science Facts Ever",0
A Late Night Comedian Makes An Amusing Point About The Fairness Of Men Paying For Date Night,1
A Late Night Comedian Makes An Amusing Point About The Fairness Of Women Paying For Date Night,0
"This Is Probably The Funniest, Most Effective Way To Deal With People Who Ignore Science Facts Ever",1
"This Is Probably The Funniest, Most Effective Way To Deal With People Who Ignore Science Facts Ever",0
"If You Were Bullied And Decided To Channel It In A Fantastic Way, You Would Be These Kids",1
"You Might Of Decided To Become A Sixth-Grade Metalhead If You Were Bullied, Too",0
Meet The Defiant Nuns Who Are Taking Names And Fighting Back,1
Meet The Defiant Nuns Who Are Taking Names And Fighting Back,0
"If 287,000 Women Had Been Given A Few More Choices About Their Sex Lives They’d Still Be Alive",1
I’m Lucky To Live Somewhere Where I Have Choices About My Maternal Health. 222 Million Don’t.,0
"If You Were Bullied And Decided To Channel It In A Fantastic Way, You Would Be These Kids",1
"If You Were Bullied And Decided To Channel It In A Fantastic Way, You Would Be These Kids",0
"If 287,000 Women Had Been Given A Few More Choices About Their Sex Lives They’d Still Be Alive",1
"If 287,000 Women Had Been Given A Few More Choices About Their Sex Lives They’d Still Be Alive",0
This Rapper Schools Us On Who We Have To Thank For That 5 O'Clock Feeling,1
This Rapper Schools Us On Who We Have To Thank For That 5 O'Clock Feeling,0
Diana Saw A Huge Problem In Her Community And Did Something No One Else Knew How To Do,1
Why This Big Problem In Her Community Only Inspired Her To Make Things Better,0
WARNING: This Guy Will Rip Your Heart Out Within 3 Minutes Talking About Kids,1
This Is What It Means To Be A Black Child In America,0
"If You Were Bullied And Decided To Channel It In A Fantastic Way, You Would Be These Kids",1
"If You Were Bullied And Decided To Channel It In A Fantastic Way, You Would Be These Kids",0
They Thought It Couldn't Happen To Them. And Then It Did.,1
They Thought It Couldn't Happen To Them. And Then It Did.,0
"If You Have To Talk To Your Kids This Way, I'm Sorry On Behalf Of Humanity",1
The Horrible Thing About 37% Of Americans Might Have To Teach Their Children,0
Hard Time Visualizing The Importance Of Medical Research? Here's A Simple (And Shocking) Lesson.,1
A Brave And Astonishing Lesson On The Importance Of Medical Research,0
The Science Presentation That Would've Kept Me Awake In High School,1
MIC DROP: Can't Fall Asleep During This Science Class,0
Watch A Gut-Wrenching Moment A Father Sees His Son For the First Time After He Is Thought To Be Dead,1
Watch A Gut-Wrenching Moment A Father Sees His Son For the First Time After He Is Thought To Be Dead,0
Watch A Gut-Wrenching Moment A Father Sees His Son For the First Time After He Is Thought To Be Dead,1
Watch A Gut-Wrenching Moment A Father Sees His Son For the First Time After He Is Thought To Be Dead,0
"Meanwhile, In The Peaceful Little Kingdom Of Denmark, The Citizens Were Happy, Healthy, And On Time",1
They Just Can’t Get Enough Bicycling! See What Those Zany Danes Are Up To.,0
The Epic Animated Story Of How A Ton Of Dimes And A Badass Scientist (Almost) Eradicated A Disease,1
The Epic Animated Story Of How A Ton Of Dimes And A Badass Scientist (Almost) Eradicated A Disease,0
Science Has Been Lying To You About Some Fundamental Truths,1
"How A Story Can Change The Way You Feel About The Whole World
",0
"Racial Profiling, Please Meet My Friend, Common Sense. You Two Need To Talk.",1
"Racial Profiling, Please Meet My Friend, Common Sense. You Two Need To Talk.",0
"Bullying And Rape Culture Have A New Enemy, And He Is … A Fraternity Brother",1
"The Hardest Bullies To Stand Up To Are The Ones Who You Call Brother
",0
This Rapper Schools Us On Who We Have To Thank For That 5 O'Clock Feeling,1
A Rapper's Verses Tell Us Who We Have To Thank — For That 5 O'Clock Feeling,0
You Have Electricity Because Of Guys Like These,1
Forget 'Dirty Jobs' — Check Out These Dudes Who LASSO POWER WHILE IN THE AIR,0
"If You Have To Tell Your Kids This Stuff, Then You Probably Aren't A White Person",1
"If You Have To Tell Your Kids This Stuff, Then You Probably Aren't A White Person",0
Hear One Of The Biggest Triumphs Of Modern History Told In 4 Minutes,1
The Epic Animated Story Of How A Ton Of Dimes And A Badass Scientist (Almost) Eradicated A Disease,0
You Know Those Power Lines That Stretch On Forever When You're Driving Across The Countryside?,1
The Incredible Things That These People Do So You Can Turn On Your Lights,0
WATCH: Celebrities Wasting Money To Make The World A Better Place,1
WATCH: Celebrities Wasting Money To Make The World A Better Place,0
"His Demonstration Is Incredibly Simple, In The Completely Fascinating, Heartbreaking, Oh-My-God Way",1
"For Those Who Suffer The Same Disease, He Gives An Incredibly Intimate And Profound Demonstration",0
"If You Were Bullied And Decided To Channel It In A Fantastic Way, You Would Be These Kids",1
"If You Were Bullied And Decided To Channel It In A Fantastic Way, You Would Be These Kids",0
"Who Doesn't Like To Watch Half-naked Girls Dancing? These Guys, After They See Why It's Happening",1
"Who Doesn't Like To Watch Half-naked Girls Dancing? These Guys, After They See Why It's Happening",0
These Marvelous Boys Were Bullied And Decided To Channel It In A Fantastic Way.,1
"If You Were Bullied Like These Kids And Decided To Channel It Into This, You'd Also Be Fantastic ",0
Superhuman Navigation Skills? Risky Sexual Behavior? Your Native Language Might Be To Blame.,1
Superhuman Navigation Skills? Risky Sexual Behavior? Your Native Language Might Be To Blame.,0
Kevin Spacey Predicts The Future. Mainstream Media Could Be In Serious Trouble.,1
Kevin Spacey Explains How Traditional Media Is Losing Its Stranglehold On Content,0
Stephen Fry Drops A Whale Of A Final Remark On The Catholic Church During A Debate,1
"Oh, The Crappy Arguments People Try To Pull On Stephen Fry...",0
"His Demonstration Is Incredibly Simple, In The Completely Fascinating, Heartbreaking, Oh-My-God Way",1
"His Demonstration Is Incredibly Simple, In The Completely Fascinating, Heartbreaking, Oh-My-God Way",0
You Know Those Power Lines That Stretch On Forever When You're Driving Across The Countryside?,1
You Know Those Power Lines That Stretch On Forever When You're Driving Across The Countryside?,0
"What If The Women In Your Life Had No Choice But To Keep Having Babies, Even If It Killed Them?",1
"Their Shelves Were Empty, And Women Were Dying",0
Holy Crap! They've Already Saved 20 Million Lives. That Deserves Way More Than Applause.,1
We Should Totally Thank These People For Making Our World Waaaay Less Deadly,0
How The Future Might Look If We Don't Push For Gun Control,1
How The Future Might Look If We Don't Push For Gun Control,0
Is 'The Next Jimi Hendrix' Too Subtle For How Talented This Kid Is?,1
Is 'AC/DC As Kids From Harlem' Descriptive Enough For How Talented These Kids Are?,0
At 5pm A Man's Daughter Was Sick. By 7pm She Was Dead. Her Killer Is Now Being Cleaned Up.,1
At 5pm A Man's Daughter Was Sick. By 7pm She Was Dead. Her Killer Is Now Being Defeated.,0
A Hilarious And Beautiful Song About All The Crazy Sh*t Women Do To Look Good,1
A Hilarious And Beautiful Song About All The Crazy Sh*t Women Do To Look Good,0
"What Two Sticks, A Nail And A Bucket Can Do That Test Tubes And Scientific Tests Can't",1
"When Some Sticks And A Bucket Are The Strongest Weapons Against Deadly Killers
",0
This Woman Saw A Huge Problem In Her Community And Did Something No One Else Knew How To Do,1
"This Woman Saw A Ginormous Problem, And, Well, She's Pretty Much Saving The Day",0
I Never Thought About My Cell Phone This Way. Did You?,1
Why We Need More Cell Phones In The World,0
WATCH: Celebrities Wasting Money To Make The World A Better Place,1
How Celebrities Wasting Money Makes The World A Better Place,0
"How Can Two Sticks, A Nail And A Bucket Solve A Problem Test Tubes And Scientific Tests Can't?",1
"What Can Two Sticks, A Nail And A Bucket Do Better Than Test Tubes And Scientific Tests?",0
At 5pm A Man's Daughter Was Sick. By 7pm She Was Dead. Her Killer Is Now Being Cleaned Up.,1
At 5pm A Man's Daughter Was Sick. By 7pm She Was Dead. Her Killer Is Now Being Cleaned Up.,0
You Know Those Power Lines That Stretch On Forever When You're Driving Across The Countryside?,1
You Know Those Power Lines That Stretch On Forever? Here Are The People Who Actually Hang Them.,0
The Warning Label That We Never Knew We Needed Until We Saw It,1
A Good Idea That We Actually Came Up With Decades Ago But Forgot To Keep Using,0
"His Fraternity Gave Him The Same Bland, Empty Lecture On Drinking … Here’s His Response",1
"His Fraternity Gave Him The Same Bland, Empty Lecture On Drinking … Here’s His Response",0
"After I Saw This, I Put Down My Phone And Didn’t Pick It Up For The Rest Of The Day",1
"If You Ever Feel Panicked When Your Phone Is At 20% Battery, This Might Help",0
Pretty Much The Next Jimi Hendrix — Is That Too Subtle For How Talented I Think This Kid Is?,1
Pretty Much The Next Jimi Hendrix — Is That Too Subtle For How Talented I Think This Kid Is?,0
"How Can Two Sticks, A Nail And A Bucket Solve A Problem Test Tubes And Scientific Tests Can't?",1
"How Can Two Sticks, A Nail And A Bucket Solve A Problem Test Tubes And Scientific Tests Can't?",0
"At 5 P.M., A Girl Got Sick. By 7 P.M., She Was Dead. Her Killer Is Now Being Cleaned Up.",1
"At 5 P.M., A Young Woman Got Sick. By 7 P.M., She Was Dead. Her Killer Is Now Being Cleaned Up.",0
"If We Legalize Weed In America, We'll Have To Deal With A Lot More Of These People",1
"If We Legalize Weed In America, We'll Have To Deal With A Lot More Of These People",0
"At First I Was All, “Shut UP, David Blaine!” But By The Time He Started Crying, I Was A Fan. ",1
"He Performs Life-Threatening Stunts For A Living, But This Speech Brought Him To Tears",0
"How Can Two Sticks, A Nail And A Bucket Solve A Problem Test Tubes And Scientific Tests Can't?",1
"The Incredible Thing Two Sticks, A Nail And A Bucket Can Do To Save Lives",0
Hahahaha! So﻿ true – 12 Statements Veterans Are Pretty Damn Tired Of Hearing.,1
Aaaarrrggghhh – 12 Statements Veterans Are Pretty Damn Tired Of Hearing.,0
A Ginormous Energy Company Picked A Fight With College Kids. They Probably Shouldn't Have Done That.,1
Once Upon A Time Some College Kids Chased An Energy Company Out Of Town,0
"A Ginormous Energy Company Picked A Fight With College Kids And Really, Really, Regretted It",1
Dear Ginormous Greedy Energy Company. Check. Your Move.,0
Remember These Incredible Facts The Next Time You Sleep In On A Saturday,1
Remember These Incredible Facts The Next Time You Sleep In On A Saturday,0
Remember These Facts The Next Time You Sleep In On A Saturday,1
Remember These Historical Facts The Next Time You Sleep In On A Saturday,0
What’s Schizophrenia Like? A Woman Who Hears Voices Explains It Beautifully.,1
"Talking To The Voices In Her Head Helped Her Get Better, Now She’s Helping Others",0
"HAHAHA, So﻿ True! 12 Statements Veterans Are Pretty Damn Tired Of Hearing.",1
12 Statements Veterans Are Pretty Damn Tired Of,0
"Yes, Right, This Radio Host Host Makes Sense. Maternity Leave Is A Ridiculous Concept. Oh, Wait...",1
"Yes, Right, This Radio Host Host Makes Sense. Maternity Leave Is A Ridiculous Concept. Oh, Wait...",0
What’s Schizophrenia Like? A Woman Who Hears Voices Explains It Beautifully.,1
What’s Schizophrenia Like? A Woman Who Hears Voices Explains It Beautifully.,0
"At First I Was All, “Really, David Blaine?” But By The Time He Started Crying, I Was A Fan.",1
"At First I Was All, “Whatever, David Blaine,” But By The Time He Started Crying, I Was A Fan.",0
"Yes, Right, This Radio Host Host Makes Sense. Maternity Leave Is A Ridiculous Concept. Oh, Wait...",1
"Yes, Right, This Radio Host Host Makes Sense. Maternity Leave Is A Ridiculous Concept. Oh, Wait...",0
Remember These Facts The Next Time You Sleep In On A Saturday,1
Remember These Facts The Next Time You Sleep In On A Saturday,0
Rep. John Lewis Joined Fast Food Workers On Strike And This Is What He Said,1
One Of The Original Icons Of The Civil Rights Movement Joins Striking Fast Food Workers,0
"This Radio Show Host Makes Sense. Maternity Leave Is A Ridiculous Concept. Oh, Wait...",1
"This Radio Show Host Makes Sense. Maternity Leave Is A Ridiculous Concept. Oh, Wait...",0
Hilarious Examples Of People Who Can’t Think For Themselves,1
Hilarious Examples Of People Who Can’t Think For Themselves,0
Science Has Been Lying To You About Some Fundamental Truths,1
Science Has Been Lying To You About Some Fundamental Truths,0
"His Fraternity Gave Him The Same Bland, Empty Lecture On Drinking … Here’s His Response",1
"His Fraternity Gave Him The Same Bland, Empty Lecture On Drinking … Here’s His Response",0
A Greedy Old Power Company Decided To Pick A Fight With Some Young Organized 20-Somethings. Whoops.,1
A Greedy Old Power Company Decided To Pick A Fight With Some Young Organized 20-Somethings. Whoops.,0
Some College Kids Figured Out How To Cut Energy Companies Out Of Our Lives. They Are Not Amused.,1
Some College Kids Figured Out How To Cut Energy Companies Out Of Our Lives. They Are Not Amused.,0
This Is What Happens When A Congressman Joins With Fast Food Workers To Make Some Change,1
This Is What Happens When A Congressman Joins With Fast Food Workers To Make Some Change,0
"Do You Remember the Female Avenger? This Little Girl Does, And She Has Something To Say About It. ",1
"Do You Remember the Female Avenger? This Little Girl Does, And She Has Something To Say About It. 
",0
"If You Recognize Yourself In This Video, It’s Time To Do Something About It
",1
"When Did We Turn Into A Bunch Of Soulless, Addicted Techbots?",0
Some College Kids Figured Out How To Cut Energy Companies Out Of Our Lives. They Are Not Amused.,1
Some Organized Folks Figured Out How To Cut Energy Companies Out Of Our Lives. They Are Not Amused.,0
Some College Kids Figured Out How To Cut Energy Companies Out Of Our Lives. They Are Not Amused.,1
Some College Kids Figured Out How To Cut Energy Companies Out Of Our Lives. Guess Who Is Not Amused?,0
Some College Kids Figured Out How To Cut Energy Companies Out Of Our Lives. They Are Not Amused.,1
A Overzealous Power Company Tried To Take Advantage Of An Entire Town. Whoops.,0
"It Kills 3 People A Minute, But That's Not Stopping This Group Of Heroes",1
Holy Crap! They've Already Saved 20 Million Lives. That Deserves Way More Than Applause.,0
This Woman Saw A Huge Problem In Her Community And Did Something No One Else Knew How To Do,1
"Her Community Needed Some Serious Help, So She Took On The Challenge",0
"The Most Powerful Weapon In The World Is The One That 897 Million People Don’t Have
",1
"The Most Powerful Weapon In The World That I Wish Every Man, Woman, And Child Had Access To",0
A Bunch Of Young Punks Just Managed To Make A Giant Corporation Freak Out Big Time,1
A Bunch Of Young Punks On A Bus Just Managed To Make A Giant Corporation Freak Out Big Time,0
"The Most Powerful Weapon In The World Is The One 775 Million People Don’t Know How To Use
",1
The Most Powerful Weapon In The World Is The One That 897 Million People Don’t Have,0
A Bunch Of Young Punks Just Managed To Make A Giant Monolithic Corporation Freak Out Big Time,1
A Bunch Of Regular Folks Just Managed To Make A Giant Corporation Freak Out Big Time,0
A Bunch Of Young Punks Just Managed To Make A Giant Monolithic Corporation Freak Out Big Time,1
A Giant Monolithic Corporation Is Trying To Bully A City Into Paying More For Dirtier Power. Whoops.,0
The One Where The Doctors Do Miraculous Things Inside A Blow-Up Tent While A War Is Going On Outside,1
A Doctor Describes What It’s Like Working Inside An Inflatable Tent In The Middle Of A War,0
His Piano Playing Is Beautiful. I’m Glad He Has Somewhere To Play It Now.,1
"For These Homeless Families, One Key Makes All The Difference In The World",0
"The Most Powerful Weapon In The World Is The One 775 Million People Don’t Know How To Use 
",1
"The Most Powerful Weapon In The World Is The One 775 Million People Don’t Know How To Use 
",0
A Bunch Of Young Punks Just Made A Giant Monolithic Corporation Freak Out Big Time,1
A Bunch Of Young Rabblerousers Just Made A Giant Monolithic Corporation Freak Out Big Time,0
"When Everything In Syria Is An Emergency Room, A 'Normal' Hospital Visit Looks Like This",1
"In Syria, One Of The Only Hospitals Is Actually A Tent",0
A Bunch Of Young Punks Just Made A Giant Corporation Freak Out Big Time And They're Doing It Again,1
A Bunch Of Young Punks Just Made A Giant Corporation Freak Out Big Time And They're Doing It Again,0
A Bunch Of Young Geniuses Just Made A Corrupt Corporation Freak Out Big Time. Time For Round Two.,1
Some Young Geniuses Made A Corrupt Corporation Freak Out Big Time. They Are Coming Back For Seconds.,0
The Things This Dude Is Saying About Why Your Job Is Better Than It Used To Be Are Fact,1
The Things This Dude Is Saying About Why Your Job Is Better Than It Used To Be Are Truthy Truths,0
A Bunch Of Young Geniuses Just Made A Corrupt Corporation Freak Out Big Time. Time For Round Two.,1
A Bunch Of Young Geniuses Just Made A Corrupt Corporation Freak Out Big Time. Time For Round Two.,0
A Bunch Of Young Geniuses Just Made A Corrupt Corporation Freak Out Big Time. Time For Round Two.,1
A Bunch Of Young Geniuses Just Made A Corrupt Corporation Freak Out Big Time. Time For Round Two.,0
One Man Got To Hear These Words From His Sons Before They Died On 9/11,1
One Man Got To Hear These Words From His Sons Before They Died On 9/11,0
I Never Thought I'd See The Day Where Even Broad Daylight Is Too Dangerous For Love,1
I Never Thought I'd See The Day Where Even Broad Daylight Is Too Dangerous For Love,0
It's Like Working Overtime And Not Getting Paid For It,1
It's Like Busting Your Ass AND Getting A Pay Cut,0
It's Like Working Overtime And Not Getting Paid For It,1
It's Like Working Overtime And Not Getting Paid For It,0
"A Beautiful, Animated Reminder Of What You Can Do To Save A Life",1
"Be Inspired To Save A Life By, Er, The Red Line Along The Bottom Of A YouTube Video",0
​Sorry Pregnant Lady: You Can't Give Birth Here Because You're Poor,1
​Sorry Pregnant Lady: You Can't Give Birth Here Because You're Poor,0
"When A Whole Country Is An Emergency Room, A 'Normal' Hospital Visit Looks Like This",1
"When Everything In Syria Is An Emergency Room, A 'Normal' Hospital Visit Looks Like This",0
"Here's A Way To Find Out Exactly How Much Money You Should Be Earning, But Probably Aren't",1
Ever Wish You Could See Just How Much You SHOULD Be Making?,0
"What Killed 30,000 Children In 3 Months Has These Celebrities Saying The F-Word",1
I Learned About A Whole Other F-Word And I Think I'm Better For It,0
"Hey Science, You're Great - But Two Sticks, A Nail And A Bucket Solve A Problem Better Than You",1
How Can Two Sticks And A Bucket Solve A Problem Test Tubes Better Than Test Tubes And Science Labs?,0
"A Beautiful, Animated Reminder Of What You Can Do To Save A Life",1
"A Beautiful, Animated Reminder Of What You Can Do To Save A Life",0
​Sorry Pregnant Lady: You Can't Give Birth Here Because You're Poor,1
​Sorry Pregnant Lady: You Can't Give Birth Here Because You're Poor,0
A Beautifully Animated Reminder Of What You Can Do To Save A Life,1
"A Beautiful, Animated Reminder Of What You Can Do To Save A Life",0
"If You Happen To Know A Teacher, Here's Something That Will Make Their Day",1
"What If Lesson Plans And Other Resources For Teachers Were Shareable, Open Source, And Free?",0
"These Doctors Don't Give A Damn About Your Politics Or Wealth, They Just Want To Do Their Job",1
"These Doctors Don't Give A Damn About Your Politics Or Wealth, They Just Want To Do Their Job",0
"Here's An F-Word That's Okay To Say Around Children, But Really Hard To Explain To Them",1
"Here's An F-Word That's Okay To Say Around Children, But Really Hard To Explain To Them",0
You'll Never Guess Where A Quarter Of The World's Prison Population Is,1
You'll Never Guess Where A Quarter Of The World's Prison Population Is,0
This Is What Happens When You Come Across A Straight Politician Who Knows His Gay Stuff,1
Holy Equality! A Straight Male Politician Gets It Right.,0
What This Straight Male Christian Politician Just Said About Gays Knocked My Socks Off,1
This Is What Happens When You Come Across A Straight Politician Who Knows His Gay Stuff,0
One Country's Ingeniously Successful Scheme To Get People To Adopt Unwanted Mutts,1
One Country's Ingeniously Successful Scheme To Get People To Adopt Unwanted Mutts,0
Imagine If Everyone Copied Their Genius Plan To Save A Puppy,1
Imagine If Everyone Copied Their Genius Plan To Save A Puppy,0
"She Swam From Cuba To Florida, Walked Up Onto The Beach And Told Everyone 2 Things To Never Forget",1
"I Wish I Could Push Myself As Far As She Just Did. Oh Wait, Apparently I Can ",0
Looks Like Oregon Has The Right Idea About How To Make Our Country Safer,1
These Filmmakers Have America's Gun Policies In Their Crosshairs,0
You'll Never Guess Where A Quarter Of The World's Prison Population Is,1
You'll Never Guess Where A Quarter Of The World's Prison Population Is,0
"Hands Down, The Quickest Way To Kick Start The Economy Is To Do Something Very Simple",1
Quick Guess: Who Would Be Helped By Raising The Minimum Wage?,0
I Never Would Have Guessed Where A Quarter Of The World's Prison Population Is,1
I Never Would Have Guessed That 25% Of The World's Prison Population Is Here,0
Dustin Hoffman Breaks Down Crying Explaining Something That Every Woman Sadly Already Experienced,1
Dustin Hoffman Breaks Down Crying Explaining Something That Every Woman Sadly Already Experienced,0
Alyssa Milano Made A Sex Tape And It's Really Important That You Watch It. I'm Not Joking.,1
The Most Informative And Salacious Educational Video About Syria Involving Celebrity Sex Ever Made,0
A Boy Came Out On Facebook. His Mother Found Out And Decides To Leave A Letter.,1
The World Would Be A Drastically Different Place If All Mom's Said These Words To Their Gay Child,0
A Sports Commentator Proves That A 'Maybe' Does Not A Job Make,1
It's Time We All Pay Attention To The Most Important Thing In Football — And It's Not The Score,0
I Just Love It When Jerks Get Called Out The Way This Jerkface Is Being Called Out,1
You Don't Have To Play Sports To Agree With What This Host Is So Angry About,0
The World Would Be A Drastically Different Place If All Mom's Said These Words To Their Child.,1
The World Would Be A Drastically Different Place If All Mom's Said These Words To Their Child.,0
One Country's Plan To Save Unwanted Dogs Is Pure Genius,1
One Country's Plan To Save Unwanted Dogs Is Pure Genius,0
Her Dad Thinks Being Gay Was Her Choice. The Words She Said Back? Couldn't Have Chosen Them Better.,1
Her Dad Thinks Being Gay Was Her Choice. The Words She Said Back? Couldn't Have Chosen Them Better.,0
Dustin Hoffman Breaks Down Crying Explaining Something That Every Woman Sadly Already Experienced,1
Dustin Hoffman Breaks Down Crying Explaining Something That Every Woman Sadly Already Experienced,0
Cable News Host Takes On Morally Complex Issue With Exceeding Care,1
Cable News Host Takes On Morally Complex Issue With Exceeding Care,0
"If We Legalize Weed In America, We'll Have To Deal With A Lot More Of These People",1
"If We Legalize Weed In America, We'll Have To Deal With A Lot More Of These People",0
Stephen Fry's Bone-Crushing Final Remark In A Debate Against The Catholic Church,1
Stephen Fry's Bone-Crushing Final Remark In A Debate Against The Catholic Church,0
Here's How To Fit Saving The World Into Your Busy Schedule,1
The Armchair Advocate's Guide To 24 Hours Of Giving,0
A Journalist Was Asked By Her Network To Cover Paris Hilton. She Did This Instead.,1
Fellow 'Journalists' Try To Bully Her Into Covering A Paris Hilton Story. It Doesn't Work.,0
"She Probably Won't Win A Grammy, But Her Music Literally Saves Lives",1
"Imma Let You Finish, But Her Lifesaving Music Is The Best Of All Time",0
A Journalist Was Asked By Her Network To Cover Paris Hilton. She Did This Instead.,1
A Journalist Stands Up To Her Network After Being Asked To Cover Paris Hilton. Incredible.,0
Got 2 Minutes? I’ve Got A Video That’ll Explain The Sh*tstorm That Is Syria Right Now,1
Got 2 Minutes? I’ve Got A Video That’ll Explain The Sh*tstorm That Is Syria Right Now,0
When She Realized Her Students Were Suicidal This Teacher Changed Her Curriculum,1
When She Realized Her Students Were Suicidal This Teacher Changed Her Curriculum,0
Why The One Thing You Should Buy Right Now For Kids In Need Is Actually A Camera,1
Why Buying Cameras For Kids In Need Is A Fantabulous Idea,0
Her Dad Thinks Being Gay Was Her Choice. The Words She Said Back? Couldn't Have Chosen Them Better.,1
Her Dad Thinks Being Gay Was Her Choice. The Words She Said Back? Couldn't Have Chosen Them Better.,0
Half Of Us Did This Illegal Act After We Graduated College. It's Not Okay.,1
There's A Word For What This Is... What's It Called Again? Oh Yeah — Slavery.,0
An Amazing Thing Happened When An Indian American Comedian Got Sick Of Jokes About His Race,1
"That A+ Moment When A Comedian Calls Out Racist, Outdated Jokes During A Roast",0
You Know How People Say Everyone In America Should Know English? How About This American Language?,1
You Know How People Say Everyone In America Should Know English? How About This American Language?,0
Meet Anthony. He’s About To Educate Us On One Of The Most Perplexing And Obvious Signs Of Autism.,1
Meet Anthony. He’s About To Educate Us On One Of The Most Perplexing And Obvious Signs Of Autism.,0
Over The Years It Has Had Over 80 Names But Now It Has Become A Four Letter Word,1
Reason #89789 That PTSD Is Nothing To Mess With,0
"That A+ Moment When A Comedian Calls Out Racist, Outdated Jokes During A Roast",1
"That A+ Moment When A Comedian Calls Out Racist, Outdated Jokes During A Roast",0
What Happens When A Really Powerful Idea Takes Off: Some Companies Are Getting Nervous ...,1
What Happens When A Really Powerful Idea Takes Off: Working People Are Waking Up!,0
The Quickest Way To Kick Start The Economy Is To Do Something Very Simple,1
The Quickest Way To Kick Start The Economy Is To Do Something Very Simple,0
"You Wouldn't Want This To Happen To Your Baby, But It Happens To A Thousand Babies Every Single Day.",1
"You Wouldn't Want This To Happen To Your Baby, But It Happens To A Thousand Babies Every Single Day.",0
"See What Racism Looks Like When It's So Overt, It's Written Into The Rule Book",1
I Wonder If Some Schools Would Be Happier If Certain Kids Just Shaved Their Heads...,0
The Conflict In Syria Explained In About 2 Minutes,1
Got 2 Minutes? Wanna Understand The Front Page Of Your Newspaper? Here's The Video For You,0
"She Swam From Cuba To Florida, Walked Up Onto The Beach And Told Everyone 2 Things To Never Forget",1
"She Swam From Cuba To Florida, Walked Up Onto The Beach And Told Everyone 2 Things To Never Forget",0
"You Wouldn't Want This To Happen To Your Baby, But It Happens To A Thousand Babies Every Single Day.",1
"You Wouldn't Want This To Happen To Your Baby, But It Happens To A Thousand Babies Every Single Day.",0
Half Of Us Did This Illegal Act After We Graduated College. It's Not Okay.,1
Half Of Us Did This Illegal Act After We Graduated College. It's Not Okay.,0
WATCH: A 2 Minute Video That'll Bring You Up To Speed On Syria,1
WATCH: A 2 Minute Video That'll Bring You Up To Speed On Syria,0
I Don’t Care How Nice Your Couch Is. Please Don’t Do This Torturous Thing To Your Cat.,1
I Don’t Care How Nice Your Couch Is. Please Don’t Punish Your Cat So Horrifically For Being A Cat.,0
Meet Anthony. He’s About To Educate Us On One Of The Most Perplexing And Obvious Signs Of Autism.,1
This Kid Will Educate You On One Of The Most Perplexing And Obvious Signs Of Autism.,0
"Over The Years, It Has Had Over 80 Names But Now It Has Become A Four-Letter Word",1
"Over The Years, It Has Had Over 80 Names But Now It Has Become A Four-Letter Word",0
Half Of Us Did This Illegal Act After We Graduated College. It's Really Not Okay.,1
"Half Of Us Performed This Illegal Action After We Graduated College. Seriously, It's Not Okay.",0
What This Guy Did Back In The Day Was Heinous. How He Decided To Make Amends Is Honorable.,1
What This Guy Did Back In The Day Was Heinous. How He Decided To Make Amends Is Honorable.,0
"WHOA: Attention Walmart Shoppers, There's A Flash Mob On Aisle 4",1
"WHOA: Attention Walmart Shoppers, There's A Flash Mob On Aisle 4",0
I KIlled A Man',1
I KIlled A Man',0
"See What Racism Looks Like When It's So Overt, It's Written Into The Rule Book",1
"See What Racism Looks Like When It's So Overt, It's Written Into The Rule Book",0
WATCH: A 2 Minute Video That'll Bring You Up To Speed On Syria,1
WATCH: A 2 Minute Video That'll Bring You Up To Speed On Syria,0
"We Know How Much Teens Love Selfies, But There's A Certain Type They Shouldn't Take",1
"We Know How Much Teens Love Selfies, But There's A Certain Type They Shouldn't Take",0
Half Of Us Are Victims Of This Illegal Act After We Graduate College. It's Really Not OK.,1
Half Of Us Are Victims Of This Illegal Act After College. It's Really Not OK.,0
Half Of Us Are Victims Of This Illegal Act After We Graduate College. It's Really Not OK.,1
Half Of Us Are Victims Of This Illegal Act After We Graduate College. It's Really Not OK.,0
An Epic Example Of How Big The Actual Problem Is,1
A Problem Big Enough To Hold A Dance Party Inside,0
He Just Came Up With The Worst Idea In The History Of The Internet. It Involves Your Bank Account.,1
He Just Came Up With The Worst Idea In The History Of The Internet. It Involves Your Bank Account.,0
He Just Came Up With The Worst Idea In The History Of The Internet. It Involves Your Bank Account.,1
He Just Came Up With The Worst Idea In The History Of The Internet. It Involves Your Bank Account.,0
Looks Like Oregon Has The Right Idea About How To Make Our Country Safer,1
"An Oregon Man Is Putting Recent American Tragedies In The Hot Seat, To Ask How We'll Be Remembered",0
The. Most. Astounding. Fact. EVER.,1
The Most Astounding Fact EVER,0
That Time A Big Fancy Corporate Shill Realized His Entire Life Was A Horrible Lie,1
That Time A Big Fancy Corporate Shill Realized His Entire Life Was A Horrible Lie,0
Our Decision To Head Into Syria Gets The Stewart Treatment,1
"As Our Syria Involvement Unfolds, Stewart Wants To Talk About Our D*ck Measuring Ribbon Process",0
Looks Like Oregon Has The Right Idea About How To Make Our Country Safer,1
What's Over 5 Thousand And Climbing Since The Sandy Hook Shooting? I'll Let These Folks Tell You,0
A Movie Just As Frightening As 'The Birds' ... But Real.,1
"Beauty And Splendor Are Being Erased Forever On A Remote Island, And The Culprit Doesn't Have A Clue",0
"A Simple Gesture Shows The Goodness In People, And That's All It Really Takes",1
How In The World Are Basketball And Beer Making Me Tear Up?,0
"20 Years Ago We Thought Of It As Sci-fi, And Now 162 Countries Can Stare Me In The Face",1
"20 Years Ago We Thought Of It As Sci-fi, And Now 162 Countries Can Stare Me In The Face",0
The Incredible Inspiration One Man Gave Us In The Last Hour Of His Life,1
"It's Shocking To See Some Of This Footage Again, But So Worth It To Learn About A True Hero",0
He Just Came Up With The Worst Idea In The History Of The Internet. It Involves Robbing You.,1
"Meet John Wooley. The Big Cable Companies Hired Him To Screw- Er, Show You A ""Better"" Internet.",0
The Incredible Inspiration One Man Gave Us In The Last Hour Of His Life,1
The Incredible Inspiration One Man Gave Us In The Last Hour Of His Life,0
What This Guy Did Back In The Day Was Shameful. How He Decided To Make Amends Is Gut-Wrenching.,1
What This Guy Did Back In The Day Was Shameful. How He Decided To Make Amends Is Gut-Wrenching.,0
I Have A Favor To Ask. Listen To This Beautiful Story About Strippers. You'll Thank Me Later.,1
I Have A Favor To Ask. Listen To This Beautiful Story About Strippers. You'll Thank Me Later.,0
"By The Year 2020, Almost Half Of The Workforce Will Be Made Up Of These People",1
What Managers And Team Leaders Need To Know About Millennials,0
A Senator Takes A Moment To Get Real With You About What You Are Up Against,1
A Senator Tells A Room Full Of People What We Already Know About Our Broken System,0
"A Boy Makes Anti-Muslim Comments In Front Of An American Soldier. Bad Idea, Dude.",1
"Do Americans Have A Problem with Muslims? If So, Can They Listen To The Soldier Here Speak?",0
This Is Where My Neighbor's Children Do Their Homework',1
It's Cute That They Thought We Wouldn't Notice Them Trying To Rip Us Off,0
Our Decision To Head Into Syria Gets The Stewart Treatment,1
Our Decision To Head Into Syria Gets The Stewart Treatment,0
Two Minutes Of Inspiration And Courage From An Amazing Senator,1
Two Minutes Of Inspiration And Courage From An Amazing Senator,0
A Boy Makes Anti-Muslim Comments In Front Of An American Soldier. The Soldiers Reply = Priceless.,1
"A Boy Makes Anti-Muslim Comments In Front Of An American Soldier. Bad Idea, Dude.",0
The UN Has Declared This The Gravest Refugee Crisis In A Generation - Do You Know What It Is?,1
The UN Has Declared This The Gravest Refugee Crisis In A Generation - Do You Know What It Is?,0
"Watch The Moment Russell Brand Rips Into A Big, Famous Sponsor With A Terrible Past",1
Russell Brand Delivers His Brand Of Controversy To A Brand With A Terrible Past,0
Two Minutes Of Inspiration And Courage From An Amazing Senator,1
Two Minutes Of Inspiration And Courage From An Amazing Senator,0
Louis CK Outlines Why Our Kid's Might Not Feel Special On Their Special Days,1
Louis CK Breaks Down Why Our Experiences Might Be Easily Forgettable,0
This Kid Found Something We Should All See,1
Another Thing To Add To The List Of Things To Fear Alongside Sharks And Drowning,0
Louis CK Outlines Why Our Kid's Might Not Feel Special On Their Special Days,1
Louis CK Outlines Why Our Kid's Might Not Feel Special On Their Special Days,0
"Jimmy Kimmel Puts One Over On The Entire World, And The Biggest Sucker Was The News Cycle",1
"Jimmy Kimmel Puts One Over On The Entire World, And The Biggest Sucker Was The News Cycle",0
"Anyone Ever Tell You To ""Laugh It Off?"" Here's The Best Way To Do Just That.",1
These Comedians Are Going To Prevent A Horrible Disease One Joke At A Time,0
Jimmy Kimmel Duped The Entire World — And The Biggest Sucker Was The News Cycle,1
"Jimmy Kimmel Put One Over On The Entire World, And The Biggest Sucker Was The News Cycle",0
A Kid Found Something We Should All See,1
A Kid Found Something We Should All See,0
"Anyone Ever Tell You To ""Laugh It Off?"" Here's The Best Way To Do Just That.",1
"Anyone Ever Tell You To ""Laugh It Off?"" Here's The Best Way To Do Just That.",0
When A Gay Guy Gets Nabbed By The Sexual Orientation Police,1
You Just Can’t Be Gay Enough For Some People,0
"When This Guy Explains Why Women Won't Date Him, You May Roll Your Eyes. But 2 Minutes In...",1
"When This Guy Explains Why Women Won't Date Him, You May Roll Your Eyes. But 2 Minutes In...",0
This Guy Is Going To Show You One Of The Most Important Things You Can Teach Your Kids,1
This Guy Is Going To Show You One Of The Most Important Things You Can Teach Your Kids,0
"A Boy Tries To Commit Suicide At Age 15, Then Becomes An Awesome Role Model At 41",1
"A Boy Tries To Commit Suicide At Age 15, Then Becomes An Awesome Role Model At 41",0
"A Gay Kid Tries To Commit Suicide At Age 15, Then Becomes An Awesome Role Model At 41",1
"A Kid Tries To Commit Suicide At Age 15, Then Becomes An Awesome Role Model At 41",0
"A Gay Kid Tries To Commit Suicide At Age 15, Then Becomes A Really Awesome Role Model At 41",1
"A Boy Tries To Commit Suicide At Age 15, Then Becomes An Awesome Role Model At 41",0
"A Gay Kid Tries To Kill Himself At Age 15, Then Becomes A Really Awesome Role Model At 41",1
"A Gay Kid Tries To Commit Suicide At Age 15, Then Becomes A Really Awesome Role Model At 41",0
"Remember That Movie 'The Birds'? This One Is Just As Scary, But Real.",1
"Remember That Movie 'The Birds'? This One Is Just As Scary, But Real.",0
A Comedian Rises From The Dead To Explain Why We're Going To Invade Syria,1
Q: Why Some Countries Are So Good At War? A: Because They Get A Lot Of Practice.,0
Watch Our ‘First World Problems’ Dumped On Someone Else,1
Watch Our ‘First World Problems’ Dumped On Someone Else,0
Watch Our ‘First World Problems’ Dumped On Someone Else,1
Watch Our ‘First World Problems’ Dumped On Someone Else,0
Here It Is: Your Monetary Incentive To Not Let Those Leftovers Get Moldy,1
Here It Is: Your Monetary Incentive To Not Let Those Leftovers Get Gross,0
"On September 11, 2001, A 12-Year-Old Kid Learned A Hard Lesson. It's Time You Learned More About It.",1
"That Day Had No Black Or White, Because Under That Rubble Everyone Was Gray",0
"To You, What These Friends Do Will Be Amazing. To Them Its No Big Deal.",1
"To You, What These Friends Do Will Be Amazing. To Them Its No Big Deal.",0
"On September 11, 2001, A 12-Year-Old Kid Learned A Hard Lesson",1
"On September 11th, A 12-Year-Old Kid Learned A Hard Lesson That We Should All Have Learned By Now",0
ACK! I Don't Know If I Can Throw Away Last Week's Pasta Now.,1
ACK! I Don't Know If I Can Throw Away Last Week's Pasta Now.,0
"To You, What These Friends Do Will Be Amazing. To Them Its No Big Deal.",1
"To You, What These Friends Do Will Be Amazing. To Them Its No Big Deal.",0
"Remember That Movie 'The Birds'? This One Is Just As Scary, But Real.",1
"Remember That Movie 'The Birds'? This One Is Just As Scary, But Real.",0
This Guy Is Going To Show You One Of The Most Important Things You Can Teach Your Kids,1
Requirement For An Incredible Life: An Amazing Attitude. Entirely Optional: Extremities.,0
You THINK You've Heard All The Usual Body Positive Messages Before. But This One Has Dinosaurs!,1
You THINK You've Heard All The Usual Body Positive Messages Before. But This One Has Dinosaurs!,0
Why We're Going To Invade Syria Is Explained Perfectly By — A Dead Comedian?,1
Why We're Going To Invade Syria Is Explained Perfectly By — George Carlin? Isn't He Dead?,0
"What Provides 250,000 Jobs And Is Literally Disappearing Before Our Eyes?",1
"Welcome To The Future, Where Life Jackets Are Obsolete And Life Is Generally Awkward",0
What You Should Know About The Chemical That Syria Is Bombing Children With,1
What You Should Know About The Chemical That Syria Is Bombing Children With,0
Brain-Cancer Patient Tries Stand-Up For The First Time. He Destroys.,1
Brain-Cancer Patient Tries Stand-Up For The First Time. He Destroys.,0
Getting Stabbed In The Baby But Not See A Schlong' Is Possibly The Best Phrase I've Heard This Week,1
Who Cares If He's An Undead Demigod Warlock Were-Bear?! Fair Is Fair.,0
What Provides A Quarter Million Jobs And Is Literally Disappearing Before Our Eyes?,1
"What Provides 250,000 Jobs And Is Actually Disappearing Before Our Eyes?",0
What He Says Can Make You Laugh. Or Just Change Your Life.,1
What He Says Can Make You Laugh. Or Just Change Your Life.,0
The Three Little Words That Could Help Keep Your Loved Ones Alive,1
The Three Little Words That Could Help Keep Your Loved Ones Alive,0
The American Dream Is No Longer Where You Think It Is,1
When Did You Last Visit Your Local Library? Meet Some Folks Who'll Inspire You To Go Back.,0
"Orange, Black, Pink ... Does It Really Matter The Color Of The Uniform When The Prisoner Is A Mom?",1
"Orange, Black, Pink ... Does It Really Matter The Color Of The Uniform When The Prisoner Is A Mom?",0
"I'm Sorry, I Couldn't See You Behind Of All Of Those Boobs, Main Character Saying An Important Line",1
"You Know, These Ladies Really Have A Point About Something Most Of Us Don't Even Notice",0
"Orange, Black, Pink ... Does It Really Matter The Color Of The Uniform When The Prisoner Is A Mom?",1
"Orange, Black, Pink ... Does It Really Matter The Color Of The Uniform When The Prisoner Is A Mom?",0
A Simple Joke About A Super Obvious Problem In Hollywood Said In A Refreshingly Sly Way,1
A Simple Joke About A Super Obvious Problem In Hollywood Said In A Refreshingly Sly Way,0
Watch A Musician Give The Coolest Science Lecture This Side Of Anywhere,1
I Guarantee You've Never Seen A Science Lecture Quite Like This Before,0
"She Was Going To Introduce The President Of The United States. Instead, She Got A Standing Ovation.",1
"She Was Going To Introduce The President Of The United States. Instead, She Got A Standing Ovation.",0
Ever Wonder What A Double Standard Within A Double Standard Looks Like?,1
Let's All Shoot Each Other Some Love. Literally!,0
"She Was Going To Introduce The President Of The United States. Instead, She Got A Standing Ovation.",1
"She Was Going To Introduce The President Of The United States. Instead, She Got A Standing Ovation.",0
Going To The Doctor Should Not Be This Funny,1
Going To The Doctor Should Not Be This Funny,0
Watch A Musician Give The Coolest Science Lecture This Side Of Anywhere,1
Watch A Musician Give The Coolest Science Lecture This Side Of Anywhere,0
She Tried To Kill Herself And It Didn't Work. See How She Made All That Into Something Beautiful.,1
Could You Turn Your Ugliest Days Into Your Most Beautiful? These People Can. And Did.,0
Every Silly Talking Point About Healthcare Debunked In One Rapid Fire Epically Reasonable Rant,1
Every Silly Talking Point About Healthcare Debunked In One Rapid Fire Epically Reasonable Rant,0
A Debate Between An Atheist And A Christian Has Quite A Surprising Result,1
A Debate Between An Atheist And A Christian Has Quite A Surprising Result,0
A Debate Between An Atheist And A Christian Has Quite A Surprising Result,1
A Debate Between An Atheist And A Christian Has Quite A Surprising Result,0
"If You Think Healthcare Doesn't Need Reform, You Probably Should Watch This",1
"If You Think Healthcare Doesn't Need Reform, You Probably Should Watch This",0
Badass Reporter Stands Up To Religious Leader. My New Hero.,1
Badass Reporter Stands Up To Religious Leader. My New Hero.,0
Why Is One Fast Food Restaurant Paying Double The Minimum Wage?,1
How Much Would You Pay To Make Sure The Employees Weren’t Spitting In The Hamburgers?,0
"After Working Hard Their Entire Lives, Don't They Deserve More?",1
"Martin Luther King Died Working For Justice In Memphis, But There's Still More To Be Done",0
His Beautiful Philosophies About Life Will Make You Feel Okay That We’re Running Out Of Oil,1
Why Do You Say ‘We’re Going To Run Out Of Oil’ Like It’s A Bad Thing?,0
Don't You Love It When Your Family And Friends Surprise You In The Aisle Of A Home Depot?,1
"I Hope When Such A Big Moment Happens To Me, There Are Cartwheeling Children Involved",0
One Of My Favorite Authors Says There's Something We Should Remove From All Classrooms,1
Wouldn't It Be Great If We Could Make Education Better For All Kids Without Spending A Dime?,0
This Is Not Like Any Other Mother And Child Reunion You Have Ever Seen,1
This Is Not Like Any Other Mother And Child Reunion You Have Ever Seen,0
This Man Kept A Secret For Most Of His Life. Not The Kind Of Secret You're Probably Thinking...,1
Can You Really Define What An American Is?,0
"The Definitive, Reasonable, Fact-Checked Debunking Of Every Silly Healthcare Reform Talking Point",1
"The Definitive, Reasonable, Fact-Checked Debunking Of Every Silly Healthcare Reform Talking Point",0
Girls Don't Run The World. But They Should.,1
Girls Don't Run The World,0
How Could The Plastic Surgery She Had Be About More Than Beauty?,1
Why In The World Would Someone Get Plastic Surgery For Someone Else?,0
"John Green Said, And I Quote, ""But First I Have To Blow Your Mind.""",1
Who Pays The Most In Taxes For The Least Amount Of Healthcare? HINT: Rhymes With Shamerica.,0
Are You Happy And In Love? Here’s Why That Makes You So Sad.,1
One Man’s Plan To Extend Life Forever Is Pretty Bold. But At Least He’s Trying.,0
"Beautiful Flash Mob Of Marriage Proposal Adorableness, Aisle 10",1
"Beautiful Flash Mob Of Marriage Proposal Adorableness, Aisle 10",0
This Is Not Like Any Other Mother And Child Reunion You Have Ever Seen,1
This Is Not Like Any Other Mother And Child Reunion You Have Ever Seen,0
"Before He Dies, What This Guy Does For His Child Is Beautiful",1
A Zombie Touched My Heart Without Eating It,0
"Beautiful Flash Mob Of Marriage Proposal Adorableness, Aisle 10",1
"Beautiful Flash Mob Of Marriage Proposal Adorableness, Aisle 10",0
This Man Kept A Secret For Most Of His Life. Not The Kind Of Secret You're Probably Thinking...,1
This Man Kept A Secret For Most Of His Life. Not The Kind Of Secret You're Probably Thinking...,0
"After Working Hard Their Entire Lives, Don't They Deserve More?",1
"After Working Hard Their Entire Lives, Don't They Deserve More?",0
His First 4 Sentences Are Interesting. The 5th Blew My Mind. And Made Me A Little Sick.,1
What First-World Country Pays The Most In Taxes For Healthcare?  WRONG.,0
His First 4 Sentences Are Interesting. The 5th Blew My Mind. And Made Me A Little Sick.,1
His First 4 Sentences Are Interesting. The 5th Blew My Mind. And Made Me A Little Sick.,0
Here's A Women's Rights Issue That You May Not Have Heard About,1
Here's A Women's Rights Issue That You May Not Have Heard About,0
His First 4 Sentences Are Interesting. The 5th Blew My Mind. And Made Me A Little Sick.,1
His First 4 Sentences Are Interesting. The 5th Blew My Mind. And Made Me A Little Sick.,0
See How A Bunch Of Students Got Vaginas Banned At Their University,1
See How A Bunch Of Students Got Vaginas Banned At Their University,0
Listen To These People Talk About Living On The Edge And Then Tell Me Why We Can't Change Things,1
Listen To These People Talk About Living On The Edge And Then Tell Me Why We Can't Change Things,0
Here's How To Make Working Moms Happy,1
Here's How To Make Working Moms Happy,0
Ever Wonder What A Double Standard Within A Double Standard Looks Like?,1
Ever Wonder What A Double Standard Within A Double Standard Looks Like?,0
An NBC Panel Suggests We Stop Talking About Banks Being Evil. Barney Frank's Response? Priceless.,1
"When You Hear NBC Hosts Talking About The Poor, Poor Bankers, You Know Something's Up",0
The Genius Idea One Pizza Owner Had That May Have Encouraged You To Study Harder At School,1
"Hey Kids, Do You Want Free Pizza AND Straight A's? This Pizza Owner Has A Genius Idea To Help You.",0
They Were The Last Ones To March With MLK. See What They're Up To Now.,1
"After Working Hard Their Entire Lives, Don't They Deserve More?",0
Humans Are Horrible. You'll Probably Agree When You See The Same Thing I Did.,1
Humans Are Horrible. You'll Probably Agree When You See The Same Thing I Did.,0
The Simple Act Of Kindness That You'll Remember Next Time You're Talking To A Waiter In A Restaurant,1
"The Act Of Kindness I'd Do If I Had A Spare $200. But Hey, I'll Just Smile At This In The Meantime.",0
"After 6 Years, This Is How She Reunited With Her Mother",1
"After 6 Years, This Is How She Reunited With Her Mother",0
The Reason We're All Safer on The Job In One Image,1
The Reason You're Much More Likely To Come Home From Work In One Piece Today,0
"After 6 Years, This Is How She Reunited With Her Mother",1
This Is Not Like Any Other Mother And Child Reunion You Have Ever Seen,0
The Reason We're All Safer on The Job In One Image,1
The Reason We're All Safer on The Job In One Image,0
The Reason We're All Safer on The Job In One Image,1
The Reason We're All Safer on The Job In One Image,0
"If You Don't Think Teachers Do Enough On The Job, Have I Got A Graphic For You",1
Perhaps We Should Let The Pentagon Raise Money From Bake Sales And Use Their Budget For Schools?,0
"If You Don't Think Teachers Do Enough On The Job, Have I Got A Graphic For You",1
"If You Don't Think Teachers Do Enough On The Job, Have I Got A Graphic For You",0
"If You Don't Think Teachers Do Enough On The Job, Have I Got A Graphic For You",1
"If You Don't Think Teachers Do Enough On The Job, Have I Got A Graphic For You",0
Patton Oswalt's Tale Of Catastrophic Failure Is Hilarious. And Surprisingly Inspiring.,1
Patton Oswalt Bombed Horrifically Onstage So The Rest Of Us Don't Have To,0
What If Congress Saw What It Really Feels Like To Be Us?,1
What If Congress Saw What It Really Feels Like To Be Us?,0
"Watch A Man Playing Piano In His Wrecked House After The Colorado Floods, For A Very Good Reason",1
"Watch A Man Playing Piano In His Wrecked House After The Colorado Floods, For A Very Good Reason",0
"Watch A Man Playing Piano In His House After The Floods, For A Heartbreaking Reason",1
"Watch A Man Playing Piano In His Wrecked House After The Floods, For A Beautiful Reason",0
God Has A Soul Mate Waiting ... As Long As You're Okay With Bending The Rules A Bit...,1
Love God? Ever Asked Yourself If You're Allowed To Love Anyone Else?,0
A Soul Mate Is Waiting As Long As You're Okay With Bending The Rules A Bit,1
He Has A Soul Mate Waiting ... As Long As You're Okay With Bending The Rules A Bit...,0
"If You Listen To What These New Yorkers Say And Are Not Angry, You Live In Another World From Me",1
"If You Listen To What These New Yorkers Say And Are Not Angry, You're Probably Rich",0
"13 People Were Just Murdered In DC, So The Chief Medical Officer Said What She Felt We Need To Hear",1
"When Trauma Surgeons Start To Lecture Us About ""Senseless Trauma"" You Know Something Needs To Change",0
One Of The Best Points I've Ever Heard Was Made In A Single Word,1
And Now Presenting: A Perfectly Political Punchline.,0
A Soul Mate Is Waiting As Long As You're Okay With Bending The Rules A Bit,1
A Soul Mate Is Waiting As Long As You're Okay With Bending The Rules A Bit,0
One Of The Best Points I've Ever Heard Was Made In A Single Word,1
One Of The Best Points I've Ever Heard Was Made In A Single Word,0
One Of The Best Comebacks I've Ever Heard Was Made In A Single Word,1
One Of The Best Points I've Ever Heard Was Made In A Solitary Word,0
¿Puedes Hablar El Lenguaje Del Amor?,1
¿Puedes Hablar El Lenguaje Del Amor?,0
The Shocking Thing A Father Opts To Do To His Daughter Because He Is So Poor,1
The Shocking Thing A Father Opts To Do To His Daughter Because He Is So Poor,0
She Runs The Bravest Barbershop I've Ever Seen,1
What She Thought Was The End Of Her Life Was Kind Of Just The Beginning,0
The Shocking Thing A Father Opts To Do To His Daughter Because He Is So Poor,1
The Shocking Thing A Father Opts To Do To His Daughter Because He Is So Poor,0
"BULLSEYE: Geena Davis Tells Hollywood Where To Stick Its Ageist, Sexist Representations Of Women",1
"BULLSEYE: Geena Davis Tells Hollywood Where To Stick Its Ageist, Sexist Representations Of Women",0
"A Young Thief Gets Caught And Gets Exactly What He Deserves
",1
A Shop Owner Deals With A Thief And Gets Exactly What He Deserves,0
Try Not To Fall In Love With A Little Thief After This One,1
Watch The Magnificient Way A Doctor Learns To Pay Up,0
"Man Finally Gets Dream Job. But To Others, It Could Be A Nightmare. ",1
How Much Would You Pay For A Smile? How's 5 Bucks Sound?,0
"Barack And Joe Want Your Money, But It's For Something Totally Awesome",1
And Now For A Kickstarter Moment With The Prez And His Wingman,0
Try To Watch Their Answers To A Beautiful Question And Not Smile. I Dare You.,1
An Inspiring Question We Need To Ask (And Act On) Way More Often.,0
"OK, So This Guy Somehow Found The Key To Happiness. But It's Still Really Hard To Believe. ",1
You COULD Walk Right Past Him. But I Wouldn't Recommend It.,0
A Young Thief Gets Caught And Gets Exactly What He Deserves,1
A Young Thief Gets Caught And Gets Exactly What He Deserves,0
I Can Guarantee In One Minute Your Respect For This Kid Will Multiply,1
"Middle School And Rehab Should Never Go Together, But For Jacob, It Has",0
A Bold and Beautiful Reason To Talk To Each Other In The Elevator,1
A Vibrant Reminds To Get Out There And Find Them,0
"OK, So He Somehow Found The Key To Happiness. But It's Still Really Hard To Believe. ",1
"OK, So He Somehow Found The Key To Happiness. But It's Still Really Hard To Believe. ",0
"OK, So This Guy Somehow Found The Key To Happiness. But It's Still Really Hard To Believe. ",1
"OK, So This Guy Somehow Found The Key To Happiness. But It's Still Really Hard To Believe. ",0
Who's Entitled To Overtime Pay In One Simple Graphic,1
"If You Work Past 8 Hours A Day Or 40 Hours A Week, You Might Be Entitled To Extra Pay",0
"Watch This Family Sweetly, And Lovingly Totally Destroy One Of The Worst Stereotypes Of Christians",1
"Watch This Family Sweetly, And Lovingly Totally Destroy One Of The Worst Stereotypes Of Christians",0
Aspiring Chef Gives It All Up To Work The Streets. He Gets Exactly What He Deserves.,1
Aspiring Chef Gives It All Up To Work The Streets. He Gets Exactly What He Deserves.,0
"Who's Entitled To Overtime Pay, In One Simple Graphic",1
"Who's Entitled To Overtime Pay, In One Simple Graphic",0
"Who's Entitled To Overtime Pay, In One Simple Graphic",1
"Who's Entitled To Overtime Pay, In One Simple Graphic",0
"Free Range, Organic, Fair Trade Are Good Questions, But Here's One That Will Blow You Away",1
Eva Longoria Would Like You To Ask One Question About Your Food,0
The Incredibly Valid Reason These Best Friends Have For Not Calling Their Relationship A 'Bromance',1
The Incredibly Valid Reason These Best Friends Have For Not Calling Their Relationship A 'Bromance',0
Watch These Straight People Answer A Question Gay People Have Been Asked For Years,1
Straight People: We're Just Born This Way!,0
Rachel Maddow Takes Us Through 50 Years Of Mass Shootings. The Trend She Uncovers Is Devastating.,1
"1949, 1966, 1984, 1986, 1991, 1999 ... And Then There's The Other Half.",0
"Ok, Ok I Got One - A Muslim And A Jew Walk Into A Bar…What Do They Demand?",1
"We Can All Agree That Iran, Israel And The US Need Peace. These Two Comedians Are Stepping Up",0
Something Amazing Is Happening On A New York Street Corner. And Almost No One's Noticed ... Yet.,1
"Something Amazing Is Taking Place In New York City, But Most People Haven't Even Noticed ... Yet. ",0
America's Best Christian Makes A Valid Point About This Country's Contradiction,1
"Can ""The Frosty Olympics Of Hate Is Sponsored By Coca Cola"" Be The Official Tagline?",0
They Gave Him A Medal For His Service And Asked Him To Give A Speech. One Thank-You Is Unexpected.,1
They Gave Him A Medal For His Service And Asked Him To Give A Speech. One Thank-You Is Unexpected.,0
"After 12 People Were Murdered In DC On Monday, Their Trauma Doctor Said Exactly What Was On Her Mind",1
"After 12 People Were Murdered In DC On Monday, Their Trauma Doctor Said Exactly What Was On Her Mind",0
Know Someone Who Has More Likes Than Friends? This Man Has A Few Words For Them.,1
Know Someone Who Has More Likes Than Friends? This Man Has A Few Words For Them.,0
"A Kickass Actress Says ‘Screw You, Hollywood’ With An Amazing Plan To Do What They Won’t",1
"To Change A Racist, Sexist, Billion-Dollar Industry, Sometimes You Gotta Do Things Yourself",0
What Happens If You Say NO To How Fashion Orders You To Be?,1
They're Absolutely And Totally Overdue For A Comeback This Season,0
"Help, My Emotions Have Been Stirred By This Moving Tale Of Self-Acceptance And Can't Get Up!",1
"Help, My Emotions Have Been Stirred By This Moving Tale Of Self-Acceptance And Can't Get Up!",0
"He Was Asked An Arrogant Question. His Great Answer Shows The Problem With How The U.S. Functions.
",1
This Guy Gives An Interviewer His Comeuppance & Sums Up The Way Politics Works—With Boston Charm.,0
Liam Neeson Is Waking Us Up To The Painful Truth About Our Children That We Can't See,1
Liam Neeson Is Waking Us Up To The Painful Truth About Our Children That We Can't See,0
4 Out Of 5 Doctors Recommend This Comic. (Side Effects: Worry-Free Sexin' And Not Getting Pregnant.),1
Anyone Against Women Taking Emergency Contraception Needs A Healthy Dose Of SCIENCE,0
What Happens If You Say NO To How Fashion Orders You To Be?,1
What Happens If You Say NO To How Fashion Orders You To Be?,0
"I'd Never Say A Pop Stars Music Video Is Crucial To Watch, But I'm Making An Exception Now ",1
A Pop Star Records A Beautiful Song For A Critical Issue. Let The Images Explain It All.,0
"You Never See The Faces Of the Couple, But The Doctors Facial Expression Says It All",1
"You Never See The Faces Of the Couple, But The Doctors Facial Expression Says It All",0
"If You Hadn't Heard Of This Little Girl Either, Ask Yourself Why That Is",1
"If You Hadn't Heard Of This Little Girl Either, Ask Yourself Why That Is",0
What Happens If You Say NO To How Fashion Orders You To Be?,1
What Happens If You Say NO To How Fashion Orders You To Be?,0
"She Lived Through A Tornado, Homelessness, And Losing Her Family. But Now, She Just Wants One Thing",1
"She Lived Through A Tornado, Homelessness, And Losing Her Family. But Now, She Just Wants One Thing",0
"That Whole ""Democracy"" Thing? This Scientist Explains The Most Important Thing We Need For It",1
"Quiet Now, Brian Cox Is Giving Some Science Real Talk",0
What Happens If You Say NO To How Fashion Orders You To Be?,1
What Happens If You Say NO To How Fashion Orders You To Be?,0
Help! My Emotions Have Been Stirred By This Moving Tale Of Self-Acceptance And Can't Get Up!,1
"Help, My Emotions Have Been Stirred By This Moving Tale Of Self-Discovery And Can't Get Up!",0
4 Out Of 5 Doctors Recommend This Comic. (Side Effects: Worry-Free Sexin' And Not Getting Pregnant.),1
4 Out Of 5 Doctors Recommend This Comic. (Side Effects: Worry-Free Sexin' And Not Getting Pregnant.),0
Anyone In Your Life Acting A Bit Too Self-Important? Show Them This Graph,1
Anyone In Your Life Acting A Bit Too Self-Important? Show Them This Graph,0
I Can Guarantee In One Minute Your Respect For This Kid Will Multiply,1
I Can Guarantee In One Minute Your Respect For This Kid Will Multiply,0
I Didn't Realize How Much We Needed To Examine Ourselves Until This Actress Spelled It Out,1
Solidarity Is For Everyone But Those Who Really Need It,0
Check Out Why Samuel L Jackson Just Yelled At A Store Full Of Angry Parents,1
Check Out Why Samuel L Jackson Just Yelled At A Store Full Of Angry Parents,0
"Their Government Isn't Thinking Straight, So These Italian Lawmakers Stopped BEING Straight.",1
"Their Government Isn't Thinking Straight, So These Italian Lawmakers Stopped BEING Straight.",0
"Meet The Man Who Fights Crime Like He’s A Real Life Batman
",1
"Think Masked Crusaders Are Only For Movies? Meet A Father Taking It To The Streets
",0
When A Father Gets Fed Up With The System Watch What Happens,1
"When Night Falls, This Father Transforms",0
"Their Government Isn't Thinking Straight, So These Italian Lawmakers Stopped BEING Straight.",1
"Their Government Isn't Thinking Straight, So These Italian Lawmakers Stopped BEING Straight.",0
"If Wars Were Funded This Way, The President Would Get A Definite Answer From The American People",1
Barack And Joe Would Get A Definite Answer From The American People If Wars Were Funded This Way,0
Here's What You Say To Quiet Some LGBT B.S.,1
Here's What You Say To Quiet Some LGBT B.S.,0
"A Dutch Guy Is Disgusted By America, But He Has A Hell Of A Point",1
"A Dutch Guy Is Disgusted By America, But He Has A Hell Of A Point",0
"If Merriam-Webster Defined ""Amazeballs"", I'm Pretty Sure Diana Nyad Would Be It",1
"If Merriam-Webster Defined ""Amazeballs"", I'm Pretty Sure Diana Nyad Would Be It",0
Here's What You Say To Quiet Some LGBT B.S.,1
Here's What You Say To Quiet Some LGBT B.S.,0
Something I Hear About All The Time But Only Now Understand,1
Something I Hear About All The Time But Only Now Understand,0
A Bunch Of Government Officials Were Told That Gay People Were Inappropriate. So They Did This.,1
A Government Wants To Make It O.K. To Hate On Gays. Some Of Its Representatives Have A Better Idea.,0
"The President Wants Your Money, But It's For Something Totally AWESOME",1
Funding America's Plans For Syria ... With Kickstarter?,0
This List Totally Fooled Me Into Thinking Playboy Might Actually Care About Women,1
"The 'How To Party With The Ladies' List Playboy Didn't Write, But You'll Wish They Did",0
What Happens When An Old Woman Says NO To How Fashion Orders Her To Be?,1
What Happens When An Old Woman Says NO To How Fashion Orders Her To Be?,0
"Our Politicians Are So Desperate For Our Support, They're Willing To Stoop This Low",1
"Thank You Mr. President, But You're Not Getting My Money ... Not This Time.",0
"Everything She Says Is Perfect, But I Wish She Never Had A Reason To Say It In The First Place",1
"Rapists Cause Rape, Not Being A ""Slut"" – Hear, Listen To Why That's The Truth",0
"Our Politicians Are So Desperate For Our Support, They're Willing To Stoop This Low",1
"Our Politicians Are So Desperate For Our Support, They're Willing To Stoop This Low",0
"A Girl Is Hit By A Car And Is Dying. The Response She's Met With Is A Shrug And ""Not My Problem.""",1
This Girl Was Hit By A Car In England And Is Dying. So Why Is Nobody Saving Her Life?,0
"Our Politicians Are So Desperate For Our Support, They're Willing To Stoop This Low",1
"Our Politicians Are So Desperate For Our Support, They're Willing To Stoop This Low",0
"If This Doesn't Piss You Off, Then I'll Wait For The Day You Dial 911 To Say, 'I Told You So'",1
"If This Doesn't Piss You Off, Then I'll Wait For The Day You Dial 911 To Say, 'I Told You So'",0
Martin Luther King Jr. Had An Amazing Way With Words. Here's A Powerful Example That's Rarely Seen.,1
Martin Luther King Jr. Had An Amazing Way With Words. Here's A Powerful Example That's Rarely Seen.,0
And The Winner For 'Biggest Hint That Hollywood Is Twisted' Is...,1
Every Year A Different Person Wins. But Somehow It's All The Same.,0
"Our Politicians Are So Desperate For Our Support, They're Willing To Stoop This Low",1
"Our Politicians Are So Desperate For Our Support, They're Willing To Stoop This Low",0
"Turns Out, Learning This Dance Could Be A Matter Of Life And Death",1
"Turns Out, Learning This Dance Could Be A Matter Of Life And Death",0
I'm Sorry ... Immigrants Contribute HOW MUCH Money To This Country?,1
"According To This, The Mexican Border Is Basically The New Ellis Island. How Do You Feel About That?",0
What Brings This Farmer To Tears Is Worth Three Minutes Of Your Time,1
Try To Hold Your Applause When This Rocker Finally Settles Down,0
Doing This To Kids Is Like Helping A Person Who Is Drowning By Setting Them On Fire,1
Doing This To Kids Is Like Helping A Person Who Is On Fire By Drowning Them,0
"She's Trying To Make It In Hollywood, But What She's Uncovering Is Pretty Troublesome
",1
That Thing Where You Tell Someone To Just Be More Black And Hope They Go With It,0
And The Winner For 'Biggest Hint That Hollywood Is Twisted' Is...,1
And The Winner For 'Biggest Hint That Hollywood Is Twisted' Is...,0
Teaching This Awful Thing To Kids Is Like Helping A Person Who Is On Fire By Drowning Them,1
Doing This To Kids Is Like Helping A Person Who Is On Fire By Drowning Them,0
Disabled Teen Faced Impossible Odds Entering College. Until …,1
"Brittle Bones Disease? Psh, These College Kids Got It Under Control. ",0
These Are The Faces Of Sexual Assault That You May Not Have Expected To See,1
"When He Told Someone, Instead Of Providing Support They Replied: ""Men Can't Get Raped"" ",0
These Ads Are Supposed To Scare You Away From Health Insurance. They'll Make You Laugh Instead.,1
How Out Of Touch With The World Do You Have To Be To Make These Ads?,0
Why People In Other Countries Wouldn't Get The Premise Of 'Breaking Bad',1
Why People In Other Countries Wouldn't Get The Premise Of 'Breaking Bad',0
And The Winner For 'Biggest Hint That Hollywood Is Twisted' Is...,1
And The Winner For 'Biggest Hint That Hollywood Is Twisted' Is...,0
The Surprising Story Of How One Of The Most Famous Women In Our Culture Came To Be,1
How 'We Can Do It' Grew From Wartime Propaganda To A Feminist Symbol,0
Why People In Other Countries Wouldn't Get The Premise Of 'Breaking Bad',1
Why People In Other Countries Wouldn't Get The Premise Of 'Breaking Bad',0
The Surprising Story Of How One Of The Most Famous Women In Our Culture Came To Be,1
The Surprising Story Of How One Of The Most Famous Women In Our Culture Came To Be,0
Teaching This Awful Way To Children Is Like Helping A Person Who Is On Fire By Drowning Them,1
"Let's Have A Frank Discussion About How We Are Making It Impossible For Children To Learn, Shall We?",0
"You Will Not Believe What This CEO Said About Black People. Never Mind, You Probably Will.",1
You Know When Someone Says Something So Rude And Idiotic And Terrible It Makes Your Face All Hot?,0
"A Girl Is Hit By A Car And Is Dying. The Response She's Met With Is A Shrug And ""Not My Problem.""",1
"A Girl Is Hit By A Car And Is Dying. The Response She's Met With Is A Shrug And ""Not My Problem.""",0
Teaching To Children In This Awful Way Is Like Helping A Person Who Is On Fire By Drowning Them,1
Teaching To Children Like This Is Akin To Helping A Person Who Is On Fire By Drowning Them,0
The Surprising Story Of How One Of The Most Famous Women In Our Culture Came To Be,1
The Surprising Story Of How One Of The Most Famous Women In Our Culture Came To Be,0
"Just When You Think A Billionaire Has Said The Most Out Of Touch Thing Ever, Another Wins The Crown",1
"Just When You Think A Banking CEO Has Said The Most Out Of Touch Thing Ever, Another Is Crowned King",0
Jon Stewart's 2 Sickening Loopholes For Cutting Employee Healthcare,1
Jon Stewart's 2 Sickening Loopholes For Cutting Employee Healthcare,0
Why People In Other Countries Wouldn't Get The Premise Of 'Breaking Bad',1
Why Folks Outside The U.S. Might Not Get The Premise Behind An Emmy-Award-Winning Show,0
"You Will Not Believe What This CEO Said About Black People. Never Mind, You Probably Will.",1
"Just When You Think A Billionaire Has Said The Most Out Of Touch Thing Ever, Another Wins The Crown",0
"You Will Not Believe What This Billionaire Said About Black People. Never Mind, You Probably Will.",1
"You Will Not Believe What This Billionaire Said About Black People. Never Mind, You Probably Will.",0
His Friends Know He Is About To Die. See How They Say Goodbye.,1
A Single Image That Shows How Close These Teams Can Get,0
That Time A Billionaire Said Something So Profoundly Awful That We Had To Fact Check His Face,1
That One Time A CEO Said Something So Profoundly Idiotic That We Had To Fact Check His Face,0
The 2 Ridiculous Loopholes That Make ObamaCare Obsolete For Evil Corporations,1
Why Pay For Employee Healthcare When These 2 Loopholes Make It Optional?,0
Why People In Other Countries Wouldn't Get The Premise Of 'Breaking Bad',1
Why People In Other Countries Wouldn't Get The Premise Of 'Breaking Bad',0
That One Time A CEO Said Something So Profoundly Awful And Dumb That We Had To Fact Check His Face,1
That One Time A CEO Said Something So Profoundly Awful And Dumb That We Had To Fact Check His Face,0
How Could A Group Of College Kids Do This To An Incoming Freshman? Because They're Geniuses.,1
College Kids Do Something To Incoming Freshman No One Expected,0
I'm Sorry ... People With Funny Accents Contribute HOW MUCH Money To This Country?,1
People With Funny Accents May Know The Next Steve Jobs?,0
"What Do Chips, Deodorant, And Tacos All Have In Common? Besides All Being Awesome...",1
"Kid President Was Made Possible By Something We All Have, And All Can Use",0
The Best Response For When Anyone Calls Young People Today Lazy,1
The Best Response For When Anyone Calls Young People Today Lazy,0
There Are Many Hands That Touch Our Food. These Will Make You Sick.,1
There Are Many Hands That Touch Our Food. These Will Make You Sick.,0
"He Didn't Do Anything Out Of The Ordinary, But Society Makes It Feel Like He Did",1
"He Didn't Do Anything Out Of The Ordinary, But Society Makes It Feel Like He Did",0
Miley Cyrus Points Out Something Wrong With America — And She's Absolutely Right,1
A Starlet Points Out Something That's SO Wrong With America — And She's Absolutely Right,0
At First I Thought He Was Making Fun Of Himself. Then I Realized He Was Warning Me.,1
"He Isn't A Superhero, But His Superpower Is Tellin' It Like It Is.",0
"I Didn't Think I Would Have Anything In Common With This Kid, But Boy Was I Wrong",1
A Rapper Reveals What His Biggest Inspiration Is — And Its High School?,0
The Things This 4-Year-Old Is Doing Are Cute. The Reason He's Doing Them Is Heartbreaking.,1
The Things This 4-Year-Old Is Doing Are Cute. The Reason He's Doing Them Is Heartbreaking.,0
It Takes Some People A Lifetime To Go Through All That She Went Through By The End Of Freshman Year,1
It Takes Some People A Lifetime To Go Through All That She Went Through By The End Of Freshman Year,0
Watch This Guy Misspell 'Father' At A Spelling Bee For A Beautiful Reason,1
Watch This Guy Misspell 'Father' At A Spelling Bee For A Beautiful Reason,0
He Breathes The Value Of Life Into Education,1
We Need More Living Examples For Our The Future ... Of Living Examples.,0
"She's Not From Here, So Why Does She Sound Like That?",1
"She's Not From Here, So Why Does She Sound Like That?",0
"I'm Not A Fan Of Shaming People, But In This Case I'm All For It. Kids Shouldn't Suffer.",1
"Eh, Who Needs Breakfast? Apparently Not 210,000 Kids Who Might Not Get It Pretty Soon. ",0
Something Every Teacher Should Watch. And Student. And Person.,1
"The Cause Of, And Solution To, Life's Biggest Problem",0
Something Every Teacher Should Watch. And Student. And Person.,1
It's About Time Someone Put Some Desire Back Into Classrooms,0
Some Find This Law Apocalyptic And Controversial. I Think It's Adorable And Cute.,1
You Don't Have To Choose Between Understanding Obamacare And Looking At Cute Animal Pictures.,0
Something To Think About Before You Take That Next Pill,1
"You Need To Know What Superbugs Are, And You Need To Know How You're Creating Them.",0
The Anti-Sale That'll Make You Rethink Your Trip To The Grocery Store,1
The Anti-Sale That'll Make You Rethink Your Trip To The Grocery Store,0
"Corporate America, You've Officially Been Schooled",1
"Corporate America, You've Officially Been Schooled",0
"If Geography And Cocaine Had A Child, You'd Get Some Of These Maps",1
"Straight Lines Are Curved Lines? I Don't Totally Understand These Maps, But I Love Them.",0
"Take A Look At This Man. If He Is Your Boss, Please Quit Immediately.",1
At Least Your Boss Has Never Given You The Middle Finger (I Hope),0
Legendary Actor Danny Glover Is ​​Getting Too Tired Of This Shit,1
Legendary Actor Danny Glover Is ​​Getting Too Tired Of This Shit,0
The Most Inspiring Yet Depressing Yet Hilarious Yet Horrifying Yet Heartwarming Grad Speech Ever,1
The Most Inspiring Yet Depressing Yet Hilarious Yet Horrifying Yet Heartwarming Grad Speech Ever,0
Why Are There So Many People Sitting In This Waiting Room At 4 AM?,1
Why Are There So Many People Sitting In This Waiting Room At 4 AM?,0
"She's Not From Here, So Why Does She Sound Like That?",1
She Knows She And Her Family Belong Just Where They Are,0
This Kid Is Laughing At A Photosynthesis Joke. Find Out Why. Thank Me Later.,1
This Was A Face Made During A Science Class. A Very Special Science Class,0
This Is The Most Inspiring Yet Depressing Yet Hilarious Yet Horrifying Yet Heartwarming Grad Speech,1
This Is The Most Inspiring Yet Depressing Yet Hilarious Yet Horrifying Yet Heartwarming Grad Speech,0
"What Requires 10 Areas Of Expertise, Pays Six Figures, And Has To Be Done By One Person?",1
"Wait, Mom ... You Want HOW MUCH In Back Pay?",0
"73% Of Americans Want This To Happen, But Think They Don't",1
The Completely Mathematical Reason You Need To Change Most Of Your Ideas On Immigration Reform,0
"He Was Like Them Once, And He's Making Sure They Go On A Better Path",1
He Was Like Them Once. He's Making Sure They Go On The Same Path He Did.,0
Step 1. Get Job. Step 2. Work Hard. Step 3. Receive Paycheck So Tiny Colbert Makes Fun Of It,1
The United States Of ‘Sorry ’Bout Your Luck.’ Can’t We Do Better?,0
These Are The Hardest Working People We Never Thank Enough. Some Celebrities Show Us How It’s Done.,1
Who Is The Person That Made Your Life Better As A Kid? A Bunch Of Celebrities Tell Us Theirs.,0
Imagine If You Turned Up To Your Job And These 16 Words Were Said To You,1
Imagine If You Turned Up To Your Job And These 16 Words Were Said To You,0
These Are The Faces Of Sexual Assault That You May Not Have Expected To See,1
These Are The Faces Of Sexual Assault That You May Not Have Expected To See,0
These Are The Hardest Working People We Never Thank Enough. Some Celebrities Show Us How It’s Done.,1
These Are The Hardest Working People We Never Thank Enough. Some Celebrities Show Us How It’s Done.,0
"What Requires 10 Areas Of Expertise, Would Pay Six Figures, And Has To Be Done By One Person?",1
"What Job Is Worth $133,368 A Year But Doesn't Pay A Dime?",0
6 No-Brainer Things We Could Be Doing To Kick-Start This Country,1
6 Simple Yet Brilliant Things We Could Be Doing To Kick-Start This Country,0
"Greetings, Corporate America. You've Officially Been Schooled.",1
"Hi, Corporate America. You've Officially Been Schooled.",0
6 No-Brainer Things We Could Be Doing To Kick-Start This Country,1
6 No-Brainer Things We Could Be Doing To Kick-Start This Country Right Now,0
"Corporate America, Consider Yourself Schooled. You're Welcome.",1
"Hi There, Corporate America. Prepare To Be Schooled.",0
The American Dream Is Only Available For A Select Group - But Not If This Happens,1
"​Until This Becomes A Reality, Dreamers Will Keep On Dreaming",0
"Move Over, Adele: This Lady Wins The 'Songs That Make Me Cry' Award",1
"Move Over, Adele: This Lady Wins The 'Songs That Make Me Cry' Award",0
WATCH: A Gay Friendly Pasta Commercial — Because Tolerance Shouldn't Be So Hard,1
Equality Is Served Piping Hot In This Gay-Friendly Pasta Commercial,0
WATCH: A Gay Friendly Pasta Commercial — Because Tolerance Shouldn't Be So Hard,1
WATCH: A Gay Friendly Pasta Commercial — Because Tolerance Shouldn't Be So Hard,0
WATCH: A Gay Friendly Pasta Commercial — Because Tolerance Shouldn't Be So Hard,1
WATCH: A Gay Friendly Pasta Commercial — Because Tolerance Shouldn't Be So Hard,0
A Man Who Clearly Hasn't Seen Senator Warren In Action Tries To One Up Her. Good Luck With That.,1
A Man Who Clearly Hasn't Seen Senator Warren In Action Tries To One Up Her. Good Luck With That.,0
A CEO Who Clearly Hasn't Seen Senator Warren In Action Tries To One Up Her.,1
Don't Debate This Senator Without Knowing Actual Facts. Otherwise She'll Have To Lend You Some.,0
A CEO Tried To Give A Senator A Math Lesson. She Explained How Math Actually Works.,1
This Senator Does Her Homework. The CEO She Is Holding Accountable? Not So Much.,0
WATCH: A Gay Pasta Commercial — Because Tolerance Shouldn't Be So Hard,1
Watch A Gay Pasta Commercial — Because Acceptance Shouldn't Be So Tough,0
A Simple Joke About A Super Obvious Problem In Hollywood Said In A Refreshingly Sly Way,1
A Simple Joke About A Super Obvious Problem In Hollywood Said In A Refreshingly Sly Way,0
The Top 6 Things We Could Be Doing To Kick-Start This Country,1
Here Are The Secrets To Getting Our Country Back On Track,0
The American Dream Is Only Available For A Select Group - But Not If This Happens,1
They've Grown Up And Studied Here – Can They Have A Shot At The Living Here Too?,0
The American Dream Is Only Available For A Select Group - But Not If This Happens,1
The American Dream Is Only Available For A Select Group - But Not If This Happens,0
A CEO Tried To Give Senator Warren A Math Lesson. So She Had To Explain How Math Actually Works.,1
A CEO Tried To Give Senator Warren A Math Lesson. So She Had To Explain How Math Actually Works.,0
"If This Were A Career, It Would Require 10 Areas Of Expertise And Pay Six Figures",1
"If This Were A Career, It Would Require 10 Areas Of Expertise And Pay Six Figures",0
So That’s What It Looks Like When A Journalist Refuses To Let Politicians Off The Hook,1
Behold: The Least Elegant Attempt To Dodge A Question I’ve Ever Seen,0
So That’s What It Looks Like When A Journalist Refuses To Let Politicians Off The Hook,1
So That’s What It Looks Like When A Journalist Refuses To Let Politicians Off The Hook,0
These Photos Of A Mom Dressing Her Kid As Legendary Women Instead Of A Disney Princess Are Kick- Ass,1
"Keep Your Disney Princesses, This Daughter Has Real Role Models She Looks Up To",0
Three Teenage Girls Have A Question For One Brilliant Comedian. No One's Disappointed.,1
A Grown Woman Answers Some Questions In Just A Really Great Way,0
The Cartoonish Farce That Is The Government Shutdown Explained In Less Than 4 Minutes,1
Who Is Responsible For The Shutdown And What Is In This Dude's Mouth?,0
The Cartoonish Farce That Is The Government Shutdown Explained In Less Than 4 Minutes,1
The Cartoonish Farce That Is The Government Shutdown Explained In Less Than 4 Minutes,0
See The 5 Kick-Ass Women This Mom Dressed Her Daughter Up As Instead Of A Disney Princess,1
"You Can Keep Your Disney Princesses, This Mom Has A Better Idea For Her Daughters Role Models",0
"These Dancing Teens Are Defying Expectations, Statistics, And Maybe A Few Laws Of Physics
",1
"In A City Where Becoming A Statistic Seems Like Fate, Some Incredible Teens Are Bursting Through",0
I Just Want To Know Who’s Been Hiding These Numbers From Us All Along?,1
"You Thought The Mormons Moved To Utah For Religion, But It Was Really For The Fuel Savings",0
The Cartoonish Farce That Is The Government Shutdown Explained In Less Than 4 Minutes,1
The Cartoonish Farce That Is The Government Shutdown Explained In Less Than 4 Minutes,0
Witness Class Warfare Like You've Never Seen It: Billionaire Vs. Billionaire,1
Witness Class Warfare Like You've Never Seen It: Billionaire Vs. Billionaire,0
A Dad Scolds His Homophobic Daughter In This Beautiful Letter,1
You're Never Too Old To Get In Trouble With Your Dad. How It's Happening This Time Is ... Different.,0
"The Beat Makes Me Wanna Shake My Booty, But The Lyrics Make Me Downright Angry",1
Some People Are So Sick Of Other People Being Mistreated They Went And Made A Song About It,0
Conan O'Brien Was A Great Boss Until The Government Shutdown Gave Him An Idea,1
Conan O'Brien Was A Great Boss Until The Government Shutdown Gave Him An Idea,0
"These Dancing Teens Are Defying Expectations, Statistics, And Maybe A Few Laws Of Physics ",1
Center Stage? Dirty Dancing? Save The Last Dance? They Won’t Stack Up After This Movie’s Out.,0
I Just Want To Know Who’s Been Hiding These Numbers From Us All Along?,1
"If You Love Smog, International Conflict, And Price Spikes, Find Yourself A Different Infographic",0
42 Ridiculous Maps That Are More Accurate Than The One You're Used To,1
42 Ridiculous Maps That Are More Accurate Than The One You're Used To,0
Corporate Media Tried To Stop The Little Guys. So The Little Guys Called In Some Friends.,1
"If You Hate Mainstream Media, You Can’t Just Walk Outside And Build Your Own. Or Can You? ",0
A Straight Guy Finally Gets What It's Like To Be Gay,1
A Straight Guy Finally Gets What It's Like To Be Gay,0
See The 5 Kick-Ass Women This Mom Dressed Her Daughter Up As Instead Of A Disney Princess,1
See The 5 Kick-Ass Women This Mom Dressed Her Daughter Up As Instead Of A Disney Princess,0
Corporate Media Tried To Stop The Little Guys. So The Little Guys Called In Some Friends.,1
Corporate Media Tried To Stop The Little Guys. So The Little Guys Called In Some Friends.,0
What Might Happen If The Government Stayed Shut Down For A Little Too Long,1
The Most Epic Frat House Ever Is Available On Craigslist,0
"We've Gone From Over 100 Countries Down To 4. This Is A Good Thing, I Swear.",1
"We've Gone From Over 100 Countries Down To 4. This Is A Good Thing, I Swear.",0
The Craigslist Ad That Will Make The Government Shutdown Seem Hilarious,1
A Craigslist Ad That Makes A Bold Statement About What's Going On In DC,0
"How ""Obamacare"" Is Its Own Worst Enemy",1
"How ""Obamacare"" Is Its Own Worst Enemy",0
"This Declaration About Politicians Is Too Mean To Be True, But ... Well ... It Basically Is.",1
A Statement About Politicians To Unite Us In Wake Of All The B.S. Happening In DC,0
These Comments About Politics Are Too Mean To Be True. But They ARE True.,1
Who's Decision Is It Anyway? Theirs Or Ours?,0
These Comments About Politics Are Too Mean To Be True. But They ARE True.,1
These Comments About Politics Are Too Mean To Be True. But They ARE True.,0
A Straight Guy Gets What It's Like To Be Gay,1
A Guy Gets What It's Like To Be Gay,0
Want An Honest Look At How Motherhood Changes Women's Bodies? Here You Go!,1
Wouldn't It Be Cool If All Tabloids Showed What Women Really Look Like After Giving Birth?,0
Want An Honest Look At How Motherhood Changes Women's Bodies? Here You Go!,1
Want An Honest Look At How Motherhood Changes Women's Bodies? Here You Go!,0
"Before You Hit The Drive-Through With Your Kids, Watch This Video. It Might Make You Think Twice.",1
Serving Up An Order Of Truth: $2 Billion In Marketing To Our Kids Is Too Much For Me,0
"Before You Hit The Drive-Through With Your Kids, Watch This Video. It Might Make You Think Twice.",1
"Before You Hit The Drive-Through With Your Kids, Watch This Video. It Might Make You Think Twice.",0
"Portugal's Radical Treatment Of Drugs — Are You Watching, America?",1
Could You Spend $1 Million On Illegal Drugs Per Year? Me Neither. But How About $41.3 BILLION?,0
"Before You Hit The Drive-Through With Your Kids, Watch This Video. It Might Make You Think Twice.",1
"Before You Hit The Drive-Through With Your Kids, Watch This Video. It Might Make You Think Twice.",0
These Comments About Politics Are Too Mean To Be True. But They ARE True.,1
These Comments About Politics Are Too Mean To Be True. But They ARE True.,0
You Might Want To Put The Brakes On Your Next Trip To The Fast Food Drive-Through. Here's Why.,1
It's Hard To Resist Doing Something When Companies Spend $2 Billion Convincing You It's A Good Idea,0
A Senator Gets Mad About The Shutdown And Starts Naming Names. About Time.,1
Don't Like It When The Government Shuts Down? Maybe You Should Start Saying What She Is Saying.,0
These Comments About Politics Are Too Mean To Be True. But They ARE True.,1
These Comments About Politics Are Too Mean To Be True. But They ARE True.,0
"Corporate America, Consider Yourself Schooled. You're Welcome.",1
"Corporate America, Consider Yourself Schooled. You're Welcome.",0
"Everything I Want Miley Cyrus To Hear About Herself, From The Last TV Host I Expected",1
Oh I Just Love It When Wendy Williams Gets Angry For Good Reason And Put Someone In Check,0
"If You've Ever Heard These 10 Stupid Arguments, You're Not Alone",1
Climate Change Deniers Are Left Without An Iceberg To Stand On,0
A Severely Intimate View Into Where Your Food Comes From,1
"If Our Food Could Talk, It Would Probably Try To Sue Us",0
She Turned Up To Her Job And Someone Had The Nerve To Say These 12 Words To Her,1
She Turned Up To Her Job And Someone Had The Nerve To Say These 12 Words To Her,0
Ban Ki-moon Says Something About Ladies That We Already Planned On Doing,1
Ban Ki-moon Says Something About Ladies That We Already Planned On Doing,0
I Don't Think You Are Supposed To Something That Gross With Butter,1
I Don't Think You Are Supposed To Something That Gross With Butter,0
"These Parents Lost A Son, And That Made Them Fight For Others",1
Hate And The Cold Winds Of Wyoming Claimed One Son 15 Years Ago,0
I Need You To Watch This Weirdo Rub A Stick Of Butter On A Tree. For A Really Good Reason.,1
I Need You To Watch This Weirdo Rub A Stick Of Butter On A Tree. For A Really Good Reason.,0
One Of The Highest-Paid Jobs You Can Get Out Of College Is One I've Never Even Thought Twice About,1
One Of The Highest-Paid Jobs You Can Get Out Of College Is One I've Never Even Thought Twice About,0
SNEAK PEEK: The Documentary That The NFL Would Rather You Skip,1
Meet The Doctor Who Tackled The NFL's Biggest Scandal,0
"Apparently, This Is Your Brain On Football ",1
"Apparently, This Is Your Brain On Football ",0
What Do All These Faces Have In Common? They Belong To One Woman Who Fought Back.,1
A Heartbreaking Year Of Staggering Courage,0
You Should Watch This Weirdo Rub A Stick Of Butter On A Tree. For A Really Good Reason.,1
I Need You To Watch This Weirdo Rub A Stick Of Butter On A Tree. For A Really Good Reason.,0
You Should Watch This Strange Man Rub A Stick Of Butter On A Tree. I'm Not Joking.,1
I Need You To Watch This Weirdo Rub A Stick Of Butter On A Tree. For A Really Good Reason.,0
You Should Watch This Strange Man Rub A Stick Of Butter On A Tree. For A Really Good Reason.,1
I Need You To Watch This Weirdo Rub A Stick Of Butter On A Tree. For A Really Good Reason.,0
The Woman Who Has As Close To A Super Power As We Can Get,1
"The Overwhelming Power Of Love, Told Through The Story Of One Woman's House",0
"Who've Got This? Ladies, We've Got This.",1
UN Leader Ban Ki-moon Says Something About Ladies That We Already Planned On Doing,0
A Girl Breaks Down Crying Explaining Something That Too Many Women Have Experienced,1
A Girl Breaks Down Crying Explaining Something That Too Many Women Have Experienced,0
What Does Your Life Expectancy Have To Do With Your Zip Code? Everything.,1
What Does Your Children's Life Expectancy Have To Do With Your Zip Code? This.,0
"See One City’s Sweet Plan To Plant About A Zillion Lemon Trees. That’s A Lotta Zest.
",1
"One City’s Plan For Streets That Smell Sweeter Than Lemon-Scented Pine Sol
",0
The Wheels On The Bus Come To A Screeching Freaking Halt,1
This Is What They Call 'Furlough' In Washington,0
Try Walking Around In New York Or San Francisco In One Of These Hats,1
"Some Perspective On A Certain Baseball Team, Care Of Common Sense",0
It Only Took A Minute For All These Man Tears To Start Flowing,1
What A Special Gift To Find On Your Doorstep,0
"If You Don't Believe That This Is A Real Thing, Then We Need To Talk About How Real Things Work",1
My Favorite Thing About Science Is This,0
"When They Called Him A Terrorist And Broke His Jaw, I Bet They Didn't Expect This Response ",1
"If Everyone Took The Advice Of A Man Who Was Beaten For Wearing A Turban, We'd Live In A Safer World",0
A Two-Minute Lesson For The Next Time You Face 'Incredible Odds',1
Don't You Miss When Life Lessons Could Be Wrapped Up This Snuggly?,0
Science Has Been Misleading You About Some Fundamental Truths,1
Science Has Been Misleading You About Some Fundamental Truths,0
How A Disease That Hasn't Made News In 60 Years Could Make Headlines In The Next 10,1
How A Disease That Hasn't Made News In 60 Years Could Make Headlines In The Next 10,0
This Little Girl In The Photo Captures How I Feel About The UN Leader Ban Ki-moon's Point Here,1
"Hey Ladies, We Got This – And We Have The Backing From The UN Leader, Too.",0
The Woman Who Has As Close To A Super Power As We Can Get,1
So Many Kids Fall Through The Cracks  — Meet The Woman Making Sure That Doesn't Happen On Her Watch,0
The Woman Who Has As Close To A Super Power As We Can Get,1
The Woman Who Has As Close To A Super Power As We Can Get,0
The Most Obvious Thing About Science That I Shouldn't Ever Have To Ever Explain Ever,1
"Watch This If You Believe That Science Is A Real Thing. Also, Watch This If You Don't.",0
The Debt Ceiling And Budget Battles Are Just A Screen. You Read That Right.,1
Some Of Your Paycheck Goes To Something Every Week Thay They Want To Get Rid Of,0
"He's A Fraud, A Murderer, And Sorely Mistaken - We Gave THIS Guy A National Holiday?",1
"He's A Fraud, A Murderer, And Sorely Mistaken - We Gave THIS Guy A National Holiday?",0
Watch This Incredible Young Woman Render Jon Stewart Speechless,1
Many Teens Can’t Wait For School To Get Out. This One Just Wants In.,0
The Wheels On The Bus Come To A Screeching Freaking Halt,1
The Wheels On The Bus Come To A Screeching Freaking Halt,0
The Wheels On The Bus Come To A Screeching Freaking Halt,1
The Wheels On The Bus Come To A Screeching Freaking Halt,0
I Kinda Want All Girls To Play This As Their Motivational Music For School Every Morning,1
The Growing Epidemic Of Girls Getting An Education,0
Why You'll Get Kittens When You Click On This (Just Kidding. It's About Something That Matters).,1
Why You'll Get Kittens When You Click On This (Just Kidding. It's About Something That Matters).,0
"Over The Past Few Decades, A Lot Of Brave People Have Embraced Who They Are. Here's To Them.",1
A Lot Of Brave People Have Embraced Who They Are. Here's To Them.,0
"Over The Past Few Decades, A Lot Of Brave People Have Embraced Who They Are. Here's To Them.",1
"Over The Past Few Decades, A Lot Of Brave People Have Embraced Who They Are. Here's To Them.",0
"If You Were Stranded On A Desert Island … Well, Let’s Put It This Way: You Wouldn't Want Their Help.",1
"No Doubt These People Are Hard-Working, But Is This Really Part Of The Job?",0
I Get It. You Don't Think Climate Change Is Man Made. That's Sort Of Irrelevant Because Of This.,1
You'd Make This Face Too If You Knew What Hank Green Knew,0
You’ll Be Amazed How Just A Song Could Break Through To This Woman With Alzheimer’s,1
You’ll Be Amazed How Just A Song Could Break Through To This Woman With Alzheimer’s,0
A Woman Is About To Change The History Of Money In America,1
The Leaders Of Our Banks No Longer Need To Look Like The Mascot From Monopoly,0
You’ll Be Amazed How Just A Song Could Break Through To This Woman With Alzheimer’s,1
You’ll Be Amazed How Music Breaks Through To This Woman With Alzheimer’s,0
I Get It. You Don't Think Climate Change Is Man Made. That's Sort Of Irrelevant Because Of This.,1
I Get It. You Don't Think Climate Change Is Man Made. That's Sort Of Irrelevant Because Of This.,0
The Vice Principal Wanted A School Full Of Kids Like Him. So How In The World Did This Happen?,1
How Much Is A Kid's Future Worth? I Think The Answer Is More Than A Simple Mistake.,0
"The Daily Show Hires A Hostage Negotiator To Talk To A GOP Strategist. It Is Television Gold.​​​​
",1
America Is So Screwed That Even Hostage Negotiators Can't Sort This Shutdown Mess Out,0
"This Daily Show Reporter Loses His Cool When He's Confronted With Stupidity, Naturally",1
"If I Were To Put My Trust In Anyone Fixing The Government Shutdown, It Would Be In The Daily Show ",0
Further Proof That Being Born A White Man Is A Bit Like Hitting The Lottery,1
Why Equal Pay For Equal Work Means Everything To Women Of Color,0
"Secession, 2013: Bill Moyers On The Extreme Threat To Our Democracy",1
"Diapers, Check. Pacifiers, Check. Baby Food, Check. OK, Now Let's Go Sit At Our Desks In Congress.",0
Your Unhealthy Love For Public Health In 14 Images,1
Your Unhealthy Love For Public Health In 14 Images,0
I Never Want To Hear Any Child Say What These Kids Say To Their Parents. Ever.,1
I Never Want To Hear Any Child Say What These Kids Say To Their Parents. Ever.,0
Think Looks Can't Be Deceiving? Take A Peek At This Astonishing Guy.,1
Think Looks Can't Be Deceiving? Take A Peek At This Astonishing Guy.,0
"The Wheels On The Bus Come To A Screeching, Jolting Halt",1
The Wheels On The Bus Come To A Screeching Halt,0
Some Couples You Just Don't Mess With. Especially Not Right Before Their 20th Wedding Anniversary.,1
Some Couples You Just Don't Mess With. Especially Not Right Before Their 20th Wedding Anniversary.,0
Think That Pat-Down At The Airport Was Random? You May Have Googled One Of These Six Words.,1
Here's How The US Government Is Tracking Your Every Move Right Now,0
"Heaven Caught On Tape. More Beautiful Than You Imagined, Closer Than You’d Expect.",1
"Heaven Caught On Tape. More Beautiful Than You Imagined, Closer Than You’d Expect.",0
"The Cyborg Arm From 'Terminator' Is Finally Here, But They Forgot To Make It Evil",1
Unbelievable Cyborg Arm Technology Is Here. See What 'Terminator' Got Right.,0
The Female Body Part That Wasn't Actually Discovered Until 1998,1
The Female Body Part That Wasn't Actually Discovered Until 1998,0
She Didn't Think Her Girlfriend Was Romantic Enough. She Seems To Have Spoken Too Soon.,1
"She Brought A Bus, A Band, A Ton Of People, And A Giant Sign. Then She Asked The Big Question.",0
Here Are 5 Fact-Checked Things About The Place You Live That You May Not Have All The Facts About,1
I Get It. You Don't Think Global Warming Is Man Made. It's Still A Real Thing Though.,0
"Heaven Caught On Tape. More Beautiful Than You Imagined, Closer Than You’d Expect.",1
"Heaven Caught On Tape. More Beautiful Than You Imagined, Closer Than You’d Expect.",0
There's Something Shocking That Your Boss Can Do To You In Michigan And 35 Other States,1
There's Something Shocking That Your Boss Can Do To You In Michigan And 35 Other States,0
"If You Know A Girl Who’s Ever Felt Invisible Or Unheard, Please Show Her This",1
250 Million Girls Are About To Tell You Why This Moment’s Important.,0
Know A Girl Who’s Ever Felt Invisible? Please Show Her This.,1
Know A Girl Who’s Ever Felt Invisible Or Unheard? Please Show Her This.,0
There's Something Shocking That Your Boss Can Do To You In Michigan And 34 Other States,1
There's Something Shocking That Your Boss Can Do To You In Michigan And 34 Other States,0
New York And California Are Conspicuously Absent From One Ranking Of Coolness,1
New York And California Are Conspicuously Absent From One Ranking Of Coolness,0
What An Orangutan Says To This Little Girl Is A Message We All Need To Know About,1
What An Orangutan Says To This Little Girl Is A Message We All Need To Know About,0
This Place Gets Five Stars Without Even Tasting The Food,1
Don't Need To Taste The Food Here To Make My Reservation,0
If You Know Someone Whose Life Revolves Around Facebook And Twitter You Might Want To Share This,1
For Those Of Us Who Spend Way Too Much Time Online,0
Congress Did Something So Spectacularly Creepy That It's Too Unbelievable To Make Up,1
The GOP Made A Rule That Their Boss Couldn't End The Shutdown. Or Almost Anyone Else. Not Joking.,0
Congress Did Something So Spectacularly Creepy That It's Too Unbelievable To Make Up,1
Congress Did Something So Spectacularly Creepy That It's Too Unbelievable To Make Up,0
Congress Did Something So Spectacularly Creepy That It's Too Unbelievable To Make Up,1
Congress Did Something So Spectacularly Creepy That It's Too Unbelievable To Make Up,0
We Get A Day Off Every Year In Honor Of A Man Who Gave Thousands Of People A Permanent Vacation,1
We Get A Day Off Every Year In Honor Of A Man Who Gave Thousands Of People A Permanent Vacation,0
"Bernie Sanders Is Pissed, And For Good Reason",1
What Blackmail Means To One Passionate Senator,0
This Guy Just Won A Nobel Prize. He Has Something To Say About The USA That You Should Hear.,1
This Guy Just Won A Nobel Prize. He Has Something To Say About The USA That You Should Hear.,0
Think That Pat-Down At The Airport Was Random? You May Have Googled One Of These Six Words.,1
Think That Pat-Down At The Airport Was Random? You May Have Googled One Of These Six Words.,0
Think That Pat-Down At The Airport Was Random? You May Have Googled One Of These Six Words.,1
Think That Pat-Down At The Airport Was Random? You May Have Googled One Of These Six Words.,0
Just An Average Night In DC. Try Not To Throw Up.,1
"Meanwhile, In Washington...",0
Just An Average Night In DC. Try Not To Throw Up.,1
An Average Night In DC Takes A Turn For The Disgusting,0
Just An Average Night In DC. Try Not To Throw Up.,1
"Yeah, That Just About Covers Everything I Hate About Politics",0
Just An Average Night In DC. Try Not To Throw Up.,1
Just An Average Night In DC. Try Not To Throw Up.,0
A Lobbyists And A Congressman Walk Into A Restaurant. See What Happens Next.,1
Watch A Lobbyist And A Congressman Literally Stuff Each Other’s Faces,0
A Lobbyists And A Congressman Walk Into A Restaurant. See What Happens Next.,1
A Lobbyists And A Congressman Walk Into A Restaurant. See What Happens Next.,0
That Awkward Moment You Realise America Is Way More Sexist Than You Could Have Imagined,1
That Awkward Moment You Realise America Is Way More Sexist Than You Could Have Imagined,0
"See This Daily Show Reporter Lose His Cool When He's Confronted With Stupidity, Naturally",1
"See This Daily Show Reporter Lose His Cool When He's Confronted With Stupidity, Naturally",0
The Dirty Little Secret That Fast Food Companies Don't Want You To Know,1
"If Fast Food Joints Actually Paid Better, Taxpayers Would Save $7 Billion",0
That Awkward Moment When You Realise America Is Way More Sexist Than You Could Have Imagined,1
That Awkward Moment When You Realise America Is Almost As Sexist As It Was Before Bras Were Burning,0
"Even If You're A Fan Of The Tea Party, This Will Make You Laugh",1
"Even If You're A Fan Of The Tea Party, This Will Make You Laugh",0
The Dirty Little Secret That Fast Food Companies Don't Want You To Know,1
The Dirty Little Secret That Fast Food Companies Don't Want You To Know,0
"Even If You're A Fan Of The Tea Party, This Will Make You Laugh",1
"Even If You're A Fan Of The Tea Party, This Will Make You Laugh",0
Debt Collection Agency Unleashes New Scheme To Get Us To Pay Up. And It’s Working.,1
Woman’s Experience With Debt Collection Leaves Her In Tears. And Indebted Forever.,0
"What They're Trying To Do To This Man Is Rough, But What He Says At The End Is Devastating",1
Does The Future Of Our Cities Look A Lot Like Detroit?,0
"We've All Done This Without Thinking And It May Ruin Our Chances At A Happy, Wealthy Life ",1
"Why This Guy Says You're Unfocused, Hyperactive and Potentially Fabulous ",0
One Of The World's Most Despised Groups Is Shocking The Country With Some Cut-Throat Awesomeness,1
Debt Collection Agency Unleashes New Scheme To Get Us To Pay Up. And It’s Working.,0
One Of The World's Most Despised Groups Is Shocking The Country With Some Cut-Throat Awesomeness,1
Do You Hate Collection Agencies? So Does This Collection Agency.,0
Why're We Afraid Of Talking Religion And Politics Over Dinner But Cool With This Offhand Mention?,1
Why're We Afraid Of Talking Religion And Politics Over Dinner But Cool With This Offhand Mention?,0
7 Ways To Tell If You Are A Bad-Ass Woman,1
7 Ways To Tell If You Are A Bad-Ass Woman,0
"What They're Trying To Do To This Man Is Rough, But What He Says At The End Is Devastating",1
"What They're Trying To Do To This Man Is Rough, But What He Says At The End Is Devastating",0
Watch A Student Totally Nail Something About Women That I've Been Trying To Articulate For 37 Years,1
Watch A Student Totally Nail Something About Women That I've Been Trying To Articulate For 37 Years,0
"Need Your Faith In Humanity Restored? Meet ""Doctor Feelgood.""",1
Even Apocalyptic Sandstorms Can’t Seem To Stop These People From Doing Their Thang.,0
10 Reasons Why Global Warming Is A BIG FAKE,1
10 Reasons Why Global Warming Is A BIG FAKE (Sarcasm),0
The Female Body Part That Wasn't Actually Discovered Until 1998,1
The Female Body Part That Wasn't Discovered (For Real) Until 1998,0
Watch Oprah Get Confused When An Amazing Woman Talks About How She Doesn't Believe In God,1
Everything You And Oprah Wanted To Know About Atheists But Were Afraid To Ask,0
Oprah Tries To Tell An Atheist What To Think. The Atheist Responds Like A Christian. Or Any Human.,1
"If You Think Atheists Have No Morals, You Probably Need To Watch This",0
Here Are 5 Fact-Checked Things About The Place You Live That You May Not Have All The Facts About,1
Here Are 5 Things About The Place You Live That You May Not Have All The Facts About,0
"A Guide To Making The Internet Suck Less, By A Kid Who Will Probably Be President
",1
Listen To This Real Talk From A Kid President Who Tells Us The Best Way To Use The Internet,0
"A Guide To Making The Internet Suck Less, By A Kid Who Will Hopefully Be President One Day",1
"A Guide To Making The Internet Suck Less, By A Kid Who Will Hopefully Be President One Day",0
Watch Oprah Get Confused When An Amazing Woman Talks About How She Doesn't Believe In God,1
Oprah Tries To Tell An Atheist What To Think. The Atheist Responds Like A Christian. Or Any Human.,0
Watch Oprah Get Confused When An Amazing Woman Talks About How She Doesn't Believe In God,1
Watch Oprah Get Confused When An Amazing Woman Talks About How She Doesn't Believe In God,0
"A Congressman Throws An Embarrassing Tantrum At A Science Fair — It's Cool, You Didn't Vote For Him",1
DRAMATIZATION: A Congressman Throws An Embarrassing Tantrum At A Science Fair,0
"This Aggressive, Rude, Negative, Anti-Motivational Speech Is The Best Thing I've Ever Heard",1
Insulting Is The New Motivational Technique — Somehow It's Really Effective,0
The Study Every Democrat Should Know About,1
Does Democracy Still Work In America?,0
"One Of The World’s Most Hated Groups Found Her, Took Her Money, And Left Her In Tears (Of Happiness)",1
"One Of The World’s Most Hated Groups Found Her, Took Her Money, And Left Her In Tears (Of Happiness)",0
The Reason He Throws His Wrestling Match Is Pretty Damn Spectacular,1
"He Lost His Father In Iraq.  Well, Dad, You Would Be So Freakin' Proud",0
This Kids Logic Will Convince You To ​​Delete Candy Crush From Your Phone And Hand Over Your Socks,1
"This Boy Has An Idea To Make The World A Little Bit Better – It Involves Your, Erm, Socks",0
The Eye-Opening Study Every American Needs To See,1
Why Democrats Might Be Betting On The Wrong Horse,0
Psst. You. It's Totally Okay To Feel Low Right Now. Here's Something That Might Help.,1
Why A Late-Night Trip To A Taco Truck Might Be The Best Thing You Can Do For Yourself,0
This Video Will Make You As Uncomfortable As An Open-Backed Hospital Gown Does.,1
"Um, Gynecological Sock Puppets? Time To Add One More Thing To Your List Of Biggest Fears. ",0
"In A Crazy Twist, Someone Figured Out How To Make McDonald’s Execs Sick To Their Stomachs",1
"Finally, Someone Figured Out How To Make McDonald’s Feel As Bad As They Usually Make Everyone Else Feel ",0
"In A Crazy Twist, Someone Figured Out How To Make McDonald’s Execs Sick To Their Stomachs",1
"This Is One Pissed Off, Embarrassed Fast Food Clown ",0
"If You Have Ever Felt Alone, You’ll Understand What These Kids Find In The Boxes",1
What This Band Of Outcasts Find In A Few Boxes Is Just What They Needed,0
This Kids Logic Will Convince You To ​​Delete Candy Crush From Your Phone And Hand Over Your Socks,1
"This Kids Logic May Convince You To ​​Delete Candy Crush Off Your Phone And, Er, Give Him Your Socks",0
The Response He Received Spells Out A Much Bigger Problem That Hollywood Still Has,1
The Response He Received Spells Out A Much Bigger Problem That Hollywood Still Has,0
My Father-In-Law Says We Should Not Bail Out Detroit. I Think I'll Send Him This.,1
Why Detroit Going Bankrupt Should Terrify All Of Us,0
"A Photographer Convinces Strangers To Do Something Really Odd, And They Totally Love It",1
"A Photographer Convinces Strangers To Do Something Really Odd, And They Totally Love It",0
"There's One Thing Almost Every TV Wife Has In Common, And It's Not That They're Naggy Buzzkills",1
Why I Almost Always Find Myself Rooting For TV Wives In Antihero Dramas,0
"One Of The World’s Most Hated Groups Found Her, Took Her Money, And Left Her In Tears (Of Happiness)",1
"They Found Her, Took Her Money, And Left Her In Tears. But It's Actually A Pretty Happy Story. ",0
The Real Cost Of The Tea Party's Shenanigans In One Horrifying Graphic,1
The Real Cost Of The Tea Party's Shenanigans In One Horrifying Graphic,0
The Real Cost Of The Tea Party's Shenanigans In One Horrifying Graphic,1
The Real Cost Of The Tea Party's Shenanigans In One Horrifying Graphic,0
My Father-In-Law Says We Should Not Bail Out Detroit. I Think I'll Send Him This.,1
My Father-In-Law Says We Should Not Bail Out Detroit. I Think I'll Send Him This.,0
A Television Journalist Loses His Cool And Confronts Someone Responsible For The Shutdown,1
A Television Journalist Loses His Cool And Confronts Someone Responsible For The Shutdown,0
Most People Would Get Mad When Told They Couldn't Do Something. She Decided To Make A Pretty Point.,1
Maybe You Noticed Something About All The New Faces On This Comedy Show - You're Not The Only One.,0
"A Photographer Convinces Strangers To Do Something Really Odd, And They Totally Love It",1
"A Photographer Convinces Strangers To Do Something Really Odd, And They Totally Love It",0
Watch What Happens When This Surgeon Decides To Take The Dollars Out Of His Healthcare,1
That Time The Surgeon Decides To Take The Dollars Out Of Healthcare,0
This Video Will Make You As Uncomfortable As An Open-Backed Hospital Gown Does,1
This Video Will Make You As Uncomfortable As An Open-Backed Hospital Gown Does,0
How To Not Talk About Rape On TV. Brought To You By A Dude Who Should Never Talk About Rape On TV.,1
How To Not Talk About Rape On TV. Brought To You By A Dude Who Should Never Talk About Rape On TV.,0
"I'm Not Saying She Deserved To Be Raped, BUT' Is Possibly The Worst Way To Begin A Sentence. Ever.",1
"I'm Not Saying She Deserved To Be Raped, BUT' Is Possibly The Worst Way To Begin A Sentence. Ever.",0
Watch What Happens When This Surgeon Decides To Take The Dollars Out Of His Healthcare,1
Watch What Happens When This Surgeon Decides To Take The Dollars Out Of His Healthcare,0
Something Sickening Is Happening To Some Of Our School Children And You Probably Have No Idea,1
Something Disturbing Is Happening To School Children And You Probably Have No Idea,0
She Did Everything She Was Supposed To Do. The Least These 2 Dudes Could Do Is Show Some Sympathy.,1
She Did Everything She Was Supposed To Do. The Least These 2 Dudes Could Do Is Show Some Sympathy.,0
Teen Tries To Develop Cancer Test. Adults Scoff. Teen Shrugs And Does It Anyway.,1
"Teen Wants To Beat Cancer, But First He Has To Beat Boneheaded Adults",0
His Mom Made A Mistake He Will Never Be Able To Forget,1
"A Child Should Never Have To Call Their Parents In Jail. And Yet, Here We Are.",0
"It's Not Perfect, But A Couple Teens Put Together The Most Authentic Obamacare Pitch I've Seen",1
There Are Teens Who Don't Ever Think About Health Care. And Then There Are Teens Who Rap About It.,0
"If You Have Kids, Then You Know What She's Going Through",1
She Can't Afford To Not Afford Her Daughter's Health,0
"I'm Not Saying She Deserved To Be Raped, BUT' Is Possibly The Worst Way To Begin A Sentence. Ever.",1
"I'm Not Saying She Deserved To Be Raped, BUT' Is Possibly The Worst Way To Begin A Sentence. Ever.",0
She Did Everything She Was Supposed To Do. The Least These Cops Could Do Is Show Some Sympathy.,1
She Did Everything She Was Supposed To Do. The Least These Jerks Can Do Is Show Some Sympathy.,0
This Science Nerd Will Totally Judge You If You Don't Learn These 5 Fact-Checked Things About Earth,1
This Science Nerd Will Totally Judge You If You Don't Learn These 5 Fact-Checked Things About Earth,0
"Toddlers Aren't Normally This Profound, Last Time I Checked",1
"If My Toddler Ever Says This, I'm Sending Them To College Early",0
Teen Tries To Develop Cancer Test. Adults Scoff. Teen Shrugs And Does It Anyway.,1
Teen Tries To Develop Cancer Test. Adults Scoff. Teen Shrugs And Does It Anyway.,0
"Sure It's Not Perfect, But A Couple Teens Made The Most Authentic Obamacare Pitch I've Seen",1
"It's Not Perfect, But A Couple Teens Put Together The Most Authentic Obamacare Pitch I've Seen",0
Teen Tries To Develop Cancer Test. Adults Scoff. Teen Shrugs And Does It Anyway.,1
Teen Tries To Develop Cancer Test. Adults Scoff. Teen Shrugs And Does It Anyway.,0
"The One Thing Teachers Always Forced You To Do May Have Ruined Your Chance At A Happy, Wealthy Life ",1
"We've All Done This At School And It May Ruin Our Chances At A Happy, Wealthy Life ",0
This Video Will Make You As Uncomfortable As An Open-Backed Hospital Gown Does.,1
This Video Will Make You As Uncomfortable As An Open-Backed Hospital Gown Does.,0
"The One Thing Teachers Always Forced You To Do May Have Ruined Your Chance At A Happy, Wealthy Life ",1
"The One Thing Teachers Always Forced You To Do May Have Ruined Your Chance At A Happy, Wealthy Life ",0
"They Said He Was ‘Evil’ And ‘Bad,’ But He’s Actually Really, Really Astonishingly Good",1
"A Hauntingly Beautiful Movie About A Man Who Was Hidden Away For 10 Years Too Long
",0
"They Said He Was ‘Evil’ And ‘Bad,’ But He’s Actually Really, Really Astonishingly Good",1
"They Said He Was ‘Evil’ And ‘Bad,’ But He’s Actually Really, Really Astonishingly Good",0
"The One Thing Teachers Always Forced You To Do May Have Ruined Your Chance At A Happy, Wealthy Life ",1
"The One Thing Teachers Always Forced You To Do May Have Ruined Your Chance At A Happy, Wealthy Life ",0
"The One Thing Teachers Always Forced You To Do May Have Ruined Your Chance At A Happy, Wealthy Life",1
"The One Thing Teachers Always Forced You To Do May Have Ruined Your Chance At A Happy, Wealthy Life ",0
What Do You Get When You Fill A School With Students That Have Been To Jail?,1
What Happens To A School Day When Most Of Your Students Used To Be In Jail?,0
"No Matter How Hard Your Kids Have It, They Got It Easier Than These Kids",1
Everyone Else Gave Up On These Kids. But He Picked Them Up And Made Them Undroppable,0
A Straight Guy Gets What It's Like To Be Gay,1
A Straight Guy Gets What It's Like To Be Gay,0
What Happens When Folks Who Are Unemployed Actually Stop Looking For Work?,1
What Happens When Folks Who Are Unemployed Actually Stop Looking For Work?,0
A 2-Year-Old Gets Totally Profound In A Way Most Adults Don't,1
A 2-Year-Old Gets Totally Profound In A Way Most Adults Don't,0
"Sure It's Not Perfect, But A Couple Teens Made The Most Authentic Obamacare Pitch I've Seen",1
Don't Blame Me If Your Humming The Chorus By The End Of This Video,0
Four College Kids Decided To Try Living Like 1.1 Billion People Do Every Day,1
Four College Kids Decided To Try Living Like 1.1 Billion People Do Every Day,0
"Watch Statistics Transform Into People You Know And Understand, Right Before Your Very Eyes
",1
An 11-Year-Old Bombing Survivor And Other Syrians Have These Messages To Share With Us,0
A Toddler Gets Totally Profound In A Way Most Adults Don't,1
A 2-Year-Old Gets Totally Profound In A Way Most Grown-Ups Don't,0
Would You Expect These Results To Appear When You Google 'Women'?,1
Would You Expect These Results To Appear When You Google 'Women'?,0
Those Who Want To Take Away Our Safety Nets Don't Want You To See This,1
Those Who Want To Take Away Our Safety Nets Don't Want You To See This,0
"I Got The Subway Earlier, And A Woman Was Being Tortured Right Next To Me",1
"I Got The Subway Earlier, And A Woman Was Being Tortured Right Next To Me",0
Ever Hear About The Lady That Spilled Coffee On Herself And Got Mcdonalds To Pay Her $3 Million?,1
Ever Hear About The Lady That Spilled Coffee On Herself And Got Mcdonalds To Pay Her $3 Million?,0
Try Walking Around In New York Or San Francisco In One Of These Hats,1
Try Walking Around In New York Or San Francisco In One Of These Hats,0
A Dude Is Living Under Sea For 31 Days So He Can Show The World What's Disappearing,1
The Big Mission These Explorers Are Taking To Save Our Seas,0
Ever Hear About The Lady That Spilled Coffee On Herself And Got Mcdonalds To Pay Her $3 Million?,1
Ever Hear About The Lady That Spilled Coffee On Herself And Got Mcdonalds To Pay Her $3 Million?,0
A Dude Is Living Under Sea For 31 Days So He Can Show The World What's Disappearing,1
A Dude Is Living Under Sea For 31 Days So He Can Show The World What's Disappearing,0
The Kind Of Wedding That Makes You Want To Throw Rice At Your Monitor,1
The Kind Of Wedding That Makes You Want To Throw Rice At Your Monitor,0
A Dude Is Living Under Sea For 31 Days So He Can Show The World What's Disappearing,1
A Dude Is Living Under Sea For 31 Days So He Can Show The World What's Disappearing,0
Congress: I Think You Could Learn A Thing Or Two Watching These Teachers Solve Problems,1
Congress: I Think You Could Learn A Thing Or Two Watching These Teachers Solve Problems,0
"They Openly Told Everyone All It Was Fake, And They STILL Bought Everything. Unbelievable.",1
Proof People Will Buy Anything They See On The News. See What I Did There?,0
His Mom Made A Horrible Mistake He Will Never Be Able To Forget,1
His Mom Made A Mistake He Will Never Be Able To Forget,0
See The Music Video Parody That Deserves Both A VMA And A Nobel Prize,1
Watch A Music Video Parody That Deserves Both A VMA And A Presidential Medal,0
"Watch As The Statistics Transform Into People You Instantly Understand, Right Before Your Eyes ",1
"Watch Far-Away Statistics Transform Into Real People You Can Understand, No Translation Needed",0
"They Openly Told Everyone All It Was Fake, And They STILL Bought Everything. Unbelievable.",1
"They Openly Told Everyone All It Was Fake, And They STILL Bought Everything. Unbelievable.",0
7 Cowardly Words From A Totally Sexist Stranger Sparked This Courageous Response,1
7 Cowardly Words From A Totally Sexist Stranger Sparked This Courageous Response,0
7 Cowardly Words From A Totally Sexist Stranger Sparked This Courageous Response,1
7 Cowardly Words From A Totally Offensive Dude Sparked This Courageous Response,0
The Most Delightful Two And A Half Minutes You'll Have Today Will Happen Right ... Now.,1
The Sweetest Two And A Half Minutes You'll Spend Today Will Happen Right ... Now.,0
There's A Secret That These People Keep Every Day They Go To Work,1
There's A Secret That These People Keep Every Day They Go To Work,0
"This Fat Woman Loves A Skinny Dude. If You Have A Problem With That, You May Be Part Of The Problem.",1
Everything You Think You Know About Beauty Is A Silly Myth Perpetuated By Awful Magazines,0
A Teacher Walks Into A School With Powerful Weapons And Hands Them Out To Every Kid In The Joint,1
How Broken Is Our Education System? Some Teens Were Asked To Raise Their Hands If They Had Dreams.,0
She Can't Imagine A Worse Way To Start A Date,1
She Can't Imagine A Worse Way To Start A Date,0
The Thing That Could Have Kept Her Life From Being A Living Hell? She Wants To Share With You.,1
The Thing That Could Have Kept Her Life From Being A Living Hell? She Wants To Share With You.,0
They Were All Told It Was Fake But They STILL Thought It Was Real. Then They Bought Everything.,1
They Were All Told It Was Fake But They STILL Thought It Was Real. Then They Bought Everything.,0
The Most Delightful Two And A Half Minutes You'll Have Today Will Happen Right ... Now.,1
The Most Delightful Two And A Half Minutes You'll Have Today Will Happen Right ... Now.,0
The Thing That Could Have Kept Her Life From Being A Living Hell? She Wants To Share With You.,1
The Thing That Could Have Kept Her Life From Being A Living Hell? She Wants To Share With You.,0
"Don't Worry, This Is Only A Movie! Except It's Not and We're All Going To Die.",1
"Don't Worry, This Is Only A Movie! Except It's Not and We're All Going To Die.",0
A Kid Walks Into A Church And Asks For Something No Human Should Ever Have To Ask For,1
"Teens Ask For A Lot Of Things, But What One Is Pleading For Is Legit ... And Truly Gut Wrenching",0
When Budget Cuts Kill People: The 6th Grader Who Paid For Budget Cuts With Her Life.,1
Head's Up: These Are The Things That Happen When Budgets Are Cut.,0
When Budget Cuts Kill People: The 6th Grader Who Paid For Budget Cuts With Her Life.,1
When Budget Cuts Kill People: The 6th Grader Who Paid For Budget Cuts With Her Life.,0
She Works At McDonald's And Called Its Help Line. You Won't Believe What They Told Her To Do.,1
Tired Of People Getting Public Assistance? Call McDonald's Help Line And Tell THEM.,0
This Fast-Food Company Created A 'Help' Line For Its Workers. You'll Never Guess What They Told Her To Do.,1
She Works At McDonald's And Called Its Help Line. You Won't Believe What They Told Her To Do.,0
The King Of The Internet Nerds Is Angry. For A Really Good Reason.,1
"If You Don't Care About NSA Spying Because You Have Nothing To Hide, You Totally Missed The Point",0
She Works At McDonald's And Called Its Help Line. You Won't Believe What They Told Her To Do.,1
She Works At McDonald's And Called Its Help Line. You Won't Believe What They Told Her To Do.,0
Hilarious Beer Commercial No Brewery Wants You To See,1
A Hangover Cure Beer Companies Do Not Want You To See,0
How Our Current Food System Is (Literally) Breaking Our Hearts,1
How A Healthy Diet These Days Includes A Concerned Letter To Your Congressional Representative,0
Hilarious Beer Commercial No Brewery Wants You To See,1
Hilarious Beer Commercial No Brewery Wants You To See,0
Some People Wanted To Help Make Our Country Better. So We're Apparently Going To Put Them In Jail.,1
Some People Wanted To Help Make Our Country Better. So We're Apparently Going To Put Them In Jail.,0
"When 280,000 People Are Attacked Each Month At A Place That Should Be Safe, We've Got A Problem",1
"Bullying: A Really Common Word. But If You Knew These Statistics, Would It Concern You More? ",0
"Westboro Baptist Church Planned To Disrupt Fallen Soldier’s Funeral. Whoops, Wrong Town.",1
"Westboro Baptist Church Planned To Disrupt Fallen Soldier’s Funeral. Sorry, Wrong Town.",0
"Need A Halloween Costume? Why Not Go As This FBI Lady, 'Cause What She's Gonna Say Is Terrifying. ",1
"Need A Halloween Costume? Why Not Go As This FBI Lady, 'Cause What She's Gonna Say Is Terrifying. ",0
An Apple A Day Does A Hell Lot More Than Keep The Doctor Away,1
An Apple A Day Does A Hell Lot More Than Keep The Doctor Away,0
"If You Had 30 Pizzas, You'd Probably Throw A Pizza Party For Your Friends, Right? Not These Guys.",1
"If You Had 30 Pizzas, You'd Probably Throw A Pizza Party For Your Friends, Right? Not These Guys.",0
This Is For All My Homies Out There Who Say Health Is Just About The Choices You Make,1
This Is For All My Homies Out There Who Say Health Is Just About The Choices You Make,0
I'm Willing To Wager That You've Never Thought To Fight Homophobia Like This,1
I'm Willing To Wager That You've Never Thought To Fight Homophobia Like This,0
50 Journalists Asked This Guy The Same Dumb Question About Women. His Response? Totally Justified.,1
50 Journalists Asked This Guy The Same Dumb Question About Women. His Response? Totally Justified.,0
"How The War On Drugs Stacks Up Against Countries That Treat Drugs Like Sane, Rational Humans ",1
A Violent Criminal Who Doesn't Do Drugs Is SOOO Much Less Likely To Get Caught,0
"We've Gotten Used To Hearing About This Kind Of Violence, But Let's Not Forget The Impact Of It",1
"When 280,000 People Are Attacked Each Month At A Place That Should Be Safe, We've Got A Problem",0
50 Journalists Asked This Guy The Same Dumb Question About Women. His Response? Totally Justified.,1
50 Journalists Asked This Guy The Same Dumb Question About Women. His Response? Totally Justified.,0
Stop What You're Doing And Watch The Most Meaningful Candid Interview Of The Decade,1
Watch A Brilliant British Comic Give The Most Meaningful Interview Of His Career,0
"If You're One Of The .01% Of The Population That Can Pass This Test, Then I Still Think You’re Lying",1
"How Aware Are You Of Your Surroundings? If You're Like Me, The Answer Is Terrifyingly Oblivious. ",0
50 Journalists Asked This Guy The Same Dumb Question About Women. His Response? Totally Justified.,1
50 Journalists Asked This Guy The Same Obnoxious Question About Women. His Response? Justified.,0
50 Reporters Asked This Guy The Same Dumb Question About Women. His Response? Totally Justified.,1
50 Journalists Asked This Guy The Same Dumb Question About Women. His Response? Totally Justified.,0
Life For Millions Of People Goes A Little Something Like This,1
Life For Millions Of People Goes A Little Something Like This,0
I'm Willing To Bet That You've Never Thought To Fight Homophobia Like These Guys Decided To,1
I'm Willing To Bet That You've Never Thought To Fight Homophobia Like These Guys Decided To,0
"Life For Millions Of People Goes Something Like This. The Song Is Wonderful, But The Reality Is Raw.",1
Life For Millions Of People Goes A Little Something Like This. Sing Along If You Feel It.,0
Bet You've Never Thought Of Fighting Homophobia Like These Guys Decided To,1
Bet You've Never Thought Of Fighting Homophobia Like These Guys Decided To,0
Like. Totally. Whatever. If You Know Someone Who Uses Those Words Show Them This Video.,1
"A Wonderful Reminder To Speak Up, Speak Loud And Well, You Know...",0
Like. Totally. Whatever. If You Know Someone Who Uses Those Words Show Them This Video.,1
"Like, You’ll Totally Get This Dude But Whatever",0
"Thankfully, You Can Easily Avoid Ending Up Like The Mom In This Video",1
A Huge Problem That Is Beyond Easy To Fix,0
Like. Totally. Whatever. If You Know Someone Who Uses Those Words Show Them This Video.,1
Like. Totally. Whatever. If You Know Someone Who Uses Those Words Show Them This Video.,0
Like. Totally. Whatever. If You Know Someone Who Uses These Words Show Them This Video.,1
Like. Totally. Whatever. This Poet Has Something To Say To You.,0
"It Happens To A Family Every 21 Minutes, Yet No One Is Talking About It",1
"It Happens To A Family Every 21 Minutes, Yet No One Is Talking About It",0
"If You Were Wondering What Racism Looks Like, It's Bearded, 5'8"", And Dumb Enough To Talk On Camera",1
"How To Know If You Are Racist: When Asked If You Are Racist, You Don't Know How To Answer.",0
An Internet Troll Thought He Could Shame Her Into Silence. Here's Why That Didn’t Work Out.,1
"These Three Words Get Feminists Fired Up, But Maybe Not In The Way You Think",0
"If You Were Wondering What Racism Looks Like, It's Bearded, 5'8"", And Dumb Enough To Talk On Camera",1
"If You Were Wondering What Racism Looks Like, It's Bearded, 5'8"", And Dumb Enough To Talk On Camera",0
"If You Were Wondering What Racism Looks Like, It's Bearded, 5'8"", And Dumb Enough To Talk On Camera",1
"If You Were Wondering What Racism Looks Like, It's Tacky, Creepy, And Dumb Enough To Talk On Camera",0
"If You Were Wondering What Racism Looks Like, It's Bearded, 5'8"", And Dumb Enough To Talk On Camera",1
"If You Were Wondering What Racism Looks Like, It's Bearded, 5'8"", And Dumb Enough To Talk On Camera",0
"I Don't Quite Know What These People Are Doing For Their Jobs, But I'd Work 1 Week And Retire",1
"I Don't Quite Know What These People Are Doing For Their Jobs, But I'd Work 1 Week And Retire",0
"One Mother Did Something Illegal to Help Her Kids, And This Cop Was Totally, Unexpectedly Cool",1
"A Mom With No Options Left Committed A Crime, But This Cop Decided Not To Arrest Her",0
He's Speaking. She's Playing. And I'm Just Over Here Trying To Pick My Jaw Off The Floor.,1
He's Speaking. She's Playing. And I'm Just Over Here Trying To Pick My Jaw Off The Floor.,0
"One Mother Did Something Illegal to Help Her Kids, And This Cop Was Totally, Unexpectedly Cool",1
"One Mother Did Something Illegal to Help Her Kids, And This Cop Was Totally, Unexpectedly Cool",0
"When You Try And Ban Women From Driving, You'll Get Support Like This Song Instead",1
Ban Women From Driving? Yeah Good Luck With That – Especially Now When They Have A Song Like This,0
Congresswoman Is Confronted By Reality And Proceeds To Pretend It Doesn't Exist,1
"Congresswoman's Wiring Malfunctions On Live TV, Causes Her To Repeat Irrelevant Thing Repeatedly",0
When You Ban Women From Driving They'll Not Only Defy You – But Record Songs Like This Too,1
When You Ban Women From Driving They'll Not Only Defy You – But Record Songs Like This Too,0
Do You Really Mean To Tell Me You Don't Like The Way I Have Sex? 'Cause That's All I'm Hearing.,1
NEWS FLASH: Vaginas Don't Offend Us. And Calling Us Names Just Makes Us Try Harder.,0
"The First Week You Try To Join This Club Will Be Awkward, But It's All Worth It, Men",1
See What Cause Men Are Getting Hairy For,0
"The First Week You Try To Join This Club Will Be Awkward, But It's All Worth It, Men",1
"The First Week You Try To Join This Club Will Be Awkward, But It's All Worth It, Men",0
L. Ron Hubbard's Great-Grandson Spills The Inside Dirt On How Scientology Works. Whoa.,1
This Guy Is Not A Big Fan Of Scientology. Family Can Be Soooo Critical.,0
"If You Have One Of These Jobs, You Are Getting Paid Way Less Than You Think",1
What If I Told You That You Could Pay Twice As Much For Half The Salary? Too Late.,0
Want People To Listen When You Speak? Pay Attention To This Guy.,1
Four Minutes For Those Who Have Something To Say But Feel No One Is Listening,0
The Reason This Guy Is So Pissed Is The Same Reason Intelligent Conversation Is Hard To Find,1
"When He Beats Around The Bush It's Maddening. But When He Does The Opposite, That's Just Lovely.",0
Why The War On Women Is Like All The Other American Wars That Never Seem To End,1
Why The War On Women Is Like All The Other American Wars That Never Seem To End,0
Like. Totally. Whatever. If You Know Someone Who Uses These Words Show Them This Video.,1
"The Dude Is Pissed. And Unfortunately, We Can All Recognize The Reason Why.",0
"The Dude Is Pissed. And Unfortunately, We Can All Recognize The Reason Why.",1
"The Dude Is Pissed. And Unfortunately, We Can All Recognize The Reason Why.",0
To All The Haters And Internet Trolls — Here's A Hilarious Song Just For You,1
To All The Haters And Internet Trolls — Here's A Hilarious Song Just For You,0
Do You Really Mean To Tell Me You Don't Like The Way I Have Sex? 'Cause That’s All I’m Hearing.,1
Do You Really Mean To Tell Me You Don't Like The Way I Have Sex? 'Cause That’s All I’m Hearing.,0
"A Song For Every Time You See A Sexist, Racist Or Homophobic Comment Online",1
Dear Haters And Internet Trolls — Here's A Song Just For You,0
"A Song To Play Every Time You See A Sexist, Racist Or Homophobic Comment Online",1
"A Song For Every Time You See A Sexist, Racist Or Homophobic Comment Online",0
The Photos A Husband Took Of His Wife That Capture Love And Loss Beautifully,1
"​In 26 Photos, A Husband Captures His Wife's Final Moments Fighting Breast Cancer",0
"If Siri Had No Language Filter, Here Is The Conversation We Would Have.",1
"If Siri Had No Language Filter, Here Is The Conversation We Would Have.",0
"How 'We, The People' Became 'We, The Corporations' In Under 4 Minutes",1
How Corporations Have Been Kinda Trying To Become 'People' For Almost 200 Years,0
"How 'We, The People' Became 'We, The Corporations' In Under 4 Minutes",1
"How 'We, The People' Became 'We, The Corporations' In Under 4 Minutes",0
"How 'We, The People' Became 'We, The Corporations' In Under 4 Minutes",1
"How 'We, The People' Became 'We, The Corporations' In Under 4 Minutes",0
Can Somebody Please Explain How This Isn't Illegal?,1
Can Somebody Please Explain How This Isn't Illegal?,0
A Summary Of McMinimum Wages And McWelfare In One Hilarious Clip,1
A Summary Of McMinimum Wages And McWelfare In One Hilarious Clip,0
Listen To The Best (And Maybe Only?) Rap Song About Gardening,1
"A Rap Song That’ll Make You Want To Put Gloves On, Get On Your Knees, And Get Dirty",0
This Is What Happens When You Let Politicians Write Their Own Rules,1
What Happens When You Let Politicians Write Their Own Rules?,0
"If You've Heard Someone Say Love The Sinner, Hate The Sin, You Should Share This With Them",1
"If You've Heard Someone Say Love The Sinner, Hate The Sin, You Should Share This With Them",0
Listen To The Best (And Maybe Only?) Rap Song About Gardening,1
Listen To The Best (And Maybe Only?) Rap Song About Gardening,0
These Kids Finally Say What They Really Think About Mom.  And Her Reaction? Priceless.,1
These Kids Finally Say What They Really Think About Mom.  And Her Reaction? Priceless.,0
"Ironically, The First Thing I Wanted To Do After These Comedians Made Fun Of Me Was To Tweet It",1
"These Comedians Are All Strung Out On The Same Sick, Fun & Hilariously Sad Addiction - Are You Too?",0
Watch These 4 Girls Destroy The Female Stereotype Like The Monsters They Are,1
Watch These 4 Girls Destroy The Female Stereotype Like The Monsters They Are,0
I Think This Is What People Mean When They Call Our Teachers ‘Heroes’,1
I Think This Is What People Mean When They Call Our Teachers ‘Heroes’,0
"If You Can Manage To NOT Have To Live Through One Of These, You Are Lucky Indeed!",1
Oh My! The Horrors That We Face At Work Are Spoooooky!,0
See Why We Have An Absolutely Ridiculous Standard Of Beauty In Just 37 Seconds,1
See Why We Have An Absolutely Ridiculous Standard Of Beauty In Just 37 Seconds,0
How To Tell If Your Halloween Costume Is A Crime Against Humanity For The Reals,1
How To Tell If Your Halloween Costume Is A Crime Against Humanity For The Reals,0
Didn’t Expect The Most Eloquent Dissection Of A Soldier’s Burden To Come From George Carlin,1
I Miss This Guy. Who Else Would Else Could Break Down Such A Big Problem So Eloquently?,0
Didn’t Expect The Most Eloquent Dissection Of A Soldier’s Burden To Come From George Carlin,1
Didn’t Expect The Most Eloquent Dissection Of A Soldier’s Burden To Come From George Carlin,0
Count Yourself Lucky Detroit.  This Dude Has Got Your Back.,1
Count Yourself Lucky Detroit.  This Dude Has Got Your Back.,0
When You See What This Restaurant Serves You Won't Need A Food Review To Go,1
What They Find In A Restaurant They Should Be Served At Home,0
5 Halloween Posters That Hit A Little Too Close To Home...,1
"If You Can Manage To NOT Have To Live Through One Of These, You Are Lucky Indeed!",0
"The Difference Between Men And Women, According To The World’s Biggest Search Engine",1
"The Difference Between Men And Women, According To The World’s Biggest Search Engine",0
"When One Hour Of Work Can't Afford To Buy The Sandwich You Just Made, There Is Something Wrong Here",1
"When One Hour Of Work Can't Afford To Buy The Sandwich You Just Made, There Is Something Wrong Here",0
"A Dad Used To Say That Word. Until He Met His Son. 
",1
"A Dad Used To Say That Word. Until He Had A Son With Down’s Syndrome. 
",0
Know A White Person Planning On Dressing Up Like A Black Person This Year?,1
Is The Last Item On Your Halloween List Black Face Paint?,0
How To Tell If Your Halloween Costume Is A Crime Against Common Sense And Decency For The Reals,1
How To Tell If Your Halloween Costume Is A Crime Against Common Sense And Decency. For The Reals.,0
The 6-Letter Insult Certain Parents Stop Using Immediately,1
A Powerful Spoken Word Performance About One Word You Should Never Speak,0
He's Speaking. She's Playing. And I'm Just Over Here Trying To Pick My Jaw Up Off The Floor.,1
"If You Watch This 6 Minute Video, I Guarantee Your Day Will Shine A Little Brighter ",0
I Haven’t Seen Education Trashed This Badly Since The Taliban Was Running Things,1
Why Thousands Of Motivated Kids Had To Cut Class To Defend Their Education,0
A Celebrity Translates The One Question Reporters Won't Stop Asking Her. She's Right — They're Rude.,1
She’s Got A Best-Selling Novel And Her Own TV Show. So Why Can’t She Escape This Insulting Question?,0
Ever Look At The Sexy Costumes Women Wear And Think They Don't Go Far Enough?,1
Are You All Ready For The Sexiest Halloween We've Ever Had?,0
Ever Look At The Sexy Costumes Women Wear And Think They Don't Go Far Enough?,1
Ever Look At The Sexy Costumes Women Wear And Think They Don't Go Far Enough?,0
"70 Years Ago, She Dreamt Of Freedom. 30 Years Ago, They Threw Her In Jail. She's Still Fighting.",1
An Egyptian Octogenarian On Why There Is Hope For Her Revolution,0
Have You Ever Looked At The Sexy Costumes Women Wear And Think They Don't Go Far Enough?,1
Have You Ever Looked At The Sexy Costumes Women Wear And Think They Don't Go Far Enough?,0
A Group Of Women Had Something Taken From Them By A Company. Now They're Fighting Back.,1
I Didn't Realize It Was Asking To Much To Use Your Own Genetic Data To Survive Cancer,0
One Company Decided Not To Share What It Took From Breast Cancer Patients,1
One Company Decided Not To Share What It Took From Breast Cancer Patients,0
The Food Stamp Scandals That Nobody Is Talking About On Either Side,1
The Food Stamp Scandals That Nobody Is Talking About On Either Side,0
Why The War On Women May Never End,1
Why The War On Women May Never End,0
"The Difference Between Men And Women, According To The World’s Biggest Search Engine",1
"The Frustrating Between Men And Women, According To The World’s Biggest Search Engine",0
"If You Live In One Of These States, The Impact Of Washington's Shenanigans Is Huge",1
"That One Time When The Country Needed Jobs And Congress Was All, 'Let's Go The Other Way!'",0
"Ironically, The First Thing I Wanted To Do After These Comedians Made Fun Of Me Was To Tweet It",1
"Ironically, The First Thing I Wanted To Do After These Comedians Made Fun Of Me Was To Tweet It",0
"One Look At This Graphic And You Might Think Women Aren't Creative, Literate, Or Intelligent",1
"Ohaithere, Network Television. Nice Gig You've Got Going There. But We Need To Talk...",0
A Celebrity Translates The One Question Reporters Won't Stop Asking Her. She's Right — They're Rude.,1
A Celebrity Translates The One Question Reporters Won't Stop Asking Her. She's Right — They're Rude.,0
"The Upsetting Difference Between Men And Women, According To The World’s Biggest Search Engine",1
"The Upsetting Difference Between Men And Women, According To The World’s Biggest Search Engine",0
I Couldn't Be More Impressed By A Group Of Students Cutting Class,1
"Oh, The Irony Of A Group Of Students Cutting Class To Save Their School",0
The Top 4 Arguments For And Against Raising The Minimum Wage,1
"The Top 4 Arguments For And Against Raising The Minimum Wage, By Robert Reich",0
"A Company Decided To Keep What It Took From Cancer Patients, And They're Going To Get Away With It",1
"A Company Decided To Keep What It Took From Cancer Patients, And They're Going To Get Away With It",0
A Catalog That Believes Reality Can Sell Clothes Better Than Photoshop,1
A Catalog That Believes Reality Can Sell Clothes Better Than Photoshop,0
It Looks Like Something You Should Never See. Meet A Medical Advancement That Is Hard to Forget.,1
"Right Now, A Lot Of Lives Depend On These Lunch Boxes. What They Want To Do Next? Woah.",0
"What He Has To Say About Detroit, Makes Me Want To Move There",1
What Makes A Businessman Stay In A City That Is Broke?,0
"A Woman Was Going To Jump Off A Bridge, Until A Passing Bus Driver Did Something Wonderfully Heroic ",1
What Would You Do If Someone Was About To Jump Off A Bridge? A Bus Driver Just Found Out,0
It Looks Like Something You Should Never See. Meet A Medical Advancement That Is Hard to Forget.,1
It Looks Like Something You Should Never See. Meet A Medical Advancement That Is Hard to Forget.,0
It Looks Like Something You Should Never See. Meet A Medical Advancement That Is Hard to Forget.,1
It Looks Like Something You Should Never See. Meet A Medical Advancement That Is Hard to Forget.,0
"A Bus Driver Just Saw A Terrible Situation On His Route, And Hit The Breaks To Save A Woman's Life",1
"A Bus Driver Just Saw A Terrible Situation On His Route, And Hit The Breaks To Save A Woman's Life",0
"You've Commiserated With Her, Judged Her Hair, And Questioned Her. Now Get To Know Her. ",1
"You've Commiserated With Her, Judged Her Hair, And Questioned Her. Now Get To Know Her. ",0
What Some Kids Do Because They're Hungry. I Have No Words,1
Some Muppets Live In Trash Cans. Some Are Addicted To Cookies. And Some Have Real Problems.,0
"One Look At This Graphic And You Might Think Women Aren't Creative, Literate, Or Intelligent",1
"One Look At This Graphic And You Might Think Women Aren't Creative, Literate, Or Intelligent",0
What Some Kids Do Because They're Hungry. I Have No Words,1
What Some Kids Do Because They're Hungry. I Have No Words,0
A Song About Not Letting Women Drive Cars Just Became A Hit Single,1
A Song About Not Letting Women Drive Cars Just Became A Hit Single,0
Here Are The Top 4 Arguments For And Against Raising The Minimum Wage,1
What Are The Top 4 Arguments For And Against Raising The Minimum Wage?,0
Every Time I Hear This Guy Talk It's Like A Love Letter To A City,1
Every Time I Hear This Guy Talk It's Like A Love Letter To A City,0
Something Truly Messed Up Just Happened In Congress And You Totally Haven't Heard A Word About It,1
A Bi-Partisan Congress Just Made It Easier For Banks To Bi-Partisanly Rob Us All,0
This Is Why You Are Probably Broke And Stuff,1
This Is Why You Are Probably Broke And Stuff,0
What You Never Thought You'd Hear On Sesame Street,1
She's Not A Cookie-Addict. She Doesn't Live In A Trash Can. But Kami Has Bill Clinton's Attention.,0
Every Time I Hear This Guy Talk It's Like A Love Letter To A City,1
Every Time I Hear This Guy Talk It's Like A Love Letter To A City,0
This Is Why You Are Maybe Broke And Stuff,1
This Is Why You Are Probably Broke And Stuff,0
Something Truly Messed Up Just Happened In Congress And You Probably Haven't Heard A Word About It,1
Something Truly Messed Up Just Happened In Congress And You Probably Know Nothing About It,0
The 6-Letter Insult Certain Parents Stop Using Immediately,1
Sometimes It Takes A Child To Stop You From Using One Particular 6-Letter Word,0
I Thought We Lived In A Country That Put Kids And Families First?,1
Families Like These Are Getting Tired Of Being Kicked Around,0
"The 6-Letter Insult Certain Parents Stop Using Immediately 
",1
The 6-Letter Insult Certain Parents Stop Using Immediately,0
The 6-Letter Insult Certain Parents Stop Using Immediately,1
The 6-Letter Insult Certain Parents Stop Using Immediately,0
We Use It Everyday ... Even Though It's Just As Dangerous As Cigarettes,1
It's A Shame We Are So Dependent On Such An Unhealthy Jerk-Wad,0
No Mother Should EVER Have To Make Such A Powerful Speech About Her Son,1
Why A Law That Enables Self-Defense Is One Of The Most Dangerous Of Our Time,0
"After Tragedy Hits, This Guy Wants To Do The Last Thing I'd Expect",1
How A Surfer Kept His Love For The Ocean Alive Even After Hurricane Sandy Destroyed His Home,0
No Mother Should EVER Have To Make Such A Powerful Speech About Her Son,1
No Mother Should EVER Have To Make Such A Powerful Speech About Her Son,0
"After Tragedy Hits, He Wants To Do The Last Thing I'd Expect",1
An Ironworker In Breezy Point Wants To Do Exactly The Last Thing I’d Expect After Hurricane Sandy,0
"After Tragedy Hits, He Wants To Do The Last Thing You'd Expect",1
"After Tragedy Hits, He Wants To Do The Last Thing I'd Expect",0
Watch Kerry Washington Play Every Black Woman Alive Right Now On SNL,1
"Oprah, Michelle Obama And Beyonce And No One On SNL To Play Them",0
Watch Kerry Washington Play Every Black Woman Alive Right Now On SNL,1
Watch Kerry Washington Play Every Black Woman Alive Right Now On SNL,0
Watch A Teenager Bring His Class To Tears ... Just By Saying A Few Words.,1
Watch A Teenager Bring His Class To Tears ... Just By Saying A Few Words.,0
Something Truly Screwed Up Just Happened In Congress And You Probably Haven't Heard A Word About It,1
A Bipartisan Congress Just Voted To Let Banks Ruin Us And You Probably Haven't Heard A Word About It,0
Watch An Entire Team of Teenaged Football Players Do Something Very Unexpected,1
Watch An Entire Team of Teenaged Football Players Do Something Very Unexpected,0
"​She's A Photographer Who Captures Humanity — Yet So Many Only View Her Work In One Way
",1
"Hear One Woman Explain What It Means To Be Labeled A ""Black Photographer""",0
"How The War On Drugs Stacks Up Against Countries That Treat Drugs Like Sane, Rational Humans",1
America Goes Toe To Toe With Countries Without A 'War On Drugs.' The Result Isn't Encouraging.,0
​She's A Photographer Who Captures Humanity — Yet So Many Only View Her Work In Only One Way,1
​She's A Photographer Who Captures Humanity — Yet So Many Only View Her Work In Only One Way,0
"Something Very Insane Just Happened In Congress, And You Probably Haven't Heard A Word About It",1
"Something Way Insane Just Happened In Congress, And You Probably Haven't Heard A Word About It",0
"Something Really Insane Just Happened In Congress, And You Probably Haven't Heard A Word About It",1
"Something Really Insane Just Happened In Congress, And You Probably Haven't Heard A Word About It",0
"If One Of These People Were My Mother Or Father, I'd Have To Lock Myself Up",1
"If One Of These People Were My Mother Or Father, I'd Have To Lock Myself Up",0
The Photos A Husband Took Of His Wife That Capture Love And Loss Beautifully,1
The Photos A Husband Took Of His Wife That Capture Love And Loss Beautifully,0
"Watch What This 10-Year-Old Means To A 1,000 Pedophiles",1
The Most Terrifying Thing In Your Child's Bedroom Isn't The Hamper,0
"What's In A Name? According To This Guy, An Entire Lifetime Of Harsh Truth.",1
To Those Who Think Muslim American Is A Paradox,0
"Watch What This 10-Year-Old Means To A 1,000 Pedophiles",1
"Watch What This 10-Year-Old Means To A 1,000 Pedophiles",0
A Husband Took These Photos Of His Wife And Captured Love And Loss Beautifully,1
A Husband Took These Photos Of His Wife And Captured Love And Loss Beautifully,0
"Growing Up, He Was Told That Folks Making His Clothes Were 'Being Taken Care Of.' He Had No Idea.",1
We Have Incredible Power Because Of Where We Live. Maybe We Could Actually Use It To Fix Things?,0
A Group Of First-Time Filmmakers Just Created Something Incredible,1
"If Washington Is Bought, Who Sold It? ",0
"Growing Up, He Was Told That Folks Making His Clothes Were 'Being Taken Care Of.' He Had No Idea.",1
"Growing Up, He Was Told That Folks Making His Clothes Were 'Being Taken Care Of.' He Had No Idea.",0
We Use 4 Of These A Day And They're Kind Of The Worst,1
See How We Use 4 Of These A Day And Why They're Kind Of The Worst,0
I Couldn't Be More Impressed By A Group Of Students Cutting Class,1
I Couldn't Be More Impressed By A Group Of Students Cutting Class,0
"Growing Up, He Was Told That Folks Making His Clothes Were 'Being Taken Care Of.' He Had No Idea.",1
"Growing Up, He Was Told That Folks Making His Clothes Were 'Being Taken Care Of.' He Had No Idea.",0
"A Comedian Explains Why Photos Of Topless Girls Next To The News Isn't Right
",1
"If You Think This Is A Ban On Topless Girls, Have You Heard Of The Internet?",0
Parents Are Supposed To Protect Their Kids. What These Parents Did Is Unspeakable.,1
Would You Believe Me If I Told You About A Tradition Where Parents Sell Their Kids Into Slavery?,0
"This Rap Song Is About Girls And Money, But Not In The Way You Think",1
"This Awesome Song Is About Ladies And Money, But Not In The Way You Think",0
"This Rap Song Is About Girls And Money, But Not In That Way",1
"This Rap Song Is About Girls And Money, But Not In That Way",0
Moms And Dads Are Supposed To Protect Their Kids. What These Parents Did Is Unspeakable.,1
This Matters Because No Parent Should Ever Sell Their Kids For Sex,0
A Man's Words Challenge What Everyone Should Consider Normal These Days,1
A Man's Words Challenge What Everyone Should Consider Normal These Days,0
Moms And Dads Are Supposed To Protect Their Kids. What These Parents Did Is Unspeakable.,1
Moms And Dads Are Supposed To Protect Their Kids. What These Parents Did Is Unspeakable.,0
A Scarily Accurate Parody That Shows The Reality Of Fake Companies Created To Hide Corrupt Profits,1
"Traffickers, War Lords, And Arms Dealers Pleased To Finally Get The Support They Need",0
Moms And Dads Are Supposed To Protect Their Kids. What These Parents Did Is Unspeakable.,1
Moms And Dads Are Supposed To Protect Their Kids. What These Parents Did Is Unspeakable.,0
All It Takes Is 30 Seconds For This 6-Year-Old To Go From Adorable Child To Psychopathic Hit Man,1
Watch An Adorable And Precocious 6-Year-Old Threaten A Tattle-Tale At Her Tea Party,0
This Video Goes From Ordinary To Breathlessly Disturbing At 30 Seconds,1
This Video Goes From Ordinary To Breathlessly Disturbing At 30 Seconds,0
All It Takes Is 30 Seconds For This 6-Year-Old To Go From Adorable Child To Psychopathic Hit Man,1
All It Takes Is 30 Seconds For This 6-Year-Old To Go From Adorable Child To Killy McKilliston,0
All It Takes Is 30 Seconds For This 6-Year-Old To Go From Adorable Child To Psychopathic Hit Man,1
All It Takes Is 30 Seconds For This 6-Year-Old To Go From Adorable Child To Psychopathic Hit Man,0
This Video Goes From Ordinary To Breathlessly Disturbing At 30 Seconds,1
This Video Goes From Ordinary To Breathlessly Disturbing At 30 Seconds,0
This Video Goes From Ordinary To Breathlessly Disturbing At 30 Seconds,1
This Video Goes From Ordinary To Disturbing At 30 Seconds,0
"Hate To Break It To You, But There’s No 'Type Of Woman' Who Gets One Of These",1
"Hate To Break It To You, But There’s No 'Type Of Woman' Who Gets One Of These",0
Surprise! Here's Another Way That Millionaires Get To Screw Us All.,1
"When You Hear Trash Talk About Fixing Something That's Not Broken, It's Time To Pay Attention",0
"If We Paid These Women What They're Worth, There'd Be A Lot Of Dudes Crying About Pay Inequality",1
A Fairer Reality Would Pay If You Were In The Family Way,0
A Rap Song About Girls And Money That Your Daughter Should See,1
A Rap Song About Girls And Money That Your Kids Should See,0
A Scarily Accurate Parody That Shows The Reality Of Fake Companies Created To Hide Corrupt Profits,1
"Do You Want To Deal Guns, Drugs Or Women, AND Save Your Money? Look No Further!",0
Why The 'War On Drugs' Looks Even Stupider When You See What Other Countries Do,1
How Our 'War On Drugs' Compares To Countries That Treat Drugs With Compassion,0
What Should Have Been A Beautiful Kiss On A Skating Rink Has Never Been More Chilling,1
What Should Have Been A Beautiful Kiss On A Skating Rink Has Never Been More Chilling,0
"I'm Freaked Out By Fellow Travelers With Germs, But I Had No Idea There's Something Even Worse.",1
Why Airports With No Paid Sick Leave For Staff Are Endangering Us All,0
Two Sentences Repeated Over And Over Get Funnier Every Single Time,1
Two Sentences Repeated Over And Over Get Funnier Every Single Time,0
A 5-Year-Old Girl Asked A Lesbian If She Was A Dude. She Responded The Awesomest Way Possible.,1
Coming Out Of The Closet Is Hard. Even For Straight People.,0
"What Would Happen If We Paid Moms $113,000 Dollars A Year?",1
Allowance Would Certainly Get More Lucrative,0
A 4-Year-Old Girl Asked A Lesbian If She Was A Dude. She Responded The Awesomest Way Possible.,1
A 4-Year-Old Girl Asked A Lesbian If She Was A Dude. She Responded The Awesomest Way Possible.,0
"If You Take Any Of This Advice, You’ll Probably Feel More Grateful And Less Gross On Thanksgiving",1
"This Thanksgiving, Celebrate The Harvest, Not Some Imperialistic Men In Funny Hats",0
How The Grinch Is About To Steal From Millions This Holiday,1
"Rudolph, With Your Nose So Bright, Won't You Help Grinches In Congress See What's About To Happen?",0
The One Where An Old White Couple Tries To Rap And Actually Pulls It Off,1
These Old White Folks Are Rapping So You Don't Have To Live With Them. You're Welcome.,0
"I'm Freaked Out By Fellow Travelers With Germs, But I Had No Idea There's Something Even Worse.",1
"I'm Freaked Out By Fellow Travelers With Germs, But I Had No Idea There's Something Even Worse.",0
"If You Take Any Of This Advice, You’ll Probably Feel More Grateful And Less Gross On Thanksgiving",1
"If You Take Any Of This Advice, You’ll Probably Feel More Grateful And Less Gross On Thanksgiving",0
A Room Full Of Feminists Just Applauded A Guy Who Dissed Feminists. Wait For It….,1
This Jerk Just Said Taliban Is Better Than Feminist. I’m The Jerk Who’s Agreeing With Him. (Whaaa??),0
"Next Time You Check The Tags On A New Shirt, You May Also Want To Check For This",1
"Next Time You Check The Tags On A New Shirt, You May Also Want To Check For This ",0
They’ll Let Lesbians Do It. Straight Guys Even. But THESE People? Not A Chance.,1
The Government Agency That Would Rather Let You Die Than To Treat All People Equally,0
What He Has To Say About Your Favorite Products And Brands Should Do More Than Worry You,1
"Your Phone Isn't Innocent. Neither Are Chocolates, Diamonds, Or Cottons. Not Even Blood-Thinners.",0
"Next Time You Check The Tags On A New Shirt, You May Also Want To Check For This ",1
"Next Time You Check The Tags On A New Shirt, You May Also Want To Check For This",0
"She Died Two Weeks After Giving This Interview, But Not Before Calling Out Some Serious BS",1
In 45 Seconds A Little Girl Is Going To Floor You. Then She'll Make You Care A Lot More About Cancer,0
What He Has To Say About Your Favorite Products And Brands Should Do More Than Worry You,1
What He Has To Say About Your Favorite Products And Brands Should Do More Than Worry You,0
"How Precious Is Your Spit To You? Because To Him, It's Potentially Life-Saving.",1
"How Precious Is Your Spit To You? Because To Him, It's Potentially Life-Saving.",0
The Miracle Of Life Has Become A Curse For These Women. Is It Time To Draw The Line?,1
"What Rights Issue Does Texas, North Dakota, El Salvador And The Philippines Have In Common?",0
They’ll Let Lesbians Do It. Straight Guys Even. But THESE People? Not A Chance.,1
They’ll Let Lesbians Do It. Straight Guys Even. But THESE People? Not A Chance.,0
"This Veteran Stunned The Crowd, Then Brought Them To Their Feet When He Spoke The Truth",1
"This Veteran Spoke The Truth And Totally Stunned The Crowd, Then Brought Them To Their Feet",0
"Some Say She's Too Fat To Model. She Gives Such A Perfect Response That Even Ellen Applauses
",1
"​If You Think She's Too Fat To Model, Hear Her Tell Ellen Her Refreshing Response To People Like You",0
They Ask This Homeless Veteran To Look In The Mirror. Who Stares Back Is Unrecognizable.,1
They Show This Down-On-His-Luck Veteran What Who He Is On The Inside,0
"Some Say She's ""Too Fat"" To Model. She Gives Such A Perfect Response That Even Ellen Applauses",1
"Some Say She's ""Too Fat"" To Model. She Gives Such A Perfect Response That Even Ellen Applauses",0
"Some Say This Model Is ""Fat"". She Gives Such A Perfect Response That Even Ellen Applauses.",1
"Some Say This Model Is ""Fat"". She Gives Such A Perfect Response That Even Ellen Applauses.",0
The Subliminal Message In So Many Animated Kids’ Movies And Shows Isn’t About Violence,1
"SAD FACT: For Every 1 Female Cartoon Character, There Are 3 Male Cartoon Characters",0
"Some Say This Model Is ""Fat"". She Gives Such A Perfect Response That Even Ellen Applauses.",1
This Model Is Fat? Hear Her Perfect Refreshing To That. (It's So Perfect That Even Ellen Applauses),0
This Incredible Timelapse Shows Us How Dignity And Respect Can Change A Man,1
This Incredible Timelapse Shows Us How Dignity And Respect Can Change A Man,0
The Most Hilarious Parody Video I've Seen Yet: What Does The Farmer Say?,1
"Forget What The Fox Says, These Farmers Are Actually Using Real Words Like 'Work' And 'Corn'",0
What He Has To Say About Your Favorite Products And Brands Should Do More Than Worry You,1
What He Has To Say About Your Favorite Products And Brands Should Do More Than Worry You,0
The One Where An Old White Couple Tries To Rap And Actually Pulls It Off,1
The One Where An Old White Couple Tries To Rap And Actually Pulls It Off,0
A Room Full Of Feminists Just Applauded A Guy Who Attacked Feminists. Wait For It…,1
Did A Room Full Of Feminists Just Applaud For A Guy Who Dissed Feminists? Wait For It…,0
"Ever Hear About The Lady Who Spilled Coffee On Herself At McDonald's, Then Sued For Millions?",1
"Ever Hear About The Lady Who Spilled Coffee On Herself At McDonald's, Then Sued For Millions?",0
"Next Time You Check The Tags On A New Shirt, You May Also Want To Check For This",1
"Next Time You Check The Tags On A New Shirt, You May Also Want To Check For This",0
"I Never Thought I'd Want To High Five A Teacher For Yelling At A Student, But I Was Wrong",1
"I Never Thought I'd Want To High Five A Teacher For Yelling At A Student, But I Was Wrong",0
The Subliminal Message In So Many Animated Kids’ Movies And Shows Isn’t About Violence,1
The Subliminal Message In So Many Animated Kids’ Movies And Shows Isn’t About Violence,0
Why These Women Give Up Their Children Is Heartbreaking. But Who Breaks Their Hearts Is Wonderful.,1
Why These Women Give Up Their Children Is Heartbreaking. But Who Breaks Their Hearts Is Wonderful.,0
Sometimes All It Takes Is A Few Well-Endowed Mannequins To Expose The Truth,1
Why Busty Mannequins May Soon Have More Real Parts Than Actual Women,0
Has It Really Come To This? Tell Me It Hasn't Come To This. Please.,1
Has It Really Come To This? Tell Me It Hasn't Come To This. Please.,0
"This Is Not A Joke. You May Laugh, But You Shouldn’t. It’s Quite Horrifying. ",1
"Here Ya Go, Gals. Congrats, You're Free!",0
We Use It Everyday ... Even Though It's Just As About Dangerous As Cigarettes,1
We Use It Everyday ... Even Though It's Just About As Dangerous As Cigarettes,0
They Asked Him His One Wish To Change The World. He Showed Them His Art.,1
Can Graffiti Make The World A Better Place?,0
Meet One Of The Men Responsible For These Giant Breasts. You're Not Going To Like Him.,1
Meet One Of The Men Responsible For These Giant Breasts. You're Not Going To Like Him.,0
"A 74% Is A Sad Percent For A University To Have, Especially When It Comes To Men Like Him",1
The Number He Is Holding Up Is Not The Kind Of Score A Top University Should Be Getting,0
They Asked Him His One Wish To Change The World. He Showed Them His Art.,1
They Asked Him His One Wish To Change The World. He Showed Them His Art.,0
They Asked Him His One Wish To Change The World. He Showed Them His Art.,1
They Asked A Graffiti Artist For His One Wish To Change The World. He Showed Them His Answer.,0
"Within 6 Seconds You Won’t Like Him. By The Time He Laughs, You’ll Despise Him. ",1
"Within 6 Seconds You Won’t Like Him. By The Time He Laughs, You’ll Despise Him. ",0
They Asked Him His One Wish To Change The World. He Showed Them His Art.,1
They Asked Him His One Wish To Change The World. He Showed Them His Art.,0
What Happened To An America Where We Give A Damn About Our Fellow Americans?,1
"Congress Is About To Go Home For The Holidays, While These People May Not HAVE A Home...",0
What Happened To An America Where We Give A Damn About Our Fellow Americans?,1
What Happened To An America Where We Give A Damn About Our Fellow Americans?,0
What Happened To This Being a Place Where We Gave A Damn About Our Fellow Americans?,1
What Happened To An America Where We Cared About Our Fellow Americans?,0
2 Monkeys Were Paid Unequally; See What Happens Next,1
2 Monkeys Were Paid Unequally; See What Happens Next,0
She Knocked On His Door To Ask For Help — He Shot Her Dead.,1
She Knocked On His Door to Ask For Help — He Shot Her Dead. Why Isn't Justice Being Served?,0
"Their School Has More Trophies Than It Does Incoming Black Male Freshman, So A Freshman Responded",1
"Their School Has More Trophies Than It Does Incoming Black Male Freshman, So A Freshman Responded",0
Who'd Have Thought A Man Talking About His Arm Would Be So Interesting?,1
A Man Somehow Gives A Poetic Look At Our Existence With His Arm,0
How Did A Conservative Texan Win In A Black District? He Convinced Them He Was Black.,1
Conservative Texas Republican Wins Election By Implying He’s Black,0
"Black Politician Wins Election In Texas. Problem Is, He’s Not Actually Black. 
",1
Conservative Texas Republican Wins Election By Implying He’s Black,0
The One Where An Older White Couple Tries To Rap And Actually Pulls It Off,1
"The One Where An Old White Couple Tries To Rap, And Actually Pulls It Off",0
Why These Women Give Up Their Children Is Heartbreaking. But Who Breaks Their Hearts Is Wonderful.,1
Children Are Forced To Live In Prisons For No Good Reason.  Meet The Woman Trying To Change That.,0
The Most Hilarious Parody Video I've Seen Yet: What Does The Farmer Say?,1
The Hilarious Parody Video That You've Gotta See: What Does The Farmer Say?,0
"How Many Countries Are There? Simple Question, Ridiculously Complicated Answer.",1
"How Many Countries Are There? Simple Question, Ridiculously Complicated Answer.",0
"Hey, Remember That Time Alcohol Prohibition Worked Really Well?",1
A Calm And Rational Explanation Of Why Prohibition Sucks The Hardest Of All American Policies,0
The Dalai Lama Uses Farting To Describe Humanity's Interconnection,1
The Dalai Lama's Inner Peace Is Connected To Farting. That Is A Sentence I Never Thought I'd Write.,0
A Visualization Of World War II Like You've Never Seen Before,1
A Hypnotizing Way To Visualize The Panic And Scale Of War,0
An Off-Duty Cop Gets Thrown Up Against A Wall And Frisked,1
"When Off-Duty Cops Are Getting Thrown Against Walls And Frisked, It's Time To Reexamine That Policy",0
"If You're Living In A Developed Country, But You're Not Happy, What Are You Doing Wrong?",1
"If A Government Can't Be Responsible For Your Happiness, Why Have A Government At All?",0
This Man On The Verge Of Breaking Down Says More In 3 Minutes Than Most Say In A Lifetime,1
This Man Lives Right In The Path Of Typhoon Haiyan And Was Pleading For Help A Year Before It Hit,0
We Have Solutions For These Women. They're Just Covered In Massive Amounts Of Red Tape.,1
We Have Solutions For These Women. They're Just Covered In Massive Amounts Of Red Tape.,0
"You Can't Be All Bossy To People.' Hear That, Homophobes? ",1
"You Can't Be All Bossy To People.' Hear That, Homophobes? ",0
"Finally, Something To Share With Everyone On Facebook Who Is Wildly Posting New Baby Photos ",1
On The Baby Train? Do This Before They're Born And They'll Lead Happier Lives.,0
The Miracle Of Life Has Become A Curse For These Women. Is It Time To Draw The Line?,1
How The Miracle Of Life Has Become A Curse For Women All Over The World,0
"Why Does Europe Always Do Things Better? Washing Machines, Public Transport And Now… Economies? ",1
"Why Does Europe Always Do Things Better? Washing Machines, Public Transport And Now… Economies? ",0
"You Can't Be All Bossy To People.' Hear That, Homophobes? ",1
"You Can't Be All Bossy To People.' Hear That, Homophobes? ",0
"I Wish I Was More Surprised At What A Student Came Out And Exposed About His School, But I'm Not",1
Just Heard A Ridiculously Unacceptable Fact About A Major College That I Fear Rings True Everywhere,0
Some Call It The Miracle Of Life. They Call It An Inescapable Curse.,1
"When The Miracle Of Life Becomes An Inescapable Curse, Is It Time To Draw The Line? ",0
"Finally, Something To Share With Everyone On Facebook Who Is Wildly Posting New Baby Photos ",1
"Finally, Something To Share With Everyone On Facebook Who Is Wildly Posting New Baby Photos ",0
Fast Food Usually Grosses Me Out. But This Video Changed That For 2 Minutes And 10 Seconds.,1
Fast Food Usually Grosses Me Out. But This Stuff Just Makes Me Happy.,0
"This ""Super-Sized"" Random Act Of Kindness Is Sure To Brighten Your Day",1
Fast Food Usually Grosses Me Out. But This Stuff Just Makes Me Happy For 2 Minutes And 10 Seconds.,0
"What One Thing Has Every Woman Of A Certain Age Done, According To Meryl Streep?",1
"What One Thing Has Every Woman Of A Certain Age Done, According To Meryl Streep? ",0
"Yeah, But She Didn't Think She'd End Up In Prison Either. ",1
"Yeah, But She Didn't Think She'd End Up In Prison Either. ",0
"I Wish I Was More Surprised At What A Student Came Out And Exposed About His School, But I'm Not",1
"I Wish I Was More Surprised At What A Student Came Out And Exposed About His School, But I'm Not",0
5 Maps That’ll Give You The Basics On One Of The World’s Longest Running Conflicts,1
5 Maps That’ll Give You The Basics On One Of The World’s Longest Running Conflicts,0
What Has Kept The World's Oldest Holocaust Survivor Thriving All These Years? THIS.,1
This Woman Played 100 Concerts From Memory While In A Concentration Camp. She's Still Doing It.,0
A Marine Was Sexually Assaulted. Her Commander Said She Deserved It For Wearing Running Shorts!?,1
This Marine Doesn't See Herself As A Victim. She Sees Herself As A Catalyst For Change.,0
I'm Not Saying That Obamacare Is Sexy. It's Not. But This Is. And You Should Have Insurance For It.,1
Why Obamacare Is Kind Of Sexy When You Think About It In A Certain Weird Way (Work With Me Here),0
A Marine Was Assaulted. Her Commander Said She Deserved It For Wearing Running Shorts.,1
A Marine Was Assaulted. Her Commander Said She Deserved It For Wearing Running Shorts.,0
"Kids To People Who Are Afraid Of Gays: 'If I'd Have Gotten A Bunch Of Microscopes, Would I Be Gay?' ",1
Kids To People Who Are Afraid Of Gays: 'You Can't Be All Bossy To People.',0
"It’s The Most Important Thing In The World To A Lot Of Us, But We Might Be Defining It All Wrong",1
How The World Could Be More Loving If We Used The Word ‘Family’ In A Less Traditional Sense,0
"She Was Stuck Paralyzed From The Neck Down, Until She Saw A Youtube Video That Changed Her Life",1
"She Was Stuck Paralyzed From The Neck Down, Until She Saw A Youtube Video That Changed Her Life",0
A Quick Guide To Identifying Someone's Sexual Orientation By Appearance Alone,1
I'm Gay. I Also Like Spinach. You Shouldn't Assume Either Without Talking To Me First.,0
This Kid Is Going To Die From An Awful Disease. But That Won’t Stop Him From Laughing. A Lot.,1
"How Do You React When Your Disease Wants To Kill You? Laugh In Its Face, Of Course.",0
See A TV Host’s Perfect Message To A Young Girl Whose School Called Her ‘Unacceptable’,1
See A TV Host’s Inspiring Response To A Girl Sent Home From School For Having Dreadlocks,0
They're College Grads. They're Doing Real Work. Yet They Can't Even Make Minimum Wage.,1
They're College Grads. They're Doing Real Work. Yet They Can't Even Make Minimum Wage.,0
Everything You Wanted To Know About The Way Orthodox Jews Look But Were Afraid To Ask,1
How Orthodox Jews’ Eye-Catching Fashions Reflect Their Beliefs And Values,0
Doctors Take A Long Shot And Inject Modified HIV Into Dying Girl. The Reason Why Will Amaze You.,1
Doctors Take A Long Shot And Inject Modified HIV Into Dying Girl. The Reason Why Will Amaze You.,0
"Know Anyone Who Thinks Racial Profiling Is Exaggerated? Watch This, And Tell Me When Your Jaw Drops.",1
"Know Anyone Who Thinks Racial Profiling Is Exaggerated? Watch This, And Tell Me When Your Jaw Drops.",0
​500 Kids Were Taken Out Of School The Day This 8 Year Old Girl Entered,1
​Incredible Footage Of A Little Black Girl Desegregating A School In The South,0
Carl Sagan Tries To Explain Evolution To An Argumentative Guy,1
Carl Sagan Tries To Explain Evolution To An Argumentative Guy,0
They Said Women Are 'Disrespecting Themselves' For Trying To Access This Info. These Women Disagree.,1
I Used To Have Pity For Myself. I'm A Woman In Native America.' Key Phrase Here: 'Used To.',0
This Kid Is Going To Die From An Awful Disease. But That Won’t Stop Him From Laughing. A Lot.,1
This 21 Year-Old Proves That Happiness Is At Least As Much About Attitude As It Is Circumstance,0
Everything You Wanted To Know About The Way Orthodox Jews Look But Were Afraid To Ask,1
Everything You Wanted To Know About The Way Orthodox Jews Look But Were Afraid To Ask,0
"Screw You, Sexist Music Industry — Here Is Janelle Monae Giving You Real Talk",1
"Screw You, Sexist Music Industry — Here Is Janelle Monae Giving You Real Talk",0
Noticed A Lot Of Mustaches Around You Recently? Meet The Reason Why.,1
Why The Cure To One Type Of Cancer Might Be Right Under Your Nose,0
"These Alarming Facts Essentially Say: Women, You're Collateral Damage",1
"These Alarming Facts Essentially Say: Women, You're Collateral Damage",0
"She Was Stuck Paralyzed From The Neck Down, Until She Saw A Youtube Video That Changed Her Life",1
"Why You Should Dedicate A Few Minutes A Day To Bettering Yourself, By A Paralyzed Woman",0
Dear Sexist Music Industry — Here Is Janelle Monae Giving You Some Real Talk,1
Dear Sexist Music Industry — Here Is Janelle Monae Giving You Some Real Talk,0
This Guy Is Living With A Nightmare Of A Disease... And Laughing About It?,1
This Guy Is Living With A Nightmare Of A Disease... And Laughing About It?,0
Nothing Ever Changes When People Refuse To Work Together & Then Throw Up Their Hands In Frustration,1
Why Do People Work Together To Change Things?,0
A Guy Dresses Up As Captain America and New Yorkers Can’t Even Handle It,1
A Guy Dresses Up As Captain America and New Yorkers Can’t Even Handle It,0
The Same Question Is Asked To Parents And Then Their Kids. The Difference Is Kinda Revolutionary.,1
The Same Question Is Asked To Parents And Then Their Kids. The Difference Is Kinda Revolutionary.,0
Why You Shouldn't Blame Parents When Their Kids Eat Fast Food,1
Why You Shouldn't Blame Parents When Their Kids Eat Fast Food,0
The Same Question Is Asked To Parents And Then Their Kids. The Difference Is Kinda Revolutionary.,1
The Same Question Is Asked To Parents And Then Their Kids. The Difference Is Kinda Revolutionary.,0
Everything You Wanted To Know About The Way Orthodox Jews Look But Were Afraid To Ask,1
Everything You Wanted To Know About The Way This Guy Looks But Were Afraid To Ask,0
​500 Kids Were Taken Out Of School The Day This 8 Year Old Girl Entered,1
​500 Kids Were Taken Out Of School The Day This 8 Year Old Girl Entered,0
"If You See A Burglary In Progress, You're Probably Going To Report It...Right?",1
What Happens When Our Communities Suffer Because People Are Afraid To Report Crimes?,0
Noticed A Rise In Mustaches Around You Recently? Meet The Reason Why.,1
"Noticed A Lot Of Beautiful, Beautiful Mustaches Around You Recently? Meet The Reason Why.",0
The Same Question Is Asked To Parents And Then Their Kids. The Difference Is Kinda Stunning.,1
A Simple Question Is Asked To Parents And Then Their Kids. The Difference Is Kinda Revolutionary.,0
How Many Nukes Have Been Dropped On America? Nope. Guess Again.,1
How Many Nukes Have Been Dropped On America? Nope. Guess Again.,0
A Quick Guide To Identifying Someone's Sexual Orientation By Appearance Alone,1
A Quick Guide To Identifying Someone's Sexual Orientation By Appearance Alone,0
Why You Shouldn't Blame Parents When Their Kids Eat Fast Food,1
Why You Shouldn't Blame Parents When Their Kids Eat Fast Food,0
A Jon Stewart Panel On Racism. Brought To You By All That Is Good And Holy.,1
A Jon Stewart Panel On Racism. Brought To You By All That Is Good And Holy.,0
A Famous Columnist Writes An Epically Bad Column. Stephen Colbert Gets America To Point And Laugh.,1
A Famous Columnist Writes An Epically Bad Column. Stephen Colbert Gets America To Point And Laugh.,0
Famous Columnist Has Trouble Defining Racism. Colbert Eats Him For Dinner.,1
A Famous Columnist Writes An Epically Bad Column. Stephen Colbert Gets America To Point And Laugh.,0
"A 6 Year Old Girl Walked Into A School — And 500 Kids Were Removed Because Of It
",1
​500 Kids Were Taken Out Of School The Day A 6 Year Old Girl Bravely Entered,0
A Singing Toilet Will Forever Raise Your Standards For What It Means To Be A Potty Mouth,1
A Singing Toilet Will Forever Raise Your Standards For What It Means To Be A Potty Mouth,0
Think Your Scars Are Ugly? This Artist Thinks You're A Walking Work Of Art.,1
How One Artist Is Telling The Story Of People's Lives Through Their Scars,0
"Most 21 Year-Olds Have A Messed Up Sense Of Humor. Well, This Guy Has A Pretty Good Reason For It.",1
This Kid Was Born With A Nightmare Of A Disease... But Has An Incredible Dream He Wants To Share,0
"Most 21 Year-Olds Have A Messed Up Sense Of Humor. Well, This Guy Has A Pretty Good Reason For It.",1
"Most 21 Year-Olds Have A Messed Up Sense Of Humor. Well, This Guy Has A Pretty Good Reason For It.",0
What Has Kept The World's Oldest Holocaust Survivor Thriving All These Years? THIS.,1
The Lady In Apartment 6 Believes She's The Luckiest Woman Alive. But Why?,0
It's Hard To Speak About These Things In Public. So He Drew This Instead.,1
Victims Of Sexual Abuse Don’t Become Monsters. Some Become Badass Artists Who Fight Them.,0
" Hitler Couldn't Kill Her. Here's Why Nothing Else Could, Either. ",1
How Tough Is She? Let's Put It This Way: Hitler Couldn't Kill Her.,0
"This Kid Just Called His Mom An Angel. After Watching What She's Done All Day, I Totally Agree. ",1
When Is A 2-Year-Old Driving A Trike Through Your House The Mellowest Part Of Your Day?,0
It's Hard To Speak About These Things In Public. So He Drew This Instead.,1
Take One Glance At This Powerful Drawing. It’s What Bravery Looks Like.,0
Don't Blame Parents When Their Kids Eat Fast Food,1
Don't Blame Parents When Their Kids Eat Fast Food,0
"When 1/3 Of This Population Is Afraid To Leave The House, You Know There Is A Problem",1
"If You See A Burglary In Progress, You're Probably Going To Report It...Right?",0
"If You Can Watch This Movie Trailer And Not Get Excited About The Movie Itself, You're Made Of Stone",1
Coming Soon: The Powerful Story Of How Farm Workers Kicked Some Tail,0
A Crooning Toilet Is Going To Raise Your Standards For What It Means To Be A Potty Mouth,1
A Crooning Toilet Is Going To Raise Your Standards For What It Means To Be A Potty Mouth,0
"If You See A Burglary In Progress, You're Probably Going To Report It...Right?",1
"If You See A Burglary In Progress, You're Probably Going To Report It...Right?",0
"Most 21 Year-Olds Have A Messed Up Sense Of Humor. Well, This Guy Has An Awesome Reason For It. ",1
This Kid Was Born With A Nightmare Of A Disease... But Has An Incredible Dream He Wants To Share,0
"When Folks See A Crime In Progress, Most Will Report It...Not These People. Here's Why.",1
"If You See A Crime In Progress, You're Probably Going To Report It...Right?",0
"It's Hard To Speak About These Things In Public. So He Drew This Instead. 
",1
"It's Hard To Speak About These Things In Public. So He Drew This Instead. 
",0
A Crooning Toilet Is Going To Raise Your Standards For What It Means To Be A Potty Mouth,1
A Crooning Toilet Is Going To Raise Your Standards For What It Means To Be A Potty Mouth,0
Think Your Scars Are Ugly? This Artist Thinks You're A Walking Work Of Art.,1
Think Your Scars Are Ugly? This Artist Thinks You're A Walking Work Of Art.,0
"When You Go Out To Eat, Tipping Is Not Optional. Yes, I Said It.",1
What Living On Tips Is Really Like,0
"When You Go Out To Eat, Tipping Is Not Optional. Yes, I Said It.",1
What Living On Tips Means To Millions Of Americans,0
Why Would 10 Million People Want To Live Inside A Lemonade Stand? Because It's Genius.,1
"San Franciscans Are Out To Prove They Don't Need Lemons From You Or From Anybody Else
",0
A Teenager Articulates How Policies Should Be Created Better Than Most Adults Probably Could,1
A Child Explains Who Should Speak To Children's Rights And Makes Total Sense. Next Up: Presidency.,0
A Teenager Articulates How Policies Should Be Created Better Than Most Adults Probably Could,1
A Teenager Articulates How Policies Should Be Created Better Than Most Adults Probably Could,0
How Many Nukes Have Been Dropped On America? Nope. Guess Again.,1
"But If You Watch From The End To The Beginning, It's Quite A Happy Tale",0
A Few Things You Want To Know About Being Transgender But Were Afraid To Ask,1
A Few Things You Want To Know About Being Transgender But Were Afraid To Ask,0
What Do You Get When You Add Diabetes To A Kids' Toy? Genius.,1
What Do You Get When You Add Diabetes To A Kids' Toy? Genius.,0
Yet Another Reason To Question The Thing We Spend 3 Billion Hours A Week Doing,1
Yet Another Reason To Question The Thing We Spend 3 Billion Hours A Week Doing,0
"Before You Say Corporations Don't Do Anything Good, Check Out Who Got These Dogs A Home",1
"Before You Say Corporations Don't Do Anything Good, Check Out Who Got These Dogs A Home",0
Your 4 Minute Reminder To Give A Fuck,1
"If You’re Feeling Hopeless About Climate Change, I Think This Video’ll Help",0
One Map Where You Definitely Don't Want To See Your House. But You Probably Will.,1
How Many Nukes Have Gone Off Next To Your House? Guess Again.,0
Why Certain Ideas Really Do Need To Go Viral,1
"And When It Comes Down To It, Coffee Really is One Of The Biggest Keys To Happiness",0
A Typhoon Has Just Hit His Country — Hear His Powerful Plea To The World,1
"His Country Is In Turmoil — Hopefully His Tearful Plea Will Wake Up The World
",0
"When You Go Out To Eat, Tipping Is Not Optional. Yes, I Said It.",1
"Odds Are, You Have Friends Or Family Who Depend On These Dollars To Live",0
"Hear A Singer's Catchy, Soulful Tune Against This Major Human Rights Violation",1
"Hear Singer Esperanza Spalding's Song About The Closure Of The Illegal Detention Camp, Guantanamo",0
Hear A Singer's Soulful Tune Against A Major Human Rights Violation,1
Hear A Singer's Soulful Tune Against A Major Human Rights Violation,0
"When You Go Out To Eat, Tipping Is Not Optional. You Read That Right.",1
"When You Go Out To Eat, Tipping Is Not Optional. You Read That Right.",0
"If 3 Little Girls Did This To My House, I'd Do Everything I Could To Get Them Full Rides To College",1
"If 3 Little Girls Did This To My House, I'd Do Everything I Could To Get Them Full Rides To College",0
Most Americans Are 5 Generations Removed From Something That Used To Be All Around Us,1
Most Americans Are 5 Generations Removed From Something That Used To Be All Around Us,0
"If 3 Little Girls Did This To My House, I'd Do Everything I Could To Get Them Full Rides To Harvard",1
"If 3 Little Girls Did This To My House, I'd Do Everything I Could To Get Them Full Rides To Yale",0
I Respect These Female Heroes So Much More With Tiny Waists And Sparkly Dresses! LOL J/K.,1
I Respect These Female Heroes So Much More With Tiny Waists And Sparkly Dresses! LOL J/K.,0
"This Kid Just Called His Mom An Angel. After Watching What She's Done All Day, I Totally Agree. ",1
"This Kid Just Called His Mom An Angel. After Watching What She's Done All Day, I Totally Agree. ",0
"This Kid Just Called His Mom An Angel. After Watching What She's Done All Day, I Totally Agree. ",1
"This Kid Just Called His Mom An Angel. After Watching What She's Done All Day, I Totally Agree. ",0
You'd Be A Feminist Too If You Experienced What She Did,1
"Hear Her Out, You Might Be A Feminist Too",0
Some States Have Decided That People Living On The Edge Might Not Be Such A Great Idea,1
Is Your State More Likely To Give A Darn About People Who Work For A Living?,0
"She Thought She Would 'Blend' After She Transitioned, So She Decided Somethng When It Didn't Happen",1
Orange Is The New Black' And This Actress Is The Start Of A New Wave,0
"He's The Only One In His School. Instead Of Feeling Special, He Gets Bullied Everywhere. ",1
How Do Bathrooms Become Battlegrounds For These Teens?,0
"He's The Only One In His School. Instead Of Feeling Special, He Gets Bullied Everywhere. ",1
"He's The Only One In His School. Instead Of Feeling Special, He Gets Bullied Everywhere. ",0
"It’s The Most Important Thing In The World To A Lot Of Us, But We Might Be Defining It All Wrong",1
"It’s The Most Important Thing In The World To A Lot Of Us, But We Might Be Defining It All Wrong",0
We Don’t Hear Enough From Native American Voices. Here’s An Inspiring Message From One.,1
"Despite A History Of Hardship, This Woman Kept The Smile On Her Face And A Belief In Peace",0
Why Would Millions Of People Want To Live In A Lemonade Stand? Because It's Genius.,1
Why Would Millions Of People Want To Live In A Lemonade Stand? Because It's Genius.,0
Walmart Went On The Record About What It Pays Its Workers. It Didn’t Count On Us Knowing Math.,1
"In School, Below 50% Is A Failing Grade. But Somebody's Giving Themselves A High Five.
",0
He Was Asked Why Whiteness Made Him So Uncomfortable. His Response Is Pretty Profound.,1
He Was Asked Why Whiteness Made Him So Uncomfortable. His Response Is Pretty Profound.,0
"Someone You Might Not Expect Makes A Speech You Won't Forget, And Will Be Glad You Heard",1
"The Vice President Shares Harrowing, Inspiring Advice On Facing Up To Hopelessness",0
Walmart Went On The Record About What It Pays Its Workers. It Didn’t Count On Us Knowing Math.,1
"Wow, So Walmart Is Super Proud Of Its Depressing Track Record On Paying People?",0
How Changing The Definition Of One Word Might Make TV Shows Worse But Real Life Better,1
How Changing The Definition Of One Word Might Make TV Shows Worse But Real Life Better,0
How Does It Feel To Be A Minority In A Minority In A Minority? Something Like This.,1
How Does It Feel To Be A Minority In A Minority In A Minority? Something Like This.,0
Some People Get Drum Sets To Play Music. This Person Got One For A Much More Beautiful Reason.,1
The Most Beautiful Reason I’ve Heard For Getting A Drum Set,0
Some People Get Drum Sets To Play Music. This Person Got One For A Much More Beautiful Reason.,1
Some People Get Drum Sets To Play Music. This Person Got One For A Much More Beautiful Reason.,0
"One Day After His Dad Dies, He Does This",1
Why You Might Want To Stop Whining About Your Family Over The Holidays,0
"If You Are Getting Bullied In School, Then You Better Watch This Awesome Nerd Stare At The Camera",1
Middle School Can Be Miserable. The Only Good Way Out Is Through. We Got Through. And So Will You.,0
"If You Told Her There'd Be A Famous Actress Like Her Ten Years Ago, She'd Have Laughed",1
A Rare Look Into The Past Of A Famous Transgender Actress,0
"If You Said Someone Like Her Would Be Famous 10 Years Ago, This Actress Might Have Laughed At You",1
"If I Could Show This Actress And Activist Her Future, I Bet What She'd See Would Be Magnificent",0
In 3 Minutes He Explains An Ignored Fact About Health Care. You'll Want To High-Five Your Screen.,1
Give Him 3 Minutes And He'll Explain What Everyone's Getting Wrong About People Losing Health Care,0
Some States Have Decided That People Living On The Edge Might Not Be Such A Great Idea,1
Some States Have Decided That People Living On The Edge Might Not Be Such A Great Idea,0
"In 3 Minutes, He Nails What No One Wants To Hear About Those Cancelled Health Plans",1
In 3 Minutes He Explains An Ignored Fact About Health Care. You'll Want To High-Five Your Screen.,0
"The Reality Homeless Children Live —Told By Mark, 10 Years Old",1
"The Reality Homeless Children Live —Told By Mark, 10 Years Old",0
"In 3 Minutes, He Nails What No One Wants To Hear About Those Cancelled Health Plans",1
It Takes Less Than 3 Minutes To Explain What No One Wants To Hear About Those Cancelled Health Plans,0
"The Day After His Dad Dies, He Waits Until The End Of His Show To Tell Us About It. It's Pretty Great.",1
"One Day After His Dad Dies, He Decides To Share Something With Us",0
Stuff Like This Is Why Public Transportation Is Way More Entertaining Than Sitting Alone In Your Car,1
Stuff Like This Is Why Public Transportation Is Way More Entertaining Than Sitting Alone In Your Car,0
Watch 2 Dudes Bring A Trolley Full Of People To A Rousing Applause,1
Watch 2 Dudes Bring A Trolley Full Of People To A Rousing Applause,0
An Honest 5 Minutes About Our Future That Will Make You Wonder If We HAVE a Future,1
"There Used To Be An Agreement: You Work Your Life, We'll Take Care Of You. No More.",0
A Kid Says Something To A Teacher That No One Should Have To Experience,1
A Kid Says Something To A Teacher That No One Should Have To Experience,0
That One Time When A Company With A Gajillion Dollars Tried Collecting Food Donations For Its Staff,1
That One Time When A Company With A Gajillion Dollars Tried Collecting Food Donations For Its Staff,0
"You Know How You’re Supposed To Always Want To Be Younger? Well, Screw That.",1
"You Know How You’re Supposed To Always Want To Be Younger? Well, Screw That.",0
Here’s What You’re Not Seeing In All Those Commercials Where Blissed-Out Moms Enjoy A Yogurt,1
Think You Graduated From Eating Sugar To Eating Real Grownup Food? Guess Again.,0
"Why Would 826,000+ People Want To Live In A Lemonade Stand? Because It's Genius.",1
"Why Would 826,000 People Want To Live In A Lemonade Stand? Because It's Genius.",0
"Wow, Here's A Scarily Simple Way To Sabotage Your Life And Everyone's Around You ",1
"Wow, Here's A Scarily Simple Way To Sabotage Your Life And Everyone's Around You ",0
Hear How The Audience At The Boston Symphony Orchestra Found Out JFK Had Been Shot.,1
"50 Years Ago, JFK Was Assassinated. Want To Know What It Felt Like To Hear The News?",0
​Read The Witty Suggestion An Advice Columnist Gives To A Homophobic Parent,1
​Read The Witty Suggestion An Advice Columnist Gives To A Homophobic Parent,0
Congress Could Be In A Lot Of Trouble If Their Kids Ever See This Video,1
"Apparently, This Was Made For Congress. Which Explains Why A 5-Year-Old Could Understand It.",0
8-Year-Old Narrator Understands Congress Better Than Most Of Us,1
It’s Done In A Very Simple Way. Because That’s The Only Way Congress Will Understand It.,0
Hear How The Audience At The Boston Symphony Orchestra Found Out JFK Had Been Shot.,1
"50 Years Ago, JFK Was Assassinated. Hear How The Boston Symphony Orchestra Responded. ",0
Someone You Might Not Expect Makes A Speech You Will Not Forget,1
Someone You Might Not Expect Makes A Speech You Will Not Forget,0
A Student Explains What's Wrong With Our School System And Why We Mistrust Teachers. Nails It.,1
A Student Explains What's Wrong With Our School System And Why We Mistrust Teachers. Nails It.,0
"This Congressman Might Seem Like The Worst, But He’s Part Of A Much Bigger Problem",1
"People Who Say “Congress Is Bought” Are Being Much More Literal Than They Think
",0
"With Just A Few Animated Doodles, A Little Kid Puts Congress In Its Place. ",1
"They May Have Guns, But This Kid’s Got A Cartoon And Something To Say. They Should Listen. ",0
"An Ad For Alcohol Takes A Dark Twist. Well Played, Sweden.",1
"This Might Start Out Like An Alcohol Ad, But It Does Not End Like One",0
Listen To Neil deGrasse Tyson Give You 10 Reasons Why You Should Love Science,1
Listen To Neil deGrasse Tyson Give You 10 Reasons Why You Should Love Science,0
The Health Consequences Of Sitting All Day In One 3 Minute Clip,1
Do You Sit Most Of The Day? You Probably Shouldn't Do That.,0
"I Talk About Money In Politics For A Living, And This Still Blew Me Away",1
This Is Why I’ll Never Shut Up About Money In Politics,0
"A Lot Of People Find It Hard To Talk To Her. So, She Put Together 4 Easy Tips.",1
"A Lot Of People Find It Hard To Talk To Her. So, She Put Together 4 Easy Tips.",0
Hear The Moment This Audience In Boston Found Out JFK Had Been Shot.,1
50 Years Ago: Hear The Moment A Crowd Finds Out The President Has Been Assassinated,0
Someone You Might Not Expect Makes A Speech You Will Not Forget,1
Someone You Might Not Expect Makes A Speech You Will Not Forget,0
"If You Let Your Kid See This Video, You'll Totally Lose The Moral High Ground On Eating Right",1
"If Your Kids Find Out How Much Sugar Is In Your Food, They’re Gonna Want Their Lucky Charms Back",0
They Did It 86 Times To Every Other President Combined. 82 Times To Obama Alone.,1
Why Are The Democrats Finally Fighting Back? See For Yourself.,0
"A Lot Of People Find It Hard To Talk To Her. So, She Put Together 4 Easy Tips.",1
"A Lot Of People Find It Hard To Talk To Her. So, She Put Together 4 Easy Tips.",0
He Was Asked Why Whiteness Made Him So Uncomfortable. His Response Is Pretty Profound.,1
He Was Asked Why Whiteness Made Him So Uncomfortable. His Response Is Pretty Profound.,0
A Minister Decides To Defy His Own Church To Protect His Own Son. Righteousness Ensues.,1
A Minister Defies His Church And Officiate A Gay Marriage. He's Biased Though. He Loves His Son.,0
"If We Paid These Women What They're Worth, There'd Be A Lot Of Men Complaining About Unfair Pay",1
It Would Really Be Easier To Clean Spit-Up If You Got A Check Afterward,0
A Minister Stands Up To Some Bullies Picking On His Son. By Bullies I Mean His Entire Religion.,1
A Minister Stands Up To Some Bullies Picking On His Son. By Bullies I Mean His Entire Religion.,0
A Minister Stands Up To Some Bullies Picking On His Son. By Bullies I Mean His Entire Religion.,1
A Minister Tells A Church To Start Walking The Walk So They Tell Him To Walk Out The Door,0
"When I Figured Out What This Girl Is Doing, I Felt Sick Because That Will Never Happen To Me",1
"When I Figured Out What This Girl Is Doing, I Felt Sick Because That Will Never Happen To Me",0
No Big Deal. He's Just Trying To Educate The Whole World. For Free.,1
No Big Deal. He's Just Trying To Educate The Whole World. For Free.,0
Feeling Depressed? Hear Tim Minchin Remind You That Things May Not Be Too Bad,1
Tim Minchin's Little Reminder That Things For You Are Probably Quite Good,0
"If Your Work Or Home Life Involves Sitting, You Really Should Watch A 3-Minute Clip About...Well, Sitting!",1
"If Some Of Your Work Life Involves Sitting, You Really Should Watch A 3-Minute Clip About...Well, Sitting!",0
No Big Deal. He's Just Trying To Educate The Whole World. For Free.,1
Why Don't We Educate The Whole World? For Free? No Big Deal.,0
When Being The Biggest Employer With The Most People On Welfare Is Considered A Success Story,1
When Being The Biggest Employer With The Most People On Welfare Is Considered A Success Story,0
No Big Deal. He's Just Trying To Educate The Whole World. For Free.,1
No Big Deal. He's Just Trying To Educate The Whole World. For Free.,0
"A Lot Of People Find It Hard To Talk To Laura. So, She Put Together 4 Easy Tips.",1
"Her Friends Found It Hard To Talk To Her. So, She Put Together 4 Easy Tips We All Can Use.",0
A Church Told A Pastor That He Couldn't Preside Over His Son's Wedding. He Responded. Appropriately.,1
A Church Told A Pastor That He Couldn't Preside Over His Own Son's Wedding. He Disagreed.,0
They Did It 86 Times To Every Other President Combined. 82 Times To Obama Alone.,1
They Did It 86 Times To Every Other President Combined. 82 Times To Obama Alone.,0
A Neo-Nazi Walked Into A Jewish Man's Antique Store. Can You Guess What Happened Next?,1
A Neo-Nazi Walked Into A Jewish Man's Antique Store. Can You Guess What Happened Next?,0
The Video That Will Reveal To Your Children What A Marshmallow-Prejudiced Hypocrite You Are,1
The Video That Will Reveal Many 'Healthy Eaters' As Marshmallow-Prejudiced Hypocrites,0
It's Pretty Shocking How Much Money This Person Would Make If They Didn't Love Their Client So Much.,1
This Working Woman Gives What Her Job Needs. Chauffeur? Check. A Loan? Yes. Bath? Get In The Tub.,0
"When I Figured Out What This Girl Is Doing, I Felt Sick To My Stomach",1
"When I Figured Out What This Girl Is Doing, I Felt Sick Because That Will Never Happen To Me",0
"When They Image Clothes For Models, Here's What Actual Women Would Have To Look Like",1
The Heartbreaking Reality Behind Fashion Designers' Sketches Of Women,0
"Wow, Here's A Scarily Simple Way To Sabotage Your Life And Everyone's Around You",1
"Wow, Here's A Scarily Simple Way To Sabotage Your Life And Everyone's Around You",0
This Is Everything That's Wrong With Politics In One Very Expensive Nutshell,1
"The House Did Something Awful, And They're Getting Paid Handsomely For It",0
"When They Imagine Clothes For Models, Here's What Actual Women Would Have To Look Like",1
"When They Imagine Clothes For Models, Here's What Actual Women Would Have To Look Like",0
This Recent Bill Is Everything That's Wrong With Politics In One Very Expensive Nutshell,1
This Recent Bill Is Everything That's Wrong With Politics In One Very Expensive Nutshell,0
This Recent Bill Is Everything That's Wrong With Politics In One Very Expensive Nutshell,1
This Recent Bill Is Everything That's Wrong With Politics In One Very Expensive Nutshell,0
The Only Dog Video On The Internet That Will Make You Reflect On Your Life,1
Do You Know Someone With This Black Dog?,0
Here Are 10 Snazzy Sciencey Reasons Why You Should Love Science,1
Listen To Neil deGrasse Tyson Give You 10 Reasons Why You Should Love Science,0
"After 3 Years In Jail, This Innocent Teen Finally Gets To Say A Few Words",1
"After 3 Years In Jail, This Innocent Teen Finally Gets To Say A Few Words",0
It Starts With The Media Asking A Dumb Question And Ends With You Realizing You've Seen This Already,1
This Is The Sequel To The Hunger Games That You Already Paid For,0
Watch The Moment Angelina Jolie Stands Up For Women Worldwide To The UN,1
Listen To Angelina Jolie Urge The UN To End Rape In War Zones,0
What Warren Buffet And Bill Gates Think Is 'Very Unfair',1
That One Time When Some Really Wealthy Dudes Were Actually ASKING To Be Taxed More,0
Feeling Crappy? Hear This Little Song Remind You That Things May Not Be Too Bad,1
Feeling Crappy? Hear Tim Minchin Remind You That Things May Not Be Too Bad,0
Watch The Moment Angelina Jolie Stands Up For Women Worldwide To The UN,1
Watch The Moment Angelina Jolie Stands Up For Women Worldwide To The UN,0
The Side Effect Of Birth Control No One Ever Talks About,1
The Side Effect Of Birth Control No One Ever Talks About,0
Feeling Crappy? Hear This Little Song Remind You That Your Life Could Be Worse.,1
Please Stop Moaning That Your Life Sucks—Hear This Song Remind You It Could Be Worse,0
Watch The Moment Angelina Jolie Stands Up For Women Worldwide To The UN,1
Watch The Moment Angelina Jolie Stands Up For Women Worldwide To The UN,0
"After 3 Years In Jail, This Innocent Teen Finally Gets To Say A Few Words",1
"After Having 3 Years Of His Life Stolen From Him, It's His Turn To Fight Back.",0
The Side Effect Of Birth Control No One Ever Talks About,1
The Side Effect Of Birth Control No One Ever Talks About,0
The Side Effect Of Birth Control No One Ever Talks About,1
The Global Side Effect Of Birth Control No One Ever Talks About,0
The Side Effect Of Birth Control No One Ever Talks About,1
$$$$: The Side Effect Of Birth Control No One Ever Talks About,0
What Warren Buffet And Bill Gates Think Is 'Very Unfair',1
What Warren Buffet And Bill Gates Think Is 'Very Unfair',0
"He's The Only One In His School. Instead Of Feeling Special, He Gets Bullied Everywhere.",1
"He's The Only One In His School. Instead Of Feeling Special, He Gets Bullied Everywhere.",0
"If You Tell This Dude To Man Up, You Better Be Prepared To Learn About Your Poor Choice Of Words",1
"If You Tell This Dude To Man Up, You Better Be Prepared To Learn About Your Poor Choice Of Words",0
"If You Tell This 'Manly' Dude To Man Up, You Better Be Prepared To Learn Why What You Said Is Awful",1
"If You Tell This 'Manly' Dude To Man Up, You Might Be Part Of The Problem",0
Watch This Guy Play With Some Legos To Learn About The Future Of Our Planet,1
"The Best Way To Explain A Global Problem? With Legos, Of Course.",0
"If You Tell This 'Manly' Dude To Man Up, You Better Be Prepared To Learn Why What You Said Is Awful",1
"If You Tell This 'Manly' Dude To Man Up, You Better Be Prepared To Learn Why What You Said Is Awful",0
Watch This Guy Play With Some Legos To Learn About The Future Of Our Planet,1
Watch This Guy Play With Some Legos To Learn About The Future Of Our Planet,0
Watch This Guy Play With Some Legos To Learn About The Future Of Our Planet,1
Watch This Guy Play With Some Legos To Learn About The Future Of Our Planet,0
"The Problem Isn't Racial Profiling In Stores, It's Just That People Don't Know How To Shop!",1
Wondering What To Do This Black Friday? Here's Some Advice From A Fellow Shopper.,0
"I Am Livid That A Magazine Did This To Jennifer Lawrence And My Guess Is She Is, Too",1
"I Am Livid That A Magazine Did This To Jennifer Lawrence And My Guess Is She Is, Too",0
Let's Be Real: How Likely Are We To Get Accidentally Nuked By A Warhead?,1
Why You're More Likely To Be Accidentally Blown Up By A Nuclear Bomb Than To Die In A Plane Crash,0
Here's A Scarily Simple Way To Sabotage Your Life And Everyone's Around You,1
"Wow, Here's A Scarily Simple Way To Sabotage Your Life And Everyone's Around You",0
More Than 93 Percent Of Americans Totally Want It To Be Legalized. And It's Not Weed.),1
More Than 93 Percent Of Americans Totally Want It To Be Legalized. And It's Not Weed.),0
10 Reasons That Will Convince Anyone That Science Is Awesome,1
Listen To Neil DeGrasse Tyson Give You 10 Reasons Why You Should Love Science,0
More Than 93 Percent Of Americans Totally Want This To Be Legalized. And It's Not Weed.),1
More Than 93 Percent Of Americans Totally Want This To Be Legalized. And It's Not Weed.),0
"If You Tell This Dude To 'Man Up,' You Better Be Prepared To Learn Why What You Said Is Awful",1
"If You Tell This Dude To 'Man Up,' You Better Be Prepared To Learn Why What You Said Is Awful",0
It's Pretty Shocking How Much Money This Person Would Make If They Didn't Love Their Client So Much.,1
It's Pretty Shocking How Much Money This Person Would Make If They Didn't Love Their Client So Much.,0
A Massacre Of Innocent People Is Happening And The World Looks The Other Way,1
An Unbelievable Crisis Is Happening And The UN's Called For Urgent Action. Will The World Listen?,0
This Famous Actor's Disguise Isn't Foolin' Anyone But Why He Puts It On Is A Pure Delight,1
This Famous Actor's Disguise Isn't Foolin' Anyone But Why He Puts It On Is A Pure Delight,0
It's Pretty Shocking How Much Money This Person Would Make If They Didn't Love Their Client So Much.,1
It's Pretty Shocking How Much Money This Person Would Make If They Didn't Love Their Client So Much.,0
Sometimes The Cops Help You Find Your Stolen Car. Sometimes The Cops Are The Ones Who Stole It.,1
"How Cops Blackmail People Into Handing Over Jewelry, Cash, And Cars",0
"Wondering What Happens To Divorced, Dark-Skinned, Single Mothers In This Country?",1
"Every Marriage Isn't The Same, Especially For Women In This Country",0
Mustachioed Kevin Bacon Jumps In Front Of A Green Screen — And Into Our Hearts,1
Never Underestimate The Power Of Bacon,0
A Massacre Of Innocent People Is Happening And The World Looks The Other Way,1
The World Is Looking Away From A Devastating Massacre Of Innocent People Happening. Are You?,0
"It Doesn't Make Sense To Stop ""AIDS In Africa."" Yes, You Read That Correctly.",1
AIDS Is 25 And Like Most Twentysomethings It's Having A Hard Time Finding A Home.,0
WAIT! Listen To This Guy's Talk On Spending Money And Happiness Before Going Out Shopping On Friday,1
Plans To Snag Some Hot Deals On Friday? Here's A Thought On What To Do With The Money You Saved.,0
"It Doesn't Make Sense To Stop ""AIDS In Africa."" Yes, You Read That Correctly.",1
"The Reason You Shouldn't Say ""AIDS In Africa"" Is Pretty Inspiring",0
Mustachioed Kevin Bacon Jumps In Front Of A Green Screen — And Into Our Hearts,1
"Bacon, Bacon, Kevin Bacon, Bacon, Economic Growth, Bacon, Bacon, Bacon, Bacon",0
A Massacre Of Innocent People Is Happening. Will The World Look The Other Way?,1
A Massacre Of Innocent People Is Happening And The World Looks The Other Way,0
WAIT! Listen To This Guy's Talk On Spending Money And Happiness Before Going Out Shopping On Friday,1
Whoever Said 'Money Can't Buy Happiness' Just Wasn't Spending It Right,0
WAIT! Listen To This Guy's Talk On Spending Money And Happiness Before Going Out Shopping On Friday,1
WAIT! Listen To This Guy's Talk On Spending Money And Happiness Before Going Out Shopping On Friday,0
WAIT! Listen To This Guy's Talk On Spending Money And Happiness Before Going Out Shopping On Friday,1
WAIT! Listen To This Guy's Talk On Spending Money And Happiness Before Going Out Shopping On Friday,0
"Why We Shouldn't Stop ""AIDS In Africa."" Yes, You Read That Correctly.",1
"Why We Shouldn't Stop ""AIDS In Africa."" Yes, You Read That Correctly.",0
Someone You Might Not Expect Makes A Speech You Will Not Forget,1
"Political Parties And Politics Aside, This Is Just A Man Talking About His Family",0
Sometimes The Cops Help You Find Your Stolen Car. Sometimes The Cops Are The Ones Who Stole It.,1
Sometimes The Cops Help You Find Your Stolen Car. Sometimes The Cops Are The Ones Who Stole It.,0
Sometimes The Cops Help You Find Your Stolen Car. Sometimes The Cops Are The Ones Who Stole It.,1
The Freaky Law That Lets Police Behave Like Bullies Stealing Lunch Money,0
You'd Be A Feminist Too If You Experienced What She Did,1
A Tale Of Growth And Self Discovery. Spoiler Alert: It Ends With ... A Feminist!,0
"This Woman Was Born In 1903. She's Still Alive Today, And Has Something Incredible To Say.",1
"If This Woman Were Alive Today She'd Be 110. Actually, She Is, And Has Something Incredible To Say.",0
Build One Of These With Some Legos Before Time Runs Out Or It's Gonna Get Super Hot In Here,1
"Before It's Too Late, Break Out Everyone's Favorite Childhood Toy And Follow Along",0
"A Half Mile Away From The Beginning Of The Gay Rights Movement, A Few Folks Are Left Out In The Cold",1
"A Half Mile Away From The Beginning Of The Gay Rights Movement, A Few Folks Are Left Out In The Cold",0
Sometimes The Cops Help You Find Your Stolen Car. Sometimes The Cops Are The Ones Who Stole It.,1
Sometimes Cops Help You Find Your Stolen Car. Sometimes Cops Are The Ones Who Stole It.,0
"The Kind Of Prison You Really, Really, Really Don’t Want To Go To",1
"The Kind Of Prison You Really, Really, Really Don’t Want To Go To",0
"Hey There, Person Who Doesn't Think You're A Feminist. You Probably Actually Are.",1
Ten Dollars Says You're A Feminist (If You Say You're Not) And You Just Don't Know It Yet,0
I Can't Believe We Even Still Need To Talk About Something I Thought America Dealt With Years Ago,1
"A Reminder Of What America Should Really Mean, From What Of It's Greatest Young Voices",0
It's Pretty Shocking How Much Money This Person Would Make If They Didn't Love Their Client So Much,1
It's Amazing How Much Money This Lady Would Make If She Didn't Love Her Client As Much As She Does,0
They Asked If She Had Anything Else She Wanted To Say To The Audience. That's When She Took It Home,1
They Asked If She Had Anything Else She Wanted To Say To The Audience. That's When She Took It Home,0
"It's Not A Ghost Or An Alien. It's Real, And It's Way Scarier.",1
How Did A Boy Scout Turn His Neighborhood Radioactive With A Bunch Of Smoke Alarms?,0
"Food Stamps Are For Lazy Freeloaders! Well, Let's Look At The Facts.",1
"Ugh, Just Get A Job And Get Off Food Stamps! If Only It Were That Simple.",0
"Food Stamps Are For Lazy Freeloaders! Well, Let's Look At The Facts.",1
"Food Stamps Are For Lazy Freeloaders! Well, Let's Look At The Facts.",0
Here's A Simple Way To Sabotage Your Life And Everyone's Around You,1
Got An Anarchist Streak? Here's The Simplest Way To Subvert Authority.,0
"When You Think Of Little Afghan Girls, Do You Think 'Badass'? You Should.",1
Kneepads? Check. Helmet? Check. Girl Power? Triple Check.,0
"She's Not Sorry For What She Said. In Fact, She's Just Getting Angrier.",1
"No, She's Not Sorry. She's Mad As Hell.",0
They Weren’t Happy With What She Said. So She Said It Again.,1
They Weren’t Happy With What She Said. So She Said It Again.,0
"If You Pass One Of These People At The Airport This Season, Maybe Tell Them You Support Them?",1
"If You Pass One Of These People At The Airport This Season, Maybe Tell Them You Support Them?",0
They Weren’t Happy With What She Said. So She Said It Again.,1
They Were Furious She Said It. So She Said It Again.,0
Some Creepy Dudes Wrote Some Creepy Things To This Reporter. So She Is Calling Them Out. In Public.,1
SCIENCE FACT: Being A Woman On The Internets Is Way Harder Than Being A Dude On The Internets,0
"They Said She Was Paralyzed, And She Couldn't Afford Her Recovery. Then A Dancer Changed It All",1
Learning Something New Can Always Make Our Lives Better. She Learned To Walk ... For The Second Time,0
The Amazing Number Of People Who Touch Your Food Before It Hits The Table,1
The Amazing Number Of People Who Touch Your Food Before It Hits The Table,0
"I Have Never Heard Of This Fox News Host, But He Nailed This Closing Monologue Of His Show",1
Fox News Host Takes My Love For Questioning Everything And Points It At Our Two Party System,0
"The Next Time Someone Says 'There's More Fish In The Sea,' Tell Them Why They're Wrong",1
How World Governments Do No Better A Job Of Caring For Fish Than Children,0
And This is One Artists Response To A Huge Promise From Our Government Being Broken,1
"There Is A Place Where America Doesn't Follow Our Most Basic Values, And She Wants Justice",0
The Amazing Number Of People Who Touch Your Food Before It Hits The Table,1
The Amazing Number Of People Who Touch Your Food Before It Hits The Table,0
The Incredible Number Of People Who Touch Your Food Before It Hits The Table,1
The Amazing Number Of People Who Bring Your Food To The Table,0
An Auto Executive Talks Up Gas. The Guy Next To Him Who Builds Space Rockets Puts Him In His Place.,1
An Auto Executive Talks Up Gas. The Guy Next To Him Who Builds Space Rockets Puts Him In His Place.,0
Some Creepy Dudes Wrote Some Creepy Things To This Reporter. So She Is Calling Them Out. In Public.,1
Some Creepy Dudes Wrote Some Creepy Things To This Reporter. So She Is Calling Them Out. In Public.,0
"Watch These Little Girls In Afghanistan Shatter Stereotypes, One Skateboard Trick At A Time",1
"Watch These Little Girls In Afghanistan Shatter Stereotypes, One Skateboard Trick At A Time",0
"Finding Nemo' Isn't A Children's Movie, It's A Warning. This Animation Will Show You How.",1
"In 50 Years, You Won't Be Able To Say ""There Are Always More Fish In The Sea.""",0
Some Creepy Dudes Wrote Some Creepy Things To This Reporter. So She Is Calling Them Out. In Public.,1
Some Creepy Dudes Wrote Some Creepy Things To This Reporter. So She Is Calling Them Out. In Public.,0
Watch Little Girls In Afghanistan Be Better At Skateboarding Than You'll Ever Be,1
"These Afghan Girls Only Have Time For Courage, Skateboards, And Badassery. Not Your Stereotypes.",0
Some Creepy Dudes Wrote Some Creepy Things To This Reporter. So She Is Calling Them Out. In Public.,1
Some Creepy Dudes Wrote Some Creepy Things To This Reporter. So She Is Calling Them Out. In Public.,0
This Famous Actor's Disguise Isn't Foolin' Anyone But Why He Puts It On Is A Pure Delight,1
This Famous Actor's Disguise Isn't Foolin' Anyone But Why He Puts It On Is A Pure Delight,0
Watch Little Girls In Afghanistan Be Better At Skateboarding Than You'll Ever Be,1
Watch Little Girls In Afghanistan Be Better At Skateboarding Than You'll Ever Be,0
I Might Be Happy If I Heard About A Stampede Of People On This Day ... Four Days AFTER Black Friday.,1
"There's A New Holiday In Town, And It's Called Giving Tuesday",0
Watch Little Girls In Afghanistan Be Better At Skateboarding Than You'll Ever Be,1
Watch Little Girls In Afghanistan Be Better At Skateboarding Than You'll Ever Be,0
A Stampede Of People On Black Friday Is A Bad Thing. A Stampede On This New Holiday? So Very Good.,1
A Stampede Of People On Black Friday Is A Bad Thing. A Stampede On This New Holiday? So Very Good.,0
A Stampede Of People On Black Friday Is A Bad Thing. A Stampede On This New Holiday? So Very Good.,1
A Stampede Of People On Black Friday Is A Bad Thing. A Stampede On This New Holiday? So Very Good.,0
The Poster Is Mesmerizing. The Story It Tells Is Electrifying. Have You Seen it?,1
"They Knew It Would Be Impossible To Draw The Whole Story, But That Didn't Stop Them From Trying.",0
The Poster Is Mesmerizing. The Story It Tells Is Electrifying. Have You Seen it?,1
The Poster Is Mesmerizing. The Story It Tells Is Electrifying. Have You Seen it?,0
The Poster Is Mesmerizing. The Story It Tells Is Electrifying. Have You Seen it?,1
The Poster Is Mesmerizing. The Story It Tells Is Electrifying. Have You Seen it?,0
The Poster Is Mesmerizing. The Story It Tells Is Electrifying. Have You Seen it?,1
The Poster Is Mesmerizing. The Story It Tells Is Electrifying. Have You Seen it?,0
The Horrifying Epidemic Happening That Is Barely Being Talked About,1
The Horrifying Epidemic Happening That Is Barely Being Talked About,0
And This is One Singer's Response To A Huge Promise Being Broken That Was Made To Us All,1
"A Reminder Of What America Should Really Mean, From What Of It's Greatest Young Voices",0
This French Anti-Bullying Campaign Is Skipping The Kids And Going For The Parents,1
This French Anti-Bullying Campaign Is Skipping The Kids And Going For The Parents,0
One Amazing TEDx Talk + 8 Million Views = One Life Changing Moment,1
If You Shared This Video Then You Helped Save A Life,0
"At First I Didn't Get Why They Were Thanking Their Heroes, Then I Realized How Deep It Really Went",1
"The Totally Free, Live-Saving, Beautiful, Inspiring And Humane Gift You Could Give Someone Someday",0
And This is One Singer's Response To A Huge Promise Being Broken That Was Made To Us All,1
And This is One Singer's Response To A Huge Promise Being Broken That Was Made To Us All,0
Something We've Had Since Humans Have Been Around Might Be Lost On Your Grandchildren,1
"In The Future, Kids Will Learn About Fish The Way We Learned About Dinosaurs",0
"If A Man Asks What Women Have Been Asking For Centuries, Will Men Finally Listen?",1
"If A Man Asks What Women Have Been Asking For Centuries, Will Men Finally Listen?",0
Perhaps The Only Dog Video On The Internet That Will Make You Reflect On Your Life,1
Perhaps The Only Dog Video On The Internet That Will Make You Question Your Happiness,0
"Maybe If A Man Asks Questions Women Have Been Asking For Centuries, Other Men Will Finally Listen",1
"If A Man Asks What Women Have Been Asking For Centuries, Will Men Finally Listen?",0
Watch This 6-Year-Old Give You The Most Adorable Guilt Trip Ever,1
Watch This 6-Year-Old Give You The Most Adorable Guilt Trip Ever,0
"The Hilarious, Then Horrible Story Of One Man's Fight To Not Be Dead",1
"This Guy Is Allergic To Alcohol. Every Time He Drinks, He Breaks Out Into Handcuffs.",0
Let This 6-Year-Old Give You An Adorable Guilt Trip About Something You Do Every Day,1
Watch This 6-Year-Old Give You An Adorable Guilt Trip About Recycling,0
And This is One Singer's Response To A Huge Promise That Was Made To Us All Being Broken,1
And This is One Singer's Response To A Huge Promise Being Broken That Was Made To Us All,0
Watch This 6-Year-Old Give You An Adorable Guilt Trip About Your Next Trip To The Beach,1
Watch This 6-Year-Old Lay Down The Law About What You Should Do Next Time You Go To The Beach,0
These Little Girls Are Asking The Most Devastating Question I Can Imagine,1
These Little Girls Have Asked The Most Devastating Question I Can Imagine,0
"Mind: Blown. I Couldn't Have Guessed What A Dad Made For His Son, Who Was Born Without A Hand.",1
"DIY Limb Creation: What One Dad Did For His Son, Who Was Born Without A Hand, Is Incredible",0
A Poem For All The 'Boobs Guys' And 'Butt Guys' Out There,1
A Poem For All The 'Boobs Guys' And 'Butt Guys' Out There,0
"I Couldn't Have Guessed What A Dad Made For His Son, Who Was Born Without A Hand. Mind: Blown!",1
"I Never Could Have Guessed What A Dad Made For His Son, Who Was Born Without A Hand.",0
A Damning Example Of Anti-Science Politicking You Need To See Side-By-Side To Believe,1
You Shouldn't Be Allowed To Deny Climate Change Until You've Watched This,0
"What The Media Actually Does To Women, Summed Up In 5 Minutes",1
"What The Media Actually Does To Women, Summed Up In 5 Minutes",0
5 Minutes Of What The Media Actually Does To Women,1
5 Minutes Of What The Media Actually Does To Women,0
Watch This 6-Year-Old Give You The Most Adorable Guilt Trip Ever About Something We Use Everyday,1
Let This 6-Year-Old Give You The Most Adorable Guilt Trip Ever,0
5 Minutes Of What The Media Actually Does To Women,1
5 Minutes Of What The Media Actually Does To Women,0
Watch This 6-Year-Old Give You The Most Adorable Guilt Trip Ever,1
Watch This 6-Year-Old Give You The Most Adorable Guilt Trip Ever,0
"I Learned My 1,2,3 And My A+B=C. This, I Didn't Learn.",1
You Weren't Into Math In School? See It In A Totally Different Light,0
A Glimpse At How The Media Treated Women In 2013 Is A Look At Way Too Many Cringe-Worthy Moments,1
A Glimpse At How The Media Treated Women In 2013 Is A Look At Way Too Many Cringe-Worthy Moments,0
Watch This 6-Year-Old Give You The Most Adorable Guilt Trip Ever,1
Watch This 6-Year-Old Give You The Most Adorable Guilt Trip Ever,0
He Woke Up Naked In The Back Seat Of His Car. It Was Full Of Leaves. Apparently It Was A Sign.,1
He Woke Up Naked In The Back Seat Of His Car. It Was Full Of Leaves. Apparently It Was A Sign.,0
"What If We Could Know, Without Asking People Who Work There, If A Company Treats Workers Fairly?",1
"What If We Could Know, Without Asking People Who Work There, If A Company Treats Workers Fairly?",0
Now Here's A Great Idea: A Ratings System For How Companies Treat Employees.,1
"If There Was A Way To Know How Companies Treat Their Workers, Would You Want To Know Before You Buy?",0
These Fashion Models Are Gorgeous. And You Know What Went Nowhere Near Them? Photoshop.,1
A Fashion Magazine That Doesn't Cover The Women In It With Digital Lies,0
It's A Love Story Within A Middle Eastern Conflict Wrapped Up In A Poem. And It's Breathtaking.,1
It's A Love Story Within A Middle Eastern Conflict Wrapped Up In A Poem. And It's Breathtaking.,0
He Woke Up Naked In The Back Seat Of His Car. It Was Full Of Leaves. Apparently It Was A Sign.,1
"The Hilarious, Then Tragic, Then Touching Story Of One Man's Fight To Not Be Dead",0
"I’m Not Usually A Fan Of Teaching Women To Fake Things, But I’ll Make An Exception This Time",1
Finally! A Tutorial Video For Everyone Who Is Obsessed With Having The 'Perfect' Body! Er...,0
Think You Know What 'Fat' Means? You Should Listen To This Dude's Definition.,1
Hey! A Quick Primer To Think Rationally About A Third Of Americans You Don't Realize You're Judging.,0
"I’m Not Usually A Fan Of Teaching Women To Fake Things, But I’ll Make An Exception This Time",1
"I’m Not Usually A Fan Of Teaching Women To Fake Things, But I’ll Make An Exception This Time",0
"When People Start Feeling A Little Squirrelly, They'll Do Some Drastically Awesome Things",1
"When People Start Feeling A Little Squirrelly, They'll Do Some Drastically Awesome Things",0
2 Minutes: The Reasons Why These People Are Mad as Heck,1
Everything You Wanted To Know About Folks Walking Out Today But Were Afraid To Ask,0
"I Get Hate Mail About My Stance On The Minimum Wage. Oh Well, Haters Gonna Hate, Right?",1
Here's Another 5 Reasons Why Raising Minimum Wage Is Smart And Sensible,0
There's A Way To Know If The Company You're Dealing With Treats Its Staff Fairly,1
What If You Could Know That The Company You Are Dealing With Treats Its Staff Fairly?,0
They Felt A Little Trapped Here. They're Solution Was Unimaginably Amazing.,1
So You Start Out With A Bunch Of People Who Want To Do Something Incredible. And Then They Do.,0
Fast Food Workers Are Walking Out All Across The Country. Here's Why.,1
"If You See Folks Gathering Outside Your Local McDonald's Today, Give 'Em A Honk And A Thumbs Up, Eh?",0
Fast Food Workers Are Walking Out All Across The Country. Here's Why.,1
Fast Food Workers Are Walking Out All Across The Country. Here's Why.,0
A Public Service Announcement About Racism That Will Make You Smile,1
A Totally Non-Cringeworthy Public Service Announcement About Racism,0
My 'English Only!' Father-In-Law Is Going To Hate Me For Finding This One,1
My 'They Took Arrr Jaaabs!' Father-In-Law Is Going To Hate Me For Finding This One,0
One Amazing TEDx Talk + 8 Million Views = One Life Changing Moment,1
How One TEDx Talk And 8 Million People Saved A Kid’s Life,0
"I Learned My 1,2,3 And My A+B=C. This, I Didn't Learn.",1
"I Learned My 1,2,3 And My A+B=C. This, I Didn't Learn.",0
Think You Know What 'Fat' Means? You Should Listen To This Dude's Definition.,1
Think You Know What 'Fat' Means? You Should Listen To This Dude's Definition.,0
It's A Love Story In A War Zone Told With Some Bullet-Proof Words. And She Wanted Him To Share It.,1
It's A Love Story In A War Zone Wrapped Up In A Bullet-Proof Poem. And She Wanted Him To Share It.,0
"Parents Should Never Outlive Their Children, Can We All Agree On That, At Least?",1
"It's All Of Our Jobs To Make A Vow To Protect Each Other, So Let's Start With The Sandy Hook Promise",0
"I Bet These People Never Expected To Be Models, But The Results Are Pretty Beautiful",1
We’re All Different And Nobody’s Perfect. About Time Some Mannequins Reflected That.,0
"I Bet These People Never Expected To Be Models, But The Results Are Pretty Beautiful",1
"I Bet These People Never Expected To Be Models, But The Results Are Pretty Beautiful",0
The Horrifying Crisis That Is Barely Being Talked About,1
The Horrifying Civil War That Is Barely Being Talked About,0
"Did That Really Just Happen? Yep. This Guy Pulled Down His Pants, On Stage, During His TED Talk.",1
This Ingenious Business Model Centers On Sanitation Efforts And... Toilet Humor?,0
"I Bet These People Never Expected To Be Models, But The Results Are Pretty Beautiful",1
"I Bet These People Never Expected To Be Models, But The Results Are Pretty Beautiful",0
Think You Know What 'Fat' Means? You Should Listen To This Dude's Definition.,1
Think You Know What 'Fat' Means? You Should Listen To This Dude's Definition.,0
Ever Fall In Love With The Wrong Person? He Did And Has A Few Stunning Things To Say.,1
"Love Is A Lot Like War. For Him, More Literally So.",0
"On May 10th, 1994, Nelson Mandela Silenced The World With An Inspiring Speech",1
"On May 10th, 1994, Nelson Mandela Silenced The World With An Inspiring Speech",0
"On May 10th, 1994, Nelson Mandela Silenced The World With An Inspiring Speech",1
"You'll Wish You Were There Hearing Mandela Give This Powerful Speech On May 10th, 1994",0
How Old Are You' Is The Simplest Question Ever. So Why'd It Ruin An 11-Year-Old's Life?,1
How Old Are You' Is The Simplest Question Ever. So Why'd It Ruin An 11-Year-Old's Life?,0
"Did That Really Just Happen? Yep. This Guy Pulled Down His Pants, On Stage, During His TED Talk.",1
"Move Over, Charmin. Here's Some Toilet Paper That's Better For The World (And Has 1200% More Puns)",0
Nelson Mandela's Beautiful Advice On How To Live Our Lives Makes Me Want To Make Some Changes,1
Nelson Mandela's Poignant Advice On How To Live Is How I Choose To Remember Him Today,0
Nelson Mandela's Beautiful Advice On How To Live Our Lives Makes Me Want To Make Some Changes,1
Nelson Mandela's Beautiful Advice On How To Live Our Lives Makes Me Want To Make Some Changes,0
"On May 10th, 1994, Nelson Mandela Silenced The World With These Inspiring Words",1
"On May 10th, 1994, Nelson Mandela Silenced The World With An Inspiring Speech",0
He Saved 669 Kids Lives From Nazi Death Camps — And What The Audience Do At 0.50 Is Incredible,1
Watch The 'British Schindler' Get The Touching Surprise Of His Life On TV,0
"When I say It, It's OK, But When This Little Girl Says It, It Makes Me Really, Really Uncomfortable",1
I Got A Ridiculously Uneasy Chill Every Time A Kid In This Video Said Something I hear Every Day,0
"After Hearing Someone Shame Women Who Have Abortions, She Bravely Spoke Out About Her Own",1
"After Hearing Someone Shame Women Who Have Abortions, She Bravely Spoke Out About Her Own",0
Nelson Mandela's Beautiful Advice On How To Live Our Lives Makes Me Want To Make Some Changes,1
Nelson Mandela's Beautiful Advice On How To Live Our Lives Makes Me Want To Make Some Changes,0
Nelson Mandela's Beautiful Advice On How To Live Our Lives Makes Me Want To Make Some Changes,1
Nelson Mandela's Beautiful Advice On How To Live Our Lives Makes Me Want To Make Some Changes,0
Nelson Mandela's Awesome Advice On How To Live Our Lives Makes Me Want To Make Some Changes,1
Nelson Mandela's Insightful Guidance Makes Me Want To Make Some Changes About How I Live,0
A 15 Year Old Ad About Racism Is A Great Reminder Of The Power We All Have To Promote Justice,1
A 15 Year Old Ad About Racism Is A Great Reminder Of The Power We All Have To Promote Justice,0
"I've Just Read Nelson Mandela's Beautiful Advice On How To Live, And Now I Want To Make Some Changes",1
"I've Just Read Nelson Mandela's Beautiful Advice On How To Live, And Now I Want To Make Some Changes",0
"This Man Lost One Of The Most Important Parts of His Life. 25 Years Later, He Found It Online.",1
"This Man Lost One Of The Most Important Parts of His Life. 25 Years Later, He Found It Online.",0
Adorable! 20 Things We Should Say More Often.,1
I Never Realized Corn Dogs Can Play Such A Big Role In Making People Happy,0
"You Could Knit A Giant Sweater To Wrap Around Your Car, Or You Could Try These Tips",1
Is A Trunk Laden With Christmas Gifts Wrecking Your Miles-Per-Gallon? Here’s How To Even It Out.,0
How Some Of The Best Humans Aren't Even Qualified For The Nobel Prize,1
Science Has Changed A Lot Since 1901. Except For The Highest Award For Science. Which Is Nuts.,0
"A Male Feminist’s Take On Crying, Pornography, And Miley Cyrus",1
Why Manhood Needs To Be Redefined And How To Do It,0
So A Dirty Joke And A Muslim Feminist Walk Into A Bar ...,1
"Meet The Muslim Who's Fighting Sexism, One Dirty Joke At A Time",0
How Some Of The Best Humans Aren't Even Qualified For The Nobel Prize,1
We Should Probably Fix A Few Really Obvious Things That Are Wrong With The Nobel Prize,0
"Fill In The Blank: 'Nice Guys Finish ___.' Nope, Not After What You're About To See.",1
"Fill In The Blank: 'Nice Guys Finish ___.' Nope, Not After What You're About To See.",0
So A Dirty Joke And A Muslim Feminist Walk Into A Bar ...,1
So A Dirty Joke And A Muslim Feminist Walk Into A Bar ...,0
Watch A Congressman Freak Out When Told To Not Talk About The People Suffering In The Room,1
"America Has Been Getting Fed Up With Congress. Apparently, This Congressman Is Over Congress Too.",0
"Only 15 Out Of The 566 Nobel Prize Recipients Have Been Women, And Other Terrible Facts",1
"Do The Nobel Prizes Still Matter? Yes. Do They Need A Major Overhaul? For The Love Of Science, Yes!",0
WATCH: 5 Double Standards In Less Than 60 Seconds,1
This Ad Nails 5 Double Standards Women Face In The Workplace Every Day In Less Than 60 Seconds,0
"Did That Really Just Happen? Yep. This Guy Pulled Down His Pants, On Stage, During His TED Talk.",1
Did That Really Happen? Yep. This Guy Just Pulled Down His Pants During His TED Talk.,0
"These Humans Are Pretty Much The Best We've Got, But They Don't Qualify For These Friggin Awards?!",1
"Do These Awards Still Matter? Yes. Do They Need A Major Overhaul? For The Love Of Science, Yes!",0
This Ad Totally Nails 5 Double Standards Women Face In Less Than 60 Seconds,1
WATCH: 5 Legit Double Standards In Less Than 60 Seconds,0
"This Man Lost One Of The Most Important Parts of His Life. 25 Years Later, He Found It Online.",1
"This Man Lost One Of The Most Important Parts of His Life. 25 Years Later, He Found It Online.",0
The 20 Things We Should Say More Often. Simply Adorable.,1
Adorable! 20 Things We Should Say More Often.,0
Hilarious! 20 Things We Should Say More Often.,1
Delightful! 20 Things We Should Say More Often.,0
"This Man Lost One Of The Most Important Parts of His Life. 25 Years Later, He Found It Online.",1
"25 Years After This Man Lost One Of The Most Important Parts Of His Life, He Found It Online.",0
"They Had Me At ""Flying Rhinos""",1
How Do These Rhinos Escape Poachers? By Flying!,0
So A Dirty Joke And A Muslim Feminist Walk Into A Bar ...,1
So A Dirty Joke And A Muslim Feminist Walk Into A Bar ...,0
Are All The Double Standards For Women Making Your Head Spin? Here's A Comic For Ya.,1
It's Time We Embrace That Famous Song And Demand Some R-E-S-P-E-C-T,0
Are All The Double Standards For Women Making Your Head Spin? Here's A Comic For Ya.,1
Are All The Double Standards For Women Making Your Head Spin? Here's A Comic For Ya.,0
Are All The Double Standards For Women Making Your Head Spin? Here's A Comic For Ya.,1
Are All The Double Standards For Women Making Your Head Spin? Here's A Comic For Ya.,0
Sad Sea Lions Make Me Angry. Here's Why We Should All Be As Pissed Off As I Am.,1
Sad Sea Lions Make Me Angry. Here's Why We Should All Be As Pissed Off As I Am.,0
Say Hello To The Ingenious Invention That's Maybe Gonna Be Around Longer Than All Of Us,1
Say Hello To The Ingenious Invention That's Maybe Gonna Be Around Longer Than All Of Us,0
The Secret Weapon A Woman Created To Save Herself From The Brink Of Suicide,1
The Secret Weapon A Woman Created To Save Herself From The Brink Of Suicide,0
"They Had Me At ""Flying Rhinos""",1
"They Had Me At ""Flying Rhinos""",0
Watch A Congressman Freak Out When Told To Not Talk About The People Suffering In The Room,1
A Congressman Goes Off On Congress After Being Told To Not Talk About The People Congress Won't Help,0
5 Myths About Our Schools That Fall Apart When You Look Closer,1
How The U.S. School System Stacks Up Against Other Countries And Why It Matters,0
11 Rules For Dating A Black Woman. The Last One Is Definitely No Joke.,1
11 Rules For Dating A Black Woman. The Last One Is Definitely No Joke.,0
5 Myths About Our Schools That Fall Apart When You Look Closer,1
5 Myths About Our Schools That Fall Apart When You Look Closer,0
"A Gay Comedian Steps Into The Mind Of A Homophobic Dad. What He Finds Is A Sad, Sad Truth.",1
"A Gay Comedian Steps Into The Mind Of A Homophobic Dad. What He Finds Is A Sad, Sad Truth.",0
A Clip That Begs The Question: Can These Kids Truly Be 'Happy' Working 12 and 16 Hour Days?,1
Why Black Friday Means Nothing To Children Such As These,0
This Ad Totally Nails 5 Ridiculous Double Standards Women Face In Less Than 60 Seconds,1
This Ad Totally Nails 5 Ridiculous Double Standards Women Face... In Less Than 60 Seconds,0
"A Gay Comedian Steps Into The Mind Of A Homophobic Dad And Finds A Sad, Sad Truth",1
"A Gay Comedian Plays A Homophobic Dad And Reveals A Sad, Sad Truth",0
A Congressman Loses His Temper When Told To Not Talk About The People Suffering In The Room,1
A Congressman Loses His Temper When Told To Not Talk About The People Suffering In The Room,0
This Ad Totally Nails 5 Ridiculous Double Standards Women Face In 60 Seconds,1
This Ad Totally Nails 5 Double Standards Women Face In Less Than 60 Seconds,0
"A Gay Comedian Steps Into The Mind Of A Homophobic Dad And Finds A Sad, Sad Truth",1
"A Gay Comedian Steps Into The Mind Of A Homophobic Dad And Finds A Sad, Sad Truth",0
This Ad Totally Nails 5 Unfortunate Double Standards Women Face In Less Than 60 Seconds,1
This Ad Totally Nails 5 Ridiculous Double Standards Women Face In Less Than 60 Seconds,0
"They Had Me At ""Flying Rhinos""",1
See The The Extreme Lengths It Takes To Protect Black Rhinos From Endangerment,0
"A Gigantic Corporation Tried To Mess With One Young Farmer, But She's Not Havin' It",1
"A Gigantic Corporation Tried To Mess With One Young Farmer, But She's Not Havin' It",0
"When Congress Is Basically Taking Bribes From Corporations, There's Only 1 Thing To Do. PRANK THEM.",1
This Is Probably The Least Effective Way To Bribe Your Congressman,0
These Hilariously Witty Comebacks To Sexist Comments Are Perfect,1
These Hilariously Witty Comebacks To Sexist Comments Are Perfect,0
"A Frightening Bully Tried To Mess With One Young Farmer, But She's Not Havin' It",1
"A Humongous Bully Tried To Mess With One Young Farmer, But She's Not Havin' It",0
194 Reasons Why Your Argument Against Gun Control Is Flawed,1
What The Number 194 Has To Do With Your Apathy To Gun Control,0
194 Reasons Why Your Argument Against Gun Control Is Flawed,1
194 Reasons Why Arguments Against Gun Control Are Flawed,0
"A Frightening Bully Tried To Mess With One Young Farmer, But She's Not Havin' It",1
"A Frightening Bully Tried To Mess With One Young Farmer, But She's Not Havin' It",0
"Sometimes, Silence Is A Good Thing. Here, It's Most Definitely Not.",1
"Sometimes, Silence Is A Good Thing. Here, It's Most Definitely Not.",0
"For Many Divorced Women, Having To Deal With This Every Week Is Simply What Life Is",1
"For Many Divorced Women, Having To Deal With This Every Week Is Simply What Life Is",0
"That Burger Looks Innocent, But It’s Hiding More Secrets Than A Teenager’s Diary",1
"I’d Like 1 Cheeseburger, Pickles, Onions, But Hold The Pyrophosphate",0
Here’s How To Save On Gas Money. Whether You Spend It On Christmas Presents Or Beer Is Up To You.,1
I Hate Trying To Pump Gas With Mittens On. Save Yourself A Few Pit Stops With These Tips.,0
Welcome To That One Time When You’re Thrilled That Kids Look Up To A Gang,1
"Holy Cow, A Real-Life Lawn Mower Gang?  Color Me Inspired!",0
What Taking A Job As A Seasonal Worker Can Do For You,1
How Many Jobs Are Created During The Holiday Season?,0
It’s Crazy How Normal People Look Underneath All That Makeup They Use To Look Normal,1
One Woman Boldly Goes Where Few Women On Television Have Gone Before,0
"Wow, A Super Simple Set Of Steps To Stop Cyberbullying From Happening To Your Kid",1
"Wow, A Super Simple Set Of Steps To Stop Cyberbullying From Happening To Your Kid",0
What Do These Scary-Looking People Have To Do With Child Abuse? The Answer Is Pleasantly Surprising.,1
What Do These Scary-Looking People Have To Do With Child Abuse? The Answer Is Pleasantly Surprising.,0
"A Male Feminist’s Take On Crying, Pornography, And Miley Cyrus",1
One Man Wants To Be The Last Link In His Family’s Legacy Of Violence,0
"It's A Great Decision For Prejudice In India, And A Bad Day For Law And Love",1
"In A Country Where Same-Gender Sex Is Now A Crime, Hear What It's Like To Be Gay In India",0
"A Dude Got Tired Of A Congressman Taking Legal Bribes, So He Had No Choice. Time For A Prank.",1
"A Dude Got Tired Of A Congressman Taking Legal Bribes, So He Had No Choice. Time For A Prank.",0
"The Future Of The Earth’s Next 100 Years, Visualized",1
"The Future Of The Earth’s Next 100 Years, Visualized",0
"Wow, A Super Simple Set Of Steps To Stop Cyberbullying From Happening To Your Kid",1
"Wow, A Super Simple Set Of Steps To Stop Cyberbullying From Happening To Your Kid",0
"Just When You Think His Big Brother Is Going To Fight The Attacker, Something Beautiful Happens",1
You Think That Cute Little Boy Looks Surprised? You Should Have Seen My Face.,0
"Oh Big Box Store, Oh Big Box Store, How Lovely Are Your Children?",1
"Oh Big Box Store, Oh Big Box Store, How Hard Working Are Your Children?",0
"I Loved The Pretty Dots On This Map ... But Upon Further Inspection, I Felt Sick To My Stomach",1
"I Loved The Pretty Dots On This Map ... But Upon Further Inspection, I Felt Sick To My Stomach",0
A Kid Looked Death Right In The Eye And Sang This Song. 5000 People Picked Up Where He Left Off.,1
A Kid Looked Death Right In The Eye And Sang This Song. 5000 People Picked Up Where He Left Off.,0
It's Easy For These Celebrities To Go Home — Not So Easy For Who They're Talking About,1
"Syria's Children Have No Safe Home, And These Celebrities Want You To Open Your Eyes To It",0
A Girl Is Hit By A Car And Is Dying. The Response She's Met With Is A Shrug And 'Not My Problem.',1
A Dramatization That Depicts The Difficulty Many Face In Accessing Healthcare In Palestine,0
Santa's Elves Aren't The Only Ones Who Work Hard During The Holidays,1
How The Holidays Bring A Little Extra Work To Our Economy,0
"It's Dumbfounding That Drastic Action Hasn't Been Taken, Even When 194 Children Have Died",1
194 Children Have Died In One Year Due To Guns. So When Drastic Action Be Taken?,0
You Think His Big Brother Will Fight The Attacker. Then There's A Shockingly Beautiful Twist.,1
You Want His Big Brother To Fight The Attacker. He Doesn't. It's Beautiful.,0
India Criminalizes Homosexuality. So What's It Like To Be Gay In India?,1
What Is It Like To Be Gay In India?,0
Nice Shirt Ya Got There. Care To Find Out A Little About Who Made It?,1
"A Scooter For Jimmy, A Dolly For Sue. And For These Kids, Maybe School And Time To Play?",0
"Black Girls Code. Simple Name, Revolutionary Premise.",1
How One Org Is Teaching Young Girls To Be The Programmers Rather Than The Programmed,0
"In A Country Where Same-Gender Sex Is Now A Crime, Hear What It's Like To Be Gay In India",1
Gay Rights Are Being Trampled On In This Country — But Hear How They Plan To Take A Stand,0
Human Beings Enjoy Sex! But Some Are Being Banned From Having It In India.,1
"Top Tip: If You Want To Keep People In Your Country Happy, Don't Ban Some Of Them From Having Sex",0
"The Future Of The Earth’s Next 100 Years, Visualized",1
The Effect Of Climate Change Explained By Animated Time-Lapse,0
"He Thought His Parents Were Breaking Up, But He Was Beautifully Wrong",1
There Is A Reason He Will Always Remember One Car More Than Any Other,0
"When You Are Alone, Do You Feel Lonely?",1
"When You Are Alone, Do You Feel Lonely?",0
Nice Shirt Ya Got There. Care To Find Out A Little About Who Made It?,1
Pssst...Nice Shirt Ya Got There. Care To Find Out A Little About Who Made It?,0
The Colorful Poster That Should Hang In The Mind Of Every Girl Who's Felt Insignificant,1
The Must-See Power Declaration For Any Girl Who Has An Itch To Change The World,0
"He Thought His Parents Were Breaking Up, But He Was Beautifully Wrong",1
"He Thought His Parents Were Breaking Up, But He Was Beautifully Wrong",0
Why A Drug Arrest Is Not Like Other Arrests,1
Why A Drug Arrest Is Not Like Other Arrests,0
"That Burger Looks Innocent, But It’s Hiding More Secrets Than A Teenager’s Diary",1
"That Burger Looks Innocent, But It’s Hiding More Secrets Than A Teenager’s Diary",0
She Was Raised To Think Girls Are Worthless. You Should See What Changed Her Mind.,1
"Until The Age Of 47, She Wouldn't Have Been Able To Read This Headline. You Should See Her Now.",0
A Video On Why Condoms Aren't Perfect Will Make You Laugh More Than Worry You,1
How A Condom Can't Protect You From Lord Voldemort,0
Here’s How To Save On Gas Money. Whether You Spend It On Christmas Presents Or Beer Is Up To You.,1
Here’s How To Save On Gas Money. Whether You Spend It On Christmas Presents Or Beer Is Up To You.,0
Do You Know Where The Internet Lives In Your City? ,1
Do You Know Where The Internet Lives In Your City? ,0
"A Firefighter Went To Put Out A Fire, But He Had No Idea He Would Be A Hero Of A Different Kind",1
"A Firefighter Went To Put Out A Fire, But He Had No Idea He Would Be A Hero Of A Different Kind",0
Watch This Department Store Erupt In Song For The Man The Entire World Loved,1
"To Honor The Man They Love, They Sang For His Freedom",0
Watch This Department Store Erupt In Song For The Man The Entire World Loved,1
Watch This Department Store Erupt In Song For The Man The Entire World Loved,0
If You Need An Example Of How Silly Our Standards Have Gotten For How Women Look ... Ta-Da!,1
The Perfect Instructional On How To Have The ‘Perfect’ Body,0
"A Few Weeks Before She Was Crowned 'Miss World,' She Was Raped. But This Isn't Just Her Story.",1
How A Former 'Miss World' Is Reopening Her Wounds So Others Can Heal,0
Leave It To An Archbishop (Yup!) To Make A Totally Perfect Argument For LGBT Rights,1
Here's An Unsnoozeable Sermon About Basic Human Rights We've All Been Waiting For,0
The Way This Poet Talks About Manhood Has Me Questioning Exactly What It Is,1
The Way This Poet Talks About Manhood Has Me Questioning Exactly What It Is,0
"I Have Never Seen A Shorter, So Straight-To-The-Point, No-BS Ad On Vaccines. And It's Pretty.",1
A 30-Second Animation On Vaccines That's As Painless As Vaccines,0
"In His Last Interview 17 Years Ago, A Science Icon Gave A Warning That Will Give You Goosebumps",1
"This Scientist Wouldn't Appreciate Me Calling Him A Prophet, But He Is",0
She Was Raised To Think Girls Are Worthless. You Should See What Changed Her Mind.,1
"Until The Age Of 47, She Thought Girls Were Worthless.",0
"In His Last Interview 17 Years Ago, A Science Icon Gave A Warning That Will Give You Goosebumps",1
"In His Last Interview 17 Years Ago, A Science Icon Gave A Warning That Will Give You Goosebumps",0
She Was Raised To Think Girls Are Worthless. You Should See What Changed Her Mind.,1
She Was Raised To Think Girls Are Worthless. You Should See What Changed Her Mind.,0
She Was Raised To Believe Women Are Worthless. You Should See What Changed Her Mind.,1
Her Experience Taught Her Girls Are Worthless. You Should See What Changed Her Mind.,0
A Video On Why Condoms Aren't Perfect Will Make You Laugh More Than Worry You,1
A Video On Why Condoms Aren't Perfect Will Make You Laugh More Than Worry You,0
"This Kid Thought His Parents Were Breaking Up After 20 Years, But He Was So Wrong",1
"This Kid Thought His Parents Were Breaking Up After 20 Years, But He Was So Wrong",0
"A Science Icon Died 17 Years Ago. In His Last Interview, He Made A Warning That Gives Me Goosebumps.",1
"A Science Icon Died 17 Years Ago. In His Last Interview, He Made A Warning That Gives Me Goosebumps.",0
An Off-Duty Cop Gets Thrown Up Against A Wall And Frisked,1
An Off-Duty Cop Gets Thrown Up Against A Wall And Frisked,0
I'm Suddenly A Massive Fan Of Rhinos After Seeing Them Fly,1
"Probably The Only Video About Rhinos You'll Ever Need To See, Because Flying",0
Why You’ll Be Telling Your Kids About The Days When We Used To Have Electricity,1
Why You’ll Be Telling Your Kids About The Days When We Used To Have Electricity,0
"I Don’t Want To Scare You, But This Very Convincing Argument Says We’re Headed For Disasterville",1
How We Got So Good At Advancing Society That We’re About To Advance Ourselves Out Of A Planet,0
One Woman's Journey Into Sex Slavery and Back In The Heart of Silicon Valley,1
This Is The Face Of Courage In A Faceless Underworld That's Closer Than You Think,0
One Woman's Journey Into Sex Slavery and Back In The Heart of Silicon Valley,1
One Woman's Journey Into Sex Slavery and Back In The Heart of Silicon Valley,0
Think She Sounds Silly And Immature In Her Story? Guess What — She Was Only 16 When It Happened.,1
"Without Sex Ed, Where Do You Expect Kids To Get Their Info? Judy Blume Didn’t Cover Teen Pregnancy.",0
The Worst Thing You Can Do To New Parents Is To Make Them Leave Their Kids To Earn A Paycheck,1
"If Folks In Washington Really Support Families And Kids, They'll Support This",0
Think She Should Have Known Better? I Think You Just Made An Argument For Sex Education.,1
Think She Should Have Known Better? I Think You Just Made An Argument For Sex Education.,0
"Environmental Benefits Aside, This Looks More Pleasant Than Honking And Yelling Out The Window",1
Is Your Biggest Fantasy Driving A Tank For A Day So You Can Drive Over All The Gridlock?,0
"Think Gen Y's Lazy? I'mma Print This Chart, Origami It Into A Mustache And Stick It On Your Face.",1
"Think Gen Y's Lazy? I'mma Print This Chart, Origami It Into A Mustache And Stick It On Your Face.",0
"You Know It's Bad, But You Do It Anyway. Let These People Tell You Why You Should Stop. Immediately.",1
"You Know It's Bad, But You Do It Anyway. Let These People Tell You Why You Should Stop. Immediately.",0
"I Know It's Hard To Believe, So Here's Proof Discrimination Does Bad Things To People",1
More People Need To See What This Study Says About The Impact Of Racism On Health,0
First The Women In This Clothing Store Were Offended. Then They Realized Who Was Being Offensive.,1
First The Women In This Clothing Store Were Offended. Then They Realized Who Was Being Offensive.,0
First The Women In This Clothing Store Were Offended. Then They Realized Who Was Being Offensive.,1
First The Women In This Clothing Store Were Offended. Then They Realized Who Was Being Offensive.,0
First The Women In This Clothing Store Were Offended. Then They Realized Who Was Being Offensive.,1
First These Women Were Offended. Then They Realized Who Was Being Offensive.,0
A Study Showing Racism Makes You Sick Makes Me Sick,1
Some Smartypants Researchers Showed How Discrimination Makes You Sick. That Makes Me Sick,0
This Study Showing Discrimination Makes You Sick Makes Me Sick,1
Some Scientists Showed Discrimination Makes You Sick. That Makes Me Sick.,0
Psst...Wanna Buy Some Stuff Right From The People Who Make It?,1
What If Some Of The Dollars You Spend On Food Could Help Sustain Good Jobs?,0
They Threw A Grenade At Her Brother Because She Helped Women,1
They Threw A Grenade At Her Brother Because She Helped Women,0
Psst...Wanna Buy Some Stuff Right From The People Who Make It?,1
Psst...Wanna Buy Some Stuff Right From The People Who Make It?,0
A Total Genius Explains How The Future Might Look If We Are All A Little More... Empathetic?,1
A Total Genius Explains How The Future Might Look If We Are All A Little More... Empathetic?,0
"Parents Should Never Outlive Their Children, Can We All Agree On That, At Least?",1
"Parents Should Never Outlive Their Children, Can We All Agree On That, At Least?",0
"Well, There Goes Pennsylvania. And It Used To Be Such A Nice State.",1
"Well, There Goes Pennsylvania. And It Used To Be Such A Nice State.",0
There’s A New (Old) Way To Think About Money. Are You Ready For It?,1
There’s A New (Old) Way To Think About Money. Are You Ready For It?,0
I’ve Got The Perfect Gift For All The People In Your Life Who Don’t Need Anything,1
I’m Straight Up Giving You An Excuse To Buy A Lump Of Coal For All Your Favorite Frenemies,0
The Perfect Gift For All The People In Your Life Who Don’t Actually Need Anything,1
The Perfect Gift For All The People In Your Life Who Don’t Actually Need Anything,0
The Perfect Gift For All The People In Your Life Who Don’t Actually Need Anything,1
The Perfect Gift For All The People In Your Life Who Don’t Actually Need Anything,0
One Time A Guy Gave A Homeless Man A Computer And The Recipient Did Exactly What The Giver Expected,1
One Time A Guy Gave A Homeless Man A Computer And The Recipient Did Exactly What The Giver Expected,0
Life Lessons From A Rapper. Some Are Great. Some Horrible. And Some Made Me Spit Out My Coffee.,1
"If Every Kid Took His (Sometimes Bizarre) Advice, The World Would At Least Be Much More Interesting",0
6 Guys Contradict Decades Of Stereotypes Using Only A Whiteboard And A Marker,1
Many Manly Men Make Meaningful Messages With Markers,0
"We All Know Smoking Is Bad For Your Health, But Be Careful: You Could Be Arrested and Lose Your Job",1
"We All Know Smoking Is Bad For Your Health, But Be Careful: You Could Be Arrested and Lose Your Job",0
6 Guys Contradict Decades Of Stereotypes Using Only A Whiteboard And A Marker,1
6 Guys Contradict Decades Of Stereotypes Using Only A Whiteboard And A Marker,0
"It's Hard To Look At These Mannequins, But I Guess That's The Point",1
A Storefront Is Stopping People In Their Tracks And It's Not A Sale,0
A Total Genius Just Explained What We Are Actually Wired For (Hint: It's Not Narcissism Or Violence),1
A Total Genius Just Explained What We Are Actually Wired For (Hint: It's Not Narcissism Or Violence),0
Not An Exaggeration: This Video Can Actually Help You Save Someone Having A Stroke,1
Not An Exaggeration: This Video Can Actually Help You Save Someone Having A Stroke,0
A Little Boy Is Going To Tell You Just Why He's So Happy ... You're Going To Want To Listen.,1
"A Kid Just Told Me Why He's Happy, And I'm Much Better Off For Listening",0
The Problem With Celebrity Gossip? They Don't Report Truly Astonishing Behavior Like His.,1
How Come Paparazzis Never Manage To Catch Celebs Engaged In This Type Of Behavior?,0
The Snoop-Dog Spoof Of The President That's Too Good Not To See,1
The Snoop-Dog Spoof Of The Most Controversial Law That's Too Wow Not To See,0
We Know About Stop And Frisk. But What Should We Call This Practice In NYC That Is Ruining Lives?,1
We Know About Stop And Frisk. But What Should We Call This Practice In NYC That Is Ruining Lives?,0
The Problem With Celebrity Gossip? They Don't Report Truly Astonishing Behavior Like His.,1
The Problem With Celebrity Gossip? They Don't Report Truly Amazing Behavior Like His.,0
A Little Boy Is Going To Tell You Just Why He's So Happy ... You're Going To Want To Listen.,1
A Little Boy Is Going To Tell You Just Why He's So Happy ... You're Going To Want To Listen.,0
"What Are Humans Actually ""Wired"" For? The Answer Makes A Lot Of Sense.",1
"What Are Humans Actually ""Wired"" For, Any Way? The Answer May Not Surprise You.",0
A Little Boy Reveals Why He's So Happy. And You're Going To Want To Listen.,1
You're Going To Want To Listen To Why This Little Boy Is So Happy,0
Head Doctor Says A Rich Kid Isn't Guilty BECAUSE He's Rich. Reporter Says What We're All Thinking.,1
Get Ready For Your WHAT?! Of The Day: A Psychologist Says A Rich Kid Isn't Guilty Because He's Rich.,0
Everyone At Starbucks Should Try One Insanely Simple Yet Incredible Idea,1
One Insanely Simple Idea I Hope To See Soon At Every Starbucks,0
"We Know Smoking Is Bad For Your Health, But Who Knew You Could Be Arrested And Lose Your Job For It?",1
We Know About Stop And Frisk. But What Should We Call This Practice In NYC That Is Ruining Lives?,0
The Problem With Celebrity Coverage? They Never Show These Kind of Videos.,1
The Problem With Celebrity Coverage? They Never Show Videos Like His.,0
Head Doctor Says A Rich Kid Isn't Guilty BECAUSE He's Rich. Reporter Says What We're All Thinking.,1
Head Doctor Says A Rich Kid Isn't Guilty BECAUSE He's Rich. Reporter Says What We're All Thinking.,0
Watch And Learn About One Seemingly Harmless Thing You Shouldn't Do In NYC If You Value Your Future,1
"We Know Smoking Is Bad For Your Health, But Who Knew You Could Be Arrested And Lose Your Job For It?",0
6 Guys Challenge Decades Of Stereotypes Using Only A Whiteboard And A Marker,1
6 Men Contradict Decades Of Stereotypes Using Only A Whiteboard And A Marker,0
"We Know About Stop And Frisk. But What Do We Call A Practice In NYC That Affects White People, Too?",1
"We Know About Stop And Frisk. But What Do We Call A Practice In NYC That Affects White People, Too?",0
Friends Don't Let Friends Drive Drunk. But They Do Let Them Think They've Been In A Ten-Year Coma.,1
Have You Ever Cared So Much About Someone That You Went To Hilarious Bizarre Lengths to Save?,0
The Experiment that Sheds Light On Why Telling Women What They Can And Can't Wear Is Bullshit,1
"The ""Terrorist Hijabi"" Experiment",0
Here's An Ad About Holiday Giving That Makes Me Wish I Could High-Five Ads,1
"Why Are Mother Theresa, Gandhi, And Jesus Impressed With This Guy's Generosity? Because Internet.",0
How Are You Going To Stick To Your New Year's Resolution? Me? I'm Going To Use Science.,1
How Are You Going To Stick To Your New Year's Resolution? Me? I'm Going To Use Science.,0
The Science You Should Know Before Making That New Year's Resolution,1
Do You Make New Year's Resolutions? Then Use Science To Make Them Better.,0
Here's The Science You Can't Not Know Before Making That Ambitious New Year's Resolution,1
The Hopeful Science You Should Know Before Making That Big New Year's Resolution,0
A Little Boy Reveals Why He's So Happy. And You're Going To Want To Listen.,1
A Little Boy Is Going To Tell You Exactly WHY He's Happy ... And You're Going To Want To Listen.,0
In A Decade Or Two I Bet Most People Will Feel The Same Way That Guy From 'The Hunger Games' Does,1
In A Decade Or Two I Bet Most People Will Feel The Same Way This Famous Actor Does,0
What One Guy Has To Say About Our Country's Obsession With Buying Stuff Should Terrify Us All,1
"Why Black Friday And The 'Buy, Buy, Buy' Mindset Are Not Good For Any Of Us",0
"1 Minute You're Walking Down The Street In NYC. The Next, You're Arrested, Jobless. What Did You Do?",1
"1 Minute You're Walking Down The Street In NYC. The Next, You're Arrested, Jobless. What Did You Do?",0
"This Really Happy 13 Year Old Hacks His Education, And Now I Regret I Didn't Do The Same With Mine",1
A Little Boy Is Going To Tell You Just Why He's So Happy ... You're Going To Want To Listen.,0
"If More People Knew The Secrets Those In Power Keep From Us All, It Might Just Cause A Revolution",1
"If More People Knew The Secrets Those In Power Keep From Us All, It Might Just Cause A Revolution",0
"Well, There Goes Pennsylvania. And It Used To Be Such A Nice State.",1
"Well, There Goes Pennsylvania. And It Used To Be Such A Nice State.",0
"If More People Knew The Secrets Those In Power Keep From Us All, It Might Just Cause A Revolution",1
"If More People Knew The Secrets Those In Power Keep From Us All, It Might Just Cause A Revolution",0
"If More People Knew The Secrets Those In Power Keep From Us All, It Might Just Cause A Revolution",1
A Brilliant Summary Of Our Problems With Government In 3 Minutes,0
Here's A Different Kind Of Lesson On Evolution That I'd Like To See In Our Schools,1
"This Guy Needs Our Help In Rethinking Human Nature, And I'm In. How About You?",0
He Took How His Bullies Hurt Him And Turned It Into These Beautiful 3 Minutes,1
Notice That This Is The First Time The Color Of The President Doesn't Match The Color Of His House?,0
"This Really Happy 13 Year Old Hacks His Education, And Now I Regret I Didn't Do The Same With Mine",1
"This Really Happy 13 Year Old Hacks His Education, And Now I Regret I Didn't Do The Same With Mine",0
"Women? Choice? Ha Ha Ha, Not In this Hospital.",1
"Women? Choice? Ha Ha Ha, Not In this Hospital.",0
"Women? Choice? Haha, Not In this Hospital.",1
"Women? Choice? Haha, Not In this Hospital.",0
His Bullies Used Sticks And Stones So He Turned The Experience Into Beautiful Words To Hurt Them,1
His Bullies Used Sticks And Stones So He Turned The Experience Into Beautiful Words To Hurt Them,0
"If You Thought Someone Couldn't Explain The Science Of Empathy With A Dry Erase Marker, You're Wrong",1
Ever Wonder Why You Get A Creepy-Crawly Feeling When There's A Spider Going Up Someone Else's Arm?,0
"Stop Asking Where Young Feminists Are. They Aren't Unicorns. They Exist. In Fact, Here’s One Now.",1
"Stop Asking Where Young Feminists Are. They Aren't Unicorns. They Exist. In Fact, Here’s One Now.",0
This Is The Best A Breathalyzer Will Ever Sound,1
The Instrument You Really Don't Want To Be Playing This Holiday Season,0
A(nother) Legitimate Reason To Detest Modern Pop Songs,1
NSFW: A Devastating Criticism Of Pop Songs In The Form Of ... You Guessed It ... A Goddamn Pop Song,0
"If They Taught CPR Like This, A Lot More People Would Know How To Do It",1
Unlikely Spokesman For Health Stars In Brilliant CPR Demonstration,0
"If You Thought Someone Couldn't Explain The Science Of Empathy With A Dry Erase Marker, You're Wrong",1
"If You Thought Someone Couldn't Explain The Science Of Empathy With A Dry Erase Marker, You're Wrong",0
Ever Wonder About The Secret Lives Of Those Holiday Gifts You're Swapping? Take A Look.,1
Ever Wonder About The Secret Lives Of Those Holiday Gifts You're Swapping? Take A Look.,0
Your Girlfriend Says She’s Fat. Here’s How To Respond.,1
Your Fat Girlfriend Says She’s Fat. Here’s How To Respond.,0
If 'Baby It's Cold Outside' Were A Little More Truthful It Would Sound Like This,1
The Hilarious Comedy Sketch That Puts Classic Song Up To The Microscope,0
What One Guy Has To Say About Our Country's Obsession With Buying Stuff Is Terrifying,1
What One Guy Has To Say About Our Country's Obsession With Buying Stuff Is Right On,0
"If You Thought Someone Couldn't Explain The Science Of Empathy With A Dry Erase Marker, You're Wrong",1
Watch How This Genius Explains The Evolution Of Empathy With A Dry Erase Marker,0
Here’s A Pizza. A Really Disturbing Pizza. A Pizza That Is Ruining Democracy. BAD PIZZA.,1
"Why Your Congre- Er, I Mean Pizza Is Ruining Democracy",0
"Roses Are Red, Violets Are Blue, I'm Not Pregnant, All Thanks To You",1
"Roses Are Red, Violets Are Blue, I'm Not Pregnant, All Thanks To You",0
Dustin Hoffman Breaks Down Crying Explaining Something That Every Woman Sadly Already Experienced,1
Dustin Hoffman Breaks Down Crying Explaining Something That Every Woman Sadly Already Experienced,0
"20th Century Fox Gave Him $25,000 To Make A Movie Trailer. Here's What He Did Instead.",1
"He Was Paid $25,000 To Make A Movie Trailer About Chasing Dreams, So He Chased His Dream Instead",0
"How One Study Can Be Taken Way Too Far: The Story Of ""Crack Babies""",1
"The Incredibly Unscientific Story Of How ""Crack Baby"" Became A Household Phrase",0
See Why We Have An Absolutely Ridiculous Standard Of Beauty In Just 37 Seconds,1
See Why We Have An Absolutely Ridiculous Standard Of Beauty In Just 37 Seconds,0
See Why We Have An Absolutely Ridiculous Standard Of Beauty In Just 37 Seconds,1
See Why We Have An Absolutely Ridiculous Standard Of Beauty In Just 37 Seconds,0
"This Really Happy 13-Year-Old Hacks His Education, And Now I Regret I Didn't Do The Same With Mine",1
"This Really Happy 13-Year-Old Hacks His Education, And Now I Regret I Didn't Do The Same With Mine",0
An NBA Star Came Out As Gay And President Obama Called Him. Others Experience Kind Of The Opposite.,1
An NBA Star Came Out As Gay And President Obama Called Him. Others Experience Kind Of The Opposite.,0
"If Someone Did This To My Pizza, I Would Probably Get Them Fired",1
"If A Politician Did This To My Pizza, I Would Probably Get Them Recalled",0
"20th Century Fox Gave Him $25,000 To Make A Movie Trailer. Here's What He Did Instead.",1
"20th Century Fox Gave Him $25,000 To Make A Movie Trailer. Here's What He Did Instead.",0
"Don't Look Too Closely, Because Everyone In This Video Is Naked. Or Do, Whatever.",1
"Hey Men, Here Is A Video Of Naked People For You That Isn't Porn",0
Sex Workers Want To Be Part Of The Solution. But They're Often Forced To Be Part Of The Problem.,1
"Trafficking. What's The First Thing That Comes To Mind? For Them, A Solution.",0
His Bullies Used Sticks And Stones So He Turned The Experience Into Beautiful Words To Hurt Them,1
His Bullies Used Sticks And Stones So He Turned The Experience Into Beautiful Words To Hurt Them,0
A Little Solution To A Big Problem With The Whole Eco-Friendly Green Lifestyleness Thing Going On,1
Cost: Free. Download Time: Under A Minute. Finally Remembering Your Reusable Totes: Priceless.,0
If The Christmas Song 'Baby It's Cold Outside' Were A Little More Truthful It Would Sound Like This,1
"If The Christmas Song 'Baby, It's Cold Outside' Sung The Truth It Would Sound Like This",0
Watch What Matthew Perry Says When A Dude Says His Drug Addiction Is His Choice,1
Watch What Matthew Perry Says When A Dude Says His Drug Addiction Is His Choice,0
"The Wedding Is Beautiful And All, But His Dad's Response To Him Coming Out? It's Just... Wow.",1
An Officer And A Gentleman Get Married,0
Watch What Chandler From Friends Says When A Dude Says His Drug Addiction Is His Choice,1
Watch What Matthew Perry Says When A Dude Says His Drug Addiction Is His Choice,0
"Hey Men, Here Are Some Naked People To Tell You Your Bodies Are Great",1
"Hey Men, Here Are Some Naked People To Tell You Your Bodies Are Great",0
I've Never Seen Such A Clever Parody Of Social Smoking,1
"Too Funny To Miss: ""But I'm Not An Ear Wax Picker. I'm A Social Ear Wax Picker.""",0
I've Never Seen Such A Clever Take On Social Smoking,1
Some People Think These Are Filthy Habits. But Really They're A Great Way To Meet People.,0
The Most Simple Explanation Of How To Get Out Of This Recession I've Seen Yet,1
The Most Simple Explanation Of How To Get Out Of This Recession I've Seen Yet,0
Ever Wonder About The Secret Lives Of Those Holiday Gifts You're Swapping? Take A Look.,1
Ever Wonder About The Secret Lives Of Those Holiday Gifts You're Swapping? Take A Look.,0
"Most Of These People Do The Right Thing, But The Guys At The End? I Want To Yell At Them.",1
"If You Saw A Drunk Woman Being Led Away To A Stranger's Hotel Room, Would You Stop It From Happening?",0
"Most Of These People Do The Right Thing, But The Guys At The End? I Want To Yell At Them.",1
"Most Of These People Do The Right Thing, But The Guys At The End? I Want To Yell At Them.",0
Here's Your Chance: Meet The Women Who Make Clothes Like Yours Day In And Day Out,1
Quick Quiz: Who Made That Shirt You're Wearing? Answer Inside.,0
"Most Of These People Do The Right Thing, But The Guys At The End? I Wish I Could Yell At Them.",1
"Most Of These People Do The Right Thing, But The Guys At The End? I Wish I Could Yell At Them.",0
"If The Christmas Song 'Baby, It's Cold Outside' Were A Little More Truthful It Would Sound Like This",1
"If The Christmas Song 'Baby, It's Cold Outside' Were A Little More Truthful It Would Sound Like This",0
,1
,
,1
,
,1
,
,1
,
,1
,
,1
,
,1
,
,1
,
,1
,
,1
,
,1
,
,1
,
,1
,
,1
,
,1
,
,1
,
,1
,
,1
,
,1
,
,1
,
,1
,
,1
,
,1
,
,1
,
,1
,
,1
,
,1
,
,1
,
,1
,
,1
,
,1
,
,1
,
,1
,
,1
,
,1
,
,1
,
,1
,
,1
,
,1
,
,1
,
,1
,
,1
,
,1
,
,1
,
,1
,
,1
,
,1
,
,1
,
,1
,
,1
,
,1
,
,1
,
,1
,
,1
,
,1
,
,1
,
,1
,
,1
,
,1
,
,1
,
,1
,
,1
,
,1
,
,1
,
,1
,
,1
,
,1
,
,1
,
,1
,
,1
,
,1
,
,1
,
,1
,
,1
,
,1
,
,1
,
,1
,
,1
,
,1
,
,1
,
,1
,
,1
,
,1
,
,1
,
,1
,
,1
,
,1
,
,1
,
,1
,
,1
,
,1
,
,1
,
,1
,
,1
,
,1
,
,1
,
,1
,
,1
,
,1
,
,1
,
,1
,
,1
,
,1
,
,1
,
,1
,
,1
,
,1
,
,1
,
,1
,
,1
,
,1
,
,1
,
,1
,
,1
,
,1
,
,1
,
,1
,
,1
,
,1
,
,1
,
,1
,
,1
,
,1
,
,1
,
,1
,
,1
,
,1
,
,1
,
,1
,
,1
,
,1
,
,1
,
,1
,
,1
,
,1
,
,1
,
,1
,
,1
,
,1
,
,1
,
,1
,
,1
,
,1
,
,1
,
,1
,
,1
,
,1
,
,1
,
,1
,
,1
,
,1
,
,1
,
,1
,
,1
,
,1
,
,1
,
,1
,
,1
,
,1
,
,1
,
,1
,
,1
,
,1
,
,1
,
,1
,
,1
,
,1
,
,1
,
,1
,
,1
,
,1
,
,1
,
,1
,
,1
,
,1
,
,1
,
,1
,
,1
,
,1
,
,1
,
,1
,
,1
,
,1
,
,1
,
,1
,
,1
,
,1
,
,1
,
,1
,
,1
,
,1
,
,1
,
,1
,
,1
,
,1
,
,1
,
,1
,
,1
,
,1
,
,1
,
,1
,
,1
,
,1
,
,1
,
,1
,
,1
,
,1
,
,1
,
,1
,
,1
,
,1
,
,1
,
,1
,
,1
,
,1
,
,1
,
,1
,
,1
,
,1
,
,1
,
,1
,
,1
,
,1
,
,1
,
,1
,
,1
,
,1
,
,1
,
,1
,
,1
,
,1
,
,1
,
,1
,
,1
,
,1
,
,1
,
,1
,
,1
,
,1
,
,1
,
,1
,
,1
,
,1
,
,1
,
,1
,
,1
,
,1
,
,1
,
,1
,
,1
,
,1
,
,1
,
,1
,
,1
,
,1
,
,1
,
,1
,
,1
,
,1
,
,1
,
,1
,
,1
,
,1
,
,1
,
,1
,
,1
,
,1
,
,1
,
,1
,
,1
,
,1
,
,1
,
,1
,
,1
,
,1
,
,1
,
,1
,
,1
,
,1
,
,1
,
,1
,
,1
,
,1
,
,1
,
,1
,
,1
,
,1
,
,1
,
,1
,
,1
,
,1
,
,1
,
,1
,
,1
,
,1
,
,1
,
,1
,
,1
,
,1
,
,1
,
,1
,
,1
,
,1
,
,1
,
,1
,
,1
,
,1
,
,1
,
,1
,
,1
,
,1
,
,1
,
,1
,
,1
,
,1
,
,1
,
,1
,
,1
,
,1
,
,1
,
,1
,
,1
,
,1
,
,1
,
,1
,
,1
,
,1
,
,1
,
,1
,
,1
,
,1
,
,1
,
,1
,
,1
,
,1
,
,1
,
,1
,
,1
,
,1
,
,1
,
,1
,
,1
,
,1
,
,1
,
,1
,
,1
,
,1
,
,1
,
,1
,
,1
,
,1
,
,1
,
,1
,
,1
,
,1
,
,1
,
,1
,
,1
,
,1
,
,1
,
,1
,
,1
,
,1
,
,1
,
,1
,
,1
,
,1
,
,1
,
,1
,
,1
,
,1
,
,1
,
,1
,
,1
,
,1
,
,1
,
,1
,
,1
,
,1
,
,1
,
,1
,
,1
,
,1
,
,1
,
,1
,
,1
,
,1
,
,1
,
,1
,
,1
,
,1
,
,1
,
,1
,
,1
,
,1
,
,1
,
,1
,
,1
,
,1
,
,1
,
,1
,
,1
,
,1
,
,1
,
,1
,
,1
,
,1
,
,1
,
,1
,
,1
,
,1
,
,1
,
,1
,
,1
,
,1
,
,1
,
,1
,
,1
,
,1
,
,1
,
,1
,
,1
,
,1
,
,1
,
,1
,
,1
,
,1
,
,1
,
,1
,
,1
,
,1
,
,1
,
,1
,
,1
,
,1
,
,1
,
,1
,
,1
,
,1
,
,1
,
,1
,
,1
,
,1
,
,1
,
,1
,
,1
,
,1
,
,1
,
,1
,
,1
,
,1
,
,1
,
,1
,
,1
,
,1
,
,1
,
,1
,
,1
,
,1
,
,1
,
,1
,
,1
,
,1
,
,1
,
,1
,
,1
,
,1
,
,1
,
,1
,
,1
,
,1
,
,1
,
,1
,
,1
,
,1
,
,1
,
,1
,
,1
,
,1
,
,1
,
,1
,
,1
,
,1
,
,1
,
,1
,
,1
,
,1
,
,1
,
,1
,
,1
,
,1
,
,1
,
,1
,
,1
,
,1
,
,1
,
,1
,
,1
,
,1
,
,1
,
,1
,
,1
,
,1
,
,1
,
,1
,
,1
,
,1
,
,1
,
,1
,
,1
,
,1
,
,1
,
,1
,
,1
,
,1
,
,1
,
,1
,
,1
,
,1
,
,1
,
,1
,
,1
,
,1
,
,1
,
,1
,
,1
,
,1
,
,1
,
,1
,
,1
,
,1
,
,1
,
,1
,
,1
,
,1
,
,1
,
,1
,
,1
,
,1
,
,1
,
,1
,
,1
,
,1
,
,1
,
,1
,
,1
,
,1
,
,1
,
,1
,
,1
,
,1
,
,1
,
,1
,
,1
,
,1
,
,1
,
,1
,
,1
,
,1
,
,1
,
,1
,
,1
,
,1
,
,1
,
,1
,
,1
,
,1
,
,1
,
,1
,
,1
,
,1
,
,1
,
,1
,
,1
,
,1
,
,1
,
,1
,
,1
,
,1
,
,1
,
,1
,
,1
,
,1
,
,1
,
,1
,
,1
,
,1
,
,1
,
,1
,
,1
,
,1
,
,1
,
,1
,
,1
,
,1
,
,1
,
,1
,
,1
,
,1
,
,1
,
,1
,
,1
,
,1
,
,1
,
,1
,
,1
,
,1
,
,1
,
,1
,
,1
,
,1
,
,1
,
,1
,
,1
,
,1
,
,1
,
,1
,
,1
,
,1
,
,1
,
,1
,
,1
,
,1
,
,1
,
,1
,
,1
,
,1
,
,1
,
,1
,
,1
,
,1
,
,1
,
,1
,
,1
,
,1
,
,1
,
,1
,
,1
,
,1
,
,1
,
,1
,
,1
,
,1
,
,1
,
,1
,
,1
,
,1
,
,1
,
,1
,
,1
,
,1
,
,1
,
,1
,
,1
,
,1
,
,1
,
,1
,
,1
,
,1
,
,1
,
,1
,
,1
,
,1
,
,1
,
,1
,
,1
,
,1
,
,1
,
,1
,
,1
,
,1
,
,1
,
,1
,
,1
,
,1
,
,1
,
,1
,
,1
,
,1
,
,1
,
,1
,
,1
,
,1
,
,1
,
,1
,
,1
,
,1
,
,1
,
,1
,
,1
,
,1
,
,1
,
,1
,
,1
,
,1
,
,1
,
,1
,
,1
,
,1
,
,1
,
,1
,
,1
,
,1
,
,1
,
,1
,
,1
,
,1
,
,1
,
,1
,
,1
,
,1
,
,1
,
,1
,
,1
,
,1
,
,1
,
,1
,
,1
,
,1
,
,1
,
,1
,
,1
,
,1
,
,1
,
,1
,
,1
,
,1
,
,1
,
,1
,
,1
,
,1
,
,1
,
,1
,
,1
,
,1
,
,1
,
,1
,
,1
,
,1
,
,1
,
,1
,
,1
,
,1
,
,1
,
,1
,
,1
,
,1
,
,1
,
,1
,
,1
,
,1
,
,1
,
,1
,
,1
,
,1
,
,1
,
,1
,
,1
,
,1
,
,1
,
,1
,
,1
,
,1
,
,1
,
,1
,
,1
,
,1
,
,1
,
,1
,
,1
,
,1
,
,1
,
,1
,
,1
,
,1
,
,1
,
,1
,
,1
,
,1
,
,1
,
,1
,
,1
,
,1
,
,1
,
,1
,
,1
,
,1
,
,1
,
,1
,
,1
,
,1
,
,1
,
,1
,
,1
,
,1
,
,1
,
,1
,
,1
,
,1
,
,1
,
,1
,
,1
,
,1
,
,1
,
,1
,
,1
,
,1
,
,1
,
,1
,
,1
,
,1
,
,1
,
,1
,
,1
,
,1
,
,1
,
,1
,
,1
,
,1
,
,1
,
,1
,
,1
,
,1
,
,1
,
,1
,
,1
,
,1
,
,1
,
,1
,
,1
,
,1
,
,1
,
,1
,
,1
,
,1
,
,1
,
,1
,
,1
,
,1
,
,1
,
,1
,
,1
,
,1
,
,1
,
,1
,
,1
,
,1
,
,1
,
,1
,
,1
,
,1
,
,1
,
,1
,
,1
,
,1
,
,1
,
,1
,
,1
,
,1
,
,1
,
,1
,
,1
,
,1
,
,1
,
,1
,
,1
,
,1
,
,1
,
,1
,
,1
,
,1
,
,1
,
,1
,
,1
,
,1
,
,1
,
,1
,
,1
,
,1
,
,1
,
,1
,
,1
,
,1
,
,1
,
,1
,
,1
,
,1
,
,1
,
,1
,
,1
,
,1
,
,1
,
,1
,
,1
,
,1
,
,1
,
,1
,
,1
,
,1
,
,1
,
,1
,
,1
,
,1
,
,1
,
,1
,
,1
,
,1
,
,1
,
,1
,
,1
,
,1
,
,1
,
,1
,
,1
,
,1
,
,1
,
,1
,
,1
,
,1
,
,1
,
,1
,
,1
,
,1
,
,1
,
,1
,
,1
,
,1
,
,1
,
,1
,
,1
,
,1
,
,1
,
,1
,
,1
,
,1
,
,1
,
,1
,
,1
,
,1
,
,1
,
,1
,
,1
,
,1
,
,1
,
,1
,
,1
,
,1
,
,1
,
,1
,
,1
,
,1
,
,1
,
,1
,
,1
,
,1
,
,1
,
,1
,
,1