Headline,Attentio Score
"If You Know Anyone Who Is Afraid Of Gay People, Here's A Cartoon That Will Ease Them Back To Reality",-3.511235736
Why Yoko Ono Is The Only Thing Standing Between New York And Catastrophic Gas Fracking,-4.360232896
It's Easy To Become Homeless. It's Almost Impossible To Get Back.,-3.903953148
"Thousands Of Protesters Are About To Descend On Washington, D.C. Here's Why.",-3.884161827
How An Insurance Company Bought Its Very Own Senator,-4.826078683
Conan O'Brien Does Some Investigative Journalism. The Result Is Hilarious.,-4.014508104
I Wouldn't Mind Getting Sent To This Principal's Office,-4.552448575
The Dirty Secret In Every Restaurant Menu,-4.027899463
The Mind-Boggling Stupidity Of The Sequester Explained In Plain English,-3.851297027
A Comedian Silences A Room For 9 Minutes. It's Not An Awkward Silence.,-3.28304299
Can You Imagine Going Through Something Like This When You Were In High School?,-3.782774072
The Real Reason They Still Play 'Mrs. Robinson' On The Radio,-3.31995905
Dude Passive-Agressively Makes Fun Of Sikh Woman On The Internet And Ends Up Eating Humble Pie,-3.97842834
Candy Has Less Sugar Than A Sandwich?,-4.570578741
Finally! An Anti-Rape Campaign That Isn't Victim Blame-y.,-3.451652387
There Is Actually One Golden Rule To Prevent Sexual Assault,-3.908014984
A Stand-Up Comedian Sums Up The Gay Rights Debate In 30 Seconds,-3.068205587
The Chart That Might Just Bring Forth The Apocalypse,-3.533996183
EPIC MASHUP: The Women Of Mad Men Sing For Their Freedom,-4.42069246
This Preacher Attacks Gay Marriage. And It Makes Me Want To Marry Him.,-3.469284987
7 Ways To Make Sure You Don't Hate Your Life And Actually Enjoy It And Stuff,-3.626576874
The Top 8 Ways To Be 'Traditionally Married' According To The Bible,-3.398394475
Why You Should Say NO To 'No Homo' And 6 Other Phrases Like It,-3.759851043
2 Years Ago Gabby Giffords Was Shot In The Head. Now She's Got Something Important To Say.,-4.230062381
Why It's Great To Grow Up In Scandinavia,-4.496958963
What A Wonderful World It'd Be If More People Would Just Commit Narcissistic And Antisocial Behavior,-3.921690411
Finally: A Mode Of Transportation That Helps Clean The Air As You Use It,-4.423800557
One Conspiracy Theory That's Actually Worth Your Time,-3.49924087
I Guarantee You'll Never See Any Of These Kids Interviewed On Fox,-4.187969822
Soledad O'Brien Clashes With Anti-Gay Interview Guest,-3.300433762
A Bunch Of Bullies Thought It Would Be Funny To Pummel This Kid. They Aren't Laughing Now.,-2.428622803
"Here's A Magazine Saying ""Sorry We're Not Sorry"" For Being Racist",-4.489177715
Those Idiots From “Jackass” Have Nothing On This Air Force Vet,-5.081404365
"A Very ""Shocking"" 98 Seconds. That Joke (Although Terrible) Will Make WAY More Sense After Watching.",-3.753485908
The Most Beautiful Way To Stop A Bully I've Ever Seen,-2.883605178
"This Cool And Nerdy Dad Is Doing Parenting For His Daughter So, So Right",-3.985922912
Meet The 13 Year-Old Who's Making Most Scientists Look Pretty Stupid,-3.502367311
When Did Sex Become A Sin? This Woman Can Tell You.,-3.339813801
A Joke About Male Genitalia That Even Hillary Clinton Would Laugh At,-3.59510036
Racists Spray-Paint A Comedian's Car. They Shouldn't Have Done That.,-3.376635146
The National Holiday We Used To Celebrate In November Until Thanksgiving Came Along,-5.175322603
The. Most Astounding Fact. EVER.,-2.858148323
Which Cities Will Be Completely Underwater In Less Than 100 Years?,-3.924669967
Love It: An NFL Player Who Genuinely Respects Women,-3.818369572
The CEO Of The NRA Attacks Himself In The Most Reasonable Super Bowl Ad Of 2013,-3.213397431
"If This Video Makes You Uncomfortable, Then You Make Me Uncomfortable",-3.344915456
"If These Americans Scare You, It Might Be Time To Reprioritize Your Life",-4.413471467
"When Your Mom Catches You Smoking In The Bathroom, Remember This:",-4.03433579
Fox News Haters Will Love This Poll Result. So Will Fox News.,-3.703902101
"Americans Are Better Than Any Other Country At This One, Totally F*cked Up Thing",-4.328851872
How Would A Lobbyist Describe His Job To A Child?,-4.823090819
669 Jewish Children Were Saved From The Holocaust By A Single Man. This Is How They Thanked Him.,-3.259408997
Can You Guess What Happens 34 Times A Day In America?,-3.954590265
"WTF New York? No One Should Ever, EVER Make Art Like This.",-3.792527979
"Forget Crop Circles, The U.S. Military Does Even Weirder Stuff In The Middle Of Nowhere",-3.261250237
Mark Zuckerberg Wants To Hire You. You Just Have To Learn This One Thing.,-3.001148292
"See The Teacher’s Resignation Video That 280,000 People Have Already Watched",-2.668325352
This School Totally Understands The Difference Between Learning And Education,-3.758785489
Just One More Very Good Reason To Raise The Minimum Wage,-4.108661066
"An Unemployed Teen Walks 10 Miles To A Job Interview, But Gets Hired Before He Gets There",-3.92703176
Dumbledore Is Gay. Harry Potter Has This To Say.,-4.120293614
Watch A Lesbian Attack The Word 'Gay',-3.554948381
I Can’t Believe This Is From A Television Show,-3.860088773
15-Year-Old Bypasses The Awkward Teen Phase And Skips Straight To Genius,-3.578260381
¿Cómo Se Dice ‘Nada’ En Español?,-5.970411138
Watch A Smart Guy Stump A Religious Bigot With Her Own Religion,-2.794869989
How To Disarm A Tea Partier With Nothing But Words,-3.169071448
A Woman Who Struggles To Speak Tells You A Story That’ll Rock Your World,-4.08122254
"What 99.5% Of people In America Will Never Experience, Despite The Hype",-4.152108645
There's A New Pope? YAY! He Said Something Awful? BOO!,-2.994019781
"Every Time A Politician Tries To Defund Planned Parenthood, I Think Of This Brave Woman",-4.472362877
The Crazy Reason Fewer Americans Are Adopting,-3.931131309
"BOOM, ROASTED: Here's Why You Don't Ask A Feminist To Hawk Your Sexist Product",-3.028061161
Two Lesbians Raised A Son And Now He's Speaking Out Against The Boy Scouts,-3.62097797
Teachers Aren't The Problem. They Are The Solution. And So Are You.,-4.322414232
"I Expect This Kind Of Logic From My 4 Year Old, But From A Senator? Not So Much.",-3.446105505
This NBA Star Got Really Angry When 2 Lesbians Got Married. He Had A Good Reason Though.,-3.096482177
"If You Think Twilight Was An Awesome Movie, Please Never Click This",-3.787697999
The Most Powerful Photo Of Martin Luther King Jr. I've Ever Seen,-3.827382969
Gabby Giffords Says More In Her Struggle With 72 Words Than Most People Do In A Lifetime,-3.302847204
"This Guy Endured An Incredible Trauma. Now, At 90, He's Thriving. Here's His Secret.",-4.416515363
The Most Ingenious Way To Come Out To Your Parents In The History Of The Universe,-3.769239975
What Would Cause A Group Of 8-Year-Olds To Riot?,-3.788952909
The Odds Say That Some Guys In The NFL Are Gay. Here's One Of Them.,-3.687909992
Imagine Wanting To Kill Everything That Lives In The Ocean. Now That Dream Is A Reality.,-3.427317898
"If Conservatives Knew The Truth About Ronald Reagan, They Probably Wouldn't Invoke His Name So Much",-3.254635928
This Is Not An Acceptable Solution To Child Abuse,-4.07402456
CHART: Why Nearly Half Of Today's Kids Won't Be Able To Look At Their Parents' Wedding Photos,-4.045609141
Valentine's Day Has Gone From Murder And Violence To Chocolates And Spending,-4.184077268
This Woman's Eyes Burn When She Drinks Water. Which Would Be Weird If Not For–,-3.595846554
This Is What A Video Looks Like When Thousands Of People Make It Together,-3.774348314
This Is What Happens When We Kill Without Caring,-4.601739651
The Military Budget Has Just Shot The Science Budget In The Head,-4.392604816
The End Of The Nature Vs. Nurture Debate,-3.759243934
Here's The Chart That Most Republicans DON'T Want You To See,-3.682749594
You Won't Believe What This Cop Did When The Cameras Weren't Rolling,-3.388642171
"Meet One Of The 11,000,000 People Who Might Make You Uncomfortable, But Really Shouldn't",-3.6453184
Colin Powell's Quote About Gay Marriage Is Chock-Full Of Common Sense And Decency,-3.720914757
Caught On Tape: Our Planet Is Literally Falling Apart,-4.117174338
Possibly The Worst Thing That Can Be Done To A Child,-3.066592299
The Future Of Humanity Relies On Women Doing This,-4.354791281
"Afghanistan In The 1960s. Prepare To Be Very, Very Surprised.",-3.465259901
This Is Why Women Have The Right To Complain About Their Paycheck,-4.267004208
10 Reasons Why A List Of 10 Reasons Why A List Of 10 Reasons Why A List Of 10 Reasons Why A List Of,-4.062356887
Exactly How Gay Is Your State?,-3.645296298
The Most Sensible Definition Of Marriage I've Ever Heard,-3.584756672
Watch 1 Of The Best TV Shows Ever Give Liberals Their Swagger Back,-4.119135123
9 Of 10 People Who Go Here Die. Some Of Them Shouldn't Have Gone In The First Place.,-3.59086153
10 Amazing Honeymoon Spots That May Not Last As Long As Your Marriage,-4.703259432
The Map That Shows Where It's Cool To Be Who You Are,-4.019902086
A Few Things That Are Scarier Than Putting A Needle In Your Arm,-4.113680227
I Thought God Hated Women Until I Saw This.,-3.494274171
Why Would Anyone Want To Put George Takei In A Prison Camp?,-4.315984636
Why Is CNN Getting Rid Of Its Best Journalist?,-3.815278169
How To Take Down A Little Word With A Lot Of Power,-3.575470229
Trayvon Martin Died Exactly 1 Year Ago. What Do We Have To Show For It?,-4.919232002
We're Shelling Out $83 Billion A Year For This?,-4.715030765
Are You Falling For The Biggest Trick Designed To Get Your Cash?,-4.085686499
America's Old Nemesis Rears Its Ugly Head,-3.623278422
What Would It Take For You To Never Use A Plastic Bottle Again?,-4.382202676
A Politician Attacks Gay People Using Pretend Science. Real Science Corrects HIm.,-3.239547388
These Gay Dads Wanted To Give A Speech On Marriage Equality And What They Got Instead Was Hilarious,-2.895616326
This Gay Mormon Spent 1 Year Recording His Friends Reacting To Him Coming Out. How'd It Go?,-3.042243234
"Just This Once, Money Actually Is The Answer",-5.583317274
Bill Nye Is Willing To Make A Deal With People Who Don't Believe In Evolution,-3.679947061
One Of The Most Racist Things A Supreme Court Justice Has Ever Said,-3.42713669
These Are Some Of The Toughest (But Important) Photos I’ve Seen This Week,-3.296604179
This Is What Happens To Straight Kids When Gay Parents Get Married?,-3.479039868
Two Abortion Protesters Decided To Yell At This Guy's Wife. They Probably Shouldn't Have Done That.,-3.062430023
Methinks The Anti-Gay Politician Doth Protest Too Much,-4.39312078
Someone Wants To Tell You You’re Beautiful. Let Them!,-4.969991346
Why The U.S. Healthcare System Makes Even Less Sense Than You Thought,-4.235894135
How Poor People Became The McDonald’s Hamburger Meat Of The American Economy,-3.946591002
"Gross, Is That Blood? Nah, It's Just Paint. THAT'S Blood.",-4.565583304
One Man Destroys The Need For Paper Money In A Single Interview,-3.95987081
This Is What Happens When A Journalist Forces A Banker To Actually Answer A Question,-3.813145495
Here’s The Ad That Muslims Across America Wish You Would See,-4.025561753
The Unbelievable Loophole In U.S. Child Labor Law,-4.452684785
Which Current War Has The United States Been Losing Since The 1970s?,-4.161455322
This Really Offends Me About Child Offenders,-4.272025739
What Happens When You Suddenly Identify With The Unpopular Kid At The Back Of The Class? This.,-4.004021924
You Call It Food. I Call It Poison.,-4.015546784
MUST WATCH: A Politician Loses It And Restores My Faith In Humanity,-2.892631646
Does The Label On The Left Confuse You? Here’s Why.,-4.471348194
Here’s Why We All Really Need To Be Tipping At Least 20%,-4.177565239
Here’s One Way To Humiliate A Bunch Of Bigots. And It’s Hilarious.,-3.515771139
The Crazy-High Cost Of Being A Working Parent,-4.456906101
Half Of All The World’s Diseases Come From This One Substance That You Definitely Ingested Today,-3.650585686
Meet A Woman Who'll Make You Furious That She Calls Herself An American,-3.305005985
"If You Think 1 Canadian Dude Is Actually 180,000 Hispanic People, You Might Be Kinda Sorta Racist",-4.123039993
The Schoolhouse Rock Parody That Is Equal Parts Painfully Accurate And Funny,-3.631046231
You Won't Believe What Saved The Lives Of 11 Children In 11 Seconds In Sandy Hook,-3.790825055
Think This Actress Is Just Another Pretty Face? HAH! So Wrong.,-3.953493438
"There's Something Rotten In Your Fridge, But It's Made Of Plastic",-3.875587401
Just One More Sad Example Of What Kind Of Non-News 24 Hour News Networks Consider 'Newsworthy',-4.488300912
I Bet This Man Has Embarrassed A Few Police Officers Who Have Tried To Arrest Him,-3.718227175
Remember Those Troubled Kids In School? Turns Out They Weren't Actually Troubled.,-3.57356278
The Man In The Sweater Who Never Mentioned The Most Important Thing In His Life,-2.996842768
You Haven't Been Allowed To Hear This American's Voice For Almost 3 Years; Here's What He Has To Say,-3.967298459
Watch A Feminist Senator Teach A U.S. General How To Do His Damn Job,-3.347029145
A Grandstanding Senator Decided To Tell A Cop How To Do His Job. Big Mistake.,-2.92380869
"Bully Calls News Anchor Fat, News Anchor Destroys Him On Live TV",-3.819280954
Want To See Fox News Lose All Its Credibility In 93 Seconds?,-3.091331931
The Taliban Just Got Owned By A 15-Year-Old Girl,-3.4281842
The Straight Woman's Worst Nightmare Just Got Real Lesbiany,-2.90840326
It's Disgusting What People Consider Beautiful Nowadays,-2.838781066
This Future Map Of The United States Is Way Cooler Than Any Current Map Of The United States,-2.905919774
What Would Happen If The U.S. Eliminated The Penny? Let's Ask A Country That Actually Did.,-3.861458992
WATCH: That Awkward Moment When Anti-Immigrant Protesters Realize They're Illegal Too,-2.961641238
This Is The Most Depressing Version Of Google Maps I’ve Ever Seen,-2.716325592
This Renewable Energy Idea Is So Obvious I Smacked My Face,-3.863331142
1 In 3 Women Need You To Watch This.  The Other 2 In 3 Women Would Prefer You To Watch It Too.,-3.058563552
"If You Watch One Moment From The State Of The Union, Make It This One",-3.172535488
"If You’re Afraid Of The Unknown, You’ve Already Lost",-3.849749829
The Cutest Way EVER To Tell Someone They Should Be Ashamed Of Having Sexual Organs,-2.890570862
There's Some Things About Women That I Didn't Think I'd Want To Know. This Is One Of Them.,-3.422604042
"People Get Tired Of Hearing The Word Awesome. But In My Defense, Seriously, This Kid Is Awesome.",-3.99075822
Pissed That A Girl Won't Sleep With You? You're Probably Not As 'Nice' As You Think.,-3.388947003
Watch A Real Person Correct An Elected Official On How Democracy Should Actually Function,-3.612005657
Why Oregon Just Became The Best State To Have Sex In,-3.514175866
WTF: Fox News Spends 4 Minutes Calling Wildly Successful Women Fat And Lazy,-3.182717734
The Truth About Angry Feminists,-3.529277963
The One Totally Stupid Thing That Will Decide The Fate Of Our Entire Economy,-4.568227473
Obama Doesn't Mince Words When It Comes To Gays In Boy Scouts,-3.902645844
These Girls Have Seen Their Own Potential. They're Going To Do Amazing Things With It.,-4.659424845
Artistic Depiction Of Climate Change Freaks The Heck Out Of People On The Street,-3.513466493
Psychic Reveals His Greatest Trick. It's Actually Kind Of Terrifying.,-3.617032971
Talented Documentarian Makes Mushrooms Into The Most Fascinating Thing on The Planet For 2 Minutes,-4.78087788
"If This Video Goes Viral, The Internet Could Be In Huge Trouble",-4.163362976
Some Strange Things Are Happening To Astronauts Returning To Earth,-3.289802527
Looking At This Map For 5 Seconds Will Change How You Think About Race,-3.643246067
Bullies Called Him Pork Chop. He Took That Pain With Him And Then Cooked It Into This.,-3.459918114
Harry Potter's Last Great Spoiler Is One Warner Bros Will Do Anything To Protect,-3.868758089
The Most Amazing Act Of Heroism Ever Committed In Swim Trunks,-3.70779393
"The Only Man In History With The Right To Say ""I Told You So"" To The Entire Planet",-3.082966534
Take Your iPhone From Dead To 100% In 30 Seconds Using Science,-3.388050915
You’ll Never Believe What These Adults Found In This Ball Pit,-3.659246222
WTF? Princeton Professor Profoundly Offended By Intellectuals,-4.198217485
MAP: Definitive Proof That We Don’t All Live In The Same Democracy,-3.696333356
"Tom Felton Disarmed Dumbledore, Yet He Can Barely Watch This. Are You Stronger Than Him?",-3.288210518
See A 17-Year-Old Girl’s Laser-Sharp And Laid Back Take-Down Of An Annoyingly Popular Reality Show,-2.917871199
Meet The Worst Spy Ever,-3.886940409
Why 'Jeopardy' Champions May Be The Dumbest People Alive,-3.902645844
Watch A Diner Waitress Explain To A Wall Street Guy How Money Works In America,-2.882898311
College-Age Republicans Decide To Compromise In An Awesome Way,-4.239886868
WATCH: The TEDxTalk That Knocked Me Down A Peg Or Two,-3.044892945
A Hidden Camera Show Goes To Texas. They Did Not Expect To Find This.,-2.981633349
The 3 Happiest Words In Many Parts Of The World Are The 3 Deadliest In Others,-3.75115848
9 Out Of 10 Americans Are Completely Wrong About This Mind-Blowing Fact,-3.787771727
"Ladies, Let Me Tell You What To Think About Women's History Month",-5.322673505
I Honestly Didn't Think A Video About Birds Would Make Me Cry. I Was Wrong.,-3.647092488
This Is Exactly How Desperate We Are To Get Oil Out Of The Ground,-4.423279306
This Is Why It's A Bad Idea To Be Racist In 2013. Or Ever.,-4.199890246
Watch A Nervous Mom Make An Heroic Phone Call While Her Kid Naps,-3.895785696
I Bet A Lot More People Would Become Librarians If They Got To Do It Like This,-4.834693344
Trying To Get Richer? Here's Why You Can Pretty Much Give Up Now.,-4.017113214
A Depressing Map Of The US That Will Make You Not Want To Have Babies,-3.538584966
What Do These Celebrities Hate More Than Paparazzi?,-4.472492288
Germ Warfare? Laughable. We Have A Virus On Earth That Could Literally Destroy The Everything.,-3.680511204
There's A Reason This Is Still My Favorite Internet Video Of All Time,-3.195697578
Watch The Kindest Smackdown I've Ever Seen,-3.670119679
Elizabeth Warren Asks The Most Obvious Question Ever And Stumps A Bunch Of Bank Regulators,-3.04291375
I've Never Met A 15-Year-Old And Thought 'She's Gonna Run The World One Day.' Yet Here We Are.,-3.469993432
Why Is The NRA Defending The Rights Of African Warlords?,-4.247966001
An Open Letter From Jesus To Everyone Who Is Scared Of Gay People,-3.487227278
The Chart That Might Just Bring Forth The Apocalypse,-3.804230878
Newbie Senator Mansplains The Constitution To Second-Longest-Serving Woman Senator. Justice Ensues.,-4.144041345
Why Your Part In The Steubenville Tragedy Is Bigger Than You Think It Is,-4.372552068
This Is Why I’m Afraid Of My Couch,-4.97278507
"B.P. Didn't Actually Clean Up The Oil They Spilled, They Just Covered It Up For A Few Years",-4.885814276
The 1 Thing That Actually Deserves The Death Penalty,-4.057309361
Did AIDS Just Get Cured By A Bunch Of Gamers?,-4.844094988
Stop Turning Everything I Do Into A Political Statement!,-4.253880578
NAILED IT: Watch A Really Smart Comedian Destroy A Really Dumb Idea,-3.251364421
How Science Allowed A Woman To See The Light,-4.820923666
"Why Is It Okay To Show Women Being Tortured On Screen, But Not Doing THIS?",-2.813963923
Offensive Things You Might Say That You Didn’t Realize Were Offensive,-3.407265887
The Tattoo That Misogynist Jerks Think Every Girl Has On Her Thighs,-3.511785368
These Soldiers Served Their Country. Then THIS Happened?,-4.400087737
"The Argument To Overturn The CA Gay Marriage Ban Is So Easy A Kid Could Make It. Oh Wait, He Did.",-3.884511871
Want To Hear A Genius Ruin Politics And Religion In 5 Sentences?,-3.59595912
Hillary Breaks Down Gay Marriage So People With Extra-Thick Heads Can Understand,-3.432426685
Tiny And Terrifying: Why Fate Doesn't Stand A Chance Against These Kids,-5.022402523
The Mysterious Early Death Of A Sexless One-Of-Kind 100-Year-Old,-4.169770457
The Love Story Disney Wished It Made,-3.883049148
These Are Literally The Smallest Apartments You'll Ever See,-4.006040241
"The Argument To Overturn The CA Gay Marriage Ban Is So Easy A Kid Could Make It. Oh Wait, He Did.",-3.471075209
Offensive Things You Might Say That You Didn’t Realize Were Offensive,-3.550276676
"This Map Won’t Tell You Where You Are, But It Will Tell You How Much NRA Money Is In Your State",-4.389314826
Watch This Bride Dump Her Very Important Groom At The Altar,-3.315182422
Why Gardening Is The Most Therapeutic And Defiant Act A Person Can Do,-4.401945969
You Won't Believe What The Happiest Man Alive Does For A Living,-3.98497453
The People With The Most Power In The World Actually Believe This Really Horrible Thing,-4.376970012
"These Christians Are Advocating The Government Do Something, And I'm Actually Not Outraged. At All.",-4.292284259
I Would Hire Any Of These Kids In A Heartbeat. To Be My Boss.,-4.855724091
The Single Greatest Gift For A Woman,-4.390616397
I Don't Like Being Lied To. Neither Did This Documentary Crew.,-3.251443154
The Mysterious Early Death Of A Sexless One-Of-A-Kind 100-Year-Old,-3.760467381
This Is Pretty Much One Of The Coolest Anti-Hate Things I've Ever Seen,-3.849394164
Meet The Students Who Launched The Mother Of All PR Campaigns,-4.192144926
"If My Dentist Caught Me Showing People This, He'd Slap Me In The Face",-4.018751007
Possibly The Most Devastating Response I've Ever Seen In An Immigration Debate,-3.360048108
SWOON: Watch This Star Calmly Blow Apart Any Argument That We Can't Solve Poverty In One Generation,-3.766480158
"And One Of These Days, Someone Will Realize This Is Racist",-3.12452981
Why Women (And Men) Love This Picture So Much,-3.130927129
Remember Sandy Hook? Apparently The Senate Doesn't.,-4.584430277
WTF: Why You're Way More Likely To Get Arrested At The End Of An Officer's Shift,-4.44571561
Remember Sandy Hook? Apparently The Senate Doesn't.,-4.833509518
"A Very Un-Sexy, Sexy Teen Thriller",-4.665395172
Remember Sandy Hook? Apparently The Senate Doesn't.,-4.68085954
Remember Sandy Hook? Apparently The Senate Doesn't.,-5.066024949
Remember Sandy Hook? Apparently The Senate Doesn't.,-4.925418582
Hey Bros: Check Out What This Bro Did When He Found A Drunk Girl Passed Out On HIs Bro Couch,-2.648799424
About To Start An Argument Over Israel and Palestine? Watch This Video First. ,-4.045580171
"Are You Kidding Me, America? How Is This Even Still An Issue?",-3.643223263
"Never Thought I'd Say This, But These Eggs Eat Poo And They're Gorgeous",-4.465908119
People All Across The World Are Demanding This One Thing That The U.N. Says They Can't Have,-4.335588155
Should A Parent Listen To Their Kid In This Situation?,-3.431772773
A Head-Slappingly Simple Strategy That Might Just Reduce The Crime Rate,-4.223890752
Advice From Parents On Preparing For That Horrible Day You Know Is Coming,-3.624834638
"Never Thought I'd Say This, But These Eggs Eat Poo And They're Gorgeous",-4.216168804
"This 9-Year-Old Has Blown Away The Minds Of Millions, Will You Be Next?",-3.665150524
The Olympic Marathon Runner Who Outran His Own Murder,-4.268451344
Obamacare Has 48 Million Fans Who Just Don’t Know It Yet,-4.801800645
Obamacare Has 48 Million Fans Who Just Don’t Know It Yet,-4.195004607
This Supreme Court Justice Just Asked A Rhetorical Question That Might Tear Down Prop 8,-3.201404499
This Girl's Middle School Photography Project Will Steal Your Breath Away,-3.334738378
"If Gay Marriage Isn't Constitutional, Neither Is Straight Marriage If You're Older Than 55",-3.568394791
"What The Craziest Thing About The Fact That Humans Exist? I Don’t Know, But I Bet It’s In Here.",-3.737860076
"She Had One Year To Live, And This Is How She Did It",-3.763328153
I’ve Never Had A Pie Chart Make Me Gasp Before,-4.682305915
Did The Supreme Court Just Legalize Gay Marriage? Well... Sort Of.,-3.030513588
"MUST WATCH: The 0-Emission, Air-Powered Car Big Oil Doesn’t Want You To Know About",-4.602284671
"This Doctor Had A Breakdown, Saw A Therapist, And Ended Up Changing, Like, Millions of Lives",-3.970291914
This Isn’t Just A Car: It’s The End Of Gasoline As We Know It,-4.872576662
"When Your Carbon Footprint Needs A Commercial, Your ‘Feet’ Are Too Damn Big",-5.659814001
"This Doctor Had A Breakdown, Saw A Therapist, And Ended Up Changing Lives",-4.32263613
A Supermodel Hemorrhages During Childbirth And Turns Her Experience Into An International Campaign,-4.225742454
Check Out The Idea That's Got This Guy's Seal Of Approval,-4.537689488
"Some Ideas About Our Economy That Are Bound To Make The Wall Street Journal Very, Very Upset",-4.084800959
"OMG. Google ""Tucker Carlson"" And ""Gay Marriage""",-3.756636131
Why Do Men Think THIS Is OK?,-3.403013913
Pin This Up In Your Mind. Then You'll Never Forget It.,-4.380031893
Jennifer Lawrence Summarizes Everything That’s Wrong With Our Culture Today In 1 Sentence,-2.609181642
You Won’t Believe What This Guy Does In His Spare Time,-4.480304435
How To Eat To Live Instead Of Living To Overeat,-4.262332051
Why The Cheesecake Factory Is Conspiring Against You,-4.135578843
How To Eat To Live Instead Of Living To Overeat,-4.214702549
"OMG. Google ""Tucker Carlson"" And ""Gay Marriage""",-2.99901408
In Case You Missed It: Why Everyone Is Posting Those Pink Equal Signs on Facebook This Week!,-3.449180117
"OMG. Google ""Tucker Carlson"" And ""Gay Marriage""",-3.720914757
In Case You Missed It: Why Everyone Is Posting Those Pink Equal Signs on Facebook This Week!,-3.661082891
"It's Been A Long Week. Need A Hug? Yeah, You Need A Hug.",-4.544166394
"Forget 'God-Given Rights.' In America, It's 'However-Much-Money-You-Happen-To-Have'-Given Rights.",-4.376199833
Watch A Preacher Attack Gay Marriage And Totally Change His Mind On The Spot,-3.026302849
A Rap Music Video All About Women. But Not Like You Think.,-4.490476635
"Congressman 'Accidentally' Uses Horrific Racial Slur, Apologizes, And Is Still Racist",-3.394650424
"Congressman 'Accidentally' Uses Horrific Racial Slur, Apologizes, And Is Still Racist",-3.395588842
Congressman 'Accidentally' Uses Horrific Racial Slur And Hasn't Resigned. YET.,-3.085919077
Why Don't More Moms Talk To Their Daughters Like This Famous Actress Talks To Hers?,-3.207792408
Can We Clone This Adorable 5-Year-Old? She Really Has Her Sh*T Together.,-3.44159325
This Girl Has Some Demands For Her Future Husband — IF She Gets Married,-3.52693706
"It's Hard To Visualize Billions Or Trillions Of Dollars. After You See This, You Won't Want To.",-4.261966483
This Girl Has Some Demands For Her Future Husband — IF She Gets Married,-3.334259241
There's Something Odd About This 'Traditional Marriage' Propaganda Video,-3.399878245
This Girl Has Some Demands For Her Future Husband — IF She Gets Married,-3.459847387
"A Gay Soldier Is Being Singled Out And Prosecuted, But That's Not Even The Craziest Part",-3.974828097
Here's Why We Can't Have Nice Things,-3.35111008
Watch A Lesbian Stage An Intervention With Straight People,-3.452310193
An Open Letter From A Badass Lesbian To Some Sad Straight People,-3.198002202
Watch A Lesbian Dress Down Straight Ignorance And Then Drop The Proverbial Microphone,-3.4029102
Watch A Lesbian Dress Down Straight Ignorance And Then Drop The Proverbial Microphone,-3.248496464
An Open Letter From A Badass Lesbian To Some Sad Scared Straight People,-3.432053716
This Graphic Of Adam Lanza's Home Arsenal Is Devastating,-3.588107365
Everyone Said This Couldn't Be Done. See How This Guy Did It In Under 7 Hours. ,-3.902791335
The Most Honest Cable Company In The World Has A Message For You. It's Not Good.,-3.768498086
Your Cable Company Has Been Keeping A Really Sketchy Secret From You For Like Forever,-3.927333767
The Invisible Bike Helmet That You'll Have To (Not) See To Believe,-3.517138666
The Most Honest Cable Company In The World Has A Message For You. It's Not Good.,-3.948859927
Meet Three Mothers Who Will Never Give Up On Their Children's Education,-4.274998062
The Most Honest Cable Company In The World Has A Message For You. It's Not Good.,-3.839176565
The Most Honest Cable Company In The World Has A Message For You. A Really Jerky Message.,-4.09806313
OMG. Exxon LITERALLY Just Spilled Oil In Your Backyard. Not Joking.,-4.445634664
"If I Could Marry This Speech, I’d Be Buying A Wedding Dress Right Now ",-4.039743429
World’s Largest Online Retailer Takes A Controversial Stand In The Least Controversial Way Possible,-3.743773401
"If Boy Scouts Are Taught To ‘Always Be Prepared,’ Then Why Weren’t They Prepared For The Future?",-4.417309507
So ... What Genius Thought It’d Be A Good Idea To Strip A City Of Its Democracy?,-4.413471467
World’s Largest Online Retailer Takes A Controversial Stand In The Least Controversial Way Possible,-3.665079961
The Canadian Project That Might Ruin Our Future,-4.136020561
So ... What Genius Thought It’d Be A Good Idea To Strip A City Of Its Democracy?,-3.774721448
The Only Thing ‘Unnatural’ About Gay Marriage Is That There Aren’t Enough Ads Out There Like This,-3.355294936
"North Korea Would Ban This Video If They Could. Lucky For Us, They Can't.",-3.427860438
This 9-Year-Old Kid Has More Wisdom In His 'Star Wars' Pajamas Than I Will Obtain In A Lifetime,-3.781931709
You Won’t Believe What These Muslims Are Protesting About,-3.211268011
You Will Not Believe What It Takes To Escape North Korea,-3.731619608
North Korea Doesn't Want You To See This And They'll Be Really Furious If You Share It,-3.220767526
"North Korea Doesn't Want You To See This, And They'll Be Really Furious If You Share It",-3.088666504
"Air, People! This Car Runs Entirely On AIR!",-4.125425145
This Adorable Kid Just Wants To Take A Girl On A Date. So Why Is That Such A Big Deal?,-3.845996652
"I Don’t Know Anything About Soccer, But This Is The Most Inspiring Goal I’ve Ever Seen",-3.390024081
This Is One Woman No Man (Or Building) Will Mess With Again,-4.113570322
The Risk Of Drowning Has Never Looked So Appealing,-3.684737028
You Won’t Believe What The Chinese Government Did To These 26 Million Children,-3.853720452
"History May Not Remember This Speech, But I Guarantee That You Will",-3.257504647
This Guy Says Plants Can Change People. So What If He Plants A Garden In A Gang-Ridden Neighborhood?,-4.177718139
How Kids Are Playing With Something Far More Dangerous Than Guns Every Day At School,-3.075421249
The Surprising And Creepy Place Where Men Still Act Like They Own Women,-3.657172922
George Washington Took This Little Secret To His Grave.,-4.080381991
Our Nation's Capital Has A Secret. And It's Dirtier Than You Can Possibly Imagine.,-3.794015807
DC's Dirty Little Secret About Fish And Sex.,-3.916146723
The Mainstream Media Is Too Busy Covering War To Show You THIS,-4.022175758
Our Nation's Capital Has A Secret. And It's Dirtier Than You Can Possibly Imagine.,-3.68085414
A Bunch Of Nerds Got Tired Of Cyberbullies So They Used Their Powers Of Science To Fight Them,-3.880473605
A Bunch Of Nerds Got Tired Of Cyberbullies So They Used Their Powers Of Science To Fight Them,-3.484243739
"A Bunch Of Nerds Got Tired Of Cyberbullies, So They Used Their Powers Of Science To Fight Them",-3.572382356
The Little Girl's Toy That Thousands Of Grown-Ass Men Can't Wait To Play With.,-3.415641366
What Lots Of Teachers Think But Are Scared To Say,-3.450615095
The Little Girl's Toy That Thousands Of Grown-Ass Men Can't Wait To Play With.,-3.087644557
Dear Straight People: We Have To Talk,-3.254772002
"If You Like Big Ideas, Then This Guy Has Got THE BIGGEST Idea You've Ever Heard",-3.88968848
"They Had Polio And The Black Plague, We've Got This To Deal With",-3.47712269
Rape Culture Is Alive And Well In America Because Of These 6 Things,-3.241895219
The People We Love And Read About Are The Same People Destroying America,-3.807373348
One Of The Wrongest Harry Potter Related Anti-Abortion Signs You'll Ever See,-2.797023399
"The One Word You Can’t Put On Your Package, If You Want It Delivered On Time",-3.637999411
"Only One Major City Wasn't Rioting The Day Martin Luther King Jr. Was Shot, And This Is Why",-3.682104733
Meet The Woman Who Has A 20% Chance Of Living Because Of One Company's Greed,-3.930704556
"Only One Major City Wasn't Rioting The Day Martin Luther King Jr. Was Shot, And This Is Why",-3.634023634
Jon Stewart Pins Down The Right Wing Media With Their Own Words,-3.144966838
An Iraq War Veteran Provides A Shocking Demonstration With His Weapon,-3.73074763
Finally: A Kid’s Show That Isn’t Peddling Obesity And Actually Respects Kids,-3.828111033
"It's Hard Enough Convincing Some Women They Need Feminism, So When A Dude Gets It...",-3.393312978
It's Annoying When Rock Stars Complain About Their Fans. But Not When They Do It Like This.,-2.622051092
Are These REALLY The Most Dangerous People In America?,-4.007771205
I Hate When Rock Stars Complain About Their Fans. But Not When They Do It Like This.,-2.562764758
8 Things Women Want That Most Men Take For Granted,-3.25397356
Rapper Brags About Being Arrested. Because He Was Arrested For Doing Something Really Good.,-3.439605986
Watch Roger Ebert Tell A Sanctimonious White Dude To Shut His Preachy Race-Obsessed Pie Hole,-3.18537987
See The Video That Got This Terrific Tree Hugger Fired,-4.198921639
"WTF: Lindsay Lohan Might Never Go To Jail, But These Hardworking Kids Totally Will?",-4.082368371
A White Dude Told Some Asians How To Act Asian. Probably Shouldn't Have Done That Near Roger Ebert.,-3.177286665
Conservative Economist Condescends To A College Kid Studying Science And Gets Schooled In Economics,-3.089329309
Teacher Caught On Camera Making A Student Cry. It’s Actually Pretty Amazing.,-3.127681676
Remember Sandy Hook? Apparently The Senate Doesn't.,-4.334224906
I Wish America Could Follow The Advice On The Dollar Bill As Well As Europe Can,-3.881299423
College Kid Forced To Remind Know-It-All Economist That He's Actually Not A Scientist,-3.168303251
This Would Almost Be Funny If It Wasn't Spreading Lies And Homophobia,-4.241948284
College Kid Forced To Remind Know-It-All Economist That He's Actually Not A Scientist,-3.21126399
The Scariest Horror Film Of The Year Is Actually A Documentary,-4.006973084
College Kid Forced To Remind Know-It-All Economist That He's Actually Not A Scientist,-3.22334582
"This Filmmaker Could Have Been Killed At Any Moment, But He Kept The Camera Rolling Anyway ",-3.548042093
Can You Guess What All These Incredible Women Have In Common?,-5.286698403
"This Filmmaker Could Have Been Killed At Any Moment, But He Kept The Camera Rolling Anyway",-3.387072594
You Don't Need To Speak A Foreign Language To Understand How Insane This Is,-3.750810412
A Young Boy Goes Missing And One Person Waits An Entire Lifetime For His Return,-4.454216637
A Young Boy Goes Missing And One Person Waits An Entire Lifetime For His Return,-4.195519861
A Young Boy Goes Missing And One Person Waits An Entire Lifetime For His Return,-4.525581305
Check Out This Hilarious But Real Prank A Bank Pulled On Men,-4.033827022
Do You Know Which College Majors Have The Highest And Lowest Employment Rates?,-4.243271538
"Wow, The Newest Anti-Gay-Marriage Arguments Are Getting Even Crazier",-3.929435737
What’s The Most Quietly Despised One-Fifth Of America Nobody’s Talking About?,-3.520600844
America Put This Famous Gay Space Dude In Jail When He Was 5 Years Old. Now He's On Broadway?,-4.361313593
America Is #1 In A Lot Of Things. This Shouldn’t Be One Of Them.,-4.094477887
America Put This Famous Gay Space Dude In Jail When He Was 5 Years Old. Now He's Going Where?,-3.821859224
America Is #1 In A Lot Of Things. This Shouldn’t Be One Of Them.,-3.948287654
Now Here’s A President Who Gets Kids,-3.855949975
America Put This Famous Gay Space Dude In Jail When He Was 5 Years Old. Now He's Going Where?,-3.656724628
This Is What Happens When You Put A 5-Year-Old In Jail?!?!,-3.779905041
Why You Should Never Dance In Front Of A Former President. Especially If He’s Stoned,-3.674728708
"Here's How Immigration Works, And I Still Don't Get It",-4.286433081
This Rapper Just Schooled Us All. Incredible.,-4.155598374
"This Might Be Why I Thought ""Harry Potter"" Was Written By A Dude For So Long",-3.666257066
"If You Enjoy When Rich People Fail, You’ll Love This Chart",-3.920180122
"This Doctor Went Underwater, And She Emerged Sopping Angry",-4.141220484
"If Every State Did This One Thing, More Women Would Be Alive Today",-4.26306568
This Man Thought He Was Going To Die. His Daughter Was Thinking Something Else Entirely.,-3.44528448
The Random Internet Quote Guaranteed To Give You The Chills,-3.901311637
Hello Africa. Have You Picked Yourself Off The Floor Yet?,-3.841167656
"Like Being A Woman In America Isn't Hard Enough, Now We Have To Worry About This?",-3.473992539
One Comedian Picks On Adele. Then Another Comedian Turns It Into A (NSFW) Teaching Moment.,-3.323377333
What Do Facebook And Wal-Mart Have In Common?,-3.946654449
Watch The Best TV Show Ever Destroy American Educational Policy In Less Than 2 Minutes,-3.618936283
"When This Guy Stopped Worrying About Looking Normal, He Became Superhuman",-3.455633879
Watch The Video That Coca-Cola And McDonald's Hope You Never See,-3.334259241
"If Homophobes And Bigots Are Getting You Down, Give Yourself A Pick-Me-Up",-3.599513113
There Is Bravery In This World. A 9-Year-Old Kid In Star Wars Pajamas Taught Me That.,-4.060185643
This 9-Year-Old Kid Has More Wisdom In His 'Star Wars' Pajamas Than I Will Obtain In A Lifetime,-3.507877781
That Thing They Teach You About In Health Class Isn't Nearly As Dangerous As It Used To Be,-3.850839284
This 9-Year-Old Kid Has More Wisdom In HIs 'Star Wars' Pajamas Than I Will Obtain In A Lifetime,-3.122783216
This 9 Year Old Kid Has More Wisdom In HIs 'Star Wars' Pajamas Than I Will Obtain In A Lifetime,-3.391289303
We Couldn't Decide Wether Or Not To Accuse Google Of Not Caring About Your Privacy In This Headline,-4.512348433
"What Does It Mean To NOT Be A Girl? Everything, apparently. ",-3.629793666
"I Can't Believe Kids Aren't ALREADY Learning This In School. No Wait, Yes I Can.",-3.620797247
Does Anyone Have Mark Zuckerberg's Cell Number? Something Awful Might Happen To Your Facebook Stuff.,-3.324457422
"I Can't Believe Kids Aren't ALREADY Learning This In School. No Wait, Yes I Can.",-3.562136698
"I Can't Believe Kids Aren't ALREADY Learning This In School. No Wait, Yes I Can.",-3.48791901
Elizabeth Warren Forced To Lecture Bank Regulator Like He's A Child Who Did Something Awful,-3.942341333
"Hey, Bank Regulators: If You Are Gonna Be Questioned By Senator Warren, Don't Ever Say This",-3.477317979
Watch A Bank Regulator Squirm As Senator Warren Holds Him Accountable For His Awful Words,-3.631213812
Sigh. Elizabeth Warren Embarrasses Bank Regulators To Their Faces. Again.,-3.65279667
Sigh. Elizabeth Warren Embarrasses Some Bank Regulators To Their Faces. Again.,-3.716437398
Sigh. Elizabeth Warren Embarrasses Some Bank Regulators To Their Faces. Again.,-3.578486215
" If You Hate It When Companies Get Away With Not Paying Taxes, Here's A Way To Vent Productively",-4.429693077
A Terrified Child Genius Saves His Own Life With Engineering Skills,-3.143042778
" If You Hate It When Companies Get Away With Not Paying Taxes, Here's A Way To Vent Productively",-4.578369798
" If You Hate It When Companies Get Away With Not Paying Taxes, Here's A Way To Vent Productively",-3.901898937
" If You Hate It When Companies Get Away With Not Paying Taxes, Here's A Way To Vent Productively",-4.240044764
I Dare You To Watch This And Hold Back The 'Hoo-ah!',-3.944209692
I'm Finding It Really Hard To Say Something Nice About This Horribly Well-Designed Map,-3.738802763
I Dare You To Watch This And Hold Back The 'Hoo-ah!',-3.800599704
"If You Hate It When Companies Get Away With Not Paying Taxes, Here's A Way To Vent Productively",-4.455956019
How Have I Not Seen This Informercial Before?,-3.81447503
"If You Can Guess How Much BP Paid In Taxes In 2010, I'll Pay You Double What They Paid",-3.676205493
This Is What Bigoted People Sounded Like Less Than 10 Years Ago,-3.165247629
Go Ahead. Try To Watch This And Hold Back A 'Hoo-ah!',-4.133602115
Go Ahead. Try To Watch This And Hold Back A 'Hoo-ah!',-4.267550625
What The End Of Your Day Would Look Like If These People Had Their Way,-3.990319542
Watch This Mother Take Down The Gun Lobby In Less Than A Minute,-3.290504536
"This Scottish Crap Might Save The Lives Of 50,830 Americans Every Year",-3.655034991
Watch A Bunch Of American Soldiers Invade Our Own Country. For A Good Reason.,-3.694797162
This Mother And Father Are Smiling. But What She Has To Say Will Tear You Apart.,-3.192597481
"If BP Made $36 Billion In 2010, And Their Tax Rate Is 35%, How Big Was Their Tax Bill?",-4.212044365
"When You Ask People Who Their Favorite Superhero Is, A Pattern Starts To Emerge...",-4.058874383
Do You Know The REAL Feminist History Of One Of The Toughest Lady Superheroes Of All Time?,-3.61778018
This Is Why Journalism Has Sucked For The Past 20 Years,-3.275468661
This Is What Bigoted People Sounded Like Less Than 10 Years Ago,-2.92568843
Watch A Bunch Of American Soldiers Invade Our Own Country. For A Good Reason.,-3.849394164
"Dear Boston, We Want You To Know We Totally Have Your Back",-4.088145613
She Thought She Was Alone Until She Shared Her Music With The World,-3.948573115
Guess What? I Just Discovered The Trick To Paying No Taxes!,-3.846627848
Patton Oswalt's Much Needed Love Letter To Boston And The Rest Of Humanity,-3.673398799
2 People Described The Same Person To A Forensic Artist And This Is What Happened,-2.809482747
Why You’re Being Smart For Not Liking This Little Girl,-2.869691553
This Guy Takes On The Topic That’s Got So Many Of Us Stark Raving Squeamish,-3.93110582
I Wish All The People Who Love Gay Rights Would Just Stop Talking On Friday,-4.499224704
She Has Two Fathers And It Makes Her So Happy She’s Singing About It,-4.542073248
"What’s This Straight, White Dude Carrying That Made Him A Hero To Many?",-3.938397777
"The 1 Chart That Most Sane, Reasonable Folk, And Taco Bell, Will Be Really Happy About",-5.063860055
CHART: Proof Americans Have More Common Sense Than Ever Before,-4.815293166
"Want Another Reason To Turn Off Fox News? You’re Welcome 
",-4.855114167
Her Parents Are Cool And Sometimes Strict And Definitely Both Dads,-4.724712679
"If You Watch This Video, You Probably Won’t Need To Turn On Fox News For A Few Months",-4.286180597
"Mr. Rogers Said, 'Look For The Helpers.' They’re Hard To Find In This Video.",-4.123761102
The Future Of Marriage Equality In One Stunning Chart,-4.720686504
If You Saw Someone Bullying A Kid For Being Gay Would You Speak Out? Me Too. Unless It's Friday.,-4.770143548
A White Dude Told Some Asians How To Act Asian. Probably Shouldn't Have Done That Near Roger Ebert.,-4.058842014
If You Saw Someone Bullying A Kid For Being Gay Would You Speak Out? Me Too. Unless It's Friday.,-4.467002211
"Keeping Track Of How Many Lives Rap Music Has Saved? If So, Add This Girl To Your List.",-4.846016578
The Most Inspiring Slab Of Concrete You’ll See Today,-5.157756718
If You Saw Someone Bullying A Kid For Being Gay Would You Speak Out? Me Too. Unless It's Friday.,-4.731146515
If You Saw Someone Bullying A Kid For Being Gay Would You Speak Out? Me Too. Unless It's Friday.,-4.133753795
"Sometimes Corporate Tax Breaks Are Cartoonishly Unfair. This Time, For Instance.",-4.738677993
"If ‘Lolita’ Were Ever To ‘Hitchhike’ With A ‘Stranger’ To An ‘Animal Farm,’ It Would Look Like This",-4.798249275
"Ohhhh, So THIS Is What A Grown-Up Government’s Supposed To Look Like",-4.574710979
This Is What It Looks Like When Education Becomes Exploitation,-5.143233416
These Talented Artists Said Everything By Saying Almost Nothing At All,-4.963203182
You Know What The Founding Fathers Said About Your Right To Bear Arms? This.,-3.98178435
"Sometimes Corporate Tax Breaks Are Cartoonishly Unfair. This Time, For Instance.",-4.468237571
You Know What The Founding Fathers Said About Your Right To Bear Arms? This.,-3.728549706
You Know What The Founding Fathers Said About Your Right To Bear Arms? This.,-3.929393387
The City Of Boston Sings The Most Heartfelt Rendition Of The National Anthem I've Ever Heard,-4.253947722
The City Of Boston Sings The Most Heartfelt Rendition Of The National Anthem I've Ever Heard,-4.463689901
LOL! Even Stephen Colbert's Character Can't Stomach The Actual Racism Of 'Accidental Racist'.,-3.273684061
"I Have A Really Secret Way To Help Protect Gay Kids From Bullying
",-4.697087808
This New Zealand Politician Unleashes One Of The Funniest Gay Marriage Speeches On Record,-3.368389922
Meet The Horrifying Demon That Has Crept Into Our School System,-3.816160526
The Future Of Marriage Equality In 1 Stunning Chart,-3.974515041
Here's Why You Don't Mess With A Feminist And Her Laptop,-4.610898429
Jon Stewart Rips Into CNN For Lying About The Boston Marathon,-2.937768582
A Right-Wing Bully Bullies A Bunch Of Gay Teens To Stop Them From Stopping Bullying,-3.851024602
Here's Why You Don't Mess With A Feminist And Her Laptop,-4.068936782
A Right-Wing Bully Bullies A Bunch Of Gay Teens To Stop Them From Stopping Bullying,-3.851238114
How Do Scientists Think About God? My All-Time Favorite Scientist Has The Answer.,-3.479376522
"A Lawyer, A Wizard, And A Vampire All Walk Into An Infographic...",-4.513646479
"A Lawyer, A Wizard, And A Vampire All Walk Into An Infographic...",-4.613015438
These Talented Artists Said Everything By Saying Almost Nothing At All,-4.552849406
This Is What Happens When You Allow Gay People To Get Married In Your Country,-3.138851533
This Is What Happens When You Allow Gay People To Get Married In Your Country,-3.498631832
"This Is How The World Doesn't End, Not With A Whimper, But With The Click Of Your Camera Lens?",-5.525452939
"If You're A Human Being, You're Going To Want To See This",-4.203955292
"If You're A Human Being, You're Going To Want To See This",-4.092282513
"If You Watch Hilary Swank Push A Whiny Senator, $1 Will Go To Punching Malaria In The Face",-3.603434248
Why You Shouldn't Want To Know Any More About The Boston Marathon Bombers,-3.339099162
Would You Sleep In An Apartment Furnished Like This?,-3.606432053
How A Talk Show Host Found Out The Hard Way There Are Some Things Bob Costas Won’t Joke About,-3.577722905
The Feds Will Not Be Cutting Your Social Security. They'll Just Be Decreasing Your Benefits By 10%.,-4.896346148
The Feds Will Not Be Cutting Your Social Security. They'll Just Be Decreasing Your Benefits By 10%.,-5.013334351
I Can't Believe What The Government Is Planning To Do To Your Sweet Gentle Old Grandma,-4.616966996
"The One Where The Weather Lady Starts Telling The Truth. A Little Too Much Truth, To Be Honest.",-3.320358561
"The One Where The Weather Lady Starts Telling The Truth. A Little Too Much Truth, To Be Honest.",-2.99779008
"Why The World Loves Millionaires, But Hates When Millionaires Do Charity",-4.455299949
"I Can't Believe What The Government Is Planning To Do To Your Poor, Gentle, Sweet, Old Grandma",-4.557195479
"You Will Not Believe What The Government Is Planning To Do To Your Poor, Gentle, Sweet, Old Grandma",-4.75482096
The Most Passive Aggressive Way To Cure Malaria Using Elizabeth Banks I Have Ever Seen,-3.985494283
"The DIY House That The Real Estate Industry Hopes You Won’t See
",-3.850147602
The Most Passive Aggressive Way To Cure Malaria Using Elizabeth Banks I Have Ever Seen,-3.949187835
The Most Passive Aggressive Way To Cure Malaria Using A Famous Actress I Have Ever Seen,-3.870278757
The Most Passive Aggressive Way To Cure Malaria Using Elizabeth Banks I Have Ever Seen,-4.215872381
The Most Passive Aggressive Way To Save Children Using Elizabeth Banks I Have Ever Seen,-3.623581837
Watch Men Playing The Coldest Major Professional Sport Warm Your Heart By Doing The Right Thing,-4.143864254
"If There Are 2 Things I Learned From 'Star Trek,' It's This, And Also Tribbles Are A Pain In The A**",-4.202479005
"If You Watch Hilary Swank Annoy A Whiny Senator, A Charity Will Punch Malaria In The Face",-3.757971331
Do You Know What’s Being Largely Overlooked In The Marriage Equality Debate?,-3.905737197
The Real Reason The Star Trek Franchise Is Still Making Buckets Of Money,-3.960541024
"Two Years Ago, President Obama Quietly Signed A Radical Media Bill. It’s About To Go Live.",-3.516262211
"If You Watch Hilary Swank Annoy A Whiny Senator, You Will Be Helping Punch Malaria In The Face",-3.36144037
The Most Passive-Aggressive Way To Save Children Using Elizabeth Banks I Have Ever Seen,-3.685354731
Somebody Looked At This And Thought It Was OK To Sell. What On Earth Were They Thinking?!,-3.010934058
Simon Cowell Is Caught On Tape Laughing At A Boy Who Has Cerebral Palsy,-3.610917913
"If You Want A Raise, I'd Try Getting This For All The Kids In Your Neighborhood",-4.36126168
If You Do THIS To Kids You Will Make More Money,-4.397025527
Guess How Much Money The Senators Who Voted Against Background Checks Got From The NRA?,-4.163953041
A Women Lost Both Of Her Legs At The Boston Marathon. She Just Found A Reason To Smile.,-3.094649481
Homelessness And Hunger Wouldn't Be Problems If America Didn't Hate Charity So Much,-4.651801688
"Well, That Pretty Much Disproves Everything I Thought I Knew About The Human Body",-3.954927678
Why Is A Successful Actress Like Sophia Bush Living On $1.50 A Day?,-4.308949346
You Will Not Believe What It Cost The NRA To Make Sure Background Checks Got Killed,-3.956799786
The Very Games Of Thronesy History Of The Vatican,-4.608888754
"The Completely Obvious Way To Solve Homelessness
",-3.714723698
"If You Can Read This, You're One Of The 83 People In The World Who Can ",-3.15020321
Chimpanzees Freed After 30 Years Of Testing. Brace Yourself For Smiles.,-2.936524599
You Will Not Believe What It Cost The NRA To Make Sure Background Checks Got Killed,-3.974316642
How Did This Young Boy Go From His Wheelchair To Breakdancing In A Single Afternoon?,-4.178274544
This Is What Happens When A Judge Sentences A Man To Dress Up Like A Woman,-4.081038031
If You Do THIS To Kids You Will Make More Money,-4.818592217
"If You Do THIS To Kids, You Will Make More Money",-4.387422499
This Is What Happens When Bigots Put Ads On Buses,-3.619199533
Here’s A Very Important Story That The Mainstream Media Isn’t Really Covering,-3.097847185
So this is what you do when you leave the NBA,-4.11197843
You Will Not Believe What It Cost The NRA To Make Sure Background Checks Got Killed,-3.521240005
How Often Does A Football Player Make You Cry? Depends On How Many Times You Watch This Video.,-3.584136032
You Will Not Believe What It Cost The NRA To Make Sure Background Checks Got Killed,-3.349021604
An Anti-Gay Scoutmaster Gets A Hard Life Lesson From A Straight Boy Scout And A Gay News Anchor,-3.234330997
An Anti-Gay Scoutmaster Gets A Hard Life Lesson From A Straight Boy Scout And A Gay News Anchor,-2.922323358
An Anti-Gay Scoutmaster Gets A Hard Life Lesson From A Straight Boy Scout And A Gay News Anchor,-3.099673177
The One Cause That Has The Tea Party And Progressives Marching Side By Side,-4.729268933
"Something Tells Me Exxon Won't Be Running This Ad Anytime Soon 
",-4.666105525
"Young Child Dies In Tragic Accident At The Mall. No Wait, Unknown Hero Appears Out Of Nowhere And Saves Him.",-2.864205559
"After This, You’ll Never Look At The Ocean The Same Way Again",-3.641283022
After This You’ll Never Look At The Ocean The Same Way Again,-3.877218694
"If You Watch Hilary Swank Annoy A Whiny Senator, You Will Be Helping Punch Malaria In The Face",-4.257073393
"After This, You’ll Never Look At The Ocean The Same Way Again",-3.640456869
"Move Over Pussy Riot, These Pakistani Dudes Might Die For Doing This",-4.019744368
Three Pakistani Guys Pull A Prank So Hard They Might Die For It,-3.791616532
You’ll Be Shocked At What Exists In One Of The Richest Areas In The World,-4.027333852
There’s One Huge Problem In Google And Facebook’s Back Yard,-3.922175377
Three Guys Pull A Prank So Hard They Might Die For It,-3.41642477
I'd Be Okay With Filibustering If More Filibusters Were As Funny As This One,-3.44438529
This Is What Democracy Looks Like When A Nerd Does It,-3.650750344
Representative Brian Sims Brings The House Down With A Single Sentence About Abortion,-3.453978119
If I Had To Deal With What These Women Dealt With I Would Be Mad Too,-3.992224305
A Girl Gets Attacked At School For Being STRAIGHT?!,-3.52290629
If I Had To Deal With What These Women Deal With I Would Be Mad Too,-3.840373547
A Girl Gets Attacked At School For Being STRAIGHT?!,-3.673057266
Representative Brian Sims Brings The House Down With A Single Sentence About Abortion,-2.978483386
The People Who Approved These Ads Have A Lot Of Explaining To Do,-3.712295946
A Girl Gets Attacked At School For Being STRAIGHT?!,-3.154895778
The People Who Approved These Ads Have A Lot Of Explaining To Do,-3.034852472
Representative Brian Sims Brings The House Down With A Single Sentence About Abortion,-3.205281733
If I Had To Deal With What These Women Deal With I Would Be Mad Too,-4.180118911
Everything You Need To Know About CNN's Boston Coverage In One Horrifying Hilarious Video,-3.873340465
This Guy Has Gotten More Confessions Out Of People Than Da Frickin' Pope,-3.876452764
This Guy Has Gotten More Confessions Out Of People Than Da Frickin' Pope,-3.558495811
This Guy Has Gotten More Confessions Out Of People Than The Frickin' Pope,-3.664090187
This Guy Has Gotten More Confessions Out Of People Than The Frickin' Pope,-3.451390298
"Here's An Anniversary That Anti-Gay Activists Would Love To Forget 
",-4.44698574
A Bunch Of People In Israel Were Asked What They'd Wish For. Their Answers May Surprise You.,-4.350189554
Can You Guess How Long This Veteran Has Been On The Streets?,-5.127744702
A Bunch Of People In Jerusalem Were Asked What They'd Wish For. Their Answers May Surprise You.,-4.130210475
"If You Could Have 1 Wish, Would It Be More Awesome Than What These Guys Said?",-3.551936383
"If You Could Have 1 Wish, Would It Be More Awesome Than What These Folks Said?",-4.163876663
"If You Could Have 1 Wish, Would It Be More Awesome Than What These Guys Said?",-4.013922995
"If You Could Have One Wish, Would It Be More Awesome Than What These Guys Said?",-3.894750508
"Some Jerks Freaked Out About A Gay NBA Player, So The President And The Internet Responded Like This",-3.710215107
Mind Blown: The Surprising Truth About The Color Pink,-4.081997589
"Some Jerks Freaked Out About A Gay NBA Player, So The President And The Internet Responded Like This",-3.521894238
This Poem Is Like A Prayer. And This Prayer Belongs In Every Public School.,-4.236738085
An Interviewer Asks An Expert What We Can Do To Stay Safer. Her Answer Is Not What I Expected.,-3.862796849
Here’s The Secret Behind All Your Actions That I’m Betting You’re Too Afraid To Watch,-4.489778357
Some Big Things Are Hiding Right In Front Of You. And In You.,-4.766721981
"A Seriously Scary Thing Is Scheduled To Happen In New York This November
",-3.625156926
An Interviewer Asks An Expert What We Can Do To Stay Safer. Her Answer Is Not What I Expected.,-3.214347314
This Poem Is Like A Prayer. And This Prayer Belongs In Every Public School.,-4.032361695
3 Words I Wish I'd Heard When My Boyfriend Cheated On Me,-3.390785551
"He Wants To Be A Marine, So Why Won’t We Let Him?",-4.503052271
Everything You Know About Sugar Is About To Be Blown Away,-3.336868263
"If You Use This Awful Racial Slur, You Should Probably Resign. Even If You Dine With Black People.",-3.545446991
Everything You Know About Sugar Is About To Be Blown Away,-3.282762475
"Wait, They Say He’d Make The Perfect Marine — So, Why Are We Trying To Get Rid Of Him?",-4.555353179
"14 Books The Giant Nerds At Upworthy Are Reading And Shamelessly Promoting, As If You Care",-4.325142361
People Turn To The Internet For Answers. Their Questions Will Make You Cry.,-3.616418477
"This Girl Lost Her Mom, Her Grandma And Her Hearing. So Why Is This Rock Band Playing Her A Song?",-3.850844952
3 Words I Wish I'd Heard When My Boyfriend Cheated On Me,-3.518747453
"Are We Ready For A Lady President? But I Mean, Like, Are We REALLY?",-4.942164934
A Million Facepalms For All The Ways Everyone Got Racist After The Boston Bombings,-4.508695394
A Seriously Scary Thing Is Scheduled To Happen In One Of Our Greatest Cities This November,-3.569463989
People Turn To The Internet For Answers. Their Questions Will Make You Cry.,-3.635928548
"In Case You Missed It, A Seriously Scary Thing Is Scheduled To Happen To New York City In November",-3.488491486
"In Case You Missed It, A Seriously Scary Thing Is Scheduled To Happen To New York City In November",-3.585130542
"In Case You Missed It, A Seriously Scary Thing Is Scheduled To Happen To New York City In November",-3.591563718
Senator Al Franken On How Cheetos Are Bringing Forth The Apocalypse? Sort Of?,-4.667831947
Senator Franken Forced To Use Kid's Analogy To Help Other Senators Understand That Science Is Real,-3.947462315
Senator Franken Forced To Use Kid's Analogy To Help Other Senators Understand That Science Is Real,-3.655505561
Senator Franken Forced To Use Kid's Analogy To Help Other Senators Understand That Science Is Real,-3.510934272
"This Anti-Abortion Dude Is Awfully Eager To Make Sure Sexually Active Teenage Girls Get Pregnant
",-4.227284216
The Classy Way To Take On People Who Hate You,-3.632045459
This Parody Of Fox News Is Actually More Responsible About Fact Checking Than The Real Fox News,-3.716335931
Watch An Abused Child Get A Secret Help Message In Broad Daylight That His Abuser Can't See,-3.143368272
Watch An Abused Child Get A Secret Help Message In Broad Daylight That His Abuser Can't See,-3.246127014
Imagine If A Company Patented Your Fingers And Sued You If You Tried To Use Them. Imagine No More.,-4.910956612
These Artists Figured Out An Awe-Inspiring Way To Celebrate Mother's Day. Want To Join In?,-4.920336924
What’s It Like To Leave Your Culture Behind And Be Unwelcome In Your New Home?,-4.673195269
Creepy Corporation Does Something So Cartoonishly Evil That We Have To Make A Dr. Evil Reference,-4.272146542
"When The Internet Goes Down, This Powerful Channel Is Still Up And Running",-4.537689488
How Al Gore Could Have Won The 2000 Presidential Election With Ease,-4.278815607
"Guess Who Is Responsible For 25% Of The American Diet?
",-4.863411472
"You Think You Don’t Need To See This Hand-Washing Video. But You Do.
",-3.555731497
Creepy Corporation Does Something So Cartoonishly Evil That We Have To Make A Dr. Evil Reference,-3.932945454
Your Body Was Just Patented By A Corporation. You. Your Specific Body. I'm Not Joking.,-3.683579721
"You Won't Believe The Effect The Internet's Having On Your Brain. Actually, You Will.",-4.150576621
What Do Hidden Cameras Reveal About Humanity? Something Amazing.,-3.510209758
A Truly Great Woman Reads An Homage To Her Favorite Body Part,-4.447866392
"I Just Learned How To Use A Paper Towel Properly For The First Time In My Life 
",-3.453297758
"A Woman With A Great Mind Asks You To Take A Moment To Appreciate Her Body 
",-4.213380374
Creepy Corporation Does Something So Cartoonishly Awful That We Have To Make A Dr. Evil Reference,-3.708999424
Corporation Does Something So Cartoonishly Awful That We Have To Make A Dr. Evil Reference,-3.808493573
American Attitudes Towards These People Have Changed Since Never,-4.176918002
Awful Corporation Does Something So Cartoonishly Creepy That We Have To Make A Dr. Evil Reference,-3.830341274
An Awful Corporation Does Something So Cartoonishly Creepy That We Have To Make A Dr. Evil Reference,-3.543480687
Because Your Mom Probably Doesn't Want Chocolate And A Coupon Book,-4.334511342
Definitive Proof That There's No Such Thing As Boy Toys Or Girl Toys (Until You're Over 18),-4.295197059
Last I Checked The Bible Doesn't Say Anything About Memorizing Trivial Quotes. It Does Say This.,-3.855008272
Watch These Straight People Answer A Question Gay People Have Been Asked For Years,-3.163074355
"We Don't Teach Kids Chemistry In Gym Class, So Why On Earth Would We Teach This In Science Class?",-4.18945795
Watch These Straight People Answer A Question Gay People Have Been Asked For Years,-2.833955321
"If These Women Are Brave Enough To Show Their Faces, We Should Be Brave Enough To Watch This Video",-3.473378777
The Scariest Math Problem I've Ever Seen. Can You Solve It?,-3.765949851
I Needed A Reason To Cheer Today And Here It is,-3.91563552
I Needed A Reason To Cheer Today And Here It is,-4.021108533
"Congratulations, World! We're Number 1 In The Most Disturbing Thing EVER!",-3.362998599
"Congratulations, World! We're Number 1 In The Most Disturbing Thing EVER! WEE!",-3.59165568
"Meet Dale. Gay People Make Him Uncomfortable. Ironically, He Makes Everyone Else Uncomfortable.",-3.773590076
This Is Dale. This Is Dale's Raging Homophobia. This Is Everyone Else Judging Dale. Bad Dale.,-4.079059804
This Is Dale. This Is Dale's Raging Homophobia. This Is Everyone Else Judging Dale. Bad Dale.,-3.800293041
"Meet Dale. Gay People Make Him Uncomfortable. Ironically, He Makes Everyone Else Uncomfortable.",-3.795016979
"Meet Dale. Gay People Make Him Uncomfortable. Ironically, He Makes Everyone Else Uncomfortable.",-3.725007523
"Gay People Make Him Uncomfortable. Ironically, He Makes Everyone Else Uncomfortable.",-4.447042785
Student Freaks Out In Front Of His Class And Says What We're All Thinking About Our Education System,-3.496761111
"If These Women Are Brave Enough To Show Their Faces, We Should Be Brave Enough To Watch This Video",-4.124736111
"The Earth-Shatteringly Amazing Speech That’ll Change The Way You Think About Adulthood
",-4.067355253
"An Earth-Shatteringly Amazing Speech That Is Sure To Crash Your Pity Party
",-4.153877017
"The Last Time This Awful Thing Happened, We Didn't Even Exist",-4.180421988
The Earth-Shatteringly Amazing Speech That’ll Change The Way You Think About Adulthood,-3.784353126
America's Moms Have Looked Around And Found A Few Completely Unacceptable Things,-4.238979809
Definitive Proof That There's No Such Thing As Boy Toys Or Girl Toys (Until You're Over 18),-4.673263428
Elizabeth Warren Has A New Idea That’ll Make You Swoon,-4.12589292
"Elizabeth Warren Smacks Down Big Banks In The Friendliest Way Possible. Ya Know, For Kids!",-4.936927492
Senator Uses Logic To Suggest That Maybe We Shouldn't Let Banks Rob Your Kids. Awesome Bill Ensues.,-4.698714901
Senator Uses Logic To Suggest That Maybe We Shouldn't Let Banks Rob Your Kids. Awesome Bill Ensues.,-4.49791085
Your Mom Went Through Hell For You. So The Least You Could Do Is Watch This.,-4.17915557
Some People Are Going To Get Really Mad When They See This Picture. It Just Makes Me REALLY Happy.,-3.728139253
Some People Are Going To Get Really Mad When They See This Picture. It Just Makes Me REALLY Happy.,-3.670203311
The Incredible Way This Beaten Woman Is Fighting Back,-4.341865181
It Doesn't Take A Rocket Scientist To Understand How Much This Epic Song Rocks. Especially IN SPACE.,-4.710044869
It Doesn't Take A Rocket Scientist To Understand How Much This Epic Song Rocks. Especially IN SPACE.,-4.086437929
The Final Act Of The Departing Commander Of The International Space Station Truly Rocked,-4.053477473
The Final Act Of The Departing Commander Of The International Space Station Truly Rocked,-3.591066144
The Final Epic Act Of The Departing Commander Of The International Space Station Truly Rocked,-3.963217394
FLOWCHART: Definitive Proof That There's No Such Thing As Boy Or Girl Toys (Until You're Over 18),-4.090301312
Here’s How Much It Costs To Block A Bill That 91% Of Americans Support,-4.380088137
What Do Prisoners Want? I'll Give You A Hint: Every American Child Gets It For Free.,-3.998824004
"What Happens When Congress Needs To Use Something They Accidentally Cut Funding To?
",-4.481349731
"I Think I Speak For Everyone When I Say, 'Please Keep Your Genitals Out Of Our Toy Stores.' Okay?",-3.597223878
What Do Prisoners Want? I'll Give You A Hint: Every American Child Gets It For Free.,-4.081255611
"How Delaware Just Ruined The List Of The Top 10 Best States
",-4.08569924
"See Four Great Minutes From The Man Who Has Inspired Zillions Of Writers

",-4.309993432
You Won't Believe Who Is A Bigger Threat To America Than Osama Bin Laden,-4.119579033
Would Mark Zuckerberg Have Your Back In An Internet Fist Fight?,-4.155423157
This Kid Was Bullied A LOT. He Could Have Told His Teacher Or His Principal. He Had Bigger Plans.,-2.679759771
This Kid Was Bullied A LOT. He Could Have Told His Teacher Or His Principal. He Had Bigger Plans.,-2.755497431
Gay People Can Legally Get Married In Every State In The Union. There's Just One Catch.,-3.916599672
The Secret Psychology That Shopping Malls Use To Trick You Into Spending Money,-3.90621176
Hear The Incredible David Foster Wallace Speak About His Own Ambitions,-4.801401642
Why Does The World Keep Screaming At These Space-Traveling Little Creatures?,-4.272769649
Did This Billionaire Just Say What I Think He Said?,-3.377212611
30 Classic Dr. Seuss Quotes That Will Change Your Life. Again.,-4.11913062
"OK, Let's Make A Deal. You Take A Look At This, And You Can Skip Today's Flossing.",-4.834619396
"Think Gay Parents Are Different Than Straight Parents? Watch This, Then We'll Talk.",-3.843629736
Here's A Home Video That Wouldn't Have Been Possible 20 Years Ago,-4.164391872
The Mildly NSFW Reaction 2 Gay Dads Had Upon Getting The Best News They'd Ever Heard From Their Son,-3.369255014
Son Gives His Gay Dads The Best News Ever. This Is Their Mildly NSFW Reaction.,-3.078902951
"When His Dad Beat His Mom, He Was Powerless To Stop Him. He's Not Powerless Now.",-3.55367582
"We Don't Teach Kids Music In Gym Class, So Why On Earth Would We Teach This In Science Class?",-3.959735985
"We Don't Teach Kids German In Gym Class, So Why On Earth Would We Teach This In Science Class?",-4.05292615
His Dad Beat His Mom. He Tried To Stop Him. But He Was Only 5. So He's Speaking Out Now.,-3.483016632
Here's All The Awful Things Feminism Hasn't Caused. YET.,-4.225349052
His Dad Beat His Mom And He Had To Watch. That's Why He's Speaking Out Today.,-3.874966877
His Dad Beat His Mom. He Tried To Stop Him. But He Was Only 5. So He's Speaking Out Now.,-3.737838466
The Best Kiss Between Two 81-Year-Olds You’ll Ever See,-4.299986451
Folks Are Mad At A Famous Actress For Taking Care Of Herself. You Won't Believe Why.,-3.790221114
A Kid Falls Off HIs Skateboard And The World Is Better Off For It,-3.82029988
A Kid Wipes Out On His Skateboard And The World Is WAY Better Off For It,-3.659716832
The Zombie Bill That Could Destroy Your Right To Privacy,-4.510859507
A Kid Wipes Out On His Skateboard And The World Is WAY Better Off For It,-3.610586238
A White Dude Stood Up And Said Some Stuff He Really Shoulda Worn A Hood For,-3.109935926
They Canceled Class Today — All The Teachers Got Arrested While Protesting For Voting Rights,-4.107762904
This Guy Is Really Sad That Everyone Won't Hear Him Out About The Awesomeness That Is White Power,-3.769093087
A White Dude Stood Up And Said Some Stuff He Really Shoulda Worn A Hood For,-3.11070916
Why Hacking The Government Is Far More Awesome Than You Think,-4.583409711
A White Guy Stood Up And Said Some Stuff He Really Shoulda Worn A Hood For,-3.090861343
"Watch A Brave Little Girl Take On Her Rapists, Her Village, And Her Culture",-3.986644022
"If 9 Out Of 10 People Get This Song Stuck In Their Head, It Will Save Their Lives",-4.14669535
A Bunch Of Happy White People Who Think They Speak For God Go To Uganda And Totally Misrepresent Him,-3.461890801
A Bunch Of Happy White People Who Think They Speak For God Go To Uganda And Totally Misrepresent Him,-3.524271057
A Bunch Of Happy White People Who Think They Speak For God Go To Uganda And Totally Misrepresent Him,-3.323612572
I'm Tired Of Drug Users Living It Up On The Tax Payer Dime. Time To Make Them Give Back.,-3.908530676
Tell Me More About How Immigrants Are Destroying Our Country,-4.763513744
All The Men In This Video Are Awful. Thankfully All The Women In This Video Are Amazing.,-3.962784627
America Knows War. They Are War Masters.' — A Guy America Is Trying To Kill.,-4.26580488
Why America Needs To Behave Better If We Want To Be The Greatest Nation On The Planet,-4.518455611
"If You Like 'Mission: Impossible,' You'll LOVE This Movie. The Problem Is, This One Isn't Fiction.",-3.886187538
You Think I Should Move To Canada If I Don't Like It Here? No Way. That Place Is Scary.,-4.263411272
Watch A Bunch Of Misogynists Say Dumb Things And Then Lose,-4.32939759
You Think I Should Move To Canada If I Don't Like It Here? No Way. That Place Is Scary.,-3.828830415
You Think I Should Move To Canada If I Don't Like It Here? No Way. That Place Is Scary.,-4.109253447
The Kind Of Girl-On-Girl Love That Everyone Can Agree On,-4.545500297
Here's The Sexiest Homage You'll Ever Hear To An Inanimate Object.,-5.28513563
Best Way To Answer A Question. Hands Down.,-3.548717772
Ten Cents Can’t Buy Anything These Days. Or Can It?,-4.818216419
"They May Look Ordinary, But 16 Million Kids Have A Secret. And It Hurts. ",-4.380346119
"The State Of The World Is The Question, And GIRLS Are The Answer",-4.610060171
MUST SEE: A Teen Pregnancy PSA That Goes Where No Campaign Has Gone Before,-3.507123775
"If Will Ferrell Was Your Economics Professor, Here’s How He Might Explain An Unfair Economy.",-3.3296361
These Homophobic Signs Just Got Pretty Gay,-3.241308879
"5/16 Of These People Are Never Convicted Of… Hang On, What?",-3.768095374
Why We Need More Adult Films In Theaters,-4.009676479
This Is What It Looks Like When A Pro Athlete Gives Out Her Contact Info To Any Gay Kid In Need,-3.749990103
You Think I Should Move To Canada If I Don't Like It Here? No Way. That Place Is Scary.,-3.442367142
"Most Of The Men In This Video Are Slightly Awful. Thankfully, The Women In This Video Are Wonderful.",-3.599376403
This Will Change The Way You Look At Your MP3 Player. Guaranteed.,-4.3952327
Tonight’s Top Story: Bill O’ Reilly And Anderson Cooper Are More Alike Than You Think,-4.511630368
This Is What It Looks Like When A Gay Athlete Gives Out Her Contact Info To Any Gay Kid In Need,-3.720622189
"Bitch, Please.  I’m A Momma.  I got this.",-3.56738507
This Beautiful Woman’s Day Is About To Get Crapped On… HARD.,-3.723638663
Do The Cops Really Wonder Why We Say ‘Fuck The Police’?,-3.173494691
"What Being ""One Of THOSE Girls"" Means In America Today",-3.391601943
An Awkward Kid Grows Up Into A Force Of Nature With A Wonderfully Positive Message.,-3.811134269
Obamacare Explained. In 90 Seconds. By Nurses.,-3.664278621
Whoa. Guess Some Things Haven’t Changed Much Since The ‘80s,-3.567889595
Want To Travel The World? Look At Map To See The Countries You May Want To Avoid.,-3.985494283
Take A Deep Breath And Try Not To Cough Up A Lung,-4.826951107
"Enh, Who Needs Lungs Anyway?",-4.719373839
The Happiest Story About A Kid Dying Of Cancer I've Ever Seen,-4.064093601
"I Hope I Die With As Much Grace, Style, Courage And Love Of Life As This Kid Did",-3.651105969
This Kid Just Died. What He Left Behind Is Wonderful.,-3.161729602
Why We Need More Adult Films In Theaters,-3.968880232
"I Hope I Die With As Much Grace, Style, Courage And Love Of Life As This Kid Did ",-3.605322514
This Kid Just Died. What He Left Behind Is Wonderful.,-3.544659917
This Kid Just Died. What He Left Behind Is Wonderful.,-3.387878306
Why We Need More Adult Films In Theaters,-4.308383612
This Kid Just Died. What He Left Behind Is Amazing.,-3.279863272
This Kid Just Died. What He Left Behind Is Wondtacular.,-3.513279443
This Kid Just Died. What He Left Behind Is Wondtacular.,-3.501051435
"Would You Rather Be A Jerk To Everyone, Or A Nobody? This Graduation Speech Makes It Really Obvious.",-4.581019506
"If You're Curious What Neil deGrasse Tyson Would Be Like As Your Dad,
Watch His Graduation Speech",-4.657178609
"If You Want To Be Able To Pay For Childcare, You Need To Start Saving Money When You Turn 16",-5.559683983
The Illuminati Have Been Lowering Their Standards For Membership Lately,-5.565048739
How Did This Famous Nerd Sneak Into A Secret Meeting Of The Illuminati?,-4.777254334
We Have Found Out Who Is In The Illuminati. The Other Thing We Found Out: They Are Weird.,-4.555243012
We Snuck A Camera Into An Illuminati Meeting And This Is What We Found Out,-4.744379871
We Snuck A Camera Into An Illuminati Meeting And This Is What We Found Out,-4.394177784
We Have Found Out Who Is In The Illuminati. The Other Thing We Found Out: They Are Weird.,-3.911099502
Jon Stewart Tells A Room Full Of Overachievers That Success In College Doesn't Mean Much,-4.095068937
The World's Greatest Boyfriend Died At Age 18 — Then The Internet Made Him Immortal,-3.513966285
SHOTS OF AWE: Why You Have To Reconfigure Your Mind To Experience The Most Meaningful Moments In Life,-4.794453982
The Argument Against The Stop-And-Frisk Policy Gets An Upgrade Courtesy Of A Hip Hop Icon,-4.886886221
The World's Greatest Boyfriend Died At Age 18 — Then The Internet Made Him Immortal,-3.682718647
"Sorry Kids, But Mommy And Daddy Can't Afford A Car Because The Government Hung Them Out To Dry",-4.818497292
"One Of The Most Patriotic Things I've Ever Seen Doesn't Involve Guns, God, Or Glory",-4.458215773
"For Every 3 Friends You Have, Statistically Only 1 Of You Is Actually Happy ",-4.883063121
Which 7-Letter-Word Is NOT A 4-Letter-Word (Despite What Some Politicians Would Like You To Think)?,-4.44662525
9 Places Where No Woman Has Ever Been,-4.044849021
Which 7-Letter-Word Is NOT A 4-Letter-Word (Despite What Some Politicians Would Like You To Think)?,-4.034034813
10 Magical Pieces Of Street Art That’ll Hit You Square In The Soul,-3.490818923
"This Kid's Body Is A Nightmare. Thankfully, He Has His Epic Sense Of Humor To Keep Him Awake.",-3.734375591
Have You Heard Of The Recent IRS Scandal? Because They Kinda Covered Up A Much Bigger One.,-3.726230464
"This Kid's Body Is A Nightmare. Thankfully, He Has His Epic Sense Of Humor To Keep Him Awake.",-3.663561646
Have You Heard Of The Recent IRS Scandal? Because They Kinda Covered Up A Much Bigger One.,-4.291048456
"This Kid's Body Is A Nightmare. Thankfully, He Has His Epic Sense Of Humor To Keep Him Awake.",-3.475586296
The Bluntest Speech In The History Of The Universe Lays It All Out For Graduates Before They All Die,-3.675302859
Behold The Bluntest And Deadliest Graduation Speech In The History Of The Known Universe,-3.056455754
"Behold The Bluntest, Funniest, And Deadliest Graduation Speech In The History Of The Known Universe",-2.920047526
Thousands Of Students Have A Very Simple Question That Nobody Seems To Want To Answer,-4.478630569
A PERFECT Answer To A Super-Duper Annoying Question,-4.320778574
This Proves It: Teenagers Know Everything. Adults Are Morons.,-3.892877157
"Obama's Speech Writer/Stand-Up Comedian Gives A Graduation Speech. Not Surprisingly, It's Badass.",-4.220344275
Which 7-Letter-Word Is NOT A 4-Letter-Word (Despite What Some Politicians Would Like You To Think)?,-4.362732499
"When Told 'You Can't' Do Something, Just Remember This Beautiful Clip",-3.95024607
Which 7-Letter-Word Is NOT A 4-Letter-Word (Despite What Some Politicians Would Like You To Think)?,-4.046877052
We Don't Usually Have A Beef With President Obama. At Least Until He Dropped The Ball With Women.,-4.341233257
A Fan Asked Patrick Stewart A Question He Doesn't Always Get. I Wasn't Expecting This Answer.,-3.516022172
A Fan Asked Patrick Stewart A Question He Doesn't Always Get. I Wasn't Expecting This Answer.,-3.217911505
A Fan Asked Patrick Stewart A Question He Doesn't Always Get. I Wasn't Expecting This Answer.,-3.050361422
Fan Asks Patrick Stewart A Question He Doesn't Always Get. I Wasn't Expecting This Beautiful Answer.,-2.999118863
Fan Asks Patrick Stewart A Question He Doesn't Always Get. I Wasn't Expecting This Beautiful Answer.,-2.95641728
Fan Asks Patrick Stewart A Question He Doesn't Always Get. I Wasn't Expecting This Beautiful Answer.,-3.042261272
Why You Should Stop Instagramming Your Food And Start Instagramming Its Packaging,-5.006032123
A Brave Fan Asks Patrick Stewart A Question He Doesn't Usually Get And Is Given A Beautiful Answer,-2.802779058
They Reduced Driving Speed By 22%.  And They Did It By Making Speed Cameras Fantabulous.,-4.402041053
Imagine A World Where Speeders Get Tickets And People Who Obey The Law Get AWESOME,-5.17975903
"Dan Savage Is Controversial, But I Challenge You To Argue With The Advice He’s Giving These Kids",-4.199250429
You Need To See What These Women Are Afraid Of,-4.618844383
"If You Are A Woman, Love A Woman, Or Are Raising A Woman, Do Her A Favor And Watch This",-4.253636642
"If Everyone Heard This Advice For Closeted Gay People, There Might Be A Lot Fewer Tears In The World",-4.095324474
Why You Should Stop Instagramming Your Food And Start Instagramming Its Packaging,-4.545604786
My Family Is In A Commercial And People Are Pissed,-4.040809114
PLOT TWIST: What Happens When Fox News Is So Misogynistic They Even Cross The Line With Fox News?,-3.654697189
OMG: Fox Newswoman Lays Epic Smackdown On Fox Newsmen For Blatant Misogyny,-3.709194095
OMG: Fox Newswoman Lays Epic Smackdown On Fox Newsmen For Blatant Misogyny,-3.410587122
"You Don't Have To Wear A Fedora, But You DO Have To Be A Decent Human Being",-6.12071596
"This Guy May Curse A Lot, But You Would Too If You Knew This Much About Girls Toys",-4.135578843
"There's A Good Reason This Guy Talked Back To His Teacher, Walked Out, And Got An F",-3.9633243
"There's A Good Reason This Guy Talked Back To His Teacher, Walked Out, And Got An F",-3.339145393
"There's A Good Reason This Guy Talked Back To His Teacher, Walked Out, And Got An F",-3.333249989
"There's A Good Reason This 18-Year-Old Kid Talked Back To His 'Teacher', Walked Out, And Got An F",-3.435950235
7 Wonderful People Share Something You Should Know Before It's Too Late,-4.26586921
"BOOM: ""The Daily Show"" Puts Another Debate To Rest",-4.175581478
"BOOM: ""The Daily Show"" Puts Another Debate To Rest",-4.24200808
7 Wonderful People Share Secrets That Are Killing Them. This Could Change Your Life.,-4.046752867
Seven Wonderful People Share Secrets That Are Killing Them. This Could Change Your Life.,-4.086633751
"What Happened To Our Jobs, Schools, Roads, And Bridges In One Incredible Clip",-4.519321769
Even This Map Would Be Banned In Some Countries,-4.024916056
"If We Had More Drones, People Wouldn’t Get Away with Stuff Like This. That's Not A Good Thing. 
",-4.237905457
"The Absolute Best Clip About Why The World's Middle Class Got Screwed, And What We Can Do About It",-4.409262245
Listen To A Nice White Lady Explain Who Is At Fault For All Our Immigration Problems,-3.641658913
"Ellen Talks About The Best Thing That Ever Happened To Her, Which Coincidentally Was Also The Worst",-3.500925627
"When Trying To Make A Living Turned Into A Nightmare, This Woman Changed It Back Into A Dream",-4.908175433
"When Trying To Make A Living Turned Into A Nightmare, This Woman Changed It Back Into A Dream",-4.842804725
Listen To A Nice White Lady Explain Who Is At Fault For All Our Immigration Problems,-3.461910723
"Next Time Someone Tells You That Immigrants Are Destroying Our Country, Show Them This",-3.712849132
No Subtitles Needed For This French Video,-4.867953943
An Amazing Thing Happened When A Sporting Goods Store And A Fortune Cookie Had A Baby...,-4.263588142
See The Film That PBS Is Too Scared To Show,-4.345026983
"Hey, Employers! Here's Why You Might Want To Hire People Who Bomb Their Interviews.",-4.28147908
How This Guy's Not-So-Glamorous Childhood In The Great Outdoors Turned Him Into A Glamorous Rap Star,-3.974577853
"Congratulations, You're Having A Baby! Now, About That Time Off Thing...",-5.014036909
An Interviewer Asked A Muslim Man About The Murder Of An British Soldier. Here's How He Answered.,-3.633265211
"Something Google, Yahoo, Facebook, And Instagram Are Doing Better At Than The Entire United States",-4.4814996
"You Don't Have To Wear A Fedora, But You DO Have To Be A Decent Human Being",-4.652579134
"Um, If Canada Said, ""No Thank You,"" That Probably Means It’s Really Bad",-3.991102243
An Interviewer Asked A Muslim Man About The Murder Of An British Soldier. Here's How He Answered.,-3.253972234
"The Most Ambitious Indiegogo Campaign, Evarrr",-4.825983752
"You Don't Have To Wear A Fedora, But You DO Have To Be A Decent Human Being",-4.753179598
This Is Why You Should Never Underestimate The Power Of A Cape,-4.256809378
This Is An Ass-Off-The-Couch Kind Of Video.  Just An Invitation To Rock Your Inner Buddha.,-4.401738481
The Cape That Does A Hell Of A Lot More Than Flap In The Breeze,-4.504560273
1 Minute And 45 Seconds That’ll Make You Think Twice About Poverty,-4.238780093
This Is An Ass-Off-The-Couch Kind Of Video.  Just An Invitation To Rock Your Inner Buddha.,-4.240527072
How Making Speed Cameras Fantabulous Reduced Driving Speed By 22%,-4.825221241
"A Prison Ignored The Most Obvious Cries For Help, And The Result Is Devastating",-3.61380552
A 9-Year-Old Asks McDonald’s CEO A Simple Question. She’s Not Lovin’ His Response.,-3.851481133
Boys Who Know How To Break Boxes Grow Into Men Who Respect Women,-4.14131902
Boys Who Know How To Break Boxes Grow Into Men Who Respect Women,-4.127595108
"A Prison Ignored The Most Obvious Cries For Help, And The Result Is Devastating",-3.369023879
"A Prison Ignored The Most Obvious Cries For Help, And The Result Is Devastating",-3.419888134
"Next Time Someone Says You Can't Do Something, Here's Proof You Shouldn't Stop Trying.",-4.777594441
"We Tell The World When Our Kids Get Bumps And Bruises, But Why Are We Silent If This Happens?",-4.368553931
A Politician Learned The Hard Way What It’s Like To Actually Live On Government Handouts,-4.648377027
A Politician Learned The Hard Way What It’s Like To Actually Live On Government Handouts,-4.552873882
Guess What Natural Wonder Of The World Is Getting Destroyed Now,-4.765933338
WHOA: 9-Year-Old Proves THAT Even 'Failing' Schools Are Capable Of Producing Ridiculously Smart Kids,-4.121552176
Think Australia Can’t Do Worse Than A Giant Hole In The Ozone Layer? Think Again.,-4.461071694
Australia Is Trying To Destroy The Number One Reason I’d Go There,-4.108211928
One Woman's Genius Idea To Mix Sci-Fi With Treating Childhood Illnesses,-4.643058651
"Just A Guess, But If You’ve Been Breathing Lately, This Video Might Pertain To You",-4.936299376
Here's Something That REALLY Shouldn't Be Part Of A Science Curriculum,-4.453894158
Dear Mr. Senator: Harry Potter Is A Fiction Book. Not Science Curriculum.,-4.168094172
You Know Those Relationships That You Stay In Too Long? Yeah -- Here’s Another One.,-5.185269723
2 Lesbians Went To A Macklemore Concert And This Is What They Got,-3.177113539
2 Lesbians Went To A Macklemore Concert And This Is What They Got,-3.250646453
Macklemore Just Caused A Lesbian Wedding To Be Planned,-3.935331333
2 Lesbians Went To A Macklemore Concert And This Is What They Got,-3.528368008
2 Lesbians Went To A Macklemore Concert And This Is What They Got,-3.371016765
Watch A Real Life Modern Family Form in Three Minutes and 31 Seconds,-3.938291489
2 Lesbians Went To A Macklemore Concert And This Is What They Got,-2.904117014
"Best Explanation Of Religion I Have Ever Heard, And I'm Practically An Atheist",-3.112872016
"In Their Yearbook, They're ""Cutest Couple"", But In My Book, They're ""Most Inspiring""",-4.860939324
Watch A Kid At A Dinner Table Accidentally Destroy One Of His Mother's Lifelong Beliefs,-3.627209742
"Nearly 4 Billion Was Spent On This Unjust War. Not Iraq or Afghanistan, The Other One",-4.688139011
America Has Been Waiting Hundreds Of Years For It. This Breakup Needs To Happen.,-4.804651363
Watch A Kid At A Dinner Table Accidentally Destroy One Of His Mother's Lifelong Beliefs,-3.504615714
Know Anyone That Thinks Racial Profiling Is Exaggerated? Watch This And Tell Me When Your Jaw Drops.,-3.684336989
"This Unjust War Costs Us About $3.6 Billion Every Year. No Not Iraq or Afghanistan, The Other One.",-4.881761572
"Take A Look At These Men’s Faces. They Might Not Be Here Tomorrow.
",-5.33066721
"This Teacher Teaches Amazing Lessons, Even When She Isn't In Front of A Classroom.",-4.463134576
A Woman Becomes The *Property* Of Her Husband If He Dies? I Sooo Wish This Was A Joke.,-4.899220825
"Nobody Knows About This Little Town, But You Should Before It's Literally Wiped Off The Map Forever",-4.539742381
"Nobody Knows About This Little Town, But You Should Before It's Literally Wiped Off The Map Forever",-4.501971833
"Hey Barack, We're Blowing Billions On Busting People For Something You Used To Do.",-4.763042745
"Hey Barack, We're Blowing Billions On Busting People For Something You Used To Do
",-4.672828834
"This Unjust War Costs Us Nearly $4 Billion Every Year. No Not Iraq or Afghanistan, The Other One",-4.694651189
"In Their Yearbook, They're ""Cutest Couple"", But In My Book, They're ""Most Inspiring""",-4.588363068
It's A Bird! It's A Plane! It's ... It's ... It's So Adorable I Might Start Crying.,-4.278034509
Imagine The Most Graphic Horror Movie You've Ever Seen… This Is Worse.  And It's Real.,-4.158138759
It's A Bird! It's A Plane! It's ... It's ... It's So Adorable I Might Start Crying.,-4.913909479
Watch A Kid At A Dinner Table Accidentally Destroy One Of His Mother's Lifelong Beliefs,-3.635224025
Every US Agency Probably Wants This Man Dead. So You Should Hear What He Says Before That Happens.,-3.774787281
This Guy Had Access To Every Secret The US Government Holds Dear. He's Sharing 1 Of Them With You.,-4.043346079
"An Ex-CIA Dude Just Pissed Off Everyone In The Government, So Watch This Before He Disappears",-3.251538137
"An Ex-CIA Dude Just Pissed Off Everyone In The Government, So Watch This Before He 'Disappears'",-3.579584507
"An Ex-CIA Dude Just Enraged Everyone In The Government, So Watch This Before He 'Disappears'",-3.417092482
"An Ex-CIA Dude Just Enraged Everyone In The Government, So Watch This Before He 'Disappears'",-3.780524389
"An Ex-CIA Dude Just Enraged Everyone In The Government, So Watch This Before He 'Disappears'",-3.083099105
Stupid Law Says No Gay Marriage? Google Says Challenge Accepted.,-4.485081864
"I'd Like To Think I'm An Informed Straight Ally, But I'm Embarrassed I Didn't Know This",-3.545536989
"I'd Like To Think I'm An Informed Straight Ally, But I'm Embarrassed I Didn't Know This",-3.783483569
Ever Been Called A Hipster Or Know Someone Who Has? Toughen Up And Watch This Video.,-4.417706017
This Guy Must Be Pretty Special If All These Famous Folks Are Changing Their Names,-4.040105448
This Guy Must Be Pretty Special If All These Famous Folks Are Changing Their Names,-3.748407384
Ever Been Called A Hipster Or Know Someone Who Has? Toughen Up And Watch This Video.,-4.104868699
"Here's How Telling Your Black Friend They're ""Not Really Black"" Gets You Made Fun Of On Television",-4.006487161
The Way This Gay Video Blogger Answers A Close-Minded Question Is Absolutely Hilarious,-3.564874692
Stupid Law Says No Gay Marriage? Google Says Challenge Accepted.,-4.375540125
"I'd Like To Think I'm An Informed Straight Ally, But I'm Embarrassed I Didn't Know This",-3.958205886
" What Bros Need To Know About Rape, By Peter Gabriel",-3.944715807
Meet The Growing Movement Of Kick Ass Women Who Will No Longer Stay Silent,-4.05504918
Move Over Adele: This Lady Wins The 'Songs That Make Me Cry' Award,-3.890723957
"Do You Know Someone Who Doesn't Think Sexism Exists? Maybe These 25,000 Women Will Change Their Mind",-3.847948893
A Bus Full Of Rude British Complainers Won't Let Facts Stop Their Angry Rant,-4.382728635
Move Over Adele: This Lady Wins The 'Songs That Make Me Cry' Award,-3.916070746
"If You Know Someone Who Doesn't Believe Sexism Exists, Show Them This ",-3.838526156
It Takes A Radical Movement In America To Get What Every Other Developed Country Doesn’t Think Twice About,-4.09733155
Move Over Adele: This Lady Wins The 'Songs That Make Me Cry' Award,-4.480639754
"You're Probably A Part Of This Crowd, And Thats Why Corporate America Is Scared Of You",-4.351482457
They Replaced Black People With White To Make You See This Differently. Did It Work?,-3.304198868
He Made A Choice. He Took A Life. He Made Another Choice. He's Saving A Community.,-4.398218368
Oooooh! Swish! Misogynistic Predictions For The Future Of Women's Fashion According To 1939.,-4.33387887
The First Time This Kid Played Harmonica He Earned $80. You'll Be Floored By What He Did With It.,-3.635378491
"What Do You Get When You Take A City And Add 12,000 Lemon Trees?",-5.341754121
Yo Let's Put These Quotes On The Cover Of Cosmo,-4.069379874
"NAILED IT: Let The Daily Show Sum Up The NSA Scandal In Less Tham 5 Minutes
",-3.651611635
It Takes A Radical Movement In America To Get What Every Other Developed Country Doesn’t Think Twice About,-4.29163083
Stupid Law Says No Gay Marriage? Google Says Challenge Accepted.,-4.779123493
He Said WHAT Is A Weapon Of War?,-5.403320676
He Made A Choice. He Took A Life. He Made Another Choice. He's Saving A Community.,-5.139960885
The First Time This Kid Played Harmonica He Earned $80. You'll Be Floored By What He Did With It.,-3.78895533
If You Had A Chance To Help A Blind Man Would You Do it Like This?,-3.506892769
"There Is No Way That You Built Something This Cool In High School. No Way. 
",-5.02541909
The First Time This Kid Played Harmonica He Earned $80. You'll Be Floored By What He Did With It.,-3.745480494
"Patience Is A Virtue, But This Girl Shows That Diligence Really Gets You Somewhere",-4.330279517
The Knowledge I Gained In School Doesn't Compare To What I Lost,-4.201436252
You Know The Name Of One Of These Athletes But The Other Two Are The Ones You Should Remember,-4.395074057
You Know The Name Of One Of These Athletes But The Other Two Are The Ones You Should Remember,-4.705858788
You Know The Name Of One Of These Athletes But The Other Two Are The Ones You Should Remember,-5.051706147
"Those Billionaires Were Pretty Slick With Their Crude Lie, And We're Too Thick To Notice",-4.857047622
TABOO ALERT: People Feel Really Awkward If You Bring This Up. Especially If You've Tried It.,-3.748837927
Move Over Adele: This Lady Wins The 'Songs That Make Me Cry' Award,-4.00130215
TABOO ALERT: People Feel Really Awkward If You Bring This Up. Especially If You’ve Tried It.,-3.657531121
Meet A Kid Who You’ll Definitely Have A Mind-Crush On,-4.098906413
The Knowledge I Gained In School Doesn't Even Compare To What I Lost,-4.198587949
How To Feel So Much Better About How You Live Your Life In Eleven Words,-4.385989361
"What Do You Get When You Take A City And Add 12,000 Lemon Trees?",-4.839134976
How To Feel So Much Better About How You Live Your Life In Eleven Words,-4.099404204
Hold Up. Are HAMBURGERS Really The Answer To Global Warming?!,-4.742077023
"What Happens When Our Computers Outsmart Us? Something Awesome, According To This Guy.",-4.736616072
"Oh, So In Scotland They Actually DON'T Promote Rape Culture?",-3.729603284
I Wish I'd Seen This At 3 Years Old Instead Of 30. I'd Be A Better Person Today.,-3.802178177
"Oh, So In Scotland They Actually DON'T Promote Rape Culture?",-4.010285217
The Scientific Reality That's Completely Sobering And Totally Empowering At The Same Time,-4.062729074
I Wish I'd Seen This At 3 Years Old Instead Of 30. I'd Be A Better Person Today.,-3.715899171
SOON: We May Actually Know Everything About Everything,-4.794049143
"Jeez, What Can't Kickstarter Do?! This Project Is Literally Out Of This World.",-5.185572295
SOON: We May Actually Know Everything About Everything,-5.003285949
"Classy Racists Try To Bully Veteran's Kid Singing The National Anthem. Did I Say Try? Pardon, FAIL.",-3.589059119
Some Racist Bullies Picked A Fight With An 11-Year-Old Kid And Lost In Glorious Patriotic Splendor,-3.083343608
Some Racist Bullies Picked A Fight With An 11-Year-Old Kid And Lost In Glorious Patriotic Splendor,-3.192502375
This MIT Professor Has Her Sassy Pants On And She's Not Letting Mark Zuckerberg Off The Hook.,-3.907419834
"Jeez, What Can't Kickstarter Do?! This Project Is Literally Out Of This World.",-4.526044779
What Do Your Salad And This Illegal Cure For Depression Have In Common?,-3.758592067
This MIT Professor Has Her Sassy Pants On And She's Not Letting Mark Zuckerberg Off The Hook.,-3.392792112
1939's Misogynistic Predictions Of How The Women Of The Future Will 'Catch' Men,-3.981428695
"Some Rude British People Try To Protest Government Spending, But End Up Confusing Themselves",-4.23755753
What Do Your Salad And This Illegal Cure For Depression Have In Common?,-4.637187334
"A Modern-Day, Epic Poem About A Few Lessons You Won't Find In Any Classroom",-4.684753546
"Women Everywhere Are Asked The Same Question, Their Answers Are More Alike Than You'd Think",-4.36207077
"I Don't Think I've Ever Gone This Far For My Students, But Mad Props To The Woman Who Did.",-4.598883801
The Most Honest 2 Minutes On Being A Father That You'll See This Year,-3.795289714
All Of The Kids In This Video Are Alive (But The Mom Will Bring You To Tears Over What She Lost),-4.382713212
All Of The Kids In This Video Are Alive (But The Mom Will Bring You To Tears Over What She Lost),-4.277367332
These Kids Don't Want iPods Or Toys. What They Want -- And Don't Have -- Is Beyond Sad.,-4.497474985
These Kids Don't Want iPods Or Toys. What They Want -- And Don't Have -- Is Beyond Sad.,-4.378035163
America Has Been Waiting Hundreds Of Years For It. This Breakup Needs To Happen.,-4.620912293
"When A Short Skirt And Red Underwear Was The Mandatory Uniform, Female Flight Attendants Got Mad",-3.743649522
"Well, This Is Just About The Most Devastatingly Inspirational Thing I've Seen Today",-4.701402207
"She's Fierce. She's Blunt. And Sadly, She's Also Right.",-4.625662992
"A $4000 Utility Bill, An 87-Year-Old Woman, And Some Union 'Thugs' — What Paying It Forward Means",-4.746641287
These Parents Are Modeling Tolerance For Their Children Just Like We All Should,-4.180017123
What These Two Pranksters Did To Homeless People Will Make You Say Wow,-4.141417251
"Who Knew Tween Girls Were Capable Of This. Oh, Wait, I Did And I Hope They Know, Too. ",-4.232383109
"She's Not Just Destined For Greatness, She's Destined To Do Great Things For Women",-4.51923567
"She's Fierce. She's Blunt. And Sadly, She's Also Right.",-4.180742638
"In Other Countries We Use This As Torture, But Here It's What We Do With Troubled Kids?",-4.509188895
"Holy Crap! If $31 Trillion Doesn't Get Our Attention, Maybe The Lack Of Oxygen Will? ",-5.352145325
These Parents Are Modeling Tolerance For Their Children Just Like We All Should,-4.267975175
KAPOW: Oprah Just Bit The Head Off Of The Anti-Gay Marriage Bat,-3.832572963
"""I've Got Nothing To Hide"" Is The Wrong Reaction To Have To The NSA Scandal. Here's Why.",-4.604155178
"WOW: This Retireee Had A $4000 Utility Bill, AndThese 'Thugs' Came Just In Time To Help",-4.712479621
"Some Rude British People Try To Protest Government Spending, But Confuse Themselves Before They Can",-4.623306609
How This Clip Manages To Offend By Acting As Inoffensive As Possible Is Genius,-3.814600251
America Has Been Waiting Hundreds Of Years For It. This Breakup Needs To Happen.,-3.985799032
"Watch A Politician Claim His Brain Is Better Than Lady Brains, Then Fail A Really Basic Math Lesson",-3.703768067
"Watch A Politician Claim His Brain Is Better Than Lady Brains, Then Fail A Really Basic Math Lesson",-3.852460744
Watch An Angry General Deliver Scathing Dress Down To Sexist Troops,-4.094487002
Watch An Angry Army General Deliver Scathing Dress Down To Sexist Troops,-4.041646773
BOOM: Watch An Angry Army General Deliver Scathing Dress Down To Sexist Troops,-3.788783936
BOOM: Watch A Furious Army General Deliver A Scathing Dress Down To Sexist Soldiers,-3.456449964
These Dads Kick Ass For Equality. Gently And Kindly.,-3.506825241
How This Guy Manages To Be Insulting By Acting As Nice As He Possibly Can Is Genius,-3.452166769
An All To Familiar Experience In 2013... The Frightening Thing Is This Clip Was Created In 1990.,-3.717968368
These Dads Are Proof That Being Brave And Tough Doesn’t Always Look How You Think It Will,-3.56440315
These Dads Are Proof That Being Brave And Tough Doesn’t Always Look How You Think It Will,-3.625229427
How This Guy Manages To Be Insulting By Acting As Nice As He Possibly Can Is Genius,-3.677262531
"If This Doesn't Make You Laugh, Email Me. I’m Making A List Of Grouchy People.",-3.968242132
Watch This Dude Infect People At A Bus Stop And See If You're Susceptible,-3.832382516
SAY IT LOUD: Do This With Your Kids Everyday And They'll Be The Most Beautifullest Human Beings Ever,-3.64631984
Something You REALLY Should Know Before Heading To Walmart To Save A Few Pennies,-3.395026737
"That Cheap Stuff You Just Bought At Walmart? Turns Out, It Cost $6000 More Than You Thought",-3.40306829
"That Cheap Stuff You Just Bought At Walmart? Turns Out, It Cost $6000 More Than You Thought",-3.643978775
"Whether You Believe In God, Science, Or Both, This Video Will Make You Happy
",-3.895630385
Maybe The Coolest Car Commercial You'll Ever See,-3.925421219
"Waaaaaiiiit, Shouldn't My Lunch Be Worth More Than Where It Came From?",-4.525913554
He Was Asked A Pretentious Question. His Answer Shows The Problem With The Way America Functions.,-3.005073127
"When You Hear The Surprise In This Australian Commercial, I Guarantee A Smile",-3.716229287
"I Don't Really Want To Eat Stuff That WON'T DIE, And Neither Does Stephen Colbert",-3.921749981
"We're Teaching Kids History, But We're Leaving This Entire Bit Out?",-3.829322879
"OMG, What Is It About Women That Only 7% Of Them Can Get This Right?",-3.86152794
He Was Asked A Pretentious Question. His Answer Shows The Problem With The Way America Functions.,-3.012160063
How To Scare The Crap Out Of Terrorists (And Your Citizens) 101,-4.131196068
"He Doesn't Always Tell The Best Jokes, But This Comedian's Spot On With His Seriously Scary Rant",-3.16187537
What 3-Letter-Word Can Be Used For Dragonflies But Not Peanut Butter?,-4.310874532
I Would Be Thrilled -- Like You Wouldn't Believe --To See These People Out Of A Job,-4.078126806
He Was Asked A Pretentious Question. His Answer Shows The Problem With The Way America Functions.,-3.038532508
"I Do NOT Want To Eat Stuff That WON'T DIE, And Neither Does This Comedian",-3.874299044
This Pleasantly Surprising Commercial From Australia Has A Twist That Will Make You Think,-3.297986084
He Was Asked A Pretentious Question. His Answer Shows The Problem With The Way America Functions.,-3.079150512
This Pleasantly Surprising Commercial From Australia Has A Twist That Will Make You Think,-3.25825099
Did This Congressman Just Imply What I Think He Did About Boy Fetuses?,-3.254508671
People Like These Are Usually Ignored When Others Pass Them By. I Dare You To Ignore Them Now.,-4.277953949
"What This Kid Does With A Cow, Popsicle Sticks, and A Superman Cape Will Move You To Act!

",-4.430676733
Did This Congressman Just Imply What I Think He Did About Boy Fetuses?,-3.278845099
Gay Marriage Destroys America? This Couple Prove The Complete Opposite,-3.786835322
Watch This Hilarious Comedian Bash The Freakilicious Food That Won't Take 'NO' For An Answer,-3.538143336
Did This Congressman Just Imply What I Think He Did About Boy Fetuses?,-3.12892365
This Politician Proves That Money In Politics Is (Quite Literally) A Dirty Business,-5.091952986
An Artist Takes Bits And Pieces Of Hate And Turns Them Into Something Beautiful,-4.400530842
"If Your Friends Are Using This 3-Letter-Word, You May Need To Stage An Intervention",-3.532225644
Hold On A Sec. Why Isn't My Lunch Be Worth More Than Where It Came From?,-4.538032735
"SCANDAL: Politician Goes To Strip Club And... Well, I Was Definitely Not Expecting That.",-3.922143053
Are You One Of Those Selfish Genius Types? Stop Being So Greedy With Them Brains.,-4.230586923
"SCANDAL: Politician Goes To Strip Club And... Well, I Was Definitely Not Expecting That.",-3.522849339
Is The Shock Factor Of This Commercial Worth It? You Decide.,-3.294035875
"If A Picture Can Be Worth A Thousand Words, This One Is Worth $1.2 Trillion",-4.109340592
"In 30 Minutes These Protesters ""Get Disappeared"" In Plain Sight. That Was Their Plan",-4.246188436
Did You Know Babies Could Commit Crimes? These Folks Didn't Either,-3.755101606
Meet The Women Who Started The Peace Corps...For Geeks,-4.630537993
"This Man Has Gone Viral. And He Won't Stop Until You Do, Too",-3.867134312
Meet A Family With 9 Adopted Kids Whose Love Will Leave You Speechless,-3.985056365
WOW: How One Black Man Trolled A Racist With Love And Ended Up Defeating The KKK,-3.25140374
Holy Crap! Am I The Only One Who Thinks My Lunch Should Be Worth More Than Where It Came From?,-4.269202872
Simplest Description of PTSD Ever Told In Two And Half Minutes,-3.658163906
Are You One Of Those Selfish Genius Types? Stop Being So Greedy With Them Brains.,-4.084916504
Watch A U.S. Immigration Officer Deport A Lady He Probably Shouldn't Be Deporting,-3.595014176
Watch A U.S. Immigration Officer Deport A Lady He Probably Shouldn't Be Deporting,-2.958234416
"Every Day, People Spend 16 Minutes Doing This Thing They Think Is Good For The Planet. It Ain't.",-3.427267502
Meet A Family With 9 Adopted Kids Whose Love Will Leave You Speechless,-4.082829239
The Best Instruction Manual For Raising Kids Has Finally Been Written — By These Kids,-4.24006511
The Secrets That Those Who Own Everything Don't Want Us To Know,-4.09477925
The Secrets That Those Who Own Everything Don't Want Us To Know,-4.082411787
Watch an impatient U.S. immigration officer deport a lady he probably shouldn't be deporting,-3.138554077
People Thought He Was A Monster And Wanted Him To Die. I’m Glad He’s Alive To Tell His Story.,-3.79113213
Watch A Jerktacular U.S. Immigration Officer Deport A Lady He Probably Shouldn't Be Deporting,-3.128451933
Watch A Jerktacular U.S. Immigration Officer Deport A Lady He Probably Shouldn't Be Deporting. EVER.,-2.73916918
Remember Those ‘Work From Home’ Ads? You’re Already Doing It. Surprise!,-4.833825791
"When The Boss Said, 'Dance For Your Day Off' He Didn't Expect To Be Handed His Lunch",-4.315478928
"When The Boss Said 'Dance For Your Day Off,' He Didn't Expect To Be Handed His Lunch",-3.55281142
"G.I. Joe Is A Big Fat Lie, And This Girl Knows His Secret.",-4.808595174
"Typical Teen, Atypical Body. Watch How She Handles That Combo. ",-3.477369511
Don’t Believe In Working For Free? Too late.,-5.112057028
"Typical Teen, Atypical Body. Watch How She Handles That Combo. ",-3.650177125
These Teens Transform Crippling Insecurities Into A Hilarious Performance,-4.126994123
The Reality Of Who Actually Works For Minimum Wage Will Shock You,-3.812237417
I never expected a 14-year-old's speech on gay rights to leave me speechless,-3.175063014
WTF! We Could Save Lives AND Money. Tell Me Again Why This Is A Problem?,-4.111434167
WTF! We Could Save Lives AND Money. Tell Me Again Why This Is A Problem?,-4.741336992
Too Lesbiany To Be Black? How Hypocritical Of You!,-4.133592669
"The Next Time A Guy Oogles Me, I'm Going To Stop Him And Show Him This Video.",-3.506605743
Stephen Fry Takes A Firm Stance On Grammar. He Doesn't Go The Way You'd Think.,-3.621227282
"ABC News, I Don't Think ""Outspoken"" Was The Word You Were Looking For To Describe These Women.",-3.624566896
This Woman Is So. Freaking. Beautiful. (And I Would Say That Without Ever Having Seen Her Picture),-3.638032091
It's Crazy How Just One Heckler Encouraged So Many People To Help Out This Stranger.,-3.591485954
You'll Never Guess What TIME Magazine Said About Homosexuality In 1966.,-3.734385074
What If We Could Harness The Power Of A Song Getting Stuck In Your Head?,-4.310725371
"I've Needed Someone To Break Down This Whole Drone Thing For Me, And This Nyu Student Finally Did It",-3.884747924
This Man Says The Most Perfect Thing About Why He Gave Up On Trying To 'Cure' Gay People,-3.742478371
The Law Most Landlords Hope You Never Hear About.,-3.977987674
Over-Aged Bully Tries To Stop Grieving Father From Speaking. It Does Not Work.,-3.328397882
This Comedian Shows These Real Journalists That They Never Should Have Underestimated Him,-3.048190484
"When The Most Professional Person On Your Show Is The Guest, It's Time To Pack It In",-3.163092407
"She Had A ‘Pretty Woman’ Moment At A Dress Shop, But Her Response Is Way Better Than Julia Roberts’",-3.008588573
This Is What Happened Across The Street From The Westboro Baptist Church This Week-End,-3.35088245
"Fox News Spends 6 Minutes Describing Why Mr. Rogers Was An 'Evil Evil Man'
",-2.78222524
Who Doesn't Like A Little Gratuitous Nudity To Go With Their Violence Towards Women?,-3.588284635
Children In Every Country Except Brazil Are Terrified To Have Chemotherapy. This Is Brazil's Way.,-3.586311456
The Three Adorable Things That James Gandolfini Was Afraid Of — You May Remember Him Differently Now,-3.844209562
The Reality Of Who Actually Works For Minimum Wage Will Shock You,-3.745197528
The Reality Of Who Actually Works For Minimum Wage Will Shock You,-3.161103065
Ladies: Did You Know 'The Wizard Of Oz' Is Actually A Cautionary Tale For You?,-3.265130228
These Kids Are So Excited About Math That It's Almost Like They Forgot They're In School,-4.183659604
"Even If A Company Weren't Sponsoring This, It Would Have Still Made Us Cry",-3.736430205
Ladies: Did You Know 'The Wizard Of Oz' Is Actually A Cautionary Tale For You?,-3.146480242
"What's Got These 7th Graders Drooling? It's Not Braces, And It's Not Justin Beiber ...",-4.06422056
This Little Kid's Smile Might Just Solve Gender Inequality,-4.008772293
"As Far As Heartwarming Commercials Go, This One Is Tearjerktacular",-3.624268858
Fox News Spends 6 Minutes Describing Why Mr. Rogers Was An 'Evil Evil Man',-3.364791356
Sometimes A Joke About A Serious Topic Is So On Point You Have To Applaud It,-3.145306962
"As Far As Heartwarming Commercials Go, This One Is Heartacular",-3.65930438
"What Happens When You Combine A Racist and A Strong Black Man? A Stunning Moment, That's What.",-3.102227738
"Someone Gave A Guy A Megaphone, And You'll Be Awed By What He Did With It",-3.46218898
Cookie Monster Is In Jail? I'm Actually Really Happy About The Reason Why.,-4.11764457
"As Far As Heartwarming Commercials Go, This One Is Heartacular",-4.31697018
This Kid Thinks We Could Save So Many Lives If Only It Was Okay To Say 4 Words.,-3.165723218
We'll Look Back At This In 10 Years Time And Be Embarrassed As Hell It Even Existed,-4.554696788
You Will Not Believe What Vital Thing We Spend Less Money On A Year Than Potato Chips,-4.327030455
When Is A Confession Not A Confession? When Someone Holds A Lighter To Your Private Parts.,-4.581287246
Isn't It Sad When We Have To View A Fifty Year Old Video To Figure Out How To Make Progress?,-4.74291371
"If You Were Looking At The Beautiful Picture This Guy Is Looking At, You'd Have This Reaction Too",-4.000974395
"What Happens When You Combine A Racist and A Strong Black Man? A Stunning Moment, That's What.",-3.411452516
"Watch Out, No Child Left Behind, This Teenager Is Coming For You",-4.40144219
This Kid Thinks We Could Save So Many Lives If Only It Was Okay To Say 4 Words,-3.659765134
This Teacher Made Her 3rd Grade Kids Hate Each Other For The Best Reason Ever,-3.05039617
Vets Share Painful Memory From Nearly 40 Years Ago. It’s Not The War Story You Think It Is.,-4.827499847
"If A Graffiti Artist and A History Teacher Had A Baby, It Would Be This Video",-4.790901224
What's Worse Than Finding Dried Toothpaste In Your Sink? Facing These Facts.,-4.453452442
An Unforgettable Act Of Forgiveness In 1 Minute,-4.073469504
"These Facts Scare The Crap Out Of Me. And They Should Scare The Crap Out Of You, Too.",-4.044138668
Sometimes A Joke About A Serious Topic Is So On Point You Have To Applaud It,-3.729308733
"He Shot His Entire Community, And They Love Him For It",-4.992745729
So Canada Apparently Takes Accidents In The Workplace Very Seriously *WARNING: INTENSE CONTENT*,-4.374996486
We'll Look Back At This In 10 Years Time And Be Embarrassed As Hell It Even Existed,-4.265237423
This Kid Thinks We Could Save So Many Lives If Only It Was Okay To Say 4 Words.,-3.175565357
"A Lawyer Gets Doctors To Write Prescriptions Filled By College Students. No, Really.",-4.5050205
"These Facts Scare The Bejeezus Out Of Me. And They Should Scare The Bejeezus Out Of You, Too.",-4.241399419
We'll Look Back At This In 10 Years Time And Be Embarrassed As Hell It Even Existed,-4.273058797
"If A Graffiti Artist and A History Teacher Had A Baby, It Would Be This Video",-4.940100618
"No Matter Your Stance On War, This Moment Deserves An “About Damn Time”",-4.392744851
"Civil Rights Defenders Won This Fight In 1965. This Justice Explains How It’s Been Undone In 2013.
",-4.204402764
"That's Weird, Why Isn’t The Media Reporting On The Most Exciting Media News In Years?",-4.062950744
"If You Are Wondering What The Gay Agenda Looks Like, Here Ya Go. Bring Your Kleenex. You're Welcome.",-4.373793914
"Photographer Sick of Fashion, Reframes His Idea Of Beauty –– With Gorgeous Results",-4.226767984
"One City Is About To Make Its Schools So Dangerous, People Are Refusing Food In Protest",-4.652754077
"If You Are Wondering What The Gay Agenda Looks Like, Here Ya Go. Bring Your Kleenex. You're Welcome.",-4.458482014
"Just When We Think We're Not Enough For Our Kids, It Turns Out We're More Than We Imagined ",-4.509004218
Here's The First Marriage Proposal On TV After DOMA Was Ruled Unconstitutional. You're Welcome.,-4.52084879
Fox News Spends 6 Minutes Describing Why Mr. Rogers Was An 'Evil Evil Man',-3.750052539
Chemotherapy Terrifies Children In Every Country Except Brazil. This Is What Brazil Does.,-4.565761801
A Brave Fan Asks Patrick Stewart An Unusual Question And Is Given A Raw And Emotional Answer,-3.927924276
Michele Bachmann Has Some Thoughts On The DOMA Ruling. Nancy Pelosi Has 2 Words For Her.,-3.416078824
Michele Bachmann Has Some Thoughts On The DOMA Ruling. Nancy Pelosi Has 2 Words For Her.,-3.800427909
Watching People Disrobe Has Never Been This Disturbing,-4.437934267
AIDS-Related Problem Goes Unsolved For 10 Years – So Some Gamers Solved It in 3 Weeks,-3.817188903
Spend A Few Minutes With This Guy And I Promise You'll Feel Better,-5.258198953
"Ugh, It’s So Hard To Hear The Way They Were Treated After Such A Godawful War",-4.660289485
"This Could Easily Be Shown On TV, And That Scares The Crap Out Of Me",-4.800768002
"After Such a Godawful War, I Can't Believe They Were  Treated That Way",-4.780007666
"This Could Easily Be Shown On TV, And That Scares The Crap Out Of Me",-4.344661342
"This Could Easily Be Shown On TV, And That Scares The Crap Out Of Me",-4.881409488
"If You Give A Kid A Book, He'll Learn A Few Things. Give A Kid This, And You’re Changing The World. ",-5.413133041
The Most Improbable Family Portrait I've Ever Seen,-3.989395485
"If You Were Looking At The Beautiful Picture This Guy Is Looking At, You'd Have This Reaction Too",-4.088271738
"If You Were Looking At The Beautiful Picture This Guy Is Looking At, You'd Have This Reaction Too",-4.29130642
Here's The Saddest Reason Any Kid Could Ever Get Teased At The Lunch Table,-4.709816161
Children Are Terrified To Have Chemotherapy In Every Country Except Brazil. This Is Brazil's Way.,-4.317101565
I'm Actually Comfortable With These People Hacking The Government,-5.015115041
One Columnist's Shockingly Simple Advice To A Girl Suffering From Sexist Name Calling,-3.658132058
I'm Actually Comfortable With These People Hacking The Government,-5.233008178
I’m So Sorry My Country Is Breaking Up Your Family,-4.524998362
Sometimes We Inspire Our Kids In Ways We Don't Even Realize,-4.257811318
What's The Worst Thing You Could Say To A Congresswoman Who Lost Her Legs In Battle? FOUND IT.,-3.713572067
Here's How DOMA Is Like That Awkward Person At The End Of A Party Who Just Won't Leave,-4.821761707
Here's How DOMA Is Like That Awkward Person At The End Of A Party Who Just Won't Leave,-4.850036857
A Beloved World Leader Goes On Oprah And Is Totally Clueless About The Show’s Topic,-3.991816202
I Have A Feeling The Morning After This Hot Date Won’t Be Too Pleasant,-3.891156398
"What's The Dumbest Thing You Could Say To A Congresswoman Who Lost Her Legs In Battle? Um, THIS.",-3.738183361
Elite Food Experts Talk About Lunchables. It's Kinda Crazy.,-4.782413511
Are You Afflicted With The Human Condition? This Quick Quiz Will Tell You.,-5.135620168
The Supreme Court Did WHAT!? The Terrifying Ruling No One's Talking About.,-4.566610124
"What's The Dumbest Thing You Could Say To A Congresswoman Who Lost Her Legs In Battle? Um, THIS.",-3.606597534
"What's The Dumbest Thing You Could Say To A Congresswoman Who Lost Her Legs In Battle? Um, THIS.",-3.773174315
The Supreme Court Did WHAT!? The Terrifying Ruling No One's Talking About.,-4.194050825
What Happens When Corporations Are Treated Like People? Ben & Jerry’s Has An Answer For That.,-3.751854253
"I Think I’m Supposed To Be Turned On By This, But I’m Super Grossed Out Instead",-4.205162599
Listen To A Guy Describe How He Got ‘Fixed’ While In Prison. It’s Not What You Think.,-4.83069895
"No Job, No Money, No Problem: This Restaurant Is Happy To Serve You",-5.102937468
People Standing Together With A Common Goal Just Makes My Eyes All Watery,-5.430723126
The Supreme Court Did WHAT!? The Terrifying Ruling No One's Talking About.,-4.331507035
"On Mother's Day, She Was On The Bathroom Floor, Hungover, And Pregnant. ",-4.472000392
"On Mother's Day, She Was On The Bathroom Floor, Hungover, And Pregnant",-4.405470148
We're Failing Half Of Our Population And It's A Damn Shame.,-5.241747015
"Having A Near-death Experience Is Hard, But The Beauty With Which This Woman Talks About It...Oof.
",-4.314292129
" I Would Have Answered ""superhero"" To This Question. John Lennon's Answer Was Much Better.",-4.443878125
I'M IN LOVE: If I Get These Tattooed On My Boobs Does It Defeat The Purpose?,-4.887877217
The Response To Censorship That Will Blow Your F*cking Mind.,-5.362126455
"Even Though It's All About Women, The Men At The End Of The Video Inspire Me. ",-5.195408623
This Video Celebrating Pride Is Like A Unicorn Leaping Into A Pool Full Of Skittles,-5.126367371
"A lot Of Us Assumed It Was Over, But We Were Incredibly Wrong.",-4.919531639
I'M IN LOVE: If I Get These Tattooed On My Boobs Does It Defeat The Purpose?,-4.794625859
"Sorry, We Broke You, And There’s No Legal Way To Put You Back Together",-4.893098707
Words Like Good And Will Don't Belong Together If This Is The Kind Of Thing They Do,-4.287511593
The Most Beautiful Sounding Middle Finger To Islamist Rebels I've Ever Heard.,-4.820691542
Quaker Oats Just Got Served... And I'm Not Talking About A Bowl Of Oatmeal,-4.512616204
There Are Two Sides To Every Situation Or Choice -- This Might Help You See Them More Clearly.,-4.470438779
I'm Willing To Bet You've Never Been To The Moon. Here's What It Feels Like.,-5.239585086
I Thought America Valued Freedom Of Assembly. So... What's Happening Here?,-4.928058514
I Thought America Valued Freedom Of Assembly. So... What's Happening Here?,-4.828094535
Wow - Why Brazil Is the Wrong Place For The 2014 World Cup,-4.871898969
I'm Actually Comfortable With These People Hacking The Government,-5.852833063
I'm Actually Comfortable With These People Hacking The Government,-5.336892062
I'm Actually Comfortable With These People Hacking The Government,-5.151863329
I'm Actually Comfortable With These People Hacking The Government,-4.459654434
Here's Some Retro Advertising That Makes A Lot More Sense For Kids Than What's Around Today,-4.200222186
Coke's REALLY Cool New Idea To Be Eco-Friendlier,-4.567531894
Coke's Newest Bottle Is Made Of Ice,-4.193480929
"Here’s One Minute Of Powerful Realtalk That Everyone Confused About Human Rights Should Watch
",-3.615960592
It Only Took Rachel Maddow 48 Seconds To Dismantle An Anti-Gay Zealot's Flawed Ideas On Marriage,-3.11362163
It Only Took Rachel Maddow 48 Seconds To Dismantle An Anti-Gay Zealot's Flawed Ideas On Marriage,-2.924306182
It Only Took Rachel Maddow 48 Seconds To Dismantle An Anti-Gay Zealot's Flawed Ideas On Marriage,-2.94942583
It Only Took Rachel Maddow 48 Seconds To Dismantle An Anti-Gay Zealot's Flawed Ideas On Marriage,-2.860119394
It Only Took Rachel Maddow 48 Seconds To Shut Down An Anti-Gay Zealot's Flawed Ideas On Marriage,-1.098612289
It Only Took Rachel Maddow 48 Seconds To Tear Down An Anti-Gay Zealot's Flawed Ideas On Marriage,-2.321094059
It Only Took Rachel Maddow 48 Seconds To Tear Down An Anti-Gay Zealot's Flawed Ideas On Marriage,-2.308782545
It Only Took Rachel Maddow 48 Seconds To Tear Down An Anti-Gay Zealot's Flawed Ideas On Marriage,-2.544981972
"The Stock Market Is Up, And I'd Prefer Not To Cheer...Kthanxbye",-4.886823484
"The Recovery Is Over! Stock Market Is Up! Life Is Great! Wait, What?",-4.680460129
Why In The World Did This Adorable Little Girl Have To Fight So Darn Hard Just To Just A Bathroom?,-3.278460234
"Wow, This Elementary School Was Horrible To A Little Girl. What She Did About It Was Equalitastic.",-3.3976581
"The Recovery Is Over! Stock Market Is Up! Life Is Great! Wait, What?",-4.829520556
This Kick-Ass Fourth Of July Speech By Frederick Douglass Will Leave You Breathless,-4.342239496
"A Female Comedian Made A Public Service Announcement For Women. Watch It, Then Watch Yourself.",-3.413042486
6 Overused Sentences That I Wish Always Had These Twist Endings,-3.587275315
"The Recovery Is Over! Stock Market Is Up! Life Is Great! Wait, What?",-4.713298297
"Wow, This Elementary School Was Horrible To A Little Girl. What She Did About It Was Equalitastic.",-3.256470081
Frederick Douglas Was Asked To Speak At A July 4 Celebration. It Didn't Go So Well...,-3.471382681
The Little Girls Toy That Will Help Your Little Girl Change An Entire Dude-Dominated Industry,-3.873780326
6 Overused Sentences That I Wish Always Had These Twist Endings,-3.50429728
"A Famous Actress Just Called 'Cut' On This Scene. Watch, As It's A Scene Millions Of Women Recognise.
",-2.922472559
"A Famous Actress Called 'Cut' On This Scene. Watch, As It's A Scene Millions Of Women Recognise.",-2.623173377
"Google Failed Big Time, But These Kids Made It All Right Again",-3.657801499
"Look, I Get It. Girls Like Pink. That's Only Because You Forgot To Show Them Something Way Cooler.",-3.251286069
Watch A Bunch Of Little Girls Sing A Power Ballad Shattering What Little Girls Are Supposed To Like,-2.848159909
The Most Heartwarming Use Of Duct Tape You'll Ever See,-3.746726429
"The Recovery Is Over! Stock Market Is Up! Life Is Great! Wait, What?",-4.511573984
And You Thought The Jocks Had It Good In High School,-4.180301166
"Wow, This Elementary School Was Horrible To A Little Girl. What She Did About It Was Equalitastic.",-3.085647593
"Google Failed Big Time, But These Kids Made It All Right Again",-4.114635388
Socialized Medicine: You Keep Using That Word. I Do Not Think It Means What You Think It Means.,-3.928833298
This Gay Pride Video Makes Me As Happy As Riding A Candy Colored Unicorn On A Road Made Of Rainbows,-4.257316975
Dog Tries To Save Owner After Cops Handcuff Him. What Ensues Is Heartbreaking.,-3.288790862
Watch A Bunch Of Little Girls Sing A Power Ballad Shattering What Little Girls Are Supposed To Like,-3.245569498
Bill Nye The Science Guy Explains The Basics Of Something You Should Really Know,-3.807782311
We All Made Mistakes In Middle School. We Just Have To Make Sure We Learn From Them.,-3.850147602
"Look, I Get It. Girls Like Pink. That's Only Because You Forgot To Show Them Something Way Cooler.",-3.128485251
6 Overused Sentences That I Wish Always Had These Twist Endings,-3.021435952
These Images By One Photographer Shocked The World,-3.110796685
Bill Nye The Science Guy Explains The Basics Of Something You Should Really Know,-3.175531272
This Elementary School Was Horrible To A Little Girl. What Her Family Did About It Was Wonderful.,-2.817024358
"Look, I Get It. Girls Like Pink. That's Only Because We Failed To Show Them Something Way More Epic.",-2.837780605
"Look, I Get It. Girls Like Pink. That's Only Because We Failed To Show Them Something Way More Epic.",-3.028340855
This Gay Pride Video Makes Me As Happy As Riding A Candy Colored Unicorn On A Road Made Of Rainbows,-2.954950497
The True Story Of A Man With No Heart. Literally No Heart.,-3.721346644
Justice Is Blind? I Seriously Doubt This 14-Year-Old's Mom That Caught This On A Cell Phone Agrees,-3.077702228
Who Knew That Pam And Tara Making Out On True Blood Actually Helped Change The World,-4.039350986
What Goes Through A Soldier’s Mind During An Attack? Might Not Be What You Expect.,-3.960350742
"Rapper Makes A Reference On Needing To Use A Fist In A Way You Wouldn't Imagine
",-4.10199314
A Simple Joke About A Super Obvious Problem In Hollywood Said In A Refreshingly Sly Way,-3.10561562
"A Famous Actress Called 'Cut' On This Scene. Watch, As It's A Scene Millions Of Women Recognize.",-2.309258242
How 66-Cent Salmon Has Changed This Former 6-Figure Chef,-4.220879313
"If A 14-Year Old In Africa Can Build These With Scraps, Imagine What We Could Do In America?",-3.93145208
WTF?!? Doctors Prove Life Possible Without A Pulse Or A Heartbeat.,-4.159780669
Who Knew That Callie And Arizona Making Out On 'Grey's Anatomy' Actually Helped Change The World,-3.625256544
Musician Wyclef Makes A Reference On Needing To Use A Fist In A Way You Wouldn't Imagine,-4.211213939
Chef Cooks Up Yummy Meals For Less Than A Dollar But His Life Lessons Are Delicious,-3.972956552
Fall In Love With A Country We Have Grown To Fear.  Amazing What We See Without Rhetoric.,-3.918024379
A Simple Joke About A Super Obvious Problem In Hollywood Said In A Refreshingly Sly Way,-3.017107133
"Presenting 'The Realest 2 Minutes I've Seen On The News In A Long Time', Starring Levar Burton",-3.050209118
Know An American Who Thinks We're Equal? Show Them What This Guy Does When He's Stopped By A Cop.,-3.075114479
A Simple Joke About A Super Obvious Problem In Hollywood Said In A Refreshingly Sly Way,-2.900669212
"Some Beautiful Proof That We Don't Always Get The ""Be A Good Person"" Thing Right The First Time",-3.781220804
"The Next Time Someone Talks About Starving Kids In Africa, Show Them This",-3.783563917
What Would Suburbia Look If It Had The Same Water Resources As Africa?,-3.363230784
"Some Beautiful Proof That We Don't Always Get The ""Be A Good Person"" Thing Right The First Time",-3.811474322
These Folks Are Taking That Whole 'An Injury To One Is An Injury To All' Thing Quite Literally,-4.222196713
"Dear US Government: This Guy Has Nailed A Hammer On Your Hypocrisy Head
",-3.734808386
Know An American Who Thinks We're Equal? Show Them What This Guy Does When He's Stopped By A Cop.,-2.860495166
"I Once Had A Boss That Told Us, 'If You Get Fired, You're Firing Yourself'",-3.983168441
What Would Suburbia Look If It Had The Same Water Resources As Africa?,-3.067393646
"Here's Beautiful Proof That We Don't Always Get The ""Be A Good Person"" Thing Right The First Time",-3.493766761
Meet The Doctor Who Thinks We've Got America's Biggest Health Problem Backwards,-3.285349093
"If You're Young, This Is The Only Obamacare Infographic You Need. I Obamadare You To Click On It.",-3.310620251
"The True Story Of A Man With No Heart. Literally, No Heart.",-3.328005764
This Comedian Is So Funny You Wont Realize You Heard Something Meaningful Until She Takes Her Bow,-2.520171671
Try NOT Wanting To Be A Better Person – After Meeting This Man,-3.905763455
"The Next Time Someone Talks About Starving Kids In Africa, Show Them This",-3.39912367
This Comedian Is So Funny You Wont Realize You Heard Something Meaningful Until She Takes Her Bow,-2.441204949
This Is Literally Just A Video Of A Bunch Of Super Happy People. Watch It And Just TRY Not To Smile.,-3.804526878
He Said He'd Never Been Out Of His Wheelchair For Long. What He Did When He Got Out Was Astounding.,-3.539916818
"In The Worst Moment Of Her Life She Turned To YouTube For Help, And It Worked. ",-3.281918012
"WTF? 47% Of High School Kids Have Done ""It,"" But Only A Third of High School Freshman Can Do This?",-3.953103031
"In The Worst Moment Of Her Life She Turned To YouTube For Help, And It Worked",-3.126798509
A Bunch Of Congressmen Have Zero Helpful Answers To Some Really Simple Questions,-3.858165972
"U.S. Soldier Dads Make Their Little Children Cry, And It's Totally Worth It ",-3.746726429
This Is What Happens When A Bunch Of Old Dudes Try To Take Away Women's Rights In The Dark Of Night,-3.413539208
This Is What Happens When Old Sexist Men Try To Take Away Women's Rights In The Dark Of Night,-2.704013869
Westboro Baptist Church May Have Met Their Match... And She's 5 Years Old.,-3.030189227
A Flash Mob That Did Way More Than Just Confuse And Startle The People Around It.,-2.919404484
If You Ever Hear Anyone Doing This In Public Please Do More Than Ask Them To Quiet Down.,-2.802237416
I Doubt His Parents Thought Sending Their Gay Kid To A Christian School Would Have These Results,-2.51733076
"Thanks, Lesbians - How Will I Ever Top This Marriage Proposal?",-3.046051198
THE LAST LAUGH: This Woman Became Exactly What She Was Told She Couldn't Be.,-3.33939547
"I Always Wondered If Those Doctors On Tv Were Hazardous To My Health, And This Doc Confirms It",-3.813975137
"SHE GETS IT: I, Too, Have Five To Seven Days, Of Every Month, That I Hate My Boyfriend.",-2.999167661
"A Mother Is Looking For Her Son, She Finds Him In The Scariest  Place.",-3.271458927
Watch An Artist Turn One City’s Garbage Into Trashtacular Art,-4.015339328
I Doubt His Parents Thought Sending Their Gay Kid To A Christian School Would Have These Results,-2.625068312
I Doubt His Parents Thought Sending Their Gay Kid To A Christian School Would Have These Results,-2.593886562
Think About This Video Before You Ever Say 'It’ll Only Take A Minute.',-3.654517149
Think About This Video Before You Ever Say 'It’ll Only Take A Minute.',-3.02911929
"So If Her Parents Had Given Up, They Never Would Have Seen This ",-3.228211423
Homosexuality Has Spread To Our Cereal And This Host Has Had Enough!,-3.254805469
I'd Be Careful About Taking My Kids To A Park With Such A Nasty Secret,-3.828074128
"I Always Wondered If Those Doctors On Tv Were Hazardous To My Health, And This Doc Confirms It",-3.478479502
"Why You Should Totally Eat That Leftover Pasta. Yes, You. I'm Talking To You!",-3.762643534
"Why You Should Totally Eat That Leftover Pasta. Yes, You. I'm Talking To You!",-3.745574798
Dustin Hoffman Breaks Down Crying Trying To Explain Something That Every Woman Sadly Already Knows,-2.081200557
This Is Hands Down The Grossest National Park I've Ever Seen,-3.588240286
"If I Ever Hit On A Straight Guy, I Would Want Him To Be Just Like This Comedian ",-2.88788681
Dustin Hoffman Breaks Down Crying Explaining Something That Every Woman Sadly Already Experienced,-1.842026211
This Comedian Totally His The Bulls Eye About America's Newest Media Disgrace,-2.963825102
This Is Hands Down The Grossest National Park I've Ever Seen,-3.683494611
"If This Sweet Project Won Second Place At The Science Fair, First Place Must’ve Been A Time Machine",-3.485313415
"If You Think We Haven’t Come A Long Way, Watch How Ridiculous Men Were 40 Years Ago",-3.470082503
"If You Think We Haven’t Come A Long Way, Watch How Ridiculous Men Were 40 Years Ago",-3.409262698
"If I Ever Hit On A Straight Guy, I Would Want Him To Be Just Like This Comedian",-3.141378894
"This Man Does One Of The Bravest Things For Human Rights, And Submits Himself To Torture",-3.743472853
This New Zealander Wants To Mess With Texas (For A Very Good Reason),-4.042028773
"A Famous Actress Called 'Cut' On This Scene. Watch, As It's A Scene Millions Of Women Recognize.",-2.438236878
The So-Called 'Women's Issue' That Affects Millions Of So-Called 'Manly Men' Too,-3.233835828
"The Next Time Someone Tells You To Be Afraid Of Socialized Medicine, Show Them Why They're Wrong",-3.523466167
"If They Think They Can Silence This Female Rapper, Just Look At What She Does To Defy Them",-3.577033945
"This Comedian Gives The Best 60-Second Piece Of Advice To Liberals, Conservatives, And Human Beings",-3.153272462
Step 1: Ask Other Nations What They Think Of Our Health Care. Step 2: Apply Cold Water To The Burn.,-4.00191801
Being Told To Eat Healthy Is Meaningless If You Can't Compare Foods. Here's A Good Method.,-4.21119059
There's A Reason This Guy Should Be Named Father Of The Decade,-3.061903875
This Comedian Is So Funny You Won't Realize You Heard Something Meaningful Until She Takes Her Bow,-2.581140766
"The Next Time Someone Tells You To Be Afraid Of Socialized Medicine, Show Them This",-3.068118442
This Is Hands Down The Grossest National Park I've Ever Seen,-3.630753892
"Sexists Think Women Are Bad At Math, But Do They Really Think We Don't Know 77 Is Less Than 100?",-4.582847405
This New Zealander Wants To Mess With Texas (For A Very Good Reason),-3.952801756
"Sexists Think Women Are Bad At Math, But Do They Really Think We Don't Know 77 Is Less Than 100?",-4.084155371
"Why You Should Totally Eat That Leftover Pasta. Yes, You. I'm Talking To You!",-3.907474863
"You’ve Gotta See This House: It’s Economical, Solar-Powered, And Super Sweet",-4.08335247
This Hilarious Parody Of Race In Hollywood Is So On The Money,-3.624248975
Straight-Shooting Texas Lawmaker Reminds Male Colleagues Exactly Who Changed Their Diapers,-3.456299443
I'm Not Sure I Could Do What This Actress Did—In Front Of A Police Car—In A Foreign Country...,-2.930944033
This New Zealander Wants To Mess With Texas (For A Very Good Reason),-3.98328393
How Facebooking About Brazil Could Get The Olympics And The World Cup Canceled,-4.186303995
"Calling Them ""Girls"" Was Their First Mistake. What Happens Next Is A Great Moment In Fierceness.",-3.164067588
I'm Not Sure I Could Do What This Actress Did—In Front Of A Police Car—In A Foreign Country...,-3.015250099
"Chris Rock Gives The Best 60-Second Piece Of Advice To Liberals, Conservatives, And Human Beings",-2.972459755
This New Zealander Wants To Mess With Texas (For A Very Good Reason),-4.063480988
"Chris Rock Gives The Best 60-Second Piece Of Advice To Liberals, Conservatives, And Human Beings",-3.129868322
"Don’t Be Distracted By The Wondrous British Accents. Just Listen To These Two Words.
",-3.484077803
The Country She Lives In Send Her Death Threats For Doing Something Nicki Minaj Does Daily,-3.63861474
"Chris Rock Gives The Best 60-Second Piece Of Advice To Liberals, Conservatives, And Human Beings",-2.924669592
"I Cannot Believe The Men Think They Can Get Away With This In Front Of Our Eyes
",-3.331195123
I Cannot Believe The Men Think They Can Get Away With This In Front Of Our Eyes,-3.146628122
This Is By Far The Grossest National Park I've Ever Seen,-3.203414446
This New Zealander Really Wants To Mess With Texas (For A Very Good Reason),-3.610534477
WATCH: Your Duly Elected Representatives Standing Up For Their Principles Before It Was Cool,-4.231221801
"The School In This Commercial May Be Fake, But The Reason It Exists Is All Too Real",-3.755908223
"If This Invention Won Second Place At The Science Fair, First Place Must’ve Been A Time Machine",-3.218875825
"Sick Of Paying Rent? Just Build Your Own Tiny Palace, Like These Guys Did.",-3.181917033
"Take Two 'Normal' People, Add Money To Just One Of Them, And Watch What Happens Next",-2.790514484
Congressman Responds Like A Real Person Would After Getting A Really Inane Letter From His Coworkers,-2.982912812
Congressman Responds Like A Real Person Would After Getting A Really Inane Letter From His Coworkers,-3.231658104
Happens Every Time: Watching This Dude Kill It On The Dance Floor Makes My Heart Burst Open,-3.12940012
A 10 Year Old Girl Has More Sense Than 29 Of Our States. Now That’s Messed Up.,-3.57954279
Congressman Responds Like A Real Person Would After Getting A Really Inane Letter From His Coworkers,-3.147263832
The Most Dangerous Sea Creatures In The World Are On This Graphic,-3.830282561
Happens Every Time: Watching This Dude Kill It On The Dance Floor Makes My Heart Burst Open,-3.356288564
Straight-Shooting Texas Lawmaker Reminds Male Colleagues Exactly Who Changed Their Diapers,-3.480779366
The Only Time It’s OK To Make A Kid Cry In Front Of His Entire School Is Right Here,-2.902713584
A 12-Year-Old Egyptian Boy Flabbergasts An Interviewer. They Weren't Expecting A Political Genius.,-2.757835208
"A Little Kid Talks To Charlie Sheen... Wait, Where Are You Going? I Promise Its A Good Thing.",-3.282086649
A 12-Year-Old Egyptian Boy Flabbergasts An Interviewer. They Weren't Expecting A Political Genius.,-2.717319279
A Texas Woman Gets Dragged From The Stand While Criticizing The Way Texas Treats Women,-3.17236708
"This Woman Doesn't Believe In God, But Her View On Life & Death Is Absolutely Heavenly",-3.053963595
This Comedian Just Pointed Out What Dudes Never Think Of When Asking A Woman Out.,-2.417145917
"This Woman Doesn't Believe In God, But Her View On Life & Death Is Absolutely Heavenly",-2.921481311
A Twist On A Classic Song Tells You Everything You Need To Know About The Terrifying Abortion Bill,-3.498387968
"I Looked At My Bank Account The Other Day. Funny, Corporate Profits Haven't Helped It At All.",-4.332399853
HALLELUJAH: Here Are All Of The Things I've Wanted To Yell Down The Self Help-Aisle,-3.694024924
Exactly What Kind Of Harm Did They Think One Floating Vagina Would Cause?,-3.463919738
1960s Letter From NASA To Aspiring Astronaut Reveals Why No Woman Has Walked On The Moon,-3.434699836
Bette Midler Didn’t Know This Was Going To Be Caught On Tape. That Makes This Even More Amazing.,-2.462595408
"A Little Kid Talks To Charlie Sheen... Wait, Where Are You Going? I Promise Its A Good Thing.",-3.546606083
A Twist On A Classic Song Tells You Everything You Need To Know About The Terrifying Abortion Bill,-3.654351623
A Twist On A Classic Song Tells You Everything You Need To Know About The Terrifying Abortion Bill,-3.775519315
"A Little Kid Talks To Charlie Sheen... Wait, Where Are You Going? I Promise Its A Good Thing.",-4.053639602
Everyone Relax! This ONE MAN Has Solved All Of The World's Problems! All Of Them.,-3.912221006
1960s Letter From NASA To Aspiring Astronaut Reveals Why No Woman Has Walked On The Moon,-3.37132079
"Please, Do NOT Warn Your Children About This Stranger Posing As An Ice Cream Man",-3.082678203
A Twist On A Grade School Song Tells Everything You Need To Know About The Terrifying Abortion Bill,-3.703539804
NASA's 1962 Shockingly Sexist Letter To Aspiring Female Astronaut,-3.210881873
"A Little Kid Talks To Charlie Sheen... Wait, Where Are You Going? I Promise Its A Good Thing.",-3.837094184
Muhammad Ali Was Asked By America To Kill People. His Response Is Legendary,-3.201438238
"In Case You Missed It, Here's What The Trayvon Martin Case Was About (Aside From Attempted Justice)",-3.190091107
"In Case You Missed It, Here's What The Trayvon Martin Case Was About (Aside From Attempted Justice)",-2.820601297
"In Case You Missed It, Here's What The Trayvon Martin Case Was About (Aside From Attempted Justice)",-2.197224577
Imagine If This Man Had Walked Down The Wrong Street On The Wrong Night Wearing The Wrong Thing,-3.112345034
"In Case You Missed It, Here's What You May Not Realize About The Whole Trayvon Martin Thing",-2.352756386
The One Where McDonald's Makes An Employee Budget Planner And It Blows Up In Their Faces,-3.571280225
Its Not A Hymn For Hoodies. Its A Reminder Of The Biggest Question About This Whole Mess,-4.114917987
Its Not A Hymn For Hoodies. Its A Reminder Of The Biggest Question About This Whole Mess,-3.699698578
"If Your Heart Is Broken For Trayvon Martin, Here Is A Small Bit Of Solace",-3.487741983
Some Cable News Anchors Decided To Pick A Fight With Elizabeth Warren. They Forgot To Bring Facts.,-2.742034054
CNBC Hosts Decide To Teach Senator Warren How Regulation Works. Probably Shouldn't Have Done That.,-2.802422734
Don't Think American Cinema Revolves Around Men? Take A Look Here.,-3.785160414
Forget Everything You Learned In Economics. You Were Lied To.,-3.975614108
I Can't Believe I Live In A Country Where Children Are Saying What I Just Heard This Pundit Say,-3.061099533
Don't Think American Cinema Revolves Around Men? Take A Look Here.,-3.461370327
I Can't Believe I Live In A Country Where Children Are Saying What I Just Heard This Pundit Say,-2.998238782
Forget Everything You Learned In Economics. You Were Lied To.,-3.879983652
This Comedian Heard Her Staff But Maybe Wasn't Listening? Now She's Not Saying Anything.,-3.996252739
How Can Our Kids Accept Diversity If This Is What We Use To Raise Them?,-3.628547128
Put A Cape On This Guy Because It’s Superhuman How He Deals With His Sister’s Death,-3.295836866
The Most Beautiful Answer To A Rude Question That Gets Asked All The Time,-3.373441423
Being A Cab Driver In A Big City Has To Be Tough. This Guy's Just A Bit Tougher.,-4.125340663
"Most Forget An Item Or Two On Their Grocery List, But Here's The MOST Important Thing To Remember",-3.603790581
Forget Everything You Learned In Economics. You Were Lied To.,-3.424484333
"The Wheelchair Is 2,300 Years Old. There’s Finally A Better Option.",-3.616209805
You Won't Believe The Drugs Kids Are On These Days,-3.587202898
A Perspective On George Zimmerman That Every Person Should Hear,-2.273303929
Why Do We Need To Keep Convincing People This Is A Real Disease?,-3.008303526
"Kids Are Using Charlie Sheen To Learn. Don't Worry, It's A Good Thing!",-4.435020406
How Can Our Kids Accept Diversity If These Books Are What We Use To Raise Them?,-3.648694247
"Most Forget An Item Or Two On Their Grocery List, But Here's The MOST Important Thing To Remember",-3.572889165
"I’d Like A Bag Of Fries, A Coke, And This Massive Injustice Sorted Out By The Time I Pick It Up
",-4.268627359
"This Is The Story Of A Kid Who Only Wanted A Dime, But Got A Life Lesson He Won’t Forget Instead",-3.582901464
How Did It Not Dawn On The Police That This Woman Was The Victim Of A Hate Crime?,-3.684618689
What Stevie Wonder Did For Trayvon Just Made My Heart Skip A Beat,-2.600047676
"Wait, There’s A Better Option For Paralyzed People Than A 2,300-Year-Old Rolling Chair?",-3.503916375
"Why Are We Always Trying To Stop The People Who Want To HELP Our Country?
",-4.360603129
I Don’t Think Eminem Realizes He’s Become A Science Teacher,-3.691295887
"I’d Like A Bag Of Fries, A Coke, And This Massive Injustice Sorted Out By The Time I Pick It Up",-3.862805999
NOT A GOOD LOOK: A Notoriously Loudmouth Celeb All Of Sudden Goes Silent,-3.905096417
"What Is It To Be Free? If You Had To Make His Heart-Breaking Choices, You'd Still Be Asking",-3.955314675
So You're Telling Me This TV Character From 1960 Gets The Constitution But The NSA Doesn't?,-3.944933412
Why Is This Unsigned Country Singer Getting So Much Attention For The Love Interest In His Video?,-3.649044173
"The Government Wants You To Be Ready For Zombies. And They Have A Good Reason, Too.",-3.57927891
Why Do We Need To Keep Convincing People This Is A Real Disease?,-3.013663921
So You're Telling Me This TV Character From 1960 Gets The Constitution But The NSA Doesn't?,-4.164209065
The Most Beautiful Answer To A Rude Question That Gets Asked All The Time,-2.721475657
It's A Shame That We Need To Keep Convincing People This Is A Real Disease,-2.873114907
How Can Our Kids Accept Diversity If These Books Are What We Use To Raise Them?,-3.625663214
Why Do We Need To Keep Convincing People This Is A Serious Disease?,-3.197598426
"As A Man, I’m Disgusted That We Could Demean Women This Way. Disgusted.",-3.114863927
"If You Came Here And Saw This Much Excess, You Would Be Livid Too.",-4.059171785
This Unsigned Country Singer Is Getting A Lot Of Attention For The Love Interest In His Video...,-3.481695152
Think She’s Owed An Apology? No Woman Deserves This Taken Away From Her.,-3.24422037
This Guy Sees How Dirty Our Cleaning Habits Are. Do you?,-3.554953895
"As A Man, I’m Disgusted That We Could Demean Women This Way. Disgusted.",-3.105961396
This Guy Sees How Dirty Our Cleaning Habits Are. Do you?,-3.686359503
How Can Our Kids Accept Diversity If These Books Are What We Use To Raise Them?,-3.357058829
"You Can Forget One Or Two Things On The Grocery List, But You NEED To Remember This",-3.632534226
‘Can You Have Sex?’ Guess Who Hates Hearing That Question The Most?,-3.775275562
"Why It’s Dangerous To Treat Corporations Like People, Explained In One Minute (With Cool Animation)",-3.951745265
A Super Simple Way To Banish Bullies That Is 100% Worth Trying At Home,-3.453498152
A Super Simple Way To Banish Bullies That Is 100% Worth Trying At Home,-3.211609671
"It's Rare That The Daily Show Slips Out Of Satire And Into Anger. This Is One Of Those Times. 
",-1.9822079
It's Rare That The Daily Show Slips Out Of Satire And Into Anger. This Is One Of Those Times.,-2.130495314
It's Rare That The Daily Show Slips Out Of Satire And Into Anger. This Is One Of Those Times.,-1.920934865
It's Rare That The Daily Show Slips Out Of Satire And Into Anger. This Is One Of Those Times.,-2.03245812
Scientists Need To Stop Pretending That Reversing Climate Change Is 'Fun',-4.375505418
Why 'Hard-Hitting' Interviews Have Silenced Politicians And Strangled Journalism,-4.3591933
It's Important To Remember How Bad Governments USED To Be,-4.248299528
A Holocaust Survivor's Compassionate Message To The German Population,-2.917153486
Here's The Infographic Your Gas Station Doesn't Want You To See,-3.406386209
"So A Debate Over A ""Controversial"" Ad Just Got Owned By A Bunch Of Kids",-3.501376713
This Everyday Substance Seems Pretty Harmless. Until You See Where It Ends Up.,-4.419223017
Here's The Infographic Your Gas Station Doesn't Want You To See,-3.80666249
"After being confronted with racism, these kids say what I wish everyone thought",-3.205660683
Extended Forecast: A 100% Chance Of These 2 Kids Kicking Major Butt In Life,-4.526717123
Here's The Infographic Your Gas Station Doesn't Want You To See,-3.691357298
MUST WATCH: The Video CNBC Is Trying To Stop The Entire Internet From Seeing,-2.79020782
MUST WATCH: The Video CNBC TRIED To Hide From The Internet. They Probably Shouldn't Have Done That.,-2.927280381
"Think Trayvon's Record Said Something About His Character?  Well, Get A Load Of This.",-2.601049534
MUST WATCH: The Video CNBC Tried To Hide From The Internet. They Probably Shouldn't Have Done That.,-2.926853135
"A Young Girl's Faith Is Restored, Because Someone Took A Chance On Her. ",-4.153537941
"The Hardest Decision For This Soldier Was Not On The Battlefield, But On His Own Driveway",-3.815512105
"The Hardest Decision For This Soldier Was Not On The Battlefield, But On His Own Driveway",-3.789268617
"While We Might Not All Be Trayvon Martin, President Barack Obama Actually Was",-3.420810543
The Worlds Most Belovedly Annoying Song Gets Remixed By Kids In Cambodia,-4.070220784
95 Young Adult Books To Read This Summer Instead Of Reading 'Harry Potter' AGAIN,-3.930999698
95 Young Adult Books To Read This Summer Instead Of Reading 'Harry Potter' AGAIN,-3.837027599
Here's The Infographic Your Gas Station Doesn't Want You To See,-3.892985799
Here's Why You Shouldn't Be Afraid That Your Grandpa Will Serial Kill You,-4.198628549
"Meet The Wannabe New Barbie, No Longer Burdened With Those Unattainable Alien-Like Legs",-3.208402567
"Meet The Wannabe New Barbie, No Longer Burdened With Those Unattainable Alien-Like Legs",-3.137873753
"Meet The Wannabe New Barbie, No Longer Burdened With Those Unattainable Alien-Like Legs",-3.339559677
"If this is how the nice kids think, imagine how the not-so-nice ones feel ",-3.240287463
Wow! That's A Lot Of Kids Who Could Have A Crappy Summer Break... And Not Because They're Bored.,-4.709530201
"If this is how the nice kids think, imagine how the not-so-nice ones feel ",-3.074838597
One Girl Had A Mission To Show Everyone They Were Beautiful. Here's Her Story.,-3.968734584
"By The Time He’s Done Brushing His Teeth, This Kid Will Be Dead. It's Pretty Cool.",-2.990327359
Those Teachers Enjoying 3 Months Of Paid Time Off? Let's Put That Into Perspective...,-3.908877568
"This Talking Blob May Be Pretty Adorable, But His Message Is Downright Ugly",-4.644202344
"If You Know Nothing About Keystone XL, Here's An Adorable Animation You Should Watch",-4.413471467
The Surprisingly Simple Staff Change That Totally Turned One School Around,-3.988825756
"If We’re Going To Change The Influence Money Has Over Politicians, We Need To Listen To These Folks",-4.439024779
A Little Girl's Moment Of Courage Captured On Camera Is The Reason We Need To Look After Each Other,-3.140738278
A Little Girl's Moment Of Courage Captured On Camera Is The Reason We Need To Look After Each Other,-3.031144312
"She Did Well In School And Had Plans To Be A Doctor, So The U.S. Gov’t Took The Next Logical Step",-3.194804641
I'm Actually Comfortable With These People Hacking The Government,-4.507383257
A Wrestler Who Can't Walk And His Best Friend Who Can't See Decided To Blow Your Mind,-3.251696224
Watch A Preacher Eloquently Explain What Everyone Missed About The Trayvon Martin Case,-2.634736045
Watch A Preacher Succinctly Explain What Everyone Missed About The Trayvon Martin Case,-2.576192198
Six Startling Facts About Moms Working In The Restaurant Industry,-4.146413418
Meet 4 Kenyan Women Who Want You To Keep Your 'Poverty Porn' To Yourself,-2.80460232
Short And Bitter: Racism's Catch 22 Explained In Two Sentences,-3.296596312
Everything You Need To See To Convince You That Global Warming Is Happening (In 13 Seconds),-2.993654645
You'll Want To See Why This Teen Can't Distinguish Corporate Farmers From Drug Dealers,-2.965124185
"If You Know Nothing About Keystone XL, Here's An Adorable Animation You Should Watch",-3.745045312
"Why Did This Police Chief Apologize For Something He Didn’t Do, 50 Years After It’d Happened?",-3.619545739
"If You Know Nothing About Keystone XL, Here's An Adorable Animation You Should Watch",-4.046369855
Meet 4 Kenyan Women Who Want You To Keep Your 'Poverty Porn' To Yourself,-3.372183058
Here's A Very Un-Slick Answer By A Presidential Candidate About Those Well-Oiled Super PACs,-4.228065331
Why Do All The Girls That Save The Day Only Look A Certain Way?,-3.096636064
Why Do All The Girls That Save The Day Only Look A Certain Way?,-2.731511688
"Brown Bear, Brown Bear, What Do You See? I See A Comedian Sticking Up For Me.",-3.286208945
Everything You Need To See To Convince You That Global Warming Is Happening (In 13 Seconds),-3.390965574
"With All The Junk Food Judgment We Pass Around, Ronald McDonald Is Still Making A Killing.",-3.469979843
The Government Has A Sexy Little Music Video They'd Prefer You Didn't Watch,-2.878616491
"Yes, What You're Seeing Here Are ACTUAL Alternatives To Health Care Reform.",-2.952411914
"Sexual Harassment, Exposure To Harmful Chemicals, Low Pay. Its All In A Day's Work Here.",-3.884930319
Stephen Fry Confesses Into a Webcam What He Really Feels About Being Gay,-2.529958606
Short And Bitter: Racism's Catch 22 Explained In Two Sentences,-2.948734183
"For Someone Who 'Lives' Online, This Poet’s Rant Was A Good Reminder To Keep My IRL Friends Close",-4.305016297
A Journalist Went Near Mount Rushmore To Take Some Photos. What He Found Changed His Life Forever.,-2.276804039
The Most Anti-Gay Airline In The Entire World Has A New Safety Video,-2.420546844
Finally – A Graph That Explains Why We’re Not Getting Anywhere On Climate Change,-3.688691467
Rachel Maddow Connects The Dots. Only The Dots Are Women’s Rights. And They’re Disappearing.,-3.721346644
He’s Caught Lots Of Criminals In The Act; Now He Has To Hide His Face So They Won't Catch Him,-3.44914188
Watch And Learn: How To Roll Down Your Window And Deliver A Fantastic Response To An A**hole,-2.441490423
"Armed With A Glass Of Water And Some Cold-Hard Facts, This Guy Blows Up The Debate On Islam",-2.822615534
"It Might Look Like A Bunch Of Scribbles, But It’s Actually Packed With Buckets Of Wisdom",-2.90809157
"A Totally Mesmerizing, Insanely Eloquent Defense Of Islam That Your Brain Will Thank You For",-3.039516169
"It Might Look Like A Bunch Of Scribbles, But It’s Actually Packed With Buckets Of Wisdom",-3.013879372
5 Statistics That I Always Keep In Mind When Talking About Race,-3.252586882
Parents Claim To Have Eyes On The Backs Of Their Heads. Remember That Kids Have Eyes On The Front.,-3.457942877
"Compassion And Empathy Are Nice And All, But Sometimes, They Don't Do A Thing",-3.732130496
"Okay, We Admit It — Being Grotesquely Irresponsible Is Really Fun. Sadly, It's Time To Grow Up.",-3.788164853
"Compassion And Empathy Are Nice And All, But Sometimes, They Don't Do A Thing",-3.564761742
Can We Break These Stereotypes Already? Muslim Women Everywhere Deserve Better.,-3.486793306
Men: The More Powerful Sex Or The More Repressed Sex?,-3.884438829
Apparently There Is A Question That A Large Majority Of Adults Are Incredibly Afraid To Ask,-3.175247205
Apparently There Is A Question That A Large Majority Of Adults Are Incredibly Afraid To Ask,-3.222678111
What Could Make An Entire Room Full Of Football Players So Emotional?,-3.86385427
Detroit Has Been Declared Bankrupt. I'm Going To Take A Guess That This Happened As A Result.,-3.365736071
Burglars In Your House? Here Are Some Things You Can Do While You Wait For Them To Leave,-3.096732648
Burglars In Your House? Here Are Some Things You Can Do While You Wait For Them To Leave,-3.166765085
"He Won’t Help You Carry Someone You Love, But He’ll Do Most Of The Work",-3.652190965
Apparently There Is A Question That A Large Majority Of Adults Are Incredibly Afraid To Ask,-2.92001157
"One Fact About Raising The Minimum Wage Is So Unbelievable, I Had To Fact Check It Like 5 Times",-3.363616349
"A Muslim Scholar Writes A Book About Jesus, And This Newscaster's Brain Explodes",-2.668742955
Consider This Trashy Fact Before Digging Into Your Next Seafood Feast,-4.193386456
What Happened When A College Kid Took On The Oil And Gas Industry?,-3.657388787
A Celebrity Couple Are Hounded By Paparazzi As They Walk Down The Street. They Respond Wonderfully.,-1.81538666
What Happened When A College Kid Took On The Oil And Gas Industry?,-3.424676484
Watch A Retired Teacher Shatter What's Left Of A Politician's Mayoral Campaign In Under 2 Minutes,-2.462337487
A Celebrity Couple Are Hounded By Paparazzi As They Walk Down The Street. Their Response Is Superb.,-2.099268968
Watch A Retired Teacher Shatter What's Left Of A Politician's Mayoral Campaign In Under 2 Minutes,-2.465013109
Watch A Retired Teacher Shatter What's Left Of A Sexting Politician's Mayoral Campaign In 2 Minutes,-2.42768214
What Happened When A College Kid Took On The Oil And Gas Industry?,-3.74740429
His Jokes Will Wake The Part Of You That Used To Make Friends Without Mark Zuckerberg's Help,-3.147554664
A Geek Mom Asked A Celebrity Nerd To Give Her Baby Geek Some Wisdom. Set Phasers To Heartwarming.,-2.721818388
What Advice Could Make A Locker Room Full Of Football Players So Emotional?,-3.285371888
You Can See Her Groundbreaking Joy In Every Note She Sings,-3.966633373
"If This Unconventional Educator Had His Way, No Student Would Ever Be Uniform Again",-3.579388556
Anyone Could Make This Mistake. The Fact It Happens All The Time Is Frightening.,-2.48901077
"Don’t Be Discouraged By His Potty Mouth, This Guy Is Starting An Important Conversation",-3.134334123
This Is What It Looks Like When The King Of The Of Nerds Gives Your Infant Daughter A Pep Talk,-2.698565838
"If You Still Don't Think We Need Feminism, You Should Know These Girls Were Bullied For These Signs",-2.35236454
This Is What It Looks Like When The King Of The Nerds Gives Your Infant Daughter A Pep Talk,-2.388040954
"Don’t Be Discouraged By His Potty Mouth, This Guy Is Starting An Important Conversation",-2.861483778
His Jokes Will Wake The Part Of You That Used To Make Friends Without Mark Zuckerberg's Help,-2.891637695
His Jokes Will Wake The Part Of You That Used To Make Friends Without Mark Zuckerberg's Help,-2.542608867
Because The Way We've Been Talking About Gettin' It On Is Turnin' Me Off,-3.126868826
"If This Unconventional Educator Had His Way, No Student Would Ever Be Uniform Again",-3.372013747
Laugh Break: Stephen Colbert's Take On The McDonald's Minimum Wage McBudget,-2.918623853
INFOGRAPHIC: How Could This Happen To 28% Of Kids On Our Watch?,-3.610211074
"If You Still Don't Think We Need Feminism, You Should Know These Girls Were Bullied For These Signs",-2.688438032
Meet 7 Families That Will Make You Believe You Can Do So Much More With Your Groceries,-3.260680296
Meet 7 Families That Will Make You Believe You Can Do So Much More With Your Groceries,-3.267276049
Because The Way We've Been Talking About Gettin' It On Is Turnin' Me Off,-3.917355298
"Stephen Colbert's Scathing, Hilarious Response To McDonald's McMinimum Wage Budget",-2.697951067
They Ate At 50 Schools In The Name Of Progress. Bless Their Souls.,-3.850147602
"This Commercial Isn't Real, But It's Brutally Honest",-2.894175186
Because The Way We've Been Talking About Gettin' It On Is Turnin' Me Off,-3.423791358
"Why The Police Drove Past Her Instead Of Helping Her (Like She Asked Them To) Is Dumbfounding
",-2.23770731
Can You Believe Some Condescending Geek Guys Think These Brilliant Geek Girls Aren't 'Real'?,-2.446852417
This Country Killed A 16-Year-Old American Boy And Wouldn't Explain Why. Guess Which One.,-2.741130595
These Photos Make A Thought-Provoking Point About Something You Probably Just Did A Few Seconds Ago,-2.705755306
Here Is What It Looks Like When Girls Get Sick Of Being Called 'Fake',-2.112890849
WOW! Best Use Of Ad Space I Have Ever Seen.,-3.363316085
Some Geek Boys Called These Geek Girls 'Fake.' They Won't Make That Mistake Again.,-2.540251827
Desmond Tutu Would Rather Go To Hell Than Not Have This Heaven,-3.730458558
"I'd Ask You To Like This Photo If You Agree With It, But Then I Think That Proves The Photo Right",-2.829770544
WOW! Best Use Of Ad Space I Have Ever Seen.,-3.447478134
What World Do We Live In When Even An Act Of Kindness Faces This Kind of Discrimination?,-2.839447535
Listen To These People Talk About Living On The Edge And Then Tell Me Why We Can't Change Things,-3.468607543
Some Geek Boys Called These Geek Girls 'Fake.' They Certainly Won't Be Making That Mistake Again.,-1.800347969
Desmond Tutu Delivers One Kick-Ass Line Against Anyone Advocating For A Homophobic God,-2.706093253
WOW! Best Use Of Ad Space I Have Ever Seen.,-3.330866717
The Fact That These Are Fake Is Hilarious. The Fact We Thought They Were Real Is Disturbing.,-2.746779415
What Happens When You Give A Teacher Superpowers? You Probably Aren't Expecting This.,-3.370408067
The Fact That These Are Fake Is Hilarious. The Fact Everyone Thought They Were Real Is Disturbing.,-2.894515001
What Happens When You Give A Teacher Superpowers? This Might Not Be What You Expect.,-3.302847204
The Fact That These Ads Are Fake Is Hilarious. That Everyone Thought They Are Real Is Disconcerting.,-2.426244315
Listen To These People Talk About Living On The Edge And Then Tell Me Why We Can't Change Things,-3.578185592
Liam Neeson Is Here To Remind Us Pain Doesn't Go Away Just Because You Don't See It,-3.106080331
"When A Parent Plans To Raise A Boy Into A Man And It Doesn’t Go As Planned, What Happens Next?",-3.143886407
I'm Tired Of Being Scared That White People Could Riot At Any Moment,-3.015036272
Some Facts That Would Really Help Next Time Your Uncle Wants To Talk About Welfare Fraud,-3.452419099
"If White People Don't Deal With This Issue, Then It's All Their Fault When It Happens Again",-2.953272604
Dear White People: You Are An Embarrassment To The Rest Of The White People,-2.613927634
Dear White People: You Need To Do Something About Some Of Your Scarier White People,-2.53703293
"Liam Neeson Is Waking Us Up To The Painful Truth About Our Children That We Can't See
",-2.338343598
Dear White People: You Need To Do Something About Some Of Your Scarier White People,-2.268347068
Dear White People: You Need To Do Something About Some Of Your Scarier White People,-2.418861424
Dear White People: You Need To Do Something About Some Of Your Angrier White People,-2.624821538
A Mom Had Plans To Raise Her Boy Into A Man. But That Didn't Quite Work Out.,-2.700193989
Dear White People: Could You Please Do Something About Your Angrier White People?,-2.841281601
Dear White People: Could You Please Do Something About Your Scarier White People?,-2.544678393
Dear White People: Could You Please Do Something About Your Scarier White People?,-2.699173261
This Dude Just Used Jelly Beans To Convince Me To Really Live My Life To The Fullest,-3.600277493
"When Someone Comes Out, What Do You Do When You Want To Know What’s Wrong With You?",-3.7087195
" Everyone Has One Great Poem Inside Them, And This Actor Just Nailed His",-2.865945664
Usually Tampon Ads Give Me Cramps And A Headache. This One Makes Me Smile.,-2.592537314
"You've Probably Already Seen The Ending, But You'll Never Guess How It Ends",-2.791145754
"Everyone Has One Great Poem Inside Them, And This Actor Just Nailed His",-2.786358668
The Entire Life Experience Caught On Film In Under 3 Minutes. Incredible.,-2.804900027
Know Someone Who Has More Likes Than Friends? This Man Has A Few Words For You.,-3.660731074
Know Someone Who Has More Likes Than Friends? This Man Has A Few Words For Them.,-3.56826915
Know Someone Who Has More Likes Than Friends? This Man Has A Few Words For Them.,-3.560065979
The Entire Life Experience Caught On Film In Under 3 Minutes. Incredible.,-2.890153869
Split Screen Look At Growing Up Rich Vs. Growing Up Poor,-2.872599588
"Sticks And Stones May Break Her Bones, But Words Can Always Hurt Her",-3.894867339
"Pixar Doesn't Make NSA Adverts, But If They Did, They'd Look Like These 20 Seconds",-3.402219354
"Pixar Doesn't Make NSA Adverts, But If They Did, They'd Look Like These 20 Seconds",-3.162187889
"This Is The Kindest, Least Cynical Graduation Speech I've Ever Heard. And It Has Monkeys!",-3.626965224
500 Young Folks Went To Turkey To Get Riled Up. Now It's Your Turn.,-4.497358458
A Quick Remedy If You've Lost Hope In The Ones Fighting For Our Future,-3.566992512
This Little Girl's Words Will Take You To A Dark Place So We Can See The Light,-3.018797546
A Quick Remedy If You've Lost Hope In The Ones Fighting For Our Future,-3.844104146
"You May Think It's Healthy, But This Food's Got Some Tricks Up Its Husk",-3.467029445
Could Learning This Convoluted Dance Really Be A Matter Of Life And Death?,-3.716458592
"Her Father Didn't Do Anything Out Of The Ordinary, But Society Makes It Feel Like He Did.",-3.183658251
"I Think Many Women Will Agree With What She Thinks Is The Worst Thing We Do To Girls
",-3.121534598
Could Learning This Convoluted Dance Really Be A Matter Of Life And Death?,-3.785160414
"He Didn't Do Anything Out Of The Ordinary, But Society Makes It Feel Like He Did.",-3.55874814
"You May Think It's Healthy, But This Food's Got Some Tricks Up Its Husk",-3.484620918
"Turns Out, Learning This Convoluted Dance Could Be A Matter Of Life And Death",-4.006965808
"At This Spelling Bee, They Could Not Have Asked Him To Spell A Harder Word",-3.022355832
This Little Girl's Words Will Take You To A Dark Place So We Can See The Light,-3.109610909
Few Things More Beautiful Than These Two Women Singing These 22 Words,-2.963960778
"Turns Out, Learning This Dance Could Be A Matter Of Life And Death",-3.961101728
Few Things More Beautiful Than These Two Women Singing These 22 Words,-3.193629571
"You May Think It's Healthy, But This Food's Got Some Tricks Up Its Husk",-3.847019544
Few Things More Beautiful Than These Two Women Singing These 22 Words,-2.920951364
Watch This Guy Totally Misspell Father At A Spelling Bee For A Totally Beautiful Reason,-2.600624483
Watch This Guy Misspell Father At A Spelling Bee For A Beautiful Reason,-2.666265147
"You May Think It's Healthy, But This Food's Got Some Tricks Up Its Husk",-3.892181439
"If This Reality Is So Obvious To Kids, Why Can't Adults Act On It?",-3.44968801
"He Didn't Do Anything Out Of The Ordinary, But Society Makes It Feel Like He Did.",-3.550605258
Martin Luther King Had An Amazing Way With Words. Here's A Powerful Example That's Rarely Seen.,-3.422865681
You'll Want To Pay A Tiny Bit More Taxes After Seeing This,-3.938742485
Martin Luther King Had An Amazing Way With Words. Here's A Powerful Example That's Rarely Seen.,-3.422311807
Loneliness Explained So Vibrantly You Will Need To Tell Someone,-3.177102084
"When The Police Think These Boys Are Dealing Drugs By High-Fiving In Public, Something's Not Right",-3.373407385
"Do These Kids Have Special Truth Vision, Or Are Adults Just In Denial?",-2.998863896
"Here’s a Bet, If In The Next Ten Minutes You Drop Your Shoulder Like This Lady, This Experiment Wins",-3.140461746
Dear Advertising Agencies: These Are What Your Ads For Women Look Like,-2.93943092
"When You Have Common Sense Like This Guy, Who Needs To Argue With Homophobes?",-3.111493064
This Stuff Can Kill From Thousands Of Miles Away Now?,-4.17438727
They Can’t Escape From Her Tearful Plea For Help ... Because She’s Standing Right In Front Of Them,-3.599241079
"Finally, A Way To Look At Marijuana That Even My Mom Approves Of",-3.338270729
So Humans Can Be Murderers From Thousands Of Miles Away Now?,-4.205467663
"The Plan That Will Make College Students Love President Obama For … Oh, About Two Years.",-4.043822129
Dear Advertising Agencies: These Are What Your Ads For Women Look Like,-3.242774021
Why College Students Will Soon Be Screwed As Soon As They Graduate,-3.98953395
Would You Be Able To Guess The Top Five Happiest Careers In The U.S.?,-3.007234496
Why College Students Will Soon Be Screwed As Soon As They Graduate,-3.69244452
Would You Be Able To Guess The Top Five Happiest Careers In The U.S.?,-3.014180304
"The Plan That Will Make College Students Love President Obama For … Oh, About Two Years",-4.219693838
You Should Know That Waste Isn't Just Throwing Things Away,-3.809461372
"Rihanna Just Got Remixed By Some 3rd Graders, Who Want To Send A Message To Their Parents",-3.961829759
"Rihanna Just Got Remixed By Some 3rd Graders, Who Want To Send A Message To Their Parents",-3.556749358
You Should Know That Waste Isn't Just Throwing Things Away,-4.0240622
The Amount Of Skeletons In This Trailer Aren't The Most Alarming Part Of What You're About To See,-3.666924878
"When People Are Described As ‘Rabid Dogs,’ There Is Definitely Something Wrong",-4.427978307
"When People Are Described As ‘Rabid Dogs,’ There Is Definitely Something Wrong",-4.269596097
What's The Word For When Your Government Does Something That Makes You Want To Vomit?,-3.033254713
"Rihanna Just Got Remixed By Some 3rd Graders, Who Want To Send A Message To Their Parents",-3.545582359
"Rihanna Just Got Remixed By Some 3rd Graders, Who Want To Send A Message To Their Parents",-3.245558898
A Rihanna Song Just Got Remixed By These 3rd Graders. They Have A Message Every Parent Should Hear,-2.933032689
One Of These Things Is Not Like The Others' Shouldn't Have Come To Mind When I Viewed A Class Photo,-3.388549426
A Classist In Switzerland Made A Big Mistake. HUGE.,-3.209866755
A Classist In Switzerland Made A Big Mistake. HUGE.,-3.195678908
"The Plan That Will Make College Students Love President Obama For … Oh, About Two Years",-4.24027104
A Rapper Just Used His Rap Music Video To Tell The World Something He's Had To Hide Until Now,-3.392980079
A Classist In Switzerland Made A Big Mistake. HUGE.,-2.892885051
"Jesus Is Back, People - He's Here, He's Got Moses And He's Protesting For Human Rights",-3.645849694
Watch What Happens When Hilarious Ladies Turn The Tables On Misogymercials,-3.301890153
These Hilarious Women Got Together To Make Fun Of Mansplaining Jerkmercials,-3.180593638
Dear Condescending Advertising Agencies: This Is What Your Ads For Women Look Like,-2.980441839
"I'm Not Religious, But This Time I Think We Should Listen To Jesus",-3.3524417
Dear Condescending Advertising Agencies: This Is What Your Ads For Women Look Like,-2.988383159
Dear Condescending Advertising Agencies: This Is What Your Ads For Women Look Like,-2.996285626
"I'm Not Religious, But This Time I Think We Should Listen To Jesus",-3.334196723
"Watch A Talk Show Host Get Ridiculously Profound. Seriously, Just Watch Him For 3 Minutes.",-2.735875237
"Watch A Talk Show Host Get Amazingly Profound. Seriously, Just Watch HIm For 3 Minutes.",-2.359343427
A Silly Science Project Gives A Frightening Look At Our Future (And Barbie's),-3.381143357
A Silly Science Project Gives A Frightening Look At Our Future (And Barbie's),-3.371572664
"Watch A Talk Show Host Get Remarkably Profound. Seriously, Just Watch Him For 3 Minutes.",-2.473282169
Here's The Worst Thing We Do To Girls. Many Women Will Agree With Her.,-2.880030404
Here's The Worst Thing We Do To Girls. Many Women Will Agree With Her.,-2.876189334
A 7-month-old Boy Just Got Put On Trial - When He Left He Was A Different Person,-3.232291919
A Silly Science Project Gives A Frightening Look At Our Future (And Barbie's),-3.444743985
"This Photographer Introduces Us To The Army's Version Of The Chastity Belt.
",-3.530112874
7 Super Compelling Reasons To Choose Our Future Over So-Called Fortune,-4.086637033
What Do The First 1000 Days Of A Child's Life Have To Do With Anything?,-4.297376105
A Silly Science Project Gives A Frightening Look At Our Future (And Barbie's),-3.6314081
7 Super Compelling Reasons To Choose Our Future Over So-Called Fortune,-4.486423571
The Most Heartbreaking Reason To Leave Your Front Door Unlocked I've Ever Heard,-2.518504976
Here's What One Woman Thinks Is The Worst Thing We Do To Girls. Many Women Will Agree With Her.,-2.756571295
The Most Heartbreaking Reason To Leave Your Front Door Unlocked I've Ever Heard,-2.434121744
The Most Heartbreaking Reason To Leave Your Front Door Unlocked I've Ever Heard,-2.425160007
You Might Not Get Their Names But You’ll Get No Better Introduction,-3.520770149
"Oh, Shoot. What's The Controversial Construction These People Are So Against?",-4.318646862
The Most Honest And Heartbreaking Reason To Leave Your Front Door Unlocked I've Ever Heard,-2.060156934
The Most Honest And Heartbreaking Reason To Leave Your Front Door Unlocked I've Ever Heard,-2.104543131
Hey Broke People: This Statistic Will Get You Pissed,-3.20359377
One Of These Things Is Not Like The Others' Shouldn't Have Come To Mind When I Viewed A Class Photo,-3.235650637
"No Matter How Nonjudgmental You Are, This Guy Has You Beat",-3.200501143
Hey Broke People: This Statistic Will Get You Pissed,-3.373290206
What's The Controversial Construction These People Are So Against?,-4.022797411
Bill Nye Is Too Busy Saving The World To Say 'I Told You So',-3.350349264
CNN's Chief Medical Correspondent Sheepishly Reverses His Marijuana Position,-3.734808386
"If This Doesn't Piss You Off, Then I'll Wait For The Day You Dial 911 To Say I Told You So",-3.648319715
"If You Don’t Say, 'Holy S***' Once Over The Next Three Minutes, I’ve Failed",-3.512052976
You Might Not Get Their Names But You’ll Get No Better Introduction,-3.315341406
If You Thought Your Commute Sucked? Meet The Residents Of What’s Called The World’s Tallest Slum.,-3.344810127
"If Immigrants Scare You, Then Here's 3 Simple Facts To Calm Your Panicked Brain",-4.040348563
The Only Contagious Thing You Definitely Want To Catch,-4.26960165
Why Work Doesn't Need To Be Such A Drag,-3.933237813
Watch The Daily Show Supersize The Hilarity Of Our Minimum Wage Dispute,-3.328270079
8 Signs You Might Hug Trees A Little Too Tightly,-4.259588087
"If Immigrants Scare You, Then Here's 3 Simple Facts To Calm Your Panicked Brain",-3.737098026
"One Of The Highest Paid Jobs You Can Get Out Of College Is One I've Never Even Thought Twice About
",-3.209797081
They Thought $8 Would Shut Her Up. Because $8 Is SO Much Money?,-3.5283434
8 Signs You Might Hug Trees A Little Too Tightly,-4.105703031
Photographer Introduces Us To The Army's Version Of The Chastity Belt.,-3.501289808
8 Signs You Might Hug Trees A Little Too Tightly,-4.152719464
I Have A Favor To Ask. Listen To This Beautiful Story About Strippers. You'll Thank Me Later.,-3.52108759
"When The History Books Look Back On Us, They'll See We Had The Opportunity To End 3 Awful Epidemics.",-3.474151649
The Arrogance Of People Who Are Comfortable Will Never Fail To Shock Me,-3.152882741
Perhaps This Infographic Will Make You Quit Smoking - Or I Hope It At Least Opens Your Eyes,-3.217127573
If You Love Oil Companies... Just Kidding. Here's The Latest Truly Awful Thing They've Done.,-3.725016333
"""what Do You Think A Feminist Is?"" Aaaand  Cue Some Of The Worst Answers Possible",-3.153635303
What Do The First 1000 Days Of A Child's Life Have To Do With Anything?,-3.85053089
A Child Shouldn't Be Saying Sorry To Her Mom For Costing Her Money,-3.615819883
8 Awkward Things You Might Do If You've Truly Gone Green,-3.732187245
Have A Little Faith That God Works In Ways That Aren't This Mysterious,-3.821636464
Imagine If There Was A Town In The USA Where You Couldn't Get Water. It's Not Imaginary Anymore.,-3.325585748
"God May Work In Mysterious Ways, But Come On Folks, Don't Get Carried Away",-3.590393095
Imagine If There Was A Town In The USA Where You Couldn't Get Water. It's Not Imaginary Anymore.,-3.418397535
Have A Little Faith That God Works In Ways That Aren't This Mysterious,-3.69460378
One Of The Highest Paid Jobs You Can Get Out Of College Is One I've Never Even Thought Twice About,-3.008298896
"Ashton Kutcher, Who's 35, Is Telling Teens What He Finds Sexy. Find Out Why.",-3.167496947
"Ashton Kutcher Just Told A Bunch Of Teenagers How To Be Sexy, In The Best Way",-2.796310318
"Ashton Kutcher Just Told A Bunch Of Teenagers How To Be Sexy, In The Best Way",-3.095806468
"When Future Generations Look Back On Us, They'll Say We Had The Opportunity To End 3 Awful Epidemics",-3.406195762
"I Never Want To Hear Any Child Say What These Kids Do To Their Parents. Ever.
",-2.829043512
The Police Want To Use Assault Vehicles. In America. To Fight 'Terrorists.' WHAT?!?,-4.212221358
"Everybody Poops, But 2.6 Billion People Do It In A Really Crappy Way",-3.338958209
The Things This 4-Year-Old Is Doing Are Cute. The Reason He's Doing Them Is Heartbreaking.,-3.323546447
"Everybody Poops, But 2.6 Billion People Do It In A Really Crappy Way",-3.60004824
2 Million Women Are Suffering And We Are Too Embarrassed To Talk About It,-3.54445798
What Happens When ‘I Can’t’ Isn’t Part of A Child's Vocabulary Is Pretty Darn Cool,-3.761200116
2 Million Women Are Suffering And We Are Too Embarrassed To Talk About It,-3.308780834
Want To Know The Most Important Thing You Can Teach Your Child? This Guy Is Going To Show You.,-3.73183251
What Is Labor Day To You?,-4.558407377
"It’s Got A Cool Name, It’s Locally Made, And It Saves Lives. Heck Yeah!",-3.849807118
Having An Amazing Attitude Is a Requirement For Success. Arms Are Totally Optional.,-4.404350226
The Daily Show Completely Nails Bloomberg's Hypocrisy In 2 Wonderful Minutes,-3.361180772
Having An Amazing Attitude Is a Requirement For Success. Arms Are Totally Optional.,-4.187334762
"Alright Parents, Let's Just Acknowledge That We're All Doing Our Best Already",-1.098612289
"Alright Parents, Let's Just Acknowledge That We're All Doing Our Best Already",-3.853360743
There Is Something So Satisfying About Watching The Daily Show Nail This Outrageous Hypocrisy,-3.124421174
"I'm Doing The Best I Can At This Parenting Thing. And I Acknowledge That You Are, Too.",-4.132555416
The Controversial Mass Text That You Should Absolutely Not Be Mad About,-3.486917462
"I've Met Babies Named Hennessy Before, So Why Did This Judge Just Order This Kids Name Changed?",-3.205628289
The Controversial Mass Text That You Should Absolutely Not Be Mad About,-3.452581581
The Things This 4-Year-Old Is Doing Are Cute. The Reason He's Doing Them Is Heartbreaking.,-3.152570849
"If You're Looking For Close-Minded Folk In This Small Kentucky Town, You'll Have To Look Elsewhere ",-3.432421953
"If You're Looking For Close-Minded Folk In This Small Kentucky Town, You'll Have To Look Elsewhere",-3.695254439
"The Simplest, Most Brilliant Way to Save Gas That I Have Ever Seen",-3.396840076
"When Detroit Failed To Find A Connection, This 25-Year Old Took It To the Streets",-3.80786297
Looking For Close-Minded Folk In The Deep South? Look Somewhere Other Than This Small Kentucky Town.,-3.221085364
The Things This 4-Year-Old Is Doing Are Cute. The Reason He's Doing Them Is Heartbreaking.,-3.125366597
Looking For Close-Minded Folk In The Deep South? You'll Have To Look Somewhere Other Than This Town.,-3.219991481
"If You Can't Pass This Simple Online Test, Stop Having Sex Immediately",-3.220482574
"The Simplest, Most Brilliant Way to Save Gas That I Have Ever Seen",-2.923078545
"He Got Mad As Hell When His City Couldn't Connect, Then Did Something Badass About It",-3.492827705
The Police Want To Use Assault Vehicles. In America. To Fight 'Terrorists.' WHAT?!?,-4.046468614
Meet 5 Women Who Took Advantage Of A Law You Should Know More About,-3.097514968
There Is Something So Satisfying About Watching The Daily Show Nail This Outrageous Hypocrisy,-2.908312233
The Hilarious Reaction These Teens Give To Robin Thicke's Blurred Lines' ​Is Just Perfect,-2.629609074
​There Aint No Blurred Lines With These Teens Views On Robin Thicke's Controversial Song,-2.739130192
Meet 5 Women Who Took Advantage Of A Law You Should Know More About,-3.041530103
​There Aint No Blurred Lines With These Teens Views On Robin Thicke's Controversial Song,-2.528831595
Women Get Tired Of Hearing This Term. Good Thing This Dude Apologized For Using It.,-2.687474941
Watch A Dude Say Something To All Women That All Dudes Should Really Hear,-2.398657323
"An 11-Year-Old Girl With Much Bigger Problems Than 'Do You Wear Boxers, Briefs, Or Tighty Whities?'",-3.006802844
"If A 'Nice Guy' Says These Two Words To You And Means Them, Revoke His Nice Guy Card",-2.442653894
"An 11-Year-Old Girl With Much Bigger Problems Than 'Do You Wear Boxers, Briefs, Or Tighty Whities?'",-2.968063625
"When Both Sides Of The Marijuana Debate Use Actual Facts, Things Get Very Interesting",-2.663257799
"If Strangers Are Staring At You In The Subway, Do What This Kid Did. Keep Singing. ",-3.113419104
Watch A Dude Say Something To All Women That All Dudes Should Really Hear,-2.474671573
"When This Guy Explains Why Women Won't Sleep With Him, You May Roll Your Eyes. But 2 Minutes In...",-2.258291989
Meet 5 Women Who Took Advantage Of A Law We Should All Know More About,-3.112533122
Meet 5 Women Who Took Advantage Of A Law We Should All Know More About,-3.157103201
"When This Guy Explains Why Women Won't Date Him, You May Roll Your Eyes. But 2 Minutes In...",-2.3698278
Meet 5 Women Who Took Advantage Of A Law We Should All Know More About,-2.919202235
"When This Guy Explains Why Women Won't Date Him, You May Roll Your Eyes. But 2 Minutes In...",-2.237065309
Beyonce Makes Her Interviewer Uncomfortable In The Best Way. He Handles It Like A Champ.,-2.652692557
You'd Never Have Expected Comedians To Take On Such A Horrible Topic In Such A Great Way,-3.024609529
A Bunch Of Bad Predictions And One Really Important Prediction Will Get You Thinking About 2015,-3.569808825
"A Disney Princess​ Sings About Men, But Not In The Normal-Predictable-Lame-Love Way",-2.839880035
We Already Knew Costco Was A Great Company. Here's Something That Makes Them Fabulous.,-3.108811924
Beyonce Makes Her Interviewer Uncomfortable In The Best Way. He Handles It Like A Champ.,-2.594796534
In Which A 'Missundaztood' Pop Star Makes Perfect Sense About Gay Marriage,-3.438964993
"Move Over Robin Thicke, Hugh Jackman Is Saying Something Important About Lines",-3.020148732
"The 2,200 Missing People In Arizona No One Seems To Give A Shit About
",-3.294331692
We Already Knew Costco Was A Great Company. Here's Something That Makes Them Fabulous.,-3.212848306
In Which A 'Missundaztood' Pop Star Makes Perfect Sense About Gay Marriage,-3.184877134
Meet 5 Women Who Took Advantage Of A Law We Should All Know More About,-2.963916601
I Wasn't Expecting To Get Emotional When This Sitcom Star Started Talking About His Fame,-3.064863448
"When Both Sides Of The Marijuana Debate Use Actual Facts, Things Get Very Interesting",-3.1981646
We Already Knew Costco Was A Great Company. Here's Something That Makes Them Fabulous.,-3.194243118
I Wasn't Expecting To Get Emotional When This Sitcom Star Started Talking About His Fame,-2.992445023
I Wasn't Expecting To Get Emotional When This Sitcom Star Started Talking About His Fame,-3.007586421
A Bunch Of Bad Predictions And One Really Important Prediction Will Get You Thinking About 2015,-3.218028905
Step Away Form Your Comfort And Hear These Real Stories About Escaping Bullets And Warzones,-4.729644731
The Brilliant Reenactment Of The Zimmerman Murder That Every American Should Watch,-3.300604455
I Wasn't Expecting To Get Emotional When This Sitcom Star Started Talking About His Fame,-2.567631351
The Brilliant Reenactment Of The Zimmerman Murder That Every American Should Watch,-2.827063027
14-Year-Old Explains GMO Labeling In Language Even A Middle Aged TV Host Should Understand,-3.086393445
When He Shows You How Much Light He Can Produce From A Plastic Bottle – Yeah I Didn't Believe It Too,-3.126573882
A Bunch Of Bad Predictions And One Really Important Prediction Will Get You Thinking About 2015,-3.364501417
Watch How One Company Went From Being The Worst Place To Work To The Best In Under 3 Minutes,-2.890579809
The Brilliant Reenactment Of The Zimmerman Murder That Every American Should Watch,-2.931144551
Here's The Best Anti-Photoshop Protest You Won't See On The Cover Of A Magazine,-2.418987866
"In A Messed Up Country That Always Makes The Headlines, Here's One Thing The Media Hasn't Covered",-3.460019912
A Woman Is One Of The Most Important People In Movie History And You've Never Even Heard Of Her,-3.144693528
"I Can't Believe This History Maker Was Forgotten, But Then I Remember She Was A Woman In The 1800s",-2.99477396
"In A Messed Up Country That Always Makes The Headlines, Here's One Thing The Media Hasn't Covered",-3.617303885
Watch How One Company Went From Being The Worst Place To Work To The Best In Under 3 Minutes,-2.992684154
"This Is The Nerdiest, Most Swaggalicious Science Experiment Ever",-3.454525641
This Is Possibly The Worst Place To Work I've Ever Seen Or Possibly The Best. I Can't Decide Which.,-3.230129339
"In A Messed Up Country That Always Makes The Headlines, Here's One Thing The Media Hasn't Covered",-3.478877697
You've Never Heard Of This Woman And She's Basically The Most Important Person In Movie History,-2.547707551
One Easy Thing All White People Could Do That Would Make The World A Better Place,-2.697630974
One Easy Thing All White People Could Do That Would Make The World A Better Place,-2.41252968
"They Tried To Make This Popstar Dress And Sing A Certain Way. She Refuses, And Sends This Message.",-2.874589353
4 Demands From the 1963 March On Washington Still Haven’t Been Met,-4.174740877
This Is Possibly The Worst Place To Work I've Ever Seen Or Possibly The Best. I Can't Decide Which.,-2.869732584
This Is Possibly The Worst Place To Work I've Ever Seen Or It May Be The Best. I Can't Decide Which.,-2.967387563
"What Maine, North Dakota, And Wyoming Are Doing Better Than New York And California",-3.773771921
4 Demands From the 1963 March On Washington Still Haven’t Been Met,-3.896423706
What’s It Like To Take Pictures In A Country Where Cameras Were Outlawed?,-3.682297557
"They Tried To Make This Popstar Dress And Sing A Certain Way. She Refused, And Said These Words.",-2.691386305
"You've Never Heard Of This Woman, And She's Basically The Most Important Person In Movie History",-2.772684138
I Wasn't Expecting To Get Emotional When This Sitcom Star Started Talking About His Fame,-2.650866377
Just Because Our Kids Won't End Up Doing These Awful Things Doesn't Mean We Should Ignore Them,-3.75534696
"What A Beach-Bumming, Couch-Surfing Dudebro Can Teach Us About Food Stamps",-3.550780239
"They Were Married For 19 Years Until Oregon Cancelled Their Vows. Yea, They're Fighting Back.",-3.312163759
Just Because Our Kids Won't End Up Doing These Awful 'Jobs' Doesn't Mean We Should Ignore Them,-3.650753033
What We Talk About When We Talk About Food Stamps,-3.757411515
"They Were Married For 19 Years Until Oregon Cancelled Their Vows. Yea, They're Fighting Back.",-3.219228186
"They Were Married 19 Years When Oregon Cancelled Their Vows. They're Fighting Back, The Right Way.",-3.578439674
Did You Know That After 19 Years Of Matrimony Your Marriage Could Be Revoked By Oregon?,-3.475086224
A Fancy Actor Comes Out Of The Closet In The Most Unique Way Possible By Picking A Fight With Russia,-3.081268764
"An Incredible Lesson About Love That Comes From A Guy. Yes, A Teenage Guy.",-3.496507561
Your Unhealthy Love For Public Health Told In 14 Images,-3.219981204
A 14-Year-Old Explains Food Labeling In Language Even Condescending Middle Aged TV Hosts Should Get,-2.681430359
"Yeah, It’s Gonna Be Another 50 Years On Those Civil Rights You Ordered
",-4.213643628
What’s It Like To Take Pictures In A Country Where Cameras Were Outlawed?,-4.272280565
"Thanks To This Infographic, We Can Finally Stop Talking About Food As A Fancy-Pants Issue",-3.533459854
"An Incredible Lesson About Love That Comes From A Guy. Yes, A Teenage Guy.",-3.538164893
A 14-Year-Old Explains Food Labeling In Language Even Condescending Middle Aged TV Hosts Should Get,-2.479257468
Watch An Actor Come Out Of The Closet AND Pick A Fight With A Homophobic President The Same Time,-2.881286686
Watch An Actor Come Out Of The Closet AND Pick A Fight With A Homophobic President The Same Time,-2.742433259
The Kind Of Science Presentation That Definitely Would've Kept Me Awake In High School,-3.35319371
"What A Beach-Bumming, Couch-Surfing Dudebro Can Teach Us About Food Stamps",-3.217548978
The Science Presentation That Would've Kept Me Awake In High School,-3.27948874
A Funny Spoof On How One Huge Corporation's Been Fooling Us This Whole Time,-3.542527373
A Funny Spoof On How One Huge Corporation's Been Fooling Us This Whole Time,-3.781458635
WATCH: The MLK Jr. Speech You Probably Haven’t Heard Before,-3.77830238
"Before He Was Assassinated, MLK Jr. Had A Really Radical Idea
",-3.267349983
"The Reason Why She Lives In A Shelter Should Make You Very Upset
",-3.597897501
"Are People Aware Police Are Experimenting On Our Children Like This? 
",-3.06577424
Everyone Should Know What This Cop Has Done,-3.308198647
Anyone Else Aware Police Were Pulling These Kind Of Experiments On Our Children?,-2.996315761
An Invisible Nordic Guy Has Some Uncomfortable American Truths For You,-3.295015764
Anyone Else Aware Police Were Pulling These Kind Of Experiments On Our Children?,-3.211359967
Everyone Should Know What This Cop Has Done,-2.9881526
"I Knew Looks Could Be Deceiving, I Just Didn't Know They Could Be SO Deceiving",-3.333554949
Don't Think Looks Can Be Deceiving? Take A Peek At This Guy.,-3.363659462
A Funny Spoof On How One Huge Corporation's Been Fooling Us This Whole Time,-3.577947893
Don't Think Looks Can Be Deceiving? Take A Peek At This Guy.,-3.144036299
"Dear Religious Extremists: The Cameras Are Staying, And That's Final.",-3.189569698
Don't Think Looks Can Be Deceiving? Take A Peek At This Guy.,-2.582113812
Don't Think Looks Can Be Deceiving? Take A Peek At This Guy.,-2.422138884
Hugh Jackman Gives Us A History Lesson And A Wake-Up Call,-2.480365226
Hugh Jackman Gives Us A History Lesson And A Wake-Up Call,-2.475559858
Some Couples You Just Don't Mess With. Especially Not Right Before Their 20th Wedding Anniversary.,-2.770684099
Meet The Nuns Who Are Taking Names And Fighting Back,-3.394166352
They Thought It Couldn't Happen To Them. Now They're Doing What They Can So It Won't Happen To You.,-3.170076358
"Hugh Jackman Starts To Teach Us History, But Ends Up Giving Us A Wake-Up Call",-2.532454144
Sibling Rivalry Just Took A Back Seat To Something Incredible,-3.214705291
Hard To Believe The Woman At The End Of This Video Is The Same Woman As At The Beginning,-2.404716872
"Boy, Do The Impressive Kids In This Great Band Radiate Bully Repellant",-3.6254618
"When I Saw That This Was A List Of Things Made In China, I Didn't Expect To Be So Shocked",-2.716086984
"When I Saw That This Was A List Of Things Made In China, I Didn't Expect To Be So Shocked",-2.425574537
"Behold The Funniest, Most Effective Way To Deal With People Who Ignore Science Ever",-2.720844433
Meet The Nuns Who Are Taking Names And Fighting Back,-3.114554958
"This Is Probably The Funniest, Most Effective Way To Deal With People Who Ignore Science Ever",-2.885814136
A Hilarious And Beautiful Song About All The Crazy Sh*t Women Do To Look Good,-2.68551296
"This Is Probably The Funniest, Most Effective Way To Deal With People Who Ignore Science Facts Ever",-2.403151527
They Thought It Couldn't Happen To Them. And Then It Did.,-3.345437036
"This Is Probably The Funniest, Most Effective Way To Deal With People Who Ignore Science Facts Ever",-2.684287504
"If You Were Bullied And Decided To Become A Sixth-Grade Metalhead, You Would Be These Fantastic Kids",-3.437311537
Meet The Defiant Nuns Who Are Taking Names And Fighting Back,-3.674893212
"Racial Profiling, Please Meet My Friend, Common Sense. You Two Need To Talk.",-3.255831531
"If You Were Bullied And Decided To Channel It In A Fantastic Way, You Would Be These Kids",-3.661377047
"As A Mom, I Love That These Boys See Each Other This Way",-3.647819487
"As A Mom, I Love That These Boys See Each Other In This Unbelievable Way",-3.23858463
"Think Racism Isn’t An Issue Anymore? Oh, Have I Got An Infographic For You. ",-3.201769207
WARNING: This Guy Will Rip Your Heart Out Within 3 Minutes Talking About Kids,-3.239530604
"If You Were Bullied And Decided To Channel It In A Fantastic Way, You Would Be These Kids",-3.276045996
Why Hearing Someone Cough Is Waaaay Less Scary Now,-3.858117215
The Horrible Thing About 37% Of Americans Might Have To Teach Their Children,-3.278529553
Hard Time Visualizing The Importance Of Medical Research? Here's A Simple (And Shocking) Lesson.,-4.046441102
The Science Presentation That Would've Kept Me Awake In High School,-3.43362264
Watch A Gut-Wrenching Moment A Father Sees His Son For the First Time After He Is Thought To Be Dead,-2.751413377
How To Get The Most Out Of 40 Cents: A PSA By Your Favorite Celebrities,-4.290459441
We Sent Them To Hell. Don't We Owe Them More Than This When They Get Back?,-3.275859703
The Epic Animated Story Of How A Ton Of Dimes And A Badass Scientist (Almost) Eradicated A Disease,-3.85463501
The Warning Label That We Never Knew We Needed Until We Saw It,-3.364040854
"Racial Profiling, Please Meet My Friend, Common Sense. You Two Need To Talk.",-3.677625893
12 Things Veterans Hate Hearing,-3.354554669
This Rapper Schools Us On Who We Have To Thank For That 5 O'Clock Feeling,-3.800183809
You Have Electricity Because Of Guys Like These,-4.130693409
"If You Have To Tell Your Kids This Stuff, Then You Probably Aren't A White Person",-2.483327664
"If You Have To Tell Your Kids This Stuff, Then You Probably Aren't A White Person",-2.415845358
You Know Those Power Lines That Stretch On Forever When You're Driving Across The Countryside?,-3.430603679
WATCH: Celebrities Wasting Money To Make The World A Better Place,-3.212397487
Hear One Of The Biggest Triumphs Of Modern History Told In 4 Minutes,-3.172620562
"If You Were Bullied And Decided To Channel It In A Fantastic Way, You Would Be These Kids",-3.425471788
Why Is This Mom Putting A Bullet Proof Vest On Her Kid?,-3.661437376
American Apparel Gearing Up To Launch Their New Line: A Collection Of Invisible Pants,-3.67821124
Superhuman Navigation Skills? Risky Sexual Behavior? Your Native Language Might Be To Blame.,-3.652411705
"If We Legalize Weed In America, We'll Have To Deal With A Lot More Of These People",-2.921080831
Stephen Fry Drops A Whale Of A Final Remark On The Catholic Church During A Debate,-2.610192676
"His Demonstration Is Incredibly Simple, In The Completely Fascinating, Heartbreaking, Oh-My-God Way",-3.237544912
"His Fraternity Gave Him The Same Bland, Empty Lecture On Drinking … Here’s His Response",-2.909952803
"This Woman Saw A Ginormous Problem, And, Well, She Pretty Much Saved The Day",-3.683206459
Holy Crap! They've Already Saved 20 Million Lives. That Deserves Way More Than Applause.,-3.713860667
How The Future Might Look If We Don't Push For Gun Control,-3.012566523
A Teacher Tries To Avoid Drama But A Jerky Question Sets Him Off,-2.627801711
At 5pm A Man's Daughter Was Sick. By 7pm She Was Dead. Her Killer Is Now Being Cleaned Up.,-3.054737391
A Hilarious And Beautiful Song About All The Crazy Sh*t Women Do To Look Good,-2.780707847
Is 'Basically The Next Jimi Hendrix' Too Subtle For How Talented I Think This Kid Is?,-3.298663723
This Woman Saw A Huge Problem In Her Community And Did Something No One Else Knew How To Do,-3.622941353
I Never Thought About My Cell Phone This Way. Did You?,-3.580290898
WATCH: Celebrities Wasting Money To Make The World A Better Place,-3.386755701
"How Can Two Sticks, A Nail And A Bucket Solve A Problem Test Tubes And Scientific Tests Can't?",-3.502664979
At 5pm A Man's Daughter Was Sick. By 7pm She Was Dead. Her Killer Is Now Being Cleaned Up.,-2.686869932
"They Were Denied The Chance To Speak To America, So They Recorded This Video Instead.",-3.962990946
The Warning Label That We Never Knew We Needed Until We Saw It,-2.988673196
"His Fraternity Gave Him The Same Bland, Empty Lecture On Drinking … Here’s His Response",-2.734094061
"They Were Denied The Chance To Speak To America, So They Recorded This Video Instead",-3.605685234
Pretty Much The Next Jimi Hendrix — Is That Too Subtle For How Talented I Think This Kid Is?,-3.211031182
"Meanwhile, In The Peaceful Little Kingdom Of Denmark, The Citizens Were Happy, Healthy, And On Time",-3.490853836
A Hilarious And Beautiful Song About All The Crazy Stuff Women Do To Look Good,-2.7380929
"If We Legalize Weed In America, We'll Have To Deal With A Lot More Of These People",-2.474177178
"After I Saw This, I Put Down My Phone And Didn’t Pick It Up For The Rest Of The Day",-2.772763777
"How Can Two Sticks, A Nail And A Bucket Solve A Problem Test Tubes And Scientific Tests Can't?",-3.469705287
Hahahaha! So﻿ true – 12 Statements Veterans Are Pretty Damn Tired Of Hearing.,-3.156320116
A Ginormous Energy Company Picked A Fight With College Kids. They Probably Shouldn't Have Done That.,-3.281644488
"A Ginormous Energy Company Picked A Fight With College Kids And Really, Really, Regretted It",-3.124245912
Remember These Incredible Facts The Next Time You Sleep In On A Saturday,-2.889448482
Who's That Girl? (Hint: It Could Be Any Of Us.),-3.623036825
What’s Schizophrenia Like? A Woman Who Hears Voices Explains It Beautifully.,-3.040838514
"HAHAHA, So﻿ True! 12 Statements Veterans Are Pretty Damn Tired Of Hearing.",-2.986869586
"Yes, Right, This Radio Host Host Makes Sense. Maternity Leave Is A Ridiculous Concept. Oh, Wait...",-3.184877134
"At First I Was All, “Shut UP, David Blaine!” But By The Time He Started Crying, I Was A Fan.",-3.037323846
Why Using The Same Business Model That Vending Machine Companies Use Can Save Lives,-4.53146699
"Yes, Right, This Radio Host Host Makes Sense. Maternity Leave Is A Ridiculous Concept. Oh, Wait...",-3.115373591
Hilarious Examples Of People Who Can’t Think For Themselves,-3.059805261
"I Hope You Never Have To Take Advantage Of This Law, But You Need To Know It Exists",-3.45602986
"This Radio Show Host Makes Sense. Maternity Leave Is A Ridiculous Concept. Oh, Wait...",-2.98942726
Rep. John Lewis Joined Fast Food Workers On Strike And This Is What He Said,-4.160536128
"At First I Was All, “Really, David Blaine?” But By The Time He Started Crying, I Was A Fan.",-2.894175186
The Warning Label That We Never Knew We Needed Until We Saw It,-3.316379469
Some College Kids Figured Out How To Cut Energy Companies Out Of Our Lives. They Are Not Amused.,-2.766342317
"I Hope You Never Have To Take Advantage Of This Law, But You Need To Know It Exists",-3.455827349
"Fast Food Workers Have Had Enough. If You Want Fries With That, You Might Have To Get Your Own ...",-3.760467381
"So Now I'm Wondering If Toy Companies Even Watch The Movies They Make Toys For? Come On, People.",-3.293089612
"If You Recognize Yourself In This Video, It’s Time To Do Something About It
",-3.348733812
Some College Kids Figured Out How To Cut Energy Companies Out Of Our Lives. They Are Not Amused.,-3.079465752
Some College Kids Figured Out How To Cut Energy Companies Out Of Our Lives. They Are Not Amused.,-2.856747974
Some College Kids Figured Out How To Cut Energy Companies Out Of Our Lives. They Are Not Amused.,-3.181011537
"It Kills 3 People A Minute, But That's Not Stopping This Group Of Heroes",-3.972903855
This Woman Saw A Huge Problem In Her Community And Did Something No One Else Knew How To Do,-4.061369537
"The Most Powerful Weapon In The World Is The One That 897 Million People Don’t Have
",-3.622764889
A Bunch Of Young Punks Just Managed To Make A Giant Corporation Freak Out Big Time,-3.125476861
"The Most Powerful Weapon In The World Is The One 775 Million People Don’t Know How To Use
",-3.748125277
A Bunch Of Young Punks Just Managed To Make A Giant Monolithic Corporation Freak Out Big Time,-3.262534608
A Bunch Of Young Punks Just Managed To Make A Giant Monolithic Corporation Freak Out Big Time,-3.328005764
The One Where The Doctors Do Miraculous Things Inside A Blow-Up Tent While A War Is Going On Outside,-4.163468144
His Piano Playing Is Beautiful. I’m Glad He Has Somewhere To Play It Now.,-3.736244101
"The Most Powerful Weapon In The World Is The One 775 Million People Don’t Know How To Use 
",-3.507123775
His Piano Playing Is Beautiful. I’m Glad He Has Somewhere To Play It Now.,-3.932633877
"When Everything In Syria Is An Emergency Room, A 'Normal' Hospital Visit Looks Like This",-3.982922829
A Bunch Of Young Punks Just Made A Giant Corporation Freak Out Big Time And They're Doing It Again,-3.205000096
A Bunch Of Young Punks Just Made A Giant Corporation Freak Out Big Time And They're Doing It Again,-3.238580896
The Things This Dude Is Saying About Why Your Job Is Better Than It Used To Be Are Fact,-3.995272738
A Bunch Of Young Geniuses Just Made A Corrupt Corporation Freak Out Big Time. Time For Round Two.,-3.305103653
A Bunch Of Young Geniuses Just Made A Corrupt Corporation Freak Out Big Time. Time For Round Two.,-3.107525797
A Bunch Of Young Geniuses Just Made A Corrupt Corporation Freak Out Big Time. Time For Round Two.,-3.192895302
"I Don't Know About You, But Most Folks I Know Are Working Harder While Falling More Behind",-4.055823274
I Never Thought I'd See The Day Where Even Broad Daylight Is Too Dangerous For Love,-3.31666678
It's Like Working Overtime And Not Getting Paid For It,-4.021773869
"When This Guy Explains Why Women Won't Date Him, You May Roll Your Eyes. But 2 Minutes In...",-2.651060322
​Sorry Pregnant Lady: You Can't Give Birth Here Because You're Poor,-3.492343058
Meet The Fox News Doctor Who Probably Definitely Failed Sex Ed,-2.945904986
"Here's A Way To Find Out Exactly How Much Money You Should Be Earning, But Probably Aren't",-3.769211304
"What Killed 30,000 Children In 3 Months Has These Celebrities Saying The F-Word",-2.890185936
"Hey Science, You're Great - But Two Sticks, A Nail And A Bucket Solve A Problem Better Than You",-3.228346257
"A Beautiful, Animated Reminder Of What You Can Do To Save A Life",-3.815108486
"When This Guy Explains Why Women Won't Date Him, You May Roll Your Eyes. But 2 Minutes In...",-2.4926702
"If We Legalize Weed In America, We'll Have To Deal With A Lot More Of These People",-2.251640291
"If You Happen To Know A Teacher, Here's Something That Will Make Their Day",-3.271092551
"These Doctors Don't Give A Damn About Your Politics Or Wealth, They Just Want To Do Their Job",-3.72736295
Meet The Fox News Doctor Who Could Not Have Possibly Passed Sex Ed,-2.633135066
Meet The Fox News Doctor Who Could Not Have Possibly Passed Sex Ed,-2.458797496
You'll Never Guess Where A Quarter Of The World's Prison Population Is,-3.583306872
What This Straight Male Christian Politician Just Said About Gays Knocked My Socks Off,-3.166949344
One Country's Ingeniously Successful Scheme To Get People To Adopt Unwanted Mutts,-3.577074038
You'll Never Guess Where A Quarter Of The World's Prison Population Is,-3.543617722
"The Next Time You Compliment A Woman On Her Shoes, Be Prepared To Write A Check To Her Doctor",-3.753267143
Looks Like Oregon Has The Right Idea About How To Make Our Country Safer,-4.115675074
You'll Never Guess Where A Quarter Of The World's Prison Population Is,-3.629250561
I Never Would Have Guessed Where A Quarter Of The World's Prison Population Is,-3.617120685
I Never Would Have Guessed Where A Quarter Of The World's Prison Population Is,-3.840806776
Dustin Hoffman Breaks Down Crying Explaining Something That Every Woman Sadly Already Experienced,-2.825766501
Her Dad Thinks Being Gay Was Her Choice. The Words She Said Back? Couldn't Have Chosen Them Better.,-2.736195985
A Boy Came Out On Facebook. His Mother Found Out And Decides To Leave A Letter.,-2.564257675
A Sports Commentator Proves That A 'Maybe' Does Not A Job Make,-4.143899399
I Just Love It When Jerks Get Called Out The Way This Jerkface Is Being Called Out,-3.290703385
The World Would Be A Drastically Different Place If All Mom's Said These Words To Their Child.,-3.181597618
A Boy Came Out As Gay On Facebook. His Mother Found Out And Decided To Write Him This Letter.,-2.427807413
Fellow 'Journalists' Try To Bully Her Into Covering A Paris Hilton Story. It Doesn't Work.,-4.043809634
An Amazing Thing Happened When An Indian American Comedian Got Sick Of Jokes About His Race,-2.643807932
"What's A Penis Worth? Turns Out, A Hell Of A Lot More Than You Think.",-3.078158324
I Just LOVE It When Jerks Get Called Out — Like This Dirtbag Over Here...,-3.250962144
He Created A World Of Color For The Memory Of Another,-4.388836727
Pretty Much The Next Jimi Hendrix — Is That Too Subtle For How Talented I Think This Kid Is?,-3.361735433
A Journalist Was Asked By Her Network To Cover Paris Hilton. She Did This Instead.,-2.414628564
"She Probably Won't Win A Grammy, But Her Music Literally Saves Lives",-4.247966001
A Journalist Was Asked By Her Network To Cover Paris Hilton. She Did This Instead.,-2.337034349
Got 2 Minutes? I’ve Got A Video That’ll Explain The Sh*tstorm That Is Syria Right Now,-3.126573882
I Don’t Care How Nice Your Couch Is. Please Don’t Do This Torturous Thing To Your Cat,-3.129048126
I Just LOVE It When Jerks Get Called Out — Like This Dirtbag Over Here...,-3.250991371
Her Dad Thinks Being Gay Was Her Choice. The Words She Said Back? Couldn't Have Chosen Them Better.,-2.666249637
"What's A Penis Worth? Turns Out, A Hell Of A Lot More Than You Think.",-3.134747529
An Amazing Thing Happened When An Indian American Comedian Got Sick Of Jokes About His Race,-2.520751407
You Know How People Say Everyone In America Should Know English? How About This American Language?,-3.276487425
"Nice Try Banning This Advert, Rupert Murdoch, But Australia Can Watch It Here Instead",-3.193487118
I Don’t Care How Nice Your Couch Is. Please Don’t Do This Torturous Thing To Your Cat,-2.996704563
"That A+ Moment When A Comedian Calls Out Racist, Outdated Jokes During A Roast",-2.226055403
"You Wouldn't Want This To Happen To Your Baby, But It Happens To A Thousand Babies Every Single Day.",-2.932063935
The Quickest Way To Kick Start The Economy Is To Do Something Very Simple,-3.650562037
Here's How To Fit Saving The World Into Your Busy Schedule,-3.991785954
"She Probably Won't Win A Grammy, But Her Music Literally Saves Lives",-3.760376562
The Conflict In Syria Explained In About 2 Minutes,-2.774501933
"She Swam From Cuba To Florida, Walked Up Onto The Beach And Told Everyone 2 Things To Never Forget",-3.112077859
Her Dad Thinks Being Gay Was Her Choice. The Words She Said Back? Couldn't Have Chosen Them Better.,-2.809092726
Here's How To Fit Saving The World Into Your Busy Schedule,-4.170962609
"WHOA: Attention Walmart Shoppers, There's A Flash Mob On Aisle 4",-3.339225481
Louis C.K. Breaks Down Why Our Experiences Might Be Easily Forgettable,-3.113610679
Meet Anthony. He’s About To Educate Us On One Of The Most Perplexing And Obvious Signs Of Autism.,-2.948213756
"Over The Years, It Has Had Over 80 Names But Now It Has Become A Four-Letter Word",-3.504191463
"Talk About Brave: Most People Would Have Run For The Hills, But These Medics Shine Under Pressure ",-4.136765278
What This Guy Did Back In The Day Was Heinous. How He Decided To Make Amends Is Honorable.,-2.859368986
The Issue Is That This Startling Detail Looks So Beautiful,-4.042312306
Half Of Us Perform This Illegal Act After We Graduate College. It's Really Not Okay.,-2.874478367
Half Of Us Perform This Illegal Act After We Graduate College. It's Really Not Okay.,-2.620697552
"See What Racism Looks Like When It's So Overt, It's Written Into The Rule Book",-3.10837391
Do You Know The 'Natural' Way To Parent? One Mom Says She Does.,-3.603221127
Half Of Us Are Victims Of This Illegal Act After College. It's Really Not OK.,-2.682768763
Half Of Us Are Victims Of This Illegal Act After We Graduate College. It's Really Not OK.,-3.019140364
Half Of Us Are Victims Of This Illegal Act After College. It's Really Not OK.,-2.625310724
He Just Came Up With The Worst Idea In The History Of The Internet. It Involves Your Bank Account.,-3.222039133
He Just Came Up With The Worst Idea In The History Of The Internet. It Involves Your Bank Account.,-3.280300366
Listen To These Syrian Children Tell The World What's Really Happening,-3.199716711
The. Most. Astounding. Fact. EVER.,-3.161707566
That Time A Big Fancy Corporate Shill Realized His Entire Life Was A Horrible Lie,-3.494246396
"Rarely Does A Film This Simple, Beautiful, And Heartbreaking Come Along",-3.722402146
Looks Like Oregon Has The Right Idea About How To Make Our Country Safer,-4.265111278
A Movie Just As Frightening As 'The Birds' ... But Real.,-3.706537009
"A Simple Gesture Shows The Goodness In People, And That's All It Really Takes",-3.463270746
"20 Years Ago We Thought Of It As Sci-fi, And Now 162 Countries Can Stare Me In The Face",-3.924860604
"A Simple Gesture Shows The Goodness In People, And That's All It Really Takes",-3.249700183
He Just Came Up With The Worst Idea In The History Of The Internet. It Involves Robbing You.,-3.126573882
The Incredible Inspiration One Man Gave Us In The Last Hour Of His Life,-3.181068605
He Just Came Up With The Worst Idea In The History Of The Internet. It Involves Robbing You.,-2.936026347
It's Cute That They Thought We Wouldn't Notice Them Trying To Rip Us Off,-2.846985219
Elizabeth Warren: 'The American People Know That This System Is Rigged Against Them.',-3.469834634
A Senator Takes A Moment To Get Real With You About What You Are Up Against,-3.66554479
"A Boy Makes Anti-Muslim Comments In Front Of An American Soldier. Bad Idea, Dude.",-2.286593377
This Is Where My Neighbor's Children Do Their Homework',-3.091977295
Our Decision To Head Into Syria Gets The Stewart Treatment,-2.902662108
"The UN Has Declared This The Gravest Refugee Crisis In A Generation, And Most Of Us Don't Even Know What's Happening",-3.710633589
"By The Year 2020, Almost Half Of The Workforce Will Be Made Up Of These People",-3.571894458
The UN Has Declared This The Gravest Refugee Crisis In A Generation - Do You Know What It Is?,-3.405947984
It's Cute That They Thought We Wouldn't Notice Them Trying To Rip Us Off,-3.242739746
Two Minutes Of Inspiration And Courage From An Amazing Senator,-3.048699989
A Boy Makes Anti-Muslim Comments In Front Of An American Soldier. The Soldiers Reply: Priceless.,-1.847214685
This Kid Found Something We Should All See,-3.583332493
Louis CK Outlines Why Our Kid's Might Not Feel Special On Their Special Days,-3.141914784
"Jimmy Kimmel Puts One Over On The Entire World, And The Biggest Sucker Was The News Cycle",-3.320477991
"Jimmy Kimmel Puts One Over On The Entire World, And The Biggest Sucker Was The News Cycle",-3.125004609
Jimmy Kimmel Duped The Entire World — And The Biggest Sucker Was The News Cycle,-3.042900048
A Kid Found Something We Should All See,-3.183881462
A Kid Found Something We Should All See,-3.104606787
Think Of Cybercrime. She's Not Who You Would Picture As A Victim.,-3.890736091
"When This Guy Explains Why Women Won't Date Him, You May Roll Your Eyes. But 2 Minutes In...",-3.024993446
Velociraptors + Positive Body Image Messages = EPIC WIN,-4.219033209
"A Boy Tries To Commit Suicide At Age 15, Then Becomes An Awesome Role Model At 41",-3.328822821
"5 Reasons Why my Girlfriend Thinks She's Not Beautiful Enough, No Matter What Anyone Tells Her",-3.382955724
"A Gay Kid Tries To Commit Suicide At Age 15, Then Becomes A Really Awesome Role Model At 41",-3.453241505
"A Gay Kid Tries To Kill Himself At Age 15, Then Becomes A Really Awesome Role Model At 41",-3.325706762
"Remember That Movie 'The Birds'? This One Is Just As Scary, But Real.",-4.639492414
"A Gay Kid Tried To Kill Himself At Age 15, Then Became A Really Awesome Role Model At 41",-3.3129085
Watch Our ‘First World Problems’ Dumped On Someone Else,-4.26742954
"You Know, These Ladies Really Have A Point About Something Most Of Us Don't Even Notice",-4.22439769
Want To See How Big ‘First World Problems’ Can Get?,-4.404418972
"On September 11, 2001, A 12-Year-Old Kid Learned A Hard Lesson. It's Time You Learned More About It.",-3.760827953
"To You, What These Friends Do Will Be Amazing. To Them Its No Big Deal.",-3.943481713
Brain Surgeons Needed Help During Surgery. They Find It In the Most Unlikely Place.,-4.363806089
ACK! I Don't Know If I Can Throw Away Last Week's Pasta Now.,-4.244690545
"On September 11, 2001, A 12-Year-Old Kid Learned A Hard Lesson",-3.574216546
"On 9/11, A 12-Year-Old Kid Learned A Hard Lesson",-3.932586813
Meet The Reason The Taliban Is Afraid Of 15-Year-Old Girls.,-4.103750361
You THINK You've Heard All The Usual Body Positive Messages Before. But This One Has Dinosaurs!,-4.226393934
"Orange, Black, Pink ... Does It Really Matter The Color Of The Uniform When The Prisoner Is A Mom?",-4.728848147
"What Provides 250,000 Jobs And Is Literally Disappearing Before Our Eyes?",-4.155093015
What You Should Know About The Chemical That Syria Is Bombing Children With,-4.202848281
This Guy Is Going To Show You One Of The Most Important Things You Can Teach Your Kids,-3.849407272
American Apparel Gearing Up To Launch Their New Line: A Collection Of Invisible Pants,-3.064216314
What Provides A Quarter Million Jobs And Is Literally Disappearing Before Our Eyes?,-4.613318715
What He Says Can Make You Laugh. Or Just Change Your Life.,-4.022082934
Why We Might Bomb Syria Is Explained Perfectly By — A Dead Comedian?,-3.239084049
Think Seeing A Little Male Nudity On TV Is Too Explicit? Then ... It's Time To Hear The Hard Truth.,-3.744527869
"Orange, Black, Pink ... Does It Really Matter The Color Of The Uniform When The Prisoner Is A Mom?",-5.120718816
The Three Little Words That Could Help Keep Your Loved Ones Alive,-4.215920052
"Orange, Black, Pink ... Does It Really Matter The Color Of The Uniform When The Prisoner Is A Mom?",-4.943646833
"5 Reasons Why my Girlfriend Thinks She's Not Beautiful Enough, No Matter What Anyone Tells Her",-3.358074142
Think Seeing A Little Male Nudity On TV Is Too Explicit? Then ... It's Time To Hear The Hard Truth.,-2.475719809
"She Was Going To Introduce The President Of The United States. Instead, She Got A Standing Ovation.",-2.467814232
Here's A Debate Between An Atheist And A Christian. You'll Be Surprised At How It Plays Out.,-2.855157346
"She Was Going To Introduce The President Of The United States. Instead, She Got A Standing Ovation.",-2.5426839
See How A Bunch Of Students Got Vaginas Banned At Their University,-3.118144383
"If You're Kid Is Already A Failure, Don't Even Bother With This Advice",-3.91311332
The Vows This Couple Shares Are Some Of The Most Beautiful I’ve Ever Heard,-3.948969784
Every Silly Talking Point About Healthcare Debunked In One Rapid Fire Epically Reasonable Rant,-3.765802233
Sarin Gas Gets A Lot Scarier Once You See What It Does To Humans — Take A Look,-3.486703561
Think You Know What Food Stamps Can Buy? You Might Be Surprised ...,-3.477755091
Did This Billionaire Just Say What I Think He Said?,-2.842291936
"It’s Not Illegal To Torture Animals, But It Is Illegal To Take A Picture Of Someone Doing It",-3.404371268
I Don’t Care How Nice Your Couch Is. Please Don’t Do This Torturous Thing To Your Cat.,-2.963287386
"After Working Hard Their Entire Lives, Don't They Deserve More?",-4.173155743
His Beautiful Philosophies About Life Will Make You Feel Okay That We’re Running Out Of Oil,-3.891820298
Don't You Love It When Your Family And Friends Surprise You In The Aisle Of A Home Depot?,-3.7646395
One Of My Favorite Authors Says There's Something We Should Remove From All Classrooms,-3.125949356
This Is Not Like Any Other Mother And Child Reunion You Have Ever Seen,-3.388423376
"Beautiful Flash Mob Of Marriage Proposal Adorableness, Aisle 10",-3.301324427
"The Definitive, Reasonable, Fact-Checked Debunking Of Every Silly Healthcare Reform Talking Point",-3.673306562
The Shocking Thing A Father Opts To Do To His Daughter Because He Is So Poor,-2.96524524
How Could The Plastic Surgery She Had Be About More Than Beauty?,-3.208727416
"John Green Said, And I Quote, ""But First I Have To Blow Your Mind.""",-3.461699992
Are You Happy And In Love? Here’s Why That Makes You So Sad.,-3.271365057
"Beautiful Flash Mob Of Marriage Proposal Adorableness, Aisle 10",-3.223457458
I Don’t Care How Nice Your Couch Is. Please Don’t Do This Torturous Thing To Your Cat.,-2.675041586
Girls Don't Run The World. But They Should.,-3.579937174
"Beautiful Flash Mob Of Marriage Proposal Adorableness, Aisle 10",-3.060994307
Humans Are Terrible. You Might Agree When You See The Same Thing I Did.,-3.271825448
"After Working Hard Their Entire Lives, Don't They Deserve More?",-4.07461478
Here's A Women's Rights Issue That You May Not Have Heard About,-3.441988247
His First 4 Sentences Are Interesting. The 5th Blew My Mind. And Made Me A Little Sick.,-2.486685003
Think Seeing A Little Male Nudity On TV Is Too Explicit? Then ... It's Time To Hear The Hard Truth.,-2.33157263
Humans Are Horrible. You'll Probably Agree When You See The Same Thing I Did.,-2.741574748
A Message To Everyone Out There Who Thinks They Aren't Beautiful In Pictures,-3.360413754
"You See That? That's The Sweet Sight Of People Holding Politicians Accountable 
",-3.523087199
Ever Wonder What A Double Standard Within A Double Standard Looks Like?,-2.856214034
His First 4 Sentences Are Interesting. The 5th Blew My Mind. And Made Me A Little Sick.,-2.728776332
You See That? That's The Sweet Sight Of People Holding Politicians To Their Promises,-3.891820298
The Genius Idea One Pizza Owner Had That May Have Encouraged You To Study Harder At School,-3.691874963
They Were The Last Ones To March With MLK. See What They're Up To Now.,-4.328128106
Humans Are Horrible. You'll Probably Agree When You See The Same Thing I Did.,-2.981868498
The One Where A Retired Senator Speaks Common Sense On CNBC And There's Dead Silence,-3.166017993
"After 6 Years, This Is How She Reunited With Her Mother",-3.652766853
The Genius Idea One Pizza Owner Had That May Have Encouraged You To Study Harder At School,-3.750430563
"After 6 Years, This Is How She Reunited With Her Mother",-3.249835821
The Reason We're All Safer on The Job In One Image,-3.806355929
"People Should Know About This Awful Thing We Do, And Most Of Us Are Simply Unaware.",-2.702761515
A Super Adorable Kid Wants Teachers And Students To Be More Awesome. And He Tells Them Exactly How.,-3.905140167
"If You Don't Think Teachers Do Enough On The Job, Have I Got A Graphic For You",-3.129202189
Note To Justin Bieber: Here's How You Write An Unforgetable Love Song,-3.295211573
A Gesture Of Kindness Is a Big Deal. It's An Even Bigger Deal When You Know How Bad Their Pay Is,-3.534280292
What If Congress Saw What It Really Feels Like To Be Us?,-3.770349057
"Watch A Man Playing Piano In His Wrecked House After The Colorado Floods, For A Very Good Reason",-3.512590619
Dear Condescending Advertising Agencies: This Is What Your Ads For Women Look Like,-3.1604691
God Has A Soul Mate Waiting ... As Long As You're Okay With Bending The Rules A Bit...,-3.538162267
A Soul Mate Is Waiting As Long As You're Okay With Bending The Rules A Bit,-3.61380552
"If You Listen To What These New Yorkers Say And Are Not Angry, You Live In Another World From Me",-3.297079295
"13 People Were Just Murdered In DC, So The Chief Medical Officer Said What She Felt We Need To Hear",-3.272054027
One Of The Best Points I've Ever Heard Was Made In A Single Word,-3.179002747
A Soul Mate Is Waiting As Long As You're Okay With Bending The Rules A Bit,-3.433185441
"13 People Were Just Murdered In DC, So The Chief Medical Officer Said What She Felt We Need To Hear",-2.953421075
What’s An Appropriate Conversation Starter When Your Family’s Killer Sits Down For Dinner?,-4.012803215
¿Puedes Hablar El Lenguaje Del Amor?,-5.10496219
"What Has Four Letters, Loves Making Laws, And Is Trying To Ruin Our Country?",-4.079713279
"BULLSEYE: Geena Davis Tells Hollywood Where To Stick Its Ageist, Sexist Representations Of Women",-3.208691818
The Shocking Thing A Father Opts To Do To His Daughter Because He Is So Poor,-2.888808734
"If You're Going To Protest Something, At Least Make Sure It Exists",-3.022659048
"BULLSEYE: Geena Davis Tells Hollywood Where To Stick Its Ageist, Sexist Representations Of Women",-3.322562213
Try Not To Fall In Love With A Little Thief After This One,-3.863053878
"Man Finally Gets Dream Job. But To Others, It Could Be A Nightmare. ",-3.311563789
"Barack And Joe Want Your Money, But It's For Something Totally Awesome",-3.905905038
Try To Watch Their Answers To A Beautiful Question And Not Smile. I Dare You.,-3.064962442
"OK, So This Guy Somehow Found The Key To Happiness. But It's Still Really Hard To Believe. ",-3.054880489
A Young Thief Gets Caught And Gets Exactly What He Deserves,-3.177892942
Jade Isn't Your Everyday High School Teenager...,-3.545436889
A Bold and Beautiful Reason To Talk To Each Other In The Elevator,-3.937118984
"OK, So He Somehow Found The Key To Happiness. But It's Still Really Hard To Believe. ",-3.339777598
The Huge Lie That Is Perped By Those Doing Extremely Well In Our Country,-3.224295076
"One Infographic You’ll Want To Take To The Grocery Store And Tape To Your Fridge
",-3.091191474
"Watch This Family Sweetly, And Lovingly Totally Destroy One Of The Worst Stereotypes Of Christians",-2.428441921
They Told Her No Firm Would Pay Her Equally. So She Started Her Own.,-3.885692999
"Help, My Emotions Have Been Stirred By This Moving Tale Of Self-Acceptance And Can't Get Up",-3.663872398
The Incredibly Valid Reason These Best Friends Have For Not Calling Their Relationship A 'Bromance',-3.138719592
"After Telling You About Her Family, You'll Call This Girl ""Danielle The Resilient""",-4.086341609
The Incredibly Valid Reason These Best Friends Have For Not Calling Their Relationship A 'Bromance',-3.09440878
"Help, My Emotions Have Been Stirred By This Moving Tale Of Self-Acceptance And Can't Get Up!",-3.962875643
Rachel Maddow Takes Us Through 50 Years Of Mass Shootings. The Trend She Uncovers Is Devastating.,-2.889350531
"Ok, Ok I Got One - A Muslim And A Jew Walk Into A Bar…What Do They Demand?",-3.312808744
Something Amazing Is Happening On A New York Street Corner. And Almost No One's Noticed ... Yet.,-3.073567586
America's Best Christian Makes A Valid Point About This Country's Contradiction,-3.48287873
They Gave Him A Medal For His Service And Asked Him To Give A Speech. One Thank-You Is Unexpected.,-2.899311889
Finally Someone Stands Up To American Farmers As They Annoy Monsanto Lawyers. It's About Time.,-2.9200938
"Free Range? Organic? Fair Trade? All Good Questions, But Here's One That Will Blow You Away.",-3.561904119
Subway Car Prank Teaches A Little Lesson On Not Being So Quick To Judge People,-2.610963462
What Happens If You Say NO To How Fashion Orders You To Be?,-3.509758512
"Help, My Emotions Have Been Stirred By This Moving Tale Of Self-Acceptance And Can't Get Up!",-3.618118405
"He May Not Tell The Best Celebrity Jokes, But This Comedian's Spot-On With His Seriously Scary Rant",-2.635383826
Liam Neeson Is Waking Us Up To The Painful Truth About Our Children That We Can't See,-2.70746136
What Happens If You Say NO To How Fashion Orders You To Be?,-3.178514979
What Happens If You Say NO To How Fashion Orders You To Be?,-3.706682989
What Happens If You Say NO To How Fashion Orders You To Be?,-3.443634651
"You Never See The Faces Of the Couple, But The Doctors Facial Expression Says It All",-2.779170211
"I Will Never Forget This Man, And For The Sake Of Humanity I Hope America Doesn't Either",-3.367575004
"Help, My Emotions Have Been Stirred By This Moving Tale Of Self-Acceptance And Can't Get Up!",-3.635967679
"She Lived Through A Tornado, Homelessness, And Losing Her Family. But Now, She Just Wants One Thing",-3.402541769
I Can Guarantee In One Minute Your Respect For This Kid Will Multiply,-3.235977819
What Happens If You Say NO To How Fashion Orders You To Be?,-3.45894446
The Penalty That Working Moms Pay For Having A Kid Starts Right Here,-3.610637801
4 Out Of 5 Doctors Recommend This Comic. (Side Effects: Worry-Free Sexin' And Not Getting Pregnant.),-3.337875388
Lapsed Catholics Everywhere Are Totally Confused By This Crazy New Non-Judgmental Pope,-3.454745931
"If You've Ever Wondered What Happens To Kids After They're Rescued from Sex Trafficking, Watch This",-2.201963121
He Was In A Coma. What He Could Hear His Students Saying To Him Is Absolutely Moving.,-3.159343762
Check Out Why Samuel L Jackson Just Yelled At A Store Full Of Angry Parents,-2.355881372
The Real Lesson Behind Miss America Is That We Have No Idea Where Any Countries Are On The Map,-3.447824092
Unbelievable: Watch How A Fed Up Father Transforms When His Local Police Fail Him,-3.49967563
When A Father Gets Fed Up With The System Watch What Happens,-3.502580147
"Their Government Isn't Thinking Straight, So These Italian Lawmakers Stopped BEING Straight.",-3.396161894
Something Frozen For 21 Years That Needs To Thaw Right Now,-3.588162794
Here's What You Say To Quiet Some LGBT B.S.,-3.683325135
Greenpeace Pulls Ingenious Prank On Shell At Their Own Award Ceremony,-3.48660649
Two Dudes On Their Computers Perfectly Capture What Having A Billion Dollars Would Be Like,-3.406253701
A Veteran's Powerful Words: What It's Like Being On The Receiving End Of Food Stamps,-3.999572295
I Was Shocked To Hear About One Guy Who Is On Food Stamps...,-3.59436855
I Was Shocked To Hear About One Guy Who Is On Food Stamps...,-3.301611958
"The President Wants Your Money, But It's For Something Totally AWESOME",-3.73334393
This List Totally Fooled Me Into Thinking Playboy Might Actually Care About Women,-3.42075217
What Happens When An Old Woman Says NO To How Fashion Orders Her To Be?,-2.708965114
This List Totally Fooled Me Into Thinking Playboy Might Actually Care About Women,-3.090630394
"Everything She Says Is Perfect, But I Wish She Never Had A Reason To Say It In The First Place",-4.359983126
"Our Politicians Are So Desperate For Our Support, They're Willing To Stoop This Low",-3.607443173
The Make-Up Tutorial Made For Both Women And Men To See,-3.189372159
"Our Politicians Are So Desperate For Our Support, They're Willing To Stoop This Low",-3.356605441
The Make-Up Tutorial Made For Both Women And Men To See,-3.24305701
This Dude Just Used Jelly Beans To Convince Me To Live My Life To The Fullest,-3.336985887
Something I Hear About All The Time But Only Now Understand,-2.973012352
"Our Politicians Are So Desperate For Our Support, They're Willing To Stoop This Low",-3.182833331
And The Winner For 'Biggest Hint That Hollywood Is Twisted' Is...,-2.444755532
"Our Politicians Are So Desperate For Our Support, They're Willing To Stoop This Low",-3.571336774
What Brings This Farmer To Tears Is Worth Three Minutes Of Your Time,-3.044828623
Doing This To Kids Is Like Helping A Person Who Is Drowning By Setting Them On Fire,-3.336231061
"She's Trying To Make It In Hollywood, But What She's Uncovering Is Pretty Troublesome
",-3.460789479
And The Winner For 'Biggest Hint That Hollywood Is Twisted' Is...,-2.589623394
Why People In Other Countries Wouldn't Get The Premise Of 'Breaking Bad',-2.990412683
Disabled Teen Faced Impossible Odds Entering College. Until …,-4.119110416
These Are The Faces Of Sexual Assault That You May Not Have Expected To See,-3.248958198
These Ads Are Supposed To Scare You Away From Health Insurance. They'll Make You Laugh Instead.,-3.36729583
Why People In Other Countries Wouldn't Get The Premise Of 'Breaking Bad',-3.011011771
What Brings This Farmer To Tears Is Worth Three Minutes Of Your Time,-3.036143308
I'm Sorry ... Immigrants Contribute HOW MUCH Money To This Country?,-3.922970613
Why People In Other Countries Wouldn't Get The Premise Of 'Breaking Bad',-2.826970755
"A Girl Is Hit By A Car And Is Dying. The Response She's Met With Is A Shrug And ""Not My Problem.""",-2.261002469
Imagine If You Turned Up To Your Job And These 16 Words Were Said To You,-2.820296049
"You Will Not Believe What This CEO Said About Black People. Never Mind, You Probably Will.",-2.97297047
"A Girl Is Hit By A Car And Is Dying. The Response She's Met With Is A Shrug And ""Not My Problem.""",-2.306898543
The Folks Trying To Defund Obamacare Probably Just Haven’t Used This Calculator Yet,-3.941781556
The Surprising Story Of How One Of The Most Famous Women In Our Culture Came To Be,-3.490967832
"There Are Many Hands That Touch Our Food, But None Are As Tender As These",-4.324858733
Jon Stewart's 2 Sickening Loopholes For Cutting Employee Healthcare,-3.550077733
Winston Churchill's Perfectly Hilarious Response To A Gay Scandal In Parliament,-2.898335807
"You Will Not Believe What This CEO Said About Black People. Never Mind, You Probably Will.",-3.109986586
"You Will Not Believe What This Billionaire Said About Black People. Never Mind, You Probably Will.",-3.15653502
"You Will Not Believe What This CEO Said About Black People. Never Mind, You Probably Will.",-3.316587674
That Time A Billionaire Said Something So Profoundly Awful That We Had To Fact Check His Face,-3.313444505
The 2 Ridiculous Loopholes That Make ObamaCare Obsolete For Evil Corporations,-3.633496751
Why People In Other Countries Wouldn't Get The Premise Of 'Breaking Bad',-3.080309294
They Know He Is About To Die. See How They Say Goodbye.,-3.03014557
The Best Response For When Anyone Calls Young People Today Lazy,-3.079759984
I'm Sorry ... People With Funny Accents Contribute HOW MUCH Money To This Country?,-4.262098904
"What Do Chips, Deodorant, And Tacos All Have In Common? Besides All Being Awesome...",-4.130031091
The Best Response For When Anyone Calls Young People Today Lazy,-3.079187954
There Are Many Hands That Touch Our Food. These Will Make You Sick.,-3.775126301
There Are Many Hands That Touch Our Food. These Will Make You Sick.,-3.514679807
Miley Cyrus Points Out Something Wrong With America — And She's Absolutely Right,-2.077025498
At First I Thought He Was Making Fun Of Himself. Then I Realized He Was Warning Me.,-3.892685288
"I Didn't Think I Would Have Anything In Common With This Kid, But Boy Was I Wrong",-4.303195425
The Things This 4-Year-Old Is Doing Are Cute. The Reason He's Doing Them Is Heartbreaking.,-3.194417071
2 Million Women Are Suffering And We Are Too Embarrassed To Talk About It,-3.591392109
"If Strangers Are Staring At You In The Subway, Do What This Kid Did. Keep Singing.",-3.465803105
"You May Think It's Healthy, But This Food's Got Some Tricks Up Its Husk",-4.35638338
"She's Not From Here, So Why Does She Sound Like That?",-4.006097431
It's 4 AM. Why Are There So Many People In This Waiting Room?,-4.369447852
Something Every Teacher Should Watch. And Student. And Person.,-4.007634913
Something Every Teacher Should Watch. And Student. And Person.,-3.649222385
Some Find This Law Apocalyptic And Controversial. I Think It's Adorable And Cute.,-4.472735637
Something To Think About Before You Take That Next Pill,-4.431490426
The Anti-Sale That'll Make You Rethink Your Trip To The Grocery Store,-3.85440908
At First I Thought He Was Making Fun Of Himself. Then I Realized He Was Warning Me.,-3.995548537
"Sometimes She's So Scared, She Can Hardly Get Where She Needs To Be In The Morning",-4.652740559
"Take A Look At This Man. If He Is Your Boss, Please Quit Immediately.",-4.6223895
Legendary Actor Danny Glover Is ​​Getting Too Tired Of This Shit,-3.212200127
This Principal Cares Because He's Just Like Them,-4.860772361
"Corporate America, You've Officially Been Schooled",-4.26161633
This Principal Cares Because He's Just Like Them,-4.53102469
This Kid Is Laughing At A Photosynthesis Joke. Find Out Why. Thank Me Later.,-3.99605316
This Is The Most Inspiring Yet Depressing Yet Hilarious Yet Horrifying Yet Heartwarming Grad Speech,-3.162193573
"Sometimes She's So Scared, She Can Hardly Get Where She Needs To Be In The Morning",-4.386139786
"73% Of Americans Want This To Happen, But Think They Don't",-3.708730614
"He Was Like Them Once, And He's Making Sure They Go On A Better Path",-5.055168703
Step 1. Get Job. Step 2. Work Hard. Step 3. Receive Paycheck So Tiny Colbert Makes Fun Of It,-3.588835867
These Are The Hardest Working People We Never Thank Enough. Some Celebrities Show Us How It’s Done.,-3.485062134
Imagine If You Turned Up To Your Job And These 16 Words Were Said To You,-3.073034704
"Ban Ki-moon Says Something About Ladies That We Already Planned On Doing
",-4.529790503
"Superbugs Are As Terrifying As They Sound, So Maybe We Should Stop Contributing To Their Rise?",-4.56572998
Step 1. Get Job. Step 2. Work Hard. Step 3. Receive Paycheck So Tiny Colbert Makes Fun Of It,-3.752809632
6 No-Brainer Things We Could Be Doing To Kick-Start This Country,-4.079813729
"Greetings, Corporate America. You've Officially Been Schooled.",-4.511693767
6 No-Brainer Things We Could Be Doing To Kick-Start This Country,-4.258974058
"Corporate America, Consider Yourself Schooled. You're Welcome.",-4.666110825
The American Dream Is Only Available For A Select Group - But Not If This Happens,-4.296856314
"Move Over, Adele: This Lady Wins The 'Songs That Make Me Cry' Award",-3.962835869
Her Dad Thinks Being Gay Was Her Choice. The Words She Said Back? Couldn't Have Chosen Them Better.,-3.503068671
WATCH: A Gay Friendly Pasta Commercial — Because Tolerance Shouldn't Be So Hard,-3.760855526
Wanna Kick-Start This Country? Try These 6 Simple Things.,-4.309917441
"If You Are Going To Make Stuff Up When Talking To A Senator, Don't Do It To One Smarter Than You",-3.290703385
A Man Who Clearly Hasn't Seen Senator Warren In Action Tries To One Up Her. Good Luck With That.,-3.459770916
A CEO Tried To Give A Senator A Math Lesson. She Explained How Math Actually Works.,-3.141388866
WATCH: A Gay Pasta Commercial — Because Tolerance Shouldn't Be So Hard,-3.537384374
A Simple Joke About A Super Obvious Problem In Hollywood Said In A Refreshingly Sly Way,-3.401794575
The American Dream Is Only Available For A Select Group - But Not If This Happens,-4.360401879
The American Dream Is Only Available For A Select Group - But Not If This Happens,-4.269883088
The American Dream Is Only Available For A Select Group - But Not If This Happens,-4.471579881
One Year Of Cancer Treatment In One Minute,-3.81223286
A CEO Tried To Give Senator Warren A Math Lesson. So She Had To Explain How Math Actually Works. am2-9a,-3.416438998
A CEO Tried To Give Senator Warren A Math Lesson. So She Had To Explain How Math Actually Works.,-3.349151097
So That’s What It Looks Like When A Journalist Refuses To Let Politicians Off The Hook,-3.259619495
A Senator Bluntly Says What We're All Thinking About The Awful And Pointless Government Shutdown,-3.175917177
Three Teenage Girls Have A Question For One Brilliant Comedian. No One's Disappointed.,-3.895488964
The Cartoonish Farce That Is The Government Shutdown Explained In Less Than 4 Minutes,-3.565823857
The Cartoonish Farce That Is The Government Shutdown Explained In Less Than 4 Minutes,-3.648412985
See The 5 Kick-Ass Women This Mom Dressed Her Daughter Up As Instead Of A Disney Princess,-3.315790271
"These Dancing Teens Are Defying Expectations, Statistics, And Maybe A Few Laws Of Physics
",-4.241282067
I Just Want To Know Who’s Been Hiding These Numbers From Us All Along?,-3.897914282
The Cartoonish Farce That Is The Government Shutdown Explained In Less Than 4 Minutes,-3.459892593
The Cartoonish Joke That Is The Government Shutdown Explained In Less Than 4 Minutes,-3.38337361
"Take A Look At This Man. If He Is Your Boss, Please Quit Immediately.",-3.453056653
"The Beat Makes Me Wanna Shake My Booty, But The Lyrics Make Me Downright Angry",-4.382476174
Conan O'Brien Was A Great Boss Until The Government Shutdown Gave Him An Idea,-3.457478218
42 Ridiculous Maps That Are More Accurate Than The One You're Used To,-3.636925689
I Just Want To Know Who’s Been Hiding These Numbers From Us All Along?,-3.98930888
42 Ridiculous Maps That Are More Accurate Than The One You're Used To,-3.710301084
Conan O'Brien Used To Be A Great Boss. Then The Government Shutdown Gave Him An Idea.,-3.381045251
A Straight Guy Finally Gets What It's Like To Be Gay,-3.341068669
"The Beat Makes Me Wanna Shake My Booty, But The Lyrics Make Me Shake My Head",-4.136802645
Top 2 Ways To Tell The Difference Between Obamacare And The Affordable Care Act,-3.965260222
"Hippies Must Have Tampered With These Numbers, Right?",-3.515445728
"We've Gone From Over 100 Countries Down To 4. This Is A Good Thing, I Swear.",-4.424428775
What This Craigslist Ad Says About The Government Shutdown Is Pretty Bold,-3.800592093
"How ""Obamacare"" Is Its Own Worst Enemy",-3.777773978
The Craigslist Ad That Will Make The Government Shutdown Seem Hilarious,-3.603564938
These Comments About Politics Are Too Mean To Be True. But They ARE True.,-3.77518112
These Comments About Politics Are Too Mean To Be True. But They ARE True.,-3.824613608
Wouldn't It Be Cool If All Tabloids Showed What Women Really Look Like After Giving Birth?,-3.288884966
Want An Honest Look At How Motherhood Changes Women's Bodies? Here You Go!,-2.649122993
Want An Honest Look At How Motherhood Changes Women's Bodies? Here You Go!,-2.549983819
Serving Up An Order Of Truth: $2 Billion In Marketing To Our Kids Is Too Much For Me,-5.001296044
"Before You Hit The Drive-Through With Your Kids, Watch This Video. It Might Make You Think Twice.",-3.870082499
Little Boys Learn A Lot From 'Star Wars.' Some Of It Is Very Bad.,-3.471250505
"Before You Hit The Drive-Through With Your Kids, Watch This Video. It Might Make You Think Twice.",-3.969484404
A Reporter Actually Asked A Tough Question About The Shutdown. Then This Senator Make This Face.,-3.410126607
A Straight Guy Gets What It's Like To Be Gay,-3.202108586
A Senator Gets Mad About The Shutdown And Starts Naming Names. About Time.,-3.084676729
These Comments About Politics Are Too Mean To Be True. But They ARE True.,-3.440139349
A Senator Gets Mad About The Shutdown And Starts Naming Names. About Time.,-2.9782456
Something To Keep In Mind Next Time You're Thinking About Ordering Crab Or Lobster,-3.711822132
"If You've Ever Heard These 10 Stupid Arguments, You're Not Alone",-4.337619835
A Severely Intimate View Into Where Your Food Comes From,-4.274706706
She Turned Up To Her Job And Someone Had The Nerve To Say These 12 Words To Her,-3.096346444
A Girl Breaks Down Crying Explaining Something That Too Many Women Have Experienced,-4.108954662
These Are The Faces Of Sexual Assault That You May Not Have Expected To See,-3.58602632
I Need You To Watch This Weirdo Rub A Stick Of Butter On A Tree. For A Really Good Reason.,-3.569694574
I Need You To Watch This Weirdo Rub A Stick Of Butter On A Tree. For A Really Good Reason.,-4.084119302
Please Tell Me We're Close To A World Where This Can't Happen Again,-3.982653269
Would You Be Able To Guess The Top 5 Happiest Careers In The U.S.?,-4.049512418
"Apparently, This Is Your Brain On Football ",-4.198941239
What Does Your Life Expectancy Have To Do With Your Zip Code? This.,-3.57954279
You Should Watch This Weirdo Rub A Stick Of Butter On A Tree. For A Really Good Reason.,-3.892874039
You Should Watch This Strange Man Rub A Stick Of Butter On A Tree. I'm Not Joking.,-4.075844941
You Should Watch This Strange Man Rub A Stick Of Butter On A Tree. For A Really Good Reason.,-3.869923195
The Woman Who Has As Close To A Super Power As We Can Get,-4.552816125
"Who've Got This? Ladies, We've Got This.",-4.719787193
A Girl Breaks Down Crying Explaining Something That Too Many Women Have Experienced,-3.720768159
Just Take My Money Already - I’m Ready To Make A Reservation RIGHT NOW,-4.8013856
"See One City’s Sweet Plan To Plant About A Zillion Lemon Trees. That’s A Lotta Zest.
",-5.112389314
The Wheels On The Bus Come To A Screeching Freaking Halt,-4.338831743
Try Walking Around In New York Or San Francisco In One Of These Hats,-4.381256196
It Only Took A Minute For All These Man Tears To Start Flowing,-4.205512922
"If You Don't Believe That This Is A Real Thing, Then We Need To Talk About How Real Things Work",-4.102553854
"When They Called Him A Terrorist And Broke His Jaw, I Bet They Didn't Expect This Response ",-4.077996976
A Two-Minute Lesson For The Next Time You Face 'Incredible Odds',-4.841704001
Science Has Been Misleading You About Some Fundamental Truths,-4.148205731
One Of The Highest-Paid Jobs You Can Get Out Of College Is One I've Never Even Thought Twice About,-3.776811189
5 Embarrassing Things That I Would Hate To Have In My Obituary,-4.211670246
The Woman Who Has As Close To A Super Power As We Can Get,-4.218568591
The Woman Who Has As Close To A Super Power As We Can Get,-3.574804423
"He's A Fraud, A Murderer, And Sorely Mistaken - We Gave THIS Guy A National Holiday?",-4.209719699
The Debt Ceiling And Budget Battles Are Just A Screen. You Read That Right.,-4.587006215
"He's A Fraud, A Murderer, And Sorely Mistaken - We Gave THIS Guy A National Holiday?",-3.850147602
What An Inspiration! A Woman Who's Totally Upsetting One Industry That's Usually Male,-4.737410095
The Wheels On The Bus Come To A Screeching Freaking Halt,-4.345221184
What An Inspiration! A Woman Who's Totally Upsetting One Industry That's Usually Male.,-4.13845909
Why You'll Get Kittens When You Click On This (Just Kidding. It's About Something That Matters).,-4.512525416
Why You'll Get Kittens When You Click On This (Just Kidding. It's About Something That Matters).,-4.690940052
A Father Thought He Could Suppress Who His Son Really Was. His Son Had Another Idea.,-3.860552485
"Over The Past Few Decades, A Lot Of Brave People Have Embraced Who They Are. Here's To Them.",-4.59320103
Remember How Shocking It Was When Ellen Came Out On TV? Look How Far We’ve Come Since Then.,-4.206773064
I Get It. You Don't Think Climate Change Is Man Made. That's Sort Of Irrelevant Because Of This.,-4.316319548
You’ll Be Amazed How Just A Song Could Break Through To This Woman With Alzheimer’s,-4.197824329
"They May Be Passionate About Their Work, But This Just Seems Mean",-4.159607159
You’ll Be Amazed How Just A Song Could Break Through To This Woman With Alzheimer’s,-4.143342195
I Get It. You Don't Think Climate Change Is Man Made. That's Sort Of Irrelevant Because Of This.,-4.251391152
Alissa Told Her Girlfriend That She Wasn't Romantic Enough. Probably Shouldn't Have Done That.,-3.584707164
"The Daily Show Hires A Hostage Negotiator To Talk To A GOP Strategist. It Is Television Gold.​​​​
",-4.258009451
"This Daily Show Reporter Loses His Cool When He's Confronted With Stupidity, Naturally",-3.374262531
Further Proof That Being Born A White Man Is A Bit Like Hitting The Lottery,-4.617004644
"Secession, 2013: Bill Moyers On The Extreme Threat To Our Democracy",-4.841218349
Your Unhealthy Love For Public Health In 14 Images,-4.548074635
"Before He Was Assassinated, MLK Had A Really Radical Idea",-4.350833219
An Invisible Nordic Guy Has Some Uncomfortable American Truths For You,-4.31037664
What An Orangutan Says To This Girl Is Really Frightening,-4.443547214
Some Couples You Just Don't Mess With. Especially Not Right Before Their 20th Wedding Anniversary.,-4.212272831
There's Something Shocking That Your Boss Can Do To You In Michigan And 35 Other States,-4.674234739
"Heaven Caught On Tape. More Beautiful Than You Imagined, Closer Than You’d Expect.",-3.858132902
One Guy With A Whiteboard And A Marker Just Ended The Global Warming Debate. Seriously.,-4.052904619
The Female Body Part That Wasn't Actually Discovered Until 1998,-3.484829279
New York And California Are Conspicuously Absent From One Ranking Of Coolness,-4.677020395
Here Are 5 Fact-Checked Things About The Place You Live That You May Not Have All The Facts About,-4.12909033
"Heaven Caught On Tape. More Beautiful Than You Imagined, Closer Than You’d Expect.",-4.018719645
Her Husband Won A Nobel Prize. But She's About To Be A WAY Bigger Deal.,-4.085242864
A Guy Who Used To be Homeless Shows Us Exactly What Determination Looks Like,-4.570350782
Know A Girl Who’s Ever Felt Invisible? Please Show Her This.,-3.935259702
There's Something Shocking That Your Boss Can Do To You In Michigan And 34 Other States,-4.476533002
What An Orangutan Says To This Girl Is Really Frightening,-3.801614191
After Seeing These Prices I Might Think Twice Before I Complain About My Own Phone Bill,-5.218021359
She Didn't Think Her Girlfriend Was Romantic Enough. She Seems To Have Spoken Too Soon.,-3.615819883
If You Know Someone Whose Life Revolves Around Facebook And Twitter You Might Want To Share This,-4.188658891
Congress Did Something So Spectacularly Creepy That It's Too Unbelievable To Make Up,-3.3156184
Congress Did Something So Spectacularly Creepy That It's Too Unbelievable To Make Up,-3.289670668
We Get A Day Off Every Year In Honor Of A Man Who Gave Thousands Of People A — Permanent — Vacation,-4.409628889
Little Boys Learn A Lot From 'Star Wars.' Some Of It Is Very Bad.,-3.117028053
The Female Body Part That Wasn't Actually Discovered Until 1998,-3.079953766
This Guy Just Won A Nobel Prize. He Has Something To Say About The USA That You Should Hear.,-3.324761262
10 Reasons Why Global Warming Is A BIG FAKE,-3.752290887
"Bernie Sanders Is Pissed, And For Good Reason",-3.664473722
"See This Daily Show Reporter Loses His Cool When He's Confronted With Stupidity, Naturally",-3.034651907
Just An Average Night In DC. Try Not To Throw Up.,-3.99417621
Just An Average Night In DC. Try Not To Throw Up.,-3.908088334
Just An Average Night In DC. Try Not To Throw Up.,-3.692331985
That Awkward Moment You Realise America Is Way More Sexist Than You Could Have Imagined,-3.973888359
A Lobbyists And A Congressman Walk Into A Restaurant. See What Happens Next.,-3.395224021
"Even If You're A Fan Of The Tea Party, This Will Make You Laugh",-3.609489724
A Lobbyist And A Congressman Walk Into A Restaurant. See What Happens Next.,-3.356749398
A Lobbyist And A Senator Walk Into A Restaurant. Thinks Get Sickening From There.,-3.337190243
That Awkward Moment When You Realise America Is Way More Sexist Than You Could Have Imagined,-3.343070708
"Even If You're A Fan Of The Tea Party, This Will Make You Laugh",-3.687914076
This Is What It Feels Like When You Finally Get Equal Rights Under The Law,-4.707296907
Why're We Afraid Of Talking Religion And Politics Over Dinner But Cool With This Offhand Mention?,-3.855876737
The Dirty Little Secret That Fast Food Companies Don't Want You To Know,-3.672732847
"What They're Trying To Do To This Man Is Rough, But What He Says At The End Is Devastating",-4.081434358
"We've All Done This Without Thinking And It May Ruin Our Chances At A Happy, Wealthy Life ",-4.027038256
One Of The World's Most Despised Groups Is Shocking The Country With Some Cut-Throat Awesomeness,-3.860854521
One Of The World's Most Despised Groups Is Shocking The Country With Some Cut-Throat Awesomeness,-3.889211601
Why're We Afraid Of Talking Religion And Politics Over Dinner But Cool With This Offhand Mention?,-3.531577556
Remember These Facts The Next Time You Sleep In On A Saturday,-3.323546447
"As A Mom, I Love That These Boys See Each Other In Such A Special Way",-4.555822063
"We've All Done This Without Thinking And It May Ruin Our Chances At A Happy, Wealthy Life ",-3.970987263
Watch What Happens When This Surgeon Decides To Take The Dollars Out Of His Healthcare,-3.986654889
10 Reasons Why Global Warming Is A BIG FAKE,-4.024968417
The Female Body Part That Wasn't Actually Discovered Until 1998,-3.247510456
Watch Oprah Get Confused When An Amazing Woman Talks About How She Doesn't Believe In God,-2.603031507
Oprah Tries To Tell An Atheist What To Think. The Atheist Responds Like A Christian. Or Any Human.,-2.586328602
Here Are 5 Fact-Checked Things About The Place You Live That You May Not Have All The Facts About,-3.680615589
"A Guide To Making The Internet Suck Less, By A Kid Who Will Probably Be President
",-3.917462729
"A Guide To Making The Internet Suck Less, By A Kid Who Will Hopefully Be President One Day",-4.027292811
"Liberal, Conservative, Whatever: Here Is Something You Agree Ain't Right",-3.854208177
Watch Oprah Get Confused When An Amazing Woman Talks About How She Doesn't Believe In God,-2.712068169
The Eerie Thought About God That The Inventor Of The Nuclear Bomb Had When It Went Off,-2.987881633
"This Aggressive, Rude, Negative, Anti-Motivational Speech Is The Best Thing I've Ever Heard",-3.24623677
The Study Every Democrat Should Know About,-4.52869193
"One Of The World’s Most Hated Groups Found Her, Took Her Money, And Left Her In Tears (Of Happiness)",-3.825775279
"A Guide To Making The Internet Suck Less, By A Kid Who Will Hopefully Be President One Day",-4.442530586
This Kids Logic Will Convince You To ​​Delete Candy Crush From Your Phone And Hand Over Your Socks,-4.359089704
The Eye-Opening Study Every American Needs To See,-3.984836022
Psst. You. It's Totally Okay To Feel Low Right Now. Here's Something That Might Help.,-4.186830345
This Video Will Make You As Uncomfortable As An Open-Backed Hospital Gown Does.,-3.693620265
"In A Crazy Twist, Someone Figured Out How To Make McDonald’s Execs Sick To Their Stomachs",-3.778317478
"In A Crazy Twist, Someone Figured Out How To Make McDonald’s Execs Sick To Their Stomachs",-3.814106534
"If You Have Ever Felt Alone, You’ll Understand What These Kids Find In The Boxes",-4.123649509
This Kids Logic Will Convince You To ​​Delete Candy Crush From Your Phone And Hand Over Your Socks,-4.323829411
The Response He Received Spells Out A Much Bigger Problem That Hollywood Still Has,-3.635396305
Psst. You. It's Totally Okay To Feel Low Right Now. Here's Something That Might Help.,-3.85365501
"A Photographer Convinces Strangers To Do Something Really Odd, And They Totally Love It",-3.746684874
The Real Cost Of The Tea Party's Shenanigans In One Horrifying Graphic,-3.856279519
"One Of The World’s Most Hated Groups Found Her, Took Her Money, And Left Her In Tears (Of Happiness)",-3.674793368
The Real Cost Of The Tea Party's Shenanigans In One Horrifying Graphic,-3.282409018
"A Therapist Who Thinks He Can Cure Gay People Gets His Just Desserts, Care Of A Proud Gay Man",-3.366991971
"If You Told Me I'd Be Fascinated By A Comic About Being Poor, I Would Have Thought You Were Drunk",-3.815146833
"Some Thought They Were Trying To Keep Folks Out, But They've Spent Their Lives Doing The Opposite",-4.365189885
Woman Battling Cancer Shares 12 Staggering Photos Of Her Fight,-3.740390387
"A Photographer Convinces Strangers To Do Something Really Odd, And They Totally Love It",-3.732673771
If You Were Never Bullied You Probably Don't Understand Why This Ends Badly,-3.598806627
This Video Will Make You As Uncomfortable As An Open-Backed Hospital Gown Does,-3.63362531
Psst. You. It's Totally Okay To Feel Low Right Now. Here's Something That Might Help.,-3.672736022
What Happens When Folks Who Are Unemployed Actually Stop Looking For Work?,-4.037720765
A Television Journalist Loses His Cool And Confronts Someone Responsible For The Shutdown,-3.686365379
Watch This Creepy Lawyer Get Called Out For Being Sexist And Gross By A FOX News Anchor,-3.339365892
She Did Everything She Was Supposed To Do. The Least These 2 Dudes Could Do Is Show Some Sympathy.,-3.37113244
The Life You Lead When You're The Prince Of One Of The Biggest Countries In The World. And Gay.,-3.311519844
His Mom Made A Mistake He Will Never Be Able To Forget,-3.250273154
"It's Not Perfect, But A Couple Teens Put Together The Most Authentic Obamacare Pitch I've Seen",-3.708170703
"If You Have Kids, Then You Know What She's Going Through",-4.44324676
"I'm Not Saying She Deserved To Be Raped, BUT' Is Possibly The Worst Way To Begin A Sentence. Ever.",-3.500539825
"Exposing Political Corruption, One Cross Country Road Trip At A Time",-4.665713669
This Science Nerd Will Totally Judge You If You Don't Learn These 5 Fact-Checked Things About Earth,-3.428288228
For 13 Years These Boys' Lives Were Filmed. The Result Is Better Than Any Reality Show I've Seen.,-3.444748568
Teen Tries To Develop Cancer Test. Adults Scoff. Teen Shrugs And Does It Anyway.,-3.602877668
"It's Not Perfect, But A Couple Teens Put Together The Most Authentic Obamacare Pitch I've Seen",-3.81966969
Teen Tries To Develop Cancer Test. Adults Scoff. Teen Shrugs And Does It Anyway.,-3.592735594
Psst. You. It's Totally Okay To Feel Crappy Right Now. Here's Something That Might Help.,-3.517255194
This Video Will Make You As Uncomfortable As An Open-Backed Hospital Gown Does.,-3.283227761
The Get-Rich-Quick Plan That Is Actually Killing People,-3.841671478
The Huge Invasion Of Privacy That This Woman Just Shrugs Her Shoulders At Has Me Going 'WTF?',-4.214253901
"They Said He Was ‘Evil’ And ‘Bad,’ But He’s Actually Really, Really Astonishingly Good",-3.641239291
"I Watched Mr. Rogers Too, But I Don’t Think This Is What He Meant By ‘Neighborly’",-3.61052328
The Get-Rich-Quick Plan That Is Actually Killing People,-3.667468664
What Do You Get When You Fill A School With Students That Have Been To Jail?,-4.256441325
"No Matter How Hard Your Kids Have It, They Got It Easier Than These Kids",-4.427330877
A Straight Guy Gets What It's Like To Be Gay,-3.131582404
"No Matter How Hard Your Kids Have It, They Got It Easier Than These Kids",-4.146862597
A 2-Year-Old Gets Totally Profound In A Way Most Adults Don't,-3.456607486
"He Didn't Think It Could Happen To Him. Now He's $700,000 In Debt. He Wants You To Be Prepared.",-4.226563365
Four College Kids Decided To Try Living Like 1.1 Billion People Do Every Day,-3.730189879
Four College Kids Decided To Try Living Like 1.1 Billion People Do Every Day,-3.872139009
A Toddler Gets Totally Profound In A Way Most Adults Don't,-2.944438979
Would You Expect These Results To Appear When You Google 'Women'?,-3.477483852
Those Who Want To Take Away Our Safety Nets Don't Want You To See This,-3.763500025
Those Who Want To Take Away Our Safety Nets Don't Want You To See This,-3.753981605
The Internet Is About To Get A Lot More Boob Pics (Hopefully),-3.521410552
"73% Of Americans Want This To Happen, But Think They Don't",-3.60042503
His Mom Made A Mistake He Will Never Be Able To Forget,-3.117230902
Ever Hear About The Lady That Spilled Coffee On Herself And Got Mcdonalds To Pay Her $3 Million?,-2.896330067
The Sweetest Two And A Half Minutes You'll Have Today,-3.498945101
Ever Hear About The Lady That Spilled Coffee On Herself And Got Mcdonalds To Pay Her $3 Million?,-2.725697718
Ever Hear About The Lady That Spilled Coffee On Herself And Got Mcdonalds To Pay Her $3 Million?,-2.774027778
Congress: I Think You Could Learn A Thing Or Two Watching These Teachers Solve Problems,-3.864586355
7 Cowardly Words From A Totally Sexist Stranger Sparked This Courageous Response,-2.715318555
His Mom Made A Horrible Mistake He Will Never Be Able To Forget,-3.197390623
See The Music Video Parody That Deserves Both A VMA And A Nobel Prize,-3.22592276
"Watch As The Statistics Transform Into People You Instantly Understand, Right Before Your Eyes ",-3.933475458
"They Openly Told Everyone All It Was Fake, And They STILL Bought Everything. Unbelievable.",-2.983825925
"They Openly Told Everyone All It Was Fake, And They STILL Bought Everything. Unbelievable.",-3.375722254
The Sweetest Two And A Half Minutes You'll Spend Today Will Happen Right ... Now.,-3.144024871
The Most Delightful Two And A Half Minutes You'll Have Today Will Happen Right ... Now.,-3.218875825
There's A Secret That These People Keep Every Day They Go To Work,-3.58737463
"Finally, A Hilarious Beer Commercial That’s Also True (But Not Real)",-3.695968091
A Teacher Walks Into A School With Powerful Weapons And Hands Them Out To Every Kid In The Joint,-4.141173172
She Can't Imagine A Worse Way To Start A Date,-3.330277934
The Thing That Could Have Kept Her Life From Being A Living Hell? She Wants To Share With You.,-3.350018746
10 Honest Thoughts On Being Loved That I Hope Every Fat Woman Hears Before Going On Another Date,-3.942523562
It Was Fake. They Were Told It Was Fake. They Still Thought It Was Real. And They Bought Everything.,-3.477606228
Her Husband Won A Nobel Prize. But She's About To Be A WAY Bigger Deal.,-3.940669521
The Most Delightful Two And A Half Minutes You'll Have Today Will Happen Right ... Now.,-3.254415101
"You Do This Everyday, Sometimes In The Privacy Of Your Own Bedroom. Mind If Everyone Knows About It?",-3.771757581
When Budget Cuts Kill People: The 6th Grader Who Paid For Budget Cuts With Her Life.,-3.775356769
When Budget Cuts Kill People: The 6th Grader Who Paid For Budget Cuts With Her Life.,-3.67229186
50 Journalists Asked This Guy The Same Dumb Question About Women. His Response? Totally Justified.,-3.298660132
This Fast-Food Company Created A 'Help' Line For Its Workers. You'll Never Guess What They Told Her To Do.,-4.061591776
The King Of The Internet Nerds Is Angry. For A Really Good Reason.,-3.666955794
She Works At McDonald's And Called Its Help Line. You Won't Believe What They Told Her To Do.,-2.966984715
Some People Wanted To Help Make Our Country Better. So We're Apparently Going To Put Them In Jail.,-3.583337368
How Our Current Food System Is (Literally) Breaking Our Hearts,-5.080248128
Hilarious Beer Commercial No Brewery Wants You To See,-3.340516883
The Anti-Soda Ad That Looks Just Like One,-3.875041821
"The One Thing Teachers Always Forced You To Do May Have Ruined Your Chance At A Happy, Wealthy Life",-3.488924108
"Westboro Baptist Church Planned To Disrupt Fallen Soldier’s Funeral. Whoops, Wrong Town.",-3.497984667
"Need A Halloween Costume? Why Not Go As This FBI Lady, 'Cause What She's Gonna Say Is Terrifying. ",-3.65806987
An Apple A Day Does A Hell Lot More Than Keep The Doctor Away,-4.367290936
"If You Had 30 Pizzas, You'd Probably Throw A Pizza Party For Your Friends, Right? Not These Guys.",-4.393964893
I'm Willing To Wager That You've Never Thought To Fight Homophobia Like This,-2.960427329
An Apple A Day Does A Hell Lot More Than Keep The Doctor Away,-3.858622229
"If You Had 30 Pizzas, You'd Probably Throw A Pizza Party For Your Friends, Right? Not These Guys.",-3.827074953
The Reality Of What Food Stamps Cost All Of Us In One Incredibly Simple Graphic,-3.552254478
"We've Gotten Used To Hearing About This Kind Of Violence, But Let's Not Forget The Impact Of It",-3.462357902
50 Journalists Asked This Guy The Same Dumb Question About Women. His Response? Totally Justified.,-3.078568279
Life For Millions Of People Goes A Little Something Like This,-3.810615064
"If You're One Of The .01% Of The Population That Can Pass This Test, Then I Still Think You’re Lying",-3.603253865
50 Journalists Asked This Guy The Same Dumb Question About Women. His Response? Totally Justified.,-3.190836605
50 Reporters Asked This Guy The Same Dumb Question About Women. His Response? Totally Justified.,-3.010647804
Life For Millions Of People Goes A Little Something Like This,-3.930057598
An Apple A Day Does A Hell Lot More Than Keep The Doctor Away,-3.626153884
I'm Willing To Bet That You've Never Thought To Fight Homophobia Like These Guys Decided To,-3.115475513
Bet You've Never Thought Of Fighting Homophobia Like These Guys Decided To,-2.861732387
"Wait A Minute, This Makes No Sense. Why Can’t These Two Students Be Treated Equally?",-3.77089823
Like. Totally. Whatever. If You Know Someone Who Uses Those Words Show Them This Video.,-3.684138504
"Thankfully, You Can Easily Avoid Ending Up Like The Mom In This Video",-3.829466593
Like. Totally. Whatever. If You Know Someone Who Uses Those Words Show Them This Video.,-3.320902117
"It Happens To A Family Every 21 Minutes, Yet No One Is Talking About It",-3.470551525
"It Happens To A Family Every 21 Minutes, Yet No One Is Talking About It",-3.243348114
Like. Totally. Whatever. If You Know Someone Who Uses These Words Show Them This Video.,-3.554259033
An Internet Troll Thought He Could Shame Her Into Silence. Here's Why That Didn’t Work Out.,-3.291913369
"If You Were Wondering What Racism Looks Like, It's Bearded, 5'8"", And Dumb Enough To Talk On Camera",-3.527687916
"If You Were Wondering What Racism Looks Like, It's Bearded, 5'8"", And Dumb Enough To Talk On Camera",-3.209831836
"If You Were Wondering What Racism Looks Like, It's Bearded, 5'8"", And Dumb Enough To Talk On Camera",-3.411775728
He's Speaking. She's Playing. And I'm Just Over Here Trying To Pick My Jaw Off The Floor.,-3.866016198
"I Don't Quite Know What These People Are Doing On The Job, But I'd Work 1 Week And Retire",-3.887214492
He's Speaking. She's Playing. And I'm Just Over Here Trying To Pick My Jaw Off The Floor.,-3.208946211
She Worked In A Factory In Bangladesh To Make This Story. Her Supervisor Was 9 Years Old.,-3.951763334
She Worked In A Factory In Bangladesh To Make This Story. Her Supervisor Was 9 Years Old.,-3.783691833
Congresswoman Is Confronted By Reality And Proceeds To Pretend It Doesn't Exist,-3.614515039
When You Ban Women From Driving They'll Not Only Defy You – But Record Songs Like This Too,-3.975217165
Do You Really Mean To Tell Me You Don’t Like The Way I Have Sex? 'Cause That's All I'm Hearing.,-3.412026309
"The First Week You Try To Join This Club Will Be Awkward, But It's All Worth It, Men",-4.389435828
"The First Week You Try To Join This Club Will Be Awkward, But It's All Worth It, Men",-4.02170427
"The First Week You Try To Join This Club Will Be Awkward, But It's All Worth It, Men",-3.911769809
"If You Have One Of These Jobs, You Are Getting Paid Way Less Than You Think",-4.298912902
Want People To Listen When You Speak? Pay Attention To This Guy.,-3.671652714
The Reason This Guy Is So Pissed Is The Same Reason Intelligent Conversation Is Hard To Find,-3.532011017
Why The War On Women Is Like All The Other American Wars That Never Seem To End,-3.880672476
"This Dude Is Pissed.  And Unfortunately, We Can All Recognize The Reason Why.",-3.727181422
"The Dude Is Pissed. And Unfortunately, We Can All Recognize The Reason Why.",-3.526104737
"If You Know Someone Who Loves To Leave Angry Comments Online, Here's A Song Just For Them",-3.582243916
If Siri Had No Language Filter Here Is The Conversation We Would Be Having,-3.89235024
If Siri Had No Language Filter Here Is The Conversation We Would Be Having,-3.949666182
"A Song To Play Every Time You See A Sexist, Racist Or Homophobic Comment Online",-3.007540732
The Photos A Husband Took Of His Wife That Capture Love And Loss Beautifully,-2.986061246
"If Siri Had No Language Filter, Here Is The Conversation We Would Have.",-3.515437278
Why The War On Women Is Like All The Other American Wars That Never Seem To End,-3.630330287
"How 'We, The People' Became 'We, The Corporations' In Under 4 Minutes",-3.691187712
Can Somebody Please Explain How This Isn't Illegal?,-3.453269465
Can Somebody Please Explain How This Isn't Illegal?,-2.958675331
A Summary Of McMinimum Wages And McWelfare In One Hilarious Clip,-3.2755316
"If You've Ever Heard People Say, 'There Are Plenty Of Jobs Out There...' Then Take A Look At This",-3.481592347
This Is What Happens When You Let Politicians Write Their Own Rules,-3.746442423
"If You've Heard Someone Say Love The Sinner, Hate The Sin, You Should Share This With Them",-3.588830083
Listen To The Best (And Maybe Only?) Rap Song About Gardening,-4.122268195
These Moms Think They’re Tough.  Wait Till They Find Out What Their Kid’s Really Think Of Them.,-2.510949117
These Kids Finally Say What They Really Think About Mom.  And Her Reaction? Priceless.,-2.544513045
Watch These 4 Girls Destroy The Female Stereotype Like The Monsters They Are,-3.090909147
The Eye-Opening Study Every American Needs To See,-3.582109856
See Why We Have An Absolutely Ridiculous Standard Of Beauty In Just 37 Seconds,-2.208161118
See Why We Have An Absolutely Ridiculous Standard Of Beauty In Just 37 Seconds,-2.091506457
"If You Can Manage To NOT Have To Live Through One Of These, You Are Lucky Indeed!",-3.861030418
How To Tell If Your Halloween Costume Is A Crime Against Humanity For The Reals,-3.519401888
Didn’t Expect The Most Eloquent Dissection Of A Soldier’s Burden To Come From George Carlin,-3.406417891
Count Yourself Lucky Detroit.  This Dude Has Got Your Back.,-4.719263885
Now They Use Coolers Packed With Ice.  Wait Till You See What They Want To Use Next.,-4.163367875
5 Halloween Posters That Hit A Little Too Close To Home...,-3.40454483
"The Difference Between Men And Women, According To The World’s Biggest Search Engine",-3.734825911
"When One Hour Of Work Can't Afford To Buy The Sandwich You Just Made, There Is Something Wrong Here",-4.284058817
How To Tell If Your Halloween Costume Is A Crime Against Common Sense And Decency For The Reals,-3.446458822
Know A White Person Planning On Dressing Up Like A Black Person This Year?,-4.274877984
How To Tell If Your Halloween Costume Is A Crime Against Common Sense And Decency For The Reals,-3.560250032
The 6-Letter Insult Certain Parents Stop Using Immediately,-3.831742174
He's Speaking. She's Playing. And I'm Just Over Here Trying To Pick My Jaw Up Off The Floor.,-4.226467306
I Haven’t Seen Education Trashed This Badly Since The Taliban Was Running Things,-4.880818605
A Celebrity Translates The One Question Reporters Won't Stop Asking Her. She's Right — They're Rude.,-3.94792256
Ever Look At The Sexy Costumes Women Wear And Think They Don't Go Far Enough?,-3.493051412
Ever Look At The Sexy Costumes Women Wear And Think They Don't Go Far Enough?,-3.50393487
Ever Look At The Sexy Costumes Women Wear And Think They Don't Go Far Enough?,-3.417246637
Have You Ever Looked At The Sexy Costumes Women Wear And Think They Don't Go Far Enough?,-3.470652307
Don't Ask Hilary Clinton About Abortion If You Can't Handle Her Answer,-3.385743412
One Company Decided Not To Share What It Took From Breast Cancer Patients,-4.568320643
"When One Hour Of Work Can't Afford To Buy The Sandwich You Just Made, There Is Something Wrong Here",-4.840771894
The Food Stamp Scandals That Nobody Is Talking About On Either Side,-4.149057927
A Celebrity Translates The One Question Reporters Won't Stop Asking Her. She's Right — They're Rude.,-2.889542227
"If You Live In One Of These States, The Impact Of Washington's Shenanigans Is Huge",-4.542862238
"Ironically, The First Thing I Wanted To Do After These Comedians Made Fun Of Me Was To Tweet It",-3.5361167
"A Company Decided To Keep What It Took From Cancer Patients, And They're Going To Get Away With It",-4.145891448
A Celebrity Translates The One Question Reporters Won't Stop Asking Her. She's Right — They're Rude.,-2.493145994
A Catalog That Believes Reality Can Sell Clothes Better Than Photoshop,-2.795870854
"Can You Believe That Coke And Pepsi Are Desperate Enough To Stoop So Low? 
",-3.568969157
The Top 4 Arguments For And Against Raising The Minimum Wage,-4.302195625
"A Company Decided To Keep What It Took From Cancer Patients, And They're Going To Get Away With It",-3.997323791
A Catalog That Believes Reality Can Sell Clothes Better Than Photoshop,-3.068867497
"He's Recognized Most For Drug Dealing, But Is Using His Fame To Help Another Struggle Facing Kids",-4.326855864
"What He Has To Say About Detroit, Makes Me Want To Move There",-4.351273327
"A Woman Was Going To Jump Off A Bridge, Until A Passing Bus Driver Did Something Wonderfully Heroic ",-3.313542711
It Looks Like Something You Should Never See. Meet A Medical Advancement That Is Hard to Forget.,-3.495799847
"A Bus Driver Just Saw A Terrible Situation On His Route, And Hit The Breaks To Save A Woman's Life",-3.248255483
Didn't Expect Such An Eloquent Discussion From A Comedian's Standup Routine,-3.234440341
"If You Were Wondering How Broken Our Education System Is, Have I Got The Prison For You",-3.710494549
"Why Does Europe Always Do Things Better? Washing Machines, Public Transport And Now… Economies? ",-3.908511693
"One Look At This Graphic And You Might Think Women Aren't Creative, Literate, Or Intelligent",-3.496507561
You Might As Well Just Tell Them To Go Eat Dirt,-4.15380861
A Song About Not Letting Women Drive Cars Just Became A Hit Single,-3.489831247
You Didn't Think You Offended Anyone Painting Your Skin On Halloween. So Were You Right?,-4.147757231
Every Time I Hear This Guy Talk It's Like A Love Letter To A City,-4.075584557
"I Don't Know How To Break This To You, But Someone Has Been Cutting Your Pay Behind Your Back",-4.126275073
This Is Why You Are Probably Broke And Stuff,-3.632799269
Something Truly Messed Up Just Happened In Congress And You Totally Haven't Heard A Word About It,-3.835570337
Every Time I Hear This Guy Talk It's Like A Love Letter To A City,-4.364074484
Something Truly Messed Up Just Happened In Congress And You Totally Haven't Heard A Word About It,-3.622642522
Something Truly Messed Up Just Happened In Congress And You Probably Haven't Heard A Word About It,-3.561328564
The 6-Letter Insult Certain Parents Stop Using Immediately,-3.629443198
I Thought We Lived In A Country That Put Kids And Families First?,-3.824218423
"The 6-Letter Insult Certain Parents Stop Using Immediately 
",-3.444958059
The 6-Letter Insult Certain Parents Stop Using Immediately,-3.166403801
Here’s A Perfect Example Of Why We Need The Arts In Our Schools,-4.344097222
No Mother Should EVER Have To Make Such A Powerful Speech About Her Son,-3.775730562
"After Tragedy Hits, This Guy Wants To Do The Last Thing I'd Expect",-4.477501491
No Mother Should EVER Have To Make Such A Powerful Speech About Her Son,-3.639339009
I Almost Didn’t Believe Kids Could Just Get Along With Each Other Anymore ... Until Now,-3.990484422
"After Tragedy Hits, He Wants To Do The Last Thing You'd Expect",-3.83953833
Watch Kerry Washington Play Every Black Woman Alive Right Now On SNL,-3.283763447
Watch Kerry Washington Play Every Black Woman Alive Right Now On SNL,-3.102381711
Every Time I Hear This Guy Talk It's Like A Love Letter To A City,-4.292144007
Watch An Entire Team of Teenaged Football Players Do Something Very Unexpected,-3.424787892
Watch An Entire Team of Teenaged Football Players Do Something Very Unexpected,-3.435053019
The Most Amazing Thing She Ever Did At Her Job Was Quit Like A Freakin' Champion,-3.117579175
"How The War On Drugs Stacks Up Against Countries That Treat Drugs Like Sane, Rational Humans",-3.814859257
​She's A Photographer Who Captures Humanity — Yet So Many Only View Her Work In Only One Way,-3.654395969
The Photos A Husband Took Of His Wife That Capture Love And Loss Beautifully,-3.049025936
"Something Really Insane Just Happened In Congress, And You Probably Haven't Heard A Word About It",-3.067660591
"If One Of These People Were My Mother Or Father, I'd Have To Lock Myself Up",-3.824002322
"If One Of These People Were My Mother Or Father, I'd Have To Lock Myself Up",-3.849895776
A Husband Took These Photos Of His Wife And Captured Love And Loss Beautifully,-3.18027556
"What's In A Name? According To This Guy, An Entire Lifetime Of Harsh Truth.",-4.047698116
"Watch What This 10-Year-Old Means To A 1,000 Pedophiles",-3.263031675
"Watch What This 10-Year-Old Means To A 1,000 Pedophiles",-3.121890937
"A Bunch Of Government Officials Were Told That Gay People Were Inappropriate, So What They Did Is...",-3.819857302
A Group Of First-Time Filmmakers Just Created Something Incredible,-4.370791186
"Growing Up, He Was Told That Folks Making His Clothes Were 'Being Taken Care Of.' He Had No Idea.",-3.724120688
"This Rap Song Is About Ladies And Money, But Not In The Way You Think aa3-2c",-4.01568978
I Couldn't Be More Impressed By A Group Of Students Cutting Class,-3.890692139
"If They Put Folks In Jail For One Kind Of Robbery, It Would Stop, Right Now",-4.139933699
A Group Of First-Time Filmmakers Just Created Something Incredible,-3.917041069
Parents Are Supposed To Protect Their Kids. What These Parents Did Is Unspeakable.,-3.42220476
"This Rap Song Is About Girls And Money, But Not In The Way You Think",-3.66737538
"This Rap Song Is About Girls And Money, But Not In That Way",-3.932884955
A Comedian Wittily Explains Why We Shouldn't See Photos Of Topless Girls Next To The News,-3.964015537
A Man's Words Challenge What Everyone Should Consider Normal These Days,-3.923018236
"A Bunch Of Government Officials Were Told That Gay People Were Inappropriate, So What They Did Is...",-3.313488898
This Man Helped Me Make A Huge Lifestyle Decision 20 Years Ago. His Message Is Still Spot On Today.,-4.392083549
Moms And Dads Are Supposed To Protect Their Kids. What These Parents Did Is Unspeakable.,-3.447310016
A Scarily Accurate Parody That Shows The Reality Of Fake Companies Created To Hide Corrupt Profits,-4.706273532
This Video Goes From Ordinary To Breathlessly Disturbing At 30 Seconds,-3.69173796
All It Takes Is 30 Seconds For This 6-Year-Old To Go From Adorable Child To Psychopathic Hit Girl,-3.058563552
All It Takes Is 30 Seconds For This 6-Year-Old To Go From Adorable Child To Psychopathic Hit Man,-2.900723636
I Never Knew Two Sentences Repeated Over And Over Could Get Funnier Every Single Time,-3.292208086
"Yo, Kids! If You Don't Want Your Parents To Do This To You, Then Listen Up...",-4.264238192
"Hate To Break It To You, But There’s No 'Type Of Woman' Who Gets One Of These",-4.10151437
"A Bus Drivers Day Is Made Super Weird But Amazing By A Bunch of Danish People
",-4.391649993
"If We Paid These Women What They're Worth, There'd Be A Lot Of Dudes Crying About Pay Inequality",-4.472805547
A Rap Song About Girls And Money That Your Daughter Should See,-3.820789491
A Scarily Accurate Parody That Shows The Reality Of Fake Companies Created To Hide Corrupt Profits,-5.177622487
Why The 'War On Drugs' Looks Even Stupider When You See What Other Countries Do,-4.010833189
What Should Have Been A Beautiful Kiss On A Skating Rink Has Never Been More Chilling,-3.267650848
"This Aggressive, Rude, Negative, Anti-Motivational Speech Is The Best Thing I've Ever Heard",-3.629741998
Two Sentences Repeated Over And Over Get Funnier Every Single Time,-3.562789956
"All Of These Women Made The Same Choice. It Doesn’t Matter Why, And We Don't Get To Judge Them.",-4.434679601
"What Would Happen If We Paid Moms $113,000 Dollars A Year?",-4.540173648
A 4-Year-Old Girl Asked A Lesbian If She Was A Dude. She Responded The Awesomest Way Possible.,-3.210629528
What Should Have Been A Beautiful Kiss On A Skating Rink Has Never Been More Chilling,-3.208702939
How The Grinch Is About To Steal From Millions This Holiday,-4.86458041
The One Where An Old White Couple Tries To Rap And Actually Pulls It Off,-4.111114032
"I'm Freaked Out By Fellow Travelers With Germs, But I Had No Idea There's Something Even Worse.",-4.291643486
Can You Believe That Coke And Pepsi Are Desperate Enough To Stoop So Low?,-3.659156353
Some Strange Things Are Happening To Astronauts Returning To Earth,-3.391884662
"Next Time You Check The Tags On A New Shirt, You May Also Want To Check For This",-3.900593169
They’ll Let Lesbians Do It. Straight Guys Even. But THESE People? Not A Chance.,-4.237384275
What He Has To Say About Your Favorite Products And Brands Should Do More Than Worry You,-4.654540312
"Next Time You Check The Tags On A New Shirt, You May Also Want To Check For This ",-3.974133415
"She Died Two Weeks After Giving This Interview, But Not Before Calling Out Some Serious BS",-3.728769798
What He Has To Say About Your Favorite Products And Brands Should Do More Than Worry You,-4.719054083
"How Precious Is Your Spit To You? Because To Him, It's Potentially Life-Saving.",-5.092869195
See That Girl From The Hunger Games Respond To A Poignant Question,-3.439581625
They’ll Let Lesbians Do It. Straight Guys Even. But THESE People? Not A Chance.,-4.160703422
They Ask This Homeless Veteran To Look In The Mirror. Who Stares Back Is Unrecognizable.,-3.904300959
"Some Say She's Too Fat To Model. She Gives Such A Perfect Response That Even Ellen Applauses
",-3.52452388
They Ask This Homeless Veteran To Look In The Mirror. Who Stares Back Is Unrecognizable.,-3.952741944
"Some Say She's ""Too Fat"" To Model. She Gives Such A Perfect Response That Even Ellen Applauses",-3.254221793
Watch What Happens When They Ask This Homeless Veteran To Look In The Mirror,-3.704835006
This Incredible Timelapse Shows Us One Homeless Veteran's Transformation,-3.579474684
"Some Say This Model Is ""Fat"". She Gives Such A Perfect Response That Even Ellen Applauses.",-2.957447459
This Incredible Timelapse Shows Us How Dignity And Respect Can Change A Man,-3.310254707
Ellen Thanks Ashton Kutcher For Giving A Great Speech.  His Reply? A Great Speech.,-3.36546819
What He Has To Say About Your Favorite Products And Brands Should Do More Than Worry You,-3.86274336
"How Precious Is Your Spit To You? Because To Him, It's Potentially Life-Saving.",-4.802573517
"Next Time You Check The Tags On A New Shirt, You May Also Want To Check For This",-3.418479284
"Ever Hear About The Lady Who Spilled Coffee On Herself At McDonald's, Then Sued For Millions?",-3.796184332
A Room Full Of Feminists Just Applauded A Dude Who Attacked Feminists. Wait For It…,-3.51116047
"I Never Thought I'd Want To High Five A Teacher For Yelling At A Student, But I Was Wrong",-2.755216838
Why These Women Give Up Their Children Is Heartbreaking. But Who Breaks Their Hearts Is Wonderful.,-4.284964922
Watch This Incredible Young Woman Render Jon Stewart Speechless,-3.350927781
"This Is Not A Joke. You May Laugh, But You Shouldn’t. It’s Quite Horrifying. 
",-3.44022107
Has It Really Come To This? Tell Me It Hasn't Come To This. Please.,-3.502059606
Meet One Of The Men Responsible For These Giant Breasts. You're Not Going To Like Him.,-3.035558381
We Use It Everyday ... Even Though It's Just As About Dangerous As Cigarettes,-3.630297441
They Asked Him His One Wish To Change The World. He Showed Them His Art.,-4.174232639
Meet One Of The Men Responsible For These Giant Breasts. You're Not Going To Like Him.,-2.88928184
We Use It Everyday ... Even Though It's Just About As Dangerous As Cigarettes,-3.417618112
They Asked Him His One Wish To Change The World. He Showed Them His Art.,-4.293385345
She Knocked On His Door to Ask For Help — He Shot Her Dead. Why Isn't Justice Being Served?,-4.395033395
"Within 6 Seconds You Won’t Like Him. By The Time He Laughs, You’ll Despise Him. ",-2.655992041
She Knocked On His Door to Ask For Help — He Shot Her Dead. Why Isn't Justice Being Served?,-4.381397945
And Cue The Best Response To Sexism On TV Since EVER,-3.444072131
What Happened To An America Where We Give A Damn About Our Fellow Americans?,-4.842399631
What 'Cooperation' Looks Like In One Short Hilarious Clip,-3.732254098
2 Monkeys Were Paid Unequally; See What Happens Next,-3.658529914
Bullies Called Him Pork Chop. He Took That Pain With Him And Then Cooked It Into This.,-3.836027972
"Their School Has More Trophies Than It Does Incoming Black Male Freshman, So A Freshman Responded",-4.256503682
"Within 5 Seconds You Won’t Like Him. By The Time He Laughs, You’ll Hate Him.",-2.624791535
How Did A Conservative Texan Win In A Black District? He Convinced Them He Was Black.,-4.534618094
"Black Politician Wins Election In Texas. Problem Is, He’s Not Actually Black. 
",-4.412115741
The One Where An Older White Couple Tries To Rap And Actually Pulls It Off,-3.509570305
Why These Women Give Up Their Children Is Heartbreaking. But Who Breaks Their Hearts Is Wonderful.,-4.133675791
The Most Hilarious Parody Video I've Seen Yet: What Does The Farmer Say?,-3.409962468
"How Many Countries Are There? Simple Question, Ridiculously Complicated Answer.",-4.067566443
Why The 'War On Drugs' Looks Even Stupider When You See What Other Countries Do,-3.090282781
The Dalai Lama Uses Farting To Describe Humanity's Interconnection,-3.866565743
A Visualization Of World War II Like You've Never Seen Before,-3.737758789
An Off-Duty Cop Gets Thrown Up Against A Wall And Frisked,-3.913371789
"If You're Living In A Developed Country, But You're Not Happy, What Are You Doing Wrong?",-4.52968913
This Man On The Verge Of Breaking Down Says More In 3 Minutes Than Most Say In A Lifetime,-3.13194772
We Have Solutions For These Women. They're Just Covered In Massive Amounts Of Red Tape.,-4.404472824
Meet The 17-Year-Old Who Blew The Lid Off Racial Profiling With His iPod,-3.474573198
The Miracle Of Life Has Become A Curse For These Women. Is It Time To Draw The Line?,-3.960948059
The Miracle Of Life Has Become A Curse For These Women. Is It Time To Draw The Line?,-3.875674114
"Why Does Europe Always Do Things Better? Washing Machines, Public Transport And Now… Economies? ",-4.234495496
The Same Question Is Asked To Parents And Then Their Kids. The Difference Is Kinda Revolutionary.,-3.343099697
It Kind Of Works Like The Hotel Industry. Except It Would Be The Worst Hotel You Ever Stayed In.,-5.026866489
Some Call It The Miracle Of Life. They Call It An Inescapable Curse.,-3.737762258
"Finally, Something To Share With Everyone On Facebook Who Is Wildly Posting New Baby Photos ",-3.833725186
"What One Thing Has Every Woman Of A Certain Age Done, According To Meryl Streep? ",-3.621615431
"This ""Super-Sized"" Random Act Of Kindness Is Sure To Brighten Your Day",-4.11817835
"What One Thing Has Every Woman Of A Certain Age Done, According To Meryl Streep?",-3.710632535
"Yeah, But She Didn't Think She'd End Up In Prison Either. ",-3.664460927
"Yeah, But She Didn't Think She'd End Up In Prison Either ",-3.664133401
"A Marine Breaks Down Crying Explaining What Happened To His Wife, A Marine",-3.250374492
"This ""Super-Sized"" Random Act Of Kindness Is Sure To Brighten Your Day ",-3.585818319
A Marine Was Sexually Assaulted. Her Commander Said She Deserved It For Wearing Running Shorts!?,-3.60463318
I'm Not Saying That Obamacare Is Sexy. It's Not. But This Is. And You Should Have Insurance For It.,-4.821893169
A Marine Was Assaulted. Her Commander Said She Deserved It For Wearing Running Shorts.,-3.502531109
"She Was Stuck Paralyzed From The Neck Down, Until She Saw A Youtube Video That Changed Her Life",-3.71533234
"It’s The Most Important Thing In The World To A Lot Of Us, But We Might Be Defining It All Wrong",-4.623277506
"She Was Stuck Paralyzed From The Neck Down, Until She Saw A Youtube Video That Changed Her Life",-3.581672836
Carl Sagan Tries To Explain Evolution To An Argumentative Guy,-3.800573529
This Kid Is Going To Die From An Awful Disease. But That Won’t Stop Him From Laughing. A Lot.,-4.460334957
See A TV Host’s Perfect Message To A Young Girl Whose School Called Her ‘Unacceptable’,-3.801867755
They're College Grads. They're Doing Real Work. Yet They Can't Even Make Minimum Wage.,-4.057117719
Would The World Accept This If It Were Happening To Men?,-3.407939669
Doctors Take A Long Shot And Inject Modified HIV Into Dying Girl. The Reason Why Will Amaze You.,-3.705041671
The Austistic Man Who Made Whoopi Goldberg Cry,-3.194392493
A Pastor Asks A Politician Why He Supports Gay Marriage. It Seems He Wasn't Prepared For His Reply.,-3.347266802
Carl Sagan Tries To Explain Evolution To An Argumentative Guy,-3.859536363
"These Alarming Facts Essentially Say: Women, You're Collateral Damage",-3.904175032
This Kid Is Going To Die From An Awful Disease. But That Won’t Stop Him From Laughing. A Lot.,-4.818013682
Everything You Wanted To Know About The Way Orthodox Jews Look But Were Afraid To Ask,-3.878398664
"He Knew If He Didn't Give His Plea To The World, The People In His Country Could Remain Voiceless
",-4.256341549
"She Was Stuck Paralyzed From The Neck Down, Until She Saw A Youtube Video That Changed Her Life",-3.659358755
"These Alarming Facts Essentially Say: Women, You're Collateral Damage",-4.0835648
Why You Shouldn't Blame Parents When Their Kids Eat Fast Food,-4.47019583
Dear Sexist Music Industry — Here Is Janelle Monae Giving You Some Real Talk,-4.089405762
"An Artist Figured Out How To Map All The Nukes In The World. Also, He Figured Out How To Scare Me.",-4.498190237
A Marine Was Assaulted. Her Commander Said She Deserved It For Wearing Running Shorts.,-3.613719558
A Guy Dresses Up As Captain America and New Yorkers Can’t Even Handle It,-3.646840402
Looking For A Quick Fix That Inspires You To Get Things Done? Here It Is!,-4.562316909
And Now For Your 1 Minute Of Inspiration,-3.948526486
Here Is What Happens When A Trail Blazer Does Just That,-3.226557092
See A TV Host’s Perfect Message To A Young Girl Whose School Called Her ‘Unacceptable’,-3.383731245
​500 Kids Were Taken Out Of School The Day This 8 Year Old Girl Entered,-3.626100391
The Inherent Problems Of Prohibition Elegantly Explained,-4.045854353
Noticed A Rise In Mustaches Around You Recently? Meet The Reason Why.,-4.023304886
The Same Question Is Asked To Parents And Then Their Kids. The Difference Is Kinda Stunning.,-2.975403582
How Many Nukes Have Been Dropped On America? Nope. Guess Again.,-3.899350454
"Some People Are Calling Gun Crime A Disease, So They Came Up With A Treatment",-4.412998074
A Singing Toilet Will Forever Raise Your Standards For What It Means To Be A Potty Mouth,-4.302562463
See A TV Host’s Perfect Message To A Young Girl Whose School Called Her ‘Unacceptable’,-3.577895436
Everything You Wanted To Know About The Way Orthodox Jews Look But Were Scared To Ask,-3.715613144
This Kid Was Born With A Nightmare Of A Disease... But Has An Incredible Dream He Wants To Share,-3.9184267
"A 6 Year Old Girl Walked Into A School — And 500 Kids Were Removed Because Of It
",-3.335208888
A Singing Toilet Will Forever Raise Your Standards For What It Means To Be A Potty Mouth,-4.100232705
Why You Shouldn't Immediately Blame Parents If Their Kids Aren't Healthy,-4.176178048
"Most 21 Year-Olds Have A Messed Up Sense Of Humor. Well, This Guy Has A Pretty Good Reason For It.",-3.107761896
"Most 21 Year-Olds Have A Messed Up Sense Of Humor. Well, This Guy Has A Pretty Good Reason For It.",-3.283623354
"Most 21 Year-Olds Have A Messed Up Sense Of Humor. Well, This Guy Has An Awesome Reason For It.",-3.4111178
It's Hard To Speak About These Things In Public. So He Drew This Instead.,-3.570004315
" Hitler Couldn't Kill Her. Here's Why Nothing Else Could, Either. ",-3.653561563
"This Kid Just Called His Mom An Angel. After Watching What She's Done All Day, I Totally Agree. ",-3.517171233
It's Hard To Speak About These Things In Public. So He Drew This Instead.,-3.37276347
Don't Blame Parents When Their Kids Eat Fast Food,-4.108508049
"Some People Are Calling Violence A Disease, So They Came Up With A Treatment",-4.208664819
"If You Can Watch This Movie Trailer And Not Get Excited About The Movie Itself, You're Made Of Stone",-4.050257064
A Crooning Toilet Is Going To Raise Your Standards For What It Means To Be A Potty Mouth,-4.525540166
A 6 Year Old Girl Walked Into A School — And 500 Kids Were Removed Because Of It,-3.197946349
"If You Can Watch This Trailer And Not Get Excited About The Movie, You're Made Of Stone",-3.727302852
"When Folks See A Crime In Progress, Most Will Report It...Not These People. Here's Why.",-4.505411926
"It's Hard To Speak About These Things In Public. So He Drew This Instead. 
",-3.196540701
Think Your Scars Are Ugly? This Artist Thinks You're A Walking Work Of Art.,-4.06964195
It's Hard To Speak About These Things In Public. So He Drew This Instead.,-3.031999913
"Farting As It Relates To Humanity's Interconnection,' According To The Dalai Lama",-3.48385397
"When You Go Out To Eat, Tipping Is Not Optional. Yes, I Said It.",-4.584857751
Why Would 10 Million People Want To Live Inside A Lemonade Stand? Because It's Genius.,-4.505409256
A Teenager Articulates How Policies Should Be Created Better Than Most Adults Probably Could,-4.587300629
A Teenager Articulates How Policies Should Be Created Better Than Most Adults Probably Could,-4.665117705
A Teenager Articulates How Policies Should Be Created Better Than Most Adults Probably Could,-4.24338906
A Few Things You Want To Know About Being Transgender But Were Afraid To Ask,-3.566359873
What Do You Get When You Add Diabetes To A Kids' Toy? Genius.,-4.290944231
"You Might Know Him For His Suicide, But There Is A Lot More To Know. And It Might Surprise You.",-3.319323267
"Before You Say Corporations Don't Do Anything Good, Check Out Who Got These Dogs A Home",-4.362221714
"Before You Say Corporations Don't Do Anything Good, Check Out Who Got These Dogs A Home",-4.408172655
One Map Where You Definitely Don't Want To See Your House. But You Probably Will.,-4.009676479
Why Certain Ideas Really Do Need To Go Viral,-4.548515847
A Typhoon Has Just Hit His Country — Hear His Powerful Plea To The World,-5.068904202
"When You Go Out To Eat, Tipping Is Not Optional. Yes, I Said It.",-4.953325066
"Hear A Singer's Catchy, Soulful Tune Against This Major Human Rights Violation",-4.558353483
Hear A Singer's Soulful Tune Against A Major Human Rights Violation,-4.728008648
"When You Go Out To Eat, Tipping Is Not Optional. You Read That Right.",-4.62593352
"In The USA, Tipping Is Not Optional. You Read That Right.",-3.912989081
"If 3 Little Girls Did This To My House, I'd Do Everything I Could To Get Them Full Rides To College",-3.36975002
Most Americans Are 5 Generations Removed From Something That Used To Be All Around Us,-3.850744661
I Respect These Female Heroes So Much More With Tiny Waists And Sparkly Dresses! LOL J/K.,-3.785058106
"If 3 Little Girls Did This To My House, I'd Do Everything I Could To Get Them Full Rides To Harvard",-3.20950157
This Face Is The Most Famous Nobody You've Ever Never Heard Of,-4.050861519
An Artist Counted Every Atomic Explosion On Earth And Shows Them All In A Matter Of Seconds,-4.431935424
Some States Have Decided That People Living On The Edge Might Not Be Such A Great Idea,-4.403965069
"She Thought She Would 'Blend' After She Transitioned, So She Decided Somethng When It Didn't Happen",-4.07578858
"He's The Only One In His School. Instead Of Feeling Special, He Gets Bullied Everywhere. ",-3.729149572
"He's The Only One In His School. Instead Of Feeling Special, He Gets Bullied Everywhere. ",-3.742672179
Things You Want To Know About Being Transgender But Were Afraid To Ask,-3.915363146
Why Would 10 Million People Want To Live Inside A Lemonade Stand? Because It's Genius.,-4.737101815
Why Would Millions Of People Want To Live In A Lemonade Stand? Because It's Genius.,-4.741269934
He Was Asked Why Whiteness Made Him So Uncomfortable. His Response Is Pretty Profound.,-3.755955249
He Was Asked Why Whiteness Made Him So Uncomfortable. His Response Is Pretty Profound.,-3.575858414
"You Know How You’re Supposed To Always Want To Be Younger? Well, Screw That.",-4.372223842
Walmart Went On The Record About What It Pays Its Workers. It Didn’t Count On Us Knowing Math.,-4.225668036
How Changing The Definition Of One Word Might Make TV Shows Worse But Real Life Better,-4.228091449
An Artist Counted Every Atomic Explosion On Earth And Shows Them All In A Matter Of Seconds,-4.104587712
How Does It Feel To Be A Minority In A Minority In A Minority? Something Like This.,-4.659576023
Some People Get Drum Sets To Play Music. This Person Got One For A Much More Beautiful Reason.,-4.233799733
"Wow, Here's A Scarily Simple Way To Sabotage Your Life And Everyone's Around You ",-4.60168263
"If You Are Getting Bullied In School, Then You Better Watch This Awesome Nerd Stare At The Camera",-3.366273596
"If You Told Her There'd Be A Famous Actress Like Her Ten Years Ago, She'd Have Laughed",-4.091399052
"If You Said Someone Like Her Would Be Famous 10 Years Ago, This Actress Might Have Laughed At You",-4.322453543
In 3 Minutes He Explains An Ignored Fact About Health Care. You'll Want To High-Five Your Screen.,-4.545420182
Some States Have Decided That People Living On The Edge Might Not Be Such A Great Idea,-4.913648033
"The Reality Homeless Children Live —Told By Mark, 10 Years Old",-4.725285716
"The Reality Homeless Children Live —Told By Mark, 10 Years Old",-4.555093067
"In 3 Minutes, He Nails What No One Wants To Hear About Those Cancelled Health Plans",-3.926635197
"The Day After His Dad Dies, He Waits Until The End Of His Show To Tell Us About It. It's Pretty Great.",-3.313580822
Stuff Like This Is Why Public Transportation Is Way More Entertaining Than Sitting Alone In Your Car,-4.261500013
"In 3 Minutes, He Nails What No One Wants To Hear About Those Cancelled Health Plans",-3.639817514
A Kid Says Something To A Teacher That No One Should Have To Experience,-3.160445763
A Kid Says Something To A Teacher That No One Should Have To Experience,-3.171029215
"He's The Only One In His School. Instead Of Feeling Special, He Gets Bullied Everywhere. ",-3.519013934
Walmart Went On The Record About What It Pays Its Workers. It Didn’t Count On Us Knowing Math.,-4.050397084
"He's The Only One In His School. Instead Of Feeling Super Cool, He Gets Bullied Everywhere.",-3.676743169
"Why Would 826,000+ People Want To Live In A Lemonade Stand? Because It's Genius.",-4.584762006
"Wow, Here's A Scarily Simple Way To Sabotage Your Life And Everyone's Around You ",-4.389404564
​Read The Witty Suggestion An Advice Columnist Gives To A Homophobic Parent,-2.751535313
​Read The Witty Suggestion An Advice Columnist Gives To A Homophobic Parent,-3.761200116
Someone You Might Not Expect Makes A Speech You Will Not Forget,-3.84207077
8-Year-Old Narrator Understands Congress Better Than Most Of Us,-4.532599493
Hear How The Audience At The Boston Symphony Orchestra Found Out JFK Had Been Shot.,-3.768233995
Someone You Might Not Expect Makes A Speech You Will Not Forget,-3.832108495
"A Lot Of People Find It Hard To Talk To Her. So, She Put Together 4 Easy Tips. ",-3.33856519
"With Just A Few Animated Doodles, A Little Kid Calls Out Congress. I Doubt They'll Respond. ",-3.904605735
"With Just A Few Animated Doodles, A Little Kid Puts Congress In Its Place. ",-4.140557405
"An Ad For Alcohol Takes A Dark Twist. Well Played, Sweden.",-3.514271263
Listen To Neil deGrasse Tyson Give You 10 Reasons Why You Should Love Science,-4.214154323
A Poem For All The 'Boobs Guys' And 'Butt Guys' Out There,-3.404121971
"I Talk About Money In Politics For A Living, And This Still Blew Me Away",-4.7396481
"A Lot Of People Find It Hard To Talk To Her. So, She Put Together 4 Easy Tips.",-3.230501717
A Student Totally Nails What's Wrong With Our School System And Why We Mistrust Teachers,-3.66237621
Someone You Might Not Expect Makes A Speech You Will Not Forget,-3.734889381
"If Some Of Your Work Life Involves Sitting, You Really Should Watch A 3-Minute Clip About...Well, Sitting!",-4.042859513
They Did It 86 Times To Every Other President Combined. 82 Times To Obama Alone.,-3.943787498
"A Lot Of People Find It Hard To Talk To Her. So, She Put Together 4 Easy Tips.",-3.663113014
This Minister Followed The Teachings Of Jesus At His Son's Wedding. So His Church Kicked Him Out.,-4.149172066
Hear The Moment This Audience In Boston Found Out JFK Had Been Shot.,-3.540918953
"If We Paid These Women What They're Worth, There'd Be A Lot Of Men Complaining About Unfair Pay",-4.560141595
A Minister Stands Up To Some Bullies Picking On His Son. By Bullies I Mean His Entire Religion.,-3.874223504
A Minister Tells A Church To Start Walking The Walk So They Tell Him To Walk Out The Door,-4.18812452
"When I Figured Out What This Girl Is Doing, I Felt Sick Because That Will Never Happen To Me",-3.140117558
"When I Figured Out What This Girl Is Doing, I Felt Sick Because That Will Never Happen To Me",-3.508450379
When Being The Biggest Employer With The Most People On Welfare Is Considered A Success Story,-4.111994156
"If Your Work Or Home Life Involves Sitting, You Really Should Watch A 3-Minute Clip About...Well, Sitting!",-3.805307935
No Big Deal. He's Just Trying To Educate The Whole World. For Free.,-4.418353694
When Being The Biggest Employer With The Most People On Welfare Is Considered A Success Story,-4.216608648
When Being The Biggest Employer With The Most People On Welfare Is Considered A Success Story,-4.253025386
They Did It 86 Times To Every Other President Combined. 82 Times To Obama Alone.,-3.930111689
A Church Told A Pastor That He Couldn't Preside Over His Son's Wedding. He Responded. Appropriately.,-3.541135334
They Did It 86 Times To Every Other President Combined. 82 Times To Obama Alone.,-3.724038385
A Church Told A Pastor That He Couldn't Preside Over His Son's Wedding. He Responded Like A Dad.,-3.331558307
These Ladies Made Rugs From Scraps. Middle Men Stepped In & Tried Taking It Over. But They Said No.,-4.310485459
It's Pretty Shocking How Much Money This Person Would Make If They Didn't Love Their Client So Much.,-4.07242988
"When I Figured Out What This Girl Is Doing, I Felt Sick To My Stomach",-3.070066048
"When They Image Clothes For Models, Here's What Actual Women Would Have To Look Like",-3.531997033
"Wow, Here's A Scarily Simple Way To Sabotage Your Life And Everyone's Around You",-4.256554586
This Recent Bill Is Everything Wrong With Politicians In One Very Expensive Nutshell,-4.399633871
"When They Imagine Clothes For Models, Here's What Actual Women Would Have To Look Like",-3.317334634
"After Spending 3 Years In Jail For No Reason, This Teenager Finally Gets A Chance To Speak Out",-4.206971606
The Side Effect Of Birth Control No One Ever Talks About,-3.792196398
Listen To Angelina Jolie Urge The UN To End Rape In War Zones,-4.555861019
Here Are 10 Snazzy Sciencey Reasons Why You Should Love Science,-4.591264424
"After 3 Years In Jail, This Innocent Teen Finally Gets To Say A Few Words",-3.97297006
"The Day After His Dad Dies, He Waits Until The End Of His Show To Tell Us About It. Just Beautiful.",-3.199357721
Watch The Moment Angelina Jolie Stands Up For Women Worldwide To The UN,-4.245396304
What Warren Buffet And Bill Gates Think Is 'Very Unfair',-3.918112213
Feeling Crappy? Hear This Little Song Remind You That Things May Not Be Too Bad,-3.7241556
Watch The Moment Angelina Jolie Stands Up For Women Worldwide To The UN,-3.476979437
"I Don't Remember This Scene From The Hunger Games Sequel, But It Sure Is Realistic",-3.160433751
These Mothers Literally Turned Rags To Riches,-4.076715329
Watch The Moment Angelina Jolie Stands Up For Women Worldwide To The UN,-3.654389374
The One Where A Woman Keeps Repeating A Hurtful Term That's Been Hurled At Her For Her Entire Life,-3.91611504
The Side Effect Of Birth Control No One Ever Talks About,-3.884964159
"Once Upon A Time, One Guy Decided To Change Three Lives. It's Not A Fairytale, But It's Real Life.",-4.258070246
The Side Effect Of Birth Control No One Ever Talks About,-3.84901052
What Warren Buffet And Bill Gates Think Is 'Very Unfair',-4.192751131
What Warren Buffet And Bill Gates Think Is 'Very Unfair' Might Shock You,-4.364988365
"If You Tell This Dude To Man Up, You Better Be Prepared To Learn About Your Poor Choice Of Words",-4.098235289
Watch This 6-Year-Old Give You The Most Adorable Guilt Trip Ever,-4.037383523
Watch This Guy Play With Some Legos To Learn About The Future Of Our Planet,-4.876195612
"If You Tell This 'Manly' Dude To Man Up, You Better Be Prepared To Learn Why What You Said Is Awful",-4.120774935
"If You Tell This 'Manly' Dude To Man Up, You Better Be Prepared To Learn Why What You Said Is Awful",-3.919883919
"If You Want To Be A Real Man, Never Say This",-3.732546712
"The Next Time You Hear Someone Say Man Up, Tell Them To Watch This And Pipe Down",-3.874210106
"I Am Livid That A Magazine Did This To Jennifer Lawrence And My Guess Is She Is, Too",-3.101174753
"This True Story About Organ Trafficking Is Like Every Urban Legend You've Heard, But Worse",-3.913474466
Here's A Scarily Simple Way To Sabotage Your Life And Everyone's Around You,-4.580698423
More Than 93 Percent Of Americans Totally Want It To Be Legalized. And It's Not Weed.),-4.207052123
A Union Rep Gets Asked Some Hard Questions. His Answers May Surprise You.,-4.904200664
More Than 93 Percent Of Americans Totally Want This To Be Legalized. And It's Not Weed.),-4.17922803
A Union Rep Gets Asked Some Hard Questions. His Answers May Surprise You.,-4.616662339
"Cheap, Cheesy, And For Charity: You're Gonna Love This Kevin Bacon Commercial",-4.566335915
This Famous Actor's Disguise Isn't Foolin' Anyone But Why He Puts It On Is A Pure Delight,-4.211952604
This Famous Actor's Disguise Isn't Foolin' Anyone But Why He Puts It On Is A Pure Delight,-4.300491147
"Food Stamps Are For Lazy Freeloaders! Well, Let's Look At The Facts.",-4.336293235
"Kevin Bacon's Disguise Isn't Foolin' Anyone But It Will Make You Laugh, And Think, And Laugh Again",-4.176206279
"Wondering What Happens To Divorced, Dark-Skinned, Single Mothers In This Country?",-3.588608008
Mustachioed Kevin Bacon Jumps In Front Of A Green Screen — And Into Our Hearts,-4.528120829
A Massacre Of Innocent People Is Happening And The World Looks The Other Way,-4.624744789
"It Doesn't Make Sense To Stop ""AIDS In Africa."" Yes, You Read That Correctly.",-4.554434422
WAIT! Listen To This Guy's Talk On Spending Money And Happiness Before Going Out Shopping On Friday,-4.599061339
"It Doesn't Make Sense To Stop ""AIDS In Africa."" Yes, You Read That Correctly.",-4.742855782
Mustachioed Kevin Bacon Jumps In Front Of A Green Screen — And Into Our Hearts,-4.30308018
A Massacre Of Innocent People Is Happening. Will The World Look The Other Way?,-4.638998289
WAIT! Listen To This Guy's Talk On Spending Money And Happiness Before Going Out Shopping On Friday,-4.781895071
WAIT! Listen To This Guy's Talk On Spending Money And Happiness Before Going Out Shopping On Friday,-4.803807194
"If This Woman Were Alive Today She'd Be 109. Actually, She Is, And Has Something Incredible To Say.",-3.58289352
It's Pretty Shocking How Much Money This Person Would Make If They Didn't Love Their Client So Much.,-4.683038586
Sometimes The Cops Help You Find Your Stolen Car. Sometimes The Cops Are The Ones Who Stole It.,-4.2486857
Sometimes The Cops Help You Find Your Stolen Car. Sometimes The Cops Are The Ones Who Stole It.,-4.422048309
"Before Time Runs Out, Here's How To Play With Some Legos To Learn About The Future",-4.661550519
You'd Be A Feminist Too If You Experienced What She Did,-4.206755636
"This Woman Was Born In 1903. She's Still Alive Today, And Has Something Incredible To Say.",-3.42683005
Build One Of These With Some Legos Before Time Runs Out Or It's Gonna Get Super Hot In Here,-4.656730435
"A Half Mile Away From The Beginning Of The Gay Rights Movement, A Few Folks Are Left Out In The Cold",-4.895349139
"This Woman Was Born In 1903. She's Still Alive Today, And Has Something Incredible To Say.",-3.476636421
"The Kind Of Prison You Really, Really, Really Don’t Want To Go To",-4.320209468
"Politics Aside, This Is Just A Man Talking About Grief",-4.16652427
I Can't Believe We Even Still Need To Talk About Something I Thought America Dealt With Years Ago,-4.282428076
It's Pretty Shocking How Much Money This Person Would Make If They Didn't Love Their Client So Much,-4.610816864
They Asked If She Had Anything Else She Wanted To Say To The Audience. That's When She Took It Home,-3.430654177
"She Was 40 When The Nazis Took Her. Now, She's Outlived Them All  Has Something Incredible To Say.",-3.884655201
"Food Stamps Are For Lazy Freeloaders! Well, Let's Look At The Facts.",-3.759443418
"Food Stamps Are For Lazy Freeloaders! Well, Let's Look At The Facts.",-3.656765503
"Ugh, Food Stamps Are For Lazy Freeloaders!' Well, Let's Look At The Facts.",-3.740701132
"When You Think Of Little Afghan Girls, Do You Think 'Badass'? You Should.",-4.254026137
"She's Not Sorry For What She Said. In Fact, She's Just Getting Angrier.",-3.745750738
They Weren’t Happy With What She Said. So She Said It Again.,-3.387506006
"If You Pass One Of These People At The Airport This Season, Maybe Tell Them You Support Them?",-4.59137172
They Weren’t Happy With What She Said. So She Said It Again.,-3.355951116
Some Creepy Dudes Wrote Some Creepy Things To This Reporter. So She Is Calling Them Out. In Public.,-3.446569755
"They Said She Was Paralyzed, And She Couldn't Afford Her Recovery. Then A Dancer Changed It All",-3.802338159
The Amazing Number Of People Who Touch Your Food Before It Hits The Table,-4.645821953
"When A Union Rep Is Asked Some Hard Questions, Will His Answers Surprise You?",-4.420154093
"The Next Time Someone Says 'There's More Fish In The Sea,' Tell Them Why They're Wrong",-4.233631219
And This is One Artists Response To A Huge Promise From Our Government Being Broken,-4.623677117
The Amazing Number Of People Who Touch Your Food Before It Hits The Table,-4.602922764
An Auto Executive Talks Up Gas. The Guy Next To Him Who Builds Space Rockets Puts Him In His Place.,-3.817168167
An Auto Executive Talks Up Gas. The Guy Next To Him Who Builds Space Rockets Puts Him In His Place.,-3.491798346
"When You Think Of Little Afghan Girls, Do You Think 'Badass'? You Should.",-4.294488803
"It Takes Him 90 Seconds to Shut Down Climate Change Skeptics, All Without Any Fancypants Science",-3.425627699
A Union Rep Gets Asked Some Hard Questions. His Answers May Surprise You.,-4.453231669
Some Creepy Dudes Wrote Some Creepy Things To This Reporter. So She Is Calling Them Out. In Public.,-3.114057168
"The One Where A Walmart PR Firm Creates An Ad So Full Of Propaganda, It's Actually Hilarious",-3.413747696
Some Creepy Dudes Wrote Some Creepy Things To This Reporter. So She Is Calling Them Out. In Public.,-3.09938545
"We May Tell Our Kids That Life Isn't Fair, But We Should Actually Listen To Them Talk About Fairness",-4.086984208
The One Where A Walmart-Friendly PR Firm Creates An Ad So Full Of Propaganda It's Actually Hilarious,-3.356016613
This Famous Actor's Disguise Isn't Foolin' Anyone But Why He Puts It On Is A Pure Delight,-3.310727788
Watch Little Girls In Afghanistan Be Better At Skateboarding Than You'll Ever Be,-3.907183729
Since When Is A Stampede On A Holiday Right After Thanksgiving A Good Thing?,-4.750925938
Watch Little Girls In Afghanistan Be Better At Skateboarding Than You'll Ever Be,-3.729025164
A Stampede Of People On Black Friday Is A Bad Thing. A Stampede On This New Holiday? Spectacular.,-4.409955745
The Poster Is Mesmerizing. The Story It Tells Is Electrifying. Have You Seen it?,-3.828909745
"Finding Nemo' Isn't A Children's Movie, It's A Warning. This Animation Will Show You How.",-3.35294213
10 Reasons That Just May Convince Anyone That Science Is Awesome,-3.876045149
The Poster Is Mesmerizing. The Story It Tells Is Electrifying. Have You Seen it?,-3.50918602
"What Happens When 192,678 People Share A Video About Coming Out Of The Closet?",-4.372181028
This French Anti-Bullying Campaign Is Skipping The Kids And Going For The Parents,-4.014310481
"If A Man Asks What Women Have Been Asking For Centuries, Will Men Finally Listen?",-3.417027193
"At First I Didn't Get Why They Were Thanking Their Heroes, Then I Realized How Deep It Really Went",-4.530894645
And This is One Singer's Response To A Huge Promise Being Broken That Was Made To Us All,-3.804293823
These Little Girls Are Asking The Most Devastating Question I Can Imagine,-3.060911362
"If A Man Asks What Women Have Been Asking For Centuries, Will Men Finally Listen?",-3.421637459
These Little Girls Are Asking The Most Devastating Question I Can Imagine,-2.846851595
"Maybe If A Man Asks Questions Women Have Been Asking For Centuries, Other Men Will Finally Listen",-3.40085368
Watch This 6-Year-Old Give You The Most Adorable Guilt Trip Ever,-3.727789174
We Don’t Hear Enough From Native American Voices. Here’s An Inspiring Message From One.,-4.477076545
Let This 6-Year-Old Give You An Adorable Guilt Trip About Something You Do Every Day,-3.761200116
And This is One Singer's Response To A Huge Promise That Was Made To Us All Being Broken,-4.351446338
Watch This 6-Year-Old Give You An Adorable Guilt Trip About Your Next Trip To The Beach,-4.388851121
These Little Girls Are Asking The Most Devastating Question I Can Imagine,-3.470562104
"Mind: Blown. I Couldn't Have Guessed What A Dad Made For His Son, Who Was Born Without A Hand.",-3.670997516
A Poem For All The 'Boobs Guys' And 'Butt Guys' Out There,-3.639003371
"Mind: Blown. I Couldn't Have Guessed What A Dad Made For His Son, Who Was Born Without A Hand.",-3.612676265
A Damning Example Of Anti-Science Politicking You Need To See Side-By-Side To Believe,-4.480596907
"What The Media Actually Does To Women, Summed Up In 5 Minutes",-3.299507557
What The Media Actually Does To Women Might Shock You,-3.472061639
Someone Put Two Examples Of Anti-Science Politics Side-By-Side. The Results Are Damning.,-3.811786137
5 Minutes Of What The Media Actually Does To Women,-3.389016832
He Woke Up Naked In The Back Seat Of HIs Car. It Was Full Of Leaves. Apparently It Was A Sign.,-3.666454748
Someone Put Two Examples Of Anti-Science Politics Side-By-Side. The Results Are Damning.,-3.856833096
A Glimpse At How The Media Treated Women In 2013 Is A Look At Way Too Many Cringe-Worthy Moments,-3.203250507
"I Learned My 1,2,3 And My A+B=C. This, I Didn't Learn. aa3-3c",-4.630104257
"What If We Could Know, Without Asking People Who Work There, If A Company Treats Workers Fairly?",-4.705741474
"Beauty, Un-Photoshopped",-3.88444234
He Woke Up Naked In The Back Seat Of His Car. It Was Full Of Leaves. Apparently It Was A Sign.,-3.568242074
These Fashion Models Are Gorgeous. And You Know What Went Nowhere Near Them? Photoshop.,-4.104250592
It's A Love Story Within A Middle Eastern Conflict Wrapped Up In A Poem. And It's Breathtaking.,-4.473612812
"Oh Look, A Beautiful Woman In A Magazine — That Looks The Same Way She Does In Real Life",-3.906611565
"I’m Not Usually A Fan Of Teaching Women To Fake Things, But I’ll Make An Exception This Time",-4.078871133
Think You Know What 'Fat' Means? You Should Listen To This Dude's Definition.,-4.10944733
"I’m Not Usually A Fan Of Teaching Women To Fake Things, But I’ll Make An Exception This Time",-3.597727284
"You Know You Shouldn't Do It, But You Do Anyway. These People Will Convince You To Stop. Right Now.",-3.790802391
"Oh Look, A Beautiful Woman In A Magazine — That Looks The Same Way She Does In Real Life",-4.18696066
"I Get Hate Mail About My Stance On The Minimum Wage. Oh Well, Haters Gonna Hate, Right?",-5.381142064
There's A Way To Know If The Company You're Dealing With Treats Its Staff Fairly,-5.295917228
They Felt A Little Trapped Here. They're Solution Was Unimaginably Amazing.,-4.659633774
Fast Food Workers Are Walking Out All Across The Country. Here's Why.,-4.533072027
Fast Food Workers Are Walking Out All Across The Country. Here's Why.,-4.101071199
Fast Food Workers Are Walking Out All Across The Country. Here's Why.,-4.375719806
My 'English Only!' Father-In-Law Is Going To Hate Me For Finding This One,-4.400891199
One Amazing TEDx Talk + 8 Million Views = One Life Changing Moment,-4.337623022
"I Learned My 1,2,3 And My A+B=C. This, I Didn't Learn.",-4.387467607
A Boy Was Born Without A Hand. I Couldn't Have Guessed What His Dad Made For Him. Mind: Blown!,-3.517310012
Math Is Astoundingly Beautiful And We've Found The Video To Prove It,-4.14354339
"Parents Should Never Outlive Their Children, Can We All Agree On That, At Least?",-4.859812404
"I Bet These People Never Expected To Be Models, But The Results Are Pretty Beautiful",-3.45351987
"I Bet These People Never Expected To Be Models, But The Results Are Pretty Beautiful",-3.428767694
A Kid Came Up To Her In The Hall And Told Her She Saved His Life. He Wasn’t The Only One In Tears.,-4.0090101
"Did That Really Just Happen? Yep. This Guy Pulled Down His Pants, On Stage, During His TED Talk.",-4.670618726
"I Bet These People Never Expected To Be Models, But The Results Are Pretty Beautiful",-3.426097617
"There's A Reason This Guy Doesn't Drink Anymore. Apparently, He Doesn't Want To Die.",-3.939190539
Why Does Sarah Silverman Say Vaginas Really Really Scare People?,-4.505976801
"On May 10th, 1994, Nelson Mandela Silenced The World With An Inspiring Speech",-4.389399883
"Did That Really Just Happen? Yep. This Guy Pulled Down His Pants, On Stage, During His TED Talk.",-4.24032452
How Old Are You' Is The Simplest Question Ever. So Why'd It Ruin An 11-Year-Old's Life?,-3.265472662
What Is Depression? Let This Animation With A Dog Shed Light On It.,-3.702229254
Nelson Mandela's Beautiful Advice On How To Live Our Lives Makes Me Want To Make Some Changes,-4.214437912
Nelson Mandela's Beautiful Advice On How To Live Our Lives Makes Me Want To Make Some Changes,-4.103968881
I Was As Shocked As That Cute Little Boy At The Crazy Direction This Ad Took At the End,-4.242310744
He Saved 669 Kids Lives From Nazi Death Camps — And What The Audience Do At 0.50 Is Incredible,-3.80666249
"When I say It, It's OK, But When This Little Girl Says It, It Makes Me Really, Really Uncomfortable",-3.747182792
"After Hearing Someone Shame Women Who Have Abortions, She Bravely Spoke Out About Her Own",-4.308093472
He Saved 669 Kids Lives From Nazi Death Camps — And What The Audience Do At 0.50 Is Incredible,-3.896729346
He Saved 669 Kids Lives From Nazi Death Camps — And What The Audience Do At 0.50 Is Incredible,-3.693263768
Watch The Audience Give A Man — Who Saved 669 Children From Death Camps — A Tearful Surprise,-3.988914163
A 15 Year Old Ad About Racism Is A Great Reminder Of The Power We All Have To Promote Justice,-3.964778806
"I've Just Read Nelson Mandela's Beautiful Advice On How To Live, And Now I Want To Make Some Changes",-4.069118653
"I've Just Read Nelson Mandela's Beautiful Advice On How To Live, And Now I Want To Make Some Changes",-4.507893535
"Ever Fall In Love With Someone Who Wasn't 'Right' For You? He Did, Too, And Tells Us About It.",-3.751747243
"You Could Knit A Giant Sweater To Wrap Around Your Car, Or You Could Try These Tips",-5.251575104
How Some Of The Best Humans Aren't Even Qualified For The Nobel Prize,-4.710805
"A Male Feminist’s Take On Crying, Pornography, And Miley Cyrus",-4.239855023
So A Dirty Joke And A Muslim Feminist Walk Into A Bar ...,-4.286699331
How Some Of The Best Humans Aren't Even Qualified For The Nobel Prize,-4.98602517
"Fill In The Blank: 'Nice Guys Finish ___.' Nope, Not After What You're About To See.",-4.113594293
"That Burger Looks Innocent, But It’s Hiding More Secrets Than A Teenager’s Diary",-4.565342919
WATCH: 5 Sexist Double Standards In Less Than 60 Seconds,-3.465073352
"Only 15 Out Of The 566 Nobel Prize Recipients Have Been Women, And Other Terrible Facts",-4.934797218
WATCH: 5 Double Standards In Less Than 60 Seconds,-3.548105908
"Did That Really Just Happen? Yep. This Guy Pulled Down His Pants, On Stage, During His TED Talk.",-4.087543176
"These Humans Are Pretty Much The Best We've Got, But They Don't Qualify For These Friggin Awards?!",-4.71125218
This Ad Totally Nails 5 Double Standards Women Face In Less Than 60 Seconds,-3.399225383
"This Man Lost One Of The Most Important Parts of His Life. 25 Years Later, He Found It Online.",-4.060683559
This Ad Totally Nails 5 Double Standards Women Face In Less Than 60 Seconds,-3.53953066
Hilarious! 20 Things We Should Say More Often.,-4.164687285
"This Man Lost One Of The Most Important Parts of His Life. 25 Years Later, He Found It Online.",-4.090392744
"They Had Me At ""Flying Rhinos""",-5.199233408
So A Dirty Joke And A Muslim Feminist Walk Into A Bar ...,-4.320960339
So A Dick Joke And A Muslim Feminist Walk Into A Bar ...,-4.03849718
Are All The Double Standards For Women Making Your Head Spin? Here's A Comic For Ya.,-3.683342063
Are All The Double Standards For Women Making Your Head Spin? Here's A Comic For Ya.,-3.785341045
Proof That We Can Save The World. (By The Way: We're Also The Ones Destroying It.),-5.014753786
Say Hello To The Ingenious Invention That's Maybe Gonna Be Around Longer Than All Of Us,-3.950646311
Say Hello To The Ingenious Invention That's Maybe Gonna Be Around Longer Than All Of Us,-3.992680908
"An Ad For Alcohol Takes A Dark Twist. Well Played, Sweden.",-3.410594325
Watch A Congressman Freak Out When Told To Not Talk About The People Suffering In The Room,-3.763457241
5 Myths About Our Schools That Fall Apart When You Look Closer,-4.371825204
11 Rules For Dating A Black Woman. The Last One Is Definitely No Joke.,-3.368494512
Watch A Congressman Freak Out When Told To Not Talk About The People Suffering In The Room,-3.590771246
Here's A Test: What Sucks The Life Out Of School And Makes Kids Unhappy? Spoiler: It's A Test.,-4.675855318
Watch A Congressman Freak Out When Told To Not Talk About The People Suffering In The Room,-3.650621241
This Ad Totally Nails 5 Ridiculous Double Standards Women Face In Less Than 60 Seconds,-2.906108906
"A Gay Comedian Steps Into The Mind Of A Homophobic Dad And Finds A Sad, Sad Truth",-3.280838392
A Congressman Loses His Temper When Told To Not Talk About The People Suffering In The Room,-3.637913689
"Some Kids Really Do Love To Learn, So Why Do We Kill This Love With Standardized Tests?",-4.461345547
"A Gay Comedian Steps Into The Mind Of A Homophobic Dad And Finds A Sad, Sad Truth",-3.210105918
WATCH: This Ad Totally Nails 5 Ridiculous Double Standards Women Face In Less Than 60 Seconds,-3.127543152
"They Had Me At ""Flying Rhinos""",-4.804097647
"A Gigantic Corporation Tried To Mess With One Young Farmer, But She's Not Havin' It",-4.445841514
11 Rules For Dating A Black Woman. The Last One Is Definitely No Joke.,-3.659156353
These Hilariously Witty Comebacks To Sexist Comments Are Perfect,-3.599790043
A Clip That Begs The Question: Can These Kids Truly Be 'Happy' Working 12 and 16 Hour Days?,-4.314772565
194 Reasons Why Your Argument Against Gun Control Is Flawed,-5.21299947
194 Reasons Why Your Argument Against Gun Control Is Flawed,-5.253302853
"A Frightening Bully Tried To Mess With One Young Farmer, But She's Not Havin' It",-3.872681783
"Look At The Beautiful Girls, Then See How Much Photoshop This Fashion Magazine Chose To Use",-3.209310389
"In 76 Countries Across The World, He Could Be Arrested",-4.243889833
These Kids Are Working 12 And 16 Hour Days For Whom?,-4.290765509
Here’s How To Save On Gas Money. Whether You Spend It On Christmas Presents Or Beer Is Up To You.,-4.807036339
Welcome To That One Time When You’re Thrilled That Kids Look Up To A Gang,-4.789881624
What Taking A Job As A Seasonal Worker Can Do For You,-5.239232872
It’s Crazy How Normal People Look Underneath All That Makeup They Use To Look Normal,-3.504542215
"Wow, A Super Simple Set Of Steps To Stop Cyberbullying From Happening To Your Kid",-4.781895071
"Look At The Beautiful Girls, Then See How Much Photoshop This Fashion Magazine Chose To Use",-3.39597163
"In 100 Years You Will Probably Be Dead, But The Earth Won’t Be. Here’s What It’ll Look Like.",-3.981800845
"It's A Great Decision For Prejudice In India, And A Bad Day For Law And Love",-4.620807287
"A Dude Got Tired Of A Congressman Taking Legal Bribes, So He Had No Choice. Time For A Prank.",-4.096814627
The Only Video Of Flying Rhinos You'll Need To Watch Today,-4.687611516
11 Rules For Dating A Black Woman. The Last One Is Definitely No Joke.,-3.563872354
"Wow, A Wonderfully Simple Set Of Steps To Stop Cyberbullying From Happening To Your Kid",-4.631296491
"Oh Big Box Store, Oh Big Box Store, How Lovely Are Your Children?",-4.639405015
"I Loved The Pretty Dots On This Map ... But Upon Further Inspection, I Felt Sick To My Stomach",-3.57083482
A Kid Looked Death Right In The Eye And Sang This Song. 5000 People Picked Up Where He Left Off.,-3.698657365
An Author Has A Radical Idea About How We Should Spend Our Money And Our Time,-4.760348909
A Girl Is Hit By A Car And Is Dying. The Response She's Met With Is A Shrug And 'Not My Problem.',-3.409768287
Santa's Elves Aren't The Only Ones Who Work Hard During The Holidays,-6.384519635
"It's Dumbfounding That Drastic Action Hasn't Been Taken, Even When 194 Children Have Died",-5.461147472
You Think His Big Brother Will Fight The Attacker. Then There's A Shockingly Beautiful Twist.,-3.776342669
India Criminalizes Homosexuality. So What's It Like To Be Gay In India?,-4.918018003
Nice Shirt Ya Got There. Care To Find Out A Little About Who Made It?,-4.613118314
"Black Girls Code. Simple Name, Revolutionary Premise.",-4.828313737
"In A Country Where Same-Gender Sex Is Now A Crime, Hear What It's Like To Be Gay In India",-4.4285948
Human Beings Enjoy Sex! But Some Are Being Banned From Having It In India.,-4.535862979
"The Future Of The Earth’s Next 100 Years, Visualized",-4.030922227
"He Thought His Parents Were Breaking Up, But He Was Beautifully Wrong",-3.559970566
"When You Are Alone, Do You Feel Lonely?",-4.651053635
"Yeah So If You Could Not Ban People From Having Sex, That Would Be Great",-4.371241736
The Colorful Poster That Should Hang In The Mind Of Every Girl Who's Felt Insignificant,-4.317488114
"He Thought His Parents Were Breaking Up, But He Was Beautifully Wrong",-3.511591081
Why A Drug Arrest Is Not Like Other Arrests,-4.368998347
How Some Of The Best Humans Aren't Even Qualified For The Nobel Prize,-4.600502822
Do You Know Where The Internet Lives In Your City? ,-4.954797884
A Video On Why Condoms Aren't Perfect Will Make You Laugh More Than Worry You,-3.552919955
Here’s How To Save On Gas Money. Whether You Spend It On Christmas Presents Or Beer Is Up To You.,-4.758840346
The Startling Facts That Should Devastate America,-4.606963449
She Was Raised To Think Girls Are Worthless. You Should See What Changed Her Mind.,-3.683991366
"If You Use This Word, It's Time To Stop. As In, Full Stop.",-3.809978457
Watch This Department Store Erupt In Song For The Man The Entire World Loved,-4.161469975
The Way This Poet Talks About Manhood Has Me Questioning Exactly What It Is,-4.56751987
"A Few Weeks Before She Was Crowned 'Miss World,' She Was Raped. But This Isn't Just Her Story.",-3.567039286
Leave It To An Archbishop (Yup!) To Make A Totally Perfect Argument For LGBT Rights,-4.589405549
The Way This Poet Talks About Manhood Has Me Questioning Exactly What It Is,-4.194641518
The Way This Poet Talks About Manhood Has Me Questioning Exactly What It Is,-4.205026092
"In His Last Interview 17 Years Ago, A Science Icon Gave A Warning That Will Give You Goosebumps",-4.051331517
She Was Raised To Think Girls Are Worthless. You Should See What Changed Her Mind.,-3.799256324
"In His Last Interview 17 Years Ago, A Science Icon Gave A Warning That Will Give You Goosebumps",-3.927051214
A Video On Why Condoms Aren't Perfect Will Make You Laugh More Than Worry You,-3.779425451
"He Thought His Parents Were Breaking Up, But He Was Beautifully Wrong",-3.634753418
A Video On Why Condoms Aren't Perfect Will Make You Laugh More Than Worry You,-3.436691629
The Startling Facts That Should Devastate America,-3.893884815
I Dare You To Sit Through This Whole Video. It's Short. But I Bet You’ll Learn Something New.,-3.82801497
"You Will Never See A Shorter, So Straight-To-The-Point, No-BS Take On Vaccines. And It's Pretty.",-3.836910898
"Black Girls Code. Simple Name, Revolutionary Premise.",-4.76452356
Why You’ll Be Telling Your Kids About The Days When We Used To Have Electricity,-4.734749605
"Young Feminists Are Not Unicorns. They Exist. In Fact, Here’s One Now.",-4.731277298
One Woman's Journey Into Sex Slavery and Back In The Heart of Silicon Valley,-4.333530782
One Woman's Journey Into Sex Slavery and Back In The Heart of Silicon Valley,-4.133542862
How A Lot Of People Hate Something That's Basically Like Being Left-Handed,-4.606551346
The Worst Thing You Can Do To New Parents Is To Make Them Leave Their Kids To Earn A Paycheck,-5.04853238
Think She Should Have Known Better? I Think You Just Made An Argument For Sex Education.,-4.227838529
"These Women Describe Some Unspeakable Horrors, But It’s How They Made It Out That Gave Me Chills",-4.393767782
"Think Gen Y's Lazy? I'mma Print This Chart, Origami It Into A Mustache And Stick It On Your Face.",-4.797252214
Why Does Being Right-handed Totally Violate The Basic Laws Behind Physics?,-4.272208121
An Author Has A Radical Idea About How We Should Spend Our Money And Our Time,-4.527789222
First The Women In This Clothing Store Were Offended. Then They Realized Who Was Being Offensive.,-3.801870148
Something All Families Need Right Now. The Heck With Politics.,-4.734841044
First The Women In This Clothing Store Were Offended. Then They Realized Who Was Being Offensive.,-2.705973553
A Study Showing Racism Makes You Sick Makes Me Sick,-4.694371719
This Study Showing Discrimination Makes You Sick Makes Me Sick,-4.851354882
Psst...Wanna Buy Some Stuff Right From The People Who Make It?,-4.965714347
They Threw A Grenade At Her Brother Because She Helped Women,-4.22806947
I Can Think Of A Few World Leaders Who Would Benefit From Watching This Video,-4.469647394
A 16-Year-Old Girl With Nowhere Else To Turn Trusted Them. But They Had Their Own Agenda.,-3.621452967
"Stop Asking Where Young Feminists Are. They Aren't Unicorns. They Exist. In Fact, Here’s One Now.",-4.242086831
Leave It To An Archbishop (Yup!) To Make A Totally Perfect Argument For LGBT Rights,-4.315743673
"Finally, Someone Explains Why People Who're Trying To Help Are So Annoying",-4.320935402
You Take Zillions Of Photos With Your Cellphone ... Why Not Try Something New With Them?,-4.309919312
The Perfect Gift For All The People In Your Life Who Don’t Actually Need Anything,-4.757553655
My Wife Was Getting Jealous Of This Woman. Then She Watched Her Too. Now We're Both Obsessed.,-3.631668705
Perfect! A Gift For All The People In Your Life Who Don’t Actually Need More Stuff,-4.712220861
One Time A Guy Gave A Homeless Man A Computer And The Recipient Did Exactly What The Giver Expected,-3.573131462
6 Guys Contradict Decades Of Stereotypes Using Only A Whiteboard And A Marker,-3.896944864
"We All Know Smoking Is Bad For Your Health, But Be Careful: You Could Be Arrested and Lose Your Job",-4.976133862
We Know About Stop And Frisk. But What Should We Call This Practice In NYC That Is Ruining Lives?,-4.640261506
"A Kid Answers The Question ""What Do You Want To Be When You Grow Up?"" With SUCH A Clever Answer",-4.025629224
A Total Genius Just Explained What We Are Actually Wired For (Hint: It's Not Narcissism Or Violence),-4.348750052
A Teenager Is Going To Tell You Just Why He's So Happy. And You're Going To Want To Listen.,-3.628711632
Not An Exaggeration: This Video Can Actually Help You Save Someone Having A Stroke,-4.284743032
The Problem With Celebrity Gossip? They Don't Report Truly Astonishing Behavior Like His.,-3.632966526
The Snoop-Dog Spoof Of The President That's Too Good Not To See,-4.027600062
We Know About Stop And Frisk. But What Should We Call This Practice In NYC That Is Ruining Lives?,-4.666578814
The Snoop-Dog Spoof Of The President That's Too Good Not To See,-3.944424686
A Little Boy Is Going To Tell You Just Why He's So Happy ... You're Going To Want To Listen.,-3.466160021
One Insanely Simple Idea I Hope To See Soon At Every Starbucks,-3.837647439
A Little Boy Reveals Why He's So Happy. And You're Going To Want To Listen.,-3.96403505
Head Doctor Says A Rich Kid Isn't Guilty BECAUSE He's Rich. Reporter Says What We're All Thinking.,-3.612098725
Everyone At Starbucks Should Try One Insanely Simple Yet Incredible Idea,-3.936927685
"We Know Smoking Is Bad For Your Health, But Who Knew You Could Be Arrested And Lose Your Job For It?",-4.732203237
The Problem With Celebrity Coverage? They Never Show These Kind of Videos.,-3.551409856
Head Doctor Says A Rich Kid Isn't Guilty BECAUSE He's Rich. Reporter Says What We're All Thinking.,-3.497678008
He's Speaking To Your Children. Would You Freak Out If They Listened?,-4.151834216
6 Guys Challenge Decades Of Stereotypes Using Only A Whiteboard And A Marker,-3.77846955
"We Know About Stop And Frisk. But What Do We Call A Practice In NYC That Affects White People, Too?",-4.958267309
In A Decade Or Two I Bet Most People Will Feel The Same Way Josh Hutcherson Does,-3.578604924
The Experiment that Sheds Light On Why Telling Women What They Can And Can't Wear Is Bullshit,-3.869974769
Here's An Ad About Holiday Giving That Makes Me Wish I Could High-Five Ads,-4.144598855
How Are You Going To Stick To Your New Year's Resolution? Me? I'm Going To Use Science.,-5.024107355
In A Decade Or Two I Bet Most People Will Feel The Same Way Josh Hutcherson Does,-3.375991537
Here's The Science You Can't Not Know Before Making That Ambitious New Year's Resolution,-4.459689677
A Little Boy Reveals Why He's So Happy. And You're Going To Want To Listen.,-3.66335893
In A Decade Or Two I Bet Most People Will Feel The Same Way That Guy From 'The Hunger Games' Does,-3.171419783
What One Guy Has To Say About Our Country's Obsession With Buying Stuff Should Terrify Us All,-4.137238483
"1 Minute You're Walking Down The Street In NYC. The Next, You're Arrested, Jobless. What Did You Do?",-4.346022964
What One Guy Has To Say About Our Country's Obsession With Buying Stuff Should Terrify Us All,-4.236283495
"If More People Knew The Secrets Those In Power Keep From Us All, It Might Just Cause A Revolution",-4.500075451
"The Science Of Being Nice, Mapped Out All Nice",-4.354698776
Your Fat Girlfriend Says She’s Fat. Here’s How To Respond.,-3.459570816
"Whoever Said ""Nice Guys Finish Last"" Was Wrong, According To This Total Genius",-4.406968096
Here's A Different Kind Of Lesson On Evolution That I'd Like To See In Our Schools,-4.691347882
He Took How His Bullies Hurt Him And Turned It Into These Beautiful 3 Minutes,-4.549105803
"This Really Happy 13 Year Old Hacks His Education, And Now I Regret I Didn't Do The Same With Mine",-3.661462409
The Movie About Syria These Politicians Wish They Didn't Star In,-4.999990605
Why It's Better To Keep Some Selfies To Your Selfie,-3.756018757
Why It's Better To Keep Some Selfies To Your Selfie,-3.787294856
A Scary Ad Shows Two Perspectives On Living Your Last 10 Years. Which Describes Where You're Headed?,-4.018655439
"Stop Asking Where Young Feminists Are. They Aren't Unicorns. They Exist. In Fact, Here’s One Now.",-4.445799721
"This Really Happy 13 Year Old Hacks His Education, And Now I Regret I Didn't Do The Same With Mine",-3.531364705
A(nother) Legitimate Reason To Detest Modern Pop Songs,-3.143332782
"If They Taught CPR Like This, A Lot More People Would Know How To Do It",-3.760078725
"If You Thought Someone Couldn't Explain The Science Of Empathy With A Dry Erase Marker, You're Wrong",-4.059150476
A Scary Ad Shows Two Perspectives On Living Your Last 10 Years. Which Describes Where You're Headed?,-3.782265577
"If More People Knew The Secrets Those In Power Keep From Us All, We Would Toss Them Out On Their Ear",-4.073060218
If 'Baby It's Cold Outside' Were A Little More Truthful It Would Sound Like This,-3.74977021
What One Guy Has To Say About Our Country's Obsession With Buying Stuff Is Terrifying,-4.270130551
"If You Thought Someone Couldn't Explain The Science Of Empathy With A Dry Erase Marker, You're Wrong",-4.195910007
Here’s A Pizza. A Really Disturbing Pizza. A Pizza That Is Ruining Democracy. BAD PIZZA.,-4.74947031
"Roses Are Red, Violets Are Blue, I'm Not Pregnant, All Thanks To You",-4.043051268
A Gut-Punching Ad Shows Two Perspectives On Your Last 10 Years. Which Describes Where You're Headed?,-3.779982766
Imagine If You Had To Do This For A Day. You’d Treasure Your Orange Juice More Than Your iPhone.,-5.032337483
"How One Study Can Be Taken Way Too Far: The Story Of ""Crack Babies""",-4.321387084
See Why We Have An Absolutely Ridiculous Standard Of Beauty In Just 37 Seconds,-3.635018764
See Why We Have An Absolutely Ridiculous Standard Of Beauty In Just 37 Seconds,-3.818026248
See Why We Have An Absolutely Ridiculous Standard Of Beauty In Just 37 Seconds,-3.833530156
"Remember The ""Crack Babies"" Scare? It Turns Out They Forgot To Use The Scientific Method",-4.474193351
So Your Girlfriend Says She’s Fat. Here’s Why 'You're Beautiful' Isn't The Best Response.,-3.532650859
"20th Century Fox Gave Him $25,000 To Make A Movie Trailer. Here's What He Did Instead.",-3.635647622
Watch What Matthew Perry Says When A Dude Says His Drug Addiction Is His Choice,-3.036822688
Sex Workers Want To Be Part Of The Solution. But They're Often Forced To Be Part Of The Problem.,-4.114289265
His Bullies Used Sticks And Stones So He Turned The Experience Into Beautiful Words To Hurt Them,-4.030551105
"20th Century Fox Gave Him $25,000 To Make A Movie Trailer. Here's What He Did Instead.",-3.626899748
If The Christmas Song 'Baby It's Cold Outside' Were A Little More Truthful It Would Sound Like This,-3.42948696
Watch What Matthew Perry Says When A Dude Says His Drug Addiction Is His Choice,-2.831792048
"20th Century Fox Gave Him $25,000 To Make A Movie Trailer. Here's What He Did Instead.",-3.39965408
Watch What Chandler From Friends Says When A Dude Says His Drug Addiction Is His Choice,-2.69475115
"Hey Men, Here Are Some Naked People To Tell You Your Bodies Are Great",-3.048858488
Here Is How One Artist Captured The Fragility Of An Abusive Relationship,-4.331450786
I've Never Seen Such A Clever Take On Social Smoking,-3.363433164
The Most Simple Explanation Of How To Get Out Of This Recession I've Seen Yet,-4.271053382
An NBA Star Came Out As Gay And President Obama Called Him. Others Experience Kind Of The Opposite.,-4.42128809
I Can See Why This Has Been Called 'The Best Anti-Smoking Ad Ever',-3.035771628
"Most Of These People Do The Right Thing, But The Guys At The End? I Want To Yell At Them.",-2.978345529
"Most Of These People Do The Right Thing, But The Guys At The End? I Want To Yell At Them.",-2.953006788
"Most Of These People Do The Right Thing, But The Guys At The End? I Wish I Could Yell At Them.",-2.732974297
What They're Doing To Kids In Pennsylvania Is Dooming Our Kids To Fail,-3.953760443
What They're Doing To Kids In Pennsylvania Is Dooming Our Kids To Fail,-4.00863881
"SCIENCE FACT: Gay Science, Like Straight Science, Is Really Just Plain Old Fact Science",-4.837624107
New York's Last Chance To Preserve Its Water Supply,-5.14542933
"If You're Homeless For A Month, There's A Good Chance You'll Be Homeless For Life",-4.6452976
Could This Be The Most Important Protest Of 2013?,-4.100014731
How Much Does It Cost To Buy Off A Politician? About The Price Of A Used Car.,-5.229262917
Hypnotic: 82 Seconds That Prove The Media Is Just A Gigantic 10-Year-Old,-4.399961848
A Dispatch From The Front Lines In The Fight Against Bullying,-4.822250951
What Happens When You Combine Financial Desperation With Your Steak?,-5.399806763
So Congress Just Punked Itself. Again.,-4.225544808
A Comedian Goes 9 Minutes Without A Laugh — On Purpose,-3.88966976
I'll Bet This Isn't What You Picture When You Hear The Phrase 'Illegal Immigrant',-4.296190663
The Real Reason They Still Play 'Mrs. Robinson' On The Radio,-3.552024572
Dude Passive-Agressively Makes Fun Of Sikh Woman On The Internet And Ends Up Eating Humble Pie,-4.540116913
Candy Has Less Sugar Than A Sandwich?,-4.943930907
" If Your Response To This Poster Is 'Yeah, But …' You're That Guy",-3.829154787
10 Tips GUARANTEED To Prevent Rape,-4.173645568
A Stand-Up Comedian Gives A Hilarious Crash Course On The Gay Rights Debate,-3.45211158
Things America Is Less Gooder At: Basic Scientific Comprehension,-4.243145329
If I Had To Deal With What These Women Deal With I Would Be Mad Too,-4.77987018
"It Doesn't Matter If You Are For Or Against Marriage Equality, You Will Love Some Part Of This Video",-4.057658269
The Perfect Thing To Do When Your Spouse Cheats On You Or Your Cat Explodes,-4.194810767
The Top 8 Ways To Be 'Traditionally Married' According To The Bible,-3.811357334
Why You Should Say NO To 'No Homo' And 6 Other Phrases Like It,-4.79292142
Optimism About Gun Violence From The Woman Who Knows Far Too Much About Gun Violence,-4.752587283
Why It's Great To Grow Up In Countries With Really Cool Accents,-4.711386006
Daily Show Contributor’s Epic Takedown Of The Blank White Page,-4.401479061
This Is The Most X-Treme Way Of Fighting Pollution I’ve Ever Seen,-4.813695786
Would You Let Someone Steal Your Stuff And Sell It Overseas? Because That's What's Been Happening.,-5.30051495
"If Obama Was Inspired From Dreams From His Father, He Should Be Extra Motivated By This",-4.926324231
"CNN's Best Journalist In Action. By The Way, They're Getting Rid Of Her.",-4.104090728
This Bullied Kid Went Through Hell So Your Kids Won't Have To,-3.512735098
Popular Business Magazine Warns That The Minorities Care About Fancy Houses Now,-5.302497806
Meet The Man Who’ll Save At Least A Few Of Your Lives One Day,-5.932245187
"If You Enjoy The Ol' Night Sky, You Should Get Your Fill ASAP. It Genuinely Won't Be There For Long.",-5.013855909
The Most Beautiful Way To Stop A Bully I've Ever Seen,-3.3666388
It's Amazing How One Simple Video Game Hack Can Make Such A Powerful Statement,-4.26125258
"Genius Inventor Cracks Secret Of Trees To Harness Solar Power. Oh, And He’s 13.",-3.778251488
"If Sex Is Sacred, Why Are We So Scared To Talk About It?",-3.991364782
"Finally, An Answer To The Question: Do Feminist D**k Jokes Exist?",-4.44698574
"An 'Arab' Filmmaker Drives His Car Into Cardboard Twin Towers. Trust Me, You'll Be On His Side.",-3.935049956
"11,000 People You Should Really Be Thankful For On Thanksgiving",-6.302759851
The. Most Astounding Fact. EVER.,-3.093526927
Which Cities Will Be Completely Underwater In Less Than 100 Years?,-4.24059898
This 2-Time Super Bowl Champ Is Dancing For Women's Rights. Will You Join Him?,-4.96124495
The NRA's CEO Attacks The NRA's Biggest Fan For Being Unreasonable,-4.292386967
"If This Video Makes You Uncomfortable, Then You Make Me Uncomfortable",-4.988782081
Can We Please Have An Adult Conversation About This?,-4.729352456
What A Soap Opera Is Like In A Developing Country,-4.78730654
Here's 2012's Most Trusted Media Outlet. And Least Trusted Media Outlet. (They're The Same.),-4.814603154
Are You Genetically Predisposed To Going To Prison?,-5.854734768
How Would A Lobbyist Describe His Job To A Child?,-5.132048098
The Man Who Saved Children Destined For Concentration Camps Just Got Properly Thanked,-3.838072812
This Life-Changing Event Happens To 34 Americans Every Day. Can You Guess What It Is?,-4.395554127
Here Is Some Art That You Won't Want Life To Imitate,-4.668742331
These Cool-Looking Things DEFINITELY Don't Call To Mind A Hellish War The U.S. Wages With Robots,-4.065168471
How Kids Can Convince Their Parents That They Should Spend More Time In Front Of The Computer,-4.1997639
"With A Videotaped Resignation, This Teacher Angrily Busts An Already Busted Educational System",-3.570812287
Would You Let These Guys Design A School?,-4.637030107
"In A Fight Between Minimum Wage And The Glass Ceiling, Everyone Loses",-5.030811334
A Determined Teen Walks 10 Miles In The Snow To A job Interview. The Result Is Incredible.,-4.216630005
"First He Was Harry Potter, Now He's Helping To End Teen Suicide",-5.145998342
"Acceptance And Tolerance Are 2 Different Things. One Changes The World, The Other Just Rots There.",-4.536501937
Why You Should Treat Everyone Like Your Mother,-4.929295449
Just…Wow…Wow…Wow! Did I Say Wow Already?,-3.742041002
"En Vez De ‘Sí Se Puede,’ Ya Es ‘Sí Se Shhhhhhhhh’?",-7.061848814
Believe Homosexuality's An Abomination? Do I Ever Have A Daughter To Sell Into Slavery For You!,-3.897421508
I Had More Inclusive Tea Parties Than This When I Was In My Terrible 2’s,-4.385673822
The Best ‘First Time’ Story You’ll Ever Hear.,-4.337208004
"By The Time You’re 18 In America You Would Have Seen 200,000 Murders",-4.929405696
"Say What You Will About The New Pope, He Sure Doesn't Seem To Be A Fan Of Equality",-3.534909917
This Brave Woman Has More Than Two Things To Get Off Her Chest,-5.200389478
Why Is This A Political Story? I Just See Beautiful Kids.,-5.236956587
"BOOM, ROASTED: Here's Why You Don't Ask A Feminist To Hawk Your Sexist Product",-4.660593494
Do You Think The Boy Scouts Will Listen To 1.4 Million People?,-4.338899752
You Can Blame Teachers. You Can Blame Parents. You Can Blame Students. OR You Could Fix Things.,-4.765185985
Senator Uses 2nd Grade Logic To Defend Not Doing Anything About Climate Change And Gets A Time Out,-3.563266935
You Will Not Believe What This NBA Star Had To Say About Lesbians,-3.439315086
"WANTED: Angsty, Mentally Abusive, Controlling, Sexist Teen Vampire For Long Stakes On The Beach ",-4.091759063
The Most Powerful Memories Of Martin Luther King Jr.,-4.662192322
Gabby Giffords Returns To Congress To Say 72 Incredibly Moving And Powerful Words,-3.711150269
Meet One Of The Most Incredible 90-Year Olds Living Today,-4.804739797
The Most Inventive Way To Come Out To Your Parents In The History Of The Universe,-4.033365024
Why Do Our Children Have To Fight Our Battles? Because We're Not Doing It.,-5.104475156
"That Guy Who Just Intercepted That Pass? Yeah, He's Gay.",-4.212621303
What Kind Of Animal Is 10% Tuna?,-4.101825666
"So Ronald Reagan, Gerald Ford And Jimmy Carter Walk Into An NRA Bar...",-3.881244903
I Don't Think Toy Soldiers Are Going To Cut It,-5.097831839
CHART: What Conservatives Wish Liberals Understood About The American Family,-4.216413452
Animal Sacrifice? Hitting Women With Pieces Of The Dead Animal? The OLD Valentine's Day Sucks!,-4.583296324
"Would You Let Your Kids Drink This? Apparently, A Governor Is Game To Consider It.",-3.870692752
"Videos Are Hard To Make. Unless 10,000 People Help You Out.",-4.493196514
How Drone Strikes Create More Terrorists Than They Kill,-5.102557076
I Wish The Government At Least PRETENDED To Care About Something Other Than Military Spending,-5.130615689
"If You're Reading This Sentence Right Now, You Probably Won The Lottery Of Life",-4.404715056
"Hey There, GOP - You Look Mighty Uncomfortable On That Fence",-4.629586644
"This Guy Had 99 Problems, But Then A Cop Gave Him A 100",-4.031286426
This Is One Of The Most Patriotic Videos About Being An American I've Ever Seen. Even If He's Not American.,-3.927860235
Former Member Of The Bush Administration Comes Down On The Right Side Of History,-4.623010104
What Made This Glacier Retreat More In 10 Years Than It Did In A Century?,-4.806496058
The Lifeless Body Is A Metaphor,-4.44419298
WTF: Women Are 50% Of The Population But They're Only 20% In The Computer Lab?,-4.998035929
The Afghanistan That We Know Today Looks NOTHING Like The Afghanistan From The 1960s,-4.409092103
This Is Why Women Have The Right To Complain About Their Paycheck,-4.669337876
LIST: 9.999... Reasons Why AAAAA MATH IS CRAZY,-4.410886962
Exactly How Gay Is Your State?,-4.362519418
Marriage Is Where A Man And A Woman Fight All The Time,-4.556170909
Return Of The L Word,-4.95562583
How Many Governors Have Killed An Innocent Man? The Answer May Surprise You.,-4.267550625
10 Amazing Honeymoon Spots That May Not Last As Long As The Average Marriage,-5.577571164
The Map That Shows Where It's Cool To Be Who You Are,-4.727044088
Think Needles Are Scary?  I Can Think Of A Few Things That Are Scarier.,-4.512498314
God Is On The Phone. She Doesn't Sound Happy.,-4.523746744
Remember That One Time The U.S. Military Put George Takei In A Prison Camp Because Of His Race?,-4.891815135
You Know That One Actual Journalist CNN Has? They're Letting Her Go.,-4.341241318
Why Everybody Should Have A Personal Jihad,-4.742709494
"It Doesn't Really Feel Like A Year, Does It?",-5.345165611
"If Big Banks Are So Indispensable, Why Can't They Make Money On Their Own? ",-5.028455367
"Introducing ‘50 Shades Of Green’, In Which Powerful Corporations Have Their Way With The Environment",-5.367656845
"When People Are Hungry, They Die. Can We Get 50 Million Americans Off Death Row, Please?",-4.806012857
Hopefully This Video Won't Make Any Sense In The Future — Not That It Makes Much Sense Now,-4.922825372
The Internet Hereby Welcomes The Latest Politician To Attack Gay People To Factcheckistan,-3.883548019
The One Time I'm OK With A Heckler Ruining A Speech Advocating Marriage Equality,-3.526595791
This Guy Is Mormon. He's Also Gay. How Will His Friends And Family React When He Tells Them?,-3.374049928
"Don't Worry, The Good Guys Get Super PACs Too",-6.095304677
Bill Nye Isn't Worried About People Who Don't Believe In Evolution. He's Worried About Their Kids.,-4.146964815
The One Where A Supreme Court Justice Acts Like An Internet Troll,-4.069105164
These Wolves Are About To Find Out What Happened To The Dodo Bird,-4.286433081
You Will Not Believe What I Heard Gay Marriage Is Going To Do To Straight People,-4.245336269
Emotional Husband’s Powerful Confrontation With Abortion Protestors,-4.289418497
Why Does It Take A Scandal To Get People To Be Who They Are?,-4.852441364
Join The Movement That Thinks You’re Beautiful,-5.648418116
Ever Wonder How Those Exorbitantly High Healthcare Costs Get So Exorbitant To Begin With?,-4.775687654
"Remember The Military Industrial Complex? It Grew A Newer, Creepier Head, And It's Coming For You.",-4.80752777
Remember That Time We Got Shot With Tear Gas? I Painted It.,-5.918714627
Find Out Why You're Worth At Least $100 An Hour,-4.41433794
Irish Journalist Goes Old School On An Evasive Banker,-4.375099714
A Bunch Of People Decided To Fight Hate With Beautiful Art,-5.466726808
Meet The Kids Whom U.S. Child Labor Laws Failed To Protect,-5.277586723
Drug War Update: The Drugs Won,-4.524960798
"Where Will These 2,570 Kids All Spend Their 50th Birthday?",-5.075868019
Watch The Unpopular Kid At The Back Of The Class Become Poetry,-4.699588703
Why Powdered Doughnuts Are The New Crack Cocaine,-4.70695288
A Politician Asks For Forgiveness And Genuinely Means It,-3.865000509
What If Our Food Labels Didn’t Confuse The Heck Out Of Us?,-4.858298686
Would You Work This Hard For $5 An Hour? Plus Tips?,-4.820109965
The Time Talk Radio Turned On It’s Racist Listeners. And It Was Amazing.,-4.015527786
20 States Where A Year Of Child Care Costs More Than A Year Of College,-5.149929619
The Guy Behind The Segway Has Invented Something New. And It’s Way Cooler Than A Scooter.,-3.83205367
Meet The Woman Who Gave Mitt Romney His Stance On Immigration,-4.459480875
Why Martin Luther King Jr. Would Still Be Fighting For Voting Rights If He Were Alive Today,-5.017707005
"Learning About The Government Is Too Depressing For Kids, Even When It Looks Like This",-4.652100317
"11 Kids, 11 Seconds, And 1 Mind Blowing Hopeful Fact About The Sandy Hook Tragedy",-4.862466686
I Wish More Celebrities Were This Open And Honest About Feminism,-4.30589858
It's Not Easy To Live Sustainably. It IS Easy To Just Do This ONE Thing.,-4.448824116
OF COURSE The Media Stopped Covering The Sequester As Soon As It Started To Really Matter,-5.393795882
The Professor Of Dirt Is About To Prove Just How Dirty Your City Is,-5.558189841
Teamwork And Leadership Are Overrated — There Is Definitely An 'I' In 'Team',-5.40052073
Is It Possible To Teach Morality Without Talking Religion? Everyone's Favorite Minister Thought So.,-4.562351519
Meet The Nobel Peace Prize Nominee Who Has Been Jailed Without A Trial For Years — In The U.S.?!,-4.169882758
Watch A US Senator Slap Some Sense Into The US Military,-4.356078111
Grandstanding Senator's NRA Talking Points No Match For Actual Law Enforcement Experience,-3.590397583
"Bully Calls News Anchor Fat, News Anchor Destroys Him On Live TV",-3.974509422
"When Fox News Says This 3-Word Phrase, Kindly Turn Off The Television (It's Not ""Fair And Balanced"")",-3.707861572
The Taliban Tried To Silence This 15-Year-Old Girl By Shooting Her In The Head. It Didn't Work.,-4.183430505
The Scary Thing About Lesbians,-3.326142215
Killing An Elephant To Make A Trinket Is Beyond Stupid,-4.963222559
MAP: This Is What Americans Look Like On Speed,-4.783223387
Why Is Canada Deliberately Getting Rid Of Good Luck?,-5.189694831
That Awkward Moment When Anti-Immigrant Protesters Realize They're Illegal Too,-3.309074357
MAP: What Does Income Inequality Look Like In Your City?,-3.194036535
Is This Alt Energy Generator Too Close To A Human Hamster Wheel?,-4.498733823
A World Leader Would Like You To Do Something Other Than Celebrate Valentine's Day This Year,-4.024430796
"Like The President Said, They Deserve A Vote",-4.470495283
Are You Curious Enough To Eat A Worm?,-4.922224337
"Playtex Runs Ads Targeting Middle School Boys, Because, Ya Know, Dudes Need Tampons?",-3.425652244
Do We Need Laws To Protect Women From Violence? Ask This Chart.,-4.6479667
"What Do Robert Frost, Space Jam, And Journey Have In Common? Just Ask The President.",-5.486747678
Attention 'Nice Guys' Of The Internet: No One Owes You Sex,-3.869479346
2 Members Of Congress Debate Whether Accepting Legalized Bribes Is Cool. Righteous Honesty Prevails.,-4.658263746
Having An Abortion? Better Move To Oregon.,-4.729268933
"Adele Just Won A Grammy, So Of Course Fox News Is Talking About How Fat She Is",-3.573835012
I'm Not Angry Because I'm A Feminist. I'm A Feminist Because I'm Angry.,-4.148094676
"Your Life Expectancy Is Lower Than Someone In Puerto Rico, South Korea, And Jordan.",-5.365523697
"If I Didn't Know Any Better, I'd Say Obama Is Tired Of The Boy Scouts Banning Gays",-4.359663039
Bring Your Daughter To Work Day Just Got A 21st Century Upgrade,-5.525452939
This Art Project Will Make You Turn Your Head,-3.846691377
This Psychic's 'Gift' Is About To Blow Your Mind,-4.068354292
Talented Documentarian Makes Mushrooms Seem Like The Most Fascinating Thing On The Planet,-5.192569179
Just A Reminder To Stop Every Once In Awhile And Zoom In On The Flowers,-5.01803641
Advice For Saving The Earth From Some Of The Only People Who Have Left It,-5.559765461
Cosmetics Salesmen Will Find This Map Very Helpful. Neo-Nazis Won't.,-4.993276191
"If You Were Ever Bullied, I've Got Something Beautiful To Show You",-4.198778723
Meet Harry Potter’s Scary New Foe: The-Document-Which-Must-Not-Be-Read,-4.242572978
WATCH: A Group Of Beachgoers Restore Your Faith In Humanity,-4.186469728
Nickola Tesla Exactly Predicted Our Energy Crisis 100 YEARS AGO,-4.013435142
FINALLY! A Battery I Can Throw In The Trash,-4.547792406
INSPIRING! Two Strangers Take Out Their False Teeth In A Ball Pit,-4.359574979
WATCH: Princeton Professor Profoundly Offended By Intellectuals,-4.311118665
A Detailed Map Proving That Florida Needs To Get Its Act Together,-4.048102695
"When You Ask Tom Felton To Do This, His Face Does That",-3.812991625
How Exactly Does Punishing Fat People Go With Your Pledge To Love Your Body?,-3.83064888
Meet The Tackiest Creature In The Animal Kingdom,-4.582552692
Why 'Jeopardy' Champions May Be The Dumbest People Alive,-4.216168804
A Journalist Goes Undercover As A Waitress. Guess Which Job Was Harder?,-4.148216833
"These Republicans Have Officially Endorsed Gay Marriage. Sadly, They're Not The Ones In Power.",-5.061328408
What Your Reaction To Celebrity Gossip Says About You,-5.128463222
A Hidden Camera Show Is Baffled When They Can't Find Any Bigots In Texas,-3.737148106
"In Some Countries, The Odds Are 50/50 Someone Wants To Kill You",-4.098814842
"Meet The Person Who Has No Clue How Money Really Works. Ok, Stop Looking In The Mirror Now.",-4.617050554
"Ladies Need To Learn More About Women's History Month, So They Can Appreciate The Month We Gave Them",-5.9476868
A Short Video About Birds That's Guaranteed To Break Your Heart,-4.625165029
What Would Someone From 200 Years Ago Think Of This Thing We Now Do To Get Oil Out Of The Ground?,-5.51535536
This Is Why It's The Worst Time In History To Be A Racist,-4.633262444
Watch This Mom Check “Gun Control Advocacy” Off Of Her To-Do List,-5.107780337
Why Would A Librarian Need To Know How To Sail?,-5.210895348
Where The Hell Is All The Money America Made In The Past 20 Years?,-4.121857328
MAP: Why You Should Move To Canada To Have Your Baby,-5.026898721
"Yoko Ono, Sean Lennon, Joseph Gordon Levitt, Liv Tyler, Susan Sarandon, Fred Armisen...",-4.741742724
"If You Start Coughing, BE CAREFUL! It Might Literally Be The End Of The World.",-4.067135628
A Brilliant Speech From 1940 That's Somehow Even More Relevant Today,-3.550406617
How 1 Conversation Can Make You Smarter,-4.34734954
"Elizabeth Warren Nails Bank Regulators To The Wall, Asks Them When Was Last Time They Did Their Job",-3.568233281
"A Teen Girl Who Loves Fashion? And She's A Feminist?! Stop, My Head Is Exploding!",-4.474232829
How The NRA Is Making It Easier For African Warlords To Get AK-47s,-4.904134527
An Open Letter From Jesus To Everyone Who Is Scared Of Gay People,-3.505401851
The Chart That Might Just Bring Forth The Apocalypse,-4.529380872
Mansplain-y New Senator Gets Nailed By Lady Senator Who Was Elected While He Was In Diapers,-4.29339711
Want To Prevent Tragedies Like Steubenville? Stop Letting Them Happen.,-5.201439292
There Could Be Something In Your Home Trying To Kill You Right Now,-5.289826879
I Guess We Shouldn't Be Surprised That An Evil Oil Company Acted Evilly,-5.292768668
This Beautiful Video Wants To End Something Horrible,-4.740066925
A Group Of Gamers May Have Unlocked The Cure To AIDS,-4.952907216
"Once Upon A Time, There Wasn’t 'Liberal' Beer Or 'Conservative' Beer, There Was Just … BEER",-5.101944611
Stephen Colbert Celebrates The End Of Racism — And The Continuation Of Ignorance,-4.128531879
"Bless Australia For Giving Us Kangaroos, Crocodile Dundee ... And THE BIONIC EYE?",-5.772165341
Ryan Gosling And I Would Like To Know Why THIS Gets A Lower MPAA Rating Than THAT,-3.599173541
"No, I Don’t Fake Tan. Yes, My Dad Is White. And Yes, Questions Like This Can Be Annoying.",-4.040392449
"This Evidence Would Never Ever Hold Up In Court (Oh Wait, It Has)",-3.86532742
The US Doesn't Want You To Know What It's Doing To Our Vets. It's Pretty Bad.,-4.720321326
What Do 2 Gay Guys And A Conservative Supreme Court Justice Have In Common?,-4.359500377
"If You Call It ""Flip-Flopping"" One More Time, Carl Sagan Is Gonna Be Pissed",-4.396843505
Can We Hurry Up And Just Elect Hillary As President Yet?,-4.972450664
Meet The Cutest People Ever To Spit In The Face Of Fate,-5.254059598
What Kind Of Environment Could Have Caused Lonesome George’s Sexless Existence?,-4.81511863
An Amazingly Ordinary Love Story,-4.525344542
"These People Aren't Vampires, So Why Are They Living In Coffins?",-4.83567122
"The Argument To Overturn The CA Gay Marriage Ban Is So Easy A Kid Could Make It. Oh Wait, He Did.",-3.817648804
Things I've Overheard In The Melting Pot,-5.22255222
MAP: How Much NRA Money Is In Your State?,-5.096493436
"With This Ring, McDonald's, I Thee Wed",-4.70167341
Happy Spring! Here’s An Insanely Inspiring Video About Things That Grow.,-5.020990847
How To Be The Happiest Person On Earth,-4.574332585
The Simplest Way To Think Your Way Out Of Wall Street's Awful Economic Dogma,-5.836832982
Why The Jobs Crisis Isn't Just Some God Of Economics Testing Our Faith In Fiscal Austerity,-5.68411668
Fate Says These Kids They Won't Amount To Anything. Good Thing They Aren't Listening.,-5.267161343
How Did 3 Geniuses Combine Purses With Saving The Planet?,-5.356774936
Thank Goodness B.P. Cleaned Up Their Oil Spill. Now These Lovely Birds Can … Keep Dying?,-4.442277704
The Mysterious Early Death Of A Sexless One-Of-A-Kind 100-Year-Old,-4.425491288
"I Really, Really, Really, Really, Really, Really Wish This Was What The World Was Like",-4.388905903
The “ism” that desperately needs some love,-4.68085954
"Is That A Soda In Your Pocket, Or Are You Just Happy To See An Early Grave?",-4.905274778
Live Immigration Debate Goes Viral When Back-To-Back Questions Get Spectacularly Demolished,-3.903266833
Why Is This Rockstar Calling Himself An 'Insufferable Little Jumped-Up Jesus'?,-4.83128606
You're Telling Me They Couldn't Find An Actual Native American To Put On This Cover?,-3.662729699
Something REALLY Sexy Is Happening At This Store,-4.25020806
The NRA Claims It's Latest Victim. Say Goodbye To Background Check Reform.,-5.392354008
So Messed Up: Why You're Way More Likely To Get Arrested At The End Of An Officer's Shift,-5.317612766
"Say What You Will About The NRA, But They Sure Do Scare The Hell Out Of Senators",-5.573963005
And You Thought The 'I Know What You Did Last Summer' Franchise Couldn't Get Any Sexier,-5.236992068
Remember Sandy Hook? Apparently The Senate Doesn't.,-5.236258527
Remember Sandy Hook? Apparently The Senate Doesn't.,-5.643585393
Remember Sandy Hook? Apparently The Senate Doesn't.,-5.120386158
"The Shortest PSA On How To Handle Drunk Girls Passed Out On Your Couch, EVER",-2.794209136
This Guy Lives In A War Zone. So What's He Smiling About?,-4.924244567
Why Can't The United States Supreme Court Be As Cool As The Supreme Court Of Mexico?,-4.145542915
Human Waste + Science = Art?,-5.179788085
SHOCKER: Actual Humans Living Under Corrupt Leaders Want More Than Just Being Not-Starving,-4.96095284
Would You Sacrifice This Much For Your Kid's Education?,-4.563068133
A Strategy To Combat Crime That McGruff Wished He Thought Of,-5.660948223
A Pair Of Brothers Make Their Parents Cry. And It’s Beautiful.,-3.899653236
I Can't Take My Eyes Off Of This Beautiful... Sewage Treatment Plant?,-4.897265582
"Does Your Life Need More Meaning? Here, This 9-Year-Old Can Help.",-4.820084851
Meet The Man Who Outran Death To Make The Olympics,-4.868428505
Obamacare Has 48 Million Fans Who Just Don’t Know It Yet,-4.855091239
Obamacare Has 48 Million Fans Who Just Don’t Know It Yet,-4.550993747
This Supreme Court Justice Might Be The Deciding Vote On Prop 8. His Quote Makes Me Very Hopeful.,-3.930696487
This Girl Makes Me Want To Dump My Thanksgiving Dinner On Columbus' Head ,-4.213720328
What's The Point Of Getting Married If We Aren't Going To Have A Ton Of Kids?' Asked NOBODY,-4.241417815
How Do You Go From An Amoeba To A Global Superpower? Like This.,-4.661402245
Doctors Could Have Prolonged Her Life. She Chose To Live It Instead.,-4.201943949
"This Isn't A Pie Chart, It’s A Big Fat Raspberry",-5.592939586
The Supreme Court Did What They're Paid To Do. Talk About Stuff. Here's The Abbreviated Version.,-3.921880799
"MUST WATCH: The 0-Emission, Air-Powered Car Big Oil Doesn’t Want You To Know About",-4.979756922
"This Amazing Storyteller Can Change The Way You Live, Love, Work, And Parent",-5.466032771
The Future Of The Auto Industry Is Right Between Your Nostrils,-5.768112641
NERD ALERT: The Climate Action Superhero You Didn’t Know You Were Waiting For,-6.683360946
"This Doctor Had A Breakdown, Saw A Therapist, And Ended Up Changing My Life",-4.614104515
See What Can Happen When A Safe Place To Give Birth Isn’t A Guarantee,-5.415744783
A Very Playful Clean Energy Idea,-5.134549886
A Few Bold Ideas That Might Just Solve Climate Change And Unemployment At The Same Time,-4.35145852
10 Democratic Senators To The Right Of Tucker Carlson,-4.668059621
The Gross Stuff Men Say To Women,-4.053933176
Psst! I Just Solved All Wars.,-4.990800234
What Could Hollywood Do To Change The Lives Of Half The Population?,-4.12513892
SHUDDER: Can We Deport This Guy Instead?,-4.906995949
How To Eat To Live Instead Of Living To Overeat,-4.742632522
The Great American Food Conspiracy,-4.919007216
Why The Cheesecake Factory Is Conspiring Against You,-4.467862676
"Ten Democratic Senators Shamed After Googling ""Tucker Carlson"" And ""Gay Marriage""",-3.185358985
Support For Gay Marriage + A Little Creativity On Facebook = These Kick-Ass Profile Pics,-4.383961382
"OMG. Google ""Tucker Carlson"" And ""Gay Marriage""",-4.139289912
Why All Your Facebook Friends Are Posting These Equal Signs Instead Of Their Faces,-4.101415216
These Troops Are About To Go To War. And This Lady Is There To Hug Them.,-4.801508691
"Forget 'God-Given Rights.' In America, It's 'However-Much-Money-You-Happen-To-Have'-Given Rights.",-4.971414581
Watch A Preacher Take A Stand Against Gay Marriage And Then Marry It,-3.781200782
Proof That Rapping About Women Doesn't Have To Be About Objectifying Them,-4.871996751
"NEW RULE: You Aren't Allowed To Blame Your Daddy When You Say Something Horribly Racist, Congressman",-4.086064765
Would You Forgive A Congressman For Being Horribly Racist If He Grew Up On A Farm? Me Neither.,-4.338780286
Congressman Says Something Awful Enough To Actually 'Apologize' For,-3.750408644
How Complimenting Yourself Creates Positive Change In Other People,-4.740146612
"Boys, There's ONE Thing You Have To Do If You Want To Marry This Girl",-4.048943386
This 5-Year-Old Girl Isn't Interested In Marriage. Unless...,-3.861359292
What Has Enough Money To Remake The Statue Of Liberty Out Of Dollar Bills?,-5.21587235
Here's One Little Girl Who WON'T Be Getting Her Relationship Advice From That Bella Twilight Lady,-3.811966537
This 'Traditional Marriage' Propaganda Film Goes Too Far,-3.723207124
"Boys, There's ONE Thing You Have To Do If You Want To Marry This Girl",-3.841973675
What If The Characters In 'Mr. Smith Goes To Washington' Were Gay?,-5.570363121
HBO's Game Of Thrones Really Needs To Stop Letting Congresscritters Write Their Scripts,-4.730160304
What's The Most Important Question You Can Ever Ask A Straight Person?,-4.104683092
Watch A Lesbian Stage An Intervention With Scared Straight People,-3.478934347
An Open Letter To Sad Scared Straight People From A Lesbian With Some Serious Showmanship,-3.969910671
Watch A Lesbian Dress Down Straight Ignorance And Then Drop The Proverbial Microphone,-3.780668917
An Open Letter To Straight People From A Lesbian With Some Serious Showmanship,-3.644286673
This Is What The Sandy Hook Killer's Arsenal Looked Like,-4.126948977
When This Guy Takes On A Remote Canyon Like A Ninja He Leaves The Rest Of Humanity Inspired ,-4.111242188
The One Where Your Cable Company Offers To Punch You In The Face And Tells You To Say Thank You,-4.939258631
The One Where Your Cable Company Stops Talking About You Behind Your Back,-4.754547587
Meet The Women Who Invented Invisibility,-4.002177586
The Most Honest Cable Company In The World Has A Message For You. It's Not Good.,-4.271058797
Should Special Needs Children Have To Prove Their Worth?,-4.963977989
The Most Honest Cable Company In The World Has A Message For You. It's Not Good.,-3.988796973
The Most Honest Cable Company In The World Doesn't Think You'll Share This,-4.469550446
"An Oil Company Spilled Massive Amounts Of Oil Again. This Time, It Is LITERALLY In Your Backyard.",-4.913250893
You Think You Know Inspiration? You Ain’t Heard Nothing Yet!,-4.667090487
World’s Largest Online Retailer Takes A Controversial Stand In The Least Controversial Way Possible,-3.833406784
Who Would You Rather Support: Gay-Friendly Girl Scouts Or Gay-Bashing Boy Scouts?,-4.826451539
Why Is The Fate Of Detroit In The Hands Of A Law Firm In Cleveland?,-4.914625683
Watch Amazon Do Society A Favor By Including All Of It,-4.404277244
How Some Filthy Rich Dudes Are Trying to Make The Rest Of Us...Filthy,-4.637499073
Why Is The Fate Of Detroit In The Hands Of A Law Firm In Cleveland?,-4.241607009
Watch Amazon Take A Controversial Stand In The Least Controversial Way Possible,-3.777971997
What Do You Do When North Korea Threatens To Punish Your Family When You Escape?,-4.343805422
My Hospital Roommate Wears 'Star Wars' Pajamas. He's Going To Die. That's OK.,-4.187220056
Muslim America Rocks — We Just Don’t Hear About It Often,-4.066533575
How To Escape North Korea,-4.097932888
North Korea Doesn't Want You To See This And They'll Be Really Furious If You Share It,-3.471207547
"North Korea Doesn't Want You To See This, And They'll Be Really Furious If You Share It",-3.257544306
"MUST WATCH: The Pollution-Free, Air-Powered Car That’s Telling A Whole Industry To Go Kiss Its ‘Gas’",-4.436657607
"If You Can See Past The Super-Adorable Kid, There’s A Really Great Message Here",-4.705689213
These High School Athletes Were Winners Long Before The Game Ended,-4.463350573
What Should Both Violent Men And Property Owners Be Afraid Of? This Woman.,-4.41805025
"Uh-Oh, Earth. I Think This Gal’s Got A Little Crush On You",-4.350972484
Meet The Man Who Took On The Chinese Government. And Won.,-4.403148151
This Speech On Gay Marriage Made 4 Years Ago Will Have You Cheering Right Now,-4.070274415
Would You Eat Food Off The Sidewalks Of Los Angeles?,-4.797326939
Why Giving Kids Forks And Knives Can Help Save Their Lives,-4.765308734
Walking Down The Street Shouldn’t Feel Like A Game Of Dodgeball,-4.398836607
This Is Fish Porn. And It's Really Dirty.,-4.495036392
I Got A Fever And The Only Prescription Is To Make It Rain... Fish.,-5.488172205
DC Has A Secret And It Has Everything To Do With Fish And Sex.,-4.516591147
Why Is This Kid Riding A Bomb?!,-4.954679987
SECRET: Fishing Is Like Sex...,-4.819490614
You Know Who Bullies Pick On? Nerds. You Know Who Stops Bullies With Science? Nerds.,-4.551375997
A Bunch Of Nerds Got Tired Of Cyberbullies So They Used Their Powers Of Science To Fight Them,-3.771669647
"A Bunch Of Nerds Got Tired Of Cyberbullies, So They Used Their Powers Of Science To Fight Them",-3.772489383
What Happens When A Bunch Of Dudes Get Down With My Little Pony?,-4.268920147
Who Ever Heard Of Parents Getting Homework?,-4.733509552
The Little Girl's Toy That Thousands Of Grown-Ass Men Can't Wait To Play With.,-3.632486936
Dear Straight People: We Have To Talk,-3.463022688
You Don't Want To Miss This Psychedelic Anthem About The Power Of A Good Idea,-4.4347772
I Rarely Want To Help Geniuses This Much,-3.947531827
The Infographic That Makes You Sick And Angry (In That Order),-3.66104818
The Hidden Cost Of Being Rich And Famous? You Start Ruining The Whole Country.,-4.171045269
A Person Who Clearly Never Read The Harry Potter Books Has A Dumb Question,-3.285249155
This Is Bias. Proved With Numbers.,-4.281811589
45 Years Ago We Lost Martin Luther King Jr. To Bigotry. Only One City Remained Calm. Here's Why.,-4.070375372
That Horrible Moment When Corporate Greed Stands In The Way Of Fighting Cancer,-4.236305516
Martin Luther King Was Murdered For The Power Of His Words. This Brought Some Of That Power Back.,-4.329491258
Jon Stewart Pins Down The Media With Their Own Words,-3.860629455
I Bet This Weird Gray Torso Thing Wishes There Were Background Checks,-5.01813399
This Hiptastic Children’s Show Makes Me Want To Be A Kid Again,-4.84183888
Waitaminute! Why Does This MAN Need Feminism?,-4.035937597
I Wish This Brilliant Rocker Was Still Around Today Telling People Not To Buy His Album,-3.216027327
Take A Look At These American Trespassers,-4.674074165
This Rock Star Suffered From Severe Depression. But That's Not Why He Hated These Fans.,-3.119124261
What Women Want Is So Much More Than A Terrible Film Starring Mel-Effing-Gibson,-4.410896894
"Yes, This Is Actually What Rap Music Is Like In Minnesota",-4.131398784
The One Where Roger Ebert Tells A Sanctimonious White Dude To Stop Telling Asians How To Act Asian,-3.47950896
Meet The Coolest Tree Hugger Ever,-5.182689265
"WTF: Lindsay Lohan Might Never Go To Jail, But These Hardworking Kids Totally Will?",-4.320862695
A White Dude Told Some Asians How To Act Asian. Probably Shouldn't Have Done That Near Roger Ebert.,-3.377514897
Watch An Anti-Tax Lobbyist Get Schooled On How Science Works By A 19-Year-Old College Kid,-3.466318031
This Teacher Is Pushing His Kids Around. That’s Why They Love Him So Much.,-4.969643909
Remember Sandy Hook? Apparently The Senate Doesn't.,-4.798703169
"Uh Oh, Did The Homeless Population In Europe Seriously Just Increase By 25,000%?",-4.376846575
Watch An Anti-Tax Lobbyist Get Schooled On How Science Works By A 19-Year-Old College Kid,-3.536367216
Being Gay Causes Breast Cancer' And Other Lies Being Spread By Anti-Gay Pastors,-4.879095273
College Kid Forced To Remind Wall Street Journal Economist That He's Actually Not A Scientist,-3.355181144
Are You Unlucky Enough To Be Witnessing The Death Of America's Middle Class?,-5.059516157
College Kid Forced To Remind Know-It-All Economist That He's Actually Not A Scientist,-3.333738331
MUST WATCH: The Unbelievable Footage Of Syria A Filmmaker Risked His Life To Get,-4.490774265
See How Moms Across The World Are Supporting Each Other,-6.054980911
"This Filmmaker Could Have Been Killed At Any Moment, But He Kept The Camera Rolling Anyway",-3.85935577
I've Been Told That Americans Get More Anti-Immigrant When They Hear Spanish. Prove Me Wrong.,-5.517802058
How Long Could You Wait To See Your Baby Again?,-4.547460615
A Young Boy Goes Missing And One Person Waits An Entire Lifetime For His Return,-4.578321742
A Young Boy Goes Missing And One Person Waits An Entire Lifetime For His Return,-4.6318035
"This Might Look Like An Episode Of 'Punk'd,' But It's Real",-4.904945506
Teachers: Still Hot After All These Years,-4.94710918
Jesus Was Definitely Anti-Gay-Marriage Because He Was An Early Biologist?,-4.423779702
Guess Which Socially Vilified Group Needs An Extreme Makeover?,-4.684051116
He Went To Jail At Age 5. Then He Went To Space. Now He's On Broadway?!?,-4.617278403
America Is #1 In A Lot Of Things. Why Is THIS One Of Them?,-4.216455888
Everything You Wanted To Know About Gay Broadway Space Prisoners-Of-War But Were Afraid To Ask,-5.222097986
The War On Drugs Is Over. Guess Who Won?,-4.220860092
What’s This Kid Going To Do When He Grows Up? He’s Already President.,-4.33738027
America Put This Famous Gay Space Dude In Jail When He Was 5 Years Old. Now He's Going Where?,-4.392708813
Watch A 5-Year-Old Kid Escape From Prison And Go To Space,-4.500036402
No Dance Move Should Be This Risky,-4.185813859
Want To Work In America? Go Back In Time And Get In Line At Ellis Island,-5.216620993
The Hottest Beat Ever Dropped In Science Class,-4.9381565
"We've Elected Women And Put Them In Space, So Why Is It So Hard To Find Them HERE?",-4.530711275
The Biggest Financial Busts In History In One Easy-To-Read Chart,-4.7821069
How Much Longer Until Mermaids Are Bugging Us To Use Our Bathtubs?,-4.778376249
Here's How We Can Make Sure That Having A Gun Doesn't Mean Someone Innocent Dies,-4.737504053
When’s Too Soon To Give Your Child A Cell Phone? Depends On If You Want To Live Or Not.,-4.035309793
This Amazing Quote Really Puts It All In Perspective,-4.684961685
My Big Fat Gay African Traditional Wedding,-4.414876639
"If Every State Did This One Thing, More Women Would Be Alive Today",-4.468325038
Joan Rivers Picks On Adele. Then This Comedian Turns It Into A (NSFW) Teaching Moment.,-3.56260104
Why Getting Things For Free Can Actually Be Dangerous,-4.066173685
If This Is What’s Really Going Down In Schools... We. Are. SCREWED.,-3.884546147
"When This Guy Stopped Worrying About Looking Normal, He Became Superhuman",-3.60409544
How The Food Industry Has Made Children More Annoying,-4.306099306
Something Tells Me The Next 2 Minutes Of This Video Are Going To Be Very Enjoyable,-3.925944344
The Best Part About Being Sick Is That You Get All The Free Ice Cream You Want. The Worst Part Is-,-4.960770479
My Hospital Roommate Wears 'Star Wars' Pajamas. He's Going To Die. That's OK.,-4.178456828
F*ck AIDS. Ferreal.,-4.905963602
This 9-Year-Old Kid Has More Wisdom In HIs 'Star Wars' Pajamas Than I Will Obtain In A Lifetime,-3.584283172
This 9 Year Old Kid Has More Wisdom In HIs 'Star Wars' Pajamas Than I Will Obtain In A Lifetime,-4.074785149
Google May Or May Not Be Game To Give All Your Private Info To The Feds. We Have No Idea Either Way.,-5.379528622
What Group Of People Is So Powerful No One Wants To Be In It?,-4.012096844
1 Simple Lesson Plan That Could Make The World A Safer Place For Everyone,-4.334152147
Does Anyone Have Mark Zuckerberg's Cell Number? Something Awful Might Happen To Your Facebook Stuff.,-3.665431505
Stop Teaching Kids About Sex After Marriage And Start Teaching Them About Sex After 'Yes'!,-4.355035186
Stop Teaching Kids About Sex After Marriage And Start Teaching Them About Sex After 'Yes'!,-3.948001606
Senator Warren Raised 2 Kids AND Knows Everything About Bank Regulation. Which Explains This Video.,-4.700320863
"If You Go Into Senator Warren's Banking Hearing, You Better Bring Something To Reduce The Swelling",-4.041277589
The One Where Senator Warren Has To Teach An Awful Bank Regulator How To Do His Damn Job,-4.054450355
"Hey, Bank Regulators: If You Are Gonna Be Questioned By Senator Warren, Don't Ever Say This",-3.796801621
Sigh. Elizabeth Warren Embarrasses Some Bank Regulators To Their Faces. Again.,-3.973190466
Sigh. Elizabeth Warren Embarrasses Some Bank Regulators To Their Faces. Again.,-4.172238272
This Is Way More Fun Than Paying Your Taxes. It's Also Way More Horrifying.,-5.158365406
A Child Genius Using His Engineering Skills To Save His Own Life,-3.628052856
You Remember Space Invaders? There's A New Version With A Way Scarier Real Life Villain.,-5.206421352
You Remember Space Invaders? There's A New Version With A Way Scarier Real Life Villain.,-4.783242963
"Don't Worry, You Can Play This Game At Work. All Your Bosses Do.",-5.06355353
Lost Everything? Patriotism Is About To Storm Through Your Door.,-4.420996168
"If I Spilled My Coffee On You Every Other Day, Would You Be Calm About It?",-4.362763336
"If Every American Had An Ounce Of This Talent, Courage, And Patriotism...",-4.315232049
"If You Hate It When Companies Get Away With Not Paying Taxes, Here's A Way To Vent Productively",-4.974254988
"If You Make A Colossal Mistake, No Need To 'Fess Up To It!' Just Pull Off This Scam!",-4.315352501
"If You Hate It When Corporations Get Away With Not Paying Taxes, Here's A Way To Vent Productively",-4.273884476
"You (Yes, YOU) Are Responsible For Turing This Behavior Into Political Suicide",-3.762102847
Watch A Bunch Of Soldiers Invade Our Own Country. For A Good Reason.,-4.511231946
A Bunch Of American Solders Are Invading Our Own Country. For This.,-4.479755645
The Answer That Could Bring World Peace. Or Get One Lady New Shoes.,-4.377593747
I Tuned In For The President. I Walked Away With A Broken Heart.,-3.491344722
Test Your ___! Test Your ___! Test Your ___!,-4.041277589
Watch A Bunch Of American Soldiers Invade Our Own Country. For A Good Reason.,-3.784387243
Watch This Mother Take Down The Gun Lobby In Less Than A Minute,-3.530389307
"POP QUIZ: If BP Made $36 Billion In 2010, And Their Tax Rate Is 35%, How Big Was Their Tax Bill?",-4.892445199
"Good News, Fans Of Kick-Ass Lady Superheroes!",-4.843837069
Do You Know The REAL Feminist History Of One Of The Toughest Superheroes Of All Time?,-3.827049462
Your News Has More In Common With Your High School Prom King Than With Reality,-4.017161274
Remember What Homophobic People Used To Be Able To Say On Television?,-3.189698517
Watch A Bunch Of American Soldiers Invade Our Own Country. For A Good Reason.,-3.979218884
Patton Oswalt's Much Needed Love Letter To Boston And The Rest Of Humanity,-4.128881789
The Album That Did A Heckuva Lot More Than Just Sell Copies,-4.741218899
Guess What? I Just Discovered The Trick To Paying No Taxes!,-4.890349128
Patton Oswalt's Much Needed Love Letter To Boston And The Rest Of Humanity,-4.218606939
How Did This Artist Draw 7 Women Perfectly Without Ever Seeing Their Faces?,-3.657554495
Scam alert! Look Before You “Like” Facebook Users.,-3.954095703
Find Out The Reason Strom Thurmond Was So Ornery,-4.558666879
How To Get Gay People To Stop Talking About Equal Rights (And Straight Supporters Too),-4.765965409
A Wonderful Song About A Kid Who Has Two Fathers,-5.051414044
"This Straight, White Dude Is Standing Under Something That Makes Me Really Hopeful",-4.354423111
CHART: Proof Americans Have More Common Sense Than Ever Before,-5.429170175
"This Is What Happens After Decades Of A Ridiculous, Non-Sensical War",-5.33056941
Behind Organized Hate’s Playbook,-5.73402236
"2 Dads, 2 Kids, 1 Sweet Little Song",-5.281101047
Behind Organized Hate’s Playbook,-5.503739601
Would You Get Involved If You Saw Someone Suffering Like This?,-4.678927447
CHART: The Incredible Rise Of Gay Marriage,-5.701398683
If You Saw Someone Bullying A Kid For Being Gay Would You Speak Out? Me Too. Unless It's Friday.,-5.575768712
A White Dude Told Some Asians How To Act Asian. Probably Shouldn't Have Done That Near Roger Ebert.,-4.461153172
If You Think Gay People Should Have Equal Rights Under The Law You Should Stop Talking,-4.856923794
"Keeping Track Of How Many Lives Rap Music Has Saved? If So, Add This Girl To Your List.",-5.471356847
Why Is This Girl Lugging Around A Bag Of Manure Making Me So Hungry?,-6.196073757
If You Saw Someone Bullying A Kid For Being Gay Would You Speak Out? Me Too. Unless It's Friday.,-5.526969527
If You Saw Someone Bullying A Kid For Being Gay Would You Speak Out? Me Too. Unless It's Friday.,-5.295312858
Guess What? I Discovered The Secret To Paying No Taxes!,-6.749094444
This Is What A Crowdsourced Library Looks Like,-5.274413236
This Group Solved The Global Income Inequality Crisis So You Won’t Have To,-5.228837363
Being An NCAA Athlete Is Hot. Being Exploited For Your Work Is Not.,-5.873141593
The Future Of Advocacy Just Gently Caressed Your Eyeballs,-5.70325602
"So, Um, THESE Were The Guns The Founding Fathers Were Talking About. Just FYI.",-4.456871913
Guess What? I Discovered The Trick To Paying No Taxes!,-5.756907424
You Know What The Founding Fathers Said About Your Right To Bear Arms? This.,-4.059571854
You Know What The Founding Fathers Said About Your Right To Bear Arms? This.,-4.194802972
The City Of Boston Sings The National Anthem To America. It's Beautiful.,-4.943209139
The City Of Boston Sings The Most Heartfelt Rendition Of The National Anthem I've Ever Heard,-4.583742239
LOL! Even Stephen Colbert's Character Can't Stomach The Actual Racism Of 'Accidental Racist'.,-3.497608883
Shhhh. This Kid Needs Your Help With Some Bullies.,-5.412538511
"Find Out Why This Politician Said ‘Big Gay Rainbow’ In A Real, Live Floor Debate",-4.181786881
Why Macaroni Art Could Threaten The Careers Of Countless College Professors,-4.448976222
CHART: The Incredible Rise Of Gay Marriage,-4.834339987
Why I Never Want To See Another Article Asking Where All The Feminists Have Gone,-5.804532378
People Who Watch CNN Know Less About The Boston Marathon Than People Who Haven't Even Heard Of It,-3.431193419
A Right-Wing Bully Bullies A Bunch Of Gay Teens To Stop Them From Stopping Bullying,-4.059292924
Why I Never Want To See Another Article Asking Where All The Feminists Have Gone,-5.273353165
A Right-Wing Bully Bullies A Bunch Of Gay Teens To Stop Them From Stopping Bullying,-4.155464892
Why Science Will Never Find God (And You Shouldn't Want It To),-4.149775376
"A Lawyer, A Wizard, And A Vampire All Walk Into An Infographic...",-4.699945463
"If ‘Lolita’ Were Ever To ‘Hitchhike’ With A ‘Stranger’ To An ‘Animal Farm,’ It Would Look Like This",-4.753501314
The Fine Art Of Popular Dissent,-5.057989333
This Is What Happens When You Allow Gay People To Get Married In Your Country,-3.723663455
This Is What Happens When You Allow Gay People To Get Married In Your Country,-3.715350794
"This Is Not How The World Will End. At Least, Not If These People Can Help It. ",-6.623533878
What Do 1 Billion People Do Once A Year?,-5.32192538
What Do 1 Billion People Do EVERY Year?,-5.311379828
"If You Watch Hilary Swank Annoy A Whiny Senator, You'll Help Punch Malaria In The Face",-3.915380196
What's Better Than Reading All About The Boston Bombing Suspects?,-4.113033304
Sometimes Having An Apartment Is Just As Bad As Being Homeless,-4.144957549
Bob Costas Has A Bone To Pick With The Masters,-4.619431643
Will The Government Cut Your Social Security? It Depends On How You Define Cuts.,-6.567475804
The Feds Will Not Be Cutting Your Social Security. They'll Just Be Decreasing Your Benefits By 10%.,-5.691248106
The One Where The Government Offers To Metaphorically Shank Your Sweet Gentle Old Grandma,-5.372046479
The One Where The Weather Lady Starts Telling The Truth.,-3.769352838
"The One Where The Weather Lady Starts Telling The Truth. A Little Too Much Truth, To Be Honest.",-3.419878933
Homelessness And Hunger COULD Be Solved Through Charity If America Didn't Get In The Way,-4.616200042
"I Can't Believe What The Government Is Planning To Do To Your Poor, Gentle, Sweet, Old Grandma",-4.954923797
"I Can't Believe What The Government Is Planning To Do To Your Poor, Gentle, Sweet, Old Grandma",-5.141948782
The Most Passive Aggressive Way To Cure Malaria Using Elizabeth Banks I Have Ever Seen,-4.504671129
"How You Can Make A House By The Same Process You Make Wine
",-5.489476568
"What Do A Bearded Lady, A Supermodel, Jerky Puppies, Competitive Eating And Malaria Have In Common?",-4.985536616
"You Know What You Get When You Mix A Famous Actress, A Bearded Lady, And Some Stupidly Cute Puppies?",-4.52160433
The Most Passive Aggressive Way To Cure Malaria Using Elizabeth Banks I Have Ever Seen,-4.88483238
The Most Passive Aggressive Way To Save Children Using Elizabeth Banks I Have Ever Seen,-4.131323565
"The NHL Just Made A Bold Statement On Society. NBA, NFL, MLB, Are You Listening?",-4.429493172
What We Can Learn From One Of The Greatest Science Fiction Shows Of All Time,-4.443771077
"If You Watch Hilary Swank Push A Whiny Senator, A Charity Will Punch Malaria In The Face",-4.260441738
"Why Was This Second-Year Med Student Deprived Of 1,138 Rights Most Americans Have?",-3.929999982
"If There Are 2 Things We Learned From 'Star Trek,' It's This, And Also Tribbles Don't Make Good Pets",-4.429572244
Why There May Be Fewer Terrible Songs Coming Out Of Your Radio In The Near Future,-4.62870914
"If You Watch Hilary Swank Annoy A Whiny Senator, You Will Be Helping Punch Malaria In The Face",-3.66248522
The Most Passive-Aggressive Way To Save Children Using Elizabeth Banks I Have Ever Seen,-4.808395755
Somebody Looked At This And Thought It Was OK To Sell. WTF Were They Thinking?!,-3.356033115
"This Boy’s Goal Is To Bring The World Some Joy. Mission Accomplished, Kid.",-4.228152021
If You Do THIS To Kids You Will Make More Money,-4.954332129
"If You Want A Raise, I'd Try Getting This For All The Kids In Your Neighborhood",-5.103739185
"The Senate Has Some Bosses, And I'm Pretty Sure We Aren't Them",-5.459215418
A Women Lost Both Of Her Legs At The Boston Marathon. She Just Found A Reason To Smile.,-3.615443661
"If You Run A Charity, You'd Better Be A Business Super Genius",-5.390896548
Swimming At The North Pole In A Speedo? Talk To This Man First.,-4.896200306
Think You Could Live On $1.50 A Day? Prove It.,-5.381002733
"Say What You Will About The NRA, They Sure Do Pay Their Employ- Er, I Mean, Senators Well",-4.947668187
The Deeply Confusing History of The Pope’s Hometown,-4.926324231
"The Incredible Reason Why This Man Feels Human Again
",-5.027070915
"The World, In A Nutshell, According To The Worst Disney Song Ever",-4.291230897
Just Wait Until The Part When They Hug Each Other,-3.583296692
You Will Not Believe What It Cost The NRA To Make Sure Background Checks Got Killed,-4.276516765
"How Did This Wheelchair Bound Young Boy Get So Good At Breakdancing? 
",-4.527503441
Is This Iran’s Real Secret Weapon?,-4.770496283
If You Do THIS To Kids You Will Make More Money,-5.472087975
"If You Do THIS To Kids, You Will Make More Money",-4.808564442
We Need An Ad For THIS? What’s Wrong With Us?,-4.26455605
Meet The Folks Who Are On The Frontlines Of The Battle To Save Public Education,-4.726257449
What's This Star Athlete Doing Hanging Out With Elephants?,-4.394449155
You Will Not Believe What It Cost The NRA To Make Sure Background Checks Got Killed,-3.835266902
This Guy Is A Football Player. He's Also A Boy Who Misses His Mom.,-4.426975694
You Will Not Believe What It Cost The NRA To Make Sure Background Checks Got Killed,-3.566173607
"The Boy Scout Motto Is 'Always Be Prepared.' Clearly, The Anti-Gay Scoutmaster Didn't Get The Memo.",-4.208157626
An Anti-Gay Scoutmaster Gets A Hard Life Lesson From A Straight Boy Scout And A Gay News Anchor,-3.438096799
An Anti-Gay Scoutmaster Gets A Hard Life Lesson From A Straight Boy Scout And A Gay News Anchor,-3.261837068
The One Cause That Has The Tea Party And Progressives Marching Side By Side,-5.124504959
"Who Needs A Gas Station When You've Got A Perfectly Good Front Lawn To Spill Oil On Instead? 
",-5.886659433
Kid’s Accident Almost Caught On Camera. Unknown Hero Catches Boy Instead.,-3.173668277
Extreme City Makeover: Mother Earth Edition,-4.66177289
These Images Of Our Future Are Exactly Why I’m Investing In Jet-Skis,-4.527303472
"If You Watch Hilary Swank Annoy A Whiny Senator, You'll Be Helping Tell Malaria To Go The Hell Away",-4.383004417
After This You’ll Never Look At The Ocean The Same Way Again,-3.938564203
Find This Under 'Exhibit A' In The 'How To Piss Off A Dictator' Handbook,-5.3458722
Is This Is How You Give The Middle Finger In Pakistan?,-4.337934923
There’s One Huge Problem In Google And Facebook’s Backyard,-4.636492657
There’s One Huge Problem In Google And Facebook’s Back Yard,-4.133592669
Three Pakistani Dudes Release A Satire Video And Predict Their Own Fate,-4.177088605
Patton Oswalt Demonstrates A Filibuster In The Nerdiest Way Possible,-3.904245088
Patton Oswalt Proves That A Good Filibuster Doesn't Have To Be Boring,-4.45526972
Representative Brian Sims Reminds Anti-Abortion Senators How To Do Their Jobs,-4.458373353
FANCY PANTS MASHUP: The Women Of Mad Men Sing For Their Freedom,-4.502254889
Maybe Being Heterosexual Is Just A Phase?,-4.155911902
If I Had To Deal With What These Women Deal With I Would Be Mad Too,-4.536741065
A Girl Gets Attacked At School For Being STRAIGHT?!,-4.123045196
What Anti-Abortion Senators Seem To Be Forgetting About How To Do Their Jobs,-3.857268525
"Here's How Sexist Advertising Affects Women. But Do You Know How It Affects Men, Too?",-4.805859434
A Girl Gets Bullied At School For Being STRAIGHT?!,-3.621272047
The People Who Approved These Ads Have A Lot Of Explaining To Do,-3.252022482
Representative Brian Sims Brings The House Down With A Single Sentence,-3.579174254
If I Had To Deal With What These Women Deal With I Would Be Mad Too,-4.473541744
"The Most Awful Name In News In All The Land Messed Something Up, Again",-4.150043845
This Guy Has Gotten More Confessions Out Of People Than The Friggin' Pope,-4.082775551
This Guy Has Gotten More Confessions Out Of People Than A Frickin' Priest,-4.268218961
This Guy Has Gotten More Confessions Out Of People Than The Frickin' Pope,-4.118187402
This Guy Has Gotten More Confessions Out Of People Than The Frickin' Pope,-4.022982277
A Heartwarming Lesson In Equality From America's Heartland,-5.076018053
What Do The Israelis And The Palestinians Really Want? This.,-5.726161759
Can Someone On The Internet Please Explain Why We Can’t Find This Veteran A Home?,-5.41396479
Here's Something You Don't See In Jerusalem Every Day...,-5.107413633
A Bunch Of People In Jerusalem Were Asked What They'd Wish For. Guess How Many Said Peace?,-4.153408789
"If You Could Have 1 Wish, Would It Be More Awesome Than What These Folks Said?",-4.507542254
"If You Could Have 1 Wish, Would It Be More Awesome Than What These Guys Said?",-4.41438212
"If You Could Have One Wish, Would It Be More Awesome Than What These Guys Said?",-4.642722842
"If An NBA Player Being Gay Makes You Panic, Then This Will Give You A Heart Attack",-4.612501735
Mind Blown: The Surprising Truth About The Color Pink,-6.060021426
"Some Jerks Freaked Out About A Gay NBA Player, So The President And The Internet Responded Like This",-3.573589114
"When Shakespeare Doesn’t Talk Like You, And You’re Too Hungry For Neruda's Odes To Food",-5.017279837
Here's Your Invitation To Play The Save-The-World Symphony.,-5.381261843
"The Video Our Future Robot Leaders Can Never Understand
",-5.215123146
Want To See The World Around You? Are You Sure?,-6.199032887
Think New Yorkers Are Cranky Now? Wait Until They’re Living Over A Giant Pipeline Of Dangerous Gas,-4.994262675
An Interviewer Asks An Expert What We Can Do To Stay Safer. Her Answer Is Not What I Expected.,-3.51483342
A Gorgeous Prayer For All The Least Privileged Students In America,-4.781623494
TELL NO ONE: We Have An Exclusive Page From The Most Inspiring Book Coming Out This Year,-5.703607021
Meet A Few Young People Who Are American In Every Way But The Papers,-5.693023045
Put Your Sugar In Perspective,-4.532963925
This Woman Is Sorry She Said Something Racist. In Her Defense She's Eaten Turkey With Black People?,-4.104160177
Everything You Know About Sugar Is About To Be Blown Away,-3.532151145
Four Soul-Stirring And Thoroughly American Stories You Need To Hear,-5.679453831
"If You Like Upworthy, Then You May Want To Know What The Nerds Who Work Here Are Reading And Stuff",-5.249538072
"Lesson #3,456 In What The Internet Can Teach Us About Ourselves",-4.891448835
Sign Language Won't Take Away Her Pain. Only The President And Congress Can Do That.,-5.104668742
3 Words I Wish I'd Heard When My Boyfriend Cheated On Me,-3.68829789
These Girls Shouldn't Have To Wait Twenty Years For Their Pretend Election To Become A Reality,-5.956010066
How The Media And The Internet Created A Feedback Loop Of Racial Profiling After The Boston Bombings,-5.14872698
One Of The Biggest Threats To NYC Is Being Built Underneath It As We Speak,-3.921242123
People Turn To The Internet For Answers. Their Questions Will Make You Cry.,-3.916599672
"In Case You Missed It, A Seriously Scary Thing Is Scheduled To Happen To This City In November",-3.572667636
"In Case You Missed It, A Seriously Scary Thing Is Scheduled To Happen To New York City In November",-3.840853855
"In Case You Missed It, A Seriously Scary Thing Is Scheduled To Happen To New York City In November",-3.960332053
The One Where A U.S. Senator Waxes Philosophically About Cheetos?,-5.615058402
Senator Franken Resorts To Using A Child's Analogy To Help Senators Understand How Science Works,-4.353366401
Senator Franken Forced To Use Kid's Analogy To Help Other Senators Understand That Science Is Real,-4.156545583
Senator Franken Forced To Use Kid's Analogy To Help Other Senators Understand That Science Is Real,-3.725068511
This Anti-Abortion Dude Is Awfully Eager To Make Sure Sexually Active Teenage Girls Get Pregnant,-4.507811756
The Classy Way To Take On People Who Hate You,-4.059797403
"Watch Fox & Friends Morning News Show, Except Actually Funny And More Accurate",-4.261636036
How To Stop Child Abuse With Epic And Secret Ninja-Spy Messaging Action,-4.501333563
Watch An Abused Child Get A Secret Help Message In Broad Daylight That His Abuser Can't See,-3.498237666
"If Someone Tried To Patent Oxygen, I'm Pretty Sure I'd Do Everything Possible To Suffocate That Idea",-5.420357992
You've Never Seen Mother's Day Like This Before,-5.613649347
Immigrant Voices: What It Was Like Coming To America,-5.705710439
"It's Rare That I Imagine A CEO Petting HIs Creepy Cat In A Volcano Lair, But This Company Is Special",-5.302936312
Here’s What The Little Guys Can Do That The Big Guys Just Can’t,-4.980083206
How Mr. Squash Became Mayor Of Plantville,-5.917638586
"It’s Going To Hurt A Lot More If We NEVER Get Stung By Bees Again
",-5.674407866
You Know Those Annoying People Who Use 7 Paper Towels In The Bathroom? This Is For Them.,-3.788874361
"Remember That Time When A Company Bought The Rights To Your DNA? Yea, That Already Happened.",-4.56523057
This Corporation Just Bought The Rights To Your DNA. Seriously.,-4.3708379
Could Watching This Video Repair The Damage It's Doing To You?,-4.925580045
This Will Make Your Day Better,-3.957794755
Why Is This Woman So In Love With Her Hips?,-5.028669887
"I Just Learned How To Use A Paper Towel Properly For The First Time In My Life 
",-3.645767582
"A Woman With A Great Mind Asks You To Appreciate Her Body 
",-4.726025421
Biotech Corporation Does Something So Cartoonishly Evil That We Have To Make A Dr. Evil Reference,-4.096028537
Awful Corporation Does Something So Cartoonishly Awful That We Have To Make A Dr. Evil Reference,-4.088047722
"Americans Sure Treated Foreigners Differently 100 Years Ago, Depending On How You Define Different",-4.492196993
Corporation Does Something So Cartoonishly Awful That We Have To Make A Dr. Evil Reference,-4.153425804
An Awful Corporation Does Something So Cartoonishly Creepy That We Have To Make A Dr. Evil Reference,-4.223574548
What's Better Than My Usual Present Of Chocolate And A Coupon Book?,-4.987987598
A Super Simple Guide To Buying Toys For Boys And Girls,-4.719023944
The Cliff Notes On Jesus Christ In The Bible,-4.374243258
Straight People: We're Just Born This Way!,-4.651880266
The Most Important Reason We Don't Play Dodgeball In Chemistry Class,-4.860190476
Watch These Straight People Answer A Question Gay People Have Been Asked For Years,-3.603434248
This Qualifies As An Absolutely Unforgivable Crime,-3.71465549
One Of These Things Is Not Like The Other One,-5.048573133
Watch A Bunch Of American Soldiers Invade Our Own Country. For A Good Reason.,-4.066675914
I Needed A Reason To Cheer Today And Here It is,-4.450093151
"If We Break This World Record, You'll Have No One To Blame But Yourself And Everyone Else",-4.158694813
"Congratulations, World! We're Number 1 In The Most Disturbing Thing EVER! WEE!",-3.881290063
"If Gay People Scare You, Then You Are Doing It Wrong",-4.65396035
"Meet Dale. Gay People Make Him Uncomfortable. Ironically, He Makes Everyone Else Uncomfortable.",-4.717587377
Meet Dale. Gay People Scare Him. George Takei Makes Him Panic.,-4.217830947
"Meet Dale. Gay People Make Him Uncomfortable. Ironically, He Makes Everyone Else Uncomfortable.",-4.442277704
"Meet Dale. Gay People Make Him Uncomfortable. Ironically, He Makes Everyone Else Uncomfortable.",-4.353172294
"Gay People Make Him Uncomfortable. Ironically, He Makes Everyone Else Uncomfortable.",-4.571075512
Student Freaks Out In Front Of His Class And Says What We're All Thinking About Our Education System,-3.750950026
"You Won't Want To Watch This Video, But You Should Watch It Anyway",-4.561533387
Some Advice For Getting Through The Frustrating Moments Of Adulthood,-5.148896861
"The Earth-Shatteringly Amazing Speech That’ll Change The Way You Think About Adulthood
",-4.371090428
"Congratulations, World! We're #1 In The Most Disturbing Thing EVER! WEE!",-4.482123321
The Earth-Shatteringly Amazing Video That Is Sure To Crash Your Pity Party,-4.408830837
Meet The Moms Who Aren't Taking Any Crap,-4.684240761
Definitive Proof That There's No Such Thing As Boy Toys Or Girl Toys (Until You're Over 18),-5.137757302
Elizabeth Warren Has A Very Good Idea. Let’s Make It A Reality,-4.950488201
Senator Warren Asks The Senate To Help Your Kids So They Don't Live With You Forever,-5.510795549
Senator Uses Logic To Suggest That Maybe We Shouldn't Let Banks Rob Your Kids. Awesome Bill Ensues.,-4.8555991
Senator Uses Logic To Suggest That Maybe We Shouldn't Let Banks Rob Your Kids. Awesome Bill Ensues.,-4.623116295
My Mom Went Through Hell For Me. So The Least I Can Do Is Send Her This.,-4.602772949
"Move Along Haters, Nothing To See Here",-4.318239005
Some People Are Going To Get Really Mad When They See This Picture. It Just Makes Me REALLY Happy.,-3.87450016
Why Millions Are Cheering For This Abused Women,-4.739366251
Watch A Classic And Epic Rock Song About Space Being Sung By A Space Man IN SPACE,-5.708642441
It Doesn't Take A Rocket Scientist To Understand How Much This Epic Song Rocks. Especially IN SPACE.,-4.285465673
I Was Unaware That They Took The Old 1980s MTV Channel Up Into Space,-5.49953815
The Final Act Of The Departing Commander Of The International Space Station Truly Rocked,-3.931825633
The Final Act Of The Departing Commander Of The International Space Station Truly Rocked. IN SPACE.,-4.237461509
"FLOWCHART: I Think I Speak For Everyone When I Say, 'Keep Your Privates Of Our Toy Stores.' Okay?",-4.330908763
How Much Does It Cost To Make Congress Ignore Something 91% Of Americans Support?,-4.859812404
"We Already Threw One Book At Them, Why Can't We Do It Again?",-5.249567524
America Is Living Under A Budget Designed To Be So Awful That It Would Never Be Enacted? Sweet.,-4.817016116
FLOWCHART: When It's Okay For Boys To Play With Dolls And Girls To Play With Cars,-4.527849758
What Do Prisoners Want? I'll Give You A Hint: Every American Child Gets It For Free.,-4.4205852
Ain't No Party Like A Delaware Party Cause A Delaware Party Is Inclusive,-5.342334252
How One Of America’s Great Writers Was Almost One Of America’s Great Tennis Players,-4.98623751
You Won't Believe Who Is A Bigger Threat To America Than Osama Bin Laden,-4.321145539
Would Mark Zuckerberg Have Your Back In An Internet Fist Fight?,-4.986442557
This Kid Was Bullied A LOT. He Could Have Told His Teacher Or His Principal. He Had Bigger Plans.,-3.143121602
This Kid Was Bullied A LOT. He Could Have Told His Teacher Or His Principal. He Had Bigger Plans.,-2.862111869
The National Marriage Organization Is Fighting The Gay Agenda With Bulletproof Logic,-4.677754086
The Devious Tricks That Shopping Malls Use To Mess With Your Brain,-4.125919634
Hear The Incredible David Foster Wallace Speak About His Own Ambitions,-5.031497244
Are You Brave Enough To Stop Killing One Of Man’s Best Friends?,-4.852601747
What Dirty Secret Did This Knight Just Reveal About His Virgin?,-4.389116824
The Greatest Quotes By Dr. Seuss Never Get Old,-4.993925023
"Chew On This, If You Want To Live",-5.537896539
This Is Really Going To Make You Want Two Dads,-4.250533979
Tell Me What It's Gonna Be Like Now That You Two Are Going To Be Grandpas',-5.025323638
The Mildly NSFW Reaction 2 Gay Dads Had Upon Getting The Best News They'd Ever Heard From Their Son,-3.706764909
The Mildly NSFW Reaction 2 Gay Dads Had Upon Getting The Best News They'd Ever Heard From Their Son,-3.449215047
"A Starship Captain. A Superhero. A Knight. Before All That, He Was A Scared Little Boy.",-4.603304039
"We Don't Teach Kids Art In Gym Class, So Why On Earth Would We Teach This In Science Class?",-4.350707951
"We Don't Teach Kids French In Gym Class, So Why On Earth Would We Teach This In Science Class?",-4.575758831
"When It Comes To Ending Violence Against Women, Here's One Man Who Would Like To 'Make It So'",-4.271704918
Here's All The Awful Things Feminism Hasn't Caused. YET.,-4.622252367
"Watching This Starship Captain Get Choked Up About Ending Domestic Violence Will Make You Cry, Too",-4.318772429
One Man's Incredibly Personal And Powerful Story About Growing Up With An Abusive Father,-4.081016258
I’ve Never Been So Happy To Watch Two 81-Year-Olds Make Out,-4.89463638
Folks Are Mad At A Famous Actress For Taking Care Of Herself. You Won't Believe Why.,-4.093535173
Why It's A Good Thing This Kid Wiped Out Off His Skateboard,-4.37229635
A Skateboarding Kid Eats Pavement And The World Is WAY Better Off For It,-4.127654541
The Zombie Bill That Could Destroy Your Right To Privacy,-5.046558824
A Kid Wipes Out On His Skateboard And The World Is WAY Better Off For It,-3.679481692
A White Dude Stood Up And Said Some Stuff He Really Shoulda Worn A Hood For,-3.333756101
This Historian Is Being Arrested Because He Believes In Voting Rights,-4.736714311
This Guy Is Really Sad That Everyone Won't Hear Him Out About How White Power Isn't A Bad Thing,-4.083341489
This Guy Is Really Sad That Everyone Won't Hear Him Out About The Awesomeness That Is White Power,-3.421472376
Why Hacking The Government Is Far More Awesome Than You Think,-5.023711816
A White Dude Stood Up And Said Some Stuff He Really Should Have Worn A Hood For,-3.212216144
"The Brave Girl We'd All Be Proud To Call Our Daughter, Our Sister, Our Friend",-4.516431586
Quick! Share This With Everyone You Love And/Or Want To Torture!,-4.626575806
Some Perky People Who Don't Understand Christianity Go To Africa And Do Awful Things In Its Name,-3.624431632
A Bunch Of Happy White People Who Think They Speak For God Go To Uganda And Totally Misrepresent Him,-4.357937436
A Bunch Of Happy White People Who Think They Speak For God Go To Uganda And Totally Misrepresent Him,-3.424727879
"You Can Lock Up Drug Users All You Want, But You Might As Well Burn Your Wallet While You Are There",-4.591300865
"The Most Reasonable Argument For Sane Immigration Policies I've Ever Heard. Also, The Most Rhymed.",-5.266138468
Women Earn 78¢ On Every $1 Compared To These Men. So Some Women Are Gonna Do Something About That.,-5.148656592
America's Secret Military Makes 'Mission: Impossible' Look Like Child's Play,-4.678896025
America Is Sick Of Mass Killings. So Is Pakistan. So Is Yemen.,-5.415677032
America Knows War. They Are War Masters.' — A Guy America Is Trying To Kill.,-4.77769211
"You Know Who Is Bad At Taking Care Of The Earth? The USA. You Know Who Is Worse? Canada, Eh?",-4.786910178
How A Bunch Of Women Have Started Fighting Back Against A Culture That Does Its' Best To Ignore Them,-4.646838881
You Think I Should Move To Canada If I Don't Like It Here? No Way. That Place Is Scary.,-4.468166731
People Always Threaten To Move To Canada When They Don't Get What They Want. Think Twice About That.,-4.228785166
"Oh Snap, Is My Favorite TV Star Building An Army Of…Young Girls?",-5.417876602
"Move Over, John Keats. Grecian Urns Are SO 1820.",-7.258646865
"BOOM: How You Hope to Have Any Question Answered, Every Time.",-4.662090476
How Amazing Would It Be If Food Workers Didn’t Have To Struggle To Feed Their Families?,-5.890354246
Some Of The 16 Million America Kids In Pain Could Live In Your Neighborhood. Do You Want To Help?,-5.370265866
Can One Small Investment REALLY Change the Future of Humanity?,-5.726847748
MUST SEE: A Teen Pregnancy PSA That Goes Where No Campaign Has Gone Before,-4.038892472
The Amount Of Money A CEO Makes By The Time You See This Video? Gazillions.,-3.916685019
Step 1: Put Down The Sign. Step 2: Apply Cold Water To Burn.,-4.100646502
Step 1. Watch This. Step 2. Feel Empowered By These Kick Ass Women,-4.447653191
Find Out Why An Oscar-Winning Film Director Wants More Adult Films In Theaters,-4.756459634
This Is What It Looks Like When A Gay Pro Athlete Gives Out Her Contact Info To Any Gay Kid In Need,-3.872192583
You Think I Should Move To Canada If I Don't Like It Here? No Way. That Place Is Dangerous.,-3.751543803
"Most Of The Men In This Video Are Awful. Thankfully, The Women In This Video Are Wonderful.",-3.845075992
Here's The Sexiest Homage You'll Ever Hear To An Inanimate Object.,-4.937967726
Tonight’s Top Story: Bill O’ Reilly And Anderson Cooper Are More Alike Than You Think,-4.944533991
What It Looks Like When A Pro Athlete Gives Out Her Contact Info To Any Gay Kid Who Needs It,-4.246906679
Give Me The Highs.  Give Me The Lows.  Give Me Motherhood.,-4.578321742
This Beautiful Woman Is Going To Wish It Was Raining Cats And Dogs.,-4.281051706
I Thought Knowing The Difference Between A Taser And A Gun Was Basic Cop Stuff,-3.717288852
"Hoping For A Future Where I Can Be Naked, Drunk, AND Safe.",-3.886924327
"What Do A Street Sign In Moscow, A Mailbox In Chicago And The Great Wall Of China Have In Common?",-4.343073491
Nurses Explain How Obamacare Will Affect Your Future,-4.016474017
We’re Not Equal Yet - Just Ask Oprah,-3.741116959
You Think America Has An Immigration Problem? Try The Whole World.,-4.325344495
Would You Like Your Gas Mask In White Or Original Camo?,-5.70325602
"Enh, Who Needs Lungs Anyway?",-5.423892189
We Lost This Kid 80 Years Too Early. I'm Glad He Went Out With A Bang.,-4.31332361
Cancer Wasn't A Death Sentence For This Kid. It Was A Wake Up Call.,-4.557213008
"If You Take Your Life For Granted, You Should Watch This Story About A Kid Who Is No Longer With Us",-4.136516295
Why We Need More Adult Films In Theaters,-4.389022653
Zach Wanted To Be Remembered As A Kid Who Went Down Fighting. Mission Accomplished. And More.,-4.017363719
We Lost This Kid 80 Years Too Early. I'm Glad He Went Out With A Bang.,-3.975051767
"If You Know You Are Gonna Die Before You Turn 19, You Might As Well Do This",-3.73049126
Find Out Why An Oscar-Winning Film Director Wants More Adult Films In Theaters,-4.367143704
This Kid Just Died. What He Left Behind Is Beautiful.,-3.504274591
This Kid Just Died. What He Left Behind Is Wondtacular.,-3.990126512
This Kid Just Died. What He Left Behind Is Wondtacular.,-3.833480549
"Are You A Nobody? Great! According To This College Graduation Speech, You're Officially Not A Jerk.",-5.650883882
"If You Mess With Human Curiosity, You're Going To Hear About It From Neil deGrasse Tyson",-5.559398757
"If You're 16, It's Time To Start Planning For Your Future Child's Preschool Education Fund. For Real.",-6.142324103
That Time Bono Called Matt Damon A Nerd And Hit Him With A 2x4,-6.318690875
How Do You Say Nerd In Irish?,-5.651365742
Why The Illuminati Think Matt Damon Is A Wanker,-5.549612638
The Illuminati Are Coming For Your Toilets,-5.325515548
The Illuminati Sure Have Been Lowering Their Standards For Membership Lately,-4.813039787
We Have Found Out Who Is In The Illuminati. The Other Thing We Found Out: They Are Weird.,-4.361759614
Jon Stewart Tells A Room Full Of Overachievers That Success In College Doesn't Mean Much,-4.356266642
"Zach Sobiech Died Of Cancer At Age 18. Millions Upon Millions Of Views Later, He Became Immortal.",-4.313959884
"AWETASTIC: Why You Have To Reconfigure Your Mind To Accomodate Awe, Wonder, And Rapture",-5.425116241
Why Stop At Illegally Detaining And Frisking Innocent People? Let's Get Racist About It!,-5.606058531
The World's Greatest Boyfriend Died At Age 18 — Then The Internet Made Him Immortal,-3.85488334
"Sorry Kids, But Mommy And Daddy Can't Afford A Car Because The Government Hung Them Out To Dry",-5.051935097
"One Of The Most Patriotic Things I've Ever Seen Doesn't Involve Guns, God, Or Glory",-4.774681098
It's Time For America To Stop Being Paranoid About Our Friends Secretly Hating Us,-5.326970707
The Founding Fathers Probably Would Have Hated To See America NOT Moving In Which Direction?,-5.335712807
Check Out Some Of The World’s Most Crowded Sausage Fests,-5.499745351
Which 7-Letter-Word Is NOT A 4-Letter-Word (Despite What Some Politicians Would Like You To Think)?,-4.551413162
10 Beautiful Reasons To Look Up From Your Smartphone,-4.400224247
"This Kid's Body Is Kind Of A Jerk. Thankfully, His Brain Has Figured Out How To Ignore That.",-3.924265638
"When You Screw Up, The IRS Makes You Pay. When The IRS Screws Up, The IRS Makes You Pay.",-5.083136217
"This Kid's Body Is A Nightmare. Thankfully, He Has His Epic Sense Of Humor To Keep Him Awake.",-4.425621253
You've Heard Of This Recent IRS Scandal? It's Not Nearly As Bad As The One That Got Covered Up.,-4.989599253
"This Kid's Body Is A Nightmare. Thankfully, He Has His Epic Sense Of Humor To Keep Him Awake.",-3.965324383
The Bluntest Speech In The History Of The Universe Lays It All Out For Graduates Before They All Die,-3.776884346
"The Bluntest Graduation Speech In The History Of The Universe: Oh God, Oh God, We're All Gonna Die!",-3.738735148
Behold The Bluntest And Deadliest Graduation Speech In The History Of The Known Universe,-3.645159747
"These Teenagers Are Begging For Their High Schools. Is This What You Wanted, America?",-5.109322429
"So, What Kind Of Asian Are You? ",-4.668964383
This Proves It: Teenagers Know Everything. Adults Are Morons.,-4.121671939
The Best Graduation Speeches Begin With Everyone Role-Playing As Gay Federal Judges,-4.906488371
"On The Journey For Access To Women's Healthcare, There's Just One Direction In Which We Should Move",-6.458765664
A Beautiful Example Of Things Women Have Changed Throughout History,-4.396580702
Which 7-Letter-Word Is NOT A 4-Letter-Word (Despite What Some Politicians Would Like You To Think)?,-4.403012743
We Don't Usually Have A Beef With President Obama. At Least Until He Dropped The Ball With Women.,-5.128521684
Patrick Stewart Is Basically A Wonderful And Amazing Human Being. For The Reals.,-4.508064745
The Time I Really Felt Like Giving Patrick Stewart A Giant Hug For Being A Wonderful Human Being,-4.514369822
A Fan Asked Patrick Stewart A Question He Doesn't Always Get. I Wasn't Expecting This Answer.,-3.347229226
Fan Asks Patrick Stewart A Question He Doesn't Always Get. I Wasn't Expecting This Eloquent Answer.,-3.422553608
Fan Asks Patrick Stewart A Question He Doesn't Always Get. I Wasn't Expecting This Beautiful Answer.,-3.155748073
Fan Asks Patrick Stewart A Question He Doesn't Always Get. I Wasn't Expecting This Beautiful Answer.,-3.248388613
"First America, Then The World? Cleaning Up Trash In The Instagram Age",-5.553424593
A Brave Fan Asks Patrick Stewart An Unusual Question And Is Given A Raw And Emotional Answer,-3.149114609
"Forget Powerball, You Can Win The Lottery Just By Driving Your Car!",-5.275482875
"Imagine Obeying Speed Limits For Fun?  Yes, Please.",-5.9830199
"If You Have Kids, Want Kids, Or Know Someone Who Does, You Should Hear This Advice For Gay People",-4.432432189
"First I Was All, ‘OMG, Enough Sheryl Sandberg!’ Then I Saw This And Was All, ‘Ohhh, I Get It.’",-5.161851269
You Need To See What These Women Are Afraid Of,-4.971371043
"Advice For Gay Kids That Every Straight Parent Should Hear, Too",-4.742934411
Why You Should Stop Instagramming Your Food And Start Instagramming Its Packaging,-6.135131897
"Dear YouTube Commenters, It's 2013 And Interracial Families Exist. Deal With It.",-4.980839037
PLOT TWIST: What Happens When Fox News Becomes So Misogynistic They Even Infuriate Fox News?,-3.86219594
PLOT TWIST: Fox Newswoman Lays Epic Smackdown On Fox Newsmen For Blatant Misogyny,-3.915330413
OMG: Fox Newswoman Lays Epic Smackdown On Fox Newsmen For Blatant Misogyny,-3.530232867
"Hey You! Yes, You. Put This Hat On And Think About Your Life.",-6.472140194
The Worst Teacher In The History Of The World Doesn't Even Show Up To School To Teach Her Class,-4.42406528
Why Your Barbie Doll May Be Poisoning Your Brain,-5.095544191
This Is Why Barbie May Be Poisoning Your Thoughts,-4.851319784
"There's A Great Reason This Kid Talked Back To His Fake Teacher, Walked Out, And Got An F",-3.614092518
"There's A Good Reason This 18-Year-Old Kid Lectured His 'Teacher', Walked Out, And Got An F",-3.731402129
What Skipping The Star Wars Prequels And Saving Your Own Life Have In Common,-5.185952319
So We're Profiling Conservatives Now? I For One Can't Wait!,-4.805361428
"BOOM: ""The Daily Show"" Puts Another Debate To Rest",-4.875773277
7 Wonderful People Share Secrets That Are Killing Them. This Could Change Your Life.,-4.444139352
Seven Wonderful People Share Secrets That Are Killing Them. This Could Change Your Life.,-4.396666143
"What Happened To Our Jobs, Schools, Roads, And Bridges In One Incredible Clip",-5.459292001
Even This Map Would Be Banned In Some Countries,-4.869998756
Drone Crossing Ahead'. That's All I'm Gonna Say.,-5.09489094
"The Best Summary Of Why The World's Middle Class Got Screwed, And What We Can Do About It",-4.518966563
A Nice Lady With A Fancy British Accent Explains Why Your Fear Of Immigrants Might Be Misplaced,-4.272589358
Ellen Added Something To The TV Landscape—And In Doing So Changed The World,-3.89431614
"Think Lawmakers Don't Affect You? As My Mother Used To Say, 'You've Got Another Thing Coming, Mister!'",-5.886236298
"Think Lawmakers Don't Affect You? As My Mother Used To Say, 'You've Got Another Thing Coming, Mister!'",-5.91421399
"Next Time Someone Tells You That Immigrants Are Destroying Our Country, Show Them This",-3.634879798
"Next Time Someone Tells You That Immigrants Are Destroying Our Country, Show Them This",-4.09237129
Marriage In France Just Got A Lot Gayer,-5.63721523
I dare you to kick off those mental training wheels and make your next bike ride this inspiring.,-4.636817918
"They Make Oil, Lycra, Carpet Cleaner, Toilet Tissue. Oh, And Maybe The End Of Democracy.",-4.779123493
"Hey, Employers! Here's Why You Might Want To Hire People Who Bomb Their Interviews.",-4.670525681
How This Guy's Not-So-Glamorous Childhood In The Great Outdoors Turned Him Into A Glamorous Rap Star,-5.064599814
"Congratulations, You're Having A Baby! Now, About That Time Off Thing...",-5.223564696
Lost: Hope In Humanity After The Murder Of A Soldier. Found: An Inspiring Interview To Restore It.,-5.286678468
Taking Time Off When You Have Kids Means That A Lot Less Kids Die,-4.997068503
"Not Only Do You Look Fedorable, But You're Also A Good Person",-5.484224442
"Um, If Canada Said, ""No Thank You,"" That Probably Means It’s Really Bad",-4.214691232
"After The Tragic Murder Of A British Solider, This Man Delivers A Powerful Smackdown Against Hatred",-4.174680267
"The Most Ambitious Indiegogo Campaign, Evarrr",-5.157792938
"You Don't Have To Wear A Fedora, But You DO Have To Be A Decent Human Being",-5.060679747
BOOM: Instant Superhero. I Guess There Is Something Magical About Wearing A Cape.,-5.041580098
I Dare You To Kick Off Those Mental Training Wheels And Make Your Next Bike Ride This Inspiring,-5.313487431
"When Childhood Illnesses Make Life Terrible For These Kids, One Thing Always Makes Them Smile Again",-5.085152928
Where Do You Think Poverty Is Growing? You’re Probably Wrong,-5.064506658
This Is An Ass-Off-The-Couch Kind Of Video.  Just An Invitation To Rock Your Inner Buddha.,-4.492327459
How Making Speed Cameras Fantabulous Reduced Driving Speed By 22%,-5.873006942
"Once Again, A Corporation Failed At Its Job. The Result is Heartbreaking. ",-4.021339323
A 9-Year-Old Asks McDonald’s CEO A Simple Question. She’s Not Lovin’ His Response.,-4.031585984
"In This Case, It's Totally Okay To Teach Your Kids To Break Things",-5.052842995
Boys Who Know How To Break Boxes Grow Into Men Who Respect Women,-4.422607636
"A Prison Ignored The Most Obvious Cries For Help, And The Result Is Devastating",-3.563850402
"A Prison Ignored The Most Obvious Cries For Help, And The Result Is Devastating",-3.584037323
"How Do You Respond To The Doc Who Says You'll Be A Vegetable? Smile, Nod, Then Prove Him SO Wrong.",-5.583388892
"We Tell The World When Our Kids Get Bumps And Bruises, But Why Are We Silent If This Happens?",-4.875485342
"As Other Senators Try to Cut Social Programs, Watch One Politician Do Something Else With Them",-5.49135714
"As Other Senators Try to Cut Food Stamps, Sen. Chris Murphy Tries Something Else With Them",-4.924101305
It’s One Of Richest Ecosystems In The World. And It’s Under Attack.,-6.011411339
"If A 9-Year-Old Could Stand Up For His School, Why Couldn't A Room Of Officials?",-4.84218078
"It’s A Good Thing Pixar Uses Graphics, Because Nemo And Dori’s Home Is About To Be Destroyed",-4.819254646
Australia Is Trying To Destroy The Number One Reason I’d Go There,-4.675987034
One Woman's Genius Idea To Mix Sci-Fi With Treating Childhood Illnesses,-4.831929833
"Just A Guess, But If You’ve Been Breathing Lately, This Video Might Pertain To You",-5.121037624
That Time A Legislator Seriously Demanded That Wizardry And Magic Be Part Of The Science Curriculum,-4.978493016
Dear Mr. Senator: Harry Potter Is A Fiction Book. Not Science Curriculum.,-4.338538402
"Just A Guess, But If You’ve Been Breathing Lately, This Video Might Pertain To You",-5.664619731
When I Say Macklemore Do You Immediately Think Of 2 Lesbians? You Will Now.,-4.532599493
"If I Were A Lesbian Going To A Macklemore Concert, This Is How I Would Propose To My Girlfriend",-4.308863457
That TIme Watching 2 Lesbians Made Me Cry A Little,-4.787760524
2 Lesbians Went To A Macklemore Concert And This Is What They Got,-3.693193444
2 Lesbians Went To A Macklemore Concert And This Is What They Got,-3.703090968
Watch A Real Life Modern Family Form in Three Minutes and 31 Seconds,-4.385110111
2 Lesbians Went To A Macklemore Concert And This Is What They Got,-3.154090577
"I Don't Usually Drink Religion, But When I Do, I'll Have What This Bishop Is Having.",-3.823569766
"In Their Yearbook, They're ""Cutest Couple"", But In My Book, They're ""Most Inspiring""",-5.435410955
Watch An Adorable Kid's Accidental And Profound Argument For Vegetarianism,-4.49966536
"Here Is Something That Can Stop You From Getting A Job, But Won't Stop You From Becoming President
",-5.411213931
What Life Would Look Like If The Two Biggest Celebrities In America Were Sexy Lounge Singers,-5.719787049
A Kid's Accidental Dinnertime Argument Makes His Mother Start Crying,-3.822592282
Know Anyone That Thinks Racial Profiling Is Exaggerated? Watch This And Tell Me When Your Jaw Drops.,-4.070791108
"This Unjust War Costs Us $3.6 Billion Every Year. No Not Iraq or Afghanistan, The Other One.",-5.705375408
See The Faces Of The Guantanamo Hunger Strike,-5.515368322
"This Teacher Teaches Amazing Lessons, Even When She Isn't In Front of A Classroom.",-4.934180247
E-Q-U-A-L-I-T-Y. There's Another Word I Wouldn't Mind Aretha Franklin Spelling.,-5.501258211
What If We Woke Up Tomorrow And Little Communities Like This Were Gone Forever?,-5.483078474
"Nobody Knows About This Little Town, But You Should Before It's Literally Wiped Off The Map Forever",-4.857072677
"What Can Stop You From Getting Student Financial Aid, But Won't Stop You From Becoming President?",-5.405144548
"This Unjust War Costs Us Nearly $4 Billion Every Year. No Not Iraq or Afghanistan, The Other One.",-4.934473933
"This Unjust War Costs Us Nearly $4 Billion Every Year. No Not Iraq or Afghanistan, The Other One",-5.521905264
"If There's An Award For ""Super Awesome High School"", I Know Just Which School To Honor First
",-5.86318251
It's A Bird! It's A Plane! It's ... It's ... It's So Adorable I Might Start Crying.,-4.889248211
Imagine The Most Graphic Horror Movie You've Ever Seen… This Is Worse.  And It's Real.,-4.439140721
It's A Bird! It's A Plane! It's ... It's ... It's So Adorable I Might Start Crying.,-5.958769164
Watch A Kid At A Dinner Table Accidentally Destroy One Of His Mother's Lifelong Beliefs,-4.161215132
You Won't Believe Who The NSA Spies On More Than Russia. Meet INSERT YOUR NAME HERE.,-4.610974206
What Country Does The United States Spy On More Than Any Other? Hint: You Probably Live In It.,-4.706275761
"A Secret Government Agency Is Watching You Watch This. Also, Apparently, Everything Else You Do. ",-4.199952572
"An Ex-CIA Dude Just Pissed Off Everyone In The Government, So Watch This Before He Is 'Disappeared'",-3.680302403
"An Ex-CIA Dude Just Enraged Everyone In The Government, So Watch This Before He 'Disappears'",-3.867753045
If You Are Going To Give Away The Government's Most Horrible Secret About Spying On Americans...,-4.726042678
"An Ex-CIA Dude Just Enraged Everyone In The Government, So Watch This Before He 'Disappears'",-3.182637732
Put A Ring On It: Gloriously Gay Video Chats For A More Wonderous World,-5.764084092
"I'd Like To Think I'm An Informed Straight Ally, But I'm Embarrassed I Didn't Know This",-3.914955764
"They Call It The 'Defense Of Marriage Act,' So Why Is It Tearing This Couple Apart? ",-4.899668597
"Feel Like Getting All Riled Up About Race And Hipsters? Watch This.
",-4.722600426
"I Don’t Care What Anyone Says, A Soldier Who Stands Up For The Truth Is My Hero",-4.484701508
This Guy Must Be Pretty Special If All These Famous Folks Are Changing Their Names,-4.686130957
Ohhhh!!! They Said It! Watch These Girls Use Rhythm and Sass to Call Out Hipsters,-4.555559685
Know Someone Who Thinks Black People Shouldn't Eat Bagels? Have Them Hear This Woman Out.,-4.359729325
The Way This Gay Video Blogger Answers A Close-Minded Question Is Absolutely Hilarious,-3.820981846
Stupid Law Says No Gay Marriage? Google Says Challenge Accepted.,-4.678155079
"I'd Like To Think I'm An Informed Straight Ally, But I'm Embarrassed I Didn't Know This",-4.068693698
He Said WHAT Is A Weapon Of War?,-4.817589774
Wanted: Kick Ass Women. Mission: Kick Sexism's Ass. (Mission Accomplished?),-4.726825784
Super Awesome Granny Tickles The Ivories—And The Heartstrings—For Equality,-5.007501136
WOW: The Growing Movement Of Kick Ass Women Who Will No Longer Stay Silent,-4.053383669
These British People Want To Stop Giving Out Foreign Aid,-5.572717175
Move Over Adele: This Lady Wins The 'Songs That Make Me Cry' Award,-4.744103628
Women: Now Is The Time We End This. Men: Will You Join Them?,-4.997625867
It Takes A Radical Movement In America To Get What Every Other Developed Country Doesn’t Think Twice About,-4.573885896
GRANNY FIERCENESS: My New Favorite 72-Year Old Sings For Equality,-5.499003736
Wanted: People To Revolutionize The Economy. Hipster Beard Not Necessary.,-5.841056854
Do You Think People Will See This Issue Differently Because Their Skin Is White?,-4.671389985
He Was Looking At The Man In The Mirror And He Did Change His Ways. See How.,-5.266603541
"According To 1939, The Future Of Men's Fashion Will Consist Of Giving Candy To Pretty Girls",-4.795423169
"Tell Me, If This Kid And His Harmonica Are The Future Of America... We Win, Right?",-4.564776182
How Just One Tree Is Helping San Francisco Gain Independence,-5.796925806
Yo Let's Put These Quotes On The Cover Of Cosmo,-4.843900718
Let The Daily Show Sum Up The NSA Scandal In Less Tham 5 Minutes,-4.060298115
It Takes A Radical Movement In America To Get What Every Other Developed Country Doesn’t Think Twice About,-4.342681589
WATCH: Laughable Law Says No Gay Marriage? Google Says Challenge Accepted.,-5.359868475
He Said WHAT Is A Weapon Of War?,-5.681333796
He Made A Choice. He Took A Life. He Made Another Choice. He's Saving A Community.,-5.652276505
The First Time This Kid Played Harmonica He Earned $80. You'll Be Floored By What He Did With It.,-4.348077715
"What If Everyone Reshaped The Words They Say and Though?
",-5.200761076
There Is No Way That You Built Something THIS Cool In High School. No Way.,-5.369227591
The First Time This Kid Played Harmonica He Earned $80. You'll Be Floored By What He Did With It.,-4.146780272
"Patience Is A Virtue, But This Girl Shows That Diligence Really Gets You Somewhere",-5.089747336
The Knowledge I Gained In School Doesn't Compare To What I Lost,-4.562145062
You Know The Name Of One Of These Athletes But The Other Two Are The Ones You Should Remember,-5.519236223
You Know The Name Of One Of These Athletes But The Other Two Are The Ones You Should Remember,-5.227923901
You Know The Name Of One Of These Athletes But The Other Two Are The Ones You Should Remember,-5.721736278
Those Billionaires Were Pretty Slick With Their Crude Lie. Are We Too Thick To Notice?,-5.089003186
TABOO ALERT: This TED Talk Exposes A Silent Killer,-5.173389968
Move Over Adele: This Lady Wins The 'Songs That Make Me Cry' Award,-4.513140334
TABOO ALERT: This TED Talk Exposes A Silent Killer,-4.441927012
Meet The Human Rosetta Stone,-4.296529263
Ouch: The Knowledge I Gained In School Doesn't Even COMPARE To What I Lost,-4.839595315
Eleven Words That Will Give You A Fiercer Way To Look At Adversity and Knuckleheads,-5.099724614
"What Do You Get When You Take A City And Add 12,000 Lemon Trees?",-5.073159075
"No Matter Who You Are Or What Somebody Calls You, Here Are Eleven Words You Can Snuggle Up With.",-4.396770351
Hold Up. Are HAMBURGERS Really The Answer To Global Warming?!,-5.111567414
"Right Now ""Big Data"" Means Government Spying. But It Doesn't Have To. It Gets Better.",-5.11037026
"If The Steubenville Football Team Had Seen This Video, Maybe We'd Be Short One Injustice.",-4.451903889
"Republican? Democrat? Screw That, I'm With The Kindness Party.",-5.241174851
"I Hate That This Ad Even Has To Exist — But Now I'm Pretty Sure We Need It In America, Too.",-4.258974058
This Beautiful Place Is Home To Unspeakable Violence — And All The Love Humanity Is Capable Of.,-4.793082148
I Wish I'd Seen This At 3 Years Old Instead Of 30. I'd Be A Better Person Today.,-3.745031615
"Why The Universe Is Just One Giant Computer, Waiting For An Upgrade",-5.062447833
"Never Quite Made It To Space Camp? Here's Your Next Best Option (And It's Way More Affordable, Too!)",-5.896141209
SOON: We May Actually Know Everything About Everything,-5.418377011
Horrible Human Beings Bully An 11-Year-Old Veteran's Kid For Singing The National Anthem In Costume,-4.127815661
Some Racist Bullies Picked A Fight With An 11-Year-Old Kid And Lost In Glorious Patriotic Splendor,-3.414264783
Some Racist Bullies Picked A Fight With An 11-Year-Old Kid And Lost In Glorious Patriotic Splendor,-3.311167355
This MIT Professor Has Her Sassy Pants On And She's Not Letting Mark Zuckerberg Off The Hook.,-4.041550667
"NASA Lost It's Funding, So We've Got To Find A Way To Keep Exploring Space. Here's How.",-5.039402701
"Here's How The War On Drugs Could Be Preventing Cures For Depression, Anxiety and Addiction.",-4.203990002
This MIT Professor Has Her Sassy Pants On And She's Not Letting Mark Zuckerberg Off The Hook.,-3.692753926
How The Women Of The Future Will 'Catch' Men,-4.527755109
"The British Commercial For International Aid Is Spectacularious. Your Move, America.",-4.591276648
What Do Your Salad And This Illegal Cure For Depression Have In Common?,-5.043161751
Here Are A Few Lessons You Won't Find In Any Classroom,-5.420155661
"Women Everywhere Are Asked The Same Question, Their Answers Are More Alike Than You'd Think",-4.669400561
An Absolutely Riveting TED Talk About A Woman Risking Her Life In Afghanistan,-5.481579341
Louis CK's Hilarious And Brutally Honest Message About Being A Father,-4.246222969
"I Will Never Complain About My Kids Again. Okay, I Totally Will...",-4.861443061
What Does A Sour Gallon Of Milk Have To Do With The Best Years Of Parenting?,-5.144651066
We'd Travel To The Ends Of The Earth For Our Kids. What Do You Do When You're Not Allowed?,-5.621875891
These Kids Don't Want iPods Or Toys. What They Want -- And Don't Have -- Is Beyond Sad.,-4.825400407
"Ordinarily, I Wouldn't Care About Lounge Singers Breaking Up. This Is The One Exception.",-4.958840621
"Height, Age, And Weight Requirements For Female Flight Attendants? Not Cool.",-5.014411937
"8 Million Children Per Year. If You Just Read This, That's Another.
",-5.546926991
"She's Fierce. She's Blunt. And Sadly, She's Also Right.",-4.800996631
The Amazingly Kind Gesture By A Bunch Of Union 'Thugs' So That This Retiree Wouldn't Be Homeless,-4.943741059
"Parenting Is About More Than Genitals.  Maybe Education Should Be, Too?",-5.059493001
"Two Guys, A Videocamera, And Some Bananas. It's Not What You Think.",-5.089651834
"Talking About Boys, Texting, Shopping, Changing The World... Yep, Tween Girls Are Busy These Days. ",-5.261849617
"Remember When Math Was ""Too Hard"" For The Ladies?  Not So Much.",-5.359412466
"She's Fierce. She's Blunt. And Sadly, She's Also Right.",-4.49884899
"Troubled Kids These Days Need Help, This Is What They're Getting Instead. ",-5.081956318
"No big deal: It’s Just $31 Trillion In Our Global Economy
",-5.734747351
Wow.  These Parents Have The Right Focus - Their Kids. But Why Don't The Schools?,-4.802094743
KAPOW: Oprah Just Bit The Head Off Of The Anti-Gay Marriage Bat,-4.301643957
"""I've Got Nothing To Hide"" Is The Wrong Reaction To Have To The NSA Scandal. Here's Why.",-4.978493016
"A $4000 Utility Bill, An 87-Year-Old Woman, And Some Union 'Thugs' — What Paying It Forward Means",-4.943535673
"Some Rude British People Try To Protest Government Spending, But Confuse Themselves Before They Can",-4.928843089
An App That Will Award Me Points For NOT Doing Something? Sign Me Up!,-5.316782201
America Has Been Waiting Hundreds Of Years For It. This Breakup Needs To Happen.,-4.519390716
"Watch A Politician Claim His Man Brain Is Better Than Lady Brains, Then Fail A Basic Math Lesson",-3.895685899
"Watch A Politician Claim His Brain Is Better Than Lady Brains, Then Fail A Really Basic Math Lesson",-4.165686345
While American Generals Make Impassioned Pleas The Australian Army Lays Down The Gauntlet,-4.661933997
Watch An Angry Army General Deliver Scathing Dress Down To Sexist Troops,-4.269202872
Watch An Angry Army General Deliver Scathing Dress Down To Dishonorable And Sexist Troops,-3.944812828
BOOM: Watch An Enraged Army General Deliver A Scathing Dress Down To Sexist Soldiers,-3.622153986
"Gay Dads, Gay Kids, Me Crying Heart-Warmy Tears In My Living Room",-3.608419993
How This Clip Manages To Anger By Acting As Nice As Possible Is Genius,-4.097299693
"It All Started Before A TV Show In The 90's, 9/11, And That Sidewalk In 2012. Will It Ever Stop?",-4.179656966
These Dads Kick Ass For Equality. Gently And Kindly.,-3.788219344
These Dads Are Proof That Being Brave And Tough Doesn’t Always Look How You Think It Will,-4.397970285
How This Guy Manages To Be Insulting By Acting As Nice As He Possibly Can Is Genius,-3.811126783
Can You Resist This Man’s Powers?,-4.586834088
"If We Were All A Little More Like This Nut Job, The World Would Be A Better Place",-4.446218972
"If You Do This With Your Kids Everyday, I Guarantee They'll Be The Most Beautifullest Human Beings",-3.724720118
"If Any Other Company Depended On Taxpayers To Stay Alive, It Would Be Front Page News",-4.031970822
"Walmart Is A Socialist Company. There, I Said It.",-3.72935029
"That Cheap Stuff You Just Bought At Walmart? Turns Out, It Cost $6000 More Than You Thought",-3.982941732
"Ever Wonder What Sound Would Look Like If You Could See It? Well Now You Can.
",-4.351834011
Find Out Why This Car's Look Might Be The Least Cool Thing About It.,-4.874897922
"Hey, Wheels Off! The Future Of Food Doesn't Include Your Car Eating My Lunch!",-5.703347598
This Guy Gives An Interviewer His Comeuppance & Sums Up The Way Politics Works—With Boston Charm.,-3.806110232
A Future Mom And Dad Prove That The Best Gift A Kid Can Get Is Parents Like These,-4.154345937
Back From The Dead: Could This Frankenfood Be In Your Lunch Today?,-4.176643016
"We're Teaching Kids History, But We're Leaving This Entire Bit Out?",-3.884920682
"This Is Something I'm Still Working On.  Chances Are That If You're A Woman You Are, Too.",-4.456911207
He Was Asked A Pretentious Question. His Answer Shows The Problem With The Way America Functions.,-3.299791845
That Awkward Moment When You Realize That Your Government Saw You Peeing In That Bush,-5.069781395
Watch A Comedian Go Off On The Freakalicious Things We're Doing To Our Water,-3.916605084
Yay or Nay: That Dragonfly Is So Gay (Words Matter!),-5.182238958
Lions And Tigers And Squeeze Cages — Oh My?,-5.3796
He Was Asked A Pretentious Question. His Answer Shows The Problem With The Way America Functions.,-3.887514586
"I Don't Really Want To Eat Stuff That WON'T DIE, And Neither Does Stephen Colbert",-4.047617486
This Pleasantly Surprising Commercial From Australia Has A Twist That Will Make You Think,-3.728196962
He Was Asked A Pretentious Question. His Answer Shows The Problem With The Way America Functions.,-3.281500752
This Pleasantly Surprising Commercial From Australia Has A Twist That Will Make You Think,-3.6570955
"I Have Heard Some Insane Anti-Abortion Arguments, But This One Takes The Cake.",-3.627904703
People Like These Are Usually Ignored When Others Pass Them By. I Dare You To Ignore Them Now.,-4.42945964
Are You Ready To Take On One Of The Most Adorable Challenges To Save The World?,-5.35157086
Did This Congressman Just Imply What I Think He Did About Boy Fetuses?,-3.456331218
"Gay Couple To Terrorists: You Can Bomb Everything You Want, We're Still Going To Be Here
",-4.31173684
Watch This Hilarious Comedian Bash The Freakilicious Food That Won't Take 'NO' For An Answer,-4.058588913
Did This Congressman Just Imply What I Think He Did About Boy Fetuses?,-3.405288822
URGENT: Politicians Will Strip Unless We End Corruption. Probably.,-5.436128382
"True Art Takes Foaming Hatred, Reduces It To Bits, And Turns It Into Something Beautiful. Come See.",-4.891822316
"If Your Friends Are Using This 3-Letter-Word, You May Need To Stage An Intervention",-4.127578205
"Waaaaaiiiit, Shouldn't My Lunch Be Worth More Than Where It Came From?",-5.613565967
"SCANDAL: Politician Goes To Strip Club And... Well, I Was Definitely Not Expecting That.",-4.039735615
Are You One Of Those Selfish Genius Types? Stop Being So Greedy With Them Brains.,-4.718650192
"SCANDAL: Politician Goes To Strip Club And... Well, I Was Definitely Not Expecting That.",-3.813203319
Is This What It Takes To Stop Drunk Drivers? Because It's Freaking Intense.,-3.429656185
"If Sequestration Sounds Like A Funny Word, That's Because Congress Doesn't Speak American",-5.209190732
"They Told This Art It Could Be Anything, So It Turned Into A Protest",-5.108897506
Did You Know Babies Could Commit Crimes? These Folks Didn't Either,-4.233801347
Meet The Women Who Started The Peace Corps...For Geeks,-4.96284463
"His Favorite Song Must Be ""Fever"", The Way He Gives And Gets It. All Day Long.",-5.360186888
One Of The Most Amazing Family of Soul Ninja’s You Will Ever Meet.  Huggles Required.,-4.920531662
This Guy Was Trolling KKK Members Before Trolling On The Internet Was A Thing,-3.589295449
HOLD ON. Why Isn't My Lunch Worth MORE Than Where It Came From!?,-4.691065556
A Vivid Description Of The Day The Ghost Began To Haunt Him,-4.662131999
Are You One Of Those Selfish Genius Types? Stop Being So Greedy With Them Brains.,-4.573014865
Watch A U.S. Immigration Officer Deport A Lady He Probably Shouldn't Be Deporting,-3.996103583
Watch A U.S. Immigration Officer Deport A Lady He Probably Shouldn't Be Deporting,-3.591950317
"Every Day, People Spend 16 Minutes Doing This Thing They Think Is Good For The Planet. It Ain't.",-3.575095763
"Parents Make INCREDIBLE Leap Of Faith, Their Love Might Change Your View Of Family",-5.076771376
"What Do A Girl Scientist, A Boy Doctor, And Kid President Have In Common? These 3 Requests.",-4.80013083
Did You Know That The Coal Companies Once Had A Larger Army Than The Federal Government?,-5.113309277
The Secrets That Those Who Own Everything Don't Want Us To Know,-4.406267474
Watch An Impatient U.S. Immigration Officer Deport A Lady He Probably Shouldn't Be Deporting,-3.328718588
People Thought He Was A Monster And Wanted Him To Die. I’m Glad He’s Alive To Tell His Story.,-4.147785898
Watch A Jerktacular U.S. Government Bureaucrat Deport A Lady He Probably Shouldn't Be Deporting,-3.649263183
Watch A Jerktacular U.S. Immigration Officer Deport A Lady He Probably Shouldn't Be Deporting.,-2.853749292
I’m All Hopped Up On Using My Mouse Clicks For Good. What Are You Gonna Do With  Yours?,-5.647705828
"If This Was 'Dancing With The Stars,' They'd All Get A 10 Except The Boss Dude",-5.06057306
"When The Boss Said 'Dance For Your Day Off,' He Didn't Expect To Be Handed His Lunch",-3.940533553
The Connection Between G.I. Joe And My Monthly Expenses That All Men Should Know About.,-5.628287026
"What If You Could Hear Every Sound Around You, But No One Could Hear You?",-4.696652231
"Remember Those ‘Work From Home’ Ads? Well, You’re Already Doing It. Surprise!",-5.426526787
"Typical Teen, Atypical Body. Watch How She Handles That Combo. ",-4.006238944
These Teens Transform Crippling Insecurities Into A Hilarious Performance,-4.436818017
Women Are Finally Getting A Bigger Piece Of This Pie...Too Bad That Pie Is Only Worth $7.55,-5.425750658
I never expected a 14-year-old's speech on gay rights to leave me speechless,-3.500306514
"Invest One Dollar, Save Six Dollars and 100,000 Lives? I'm Bad At Math, And Even I Get It. ",-4.690800012
WTF! We Could Save Lives AND Money. Tell Me Again Why This Is A Problem?,-4.771656644
"What Happens When The Folks That Are Supposed To Be Fighting With You, Are Fighting Against You?",-4.808041847
"The Next Time A Guy Oogles Me, I'm Going To Stop Him And Show Him This Video.",-3.853284188
Stephen Fry Takes A Firm Stance On Grammar. He Doesn't Go The Way You'd Think.,-3.74302273
"I Hope That Someday, The Whole Premise Of This Video Seems Preposterous.",-3.996217084
"Overcoming Critics Can't Be An Easy Feat In The Modeling World, But This Young Woman Figured Out How.",-4.48195576
Sometimes Getting Involved In Other People's Business Is The Right Thing To Do.,-4.149122768
You'll Never Guess What TIME Magazine Said About Homosexuality In 1966.,-3.920476383
What If We Could Harness The Power Of A Song Getting Stuck In Your Head?,-4.902365685
"I've Needed Someone To Break Down This Whole Drone Thing For Me, And This Nyu Student Finally Did It",-4.208378693
This Man Says The Most Perfect Thing About Why He Gave Up On Trying To 'Cure' Gay People,-4.288197317
The Law Most Landlords Hope You Never Hear About.,-4.185084148
Pro-Gun Bully Tries To Quiet Grieving Father. It Doesn’t Work.,-3.613304193
One Of These Hosts Is Professional. Hint: It Isn't The Three Who Are Currently Hosting This Show,-3.93758497
Comedian Russell Brand Shows These Real Journalists That They Never Should Have Underestimated Him,-3.528643804
"How To Feel Beautifully Confident, Even When Some Jerk Tells You You Shouldn't",-4.033868739
You Know Those Horrible Westboro Demonstrations? This Is The Opposite Of That.,-4.117768376
Fox News Has Determined Why Our Country Is In The Toilet — It's Mr. Rogers' Fault,-3.339864774
"If You're A Woman In A Video Game, Your Chances Of Getting Killed Just Skyrocketed",-4.553162988
Batman Is Here To Lend A Hand To Children With Cancer,-5.29572781
Everybody's Favorite Mafia Boss Talks About Why It's Okay To Be Scared,-4.784596399
The Reality Of Who Actually Works For Minimum Wage Will Shock You,-4.13759838
The Reality Of Who Actually Works For Minimum Wage Will Shock You,-3.597527399
"For A Story With So Many Strong Women, The Director Of 'Oz' Sure Made Them Seem Helpless",-4.537487487
Don't You Wish You Had A Teacher Who Took Your 7th Grade Class From Boring To MATHTASTIC?,-4.545986193
"I'm Not Crying, That's Just 7000 Miles Between A Father And His Young Son In My Eye",-4.225126852
Ladies: Did You Know 'The Wizard Of Oz' Is Actually A Cautionary Tale For You?,-3.557397243
"What's Got These 7th Graders Drooling? It's Not Braces, And It's Not Justin Beiber ...",-4.623977718
Check Out This Bold Move From A Famous Toy Company,-4.327664469
"As Far As Heartwarming Commercials Go, This One Is Hugtacular",-3.864714502
Fox News' Anti-Mr. Rogers Smear Campaign Is Borderline Unforgivable,-3.730621888
How Different Would The World Be With Men Doing This One Thing That Women Usually Do?,-3.700073872
"As Far As Heartwarming Commercials Go, This One Is Heartacular",-3.985100547
So You're Telling Me This Movie Is Historically Significant Because A Black Guy Slaps A White Guy?,-4.022347182
"Someone Gave A Guy A Megaphone, And You'll Be Awed By What He Did With It",-3.702543077
Cookie Monster Is In Jail? I'm Actually Really Happy About The Reason Why.,-4.525116367
"As Far As Heartwarming Commercials Go, This One Is Heartacular",-4.900585438
MUST WATCH: You Need To Hear What This Stand-Up Comic Isn't Making Jokes About,-3.749279247
5 Minutes That'll Remind You That The Prop 8 Road Has Been FAR TOO LONG,-5.2520049
"Is My Math Really Bad, Or Do These Numbers Really Add Up To Common Sense?
",-4.691630129
When Is A Confession Not A Confession? When Someone Holds A Lighter To Your Unmentionables.,-5.193602637
Isn't It Sad When We Have To View A Fifty Year Old Video To Figure Out How To Make Progress?,-5.029637281
The Most Touching And Way Complexiest Family Portrait I've Ever Seen,-4.356245327
"What Happens When You Combine A Racist and A Strong Black Man? A Stunning Moment, That's What.",-3.769937611
"Watch Out, No Child Left Behind, This Teenager Is Coming For You",-4.905014836
This Kid Thinks We Could Save So Many Lives If Only It Was Okay To Say 4 Words,-4.30976074
This Teacher Made Her 3rd Grade Kids Despise Each Other For The Best Reason Imaginable,-3.249700183
"No Matter Your Stance On War, Have You Ever Heard A “Thank You” More Appreciated?",-5.486512445
Time To GET DEEP. What Do The Wall And Flower Symbolize? (Don’t Worry Answers Provided),-5.520218767
What's Worse Than Finding Dried Toothpaste In Your Sink? Here's Some Facts.,-4.578376052
"If Someone Murdered Your Daughter, Could You Do What This Man Does? ",-4.216314624
"These Facts Scare The Crap Out Of Me. And They Should Scare The Crap Out Of You, Too.",-4.766721981
Some Jokes About Our Society Are So On The Money They Deserve Applause,-4.094475787
"If You See This Man Coming At You, You'll Want To Smile When He Shoots",-5.956518893
Canada Imagines Horrific Accidents At Work To Encourage Safety. But Is it Too Graphic?,-5.033917699
"Here We Go Again, Gay People Demanding ""Human Rights"" This and ""Equality"" That 
",-4.616628102
This Kid Thinks We Could Save So Many Lives If Only It Was Okay To Say 4 Words.,-3.454703042
"A Lawyer Gets Doctors To Write Prescriptions Filled By College Students. No, Really.",-4.602871249
"These Facts Scare The Bejeezus Out Of Me. And They Should Scare The Bejeezus Out Of You, Too.",-4.659347378
We'll Look Back At This In 10 Years Time And Be Embarrassed As Hell It Even Existed,-5.299486895
"If A Graffiti Artist and A History Teacher Had A Baby, It Would Be This Video",-5.356443326
"No Matter Your Stance On War, This Moment Deserves An “About Damn Time”",-4.861387828
"How Can This Law Have Served It’s Purpose When The Problem So OBVIOUSLY Still Exists?
",-5.035941991
"That's Weird, Why Isn’t The Media Reporting On The Most Exciting Media News In Years?",-4.59307198
This Is What The Gay Agenda Looks Like. It's Less Scary And Way More Lovely Than You Can Imagine.,-4.718099005
"Photographer’s Sense of Beauty Once Defined By Editors, Now Defined By Humanity",-5.908988325
Can You Imagine Anything Worse For Schools Than Teacher Layoffs? It’s Happening Right Now.,-5.926230132
"If You Are Wondering What The Gay Agenda Looks Like, Here Ya Go. Bring Your Kleenex. You're Welcome.",-4.644073858
"Just When You Think You Haven't Done The Best By Your Kids, They Go And Make You All Warm And Fuzzy",-5.305454002
"If You Think This Is A Threat To Your Marriage, You Are Doing It Wrong",-5.236781425
Fox News Spends 6 Minutes Describing Why Mr. Rogers Was An 'Evil Evil Man',-4.062408216
Children In Every Country Except Brazil Are Terrified To Have Chemotherapy. This Is Brazil's Way.,-5.267440128
A Brave Fan Asks Patrick Stewart A Question He Doesn't Usually Get And Is Given A Wonderful Answer,-4.141782918
Nancy Pelosi Has 2 Words For Michele Bachmann. They Are Perfect.,-3.872802292
Michele Bachmann Has Some Thoughts On The DOMA Ruling. Nancy Pelosi Has 2 Words For Her.,-3.893637758
What Would Happen If You Took Off Every Piece Of Clothing That's Not Made In The USA?,-6.084499413
AIDS-Related Problem Goes Unsolved For 10 Years – So Some Gamers Solved It in 3 Weeks,-4.296076716
A Lot Of People Give Up In Tough Situations. Not Him.,-5.885665339
"Ugh, It’s So Hard To Hear The Way They Were Treated After Such A Godawful War",-5.335420454
"Fun Outside Of School Activities Include: Bike Rides, Zoo Trips, Shooting AK47's
",-6.044531268
"After Such A Godawful War, All I Can Say Is ABOUT DAMN TIME.",-5.421205196
"This Could Easily Be Shown On TV, And That Scares The Crap Out Of Me",-4.914845467
"This Could Easily Be Shown On TV, And That Scares The Crap Out Of Me",-5.258130333
"Delivering Gifts To Kids Around The World? Is This Santa, Or The Best Idea In Education In Years?",-5.795076781
The Most Improbable Family Portrait I've Ever Seen,-4.32873773
The Most Improbable Family Portrait I've Ever Seen,-4.335204128
"If You Were Looking At The Beautiful Picture This Guy Is Looking At, You'd Have This Reaction Too",-4.6955502
This Kid Says He Had A Good Day. What Can We Do To Make It Better?,-5.799813895
Children Are Terrified To Have Chemotherapy In Every Country Except Brazil. This Is Brazil's Way.,-5.443802033
I'm Actually Comfortable With These People Hacking The Government,-5.351552323
One Columnist's Shockingly Simple Advice To A Girl Suffering From Sexist Name Calling,-4.360243476
I'm Actually Comfortable With These People Hacking The Government,-5.607249325
Since When Is Separating Families An American Value?,-5.885613715
Sometimes We Inspire Our Kids In Ways We Don't Even Realize,-5.103873854
Telling Amputee Vets That A Sore Foot In Prep School Is 'In The Line Of Duty' Under Oath? BAD IDEA.,-4.681643779
"Until This Map Is Rainbow Colored And Covered In Glitter, We Have A LOT Left To Do
",-6.002433578
Here's How DOMA Is Like That Awkward Person At The End Of A Party Who Just Won't Leave,-4.996761722
Oprah Reflects On An Interview With Nelson Mandela. Take A Moment To Be Inspired.,-5.017958839
Grosser Than A Date On The Bachelor. Seriously.,-4.679602781
What's The Dumbest Thing You Could Say To A Congresswoman Who Lost Her Legs In Battle? THIS.,-3.972218166
What Happens When 2 Elite Foodies Hit Up A Regular Old Grocery Store?  Lunchables Happen.,-5.395691531
"YOU GUYS, You are NOT The Only One Who Feels How You Feel Right Now",-6.016300621
Why Is Everyone So Silent On The Supreme Court Ruling That Messed With Our Right To Remain Silent?,-5.436428772
"What's The Dumbest Thing You Could Say To A Congresswoman Who Lost Her Legs In Battle? Um, THIS.",-4.051981071
Shady IRS Contractor Tries To Lie To Injured Vet. He Does Not Get Away With It.,-4.737889846
The Supreme Court Did WHAT!? The Terrifying Ruling No One's Talking About.,-4.732889265
"The Difference Between A Democracy And A Dough-ocracy, Courtesy Of Ben & Jerry’s",-5.174980142
Watching This Couple Eat Sexy Foods On The Beach Is Decidedly Unsexy,-5.473292182
Prison Drama Isn’t Always A Bad Thing,-5.817624165
"No Job, No Money, No Problem: This Restaurant Is Happy To Serve You",-5.499572307
Photographer Captures Some Powerful Moments As Protesters Stand Up For Their Rights,-5.662223677
The Supreme Court Did WHAT!? The Terrifying Ruling No One's Talking About.,-4.610887146
"Alcoholism, Bulimia, And Drug Addiction Taught This Woman That Life Is Brutiful",-5.442119114
"On Mother's Day, She Was On The Bathroom Floor, Hungover, And Pregnant",-5.363517745
"I Have A Million Reasons Why This Is Effed Up, But There's Only One Way To Change It. ",-5.870756981
"Everyone Has Their Own Ways Of Dealing With Death. Egg Salad, Poetry, Commercials...
",-5.630980514
What We All Need To Remember When Contemplating Our Goals In Life. Thanks John Lennon.,-4.812184355
"FOR  A BETTER CAUSE: Put Me On Display, In This Way, Any Day. ",-5.514626808
"Fuck. There, I Cursed In My Headline. This Video Is Why I Think Thats Totally Ok.",-6.035367505
"Even Though It's All About Women, The Men At The End Of The Video Inspire Me. ",-5.702383647
DOMA is DONEZO: YouTube Commemorates The Viral Videos That Changed The World,-6.101705989
"Are We Post-Racial? Ohhh, Ohhh Let Me Answer This Question!",-5.908925911
I'M IN LOVE: If I Get These Tattooed On My Boobs Does It Defeat The Purpose?,-5.120792796
"Sorry, We Broke You, And There’s No Legal Way To Put You Back Together",-5.534347229
Words Like Good And Will Don't Belong Together If This Is The Kind Of Thing They Do,-5.047070321
"Love Is Blind, Talent Is A Gift, And Using Your Talents To Make A Stand Is Just Plain Inspiring.",-5.94703984
Quaker Oats Just Got Served... And I'm Not Talking About A Bowl Of Oatmeal,-4.707812726
There Are Two Sides To Every Situation Or Choice -- This Might Help You See Them More Clearly.,-5.540757408
I'm Willing To Bet You've Never Been To The Moon. Here's What It Feels Like.,-5.352739482
I Thought America Valued Freedom Of Assembly. So... What's Happening Here?,-5.176149733
I Thought America Valued Freedom Of Assembly. So... What's Happening Here?,-4.92308726
Why The 2014 World Cup Is A Bad Idea,-5.100040629
I'm Actually Comfortable With These People Hacking The Government,-5.962524143
I'm Actually Comfortable With These People Hacking The Government,-5.713886297
I'm Actually Comfortable With These People Hacking The Government,-5.438460624
I'm Actually Comfortable With These People Hacking The Government,-5.068904202
Someone Seemed To Have The Right Idea 20 Years Ago - So Why Not Bring It Back?,-4.436478397
These Folks Are Recycling Their Soda Bottles By Eating Them,-5.293017633
Coke's Newest Bottle Is Made Of Ice,-4.598426185
"Dear UN, Please Get It Together For The World's Women. Love, A Surprising Humanitarian Star",-4.668401034
Out-Of-Touch-Guys: Gay Marriage Is Will Destroy Straight Marriage. Rachel Maddow: Bless Your Hearts.,-3.942052995
It Only Took Rachel Maddow 48 Seconds To Dismantle An Anti-Gay Zealot's Flawed Ideas On Marriage,-3.678781916
It Only Took Rachel Maddow 48 Seconds To Dismantle An Anti-Gay Zealot's Flawed Ideas On Marriage,-3.255788611
It Only Took Rachel Maddow 48 Seconds To Dismantle An Anti-Gay Fanatic's Flawed Ideas On Marriage,-3.083615364
It Only Took Rachel Maddow 48 Seconds To Debunk An Anti-Gay Zealot's Flawed Ideas On Marriage,-5.564520407
It Only Took Rachel Maddow 48 Seconds To Debunk An Anti-Gay Zealot's Flawed Ideas On Marriage,-2.522719112
It Only Took Rachel Maddow 48 Seconds To Tear Down An Anti-Gay Zealot's Horrible Ideas On Marriage,-2.529169611
It Only Took Rachel Maddow 48 Seconds To Tear Down An Anti-Gay Zealot's Outdated Ideas On Marriage,-2.660860779
Why We Could Really Use A Modern-Day 'New Deal' Right About Now,-5.129560534
"The Stock Market Is Up, And I'd Prefer Not To Cheer...Kthanxbye",-5.745193769
This Adorable 6-Year-Old Won A Case That Will Change The Lives Of Thousands,-3.866381724
This Court Case Is A Huge Victory For Equal Rights. And It's About ... Bathrooms?,-4.525608583
"The Recovery Is Over! Stock Market Is Up! Life Is Great! Wait, What?",-5.653404093
"Ouch, That Had To Hurt! The Smackdown That Frederick Douglass Delivered On July 4, 1852",-4.79395231
"When Compliments Turn Deadly: A Hilarious NSFW Video
",-3.602061482
Check Out These People Totally Rockin' The 'Good Person' Karma Category,-3.925436909
"The Recovery Is Over! Stock Market Is Up! Life Is Great! Wait, What?",-5.078406536
"Every Once In A While, A Court Makes A Badass Ruling And Bathroom Users Rejoice",-4.408674576
Frederick Douglas Was Asked To Speak At A July 4 Celebration. It Didn't Go So Well...,-3.859249713
My Daughter Will Not Be Defined By The Color Pink. She Will Define How To Engineer Pink.,-4.696387681
6 Overused Sentences That I Wish Always Had These Twist Endings,-3.910969819
Watch These 2 Horrifying Minutes To See What Happens To 2 Women A Week,-3.654777401
"If A Famous Actress Calls 'Cut' And Gets Ignored, What Does That Mean For Other Women?
",-3.275994413
How Did These Kids Make Their Invisible Town Visible? Hint: It Wasn’t A Magic Trick.,-4.436072285
"Look, I Get It. Girls Like Pink. That's Only Because You Forgot To Show Them Something Way Cooler.",-3.600400725
It's Time To DePinkerate Our Daughters Lives And Insmartify Their Spongey Brains,-3.952649859
"After Life Wipes You Out, You'll Wish You Had A Friend Like This. And Duct Tape. ",-4.323867721
"The Recovery Is Over! Stock Market Is Up! Life Is Great! Wait, What?",-4.92734779
"If You Are A Woman, Chances Are You Aren't On This Highest Paid In The Country List",-4.785452628
"Wow, This Elementary School Was Horrible To A Little Girl. What She Did About It Was Equalitastic.",-3.285084074
"Google Failed Big Time, But These Kids Made It All Right Again",-4.305475957
Socialized Medicine: You Keep Using That Word. I Do Not Think It Means What You Think It Means.,-4.111250654
This Celebration Of Pride Is Like A Unicorn Leaping Over A Cloud Made Of Star Spangled Cotton Candy,-4.627998534
Did These Cops Really Need To Shoot This Man's Dog?,-4.281883366
Watch A Bunch Of Little Girls Sing A Power Ballad Shattering What Little Girls Are Supposed To Like,-3.576682204
The Science Guy Explains The Basics Of Something You Should Really Know,-4.230162434
What Would You Say If You Had The Chance To Chat With 7th-Grade You?,-4.607299066
Forget About The Glass Ceiling. It's Time To Shatter The Pink Aisle Of Gender Toy Awfulness.,-3.802644403
6 Overused Sentences That I Wish Always Had These Twist Endings,-3.255970637
Imagine Seeing Images Of Your Grandmother Working In A Factory...When She Was 13,-3.763645105
Bill Nye The Science Guy Explains The Basics Of Something You Should Really Know,-3.397279101
"Wow, This Elementary School Was Horrible To A Little Girl. What Happened Next Was Wonderful.",-3.00365995
I Get It. Girls Like Pink. That's Only Because We Failed To Show Them The Far Better Alternative.,-3.23723729
"Look, I Get It. Girls Like Pink. That's Only Because We Failed To Show Them Something Way More Epic.",-3.572749463
This Gay Pride Video Makes Me As Happy As Riding A Candy Colored Unicorn On A Road Made Of Rainbows,-3.992884009
WHOA: Doctors Prove Life Possible Without A Pulse Or A Heartbeat?,-4.608148203
Justice Is Blind? I Don't Think This 14-Year-Old's Mama That Caught This On A Cell Phone Agrees,-3.766689357
"We're Here, We're Queer, And Yay! America Is Getting Used To It!",-4.500374483
Something You Should Watch Before You BBQ,-4.875941786
"HOT CELEB TRENDS: Tuxedos, White Ties and Reflecting Thoughtfully On Workers Rights",-7.082548569
"This TV Character Is Speaking Fluent Onion—Or, When What You're Saying Couldn't Have More Layers",-4.055874525
"A Famous Actress Called 'Cut' On This Scene. Watch, As It's A Scene Millions Of Women Recognize.",-2.513230327
High Steaks Chef Gives Up Career For Good Eats. The Reason Is Delicious.,-5.003946306
"If He Can Build An Energy Source With Scraps, What's Stopping A Huge Country like America?",-4.486730155
"Docs Keep Man Alive With Spare Parts From Home Depot – Inspector Gadet, Is That You?",-4.605351988
Who Knew That Emily And Maya Making Out On 'Pretty Little Liars' Actually Helped Change The World,-3.957871598
Rapper Makes A Reference On Needing To Use A Fist In A Way You Wouldn't Imagine,-4.259961099
Chef Cooks Up Yummy Meals For Less Than A Dollar But His Life Lessons Are Delicious,-4.582461453
What We Would Say About Afghanistan If We Could Just Learn To Shut Up,-4.305776608
A Simple Joke About A Super Obvious Problem In Hollywood Said In A Refreshingly Sly Way,-3.173734169
"If You're Black, Live In America And Get Pulled Over, Stick Your Hands Out The Window.'",-3.757070316
"Presenting 'The Realest 2 Minutes I've Seen On The News In A Long Time', Starring Levar Burton",-3.297715154
A Simple Joke About A Super Obvious Problem In Hollywood Said In A Refreshingly Sly Way,-3.305386213
"Some Beautiful Proof That We Don't Always Get The ""Be A Good Person"" Thing Right The First Time",-4.187220056
"These People Were Hungry For A Better Food System, So They Went Ahead And Made One",-5.105210585
What Would Suburbia Look If It Had The Same Water Resources As Africa?,-3.561846555
"Some Magnificent Proof That We Don't Always Get The ""Be A Good Person"" Thing Right The First Time",-4.277207098
These Folks Are Taking That Whole 'An Injury To One Is An Injury To All' Thing Quite Literally,-4.612236073
Choo Choo! Do You Hear That? That's The Pentagon Pushing Its Agenda Along The Hypocrisy Track,-4.294412667
Know An American Who Thinks We're Equal? Show Them What This Guy Does When He's Stopped By A Cop.,-2.997093215
"What, Did You Think These Things Were Just Given To Us Because EVERYBODY'S Nice When They Own A Company?",-4.575060385
Is This What Suburbia Would Look If It Had The Same Water Resources As Africa?,-3.390380714
"Some Beautiful Proof That We Don't Always Get The ""Be A Good Person"" Thing Right The First Time",-3.97616007
Meet The Doctor Who Thinks We've Got America's Biggest Health Problem Backwards,-3.576597201
"If You're Young, This Is The Only Obamacare Infographic You Need. I Obamadare You To Click On It.",-3.52251683
"The True Story Of A Man With No Heart. Literally, No Heart.",-3.517628467
This Comedian Is So Funny You Wont Realize You Heard Something Meaningful Until She Takes Her Bow,-2.764136195
One Man Gives All Of Himself To Those Who Have Nothing,-4.737951297
"The Next Time Someone Talks About Starving Kids In Africa, Show Them This",-3.616344843
This Comedian Is So Funny You Wont Realize You Heard Something Meaningful Until She Takes Her Bow,-2.858610213
"There’s A Lot Left To Do, But Let’s Just Smile And Hug Each Other For A Moment, Shall We?",-5.399735338
A Man With Cerebral Palsy Shows Us What Determination Looks Like,-4.652839274
It Isn't Just For Status Updates: Social Media Changed This Woman’s Life,-4.262340434
"Even If You Don't Have Kids, An Important Issue Affecting Children Will Affect You, Too",-4.590857723
"In The Worst Moment Of Her Life She Turned To YouTube For Help, And It Worked",-3.801044497
Great. How Has The Government Lost Track Of 60 Billion Dollars This Time??,-4.853591544
These U.S. Soldiers Made Their Epic Homecomings Even Better Than Their Families Could Have Imagined,-4.058773096
This Is How One Woman Stopped Some Bullying Men From Taking Away Women's Rights In The Dark Of Night,-3.625513578
This Is What Happens When Old Sexist Men Try To Take Away Women's Rights In The Dark Of Night,-3.115780316
She Could Have Been Selling Prune Juice For Her Cause And I Still Would Have Bought Five Glasses.,-3.839000417
The Way These Middle Schoolers Said Thank You To Their Retiring Principal Makes Me Want To Dance,-3.493801723
If You Ever Hear Anyone Doing This In Public Please Do More Than Ask Them To Quiet Down.,-3.278537944
Should Militaristic Brainwashing Techniques Be Used On Troubled Kids?,-4.252008731
"Everyone Loves A Good Flashmob, Everyone Loves A Good marriage Proposal. Ready? Same Time.",-3.541054043
She Didn't Let Aged Advice Stop Her. Now She's Giving Age Old Advice That'll Make You Never Stop.,-4.315553877
Rapping Doctor Says That All The Doctors On Tv Are Sucka MDs,-4.90563605
"What Do You Mean Super Or Maxi? IF YOU LOVE ME, YOU'LL JUST GO BUY ME SOME!!!",-3.663187255
"It's 10:00pm, Do You Know Where Your Brothers Are?",-4.186698784
Watch An Artist Turn One City’s Garbage Into Trashtacular Art,-4.416543077
They Thought They Were Sending Their Kids To Paradise. The Reality Was Something Totally Horrifying.,-2.75717047
I Doubt His Parents Thought Sending Their Gay Kid To A Christian School Would Have These Results,-2.959139284
Who Thought The Quick Trip Into The Coffee Shop Could Be Such Hell,-4.209333896
Think About This Video Before You Ever Say 'It’ll Only Take A Minute.',-3.371141249
Your Special Child May Be Way More Special Than You Even Realize,-4.662581093
I Knew I Saw That Fruit Loops Toucan At The Gay Bar The Other Night,-4.659546957
Aren't National Parks Supposed To Be Full Of Things You CAN'T Buy In Line At 7/11?,-4.446379127
"I Always Wondered If Those Doctors On Tv Were Hazardous To My Health, And This Doc Confirms It",-3.989918888
"Why You Should Totally Eat That Leftover Pasta. Yes, You. I'm Talking To You!",-3.817781437
"Why You Should Totally Eat That Leftover Pasta. Yes, You. I'm Talking To You!",-4.416543077
Dustin Hoffman Breaks Down In Tears Trying To Explain Something That Every Woman Already Knows,-2.256204867
This Is Hands Down The Grossest National Park I've Ever Seen,-3.946379282
It's Always Nice To See A Straight Guy Lay Down Some Gay Common Sense,-3.051506854
Dustin Hoffman Breaks Down Crying Explaining Something That Every Woman Sadly Already Experienced,-2.018065602
How Long WILL It Be Before Paula Deen Is Back On TV Waving A Stick Of Butter?,-3.802545717
This Is Hands Down The Grossest National Park I've Ever Seen,-4.068279649
The One Time I Admit A Fifteen-Year Old Is Waaay Smarter Than Me,-4.460052658
On The Right Track: Meet The Boston Marathoner Who Changed That Course For Female Runners Forever,-4.860946191
"If You Think We Haven’t Come A Long Way, Watch How Ridiculous Men Were 40 Years Ago",-3.541409308
"If I Ever Hit On A Straight Guy, I Would Want Him To Be Just Like This Comedian",-3.309893979
"This Man Does One Of The Bravest Things For Human Rights, And Submits Himself To Torture",-4.125093
This New Zealander Wants To Mess With Texas (For A Very Good Reason),-4.887275513
A Famous Actress Called 'Cut' In This Terrifying Scene. A Scene Millions Of Women Recognize.,-2.658799226
That Thing You Think Of When Someone Says 'Body Image' Is Only Half-Right At Best,-3.811134269
WATCH: The People Who Invented Health Care Are Basically Telling Us We're Doing It Wrong,-4.195094465
"She Gets Death Threats For Her Music … So Why Does She Keep Going?
",-4.256098359
"Step 1. Step Away From Your Political Wolfpacks Step 2. Listen To This Comedian For 60 Seconds
",-3.914205496
WATCH: These Taiwanese Policymakers Are Calling Out American Health Care,-4.537326775
"Here's A Video To Help You Judge Your Food, Which Is Okay Because Food Doesn't Have Feelings",-5.227306331
The Most Mundane Details Of This Dad's Life Are What Make Him Amazing,-3.744806306
This Comedian Is So Funny You Won't Realize You Heard Something Meaningful Until She Takes Her Bow,-3.028210677
"The Next Time Someone Tells You To Be Afraid Of Socialized Medicine, Show Them This",-3.681990495
What's The Grossest Thing You Can Think Of Coming Out Of Old Faithful? This Might Be It For Me.,-3.86082124
"If Only These Facts Corresponded With A Special ""Lady Store"" Where Things Were 23% Cheaper",-4.67388629
This New Zealander Wants To Mess With Texas (For A Very Good Reason),-4.527849758
"Sexists Think Women Are Bad At Math, But Do They Really Think We Don't Know 77 Is Less Than 100?",-4.629118412
"Why You Should Totally Eat That Leftover Pasta. Yes, You. I'm Talking To You!",-4.777628445
"2 People With 0 Experience Built A Tiny, Mobile Home With Their Own 4 Hands",-4.405127313
Ever See Pimp #2 On Law And Order And Think To Yourself 'This Is My Dream?',-4.544698854
"Texas Lawmaker Brandishes A Quill Pen, Which Somehow Isn't The Most Outdated Tool In The Texas House",-4.254230157
"She May Act For A Living, But This Time Her Fearless Actions For Gay RIghts Take Center Stage",-3.789898498
This New Zealander Wants To Mess With Texas (For A Very Good Reason),-4.10884375
Why Facebooking About Brazil Could Get The Olympics Canceled (Or Better),-4.598283784
"After This Verbal Beatdown Of A Corporate Big Wig, The Only Thing Missing Was Two Snaps And A Circle",-4.058563471
I'm Not Sure I Could Do What This Actress Did—In Front Of A Police Car—In A Foreign Country...,-3.830230801
"SLAM: Chris Rock Lays Out What Democrats AND Republicans Do Equally Wrong
",-3.477051695
This New Zealander Wants To Mess With Texas (For A Very Good Reason),-5.001258132
"Chris Rock Gives The Best 60-Second Piece Of Advice To Liberals, Conservatives, And Human Beings",-3.358486964
WOW: How One Country Is Sending Two Powerful Words To Their Leaders,-4.851485057
"She Won’t Stay Inside And Be Silent, And That Angers A Lot Of Men In Her Country
",-4.365457538
"Chris Rock Gives The Best 60-Second Piece Of Advice To Liberals, Conservatives, And Human Beings",-3.209520026
"The Justice System Is Screwed, The Country Is In Upheaval, And These Women Have Had Enough
",-4.309635137
I Cannot Believe The Men Think They Can Get Away With This In Front Of Our Eyes,-3.650755883
This Is Hands Down The Most Unnatural National Park I've Ever Seen,-3.414156526
This Guy Wants To Mess With Texas (For A Very Good Reason),-3.893505502
Profiles In Courage: Floor Speeches Against DOMA Way Back In ‘96,-4.701432294
"The School In This Commercial May Be Fake, But The Reason It Exists Is All Too Real",-4.043051268
"If This Sweet Project Won Second Place At The Science Fair, First Place Must’ve Been A Time Machine",-3.619516692
"Sick Of Paying Rent? Just Build Your Own Tiny Palace, Like These Guys Did.",-3.744674505
"Take Two 'Normal' People, Add Money To Just One Of Them, And Watch What Happens Next",-3.09707184
Congressman Responds Like A Real Person Would After Getting A Really Inane Letter From His Coworkers,-3.159382849
Congressman Responds Like A Real Person Would After Getting A Really Inane Letter From His Coworkers,-3.720622189
Happens Every Time: Watching This Dude Kill It On The Dance Floor Makes My Heart Burst Open,-3.646192888
A 10 Year Old Girl Has More Sense Than 29 Of Our States. Now That’s Messed Up.,-3.905452796
Congressman Responds Like A Real Human Would After Getting A Really Inane Letter From His Coworkers,-3.19989498
Wipe The Fog From Your Goggles: That Ain’t A Fish Swimming Next To You,-4.14716699
Happens Every Time: Watching This Dude Kill It On The Dance Floor Makes My Heart Burst Open,-3.525064828
Straight-Shooting Texas Lawmaker Reminds Male Colleagues Exactly Who Changed Their Diapers,-3.917152683
The Only Time It’s OK To Make A Kid Cry In Front Of His Entire School Is Right Here,-3.417823682
A 12-Year-Old Egyptian Boy Flabbergasts An Interviewer. They Weren't Expecting A Political Genius.,-3.122309626
"A Little Kid Talks To A D-List Celebrity... Wait, Where Are You Going? I Promise Its A Good Thing.",-3.491768216
A 12-Year-Old Egyptian Boy Flabbergasts An Interviewer. They Weren't Expecting A Political Genius.,-2.825293192
The Texas Legislature Allows A Woman To Speak And Then Forcibly Drags Her From The Stand,-3.406080544
"This Playwright Just Convinced Me That I Am A Flower, And I Think You Are Too",-4.597513832
This Comedian Just Pointed Out What Dudes Never Think Of When Asking A Woman Out.,-2.633205229
"This Woman Doesn't Believe In God, But Her View On Life & Death Is Absolutely Heavenly",-3.117325954
A Twist On A Classic Song Tells You Everything You Need To Know About The Terrifying Abortion Bill,-4.118580324
"There Are A Lot Of Clips About How Broken Our System Is, But Here's One That Offers To Fix It",-4.931358059
HALLELUJAH: Here Are All Of The Things I've Wanted To Yell Down The Self Help-Aisle,-4.523540198
Earth To Women: Stay Right There,-3.697808933
"Houston, We Had A Lady Problem",-3.846837026
Bette Midler Didn’t Know This Was Going To Be Caught On Tape. That Makes This Even More Amazing.,-2.623078044
"A Little Kid Talks To Miley Cyrus... Wait, Where Are You Going? I Promise Its A Good Thing.",-3.690235124
A Twist On A Classic Song Tells You Everything You Need To Know About The Terrifying Abortion Bill,-3.763537589
A Twist On A Classic Song Tells You Everything You Need To Know About The Terrifying Abortion Bill,-4.043896398
"A Little Kid Talks To Charlie Sheen... Wait, Where Are You Going? I Promise Its A Good Thing.",-4.292236903
If We Ever Needed Something To Prove That Movie Executives Think It's A Man's World...,-4.254761284
"NASA’s 1962 Letter To Aspiring Female Astronaut: No
",-3.909215329
This Guy Wants To Lure Your Children Over To His Fake Ice Cream Truck. If You’re Lucky.,-3.593373603
A Twist On A Grade School Song Tells Everything You Need To Know About The Terrifying Abortion Bill,-3.756403483
NASA's 1962 Letter To Aspiring Astronaut Reveals A Deep Fear Of Floating Women,-3.699819394
"A Little Kid Talks To Charlie Sheen... Hey, Wait! I Promise Its A Good Thing!",-4.2024229
"Muhammad Ali Could Throw A Mean Punch, But The Fight For His Freedom Was His Real Knock-out",-4.825578292
Here's What The Trayvon Martin Case Was About (Aside From A Failed Attempt At Justice),-3.409732284
"In Case You Missed It, Here's What The Trayvon Martin Case Was About (Aside From Attempted Justice)",-3.133151837
Imagine If This Man Had Walked Down The Wrong Street On The Wrong Night Wearing The Wrong Thing,-3.931825633
"In Case You Missed It, Here's What The Trayvon Martin Case Was About (Aside From Attempted Justice)",-3.283243098
"In Case You Missed It, Here's What You Don't Get About The Whole Trayvon Martin Trial",-2.633922877
"If You Follow This Budget Planner From McDonald's, Happy Meals Might Be Your Only Way To Eat",-4.71731893
"We Should Stand Our Ground. For Justice, As We Listen To These Words.",-4.754403133
Its Not A Hymn For Hoodies. Its A Reminder Of The Biggest Question About This Whole Mess,-4.239362758
I’d Like To Create A Playlist For America This Week. Here's Track 1.,-4.406053837
"Dear CNBC: If You Plan On Debating Elizabeth Warren, I'd Recommend Brings Some Actual Facts With You",-3.17750783
Some CNBC Hosts Decide To Teach Senator Warren How Regulation Works. They Forgot To Bring Facts.,-3.111790467
Don't Think American Cinema Revolves Around Men? Take A Look Here.,-4.152651357
"Turns Out, We Might As Well Base Our Economy On Mars",-4.485173163
"If I Heard My Child Say What Melissa Harris Perry's Daughter Said To Her, I Would Be Shocked",-3.245454145
Don't Think American Cinema Revolves Around Men? Take A Look Here.,-3.929104014
I Can't Believe I Live In A Country Where Children Are Saying What I Just Heard This Pundit Say,-3.300093838
Forget Everything You Learned In Economics. You Were Lied To.,-4.180301166
"If Laughter Is The Best Medicine, Why Do These Funny People Worry About Getting Sick?",-4.801401642
"Brown Bear. Brown Bear. What Do You See?  Well, Apparently Not You.",-4.61362491
Put A Cape On This Guy Because The Way He Fights His Demons Is Super Human,-3.829483644
These Hardworking People Make Something That Can't Be Measured In Dollars,-5.002635904
"If You've Ever Been In A Cab In Any Big City, You'll Understand What Makes This Guy Tick",-4.339191804
Meet The Edward Snowden Of Supermarkets. (He's Looking For Asylum In The Dairy Aisle.),-4.333361463
Forget Everything You Learned In Economics. You Were Lied To.,-3.509384089
"This Guy Can Walk Now, Thanks To Science NONFICTION",-4.796845027
"Junk Food Is Garbage, So These Teens Are Talking Trash To Power.",-4.204332907
"What Happens When You Identify With A Killer, Even If You Don't Want To?",-3.17545876
Why Do We Need To Keep Convincing People This Is A Real Disease?,-3.303250548
"Children Are Using Charlie Sheen To Learn English. Don't Worry, It's A Good Thing!",-4.826890503
How Can Our Kids Accept Diversity If These Books Are What We Use To Raise Them?,-4.401263491
"Most Forget An Item Or Two On Their Grocery List, But Here's The MOST Important Thing To Remember",-3.641869619
"Can You Give Me Cheese Burger, A Coke, And A Side Of Fairness. Hold The Injustice.
",-4.903104403
"You Can’t Decide What You Want People To Remember You By, Which Is Why This Story Is So Wonderful
",-4.396950943
"To The Court, Its Case Closed. To A Mother's Heart, Its Being Closed-Minded.",-4.842264748
What Stevie Wonder Did For Trayvon Just Made My Heart Skip A Beat,-2.804242604
"Wait, There’s A Better Option For Paralyzed People Than A 2,300-Year-Old Rolling Chair?",-3.93978927
"The White House Explains Why They're Keen On Changing These Peoples Lives For The Better
",-4.763141053
"Anything That Encourages Kids To Consider Being A Rapper Alongside A Brain Surgeon Is Amazing
",-4.548321322
"I’d Like A Bag Of Fries, A Coke, And This Massive Injustice Sorted Out By The Time I Pick It Up",-4.00679432
ITS NO JOKE: A Notoriously Loudmouth Celeb All Of Sudden Goes Silent On Healthcare For Her Staff,-4.091593529
"What Is It To Be Free? If You Had To Make His Heart-Breaking Choices, You'd Still Be Asking",-4.787314422
It's A Huge Problem When I'm Siding With The Sheriff Of Mayberry Over The American Government,-4.44419298
Why Is This Unsigned Country Singer Getting So Much Attention For The Love Interest In His Video?,-3.972832673
"The Government Wants You To Be Ready For Zombies. And They Have A Good Reason, Too.",-4.289665002
Why Do We Need To Keep Convincing People This Is A Real Disease?,-3.32458861
So You're Telling Me This TV Character From 1960 Gets The Constitution But The NSA Doesn't?,-4.34745706
The Most Beautiful Answer To A Rude Question That Gets Asked All The Time,-3.087595738
Clearly We Need To Keep Convincing People This Is A Real Disease,-3.163710955
How Can Our Kids Accept Diversity If These Books Are What We Use To Raise Them?,-3.802920671
Clearly We Need To Keep Convincing People This Is A Real Disease,-3.462828675
"Call Me Crazy, But I Don’t Think Moms Should Have To Hide In Dirty Bathroom Stalls",-4.35145852
The Kind Of Room Service That Will Make Your Hotel Stay Even Better,-4.8391813
Why Is This Unsigned Country Singer Getting So Much Attention For The Love Interest In His Video?,-3.59510036
OMG! Mother Recounts Shame That Drove Her To A Dirty Toilet Stall.,-3.910845842
This Guy Sees How Dirty Our Cleaning Habits Are. Do you?,-3.981371369
"As A Man, I’m Disgusted That We Could Demean Women This Way. Disgusted.",-3.371617645
This Guy Sees How Dirty Our Cleaning Habits Are. Do you?,-4.189428574
How Can Our Kids Accept Diversity If These Books Are What We Use To Raise Them?,-3.526232081
Ever Wonder Why It Takes So Damn Long To Get To The Milk At The Grocery Store?,-3.997114979
"People With Disabilities Are Laughing At YOU, But You’ll Want To Laugh WITH Them",-4.17438727
"Why It’s Dangerous To Treat Corporations Like People, Explained In One Minute (With Cool Animation)",-4.55017661
A Super Simple Way To Banish Bullies That Is 100% Worth Trying At Home,-3.686635559
A Super Simple Way To Banish Bullies That Is 100% Worth Trying At Home,-3.650564805
"The Daily Show Want To Rename Florida. I Think Their Name Rings Far, Far Truer.
",-2.716373674
"That OMG-WTF-Humanity Anger You're Feeling? Let The Daily Show Put It Into Words For You
",-2.857649849
It's Rare That The Daily Show Slips Out Of Satire And Into Anger. This Is One Of Those Times.,-2.06392173
It's Rare That The Daily Show Slips Out Of Satire And Into Anger. This Is One Of Those Times.,-2.091050769
Scientists Need To Stop Pretending That Reversing Climate Change Is 'Fun',-5.016600374
The Media's Accidental Destruction Of The Classic 'Regular Political Interview',-4.7723061
"It's Hard To Believe, But There Used To Be A Worse Way To 'Elect A President'",-4.516626535
"A Holocaust Survivor Has Nothing But Love, Peace, And Good Advice For Germany",-4.011812476
Here's The Infographic Your Gas Station Doesn't Want You To See,-3.955919261
"So A Debate Over A ""Controversial"" Ad Just Got Owned By A Bunch Of Kids",-3.86379174
This Everyday Substance Seems Pretty Harmless. Until You See Where It Ends Up.,-4.740853517
Here's The Infographic Your Gas Station Doesn't Want You To See,-4.032586056
"After Being Confronted With Racism, This Group Of Kids Say What I Wish Everyone Thought",-3.82958613
Extended Forecast: A 100% Chance Of These 2 Kids Kicking Major Butt In Life,-4.610229828
Here's The Infographic Your Gas Station Doesn't Want You To See,-3.916394389
Watch The Video That CNBC Is So Scared Of That They Filed A Copyright Complaint Against A Senator,-3.115549538
MUST WATCH: The Video CNBC Is Trying To Hide From The Entire Internet,-3.197785412
"Think Trayvon's Record Said Something About His Character?  Well, Get A Load Of This.",-2.922456238
MUST WATCH: The Video CNBC TRIED To Hide From The Internets. They Probably Shouldn't Have Done That.,-3.274533565
DOPE: This Never Determined My Future And It Shouldn't Determine Yours Either.,-4.585862173
The Trigger He Was Going To Pull Was The Trigger He Needed To Turn His Life Around,-4.512785547
"The Hardest Decision For This Soldier Was Not On The Battlefield, But On His Own Driveway",-3.984098839
"While We Might Not All Be Trayvon Martin, President Barack Obama Actually Was",-3.813395329
"How Gangnam Style Is Helping Kids In A Slum Of Phnom Penh, Cambodia",-4.333892901
95 Young Adult Books To Read This Summer Instead Of Reading 'Harry Potter' AGAIN,-4.521590929
95 Books To Read This Summer Instead Of Reading 'Harry Potter' AGAIN,-4.115459626
Here's The Infographic Your Gas Station Doesn't Want You To See,-4.442319801
Is It Racist If I Think All Old White Men Are Serial Killers? What If They Are Wearing A Hoodie?,-4.413329784
WOW: If Only Barbie Actually Looked Like This?,-3.837094184
"Meet The Wannabe New Barbie, No Longer Burdened With Those Unattainable Alien-Like Legs",-3.466628362
"Meet The Wannabe New Barbie, No Longer Burdened With Those Unattainable Alien-Like Legs",-3.566173607
"If this is how the nice kids think, imagine how the not-so-nice ones feel ",-3.552466215
Since When Does a Watching A Video Buy Someone Dinner?,-5.184967059
"If this is how the nice kids think, imagine how the not-so-nice ones feel ",-3.899469289
One Girl Had A Mission To Show Everyone They Were Beautiful. Here's Her Story.,-4.401263491
"By The Time He’s Done Brushing His Teeth, This Kid Will Be Dead. It's Pretty Cool.",-3.184572151
"If You Can Read This, Thank A ParentNurseComfortorProtectorSafetyNetCounselor",-6.101066057
"If You Know Nothing About Keystone XL, Here's An Adorable Animation You Should Watch",-4.913909479
"If You Know Nothing About Keystone XL, Here's An Adorable Animation You Should Watch",-5.23724757
The Surprisingly Simple Staff Change That Totally Turned One School Around,-4.367498534
"If We’re Going To Change The Influence Money Has Over Politicians, We Need To Listen To These Folks",-5.071974258
A Little Girl's Moment Of Courage Captured On Camera Is The Reason We Need To Look After Each Other,-3.556979383
A Little Girl's Moment Of Courage Captured On Camera Is The Reason We Need To Look After Each Other,-3.356522245
"She Did Well In School And Had Plans To Be A Doctor, So The U.S. Gov’t Took The Next Logical Step",-3.957837318
I'm Actually Comfortable With These People Hacking The Government,-4.809289474
A Wrestler Who Can't Walk And His Best Friend Who Can't See Decided To Blow Your Mind,-3.770924035
Watch A Religious Man Masterfully Explain What Everyone Missed About The Trayvon Martin Case,-2.904021879
Watch A Preacher Succinctly Explain What Everyone Missed About The Trayvon Martin Case,-2.779114999
True Story: Over 90% Of Working Mothers In This Industry Have NO Paid Sick Days,-5.183994248
Meet 4 Kenyan Women Who Want You To Keep Your 'Poverty Porn' To Yourself,-3.165943762
"Well, If You Put It That Way... What Were The Last 200 Years For, America?",-4.513554926
Everything You Need To See To Convince You That Global Warming Is Happening (In 13 Seconds),-3.446955152
You'll Want To See Why This Teen Can't Distinguish Corporate Farmers From Drug Dealers,-3.42831182
"If You Know Nothing About Keystone XL, Here's An Adorable Animation You Should Watch",-4.122725855
"Why Did This Police Chief Apologize For Something He Didn’t Do, 50 Years After It’d Happened?",-4.434433439
"If You Know Nothing About Keystone XL, Here's An Adorable Animation You Should Watch",-4.955255901
Meet 4 Kenyan Women Who Want You To Keep Your 'Poverty Porn' To Yourself,-3.697057601
Here's A Very Un-Slick Answer By A Presidential Candidate About Those Well-Oiled Super PACs,-4.913597126
Do All The Girls That Save The Day NEED To Look A Certain Way?,-3.416821114
Why Do All The Girls That Save The Day Only Look A Certain Way?,-2.980300155
"Brown Bear, Brown Bear, What Do You See? I See People Sticking It To Me.",-3.54207353
Everything You Need To See To Convince You That Global Warming Is Happening (In 13 Seconds),-3.901525622
"With All The Junk Food Judgment We Pass Around, Ronald McDonald Is Still Making A Killing.",-4.6328235
The Government Has A Sexy Little Music Video They'd Prefer You Didn't Watch,-3.49166223
"Yes, What You're Seeing Here Are ACTUAL Alternatives To Health Care Reform.",-3.217096465
"Sexual Harassment, Exposure To Harmful Chemicals, Low Pay. Its All In A Day's Work Here.",-4.387987097
Stephen Fry Confesses Into a Webcam What He Really Feels About Being Gay,-2.727477129
Short And Bitter: Racism's Catch 22 Explained In Two Sentences,-3.162373596
"For Someone Who 'Lives' Online, This Poet’s Rant Was A Good Reminder To Keep My IRL Friends Close",-4.538574906
A Journalist Went Near Mount Rushmore To Take Some Photos. What He Found Changed His Life Forever.,-2.670773543
The Most Anti-Gay Airline In The Entire World Has A New Safety Video,-2.599221292
Finally – A Graph That Explains Why We’re Not Getting Anywhere On Climate Change,-3.953817723
Rachel Maddow Connects The Dots. Only The Dots Are Women’s Rights. And They’re Disappearing.,-4.090404225
Could This Guy With A Mop On His Head Actually Be A Real Life Superhero?,-4.314561461
This Parks And Rec Star Totally Got The Last Word When She Was Disrespected At A Red Light,-2.91469701
"Meet Islam’s Most Eloquent Defender
",-3.816413568
"It Might Look Like A Bunch Of Scribbles, But It’s Actually Packed With Buckets Of Wisdom",-3.33476634
A Defense Of Islam That’s So Good You’ll Think Aaron Sorkin Wrote It,-3.273070982
"It Might Look Like A Bunch Of Scribbles, But It’s Actually Packed With Buckets Of Wisdom",-3.597213704
"If This Kid And I Were Standing At A Train Station, Its 8 Times More Likely He'll Get Shot.",-4.091226152
One Of The Few Times Saying 'They're Always Watching You' Isn't Creepy,-3.847761779
"Compassion And Empathy Are Nice And All, But Sometimes, They Don't Do A Thing",-4.134338628
Scientists Need To Stop Pretending That Reversing Climate Change Is 'Fun',-4.382253882
"Compassion And Empathy Are Nice And All, But Sometimes, They Don't Do A Thing",-3.798809513
Can We Break These Stereotypes Already? Muslim Women Everywhere Deserve Better.,-4.175128422
Men: The More Powerful Sex Or The More Repressed Sex?,-3.977129547
The Kind Of Game You Might Just Lose Because You Were Trying To Be Nice,-3.777439631
Apparently There Is A Question That A Large Majority Of Adults Are Incredibly Afraid To Ask,-3.598709104
"There May Be No Crying In Baseball, But In Football Its AOK",-5.132948079
"The Burglars Could Still Be In There, But What The Hell: You Want A Bath",-3.800183809
Here Are Some Things You Can Do While You Wait For Burglars To Leave Your House,-3.619545739
Burglars In Your House? Here Are Some Things You Can Do While You Wait For Them To Leave,-3.381937959
He Won’t Build You A Stairway To Heaven. It’s More Like A Doorway.,-4.137238483
Apparently There Is A Question That A Large Majority Of Adults Are Incredibly Afraid To Ask,-3.624061174
By The Numbers: What A Minimum Wage Increase Would Do To Your Shopping Bill.,-4.358379671
"A Muslim Scholar Writes A Book About Jesus, And This Newscaster's Brain Explodes",-3.38205322
Consider This Trashy Fact Before Digging Into Your Next Seafood Feast,-4.301515822
What Happened When A College Kid Took On The Oil And Gas Industry?,-3.80666249
The Kind Of Attention Seeking That I Am Totally Cool With Celebrities Doing,-3.263189063
What Happened When A College Kid Took On The Oil And Gas Industry?,-3.819866725
Retired Teacher Asks Sexting Politician The Question We All Wish He'd Answer. Accountability Ensues.,-2.776939708
A Celebrity Couple Are Hounded By Paparazzi And Decide To Respond In A Wonderful Way.,-2.259557514
Watch A Retired Teacher Shatter What's Left Of A Politician's Mayoral Campaign In Under 2 Minutes,-2.553135871
Watch A Retired Teacher Shatter What's Left Of A Politician's Mayoral Campaign In Under 2 Minutes,-2.530337173
What Happened When A College Kid Took On The Oil And Gas Industry?,-4.076340317
W-W-Dumber-You? This Jokester May Be Right About When Technology And Human Nature Mix,-4.400508632
The Nerdy Kid From Star Trek Just Beamed Tears Onto My Face With His Inspiring Words For A Baby Geek,-3.06354475
What Advice Has A Locker Room Full Of Football Players Overcome With Emotion?,-3.573975335
"Euphony: (n.) Wonderful Sounds. Now That You Know, You Can Describe These Trailblazing Ladies Right.",-4.698809211
To Act Against Conformity Is To Keep The World An Interesting And Amazing Place,-4.28292503
Anyone Could Make This Mistake. The Fact It Happens All The Time Is Frightening.,-2.718690621
"Don’t Be Discouraged By His Potty Mouth, This Guy Is Starting An Important Conversation",-3.635190949
A Geek Mom Asked A Celebrity Nerd To Give Her Baby Geek Some Wisdom. Set Phasers To Heartwarming.,-3.188087043
"If You Still Don't Think We Need Feminism, You Should Know These Girls Were Bullied For These Signs",-2.567160525
This Is What It Looks Like When The King Of The Geeks Gives Your Infant Daughter A Pep Talk,-2.760722825
"Don’t Be Alarmed By His Potty Mouth, This Guy Is Starting An Important Conversation",-3.196062503
His Jokes Will Wake The Part Of You That Used To Make Friends Without Mark Zuckerberg's Help,-2.970142616
His Jokes Will Wake The Part Of You That Used To Make Friends Without Mark Zuckerberg's Help,-2.773151627
Because The Way We've Been Talking About Gettin' It On Is Turnin' Me Off,-3.592607273
"If This Unconventional Educator Had His Way, No Student Would Ever Be Uniform Again",-3.657613413
Ronald McDonald Would Like To Talk To You About Budgeting ... With Stephen Colbert's Help,-3.657184073
How To Help A Quarter Of Kids Have A Better Life,-4.010857418
"If You Still Don't Think We Need Feminism, You Should Know These Girls Were Bullied For These Signs",-2.819300809
Meet 7 Families That Will Make You Believe You Can Do So Much More With Your Groceries,-3.78709915
Meet 7 Families That Will Make You Believe You Can Do So Much More With Your Groceries,-3.584245841
Because The Way We've Been Talking About Gettin' It On Is Turnin' Me Off,-4.376434103
"Stephen Colbert's Scathing, Hilarious Response To McDonald's McMinimum Wage Budget",-2.838603075
They Ate At 50 Schools In The Name Of Progress. Bless Their Souls.,-4.236251278
"Can You Guess What Suffocates Dolphins, Is Almost Immortal, And Can Be Used To Make New Islands?",-3.900721286
Because The Way We've Been Talking About Gettin' It On Is Turnin' Me Off,-4.078654346
"Congratulations For Winning My Prestigious Slow-Ass Award, Detroit Police",-3.067958009
"I'd List All The Nerdy Stuff I Like, But Oh Wait — I've Got Nothing To Prove",-3.248493466
Once Upon A Time A Country Killed A 16-Year-Old American Boy And Wouldn't Say Why. Guess Which One.,-2.936308853
These Photos Make A Thought-Provoking Point About Something You Probably Just Did A Few Seconds Ago,-3.244921117
"I'm A Geek Girl, I'm Not Weak. I Like What I Like, And I've Got Nothing To Prove. ",-3.338594308
Probably The Coolest Way To Squeeze Every Available Resource I’ve Ever Seen,-3.882749118
"Don't Let The Dulcet Tones Fool You, These Girls Have Had ENOUGH Of Being Called 'Fake'",-3.025644059
Desmond Tutu Thinks That What We're Fighting Against Here Is As Important As Apartheid.,-4.006487161
"I'd Ask You To Like This Photo If You Agree With It, But Then I Think That Proves The Photo Right",-2.872634507
WOW! Best Use Of Ad Space I Have Ever Seen.,-3.692612635
What World Do We Live In When Even An Act Of Kindness Faces This Kind of Discrimination?,-3.426957949
Listen To These People Talk About Living On The Edge And Then Tell Me Why We Can't Change Things,-3.9386226
Some Geek Boys Called These Geek Girls 'Fake.' They Won't Make That Stupid Mistake Again.,-2.05544505
"In 9 Words, Desmond Tutu Summarizes Why He Is Against A 'Homophobic God'",-3.10150755
WOW! Best Use Of Ad Space I Have Ever Seen.,-3.610528959
The Fact That This Is Fake Is Hilarious. The Fact We Thought It Was Real Is Disturbing.,-2.954374892
What Happens When You Give A Teacher Superpowers? You Probably Aren't Expecting This.,-3.710921554
The Fact That These Are Fake Is Hilarious. The Fact We Thought They Were Real Is Disturbing.,-3.293973974
What Happens When You Give A Teacher Superpowers? This Might Not Be What You Expect.,-3.572151896
The Fact That These Ads Are Fake Is Hilarious. That Everyone Thought They Are Real Is Disconcerting.,-2.920596281
Listen To These People Talk About Living On The Edge And Then Tell Me Why We Can't Change Things,-4.043428484
"We All Want To Make This Invisible Problem Visible So We Can End It. Here Look, Liam Neeson Agrees.",-3.784782344
"When A Parent Plans To Raise A Boy Into A Man And It Doesn’t Go As Planned, What Happens Next?",-3.382936423
"The Next TIme I See A White Kid In A Hoodie, I'm Calling The Cops",-3.567028577
Six Facts About One Social Program That Might Surprise You,-3.943406538
Why Don't More White People Speak Out About White On White Crime,-3.776212595
I'm Tired Of Being Scared That White People Could Riot At Any Moment,-3.227524035
People Should Stop Being So Afraid Of White People. They Aren't As Scary As You Think.,-3.32550383
Liam Neeson Wants Us To Turn This Invisible Painful Truth About Our Children Visible,-2.880267976
Dear White People: You Need To Do Something About Some Of Your Scarier White People,-3.024621283
Dear White People: You Need To Do Something About Some Of Your Scarier White People,-2.622312752
Dear White People: You Need To Do Something About Some Of Your Scarier White People,-2.788046708
A Mom Had Plans To Raise Her Boy Into A Man. But That Didn't Quite Work Out.,-2.836545292
Dear White People: You Need To Do Something About Your Angrier White People,-2.951034901
Dear White People: Could You Please Do Something About Your More Ragetacular White People?,-2.799076496
Dear White People: You Need To Do Something About Some Of Your Scarier White People,-2.871813907
This Jelly Bean Analogy Of My Life Makes Me Hungry For More Adventures,-4.201370357
"When Someone Comes Out, What Do You Do When You Want To Know What’s Wrong With You?",-3.839856467
"6 Actors, One Powerful Poem. This Is ""black Boy Wonder"" And You Need To Hear It",-3.302196188
Usually Tampon Ads Give Me Cramps And A Headache. This One Makes Me Smile.,-2.929341504
"You've Probably Already Seen The Ending, But You'll Never Guess How It Ends",-2.864760488
"Everyone Has One Great Poem Inside Them, And This Actor Just Nailed His",-3.817404175
"You've Probably Already Seen The Ending, But You'll Never Guess How It Ends",-3.17481419
Your Real Life Friends Will Enjoy This Passionate Plea,-4.086459148
More iChat Than Eye Contact?,-4.177917724
Know Someone Who Has More Likes Than Friends? This Man Has A Few Words For Them.,-4.132999504
All Your Favorite Films Smushed Together To Form One Incredible Three-Minute Clip,-3.252811217
Two Lives. Same Planet. Completely Different Worlds.,-3.838785995
"Sticks And Stones May Break Her Bones, But Words Can Always Hurt Her",-4.055198753
"Pixar Doesn't Make NSA Adverts, But If They Did, They'd Look Like These 20 Seconds",-3.696333356
"Pixar Doesn't Make NSA Adverts, But If They Did, They'd Look Like These 20 Seconds",-3.504832271
Don't Regret And Wish You Could Rewind. Instead Be Kind.,-3.823642886
500 Young Folks Went To Turkey To Get Riled Up. Now It's Your Turn.,-4.884936395
A Quick Remedy If You've Lost Hope In The Ones Fighting For Our Future,-3.975956505
This Little Girl's Words Will Take You To A Dark Place So We Can See The Light,-3.170977571
A Quick Remedy If You've Lost Hope In The Ones Fighting For Our Future,-4.269615176
"You May Think It's Healthy, But This Food's Got Some Tricks Up Its Husk",-4.208464074
Could Learning This Convoluted Dance Really Be A Matter Of Life And Death?,-4.111645023
"Her Father Didn't Do Anything Out Of The Ordinary, But Society Makes It Feel Like He Did.",-3.630656644
Girls Shouldn't Feel Guilty For Being Born A Girl. Yet Why Are So Many Made To Feel That Way?,-4.143134726
Could Learning This Convoluted Dance Really Be A Matter Of Life And Death?,-4.518026569
"He Didn't Do Anything Out Of The Ordinary, But Society Makes It Feel Like He Did.",-3.890582674
"You May Think It's Healthy, But This Food's Got Some Tricks Up Its Husk",-3.627118846
Could Learning This Convoluted Dance Really Be A Matter Of Life And Death?,-4.171124033
"At This Spelling Bee, They Could Not Have Asked Him To Spell A Harder Word",-3.370681838
This Little Girl's Words Will Take You To A Dark Place So We Can See The Light,-3.362063151
Few Things More Beautiful Than These Two Women Singing These 22 Words,-3.200397693
"Turns Out, Learning This Crazy Complex Dance Could Be A Matter Of Life And Death",-4.15390749
Few Things More Beautiful Than These Two Women Singing These 22 Words,-3.557993566
"You May Think It's Healthy, But This Food's Got Some Tricks Up Its Husk",-4.129849073
Few Things More Beautiful Than These Two Women Singing These 22 Words,-3.417247228
Watch This Guy Totally Misspell Father At A Spelling Bee For A Totally Beautiful Reason,-2.709295531
Watch This Guy Totally Misspell 'Father' At A Spelling Bee For A Totally Beautiful Reason,-2.851413551
"It May Seem Healthy, But This Food's Got Some Tricks Up Its Husk",-4.144403762
"If This Reality Is So Obvious To Kids, Why Can't Adults Act On It?",-3.850850713
"He Didn't Do Anything Out Of The Ordinary, But Society Makes It Feel Like He Did.",-3.698792563
Martin Luther King Had An Amazing Way With Words. This Is No Exception.,-4.05292615
You'll Want To Pay A Tiny Bit More Taxes After Seeing This,-4.297792943
Martin Luther King Had An Amazing Way With Words. Here's A Powerful Example That's Rarely Seen.,-3.799536569
Loneliness Explained So Vibrantly You Will Need To Tell Someone,-3.572835677
"When The Police Think These Boys Are Dealing Drugs By High-Fiving In Public, Something's Not Right",-3.778428816
"Do These Kids Have Special Truth Vision, Or Are Adults Just In Denial?",-3.48735509
Performance Art Just Got Pumped Full Of Swagger,-3.977810746
Dear Advertising Agencies: These Are What Your Ads For Women Look Like,-3.179397014
"When You Have Common Sense Like This Guy, Who Needs To Argue With Homophobes?",-3.416883237
"Murder Is For The Birds... At Least, It Should Be.",-4.762173935
"Behind All Of The Broken Promises And Politics, There Is Just One Woman And Tearful Cry For Help",-4.090123211
The New And Improved Beer Is Here! No Calories And No Hangovers!,-3.816965221
So Humans Can Be Murderers From Thousands Of Miles Away Now?,-5.041859865
"Planning To Go To College? Might As Well Start Writing Checks To The White House Right Now.
",-5.147306912
Dear Advertising Agencies: These Are What Your Ads For Women Look Like,-3.291892795
Money + Republicans + Democrats = Broke Students,-5.138113047
What Keeps Employees From Bashing In Their Copy Machines With Baseball Bats?,-4.419223017
Why College Students Will Soon Be Screwed As Soon As They Graduate,-3.942228847
Would You Be Able To Guess The Top Five Happiest Careers In The U.S.?,-3.510168393
"The Plan That Will Make College Students Love President Obama For … Oh, About Two Years",-4.379454837
You Should Know That Waste Isn't Just Throwing Things Away,-4.189132139
3rd Graders Use Rihanna's Hit Single To Advocate For Their Futures,-4.212800772
"Rihanna Just Got Remixed By Some 3rd Graders, Who Want To Send A Message To Their Parents",-4.05905481
You Should Know That Waste Isn't Just Throwing Things Away,-4.671202157
"I Don't Like Being This Angry, But This Time Being Furious Is For The Birds",-4.182319527
"When People Are Described As ‘Rabid Dogs,’ There Is Definitely Something Wrong",-4.744932128
"When People Are Described As ‘Rabid Dogs,’ There Is Definitely Something Wrong",-4.575085791
What's The Word For When Your Government Does Something That Makes You Want To Vomit?,-3.686432855
A California School District Has A Bada** Plan For Getting Kids To School On Time,-3.805502397
"Rihanna Just Got Remixed By Some 3rd Graders, Who Want To Send A Message To Their Parents",-3.788724789
A Rihanna Song Just Got Remixed By Some 3rd Graders. They Have A Message Every Parent Should Hear,-3.191052714
"The World Would Be A Better Place With Less Of The 'Before' And More Of The ""After'",-4.594738607
Apparently There's No Term For 'Black Billionaire' In Switzerland,-3.712058348
A Classist In Switzerland Made A Big Mistake. HUGE.,-3.589436816
"The Plan That Will Make College Students Love President Obama For … Oh, About Two Years",-4.509702099
A Rapper Just Used His Music Video To Tell The World Something He's Been Afraid Say Until Now,-3.608738867
A Classist In Switzerland Made A Big Mistake. HUGE.,-3.214040031
"Jesus Is Back, People - He's Here, He's Got Moses And He's Protesting For Human Rights",-4.259545078
Dear Panderscending Advertising Agencies: This Is What Your Ads For Women Look Like,-3.748748259
"When Commercials Mansplain Women's Issues, They Deserve To Be Made Fun Of",-3.583310061
Dear Advertising Agencies: This Is What Your Ads For Women Look Like,-3.31989125
The Real Question About Deportation Is - Would We Kick Moses Out?,-4.1824024
Dear Condescending Advertising Agencies: This Is What Your Ads For Women Look Like,-3.024981586
Dear Ad Agencies: This Looks Just Like The Condescending Commercials You Make For Women,-3.243494896
"I'm Not Religious, But This Time I Think We Should Listen To Jesus",-3.781043522
"Watch A Talk Show Host Get Ridiculously Profound. Seriously, Just Watch Him For 3 Minutes.",-3.113646793
"Watch A Talk Show Host Get Amazingly Profound. Seriously, Just Watch HIm For 3 Minutes.",-2.548015314
A Silly Science Project Gives A Frightening Look At Our Future (And Barbie's),-3.511637001
A Silly Science Project Gives A Frightening Look At Our Future (And Barbie's),-3.670001596
"Watch A Talk Show Host Get Remarkably Profound. Seriously, Just Watch Him For 3 Minutes.",-2.692951192
Many Women Will Agree With What She Says Is The Worst Thing We Do To Girls,-3.086550948
Here's The Worst Thing We Do To Girls. Many Women Will Agree With Her.,-3.007633009
"I Know We Have To Swear On The Bible In Court, But Now I Have To Consult If For Baby Names?",-3.878539339
A Silly Science Project Gives A Frightening Look At Our Future (And Barbie's),-3.653693145
"When You See These Soldiers, Think To Yourself ‘What Was I Doing At This Age?’",-4.56561771
7 Super Compelling Reasons To Choose Our Future Over So-Called Fortune,-4.308313737
Learn How A Thousand Days Could Give A Child The Best Shot At Life,-4.807475908
A Silly Science Project Gives A Frightening Look At Our Future (And Barbie's),-3.763720823
7 Super Compelling Reasons To Choose Our Future Over So-Called Fortune,-4.598164572
It Takes Guts To Be This Raw And Open And Raw And Open And Raw And Open,-3.102157796
Here's What One Feminist Thinks Is The Worst Thing We Do To Girls.,-2.909537723
A Beautiful Love Story Takes A Horrible Turn For The Better,-2.960580565
The Most Heartbreaking Reason To Leave Your Front Door Unlocked I've Ever Heard,-2.785011242
You Might Not Get Their Names But You’ll Get No Better Introduction,-4.197502654
"We Know How The Oil Companies Feel About This One, But What About The People?",-4.651081097
The Most Honest And Heartbreaking Reason To Leave Your Front Door Unlocked You've Ever Heard,-2.309022256
The Most Honest And Heartbreaking Reason To Leave Your Front Door Unlocked I've Ever Heard,-2.250097927
Hey Broke People: This Statistic Will Get You Pissed,-3.346198796
"The World Would Be A Better Place With Less Of The 'Before' And More Of The ""After'",-4.151139572
"No Matter How Nonjudgmental You Are, This Guy Has You Beat",-3.357626133
Hey Broke People: This Statistic Will Get You Pissed,-4.005494949
What's The Controversial Construction These People Are So Against?,-4.504353068
Bill Nye Is Too Busy Saving The World To Say 'I Told You So',-3.473649423
CNN's Chief Medical Correspondent Sheepishly Reverses His Marijuana Position,-3.959176429
Precisely The Kind Of News That The 0_0 Emoticon Was Made For,-4.35145852
"If You Don’t Say, 'Holy Crap' At Least Once, I’ve Failed",-4.033028912
You Might Not Get Their Names But You’ll Get No Better Introduction,-3.556497927
If You Thought Your Commute Sucked? Meet The Residents Of What’s Called The World’s Tallest Slum.,-3.605067662
"If Immigrants Scare You, Then Here's 3 Simple Facts To Calm Your Panicked Brain",-4.224787858
The Only Contagious Thing You Definitely Want To Catch,-4.581689103
Why Your Boss Should Really Be Making You Happy Right Now,-4.252383776
Watch The Daily Show Supersize The Hilarity Of Our Minimum Wage Dispute,-3.586136056
8 Signs You Might Hug Trees A Little Too Tightly,-4.456906101
"If Immigrants Scare You, Then Here's 3 Simple Facts To Calm Your Panicked Brain",-3.952455735
Some Surprising Reasons Why ‘Made In The USA’ Just Isn't Really A Thing,-4.277961576
They Thought $8 Would Shut Her Up,-3.74569879
8 Signs You Might Hug Trees A Little Too Tightly,-4.365282757
Photographer Introduces Us To The Army's Version Of The Chastity Belt.,-4.034340066
8 Signs You Might Hug Trees A Little Too Tightly,-4.682722069
There's An Amazing Way To Not Die And It Involves Male Strippers,-3.911137658
"When The History Books Look Back On Us, They'll See We Had The Opportunity To End 3 Awful Epidemics.",-3.808467544
The Arrogance Of People Who Are Comfortable Will Never Fail To Shock Me,-3.500066284
"The, Frankly, Depressing Amount The Tobacco Industry Earn In One Infographic",-4.259107807
If You Love Oil Companies... Just Kidding. Here's The Latest Truly Awful Thing They've Done.,-4.203521316
Breaking News - Sexist Plague Takes Over White Males In Downtown Manhattan,-3.581692454
What Do A Child's First 1000 Days Have To Do With Anything?,-4.103750361
"Forget The American Dream, How Do These Families Make It Through To Tomorrow?",-4.435905868
8 Awkward Things You Might Do If You've Truly Gone Green,-4.041032696
A Religious Experience Found In The Strangest Of Places,-4.335220261
"Dear Oil Companies, Have You Tried NOT Being Cartoonishly Evil For LIke 5 Minutes? Just Sayin'. ",-4.215062734
"God May Work In Mysterious Ways, But Come On Folks, Don't Get Carried Away",-3.995826997
Everyone Agrees That We Should Conserve Water. They Can't Do That Here Because There Is No Water.,-3.813165256
Have A Little Faith That God Works In Ways That Aren't This Mysterious,-4.29868225
One Of The Highest Paid Jobs You Can Get Out Of College Is One I've Never Even Thought Twice About,-3.406174993
"Ashton Kutcher, Who's 35, Is Telling Teens What He Finds Sexy. Find Out Why.",-3.692787471
3 Freakin' Amazing Pieces Of Wisdom That Just Came From The Most Unlikely Person,-3.190572049
"Ashton Kutcher Just Told A Bunch Of Teenagers How To Be Sexy, In The Best Way",-3.248593774
"When Future Generations Look Back On Us, They'll Say We Had The Opportunity To End 3 Awful Epidemics",-3.472321314
"Can Someone Explain Why These Children Are The Ones Saying Sorry?
",-3.701400735
The Police Want To Use Assault Vehicles. In America. To Fight 'Terrorists.' WHAT?!?,-4.610594047
Why We Need To Make #2 Our #1 Priority,-4.199644835
The Things This 4-Year-Old Is Doing Are Cute. The Reason He's Doing Them Is Heartbreaking.,-3.681539658
"Everybody Poops, But 2.6 Billion People Do It In A Really Crappy Way",-3.734318871
"50,000-100,000 Women Each Year Suffer From This Terrible Condition",-4.072573707
Fulfilling Your Potential Takes An Amazing Attitude and Spirit. Arms Are Optional.,-4.575488735
"It’s Almost Entirely Preventable, Yet 2 Million Women Are Quietly Suffering",-3.754954688
"When A Child Believes There's Nothing In Life He Can't Do, The Outcome Is Pretty Darn Incredible ",-4.300997329
When's The Last Time You Saw A Video That Celebrates America's Workers?,-5.256237397
"What If We Could Prevent People From Having To Ride To The Hospital In A Wheelbarrow?
",-4.553520004
You Don't Need Arms To Be Incredible In Life. This Guys Proves It.,-4.512348433
"Why We Should Stop & Frisk White Business Men In Wall Street, As Told By The Daily Show",-3.631027656
Having An Amazing Attitude Is a Requirement For Success. Arms Are Totally Optional.,-4.89874947
"Alright Parents, Let's Just Acknowledge That We're All Doing Our Best Already",-3.850147602
"Alright Parents, Let's Just Acknowledge That We're All Doing Our Best Already",-4.27457108
There Is Something So Satisfying About Watching The Daily Show Nail This Outrageous Hypocrisy,-3.327802168
"Alright Parents, Let's Just Acknowledge That We're All Doing Our Best Already",-4.16574998
The Only Spam I Am Willing To Have Sent Directly To My Phone,-4.441266215
"I've Met Babies Named Hennessy Before, So Why Did This Judge Just Order This Kids Name Changed?",-3.469854767
The Controversial Mass Text That You Should Absolutely Not Be Mad About,-3.748176348
The Things This 4-Year-Old Is Doing Are Cute. The Reason He's Doing Them Is Heartbreaking.,-3.333119842
This Small Town Mayor Shows Us That The Best Politicians Live Nowhere Near DC,-4.138486881
"If You're Looking For Close-Minded Folk In This Small Kentucky Town, You'll Have To Look Elsewhere",-4.338752943
How To Keep Your Kids Happy And Save A Ton Of Gas And Aggravation,-4.511231946
Meet A Young Leader Whose Putting Some Heart And Soul Back Into Motown,-4.781734461
Looking For Close-Minded Folk In The Deep South? You'll Have To Look Somewhere Other Than This Town.,-3.67250525
The Things This 4-Year-Old Is Doing Are Cute. The Reason He's Doing Them Is Heartbreaking.,-3.495693726
Looking For Close-Minded Folk In The Deep South? You'll Have To Look Somewhere Other Than This Town.,-3.427860438
"If My Parents Did This, I Never Would've Been Born",-3.571991996
"The Simplest, Most Brilliant Way to Save Gas That I Have Ever Seen",-3.20041042
What Drives This 25-Year Old To Connect The Motor City?,-4.367108214
The Police Want To Use Assault Vehicles. In America. To Fight 'Terrorists.' WHAT?!?,-4.203870702
Title What Now? Taking Advantage Of The Law That's Apparently Not Just About Sports.,-4.047477834
There Is Something So Satisfying About Watching The Daily Show Nail This Outrageous Hypocrisy,-3.124415962
Watch These Teens Call Out The Controversy Surrounding That 'Blurred Lines' Song,-2.771626721
​There Aint No Blurred Lines With These Teens Views On Robin Thicke's Controversial Song,-2.987396469
Meet 5 Women Taking Advantage Of Two Laws We Should All Know More About,-3.369768456
​There Aint No Blurred Lines With These Teens Views On Robin Thicke's Controversial Song,-2.900326304
An Open Letter On Behalf Of All Dudes Who Are Tired Of Other Dudes Using The Term 'Friend Zone',-3.311405609
A Dude Calls Out Some Other Dudes For Assuming That Being Nice Dudes Means Women Owe Dudes Something,-3.051393841
The Clip That Definitely Should Get Your Undewear In A Bunch,-3.188369968
Just Because You Are Nice To A Girl Doesn't Mean She Owes You Something,-3.255701327
"If 'Gentlemen Prefer Hanes,' Then I'd Rather Be A Brute",-3.297253548
"When Both Sides Of The Marijuana Debate Use Actual Facts, Things Get Very Interesting",-2.92497175
"See The Person, Because He Looks Pretty Awesome",-3.875967919
Watch A Dude Say Something To All Women That All Actually Nice Dudes Should Really Hear,-2.608244443
"When This Guy Explains Why Women Won't Sleep With Him, You May Roll Your Eyes. But 2 Minutes In...",-2.422535231
Meet 5 Women Who Took Advantage Of A Law We Should All Know More About,-3.413125953
Meet 5 Women Who Took Advantage Of A Law We Should All Know More About,-3.330465547
Women Get Tired Of Hearing This Term. Good Thing This Guy Apologized For Using It.,-2.643405574
Meet 5 Women Who Took Advantage Of A Law We Should All Know More About,-3.304906329
"When This Guy Explains Why Women Won't Date Him, You May Roll Your Eyes. But 2 Minutes In...",-2.449808672
Beyonce Makes Her Interviewer Uncomfortable In The Best Way. He Handles It Like A Champ.,-2.979051163
"If You Think These Celebs Are As Funny As I Think They Are, Then We're Going To End A Global Disease",-3.707970857
In 2015 We'll See These Celebrities For The Fortune-Tellers They Are,-3.88052287
"A Disney Princess​ Sings About Men, But Not In The Normal-Predictable-Lame-Love Way",-3.058885342
"If Someone Gave You A Chance Like This, Would You Make The Most Of It?",-3.732104574
"Beyonce Is Normally A Class Act, So Why Is She Giggling Her Way Through This Interview?",-3.257897236
In Which A 'Missundaztood' Pop Star Makes Perfect Sense About Gay Marriage,-3.883326894
"Sorry I'm Not Sorry Robin Thicke, But If I Want To Hear About Lines I'll Listen to Hugh Jackman",-3.232185867
Would You Want The Contents Of Your Pocket Be What You Leave Behind In The World?,-4.243473377
We Already Knew Costco Was A Great Company. Here's Something That Makes Them Fabulous.,-3.660113961
In Which A 'Missundaztood' Pop Star Makes Perfect Sense About Gay Marriage,-3.67529844
Meet 5 Women Who Took Advantage Of A Law We Should All Know More About,-3.203835048
A Fictional Captain And A Real Sergeant Gave This Sitcom Star His Best Stories On Fame,-4.038800875
"When Both Sides Of The Marijuana Debate Start Using Actual Facts, Everything Gets Much Clearer",-3.420046947
We Already Knew Costco Was A Great Company. Here's Something That Makes Them Fabulous.,-3.471641632
I Wasn't Expecting To Get Emotional When This Sitcom Star Started Talking About His Fame,-3.482948032
I Wasn't Expecting To Get Emotional When This Sitcom Star Started Talking About His Fame,-3.464425164
A Bunch Of Bad Predictions And One Really Important Prediction Will Get You Thinking About 2015,-3.694439508
Step Away Form Your Comfort And Hear These Real Stories About Escaping Bullets And Warzones,-5.029731083
Some Folks Made A Bone-Chilling Reenactment Of Trayvon's Murder. For A Really Good Reason.,-4.097453278
I Wasn't Expecting To Get Emotional When George Costanza Started Talking About His Fame,-2.850870599
The Brilliant Reenactment Of The Zimmerman Murder That Every American Should Watch,-3.148395099
"A 13-Minute Debate About GMO Foods? It’s Real, Folks, And It’s Spectacular.",-3.556169923
He Produces Light Using NO Electricity and Simple Materials,-3.694971968
A Bunch Of Bad Predictions And One Really Important Prediction Will Get You Thinking About 2015,-3.536235818
"This Is Both The Best And Worst Office Job To Have Ever, Depending On How Long You Stick Around",-3.372391382
The Brilliant Reenactment Of The Zimmerman Murder That Every American Should Watch,-3.07711188
Here's The Best Anti-Photoshop Protest You Won't See On The Cover Of A Magazine,-2.463708491
"In A Country That Makes Headlines For All The Wrong Reasons, One Thing The Media Doesn't Cover",-3.799659144
Watching This Made Me Think — Is There A Woman Who Successfully Made Fire Before Prometheus?,-4.353917868
A Woman Is One Of The Most Important People In Movie History And You've Never Even Heard Of Her,-3.365850482
"In A Messed Up Country That Always Makes The Headlines, Here's One Thing The Media Hasn't Covered",-3.801044497
This Is Possibly The Worst Place To Work I've Ever Seen. Or Possibly The Best. I Can't Decide Which.,-3.150705859
"Students Push Science To The Limit, With Music",-4.179313388
This Is Possibly The Worst Place To Work I've Ever Seen Or Possibly The Best. I Can't Decide Which.,-3.322887365
"In A Messed Up Country That Always Makes The Headlines, Here's One Thing The Media Hasn't Covered",-3.935181341
A Woman Is One Of The Most Important People In Movie History And You've Never Even Heard Of Her,-2.761474129
"Privilege Is A Word That Makes Most White People Uncomfortable, But Heres What To Do With It",-3.274016015
One Easy Thing All White People Could Do That Would Make The World A Better Place,-2.874456303
"They Tried To Make This Popstar Dress And Sing A Certain Way. She Refuses, And Sends This Message.",-3.339547102
"Hooray For Civil Rights! Now Where Are The Economic Opportunities? 
",-5.235891555
Watch How One Company Went From Being The Worst Place To Work To The Best In Under 3 Minutes,-3.104640705
This Is Possibly The Worst Place To Work I've Ever Seen Or Maybe The Best. I Can't Decide Which.,-3.16098763
Infographics Reveal That Locavores Are Not The Big-City Foodies We Thought They Were,-4.328387404
"After Martin Luther King Jr. Said ‘I Have A Dream,’ Did America Just Go To Sleep?",-4.615120517
The Bravest Photographers In Afghanistan Might Be The Ones Working After The Troops Are Gone,-4.485520024
They Tried To Make This Popstar Dress And Sing A Certain Way. She Refused And Took A Stand.,-2.89726898
"You've Never Heard Of This Woman, And She's One Of The Most Important People In Movie History",-2.868033488
I Wasn't Expecting To Get Emotional When This Sitcom Star Started Talking About His Fame,-2.953150073
Just Because Our Kids Won't End Up Doing These Awful 'Jobs' Doesn't Mean We Should Ignore Them,-3.813817809
How To Catch A Straw Man,-4.344193019
You Don't Tell 2 People Who Love Each Other This Much That Their Marriage Doesn't Count. Otherwise–,-3.880946813
Just Because Our Kids Won't End Up Doing These Awful 'Jobs' Doesn't Mean We Should Ignore Them,-4.199890246
"Breaking: Media Company To Merge With Straw Man Factory
",-4.640261506
"They Were Married For 19 Years Until Oregon Cancelled Their Vows. Yea, They're Fighting Back.",-3.655903664
"You Can't Ignore Their Love, But Oregon Can Ignore Their Totally Legitimate Marriage. FOR NOW.",-4.406525655
"For Their 20th Wedding Anniversary, These Two Lovebirds Are Going To Stick It To Oregon",-3.770860082
"If You Come Out Of The Closet, You Might As Well Pick A Fight With Russia While You're Doing It",-3.713950139
"An Incredible Lesson About Love That Comes From A Guy. Yes, A Teenage Guy.",-3.906421762
14 Signs You Care Too Much About Health Care,-4.003329176
A 14-Year-Old Explains Food Labeling So That You And I And Even Condescending TV Hosts Can Get It,-2.983475649
"America Might Still Need Another Civil Rights March On Washington
",-4.652793489
Being A Photographer Is A Job That’s Both A Century Old And Brand New … In Afghanistan,-5.492703534
"What Maine, North Dakota, And Wyoming Are Doing Better Than New York And California",-3.662438051
"An Incredible Lesson About Love That Comes From A Guy. Yes, A Teenage Guy.",-3.735267326
A 14-Year-Old Explains Food Labeling In Language Even Condescending Middle Aged TV Hosts Should Get,-2.711713209
Watch An Actor Come Out Of The Closet AND Pick A Fight With A Homophobic President The Same Time,-3.478211181
Watch An Actor Come Out Of The Closet AND Pick A Fight With A Homophobic President The Same Time,-3.143504271
Watch The Unique Science Competition That Makes My Nerd Heart Sing,-3.865098357
"What A Beach-Bumming, Couch-Surfing Dudebro Can Teach Us About Food Stamps",-3.698071313
The Science Presentation That Would've Kept Me Awake In High School,-3.932199046
Global Warming? Pshhhh. Our Favorite Multinational Corporation's Got This Covered.,-4.238613554
A Funny Spoof On How One Huge Corporation's Been Fooling Us This Whole Time,-3.857818209
WATCH: The MLK Jr. Speech You Probably Haven’t Heard Before,-4.031475757
WATCH: The MLK Jr. Speech You Probably Haven’t Heard Before,-4.083109524
What If You Worked Full-Time And Still Couldn’t Afford To Move Your Daughter Out Of The Shelter?,-4.491977662
Police Are Now Experimenting With Our Kids In Some Really Bizarre Ways,-3.484161726
Everyone Should Know What This Cop Has Done,-3.35242188
Anyone Else Aware Police Were Pulling These Kind Of Experiments On Our Children?,-3.310543013
An Invisible Nordic Guy Has 15 Comic Panels That'll Make You Feel Meh About Our National Priorities,-3.741980958
Anyone Else Aware Police Were Pulling These Kind Of Experiments On Our Children?,-3.274672055
Everyone Should Know What This Cop Has Done,-3.366906118
"Sweet Baby Zeus' Thunderpants, Looks Can Be Deceiving",-4.167143624
People Who Assume He 'Can't' Will Hear His Rockin' Vengeance When He 'Does',-4.329435241
A Funny Spoof On How One Huge Corporation's Been Fooling Us This Whole Time,-3.745045312
"You Wouldn't Think You Were Looking At A Rock God If He Were Right In Front Of You, But You Would Be",-3.73289634
"Dear Religious Extremists: The Cameras Are Staying, And That's Final.",-3.265759411
Don't Think Looks Can Be Deceiving? Take A Peek At This Guy.,-2.977197933
Don't Think Looks Can Be Deceiving? Take A Peek At This Guy.,-2.758060622
Hugh Jackman Gives Us A History Lesson And A Wake-Up Call,-2.578910494
A History Lesson And A Wake-Up Call Courtesy Of The Dreamy Wolverine,-3.075395042
Some Couples You Just Don't Mess With. Especially Not Right Before Their 20th Wedding Anniversary.,-2.905180575
Meet The Nuns Who Are Taking Names And Fighting Back,-3.744079341
They Thought It Couldn't Happen To Them. Now They're Doing What They Can So It Won't Happen To You.,-3.52655026
Hugh Jackman Gives Us A History Lesson And A Wake-Up Call,-2.90727581
Sibling Rivalry Just Took A Back Seat To Something Incredible,-3.68865007
Hard To Believe The Woman At The End Of This Video Is The Same Woman As At The Beginning,-2.645712593
"If I Had As Much Determination As These Two Kids, I'd Be Holding A Grammy By Now",-3.970769468
"If You Are Reading My Words Right Now, There's An 80% Chance It's On Something Made In China",-4.224932128
"When I Saw That This Was A List Of Things Made In China, I Didn't Expect To Be So Shocked",-2.731044439
What If I Were To Tell You That They Figured Out How To Make Congress Understand How Science Works?,-3.518934972
Meet The Nuns Who Are Taking Names And Fighting Back,-3.194783032
"Behold The Funniest, Most Effective Way To Deal With People Who Ignore Science Ever",-3.074192702
"A Song Called 'The Armpit Song' Is, Meaningful, Beautiful, And About So Much More Than That",-3.493600054
"This Is Probably The Funniest, Most Effective Way To Deal With People Who Ignore Science Facts Ever",-2.771417625
These Strongmazing Women Thought It Couldn't Happen To Them,-3.652486953
"This Is Probably The Funniest, Most Effective Way To Deal With People Who Ignore Science Facts Ever",-3.124520654
"If You Were Bullied And Decided To Become A Sixth-Grade Metalhead, You Would Be These Fantastic Kids",-3.769558165
Meet The Defiant Nuns Who Are Taking Names And Fighting Back,-3.851168357
"Racial Profiling, Please Meet My Friend, Common Sense.  You Need To Talk.",-3.719593391
"If You Were Bullied And Decided To Channel It In A Fantastic Way, You Would Be These Kids",-4.222822887
The Kids Are All Right: It's Not Just A Movie Title,-4.061121575
"As A Mom, I Love That These Boys See Each Other In This Touching Way",-3.672591053
"If You Think Racism Isn’t An Issue Today, Oh Have I Got An Infographic For You ",-3.320133072
This Is What It Means To Be A Black Child In America,-3.75902431
"If You Were Bullied And Decided To Channel It In A Fantastic Way, You Would Be These Kids",-3.490718833
Why Hearing Someone Cough Is Waaaay Less Scary Now,-4.001450815
The Horrible Thing About 37% Of Americans Might Have To Teach Their Children,-3.767983635
A Brave And Astonishing Lesson On The Importance Of Medical Research,-4.397483483
MIC DROP: Can't Fall Asleep During This Science Class,-3.693193444
Watch A Gut-Wrenching Moment A Father Sees His Son For the First Time After He Is Thought To Be Dead,-3.125943383
How To Get The Most Out Of 40 Cents: A PSA By Your Favorite Celebrities,-4.530128613
"These Soldiers Fixed People On The Battlefield, So Why Can't They Get A Damned Job?",-3.844435221
The Epic Animated Story Of How A Ton Of Dimes And A Badass Scientist (Almost) Eradicated A Disease,-4.322589236
The Cheapest Way To Change Our Gas Pumps In Order To Slow Down Climate Change,-4.391024494
"Racial Profiling, Please Meet My Friend, Common Sense. You Two Need To Talk.",-4.114460508
12 Things Veterans Are Pretty Damn Tired Of,-3.409454232
A Rapper's Verses Tell Us Who We Have To Thank — For That 5 O'Clock Feeling,-4.644548516
Forget 'Dirty Jobs' — Check Out These Dudes Who LASSO POWER WHILE IN THE AIR,-4.447706331
"If You Have To Tell Your Kids This Stuff, Then You Probably Aren't A White Person",-2.601750684
"If You Have To Tell Your Kids This Stuff, Then You Probably Aren't A White Person",-2.725671802
The Incredible Things That These People Do So You Can Turn On Your Lights,-4.392973956
WATCH: Celebrities Wasting Money To Make The World A Better Place,-3.616494135
Hear One Of The Biggest Triumphs Of Modern History Told In 4 Minutes,-3.564224456
"If You Were Bullied And Decided To Channel It In A Fantastic Way, You Would Be These Kids",-3.62372264
Shots Fired! Moms Take Aim At Congress To Help Save Our Children,-4.500374483
"According To A Famous Clothing Line, When Women Buy Their Tops, They Suddenly Lose Their Bottoms",-3.965798365
Superhuman Navigation Skills? Risky Sexual Behavior? Your Native Language Might Be To Blame.,-3.974188022
"If You Can Be Hypnotized By A Cat, You Probably Shouldn't Be Driving, Right?",-3.773601628
"Oh, The Crappy Arguments People Try To Pull On Stephen Fry...",-3.123652977
"His Demonstration Is Incredibly Simple, In The Completely Fascinating, Heartbreaking, Oh-My-God Way",-3.738637017
"Bullying And Rape Culture Have A New Enemy, And He Is … A Fraternity Brother",-3.339969786
This Woman's Ambition As A Child Is Causing A Ginormous Change In Her Community,-4.511604247
We Should Totally Thank These People For Making Our World Waaaay Less Deadly,-4.248928049
How The Future Might Look If We Don't Push For Gun Control,-3.706649913
A Teacher Tries To Avoid Drama But A Jerky Question Sets Him Off,-2.920637621
At 5pm A Man's Daughter Was Sick. By 7pm She Was Dead. Her Killer Is Now Being Defeated.,-3.774787281
A Hilarious And Beautiful Song About All The Crazy Sh*t Women Do To Look Good,-3.307541462
Is 'The Next Lenny Kravitz' Too Subtle For How Talented I Think This Kid Is?,-3.701889691
"This Woman Saw A Ginormous Problem, And, Well, She's Pretty Much Saving The Day",-4.141738322
Why We Need More Cell Phones In The World,-4.232674096
How Celebrities Wasting Money Makes The World A Better Place,-3.426264481
"What Can Two Sticks, A Nail And A Bucket Do Better Than Test Tubes And Scientific Tests?",-3.823612048
At 5pm A Man's Daughter Was Sick. By 7pm She Was Dead. Her Killer Is Now Being Cleaned Up.,-3.004695812
"If 50 Years Later, You're Still Fighting For The Same Thing - Turn That Anger Into This",-4.364996476
A Good Idea That We Actually Came Up With Decades Ago But Forgot To Keep Using,-3.335281714
"His Fraternity Gave Him The Same Bland, Empty Lecture On Drinking … Here’s His Response",-2.966521895
What Would You Say If You Only Had Two Minutes?,-4.065720966
Pretty Much The Next Jimi Hendrix — Is That Too Subtle For How Talented I Think This Kid Is?,-3.378407055
"Meanwhile, In The Peaceful Little Kingdom Of Denmark, The Citizens Were Happy, Healthy, And On Time",-3.708928518
A Hilarious And Beautiful Song About All The Crazy Stuff Women Do To Look Good,-2.926436693
"If We Legalize Weed In America, We'll Have To Deal With A Lot More Of These People",-3.059591216
"After I Saw This, I Put Down My Phone And Didn’t Pick It Up For The Rest Of The Day",-2.928299835
"The Incredible Thing Two Sticks, A Nail And A Bucket Can Do To Save Lives",-3.912594271
Aaaarrrggghhh – 12 Statements Veterans Are Pretty Damn Tired Of Hearing.,-3.404614959
Once Upon A Time Some College Kids Chased An Energy Company Out Of Town,-4.307394049
Dear Ginormous Greedy Energy Company. Check. Your Move.,-4.150616482
Remember These Incredible Facts The Next Time You Sleep In On A Saturday,-3.357700874
"Hey Girl, You Look Great Just The Way You Are",-3.834195473
"Talking To The Voices In Her Head Helped Her Get Better, Now She’s Helping Others",-4.15390749
12 Statements Veterans Are Pretty Damn Tired Of,-3.247758699
"Yes, Right, This Radio Host Host Makes Sense. Maternity Leave Is A Ridiculous Concept. Oh, Wait...",-3.597213704
How To Hold Your Breath For 17 Minutes,-3.645049595
Why Using The Same Business Model That Vending Machine Companies Use Can Save Lives,-4.86298764
"Yes, Right, This Radio Host Host Makes Sense. Maternity Leave Is A Ridiculous Concept. Oh, Wait...",-3.356802948
"I’m Betting Lady Gaga Would’ve Kept Her Hat On, In This Situation",-4.078679431
"I Hope You Never Have To Take Advantage Of This Law, But You Need To Know It Exists",-3.736268076
"This Radio Show Host Makes Sense. Maternity Leave Is A Ridiculous Concept. Oh, Wait...",-3.155320473
"Beaten And Put In Jail 50 Years Ago Marching For Justice, He Stands With Fast Food Workers Today.",-4.42743511
"At First I Was All, “Really, David Blaine?” But By The Time He Started Crying, I Was A Fan.",-3.205513401
The Warning Label That We Never Knew We Needed Until We Saw It,-3.631443532
Some College Kids Figured Out How To Cut Energy Companies Out Of Our Lives. They Are Not Amused.,-2.945334435
"I Hope You Never Have To Take Advantage Of This Law, But You Need To Know It Exists",-3.754105239
"50 Years Later, One Congressman Is Still Marching For Justice. This Time, It's About Minimum Wage.",-5.223154707
"When Was The Last Time You Heard Something This Honest From A Marketing Executive? 
",-3.499406639
"When Did We Turn Into A Bunch Of Soulless, Addicted Techbots?",-3.702278493
Some Organized Folks Figured Out How To Cut Energy Companies Out Of Our Lives. They Are Not Amused.,-3.344038968
Some College Kids Figured Out How To Cut Energy Companies Out Of Our Lives. Guess Who Is Not Amused?,-3.023432699
A Overzealous Power Company Tried To Take Advantage Of An Entire Town. Whoops.,-3.72736295
Holy Crap! They've Already Saved 20 Million Lives. That Deserves Way More Than Applause.,-4.588856012
"Her Community Needed Some Serious Help, So She Took On The Challenge",-4.961409137
"The Most Powerful Weapon In The World That I Wish Every Man, Woman, And Child Had Access To",-4.207498162
A Bunch Of Young Punks On A Bus Just Managed To Make A Giant Corporation Freak Out Big Time,-3.315659121
The Most Powerful Weapon In The World Is The One That 897 Million People Don’t Have,-4.054135125
A Bunch Of Regular Folks Just Managed To Make A Giant Corporation Freak Out Big Time,-3.614584758
A Giant Monolithic Corporation Is Trying To Bully A City Into Paying More For Dirtier Power. Whoops.,-4.501447672
A Doctor Describes What It’s Like Working Inside An Inflatable Tent In The Middle Of A War,-4.347711677
"For These Homeless Families, One Key Makes All The Difference In The World",-4.629962346
"The Most Powerful Weapon In The World Is The One 775 Million People Don’t Know How To Use 
",-3.548226592
His Piano Playing Is Beautiful. I’m Glad He Has Somewhere To Play It Now.,-4.389426723
"In Syria, One Of The Only Hospitals Is Actually A Tent",-4.699923625
A Bunch Of Young Punks Just Made A Giant Corporation Freak Out Big Time And They're Doing It Again,-3.448736162
A Bunch Of Smarties Just Made A Giant Corporation Freak Out Big Time And They're Doing It Again,-3.869479346
The Things This Dude Is Saying About Why Your Job Is Better Than It Used To Be Are Truthy Truths,-4.249729048
A Bunch Of Young Geniuses Just Made A Corrupt Corporation Freak Out Big Time. Time For Round Two.,-3.596612086
A Bunch Of Young Geniuses Just Made A Corrupt Corporation Freak Out Big Time. Time For Round Two.,-3.485798449
A Bunch Of Young Geniuses Just Made A Corrupt Corporation Freak Out Big Time. Time For Round Two.,-3.444080144
"I Don't Know About You, But Most Folks I Know Are Working Harder While Falling More Behind",-4.23482194
I Never Thought I'd See The Day Where Even Broad Daylight Is Too Dangerous For Love,-3.699865399
It's Like Working Overtime And Not Getting Paid For It,-4.255139785
"When This Guy Explains Why Women Won't Date Him, You May Roll Your Eyes. But 2 Minutes In...",-2.853048109
​Sorry Pregnant Lady: You Can't Give Birth Here Because You're Poor,-4.214477775
"You Know, Fox News Is Right -- Ladies Should Pay More For Health Care Because They Have Breasts!",-3.712436993
Ever Wish You Could See Just How Much You SHOULD Be Making?,-4.055632311
I Learned About A Whole Other F-Word And I Think I'm Better For It,-3.100445521
How Can Two Sticks And A Bucket Solve A Problem Test Tubes Better Than Test Tubes And Science Labs?,-3.839364889
"A Beautiful, Animated Reminder Of What You Can Do To Save A Life",-4.049310493
"When This Guy Explains Why Women Won't Date Him, You May Roll Your Eyes. But 2 Minutes In...",-2.649424023
"If We Legalize Weed In America, We'll Have To Deal With A Lot More Of These People",-3.061854685
"What If Lesson Plans And Other Resources For Teachers Were Shareable, Open Source, And Free?",-4.05292615
"These Doctors Don't Give A Damn About Your Politics Or Wealth, They Just Want To Do Their Job",-4.226741345
Meet The Fox News Doctor Who Really Needs A Refresher On Sex Ed,-2.89441999
Meet The Fox News Doctor Who Could Not Have Possibly Passed Sex Ed,-2.913463887
You'll Never Guess Where A Quarter Of The World's Prison Population Is,-3.695327154
This Is What Happens When You Come Across A Straight Politician Who Knows His Gay Stuff,-3.52273548
One Country's Ingeniously Successful Scheme To Get People To Adopt Unwanted Mutts,-3.670401228
You'll Never Guess Where A Quarter Of The World's Prison Population Is,-3.816696019
"The Next Time You Compliment A Woman On Her Shoes, Be Prepared To Write A Check To Her Doctor",-3.805864962
These Filmmakers Have America's Gun Policies In Their Crosshairs,-4.859812404
You'll Never Guess Where A Quarter Of The World's Prison Population Is,-3.997771904
Holy cow! You'll Never Guess Where A Quarter Of The World's Prison Population Is.,-4.00970929
I Never Would Have Guessed That 25% Of The World's Prison Population Is Here,-4.441627715
Dustin Hoffman Breaks Down Crying Explaining Something That Every Woman Sadly Already Experienced,-3.075774981
Her Dad Thinks Being Gay Was Her Choice. The Words She Said Back? Couldn't Have Chosen Them Better.,-2.826600657
The World Would Be A Drastically Different Place If All Mom's Said These Words To Their Gay Child,-3.41663319
It's Time We All Pay Attention To The Most Important Thing In Football — And It's Not The Score,-4.584342544
You Don't Have To Play Sports To Agree With What This Host Is So Angry About,-3.716595247
The World Would Be A Drastically Different Place If All Mom's Said These Words To Their Child.,-3.275064606
A Boy Came Out As Gay On Facebook. His Mother Found Out And Decided To Write Him This Letter.,-2.558007181
Fellow 'Journalists' Try To Bully Her Into Covering A Paris Hilton Story. It Doesn't Work.,-4.058603406
Treat Yo Self To This Hiiilarious Comedian Roasting His Fellow Comedians For Telling Outdated Jokes,-3.285143619
Psst ... I Have A Million Dollars For You. But Only If You're A Guy.,-3.874578492
Don't You Just Love It When Jerks Get Called Out On Their BS?,-3.512864499
Turning The Concrete Jungle Into A Technicolor Rainforest,-4.715832412
I Have The Perfect Casting For A Jimi Hendrix Movie If You Wait About 10 Years,-4.243506898
Fellow 'Journalists' Try To Bully Her Into Covering A Paris Hilton Story. It Doesn't Work.,-3.581216218
"Imma Let You Finish, But Her Lifesaving Music Is The Best Of All Time",-4.691722274
A Journalist Stands Up To Her Network After Being Asked To Cover Paris Hilton. Incredible.,-2.667118262
Got 2 Minutes? I’ve Got A Video That’ll Explain The Sh*tstorm That Is Syria Right Now,-3.604379428
Why Declawing Your Cat Is Actually A Horrific Act Of Torture,-3.706280368
I Just LOVE It When Jerks Get Called Out — Like This Dirtbag Over Here...,-3.396212603
Her Dad Thinks Being Gay Was Her Choice. The Words She Said Back? Couldn't Have Chosen Them Better.,-2.830295231
"What's A Penis Worth? Turns Out, A Hell Of A Lot More Than You Think.",-3.780729108
"That A+ Moment When A Comedian Calls Out Racist, Outdated Jokes During A Roast",-2.613384975
You Know How People Say Everyone In America Should Know English? How About This American Language?,-3.886564044
"Well This Looks Familiar: Rupert Murdoch, What Are You Trying To Do To Australia's Election?
",-4.195344937
I Don’t Care How Nice Your Couch Is. Please Don’t Do This Torturous Thing To Your Cat,-3.361950903
"That A+ Moment When A Comedian Calls Out Racist, Outdated Jokes During A Roast",-2.365375192
It's Okay To Stare At These Lovely Lady Lumps,-3.49299817
The Quickest Way To Kick Start The Economy Is To Do Something Very Simple,-4.101364538
Here's How To Fit Saving The World Into Your Busy Schedule,-4.379972287
"She Probably Won't Win A Grammy, But Her Music Literally Saves Lives",-4.132244645
Got 2 Minutes? Wanna Understand The Front Page Of Your Newspaper? Here's The Video For You,-3.260991455
"She Swam From Cuba To Florida, Walked Up Onto The Beach And Told Everyone 2 Things To Never Forget",-3.229273839
Her Dad Thinks Being Gay Was Her Choice. The Words She Said Back? Couldn't Have Chosen Them Better.,-2.870011667
Here's How To Fit Saving The World Into Your Busy Schedule,-4.388734853
"WHOA: Attention Walmart Shoppers, There's A Flash Mob On Aisle 4",-3.81603024
Why Your Kid Frowns When You Pull Out Your iPhone,-3.609102371
This Kid Will Educate You On One Of The Most Perplexing And Obvious Signs Of Autism.,-3.145831631
"Over The Years, It Has Had Over 80 Names But Now It Has Become A Four-Letter Word",-3.735804526
"When A Whole Country Is An Emergency Room, A 'Typical' Hospital Visit Just Isn't A Thing",-4.631058586
What This Guy Did Back In The Day Was Heinous. How He Decided To Make Amends Is Honorable.,-3.117538214
If Willy Wonka Made An Earth Day Float All This Would Need Are Green Oompa Loompas,-4.757434589
Half Of Us Did This Illegal Act After We Graduated College. It's Really Not Okay.,-3.035798282
Half Of Us Perform This Illegal Act After We Graduate College. It's Really Not Okay.,-2.910530969
"See What Racism Looks Like When It's So Overt, It's Written Into The Rule Book",-3.468794945
Do You Know The 'Natural' Way To Parent? One Mom Says She Does.,-3.857520907
Half Of Us Are Victims Of This Illegal Act After We Graduate College. It's Really Not OK.,-2.821319062
Half Of Us Are Victims Of This Illegal Act After We Graduate College. It's Really Not OK.,-3.225686749
Half Of Us Are Victims Of This Illegal Act After College. It's Really Not OK.,-2.648070911
He Just Came Up With The Worst Idea In The History Of The Internet. It Involves Your Bank Account.,-3.89038712
They Hired This Guy To Sell People On The End Of The Internet As We Know It. Better Luck Next Time.,-3.890696282
Listen To These Syrian Children Tell The World What's Really Happening,-3.417628514
The Most Astounding Fact EVER,-3.487929077
That Time A Big Fancy Corporate Shill Realized His Entire Life Was A Horrible Lie,-3.953026427
What's Black And White And Dead All Over?,-4.130571747
What's Over 5 Thousand And Climbing Since The Sandy Hook Shooting? I'll Let These Folks Tell You,-4.600442045
"Beauty And Splendor Are Being Erased Forever On A Remote Island, And The Culprit Doesn't Have A Clue",-3.965741927
How In The World Are Basketball And Beer Making Me Tear Up?,-4.574710979
"20 Years Ago We Thought Of It As Sci-fi, And Now 162 Countries Can Stare Me In The Face",-4.691722274
I Never Knew What Sportsmanship Meant Till I Saw A Simple Game Of Basketball,-3.929999982
"Meet John Wooley. The Big Cable Companies Hired Him To Screw- Er, Show You A ""Better"" Internet.",-4.12137068
The Incredible Inspiration One Man Gave Us In The Last Hour Of His Life,-3.654537332
EXPOSED: The End Of The Internets As We Know It. With Laughs!,-3.627784879
Click Here If You Think Websites Shouldn't Be Pay-Per-View,-4.794845589
Elizabeth Warren Came To The AFL-CIO Convention And This Is What She Said,-3.792527979
A Senator Tells A Room Full Of People What We Already Know About Our Broken System,-3.967992307
"Do Americans Have A Problem with Muslims? If So, Can They Listen To The Soldier Here Speak?",-3.186719875
It's Cute That They Thought We Wouldn't Notice Them Trying To Rip Us Off,-3.405740779
Our Decision To Head Into Syria Gets The Stewart Treatment,-3.055347983
It Started With Thousands Of People On The Streets. It Turned Into More Than A Million.,-4.481373341
"By The Year 2020, Almost Half Of The Workforce Will Be Made Up Of These People",-3.872749398
The UN Has Declared This The Gravest Refugee Crisis In A Generation - Do You Know What It Is?,-3.986432374
It's Cute That They Thought We Wouldn't Notice Them Trying To Rip Us Off,-3.526569097
Two Minutes Of Inspiration And Courage From An Amazing Senator,-3.415801579
A Boy Makes Anti-Muslim Comments In Front Of An American Soldier. The Soldiers Reply: Priceless.,-1.966687771
Another Thing To Add To The List Of Things To Fear Alongside Sharks And Drowning,-4.221808388
Louis CK Outlines Why Our Kid's Might Not Feel Special On Their Special Days,-3.368033157
"TWERK. Did I Get Your Attention? No? You Must Not Be The News, Then.",-4.326217029
"Jimmy Kimmel Puts One Over On The Entire World, And The Biggest Sucker Was The News Cycle",-3.457667728
"Jimmy Kimmel Put One Over On The Entire World, And The Biggest Sucker Was The News Cycle",-3.178635057
A Kid Found Something We Should All See,-3.565019317
A Kid Found Something We Should All See,-3.296952938
Think Of Cybercrime. She's Not Who You Would Picture As A Victim.,-4.599303957
"When This Guy Explains Why Women Won't Date Him, You May Roll Your Eyes. But 2 Minutes In...",-3.166560467
You THINK You've Heard All The Usual Body Positive Messages Before. But This One Has Dinosaurs!,-4.357972023
"He Was 15 Years Old The First Time He Tried To Kill HImself. Now, He's A Role Model For Gay Kids. ",-4.139601154
How Many Billboards You See A Year That Poke At Your Attractiveness — This Number Is Way Too High,-4.075348062
"A Boy Tries To Commit Suicide At Age 15, Then Becomes An Awesome Role Model At 41",-3.557094024
"A Gay Kid Tries To Commit Suicide At Age 15, Then Becomes A Really Awesome Role Model At 41",-3.430413113
"Remember That Movie 'The Birds'? This One Is Just As Scary, But Real.",-4.821139125
"A Gay Kid Tried To Kill Himself At Age 15, Then Became A Really Awesome Role Model At 41",-3.318193304
Watch Our ‘First World Problems’ Dumped On Someone Else,-4.612768365
Sunday Night Gets A Poke In The Right Direction... Um... I Mean... You'll See.,-5.400332292
Watch Our ‘First World Problems’ Dumped On Someone Else,-4.827569274
"That Day Had No Black Or White, Because Under That Rubble Everyone Was Gray",-4.696182981
"To You, What These Friends Do Will Be Amazing. To Them Its No Big Deal.",-4.88397968
Brain Surgeons Needed Help During Surgery. They Find It In the Most Unlikely Place.,-5.099343643
ACK! I Don't Know If I Can Throw Away Last Week's Pasta Now.,-4.747316326
"On September 11, 2001, A 12-Year-Old Kid Learned A Hard Lesson",-4.038955
"On September 11, 2001, A 12-Year-Old Kid Learned A Hard Lesson",-4.24645234
"She Was A Victim Of Terrorism, So Now She's Picked Up Weapons To Fight Back.",-4.711929723
You THINK You've Heard All The Usual Body Positive Messages Before. But This One Has Dinosaurs!,-4.683645232
"We're So Focused on Punishment, But What Happens If We Care About Moms Who Are Incarcerated? ",-5.369922208
"Welcome To The Future, Where Life Jackets Are Obsolete And Life Is Generally Awkward",-4.431366099
What You Should Know About The Chemical That Syria Is Bombing Children With,-4.545276229
This Guy Is Going To Show You One Of The Most Important Things You Can Teach Your Kids,-4.302442155
American Apparel Gearing Up To Launch Their New Line: A Collection Of Invisible Pants,-4.403355519
"What Provides 250,000 Jobs And Is Actually Disappearing Before Our Eyes?",-4.753509621
What He Says Can Make You Laugh. Or Just Change Your Life.,-4.097656791
Why We Might Invade Syria Is Explained Perfectly By — A Dead Comedian?,-3.275328486
The Sunday Night Double Standard Gets Hilariously Spoofed,-4.673892018
"Orange, Black, Pink ... Does It Really Matter The Color Of The Uniform When The Prisoner Is A Mom?",-5.335781348
The Three Little Words That Could Help Keep Your Loved Ones Alive,-4.430142717
"Orange, Black, Pink ... Does It Really Matter The Color Of The Uniform When The Prisoner Is A Mom?",-5.130820445
"5 Reasons Why my Girlfriend Thinks She's Not Beautiful Enough, No Matter What Anyone Tells Her",-3.642700973
Think Seeing A Little Male Nudity On TV Is Too Explicit? Then ... It's Time To Hear The Hard Truth.,-3.177703629
"She Was Going To Introduce The President Of The United States. Instead, She Got A Standing Ovation.",-2.83903886
A Debate About Religion That Doesn't End In Fisticuffs. Seriously.,-4.259269021
"She Was Going To Introduce The President Of The United States. Instead, She Got A Standing Ovation.",-2.915920267
"The Wanted To Make A Point About Their Lady Parts, But They Got Banned Instead",-3.652498342
"If You're Kid Is Already A Failure, Don't Even Bother With This Advice",-3.914962078
The Vows This Couple Shares Are Some Of The Most Beautiful I’ve Ever Heard,-4.038542694
Every Silly Talking Point About Healthcare Debunked In One Rapid Fire Epically Reasonable Rant,-4.134660099
Sarin Gas Gets A Lot Scarier Once You See What It Does To Humans — Take A Look,-3.592735594
Think You Know What Food Stamps Can Buy? You Might Be Surprised ...,-3.920856059
What Dirty Secret Did This Knight Just Reveal About His Virgin?,-3.56426571
How Do You Stop Whistleblowers From Exposing Your Disgusting Business Practices? Outlaw Them!,-4.48624712
I Don’t Care How Nice Your Couch Is. Please Don’t Do This Torturous Thing To Your Cat.,-3.2408382
"Martin Luther King Died Working For Justice In Memphis, But There's Still More To Be Done",-4.829029899
Why Do You Say ‘We’re Going To Run Out Of Oil’ Like It’s A Bad Thing?,-4.4347772
"I Hope When Such A Big Moment Happens To Me, There Are Cartwheeling Children Involved",-4.189786486
Wouldn't It Be Great If We Could Make Education Better For All Kids Without Spending A Dime?,-4.281904476
This Is Not Like Any Other Mother And Child Reunion You Have Ever Seen,-3.542806487
"Can We Get A Judge To Aisle 10, We Have An Engagement To Clean Up",-4.153299998
"The Definitive, Reasonable, Fact-Checked Debunking Of Every Silly Healthcare Reform Talking Point",-3.981209798
"If You Were A Girl Under The Age Of 18 Living In This Country, Your Life Would Be Very Different",-3.559859964
Why In The World Would Someone Get Plastic Surgery For Someone Else?,-3.81358947
Who Pays The Most In Taxes For The Least Amount Of Healthcare? HINT: Rhymes With Shamerica.,-3.940961909
One Man’s Plan To Extend Life Forever Is Pretty Bold. But At Least He’s Trying.,-3.65072999
"Beautiful Flash Mob Of Marriage Proposal Adorableness, Aisle 10",-3.347939626
I Don’t Care About Your Fancy Schmancy Couch. Please Don’t Do This Torturous Thing To Your Cat.,-3.206020438
Girls Don't Run The World. But They Should.,-4.499068655
"Beautiful Flash Mob Of Marriage Proposal Adorableness, Aisle 10",-3.250468736
People Are Horrible. You Might Agree When You See What I Just Did.,-3.420631719
"After Working Hard Their Entire Lives, Don't They Deserve More?",-4.583475883
Here's A Women's Rights Issue That You May Not Have Heard About,-3.81174971
His First 4 Sentences Are Interesting. The 5th Blew My Mind. And Made Me A Little Sick.,-2.849833304
Think Seeing A Little Male Nudity On TV Is Too Explicit? Then ... It's Time To Hear The Hard Truth.,-2.432178903
Humans Are Terrible. You Might Agree When You See The Same Thing I Did.,-2.903277169
A Message To Everyone Out There Who Thinks They Aren't Beautiful In Pictures,-3.784380601
"You See That? That's The Sweet Sight Of People Holding Politicians Accountable 
",-3.87075765
Ever Wonder What A Double Standard Within A Double Standard Looks Like?,-3.110956871
His First 4 Sentences Are Interesting. The 5th Blew My Mind. And Made Me A Little Sick.,-2.764561091
You See That? That's The Sight Of People Holding Politicians Accountable To Their Green Promises,-4.337070404
"Hey Kids, Do You Want Free Pizza AND Straight A's? This Pizza Owner Has A Genius Idea To Help You.",-4.374794665
"After Working Hard Their Entire Lives, Don't They Deserve More?",-4.477125047
Humans Are Horrible. You'll Probably Agree When You See The Same Thing I Did.,-3.079527762
The One Where A Retired Senator Speaks Common Sense On CNBC And There's Dead Silence,-3.782815902
"After 6 Years, This Is How She Reunited With Her Mother",-3.78760429
The Genius Idea One Pizza Owner Had That May Have Encouraged You To Study Harder At School,-4.019089382
This Is Not Like Any Other Mother And Child Reunion You Have Ever Seen,-3.38638009
The Reason We're All Safer on The Job In One Image,-4.35844837
Humans Should Be Less Horrible. You'll Probably Agree When You See The Same Thing I Did.,-3.052825216
Want To Make The World More Awesome? The Kid President Knows How Teachers And Kids Can Do It.,-4.413847345
"If You Don't Think Teachers Do Enough On The Job, Have I Got A Graphic For You",-3.967773021
"He May Not Be The Next Big Heartthrob, But He Should Be",-3.502928129
"If You Know How Little Pay These Hard Workers Get, You'll Understand Why This Is Such A Big Deal",-3.750901224
What If Congress Saw What It Really Feels Like To Be Us?,-4.287262422
Raging Waters Took His House Apart. But He Didn't Let That Stop HIm.,-4.050320251
Dear Condescending Advertising Agencies: This Is What Your Ads For Women Look Like,-3.318919908
Love God? Ever Asked Yourself If You're Allowed To Love Anyone Else?,-4.255879298
He Has A Soul Mate Waiting ... As Long As You're Okay With Bending The Rules A Bit...,-3.77402685
"If You Listen To What These New Yorkers Say And Are Not Angry, You're Probably Rich",-3.349767656
"When Trauma Surgeons Start To Lecture Us About ""Senseless Trauma"" You Know Something Needs To Change",-4.311051402
And Now Presenting: A Perfectly Political Punchline.,-4.083207506
A Soul Mate Is Waiting As Long As You're Okay With Bending The Rules A Bit,-3.720810981
"After The 13 Dead In DC On Monday, Their Trauma Center Doctor Wants To Be Put Out Of Business",-3.891820298
He’s Breaking Bread With The Man Who Tried To Cut Him To Pieces,-4.210440352
¿Puedes Hablar El Lenguaje Del Amor?,-5.510687038
How A Few Big Corporations Work Together To Pass Laws That Screw Us All,-4.455022237
"Geena Davis Hits The Bullseye Literally, And Figuratively, When It Comes To What She Wants From Hollywood",-3.491652546
The Shocking Thing A Father Opts To Do To His Daughter Because He Is So Poor,-3.06680184
"If You're Going To Protest Something, At Least Make Sure It Exists",-3.202393538
"BULLSEYE: Geena Davis Tells Hollywood Where To Stick Its Ageist, Sexist Representations Of Women",-3.495902829
Watch The Magnificient Way A Doctor Learns To Pay Up,-4.337932795
How Much Would You Pay For A Smile? How's 5 Bucks Sound?,-3.948492685
And Now For A Kickstarter Moment With The Prez And His Wingman,-4.269913705
An Inspiring Question We Need To Ask (And Act On) Way More Often.,-3.626197794
You COULD Walk Right Past Him. But I Wouldn't Recommend It.,-3.520749403
A Young Thief Gets Caught And Gets Exactly What He Deserves,-3.536220531
Not Even A Tornado Can Keep This Girl From Getting What She Wants,-3.913675774
A Vibrant Reminds To Get Out There And Find Them,-5.049173832
"OK, So He Somehow Found The Key To Happiness. But It's Still Really Hard To Believe. ",-3.72896129
The Huge Lie That Is Perped By Those Doing Extremely Well In Our Country,-3.409312513
"Could Giant Ziploc Bags Help End Hunger In Developing Countries?
",-4.216791283
"Watch This Family Sweetly, And Lovingly Totally Destroy One Of The Worst Stereotypes Of Christians",-2.651409596
They Told Her No Firm Would Pay Her Equally. So She Started Her Own.,-4.359154695
"Help, My Emotions Have Been Stirred By This Moving Tale Of Trans* Self-Acceptance And Can't Get Up",-4.217031973
The Incredibly Valid Reason These Best Friends Have For Not Calling Their Relationship A 'Bromance',-3.438776916
"When Your Outlook Is So Bright, Its Easy To Shoo The Clouds Away. And Boy, Are There Clouds.",-4.546655678
The Incredibly Valid Reason These Best Friends Have For Not Calling Their Relationship A 'Bromance',-3.522279812
"HELP, My Emotions Have Been Stirred By This Moving Tale Of Self-Acceptance And Can't Get Up!",-4.211787751
"1949, 1966, 1984, 1986, 1991, 1999 ... And Then There's The Other Half.",-3.413673345
"We Can All Agree That Iran, Israel And The US Need Peace. These Two Comedians Are Stepping Up",-4.198004604
"Something Amazing Is Taking Place In New York City, But Most People Haven't Even Noticed ... Yet. ",-3.288794583
"Can ""The Frosty Olympics Of Hate Is Sponsored By Coca Cola"" Be The Official Tagline?",-3.951094632
They Gave Him A Medal For His Service And Asked Him To Give A Speech. One Thank-You Is Unexpected.,-3.151762224
Finally Someone Stands Up To American Farmers As They Annoy Monsanto Lawyers. It's About Time.,-3.505512575
"Free Range? Organic? Fair Trade? All Good Questions, But Here's One That Will Blow You Away.",-3.721072688
Subway Car Prank Teaches A Little Lesson On Not Being So Quick To Judge People,-2.931679162
They're Absolutely And Totally Overdue For A Comeback This Season,-4.098056672
"Help, My Emotions Have Been Stirred By This Moving Tale Of Self-Acceptance And Can't Get Up!",-4.082739016
This Comedian's Uncharacteristic Rant About The Freaky Things Happening To Our Water Is Pretty Epic,-3.173682074
Liam Neeson Is Waking Us Up To The Painful Truth About Our Children That We Can't See,-3.286790992
What Happens If You Say NO To How Fashion Orders You To Be?,-3.653745616
What Happens If You Say NO To How Fashion Orders You To Be?,-4.062009182
What Happens If You Say NO To How Fashion Orders You To Be?,-3.654553844
"You Never See The Faces Of the Couple, But The Doctors Facial Expression Says It All",-3.163474381
His Controversial Case Shook America. Are People Still Outraged?,-3.821569976
"Help, My Emotions Have Been Stirred By This Moving Tale Of Self-Acceptance And Can't Get Up!",-4.132496328
"She Lived Through A Tornado, Homelessness, And Losing Her Family. But Now, She Just Wants One Thing",-3.712344131
I Can Guarantee In One Minute Your Respect For This Kid Will Multiply,-3.417481975
What Happens If You Say NO To How Fashion Orders You To Be?,-3.716674287
The Penalty That Working Moms Pay For Having A Kid Starts Right Here,-4.053661447
4 Out Of 5 Doctors Recommend This Comic. (Side Effects: Worry-Free Sexin' And Not Getting Pregnant.),-3.526432787
"One Guy Says He’s Not Interested In Sex, And It’s Global Breaking News
",-4.012593441
Most People Have Heard About An Awful Thing That Can Happen To Kids. But How Do We Help?,-2.750589239
He Was In A Coma. What He Could Hear His Students Saying To Him Is Absolutely Moving.,-3.25195527
Check Out Why Samuel L Jackson Just Yelled At A Store Full Of Angry Parents,-2.597995843
"Maybe What We Actually Needed Was A Geography Lesson, Right?",-4.162063699
"The Reason A Real Man Put On A Mask And Started Fighting Crime On His Own
",-3.945754226
"When Night Falls, This Father Transforms",-4.291012768
"Their Government Isn't Thinking Straight, So These Italian Lawmakers Stopped BEING Straight.",-4.023335697
Something Frozen For 21 Years That Needs To Thaw Right Now,-4.195786519
Here's What You Say To Quiet Some LGBT B.S.,-3.848593358
Greenpeace Pulls Ingenious Prank On Shell At Their Own Award Ceremony,-3.734985477
Two Dudes On Their Computers Perfectly Capture What Having A Billion Dollars Would Be Like,-3.536326596
I Didn't Risk My Life In Afghanistan So I Could Come Back And Watch People Go Hungry In America',-4.268637341
A Veteran's Powerful Words: What It's Like Being On The Receiving End Of Food Stamps,-4.021052759
I Was Shocked To Hear About One Guy Who Is On Food Stamps...,-3.573538383
Funding America's Plans For Syria ... With Kickstarter?,-4.843634371
"The 'How To Party With The Ladies' List Playboy Didn't Write, But You'll Wish They Did",-3.880876276
What Happens When An Old Woman Says NO To How Fashion Orders Her To Be?,-2.948420608
This List Totally Fooled Me Into Thinking Playboy Might Actually Care About Women,-3.269309312
"Rapists Cause Rape, Not Being A ""Slut"" – Hear, Listen To Why That's The Truth",-4.694818434
"Our Politicians Are So Desperate For Our Support, They're Willing To Stoop This Low",-4.291690021
The Make-Up Tutorial Made For Both Women And Men To See,-3.534745114
"Our Politicians Are So Desperate For Our Support, They're Willing To Stoop This Low",-3.552790924
"Ladies, Dudes – This Make-Up Tutorial Is Made For You Both",-3.624161545
This Dude Just Used Jelly Beans To Convince Me To Live My Life To The Fullest,-3.63585128
Something I Hear About All The Time But Only Now Understand,-3.734669221
"Our Politicians Are So Desperate For Our Support, They're Willing To Stoop This Low",-3.484910643
And The Winner For 'Biggest Hint That Hollywood Is Twisted' Is...,-4.119252994
"Our Politicians Are So Desperate For Our Support, They're Willing To Stoop This Low",-4.520447595
Try To Hold Your Applause When This Rocker Finally Settles Down,-3.426240032
Doing This To Kids Is Like Helping A Person Who Is On Fire By Drowning Them,-3.593978795
That Thing Where You Tell Someone To Just Be More Black And Hope They Go With It,-3.755680576
And The Winner For 'Biggest Hint That Hollywood Is Twisted' Is...,-2.769881499
A Story About A Cancer Patient Who Becomes A Drug Lord Only Makes Sense In America,-3.505667449
"Brittle Bones Disease? Psh, These College Kids Got It Under Control. ",-4.6459683
"When He Told Someone, Instead Of Providing Support They Replied: ""Men Can't Get Raped"" ",-3.477519649
How Out Of Touch With The World Do You Have To Be To Make These Ads?,-3.655507525
Why People In Other Countries Wouldn't Get The Premise Of 'Breaking Bad',-3.196792504
What Brings This Farmer To Tears Is Worth Three Minutes Of Your Time,-3.709522893
What Does Google And Those Guys In Front Of Home Depot Have In Common?,-4.588363068
Why People In Other Countries Wouldn't Get The Premise Of 'Breaking Bad',-3.110292764
"A Girl Is Hit By A Car And Is Dying. So Why Would Someone Shrug And Say ""It's Not My Problem""?",-2.744623716
"Sorry, We Have Our One Black Model, Try Again Next Year",-3.535342796
You Know When Someone Says Something So Rude And Idiotic And Terrible It Makes Your Face All Hot?,-3.474286354
"A Girl Is Hit By A Car And Is Dying. The Response She's Met With Is A Shrug And ""Not My Problem.""",-2.424831614
"In 10 Seconds, Find Out What Health Insurance Would Cost You In The New Exchange",-4.253918299
The Surprising Story Of How One Of The Most Famous Women In Our Culture Came To Be,-3.683185307
"400,000 American Children Bring Something To You Every Week",-4.504421889
Jon Stewart's 2 Sickening Loopholes For Cutting Employee Healthcare,-4.193939828
Gay Scandal In Parliament? Winston Churchill Doesn't Need A Speechwriter For This One.,-3.91318635
"Just When You Think A Billionaire Has Said The Most Out Of Touch Thing Ever, Another Wins The Crown",-3.290944745
"You Will Not Believe What This Billionaire Said About Black People. Never Mind, You Probably Will.",-4.109864528
He Gets A $4 Million Bonus EVERY YEAR. Clearly It's Not For The Gross Words That Spew From His Face.,-3.705436541
That One Time A CEO Said Something So Profoundly Idiotic That We Had To Fact Check His Face,-3.499541698
Why Pay For Employee Healthcare When These 2 Loopholes Make It Optional?,-3.992088172
Why People In Other Countries Wouldn't Get The Premise Of 'Breaking Bad',-3.227015978
They Know He Is About To Die. See How They Say Goodbye.,-3.253735124
The Best Response For When Anyone Calls Young People Today Lazy,-3.544438862
People With Funny Accents May Know The Next Steve Jobs?,-4.896889552
"Kid President Was Made Possible By Something We All Have, And All Can Use",-4.644722409
The Best Response For When Anyone Calls Young People Today Lazy,-3.366085176
WHOA: The People That Bring Your Food To The Table Can Be HOW Young?!,-4.419065782
There Are Many Hands That Touch Our Food. These Will Make You Sick.,-4.014625003
Miley Cyrus Points Out Something Wrong With America — And She's Absolutely Right,-2.275199284
"He Isn't A Superhero, But His Superpower Is Tellin' It Like It Is.",-5.000745279
A Rapper Reveals What His Biggest Inspiration Is — And Its High School?,-5.017405972
The Things This 4-Year-Old Is Doing Are Cute. The Reason He's Doing Them Is Heartbreaking.,-3.92783386
2 Million Women Are Suffering And We Are Too Embarrassed To Talk About It,-3.799391256
"If Strangers Are Staring At You In The Subway, Do What This Kid Did. Keep Singing.",-3.949481107
"You May Think It's Healthy, But This Food's Got Some Tricks Up Its Husk",-4.646370735
"She's Not From Here, So Why Does She Sound Like That?",-4.328098293
The (Disheartening) Possible Future Of The American Economy In One Terrific Investigative Report,-4.842271942
"The Cause Of, And Solution To, Life's Biggest Problem",-4.336836267
It's About Time Someone Put Some Desire Back Into Classrooms,-4.449141433
You Don't Have To Choose Between Understanding Obamacare And Looking At Cute Animal Pictures.,-5.108856461
"You Need To Know What Superbugs Are, And You Need To Know How You're Creating Them.",-5.489504734
The Anti-Sale That'll Make You Rethink Your Trip To The Grocery Store,-4.035189711
At First I Thought He Was Making Fun Of Himself. Then I Realized He Was Warning Me.,-4.21232149
"Sometimes She's So Scared, She Can Hardly Get Where She Needs To Be In The Morning",-5.253993242
At Least Your Boss Has Never Given You The Middle Finger (I Hope),-5.141663557
Legendary Actor Danny Glover Is ​​Getting Too Tired Of This Shit,-3.718363571
This Principal Cares Because He's Just Like Them,-5.146458579
"Corporate America, You've Officially Been Schooled",-4.534967359
This Principal Cares Because He's Just Like Them,-5.084736159
This Was A Face Made During A Science Class. A Very Special Science Class,-4.087104486
This Is The Most Inspiring Yet Depressing Yet Hilarious Yet Horrifying Yet Heartwarming Grad Speech,-3.492183898
"It's Dangerous For Her To Get To School, But She's Doing It For Her Future.",-4.654616949
The Completely Mathematical Reason You Need To Change Most Of Your Ideas On Immigration Reform,-4.18791453
He Was Like Them Once. He's Making Sure They Go On The Same Path He Did.,-5.21911447
The United States Of ‘Sorry ’Bout Your Luck.’ Can’t We Do Better?,-3.790051674
Who Is The Person That Made Your Life Better As A Kid? A Bunch Of Celebrities Tell Us Theirs.,-4.061869623
Imagine If You Turned Up To Your Job And These 16 Words Were Said To You,-3.357910777
Dear Lady Friends – Ban Ki-moon Has Something To Tell You,-4.723467709
"Superbugs Are As Terrifying As They Sound, So Maybe We Should Stop Contributing To Their Rise?",-5.025720932
Step 1. Get Job. Step 2. Work Hard. Step 3. Receive Paycheck So Tiny Colbert Makes Fun Of It,-3.956529542
6 Simple Yet Brilliant Things We Could Be Doing To Kick-Start This Country,-4.314459477
"Hi, Corporate America. You've Officially Been Schooled.",-4.762173935
6 No-Brainer Things We Could Be Doing To Kick-Start This Country Right Now,-4.448436264
"Hi There, Corporate America. Prepare To Be Schooled.",-5.196795627
"​Until This Becomes A Reality, Dreamers Will Keep On Dreaming",-4.821799814
"Move Over, Adele: This Lady Wins The 'Songs That Make Me Cry' Award",-4.398605313
Her Dad Thinks Being Gay Was Her Choice. The Words She Said Back? Couldn't Have Chosen Them Better.,-3.786273539
WATCH: A Gay Friendly Pasta Commercial — Because Tolerance Shouldn't Be So Hard,-4.028476406
6 Things We Could Be Doing To Kick-Start This Country,-4.534032158
A Business Dude Tries To Give Senator Warren A Talking To And Loses. Because Math Is A Real Thing.,-3.567657631
A Man Who Clearly Hasn't Seen Senator Warren In Action Tries To One Up Her. Good Luck With That.,-3.535471928
This Senator Does Her Homework. The CEO She Is Holding Accountable? Not So Much.,-3.819609151
Watch A Gay Pasta Commercial — Because Acceptance Shouldn't Be So Tough,-3.748837927
A Simple Joke About A Super Obvious Problem In Hollywood Said In A Refreshingly Sly Way,-3.567535903
The American Dream Is Only Available For A Select Group - But Not If This Happens,-4.757423735
They've Grown Up And Studied Here – Can They Have A Shot At The Living Here Too?,-5.029107692
The American Dream Is Only Available For A Select Group - But Not If This Happens,-4.639969374
One Year Of Cancer Treatment In One Minute,-4.644496557
A CEO Tried To Give Senator Warren A Math Lesson. Bless His Heart. am2-9d,-3.677191699
A CEO Tried To Give Senator Warren A Math Lesson. So She Had To Explain How Math Actually Works.,-3.660495335
So That’s What It Looks Like When A Journalist Refuses To Let Politicians Off The Hook,-3.612024209
A Senator Bluntly Says What We're All Thinking About The Awful And Pointless Government Shutdown,-3.288964608
A Grown Woman Answers Some Questions In Just A Really Great Way,-4.333393667
Who Is Responsible For The Shutdown And What Is In This Dude's Mouth?,-4.035386297
The Cartoonish Farce That Is The Government Shutdown Explained In Less Than 4 Minutes,-3.810711451
"Disney Princesses Are Cool, But The Legendary Women This Mom Dresses Her Kid Up As Are Cooler",-3.905962122
"In A City Where Becoming A Statistic Seems Like Fate, Some Incredible Teens Are Bursting Through",-5.182229322
"You Thought The Mormons Moved To Utah For Religion, But It Was Really For The Fuel Savings",-4.71711721
The Cartoonish Farce That Is The Government Shutdown Explained In Less Than 4 Minutes,-3.606584211
The Cartoonish Theatre That Is The Government Shutdown Explained In Less Than 4 Minutes,-3.777610366
"Take A Look At This Man. If He Is Your Boss, Please Quit Immediately.",-3.541524947
Some People Are So Sick Of Other People Being Mistreated They Went And Made A Song About It,-4.910511861
Conan O'Brien Was A Great Boss Until The Government Shutdown Gave Him An Idea,-4.075665441
42 Maps That Tell Us More About The World Than Just Where Things Are,-4.049224127
"If You Love Smog, International Conflict, And Price Spikes, Find Yourself A Different Infographic",-5.05756275
42 Ridiculous Maps That Are More Accurate Than The One You're Used To,-3.87406727
Conan O'Brien Used To Be A Great Boss. Then The Government Shutdown Gave Him An Idea.,-3.613402667
A Straight Guy Finally Gets What It's Like To Be Gay,-3.595461946
"It's Got A Good Beat, But The Lyrics Just Piss Me Off",-4.35923231
Something We Can All Agree On: Obamacare Vs. The Affordable Care Act,-4.495840451
"Hippies Must Have Tampered With These Numbers, Right?",-4.201721677
"We've Gone From Over 100 Countries Down To 4. This Is A Good Thing, I Swear.",-4.732347162
How This Could All End Up If The Government Fails To Get Itself Working Again,-4.603241722
"How ""Obamacare"" Is Its Own Worst Enemy",-4.410362239
The Craigslist Ad That Will Make The Government Shutdown Seem Hilarious,-3.962868964
Who's Decision Is It Anyway? Theirs Or Ours?,-5.06707291
These Comments About Politics Are Too Mean To Be True. But They ARE True.,-4.111688114
Wouldn't It Be Cool If All Tabloids Showed What Women Really Look Like After Giving Birth?,-3.961416936
Wouldn't It Be Cool If All Tabloids Showed What Women Really Look Like After Giving Birth?,-3.279941938
Want An Honest Look At How Motherhood Changes Women's Bodies? Here You Go!,-2.786698117
Serving Up An Order Of Truth: $2 Billion In Marketing To Our Kids Is Too Much For Me,-5.293304825
"Before You Hit The Drive-Through With Your Kids, Watch This Video. It Might Make You Think Twice.",-4.071004613
Leave It To A Metal Man And A Big Furry Guy To Teach Little Boys The Wrong Message,-3.86536101
"Before You Hit The Drive-Through With Your Kids, Watch This Video. It Might Make You Think Twice.",-4.082516191
This Is the Face A Senator Makes When A Reporter Actually Asks A Tough Question About The Shutdown,-3.927301378
A Straight Guy Gets What It's Like To Be Gay,-3.605526299
Don't Like It When The Government Shuts Down? Maybe You Should Start Saying What She Is Saying.,-3.962616709
These Comments About Politics Are Too Mean To Be True. But They ARE True.,-3.513107828
A Senator Gets Mad About The Shutdown And Starts Naming Names. About Time.,-3.175888206
"If A Kid Comes Out Of Their Shell Early In Life, It's A Good Thing. For Crabs, Not So Much",-4.838013667
Climate Change Deniers Are Left Without An Iceberg To Stand On,-4.911702876
"If Our Food Could Talk, It Would Probably Try To Sue Us",-4.649697927
She Turned Up To Her Job And Someone Had The Nerve To Say These 12 Words To Her,-3.890286114
"If You Hear What She's Saying And It's Provoked You To Re-Think The Issue, She's Made Her Point",-4.564257608
These Are The Faces Of Sexual Assault That You May Not Have Expected To See,-4.586607349
"If You Don't Watch This Weird Dude Rub Butter All Over A Tree, American Families Could Suffer",-4.093249072
I Need You To Watch This Weirdo Rub A Stick Of Butter On A Tree. For A Really Good Reason.,-4.163885087
Please Tell Me We're Close To A World Where This Can't Happen Again,-4.238723767
Would You Be Able To Guess The Top 5 Happiest Careers In The U.S.?,-4.320465045
"Apparently, This Is Your Brain On Football ",-4.47243318
This Teacher Knows Exactly What His Kids Are Up To Outside Of School. And It's Not Pretty.,-4.069002403
I Need You To Watch This Weirdo Rub A Stick Of Butter On A Tree. For A Really Good Reason.,-4.155148326
I Need You To Watch This Weirdo Rub A Stick Of Butter On A Tree. For A Really Good Reason.,-4.09661963
I Need You To Watch This Weirdo Rub A Stick Of Butter On A Tree. For A Really Good Reason.,-4.052772162
"The Overwhelming Power Of Love, Told Through The Story Of One Woman's House",-5.522793363
UN Leader Ban Ki-moon Says Something About Ladies That We Already Planned On Doing,-5.152497033
A Girl Breaks Down Crying Explaining Something That Too Many Women Have Experienced,-3.97113549
Just Take My Money Already! I’m Ready To Make A Reservation RIGHT NOW.,-5.680475938
"One City’s Plan For Streets That Smell Sweeter Than Lemon-Scented Pine Sol
",-5.332596484
This Is What They Call 'Furlough' In Washington,-4.725333639
"Some Perspective On A Certain Baseball Team, Care Of Common Sense",-4.807717907
What A Special Gift To Find On Your Doorstep,-5.101896885
My Favorite Thing About Science Is This,-4.709652765
"If Everyone Took The Advice Of A Man Who Was Beaten For Wearing A Turban, We'd Live In A Safer World",-4.920516509
Don't You Miss When Life Lessons Could Be Wrapped Up This Snuggly?,-5.704570043
Science Has Been Misleading You About Some Fundamental Truths,-4.316679706
One Of The Highest-Paid Jobs You Can Get Out Of College Is One I've Never Even Thought Twice About,-4.34462779
5 Embarrassing Things That I Would Hate To Have In My Obituary,-4.599796658
So Many Kids Fall Through The Cracks  — Meet The Woman Making Sure That Doesn't Happen On Her Watch,-5.202883523
The Woman Who Has As Close To A Super Power As We Can Get,-4.325965382
"Move Over, Columbus. The Italians Have A New Hero.",-5.358083488
Some Of Your Paycheck Goes To Something Every Week Thay They Want To Get Rid Of,-5.40206848
"He's A Fraud, A Murderer, And Sorely Mistaken - We Gave THIS Guy A National Holiday?",-4.411953125
What An Inspiration! A Woman Who's Totally Rocking The Auto Repair Industry.,-5.174038277
The Wheels On The Bus Come To A Screeching Freaking Halt,-4.772321228
What An Inspiration! A Woman Who's Totally Upsetting One Industry That's Usually Male.,-4.831747089
Why You'll Get Kittens When You Click On This (Just Kidding. It's About Something That Matters).,-5.20629923
Why You'll Get Kittens When You Click On This (Just Kidding. It's About Something That Matters).,-5.037594611
A Father Thought He Could Suppress Who His Son Really Was. His Son Had Another Idea.,-4.016551715
"Over The Past Few Decades, A Lot Of Brave People Have Embraced Who They Are. Here's To Them.",-5.676559935
"Get Out Your GLBT Dancing Shoes, Some Celebrating Is In Order",-4.899413257
You'd Make This Face Too If You Knew What Hank Green Knew,-4.792437299
You’ll Be Amazed How Just A Song Could Break Through To This Woman With Alzheimer’s,-4.397188882
"They May Be Passionate About Their Work, But This Just Seems Mean",-4.810665587
You’ll Be Amazed How Music Breaks Through To This Woman With Alzheimer’s,-4.33638699
I Get It. You Don't Think Climate Change Is Man Made. That's Sort Of Irrelevant Because Of This.,-4.489254671
Alissa Told Her Girlfriend That She Wasn't Romantic Enough.,-4.01348118
America Is So Screwed That Even Hostage Negotiators Can't Sort This Shutdown Mess Out,-5.117404653
"If I Were To Put My Trust In Anyone Fixing The Government Shutdown, It Would Be In The Daily Show ",-4.065294178
Why Equal Pay For Equal Work Means Everything To Women Of Color,-5.648227053
"Diapers, Check. Pacifiers, Check. Baby Food, Check. OK, Now Let's Go Sit At Our Desks In Congress.",-5.524086041
Your Unhealthy Love For Public Health In 14 Images,-4.885726933
"Before He Was Assassinated, MLK Had A Really Radical Idea",-4.792515731
An Invisible Nordic Guy Has Some Uncomfortable American Truths For You,-4.836379884
"I Love Orangutans, But I Don’t Love What This One Has To Say",-5.172972921
Some Couples You Just Don't Mess With. Especially Not Right Before Their 20th Wedding Anniversary.,-4.440982426
"Ahh, Michigan: Cherries, Fish, Lakes, And Getting Fired For Something Absurd.",-5.446121418
"Heaven Caught On Tape. More Beautiful Than You Imagined, Closer Than You’d Expect.",-4.978265136
The Whiteboard That Made Arguing About Global Warming The Stupidest Use Of Our Time,-4.610854932
The Female Body Part That Wasn't Actually Discovered Until 1998,-3.880513799
New York And California Are Conspicuously Absent From One Ranking Of Coolness,-4.971723712
I Get It. You Don't Think Global Warming Is Man Made. It's Still A Real Thing Though.,-4.977411862
"Heaven Caught On Tape. More Beautiful Than You Imagined, Closer Than You’d Expect.",-4.176931801
Her Husband Won A Nobel Prize. But She's About To Be A WAY Bigger Deal.,-4.486979172
A Guy Who Used To be Homeless Shows Us Exactly What Determination Looks Like,-5.277802241
Know A Girl Who’s Ever Felt Invisible Or Unheard? Please Show Her This.,-4.310208347
There's Something Shocking That Your Boss Can Do To You In Michigan And 34 Other States,-4.892152013
What An Orangutan Says To This Girl Is Really Frightening,-4.295923936
All These Families Want To Do Is Talk To Their Loved Ones. Why Does It Seem So Impossible?,-5.890428003
She Didn't Think Her Girlfriend Was Romantic Enough. She Seems To Have Spoken Too Soon.,-4.346037254
For Those Of Us Who Spend Way Too Much Time Online,-4.752926841
The GOP Made A Rule That Their Boss Couldn't End The Shutdown. Or Almost Anyone Else. Not Joking.,-4.143134726
Congress Did Something So Spectacularly Creepy That It's Too Unbelievable To Make Up,-3.754788696
We Get A Day Off Every Year In Honor Of A Man Who Gave Thousands Of People A — Permanent — Vacation,-4.75485376
"When I Was A Little Boy, I Learned A Lot From 'Star Wars.' Even The Bad Stuff.",-3.691033682
The Female Body Part That Wasn't Actually Discovered Until 1998,-3.291415748
This Guy Just Won A Nobel Prize. He Has Something To Say About The USA That You Should Hear.,-3.549909571
10 Stupid Thoughts That Are Slowing Down A Solution To Global Warming,-4.435589548
"Bernie Sanders Is Pissed, And For Good Reason",-3.969238265
"See This Daily Show Reporter Loses His Cool When He's Confronted With Stupidity, Naturally",-3.175487899
An Average Night In DC Takes A Turn For The Disgusting,-4.205424885
"Yeah, That Just About Covers Everything I Hate About Politics",-4.597084487
Just An Average Night In DC. Try Not To Throw Up.,-4.293563527
It's Totally Legal To Discriminate Towards 50% Of This Country. Still. In 2013.,-4.523612999
A Lobbyists And A Congressman Walk Into A Restaurant. See What Happens Next.,-3.578705111
What It Surely Must Be Like Bargaining With A Certain Part Of Congress,-4.227470392
So A Lobbyist And A Congressman Walk Into A Restaurant ...,-3.737404049
A Lobbyist And A Senator Walk Into A Restaurant. Here's What They Talk About.,-3.602374655
That Awkward Moment When You Realise America Is Almost As Sexist As It Was Before Bras Were Burning,-3.427420577
"Even If You're A Fan Of The Tea Party, This Will Make You Laugh",-3.952012654
Here's What Marriage Equality Sounds Like,-4.920622414
Ever Secretly Make Your Stomach Fat Talk? Turns Out We're All Doing It.,-4.476352078
The Dirty Little Secret That Fast Food Companies Don't Want You To Know,-3.927328167
Does The Future Of Our Cities Look A Lot Like Detroit?,-5.197228226
"Why This Guy Says You're Unfocused, Hyperactive and Potentially Fabulous ",-4.57197025
Debt Collection Agency Unleashes New Scheme To Get Us To Pay Up. And It’s Working.,-4.183374858
Do You Hate Collection Agencies? So Does This Collection Agency.,-4.820190949
Why're We Afraid Of Talking Religion And Politics Over Dinner But Cool With This Offhand Mention?,-4.589916828
Remember These Facts The Next Time You Sleep In On A Saturday,-4.666702957
"As A Mom, I Love That These Boys See Each Other In Such A Special Way",-4.730921391
"We've All Done This Without Thinking And It May Ruin Our Chances At A Happy, Wealthy Life ",-4.53072771
Cracking Open Rib Cages Isn’t The Only Way This Cardiac Surgeon Shows Heart,-5.105945474
10 Reasons Why Global Warming Is A BIG FAKE (Sarcasm),-4.306909838
The Female Body Part That Wasn't Discovered (For Real) Until 1998,-3.27703264
Everything You And Oprah Wanted To Know About Atheists But Were Afraid To Ask,-3.582794038
"If You Think Atheists Have No Morals, You Probably Need To Watch This",-2.836174847
Here Are 5 Things About The Place You Live That You May Not Have All The Facts About,-4.122582859
Listen To This Real Talk From A Kid President Who Tells Us The Best Way To Use The Internet,-4.495823685
"A Guide To Making The Internet Suck Less, By A Kid Who Will Hopefully Be President One Day",-4.541860224
"Liberal, Conservative, Whatever: Here Is Something You All Agree Ain't Right",-4.355722147
Watch Oprah Get Confused When An Amazing Woman Talks About How She Doesn't Believe In God,-2.834466346
"The Men Who Built The Atomic Bomb Felt Like Gods When It Worked, But Not In An Egotistical Way",-3.857131915
Insulting Is The New Motivational Technique — Somehow It's Really Effective,-3.968493352
Does Democracy Still Work In America?,-5.451162847
"One Of The World’s Most Hated Groups Found Her, Took Her Money, And Left Her In Tears (Of Happiness)",-4.210845326
"A Guide To Making The Internet Suck Less, By A Kid Who Will Hopefully Be President One Day",-4.800837663
"This Boy Has An Idea To Make The World A Little Bit Better – It Involves Your, Erm, Socks",-4.819973712
Why Democrats Might Be Betting On The Wrong Horse,-4.310028667
Why A Late-Night Trip To A Taco Truck Might Be The Best Thing You Can Do For Yourself,-4.475766018
"Um, Gynecological Sock Puppets? Time To Add One More Thing To Your List Of Biggest Fears. ",-4.695701004
"Finally, Someone Figured Out How To Make McDonald’s Feel As Bad As They Usually Make Everyone Else Feel ",-4.250884112
"This Is One Pissed Off, Embarrassed Fast Food Clown ",-4.398202208
What This Band Of Outcasts Find In A Few Boxes Is Just What They Needed,-4.778878109
"This Kids Logic May Convince You To ​​Delete Candy Crush Off Your Phone And, Er, Give Him Your Socks",-4.467120497
The Response He Received Spells Out A Much Bigger Problem That Hollywood Still Has,-3.945621481
Psst. You. It's Totally Okay To Feel Low Right Now. Here's Something That Might Help.,-4.385429928
"A Photographer Convinces Strangers To Do Something Really Odd, And They Totally Love It",-4.075873124
What The Debt Ceiling Battles And Government Shutdown Cost The Country: Sh*t Just Got Real...,-4.559156865
"They Found Her, Took Her Money, And Left Her In Tears. But It's Actually A Pretty Happy Story. ",-4.212454779
The Real Cost Of The Tea Party's Shenanigans In One Horrifying Graphic,-3.787066414
"A Therapist Who Thinks He Can Cure Gay People Gets His Just Desserts, Care Of A Proud Gay Man",-3.465315411
"If You Told Me I'd Be Fascinated By A Comic About Being Poor, I Would Have Thought You Were Drunk",-4.32203616
"Some Thought They Were Trying To Keep Folks Out, But They've Spent Their Lives Doing The Opposite",-4.826391892
What Do All These Faces Have In Common? They Belong To One Woman Who Fought Back.,-4.276551328
"A Photographer Convinces Strangers To Do Something Really Odd, And They Totally Love It",-4.119901703
"If You Know Someone Who Was Bullied, They Probably Understand Why This Ends Badly",-4.092441186
This Video Will Make You As Uncomfortable As An Open-Backed Hospital Gown Does,-3.916497827
Psst. You. It's Totally Okay To Feel Low Right Now. Here's Something That Might Help.,-3.969823035
We Need A New Name For When You're Unemployed And Have Given Up On Even Looking For Work,-4.824011814
A Television Journalist Loses His Cool And Confronts Someone Responsible For The Shutdown,-3.923371974
A FOX News Anchor Calls Out A Super Skeezy Lawyer For Some Ridiculously Sexist Remarks,-3.599316327
She Did Everything She Was Supposed To Do. The Least These 2 Dudes Could Do Is Show Some Sympathy.,-3.583401726
The Crown Is Not The Heaviest Burden This Prince Has Had To Carry,-3.856783518
"A Child Should Never Have To Call Their Parents In Jail. And Yet, Here We Are.",-4.385696364
There Are Teens Who Don't Ever Think About Health Care. And Then There Are Teens Who Rap About It.,-4.755252451
She Can't Afford To Not Afford Her Daughter's Health,-4.863763027
"I'm Not Saying She Deserved To Be Raped, BUT' Is Possibly The Worst Way To Begin A Sentence. Ever.",-3.655444924
How A Road Trip From Chicago To LA Became So Much More,-5.027416771
This Science Nerd Will Totally Judge You If You Don't Learn These 5 Fact-Checked Things About Earth,-3.6767559
For 13 Years These Boys' Lives Were Filmed. The Result Is Better Than Any Reality Show I've Seen.,-3.758633191
Teen Tries To Develop Cancer Test. Adults Scoff. Teen Shrugs And Does It Anyway.,-3.993192268
"It's Not Perfect, But A Couple Teens Put Together The Most Authentic Obamacare Pitch I've Seen",-4.12139474
Teen Tries To Develop Cancer Test. Adults Scoff. Teen Shrugs And Does It Anyway.,-3.809645897
Heyyy Buddy. Yeah You. It's Totally Okay To Feel Low Right Now. Here's Something That Might Help.,-3.778537326
This Video Will Make You As Uncomfortable As An Open-Backed Hospital Gown Does.,-3.63290932
" I Believe In Justice. I Also Believe Prison Should Be A Life Sentence, Not A Death Sentence. ",-5.002317973
Need A Halloween Costume? How About Going As The Constitution? It's All Make-Believe Now.,-5.337345754
"They Said He Was ‘Evil’ And ‘Bad,’ But He’s Actually Really, Really Astonishingly Good",-3.71960413
"I Watched Mr. Rogers Too, But I Don’t Think This Is What He Meant By ‘Neighborly’",-3.868431693
The Get-Rich-Quick Plan That Is Actually Killing People,-4.36085335
What Happens To A School Day When Most Of Your Students Used To Be In Jail?,-4.937967726
Everyone Else Gave Up On These Kids. But He Picked Them Up And Made Them Undroppable,-5.013334351
A Straight Guy Gets What It's Like To Be Gay,-3.421885847
"No Matter How Hard Your Kids Have It, They Got It Easier Than These Kids",-4.471919784
"If Your Toddler Ever Says This, Then They Are Way Deeper Than I Am",-3.893136088
"He Didn't Think It Could Happen To Him. Now He's $700,000 In Debt. He Wants You To Be Prepared.",-5.122234374
Four College Kids Decided To Try Living Like 1.1 Billion People Do Every Day,-4.474057174
Four College Kids Decided To Try Living Like 1.1 Billion People Do Every Day,-4.055029569
A 2-Year-Old Gets Totally Profound In A Way Most Grown-Ups Don't,-3.127459893
Would You Expect These Results To Appear When You Google 'Women'?,-3.617152624
People Like This Guy Are The Last Line Of Defense Keeping Grandma From The Poor House,-4.236738085
Those Who Want To Take Away Our Safety Nets Don't Want You To See This,-3.933914952
Does The Internet Need More Pictures Of Breasts? Yes. And Here's How You Can Help.,-4.087945531
"73% Of Americans Want This To Happen, But Think They Don't",-4.210571747
His Mom Made A Mistake He Will Never Be Able To Forget,-3.949339963
Ever Hear About The Lady That Spilled Coffee On Herself And Got Mcdonalds To Pay Her $3 Million?,-3.290858635
Two Grandfathers Celebrate 46 Years Together By Getting Married,-4.007751071
"Have You Heard About The Lady Who Dropped Coffee On Herself, Sued, And Won About 3 Million Dollars?",-3.059610365
Ever Hear About The Lady That Spilled Coffee On Herself And Got Mcdonalds To Pay Her $3 Million?,-2.884297528
Congress: I Think You Could Learn A Thing Or Two Watching These Teachers Solve Problems,-4.478792631
"Ever Overheard Something In Public That Made You Cringe? Yeah, So Did This Guy. ",-3.127829712
His Mom Made A Mistake He Will Never Be Able To Forget,-3.300535721
Watch A Music Video Parody That Deserves Both A VMA And A Presidential Medal,-3.438614895
"Watch Far-Away Statistics Transform Into Real People You Can Understand, No Translation Needed",-4.495558221
"They Openly Told Everyone All It Was Fake, And They STILL Bought Everything. Unbelievable.",-3.552362242
"They Were All Told It Wasn't Real, But They Still Bought Everything. So ... Totally Unreal.",-3.494900813
The Sweetest Two And A Half Minutes You'll Spend Today Will Happen Right ... Now.,-3.66700325
The Sweetest Two And A Half Minutes You'll Spend Today Will Happen Right ... Now.,-3.46716462
There's A Secret That These People Keep Every Day They Go To Work,-4.044382826
"On Beer Ad You Definitely Won’t See During The Super Bowl
",-3.836967839
How Broken Is Our Education System? Some Teens Were Asked To Raise Their Hands If They Had Dreams.,-4.667462243
She Can't Imagine A Worse Way To Start A Date,-3.825274012
"Her View On This Train Is Horrible, She Wants To Make Sure You Never Get On",-4.001884722
She Called Herself Fat. So Her Boyfriend Called Her Beautiful. So She Explained That She’s Both.,-4.356794867
They Were All Told It Was Fake But They STILL Thought It Was Real. Then They Bought Everything.,-4.017906461
"She Didn't Break The Bank, But She Just Broke A Banking Stereotype",-4.641104963
The Most Delightful Couple You'll Meet Will Happen Right ... Now.,-3.773116367
"Meet Six People Who Have Betrayed Our Country Or Are Helping Save It, Depending On Who You Ask",-4.92492667
Head's Up: These Are The Things That Happen When Budgets Are Cut.,-4.470696434
When Budget Cuts Kill People: The 6th Grader Who Paid For Budget Cuts With Her Life.,-4.581637013
"If You Are Tired Of Poorly Written Women Characters In Movies, Have I Got The Dude For You",-3.960178047
She Works At McDonald's And Called Its Help Line. You Won't Believe What They Told Her To Do.,-4.828313737
"If You Don't Care About NSA Spying Because You Have Nothing To Hide, You Totally Missed The Point",-3.987597346
She Works At McDonald's And Called Its Help Line. You Won't Believe What They Told Her To Do.,-3.200938124
Some People Wanted To Help Make Our Country Better. So We're Apparently Going To Put Them In Jail.,-4.0537053
How A Healthy Diet These Days Includes A Concerned Letter To Your Congressional Representative,-5.859794775
Hilarious Beer Commercial No Brewery Wants You To See,-3.775878789
How To Beat A Big Multi-National Brand At Its Own Game,-4.417387964
"The One Thing Teachers Always Forced You To Do May Have Ruined Your Chance At A Happy, Wealthy Life",-3.587573725
"Westboro Baptist Church Planned To Disrupt Fallen Soldier’s Funeral. Sorry, Wrong Town.",-3.97493349
"Need A Halloween Costume? Why Not Go As This FBI Lady, 'Cause What She's Gonna Say Is Terrifying. ",-4.199295158
An Apple A Day Does A Hell Lot More Than Keep The Doctor Away,-4.751864565
A Dream Team Combination: Pizza And An Act Of Kindness That Made Me Smile,-5.35036038
Beautiful British Boys Get Naked And Frolick In The Great Outdoors For The Good Of Gays Everywhere,-3.268886245
How An Apple A Day Does Way More Than Keep The Doc Away,-4.086459148
"If I Had 30 Pizzas, I'd Gauge It All And Feel A Sense Of Accomplishment. But Not These Guys.",-4.166219611
"There's No Way To Say It Other Than 'Thanks, Uncle Sam, For Taking This Money Out Of My Paycheck'",-4.303353603
"When 280,000 People Are Attacked Each Month At A Place That Should Be Safe, We've Got A Problem",-3.819866725
50 Journalists Asked This Guy The Same Dumb Question About Women. His Response? Totally Justified.,-3.181273615
"If A Musician Like This Can Add His Voice To Something We All Need To Know About, Can Things Change?",-4.689212042
"How Aware Are You Of Your Surroundings? If You're Like Me, The Answer Is Terrifyingly Oblivious. ",-3.985039268
50 Journalists Asked This Guy The Same Obnoxious Question About Women. His Response? Justified.,-3.488043182
50 Journalists Asked This Guy The Same Dumb Question About Women. His Response? Totally Justified.,-3.169026276
Life For Millions Of People Goes A Little Something Like This,-4.681513753
An Apple A Day Does A Hell Lot More Than Keep The Doctor Away,-4.221561256
I'm Willing To Bet That You've Never Thought To Fight Homophobia Like These Guys Decided To,-3.209071825
Bet You've Never Thought Of Fighting Homophobia Like These Guys Decided To,-3.212055232
"Tell Me Again, Why Can’t These Two Students Be Treated Equal?",-4.354985184
"Like, You’ll Totally Get This Dude But Whatever",-4.601437739
A Huge Problem That Is Beyond Easy To Fix,-4.453663068
Like. Totally. Whatever. If You Know Someone Who Uses Those Words Show Them This Video.,-3.873633116
Over 2 Million Families Around The World Experience This Devastation Every Year,-4.161044208
"It Happens To A Family Every 21 Minutes, Yet No One Is Talking About It",-3.749374785
Like. Totally. Whatever. If You Know Someone Who Uses These Words Show Them This Video.,-3.855387331
"These Three Words Get Feminists Fired Up, But Maybe Not In The Way You Think",-3.792698783
"If You Were Wondering What Racism Looks Like, It's Bearded, 5'8"", And Dumb Enough To Talk On Camera",-3.744142133
"If You Were Wondering What Racism Looks Like, It's Bearded, 5'8"", And Dumb Enough To Talk On Camera",-3.584158775
"If You Were Wondering What Racism Looks Like, It's Bearded, 5'8"", And Dumb Enough To Talk On Camera",-3.441130092
"This Guy Just Spoke The Most Beautiful Words About Ninjas, Braces, and Mono ",-4.77752157
"I Don't Know What These People Are Doing On The Job, But If It Were Me, I'd Work 1 Week And Retire",-4.017751453
He's Speaking. She's Playing. And I'm Just Over Here Trying To Pick My Jaw Off The Floor.,-3.710984325
She Worked In A Factory In Bangladesh To Make This Story. Her Supervisor Was 9 Years Old.,-4.634022649
She Worked In A Factory In Bangladesh To Make This Story. Her Supervisor Was 9 Years Old.,-3.988149531
"Congresswoman's Wiring Malfunctions On Live TV, Causes Her To Repeat Irrelevant Thing Repeatedly",-3.955858177
When You Ban Women From Driving They'll Not Only Defy You – But Record Songs Like This Too,-4.416462081
"I’m Opinionated, Daring, And Confident — That’s What You Meant By Calling Me Those Names, Right?",-4.441879503
See What Cause Men Are Getting Hairy For,-4.879411268
"The First Week You Try To Join This Club Will Be Awkward, But It's All Worth It, Men",-4.823403744
"Men: When You First Join This Club It Will Be Awkward, But It's All Worth It",-4.042033715
What If I Told You That You Could Pay Twice As Much For Half The Salary? Too Late.,-4.716127257
Four Minutes For Those Who Have Something To Say But Feel No One Is Listening,-4.272871048
"When He Beats Around The Bush It's Maddening. But When He Does The Opposite, That's Just Lovely.",-4.402165614
Why The War On Women Is Like All The Other American Wars That Never Seem To End,-4.425902784
So Is This Why Good Conversation Is So Hard To Find?,-4.259710313
"The Dude Is Pissed. And Unfortunately, We Can All Recognize The Reason Why.",-3.966942628
A Song For Those Who Shake Their Head Every Time They Read A YouTube Comment,-4.011925616
Here Is The Conversation If Siri Could Tell You What Was Really On Her Mind,-4.479510466
If Siri Had No Language Filter Here Is The Conversation We Would Be Having,-4.125611619
"A Song For Every Time You See A Sexist, Racist Or Homophobic Comment Online",-3.384772502
"​In 26 Photos, A Husband Captures His Wife's Final Moments Fighting Breast Cancer",-3.268575493
"If Siri Had No Language Filter, Here Is The Conversation We Would Have.",-3.827471942
Why The War On Women Is Like All The Other American Wars That Never Seem To End,-3.952104427
"How 'We, The People' Became 'We, The Corporations' In Under 4 Minutes",-4.274896878
The Mind-Boggling Investigation That Tells You Everything You Need To Know About DC,-3.930119148
Can Somebody Please Explain How This Isn't Illegal?,-3.419456172
"A Summary Of McMinimum Wages And Welfare, By Bill Maher",-3.739499445
Why The Old Saw That Has No Teeth: 'Out Of Work? Just Go Get A Job!',-4.616856026
What Happens When You Let Politicians Write Their Own Rules?,-4.15298535
"If You've Heard Someone Say Love The Sinner, Hate The Sin, You Should Share This With Them",-3.829046391
Listen To The Best (And Maybe Only?) Rap Song About Gardening,-4.583508689
"Hey Momma Bears, Here’s The One Time You Want Your Kids To Talk Back To You",-3.299220146
These Kids Finally Say What They Really Think About Mom.  And Her Reaction? Priceless.,-2.967561397
Watch These 4 Girls Destroy The Female Stereotype Like The Monsters They Are,-3.1797611
The Eye-Opening Study Every American Needs To See,-3.961734404
Are You Curious Why So Many Of Us Struggle With An Important Issue? Here's A Really Short Answer.,-3.044522438
See Why We Have An Absolutely Ridiculous Standard Of Beauty In Just 37 Seconds,-2.278167618
"If You Can Manage To NOT Have To Live Through One Of These, You Are Lucky Indeed!",-4.104211337
How To Tell If Your Halloween Costume Is A Crime Against Humanity For The Reals,-3.78323425
Didn’t Expect The Most Eloquent Dissection Of A Soldier’s Burden To Come From George Carlin,-3.703576743
"What This Guy Sees In His City – Yeah, I’ll Take Some Of That",-5.23990497
The Standard Is 6-Hours Before A Transplant Heart Is Unsafe. How They Want To Extend That? Wow.,-5.198906197
"If You Can Manage To NOT Have To Live Through One Of These, You Are Lucky Indeed!",-4.308559483
"The Difference Between Men And Women, According To The World’s Biggest Search Engine",-3.936214011
The Reality For Fast Food Workers: Can't Survive On $7.25,-6.024936519
How To Tell If Your Halloween Costume Is A Crime Against Humanity Or Just A Sad Grab For Attention,-3.774796308
Is The Last Item On Your Halloween List Black Face Paint?,-4.74216412
How To Tell If Your Halloween Costume Is A Crime Against Common Sense And Decency. For The Reals.,-3.69633243
A Powerful Spoken Word Performance About One Word You Should Never Speak,-4.388795909
"If You Watch This 6 Minute Video, I Guarantee Your Day Will Shine A Little Brighter ",-4.632000008
Why Thousands Of Motivated Kids Had To Cut Class To Defend Their Education,-5.077421288
She’s Got A Best-Selling Novel And Her Own TV Show. So Why Can’t She Escape This Insulting Question?,-4.117310285
Are You All Ready For The Sexiest Halloween We've Ever Had?,-4.071339197
Ever Look At The Sexy Costumes Women Wear And Think They Don't Go Far Enough?,-4.196725961
Ever Look At The Sexy Costumes Women Wear And Think They Don't Go Far Enough?,-3.647510826
Have You Ever Looked At The Sexy Costumes Women Wear And Think They Don't Go Far Enough?,-3.663021689
Congressman Thinks He's Cornering Hillary Clinton. But No One Puts Hillary In A Corner.,-4.358585229
One Company Decided Not To Share What It Took From Breast Cancer Patients,-5.265482569
"When One Hour Of Work Can't Afford To Buy The Sandwich You Just Made, There Is Something Wrong Here",-5.171475567
The Food Stamp Scandals That Nobody Is Talking About On Either Side,-4.51487793
A Celebrity Translates The One Question Reporters Won't Stop Asking Her. She's Right — They're Rude.,-3.14597924
"That One Time When The Country Needed Jobs And Congress Was All, 'Let's Go The Other Way!'",-4.916715733
"Ironically, The First Thing I Wanted To Do After These Comedians Made Fun Of Me Was To Tweet It",-5.048963041
A Company Potentially Holds The Key To Cancer Research. So Why Aren't They Sharing It?,-4.442015124
A Celebrity Translates The One Question Reporters Won't Stop Asking Her. She's Right — They're Rude.,-2.667411206
What? Fashion Ads That Actually Reflect The World We Live In?,-3.119806799
"Every Time You Enjoy A Refreshing Coca-Cola, A Poor Farmer Gets Thrown Off His Land",-4.387692372
"The Top 4 Arguments For And Against Raising The Minimum Wage, By Robert Reich",-4.584394051
"A Company Decided To Keep What It Took From Cancer Patients, And They're Going To Get Away With It",-4.341850578
A Catalog That Believes Reality Can Sell Clothes Better Than Photoshop,-3.321963489
"A Lot Of TV Actors Are Starting To Rap These Days, But Not A Lot Of Them Are Rapping About Bullies ",-4.935689123
What Makes A Businessman Stay In A City That Is Broke?,-4.639212224
What Would You Do If Someone Was About To Jump Off A Bridge? A Bus Driver Just Found Out,-4.08869952
It Looks Like Something You Should Never See. Meet A Medical Advancement That Is Hard to Forget.,-4.383872756
"If I Ever See Someone On A Ledge, I Hope I have The Courage To Do What A Brave Bus Driver Just Did",-3.652923248
Didn't Expect Such An Eloquent Discussion From A Comedian's Standup Routine,-3.519619431
"If You Were Wondering How Broken Our Education System Is, Have I Got The Prison System For You",-3.841986251
This New Idea Makes Fixing The Global Economy Look A Helluva Lot Easier Than Anyone Thought,-4.531817174
"One Look At This Graphic And You Might Think Women Aren't Creative, Literate, Or Intelligent",-4.214468971
You Might As Well Just Tell Them To Go Eat Dirt,-4.435020406
"A Hilarious Song About Women Drivers. Don't Worry, It's A Parody.",-3.820568397
"Shocking News (Not Really): Whites Think Blackface Is Okay, Blacks Disagree",-4.687606215
Every Time I Hear This Guy Talk It's Like A Love Letter To A City,-4.943847781
"I Don't Know How To Break This To You, But Someone Has Been Cutting Your Pay Behind Your Back",-4.582180668
This Is Why You Are Probably Broke And Stuff,-3.859268054
"When Americans Begged For More Bipartisanship, I'm Pretty Sure This Wasn't What They Wanted",-4.632765701
Every Time I Hear This Guy Talk It's Like A Love Letter To A City,-4.53489355
Something Truly Messed Up Just Happened In Congress And You Totally Haven't Heard A Word About It,-3.810605324
Something Truly Messed Up Just Happened In Congress And You Probably Know Nothing About It,-3.859758728
Sometimes It Takes A Child To Stop You From Using One Particular 6-Letter Word,-4.078182918
Families Like These Are Getting Tired Of Being Kicked Around,-4.608814332
The 6-Letter Insult Certain Parents Stop Using Immediately,-3.707090112
The 6-Letter Insult Certain Parents Stop Using Immediately,-3.537225654
A Music Therapist Helps Kids Of All Ability Levels Create A Performance Together,-5.903436611
Why A Law That Enables Self-Defense Is One Of The Most Dangerous Of Our Time,-4.566677566
How A Surfer Kept His Love For The Ocean Alive Even After Hurricane Sandy Destroyed His Home,-5.187687738
No Mother Should EVER Have To Make Such A Powerful Speech About Her Son,-3.907693647
Are You Ready For Some News About Kids That Doesn't Involve Bullying?,-4.695523924
"After Tragedy Hits, He Wants To Do The Last Thing I'd Expect",-4.201406926
"Oprah, Michelle Obama And Beyonce And No One On SNL To Play Them",-4.133970439
Watch Kerry Washington Play Every Black Woman Alive Right Now On SNL,-3.727656807
Every Time I Hear This Guy Talk It's Like A Love Letter To A City,-4.741596321
Teenage Football Players Often Get A Bad Rap. One Team Just Blew The Negative Stereotypes Away.,-3.989207136
Watch An Entire Team of Teenaged Football Players Do Something Very Unexpected,-4.192139215
"The Most bada** Interpretive Dance Of 2013, Brought To You By A Fed Up Employee, Quitting In Style",-3.797456441
America Goes Toe To Toe With Countries Without A 'War On Drugs.' The Result Isn't Encouraging.,-3.923879049
​She's A Photographer Who Captures Humanity — Yet So Many Only View Her Work In Only One Way,-4.064858029
The Photos A Husband Took Of His Wife That Capture Love And Loss Beautifully,-4.414104629
"Something Really Insane Just Happened In Congress, And You Probably Haven't Heard A Word About It",-3.847963002
"Hunger Games, Big City Edition...Now With Detroit Retirees As Contestants",-4.548062922
"If One Of These People Were My Mother Or Father, I'd Have To Lock Myself Up",-4.322281412
See The Photos A Husband Took Of His Wife That Capture Love And Loss Beautifully,-3.345431726
To Those Who Think Muslim American Is A Paradox,-4.446920206
"Watch What This 10-Year-Old Means To A 1,000 Pedophiles",-3.458903959
"Watch What This 10-Year-Old Means To A 1,000 Pedophiles",-3.51771094
"A Bunch Of Government Officials Were Told That Gay People Were Inappropriate, So What They Did Is...",-4.049863283
"If Washington Is Bought, Who Sold It? ",-4.895840746
"Growing Up, He Was Told That Folks Making His Clothes Were 'Being Taken Care Of.' He Had No Idea.",-4.334431145
"If I Had An Army, We Would March To This Song aa3-2d",-4.135112133
I Couldn't Be More Impressed By A Group Of Students Cutting Class,-4.284494997
These Perps Usually Get Away With Stealing From Our Pockets...Unless We Can Catch Them In The Act,-4.724856172
A Group Of First-Time Filmmakers Just Created Something Incredible,-4.140117783
Would You Believe Me If I Told You About A Tradition Where Parents Sell Their Kids Into Slavery?,-4.41372686
"This Awesome Song Is About Ladies And Money, But Not In The Way You Think",-4.274368796
"This Rap Song Is About Girls And Money, But Not In That Way",-4.134585382
A Comedian Wittily Explains Why We Shouldn't See Photos Of Topless Girls Next To The News,-4.318890638
A Man's Words Challenge What Everyone Should Consider Normal These Days,-4.551508625
"A Bunch Of Government Officials Were Told That Gay People Were Inappropriate, So What They Did Is...",-3.45946629
This Guy Turned Down A Lifetime Of Ice Cream In The Hopes Of Finding Something Better,-4.639910027
Moms And Dads Are Supposed To Protect Their Kids. What These Parents Did Is Unspeakable.,-3.630740167
A Scarily Accurate Parody That Shows The Reality Of Fake Companies Created To Hide Corrupt Profits,-5.001778988
This Video Goes From Ordinary To Breathlessly Disturbing At 30 Seconds,-3.924837741
All It Takes Is 30 Seconds For This 6-Year-Old To Go From Adorable Child To Mafia Kingpin,-3.499441728
All It Takes Is 30 Seconds For This 6-Year-Old To Go From Adorable Child To Psychopathic Hit Man,-3.333868558
I Never Knew Two Sentences Repeated Over And Over Could Get Funnier Every Single Time,-3.61708218
Forget Bustin' A Cap — Let's Scrap The Cap!,-4.837886271
"Hate To Break It To You, But There’s No 'Type Of Woman' Who Gets One Of These",-4.261609595
"How A Bus Drivers Day Is Made By A Saxophone, A Protest And A Bunch Of Happy Danish People",-4.769355294
A Fairer Reality Would Pay If You Were In The Family Way,-4.974418448
A Rap Song About Girls And Money That Your Kids Should See,-4.176610656
"Do You Want To Deal Guns, Drugs Or Women, AND Save Your Money? Look No Further!",-5.720219415
How Our 'War On Drugs' Compares To Countries That Treat Drugs With Compassion,-4.399496813
What Should Have Been A Beautiful Kiss On A Skating Rink Has Never Been More Chilling,-3.727233654
"This Combative, Rude, Cynical, Anti-Motivational Speech Is The Best Thing I've Ever Heard",-3.920251169
Two Sentences Repeated Over And Over Get Funnier Every Single Time,-3.7124656
"All Of These Women Made The Same Choice. It Doesn’t Matter Why, And We Don't Get To Judge Them.",-4.667431903
Allowance Would Certainly Get More Lucrative,-5.548876524
A 4-Year-Old Girl Asked A Lesbian If She Was A Dude. She Responded The Awesomest Way Possible.,-3.976375866
What Should Have Been A Beautiful Kiss On A Skating Rink Has Never Been More Chilling,-3.367648533
"Rudolph, With Your Nose So Bright, Won't You Help Grinches In Congress See What's About To Happen?",-5.845317467
These Old White Folks Are Rapping So You Don't Have To Live With Them. You're Welcome.,-4.702445473
"I'm Freaked Out By Fellow Travelers With Germs, But I Had No Idea There's Something Even Worse.",-4.466204701
Can You Believe That Coke And Pepsi Are Desperate Enough To Stoop So Low?,-4.018998829
Some Strange Things Are Happening To Astronauts Returning To Earth,-4.518669735
"Next Time You Check The Tags On A New Shirt, You May Also Want To Check For This ",-4.573657561
The Government Agency That Would Rather Let You Die Than To Treat All People Equally,-5.091716688
"Your Phone Isn't Innocent. Neither Are Chocolates, Diamonds, Or Cottons. Not Even Blood-Thinners.",-5.543163106
"Next Time You Check The Tags On A New Shirt, You May Also Want To Check For This",-4.728531883
In 45 Seconds A Little Girl Is Going To Floor You. Then She'll Make You Care A Lot More About Cancer,-4.540051787
What He Has To Say About Your Favorite Products And Brands Should Do More Than Worry You,-5.018769889
Can You Save His Life? The Answer Is Literally On The Tip Of Your Tongue.,-5.494694525
See That Girl From The Hunger Games Respond To A Poignant Question,-3.707446586
They’ll Let Lesbians Do It. Straight Guys Even. But THESE People? Not A Chance.,-4.447073014
Cross The Line That Separates Most Of Us From Our Homeless Veterans,-5.331395773
"​If You Think She's Too Fat To Model, Hear Her Tell Ellen Her Refreshing Response To People Like You",-3.908171587
They Show This Down-On-His-Luck Veteran What Who He Is On The Inside,-4.614982032
"Some Say She's ""Too Fat"" To Model. She Gives Such A Perfect Response That Even Ellen Applauses",-3.347927986
Watch How Dignity And Respect Changes This Homeless Veteran,-4.279504216
See How Far A Little Dignity And Respect Takes This Homeless Veteran,-4.508702474
This Model Is Fat? Hear Her Perfect Refreshing To That. (It's So Perfect That Even Ellen Applauses),-3.229138484
This Incredible Timelapse Shows Us How Dignity And Respect Can Change A Man,-3.492692011
Can I Have An Intellectually-Exclusive Man Crush On Ashton Kutcher?,-4.02093998
What He Has To Say About Your Favorite Products And Brands Should Do More Than Worry You,-4.279896658
"How Precious Is Your Spit To You? Because To Him, It's Potentially Life-Saving.",-4.995881318
"Next Time You Check The Tags On Some Hot New Fashion, You May Also Want To Check For This ",-3.78357774
"Ever Hear About The Lady Who Spilled Coffee On Herself At McDonald's, Then Sued For Millions?",-4.684459982
A Whole Bunch Of Feminists Just Applauded A Dude Who Attacked Feminists. Wait For It…,-3.681469937
"If All Schools Included This Lesson, Our Students Would Be So Much Better Educated",-3.77086133
These Children Don't Deserve What Life Dealt Them. She Offers Them A New Hand.,-4.979794189
Watch This Incredible Young Woman Render Jon Stewart Speechless,-4.587567895
Has It Really Come To This? Tell Me It Hasn't Come To This. Please.,-3.965067903
Has It Really Come To This? Tell Me It Hasn't Come To This. Please.,-3.99212652
Staring At Giant Mannequin Boobs has Never Been So Enlightening,-3.436908099
We Use It Everyday ... Even Though It's Just About As Dangerous As Cigarettes,-4.269441129
Can Graffiti Make The World A Better Place?,-5.0950187
Meet One Of The Men Responsible For These Giant Breasts. You're Not Going To Like Him.,-2.950190253
We Use It Everyday ... Even Though It's Just About As Dangerous As Cigarettes,-3.605902927
They Asked Him His One Wish To Change The World. He Showed Them His Art.,-4.655714973
She Knocked On His Door to Ask For Help — He Shot Her Dead. Why Isn't Justice Being Served?,-5.008410599
"Within 6 Seconds You Won’t Like Him. By The Time He Laughs, You’ll Despise Him. ",-3.234658837
She Knocked On His Door to Ask For Help — He Shot Her Dead. Why Isn't Justice Being Served?,-4.584159635
One Of TV's Biggest Stars Has Stepped Into A Congresswoman's Shoes And Rocked It For Women's Rights,-4.300772608
What Happened To An America Where We Give A Damn About Our Fellow Americans?,-5.52834625
This Is What 'Cooperation' Looks Like,-4.274144231
2 Monkeys Were Paid Unequally; See What Happens Next,-4.80637623
Bullies Called Him Pork Chop. He Took That Pain With Him And Then Cooked It Into This.,-5.191238203
"Their School Has More Trophies Than It Does Incoming Black Male Freshman, So A Freshman Responded",-4.709676679
"Within 6 Seconds You Won’t Like Him. By The Time He Laughs, You’ll Hate Him.",-2.687839519
Conservative Texas Republican Wins Election By Implying He’s Black,-4.99781418
Conservative Texas Republican Wins Election By Implying He’s Black,-4.900272032
"The One Where An Old White Couple Tries To Rap, And Actually Pulls It Off",-3.593220157
Children Are Forced To Live In Prisons For No Good Reason.  Meet The Woman Trying To Change That.,-4.626589629
The Hilarious Parody Video That You've Gotta See: What Does The Farmer Say?,-3.568244364
"How Many Countries Are There? Simple Question, Ridiculously Complicated Answer.",-4.711051693
Why The 'War On Drugs' Looks Even Stupider When You See What Other Countries Do,-3.657343424
The Dalai Lama's Inner Peace Is Connected To Farting. That Is A Sentence I Never Thought I'd Write.,-4.093024043
A Hypnotizing Way To Visualize The Panic And Scale Of War,-4.542815465
"When Off-Duty Cops Are Getting Thrown Against Walls And Frisked, It's Time To Reexamine That Policy",-4.440465729
"If A Government Can't Be Responsible For Your Happiness, Why Have A Government At All?",-5.960383034
This Man Lives Right In The Path Of Typhoon Haiyan And Was Pleading For Help A Year Before It Hit,-4.393715479
We Have Solutions For These Women. They're Just Covered In Massive Amounts Of Red Tape.,-4.878584287
Meet The 17-Year-Old Who Blew The Lid Off Racial Profiling With His iPod,-4.291641358
The Miracle Of Life Has Become A Curse For These Women. Is It Time To Draw The Line?,-4.208797888
How The Miracle Of Life Has Become A Curse For Women All Over The World,-4.037908282
"Why Does Europe Always Do Things Better? Washing Machines, Public Transport And Now… Economies? ",-4.621147135
Who Are We Creating A Better World For? These Kids Have Some Ideas.,-4.818111332
"How Dealing With Criminals Is, Well, Criminal ",-5.276791032
"When The Miracle Of Life Becomes An Inescapable Curse, Is It Time To Draw The Line? ",-4.037638535
"Finally, Something To Share With Everyone On Facebook Who Is Wildly Posting New Baby Photos ",-3.984416719
"What One Thing Has Every Woman Of A Certain Age Done, According To Meryl Streep? ",-3.863871014
Fast Food Usually Grosses Me Out. But This Stuff Just Makes Me Happy For 2 Minutes And 10 Seconds.,-4.395579418
"What One Thing Has Every Woman Of A Certain Age Done, According To Meryl Streep? ",-4.275284398
"Yeah, But She Didn't Think She'd End Up In Prison Either. ",-4.077094231
"Yeah, But She Didn't Think She'd End Up In Prison Either",-3.839306338
"A Marine Breaks Down Crying Explaining What Happened To His Wife, A Marine",-3.788923665
"This ""Super-Sized"" Random Act Of Kindness Is Sure To Brighten Your Day ",-3.891224262
This Marine Doesn't See Herself As A Victim. She Sees Herself As A Catalyst For Change.,-4.234645624
Why Obamacare Is Kind Of Sexy When You Think About It In A Certain Weird Way (Work With Me Here),-5.276444373
A Marine Was Assaulted. Her Commander Said She Deserved It For Wearing Running Shorts.,-3.727020307
How One Simple Youtube Video Saved Cynthia From Her Paralysis,-4.755075413
How The World Could Be More Loving If We Used The Word ‘Family’ In A Less Traditional Sense,-5.204263407
"She Was Stuck Paralyzed From The Neck Down, Until She Saw A Youtube Video That Changed Her Life",-4.226361818
Carl Sagan Tries To Explain Evolution To An Argumentative Guy,-4.177713432
"How Do You React When Your Disease Wants To Kill You? Laugh In Its Face, Of Course.",-4.91029361
See A TV Host’s Inspiring Response To A Girl Sent Home From School For Having Dreadlocks,-4.021387471
They're College Grads. They're Doing Real Work. Yet They Can't Even Make Minimum Wage.,-4.402425269
"Until Perpetuators Are Held Accountable, Women Will Stay In Danger",-4.441041112
Doctors Take A Long Shot And Inject Modified HIV Into Dying Girl. The Reason Why Will Amaze You.,-4.333571414
The Amazing Mark We Make On Others Is Hard To Predict,-3.520969676
A Pastor Asks A Politician Why He Supports Gay Marriage. It Seems He Wasn't Prepared For His Reply.,-4.086792306
Carl Sagan Tries To Explain Evolution To An Argumentative Guy,-4.189911514
"These Alarming Facts Essentially Say: Women, You're Collateral Damage",-4.254052215
This 21 Year-Old Proves That Happiness Is At Least As Much About Attitude As It Is Circumstance,-5.117776042
Everything You Wanted To Know About The Way Orthodox Jews Look But Were Afraid To Ask,-4.116426007
Beneath His Honest and Tearful Account Is A Call For Drastic Action To Be Taken. Isn't It Time?,-4.707645948
"How This Paralyzed Woman Could Walk Again, And How You Could Do Something Equally Epic For Yourself",-4.827594378
"These Alarming Facts Essentially Say: Women, You're Collateral Damage",-4.368893324
Marketing Junk Food To Kids Isn't A Problem. Parents Just Need To Do A Better Job.,-4.798431683
Dear Sexist Music Industry — Here Is Janelle Monae Giving You Some Real Talk,-4.588546285
"Bomb, Bomb, Bomb, Bomb, Bomb, THIS MAP",-5.393960085
A Marine Was Assaulted. Her Commander Said She Deserved It For Wearing Running Shorts.,-4.179924255
A Guy Dresses Up As Captain America and New Yorkers Can’t Even Handle It,-3.915375045
Nothing Ever Changes When People Refuse To Work Together & Then Throw Up Their Hands In Frustration,-4.98048844
And Now For Your 1 Minute Of Inspiration,-4.743373484
How Whoopi Goldberg Was Inspired By One Groundbreaking TV Show And Why That Led To Some Tears,-3.556338487
See A TV Host’s Perfect Message To A Young Girl Whose School Called Her ‘Unacceptable’,-3.4477358
​500 Kids Were Taken Out Of School The Day This 8 Year Old Girl Entered,-4.354824319
America's Drug Policy Is Like The 'Abstinence Only' Sex Education Method — It Doesn't Work,-4.468991369
"Noticed A Lot Of Beautiful, Beautiful Mustaches Around You Recently? Meet The Reason Why.",-4.575781499
A Simple Question Is Asked To Parents And Then Their Kids. The Difference Is Kinda Revolutionary.,-3.264907917
How Many Nukes Have Been Dropped On America? Nope. Guess Again.,-4.221292807
"Some People Are Calling Gun Crime A Disease, So They Came Up With A Treatment",-4.955209125
A Weird And Silly Toilet Has A Lot To Say About Your Business,-4.606597738
See A TV Host’s Heartfelt Message To A Young Girl Whose School Called Her ‘Unacceptable’,-3.802072849
Everything You Wanted To Know About Orthodox Jews But Were Afraid To Ask,-3.875626687
This Guy Is Living With A Nightmare Of A Disease... And Laughing About It?,-4.360076967
​500 Kids Were Taken Out Of School The Day A 6 Year Old Girl Bravely Entered,-3.700681049
A Singing Toilet Will Forever Raise Your Standards For What It Means To Be A Potty Mouth,-4.428852548
Don't Be That Person Who Blames Parents When Their Kids Eat Fast Food,-4.292881043
This Kid Was Born With A Nightmare Of A Disease... But Has An Incredible Dream He Wants To Share,-3.80392753
"Most 21 Year-Olds Have A Messed Up Sense Of Humor. Well, This Guy Has A Pretty Good Reason For It.",-3.537973107
"Most 21 Year-Olds Have A Messed Up Sense Of Humor. Well, This Guy Has A Pretty Good Reason For It.",-3.56968976
Victims Of Sexual Abuse Don’t Become Monsters. Some Become Badass Artists Who Fight Them.,-4.387453061
How Tough Is She? Let's Put It This Way: Hitler Couldn't Kill Her.,-4.033271239
When Is A 2-Year-Old Driving A Trike Through Your House The Mellowest Part Of Your Day?,-4.50714203
Take One Glance At This Powerful Drawing. It’s What Bravery Looks Like.,-3.873067085
Don't Blame Parents When Their Kids Eat Fast Food,-4.733631053
What Happens When You Call Violence A Disease,-4.700340496
Coming Soon: The Powerful Story Of How Farm Workers Kicked Some Tail,-5.601571999
A Crooning Toilet Is Going To Raise Your Standards For What It Means To Be A Potty Mouth,-5.069902007
A 6 Year Old Girl Walked Into A School — And 500 Kids Were Removed Because Of It,-3.336779908
"If You Can Watch This Trailer And Not Get Excited About The Movie, You're Made Of Stone",-4.04941059
"If You See A Crime In Progress, You're Probably Going To Report It...Right?",-5.080897201
"It's Hard To Speak About These Things In Public. So He Drew This Instead. 
",-3.430546975
Think Your Scars Are Ugly? This Artist Thinks You're A Walking Work Of Art.,-4.680056107
"It's Hard To Speak About These Things In Public. So He Drew This Instead. 
",-3.369600569
The Dalai Lama's Wise Words On Farts And Humanity,-3.532666902
What Living On Tips Means To Millions Of Americans,-5.057493933
"San Franciscans Are Out To Prove They Don't Need Lemons From You Or From Anybody Else
",-5.205921541
A Child Explains Who Should Speak To Children's Rights And Makes Total Sense. Next Up: Presidency.,-5.126767772
A Teenager Articulates How Policies Should Be Created Better Than Most Adults Probably Could,-4.878246106
A Teenager Articulates How Policies Should Be Created Better Than Most Adults Probably Could,-4.618780843
A Few Things You Want To Know About Being Transgender But Were Afraid To Ask,-4.061132428
What Do You Get When You Add Diabetes To A Kids' Toy? Genius.,-4.640473685
"You Might Know Him For His Suicide, But There Is A Lot More To Know. And It Might Surprise You.",-3.826588429
A Fashion Show With Dogs On The Catwalk? What? I'm There!,-4.86267057
"Before You Say Corporations Don't Do Anything Good, Check Out Who Got These Dogs A Home",-4.787359459
How Many Nukes Have Gone Off Next To Your House? Guess Again.,-4.686489292
"And When It Comes Down To It, Coffee Really is One Of The Biggest Keys To Happiness",-4.634728988
"His Country Is In Turmoil — Hopefully His Tearful Plea Will Wake Up The World
",-5.444673775
"Odds Are, You Have Friends Or Family Who Depend On These Dollars To Live",-5.623592697
"Hear Singer Esperanza Spalding's Song About The Closure Of The Illegal Detention Camp, Guantanamo",-5.133092075
Hear A Singer's Soulful Tune Against A Major Human Rights Violation,-5.436512865
"If Minimum Wage Is The Floor, These People Are In The Basement",-5.972311709
Tipping Is Not Optional. You Read That Right.,-4.318907224
"If 3 Little Girls Did This To My House, I'd Do Everything I Could To Get Them Full Rides To College",-3.725949739
Most Americans Are 5 Generations Removed From Something That Used To Be All Around Us,-4.260810572
I Respect These Female Heroes So Much More With Tiny Waists And Sparkly Dresses! LOL J/K.,-3.854739925
"If 3 Little Girls Did This To My House, I'd Do Everything I Could To Get Them Full Rides To Harvard",-3.605811659
This Face Is The Most Famous Nobody You've Ever Never Heard Of,-4.885916497
Here's Every Atomic Explosion On Earth In A Matter Of Seconds,-4.986636534
Is Your State More Likely To Give A Darn About People Who Work For A Living?,-5.293412886
Orange Is The New Black' And This Actress Is The Start Of A New Wave,-4.586868127
How Do Bathrooms Become Battlegrounds For These Teens?,-4.538571706
"He's The Only One In His School. Instead Of Feeling Special, He Gets Bullied Everywhere. ",-4.152624582
Things You Want To Know About Being Transgender But Were Afraid To Ask,-4.027651185
"Why Would 10 Million People Want To Live Inside A Lemonade Stand? Cuz It's Awesome, Duh.",-5.443766101
Why Would Millions Of People Want To Live In A Lemonade Stand? Because It's Genius.,-4.94416341
"When Shutting Up Is Actually A Privilege, It's Time To Speak The Eff Up",-4.755902786
He Was Asked Why Whiteness Made Him So Uncomfortable. His Response Is Pretty Profound.,-3.835350248
"You Know How You’re Supposed To Always Want To Be Younger? Well, Screw That.",-5.30709892
"Wow, So Walmart Is Super Proud Of Its Depressing Track Record On Paying People?",-4.891715249
How Changing The Definition Of One Word Might Make TV Shows Worse But Real Life Better,-4.300842403
An Artist Counted Every Atomic Explosion On Earth And Shows Them All In A Matter Of Seconds,-4.803076734
"No, The M Does Not Stand For Misogyny.",-5.38008543
Some People Get Drum Sets To Play Music. This Person Got One For A Much More Beautiful Reason.,-4.778528388
Which Beloved Classic Author Might Have Thought You Were A Public Menace Right Now?,-5.531936469
Middle School Can Be Miserable. The Only Good Way Out Is Through. We Got Through. And So Will You.,-3.892300375
A Rare Look Into The Past Of A Famous Transgender Actress,-4.594752473
"If I Could Show This Actress And Activist Her Future, I Bet What She'd See Would Be Magnificent",-5.0016426
Give Him 3 Minutes And He'll Explain What Everyone's Getting Wrong About People Losing Health Care,-5.251674894
Some States Have Decided That People Living On The Edge Might Not Be Such A Great Idea,-5.652119768
"A Beautifully Shot Advocacy Video About A Young Boys Experience Being Homeless In OC, California",-5.177065484
"The Reality Homeless Children Live —Told By Mark, 10 Years Old",-5.040097966
"In 3 Minutes, He Nails What No One Wants To Hear About Those Cancelled Health Plans",-4.123078812
"One Day After His Dad Dies, He Decides To Share Something With Us",-3.629406035
Stuff Like This Is Why Public Transportation Is Way More Entertaining Than Sitting Alone In Your Car,-4.494918244
"In 3 Minutes, He Nails What No One Wants To Hear About Those Cancelled Health Plans",-4.001102231
"She Has A Dark Secret, Who Can She Tell?",-4.253847484
A Kid Says Something To A Teacher That No One Should Have To Experience,-3.476840471
"He's The Only One In His School. Instead Of Feeling Special, He Gets Bullied Everywhere. ",-3.729025991
Walmart Went On The Record About What It Pays Its Workers. It Didn’t Count On Us Knowing Math.,-4.67921444
"He's The Only One In His School. Instead Of Feeling Special, He Gets Bullied Everywhere.",-3.786842546
"Why Would 826,000 People Want To Live In A Lemonade Stand? Because It's Genius.",-4.59813872
"Wow, Here's A Scarily Simple Way To Sabotage Your Life And Everyone's Around You ",-4.521602224
​Read The Witty Suggestion An Advice Columnist Gives To A Homophobic Parent,-2.751535313
​Read The Witty Suggestion An Advice Columnist Gives To A Homophobic Parent,-3.936536142
Someone You Might Not Expect Makes A Speech You Won't Forget,-3.990114763
It’s Done In A Very Simple Way. Because That’s The Only Way Congress Will Understand It.,-5.019799523
"50 Years Ago, JFK Was Assassinated. Hear How The Boston Symphony Orchestra Responded. ",-4.215964578
Someone You Might Not Expect Makes A Speech You Will Not Forget,-4.188341544
"STOP TALKING SO LOUD, And Other Kind Requests From A Girl With Aphasia",-4.062039717
I Guess It Just Takes A Little Kid And A Cartoon To Explain What Politicians Can't,-4.084666974
"They May Have Guns, But This Kid’s Got A Cartoon And Something To Say. They Should Listen. ",-4.7690273
"This Might Start Out Like An Alcohol Ad, But It Does Not End Like One",-3.841446331
Listen To Neil deGrasse Tyson Give You 10 Reasons Why You Should Love Science,-4.502062769
Is This Kinda The Poetry Version Of 'I Like Big Butts' By Sir Mix-A-Lot?,-4.289843583
This Is Why I’ll Never Shut Up About Money In Politics,-5.480542019
"A Lot Of People Find It Hard To Talk To Her. So, She Put Together 4 Easy Tips.",-3.781962785
"What's Wrong With Our School System And Why We Mistrust Teachers, Explained By A Student ",-3.861063068
Someone You Might Not Expect Makes A Speech You Will Not Forget,-4.362028733
"If Some Of Your Work Life Involves Sitting, You Really Should Watch A 3-Minute Clip About...Well, Sitting!",-4.207418113
Why Are The Democrats Finally Fighting Back? See For Yourself.,-4.824341256
"A Lot Of People Find It Hard To Talk To Her. So, She Put Together 4 Easy Tips.",-3.871284009
"A Minister Defies His Christian Church To Follow Jesus. Wait, What?",-4.524348042
Hear The Moment This Audience In Boston Found Out JFK Had Been Shot.,-3.909814162
It Would Really Be Easier To Clean Spit-Up If You Got A Check Afterward,-5.69341142
A Minister Stands Up To Some Bullies Picking On His Son. By Bullies I Mean His Entire Religion.,-4.475176831
A Minister Decides To Defy His Own Church To Help His Own Son. Righteousness Ensues.,-4.476992403
"When I Figured Out What This Girl Is Doing, I Felt Sick Because That Will Never Happen To Me",-3.450419791
"When I Figured Out What This Girl Is Doing, I Felt Sick Because That Will Never Happen To Me",-3.804779472
"America Was Built On Success Stories, Right?",-4.40836588
"If Some Of Your Work Life Involves Sitting, You Really Should Watch A 3-Minute Clip About...Well, Sitting!",-4.035105259
Why Don't We Educate The Whole World? For Free? No Big Deal.,-4.654221242
When Being The Biggest Employer With The Most People On Welfare Is Considered A Success Story,-4.305705576
When Being The Biggest Employer With The Most People On Welfare Is Considered A Success Story,-4.529628826
Ever Get The Feeling Obama's Been Treated A Little Differently? You're Not Imagining Things.,-4.028769234
A Church Told A Pastor That He Couldn't Preside Over His Own Son's Wedding. He Disagreed.,-4.32881968
They Did It 86 Times To Every Other President Combined. 82 Times To Obama Alone.,-3.994495301
A Church Told A Pastor That He Couldn't Preside Over His Son's Wedding. He Responded Like A Dad.,-3.790422649
These Ladies Made Rugs From Scraps. Middle Men Stepped In & Tried Taking It Over. But They Said No.,-4.647949814
This Working Woman Gives What Her Job Needs. Chauffeur? Check. A Loan? Yes. Bath? Get In The Tub.,-4.735400682
"When I Figured Out What This Girl Is Doing, I Felt Sick Because That Will Never Happen To Me",-3.214015548
The Heartbreaking Reality Behind Fashion Designers' Sketches Of Women,-4.060728738
"Wow, Here's A Scarily Simple Way To Sabotage Your Life And Everyone's Around You",-4.650104924
"This Congressman Might Seem Like The Worst, But He’s Part Of A Much Bigger Problem",-4.729289141
"When They Imagine Clothes For Models, Here's What Actual Women Would Have To Look Like",-3.521191049
Police Make Honest Mistakes. But A Young Boy Shouldn't Have To Spend Three Years In Jail For Them.,-4.743649842
The Economics Of Birth Control Prove Letting Ladies Make Their Own Decisions Is Good For Your Wallet,-5.158305393
Listen To Angelina Jolie's Call For The Violence Against Women To End,-4.674873268
Listen To Neil deGrasse Tyson Give You 10 Reasons Why You Should Love Science,-4.641003205
"After 3 Years In Jail, This Innocent Teen Finally Gets To Say A Few Words",-4.337246278
"The Day After His Dad Dies, He Waits Until The End Of His Show To Tell Us About It. Just Beautiful.",-3.542715918
Listen To Angelina Jolie Urge The UN To End Rape In War Zones,-4.716026212
That One Time When Some Really Wealthy Dudes Were Actually ASKING To Be Taxed More,-4.653736235
Feeling Crappy? Hear Tim Minchin Remind You That Things May Not Be Too Bad,-4.105803931
Watch The Moment Angelina Jolie Stands Up For Women Worldwide To The UN,-3.678031352
"I Don't Remember This Scene From The Hunger Games Sequel, But It Sure Is Realistic",-3.606562386
A Great Story About The Phillipines That Does Not Involve A Typhoon,-5.567728702
Watch The Moment Angelina Jolie Stands Up For Women Worldwide To The UN,-3.706181733
What She Calls Herself Is Awful. Can You Relate?,-4.131721014
The Side Effect Of Birth Control No One Ever Talks About,-4.569422505
"Once Upon A Time, One Guy Decided To Change Three Lives. It's Not A Fairytale, But It's Real Life.",-4.496271982
$$$$: The Side Effect Of Birth Control No One Ever Talks About,-4.260636558
What Warren Buffet And Bill Gates Think Is 'Very Unfair',-4.489506995
What Warren Buffet And Bill Gates Think Is 'Very Unfair' For A Country Like Ours To Do,-4.602800969
I'm Gonna Go Out On A Limb And Say It's OK For Dudes To Have Feelings,-4.516565286
A Little Dude Gets Kind Of Philosophical About Ocean Pollution,-5.111419316
"The Best Way To Explain A Global Problem? With Legos, Of Course.",-5.250981624
"If You Tell This 'Manly' Dude To Man Up, You Better Be Prepared To Learn Why What You Said Is Awful",-4.22715415
Tell Me Again How That Dude Should Man Up And I'll Tell You Again To Get Out Of My House,-4.410259074
"If You Want To Be A Real Man, Never Say This",-4.243646611
"The Next Time You Hear Someone Say Man Up, Tell Them To Watch This And Pipe Down",-4.085916712
"I Am Livid That A Magazine Did This To Jennifer Lawrence And My Guess Is She Is, Too",-3.543499392
Another Downside Of Abject Poverty: Getting Your Kidneys Stolen,-4.476824808
"Wow, Here's A Scarily Simple Way To Sabotage Your Life And Everyone's Around You",-4.814409298
More Than 93 Percent Of Americans Totally Want It To Be Legalized. And It's Not Weed.),-4.566584785
A Union Rep Gets Asked Some Hard Questions. His Answers May Surprise You.,-5.020534849
More Than 93 Percent Of Americans Totally Want This To Be Legalized. And It's Not Weed.),-4.27597936
A Union Rep Gets Asked Some Hard Questions. His Answers May Surprise You.,-4.912089115
Why Is Kevin Bacon Wearing Dad Glasses And A Fake Mustache While Telling Me To Shop?!,-5.074405977
"Cheap, Cheesy, And For Charity: You're Gonna Love This Commercial Featuring A VERY Special Guest",-4.766489601
This Famous Actor's Disguise Isn't Foolin' Anyone But Why He Puts It On Is A Pure Delight,-4.464411812
The Real Truth About A Program That's Not Just For Slackers,-5.030437921
"His Disguise Isn't Foolin' Anyone But It Will Make You Laugh, And Think, And Laugh Again",-4.888118851
"Every Marriage Isn't The Same, Especially For Women In This Country",-3.863120922
Never Underestimate The Power Of Bacon,-5.814444701
The World Is Looking Away From A Devastating Massacre Of Innocent People Happening. Are You?,-4.954820515
AIDS Is 25 And Like Most Twentysomethings It's Having A Hard Time Finding A Home.,-5.646859327
Plans To Snag Some Hot Deals On Friday? Here's A Thought On What To Do With The Money You Saved.,-5.571109724
"The Reason You Shouldn't Say ""AIDS In Africa"" Is Pretty Inspiring",-5.062667779
"Bacon, Bacon, Kevin Bacon, Bacon, Economic Growth, Bacon, Bacon, Bacon, Bacon",-5.173738752
A Massacre Of Innocent People Is Happening And The World Looks The Other Way,-4.832398407
Whoever Said 'Money Can't Buy Happiness' Just Wasn't Spending It Right,-4.957785354
WAIT! Listen To This Guy's Talk On Spending Money And Happiness Before Going Out Shopping On Friday,-5.198497031
Guess Which Of These People Turned Out To Be The Most Inspiring 109-Year-Old You'll Ever Meet?,-4.806545816
It's Pretty Shocking How Much Money This Person Would Make If They Didn't Love Their Client So Much.,-4.991598088
Sometimes The Cops Help You Find Your Stolen Car. Sometimes The Cops Are The Ones Who Stole It.,-5.113993807
Sometimes The Cops Help You Find Your Stolen Car. Sometimes The Cops Are The Ones Who Stole It.,-5.058317425
"Before It Gets Too Hot, Here's How To Play With Some Legos To Learn About The Future",-5.036119755
A Tale Of Growth And Self Discovery. Spoiler Alert: It Ends With ... A Feminist!,-4.926359897
"If This Woman Were Alive Today She'd Be 110. Actually, She Is, And Has Something Incredible To Say.",-4.010742735
"Before It's Too Late, Break Out Everyone's Favorite Childhood Toy And Follow Along",-5.048681609
"A Half Mile Away From The Beginning Of The Gay Rights Movement, A Few Folks Are Left Out In The Cold",-5.052052732
"This Woman Was Born In 1903. She's Still Alive Today, And Has Something Incredible To Say.",-3.718339183
"The Kind Of Prison You Really, Really, Really Don’t Want To Go To",-5.298788953
"Politics Aside, Listen To This Man Share His Story Of Grief",-4.524992549
"A Reminder Of What America Should Really Mean, From What Of It's Greatest Young Voices",-5.147405027
It's Amazing How Much Money This Lady Would Make If She Didn't Love Her Client As Much As She Does,-4.843716885
They Asked If She Had Anything Else She Wanted To Say To The Audience. That's When She Took It Home,-3.686139856
She Was 40 When The Nazis Took Her. Now Who's Laughing?,-4.428767384
"Ugh, Just Get A Job And Get Off Food Stamps! If Only It Were That Simple.",-4.318407231
"Food Stamps Are For Lazy Freeloaders! Well, Let's Look At The Facts.",-4.071718132
"Food Stamps Are For Lazy Freeloaders! Well, Let's Look At The Facts.",-4.03316488
Kneepads? Check. Helmet? Check. Girl Power? Triple Check.,-4.950488201
"No, She's Not Sorry. She's Mad As Hell.",-4.050094436
They Weren’t Happy With What She Said. So She Said It Again.,-3.890298035
"As You Return From Your Thanksgiving Holiday, Consider Some Who Never Got To Join In",-5.445742182
They Weren’t Happy With What She Said. So She Said It Again.,-3.538081096
SCIENCE FACT: Being A Woman On The Internets Is Way Harder Than Being A Dude On The Internets,-4.482857677
Learning Something New Can Always Make Our Lives Better. She Learned To Walk ... For The Second Time,-5.20424555
The Amazing Number Of People Who Touch Your Food Before It Hits The Table,-5.141195611
"A Union Rep Gets Asked Some Hard Questions, And His Answers May Surprise You.",-4.927503529
How World Governments Do No Better A Job Of Caring For Fish Than Children,-5.534319073
"There Is A Place Where America Doesn't Follow Our Most Basic Values, And She Wants Justice",-4.951592753
The Amazing Number Of People Who Touch Your Food Before It Hits The Table,-4.919980926
Why It Doesn't Take Reams Of Evidence To Prove Climate Change Skeptics Wrong,-4.584740696
An Auto Executive Talks Up Gas. The Guy Next To Him Who Builds Space Rockets Puts Him In His Place.,-3.969801717
Helmet? Check. Skateboard? Check. Afghan Girl Power? Triple Check.,-5.283984369
How Climate Change Skeptics Are Missing The Point Of Science,-4.486836999
They Just Raised The Minimum Wage At One Major Airport. Here's A Guy Who Can Tell You Why.,-4.768749956
Some Creepy Dudes Wrote Some Creepy Things To This Reporter. So She Is Calling Them Out. In Public.,-3.755745309
"Those Black Friday Protesters ... A Bunch Of Pizza-Eating, Beer-Guzzling Kids?",-4.717109017
Some Creepy Dudes Wrote Some Creepy Things To This Reporter. So She Is Calling Them Out. In Public.,-3.361349021
Some Really Adorable Kids Tell Us All About 'The Right Thing To Do.' I'm In!,-4.677569678
Some Professionals Created An Ad About A 'New Breed Of Professionals.' Hilarity Ensued.,-3.803680909
This Famous Actor's Disguise Isn't Foolin' Anyone But Why He Puts It On Is A Pure Delight,-3.480291773
Watch Little Girls In Afghanistan Be Better At Skateboarding Than You'll Ever Be,-4.601186357
A Refreshing Alternative To The Greed That Keeps Black Friday In Business,-4.970497729
Watch Little Girls In Afghanistan Be Better At Skateboarding Than You'll Ever Be,-4.096897538
A Stampede Of People On Black Friday Is A Bad Thing. A Stampede On This New Holiday? So Very Good.,-4.850274898
The Poster Is Mesmerizing. The Story It Tells Is Electrifying. Have You Seen it?,-4.454076843
"Finding Nemo' Isn't A Children's Movie, It's A Warning. This Animation Will Show You How.",-3.508103871
10 Reasons That Will Convince Anyone That Science Is Awesome,-4.320479888
The Poster Is Entrancing. The Story It Tells Is Electrifying. Have You Seen it?,-4.088303945
How You And A Bunch Of People You Don’t Know Helped Save A Life,-5.312244325
This French Anti-Bullying Campaign Is Skipping The Kids And Going For The Parents,-4.252854087
"Men, Put Your Masks Down. Let's Talk.",-4.472754755
"The Totally Free, Live-Saving, Beautiful, Inspiring And Humane Gift You Could Give Someone Someday",-5.194492314
And This is One Singer's Response To A Huge Promise Being Broken That Was Made To Us All,-4.098094747
"Dear Little Ones: Don't Ever Do This, Please.",-3.391445343
"If A Man Asks What Women Have Been Asking For Centuries, Will Men Finally Listen?",-3.723669872
These Little Girls Are Asking The Most Devastating Question I Can Imagine,-3.245281778
"If A Man Asks What Women Have Been Asking For Centuries, Will Men Finally Listen?",-3.419657126
Watch This 6-Year-Old Give You The Most Adorable Guilt Trip Ever,-4.263843209
"We Don’t Hear Enough From Native American Voices. Here’s One, With An Inspiring Message.",-4.510305285
Watch This 6-Year-Old Give You An Adorable Guilt Trip About Recycling,-4.924373996
And This is One Singer's Response To A Huge Promise Being Broken That Was Made To Us All,-4.431815936
Watch This 6-Year-Old Lay Down The Law About What You Should Do Next Time You Go To The Beach,-4.774845984
These Little Girls Have Asked The Most Devastating Question I Can Imagine,-3.669562624
"DIY Limb Creation: What One Dad Did For His Son, Who Was Born Without A Hand, Is Incredible",-3.984553697
A Poem For All The 'Boobs Guys' And 'Butt Guys' Out There,-3.978755065
"Mind: Blown. I Couldn't Have Guessed What A Dad Made For His Son, Who Was Born Without A Hand.",-3.864714502
You Shouldn't Be Allowed To Deny Climate Change Until You've Watched This,-4.892971299
"What The Media Actually Does To Women, Summed Up In 5 Minutes",-4.435113532
What The Media Actually Does To Women In One 5 Minute Clip,-3.593469269
A Damning Example Of Anti-Science Politicking You Need To See Side-By-Side To Believe,-4.304915233
5 Minutes Of What The Media Actually Does To Women,-3.399115215
"The Hilarious, Then Tragic, Then Brave Story Of One Man's Fight To Not Die",-4.128855421
Someone Put Two Examples Of Anti-Science Politics Side-By-Side. The Results Are Damning.,-4.228925146
A Glimpse At How The Media Treated Women In 2013 Is A Look At Way Too Many Cringe-Worthy Moments,-4.097916906
"I Learned My 1,2,3 And My A+B=C. This, I Didn't Learn. aa3-3a",-4.839730668
We Have Yelp Ratings & Tripadvisor Ratings. What If Companies Were Rated On How Well They Pay?,-5.847733531
A Magazine That Believes Reality Is Better Than Computer Simulations,-4.414906059
"The Hilarious, Then Horrible, Then Powerful Story Of One Man's Fight To Not Be Dead",-3.97241834
A Fashion Magazine That Doesn't Cover The Women In It With Digital Lies,-4.35746269
It's A Love Story Within A Middle Eastern Conflict Wrapped Up In A Poem. And It's Breathtaking.,-4.979794189
"Oh Look, A Beautiful Woman In A Magazine — That Looks The Same Way She Does In Real Life",-4.141001847
Finally! A Tutorial Video For Everyone Who Is Obsessed With Having The 'Perfect' Body! Er...,-4.744637317
Hey! A Quick Primer To Think Rationally About A Third Of Americans You Don't Realize You're Judging.,-4.543152928
"I’m Not Usually A Fan Of Teaching Women To Fake Things, But I’ll Make An Exception This Time",-4.227414934
"You Know You Shouldn't Do It, But You Do Anyway. These People Will Convince You To Stop. Right Now.",-4.096848799
"Oh Look, A Beautiful Woman In A Magazine — That Looks The Same Way She Does In Real Life",-4.410871304
Here's Another 5 Reasons Why Raising Minimum Wage Is Smart And Sensible,-5.95406323
What If You Could Know That The Company You Are Dealing With Treats Its Staff Fairly?,-5.736336235
So You Start Out With A Bunch Of People Who Want To Do Something Incredible. And Then They Do.,-4.738759269
"If You See Folks Gathering Outside Your Local McDonald's Today, Give 'Em A Honk And A Thumbs Up, Eh?",-4.940263026
Fast Food Workers Are Walking Out All Across The Country. Here's Why.,-5.878952919
Fast Food Workers Are Walking Out All Across The Country. Here's Why.,-4.632281839
My 'They Took Arrr Jaaabs!' Father-In-Law Is Going To Hate Me For Finding This One,-4.669354263
How One TEDx Talk And 8 Million People Saved A Kid’s Life,-4.715330189
"I Learned My 1,2,3 And My A+B=C. This, I Didn't Learn.",-4.6899878
"I Couldn't Have Guessed What A Dad Made For His Son, Who Was Born Without A Hand. Mind: Blown!",-3.72202605
"What's All Around You, Completely Beautiful, And Something You Probably Hated In Middle School?",-4.917211054
"It's All Of Our Jobs To Make A Vow To Protect Each Other, So Let's Start With The Sandy Hook Promise",-5.382101711
We’re All Different And Nobody’s Perfect. About Time Some Mannequins Reflected That.,-4.183203824
"I Bet These People Never Expected To Be Models, But The Results Are Pretty Beautiful",-3.85506654
One Amazing TEDx Talk + 8 Million Views = One Life Changing Moment,-4.604344157
This Ingenious Business Model Centers On Sanitation Efforts And... Toilet Humor?,-5.239204102
"I Bet These People Never Expected To Be Models, But The Results Are Pretty Beautiful",-3.580509755
"There's A Reason This Guy Doesn't Drink Anymore. Apparently, He Doesn't Want To Die.",-4.13391863
How Could Two Liberal Comedians Ever Think They'd Find Kindred Spirits In Texas?,-5.310708631
"On May 10th, 1994, Nelson Mandela Silenced The World With An Inspiring Speech",-4.627555785
"Did That Really Just Happen? Yep. This Guy Pulled Down His Pants, On Stage, During His TED Talk.",-4.934227946
How Old Are You' Is The Simplest Question Ever. So Why'd It Ruin An 11-Year-Old's Life?,-3.554201683
What Does Depression Feel Like? Let This Animation Shed Light On It.,-3.937174133
Nelson Mandela's Poignant Advice On How To Live Is How I Choose To Remember Him Today,-4.693984493
Nelson Mandela's Beautiful Advice On How To Live Our Lives Makes Me Want To Make Some Changes,-4.451392571
An Ad For Boxing Gloves Makes A Surprisingly Awesome Message,-4.839854726
Watch The 'British Schindler' Get The Touching Surprise Of His Life On TV,-4.939888864
I Got A Ridiculously Uneasy Chill Every Time A Kid In This Video Said Something I hear Every Day,-4.288074228
"After Hearing Someone Shame Women Who Have Abortions, She Bravely Spoke Out About Her Own",-4.72902025
He Saved 669 Kids Lives From Nazi Death Camps — And What The Audience Do At 0.50 Is Incredible,-4.384883994
He Saved 669 Kids Lives From Nazi Death Camps — And What The Audience Do At 0.50 Is Incredible,-3.709429559
Watch A Man Who Saved 669 Children From Death Camps Get A Tearful Surprise On TV,-4.01067139
A 15 Year Old Ad About Racism Is A Great Reminder Of The Power We All Have To Promote Justice,-4.208098327
Nelson Mandela's Beautiful Advice On How To Live Our Lives Has Inspired Me To Make Some Changes,-4.401922333
"If A Man's Words Are Equal To His Worth, Then Nelson Mandela Was Priceless",-4.801647277
Ever Fall In Love With Someone So Different Than You? He Did And Has A Few Stunning Things To Say.,-4.064337786
Is A Trunk Laden With Christmas Gifts Wrecking Your Miles-Per-Gallon? Here’s How To Even It Out.,-6.72192168
Science Has Changed A Lot Since 1901. Except For The Highest Award For Science. Which Is Nuts.,-5.103134509
Why Manhood Needs To Be Redefined And How To Do It,-4.673969655
"Meet The Muslim Who's Fighting Sexism, One Dirty Joke At A Time",-4.816668964
We Should Probably Fix A Few Really Obvious Things That Are Wrong With The Nobel Prize,-5.194850482
"Fill In The Blank: 'Nice Guys Finish ___.' Nope, Not After What You're About To See.",-4.296702146
How To Fit 57 Ingredients Into 1 Wee Little Cheeseburger,-5.44892331
Got 60 Seconds? Here Are 5 Sexist Labels Slapped On Women In The Workplace,-3.966319568
"Do The Nobel Prizes Still Matter? Yes. Do They Need A Major Overhaul? For The Love Of Science, Yes!",-5.540575314
This Ad Nails 5 Double Standards Women Face In The Workplace Every Day In Less Than 60 Seconds,-3.82460019
Did That Really Happen? Yep. This Guy Just Pulled Down His Pants During His TED Talk.,-4.248086995
"Do These Awards Still Matter? Yes. Do They Need A Major Overhaul? For The Love Of Science, Yes!",-5.967621952
WATCH: 5 Legit Double Standards In Less Than 60 Seconds,-3.777254843
"This Man Lost One Of The Most Important Parts of His Life. 25 Years Later, He Found It Online.",-4.384895187
This Ad Totally Nails 5 Double Standards Women Face In Less Than 60 Seconds,-3.653571078
Delightful! 20 Things We Should Say More Often.,-4.698588388
"25 Years After This Man Lost One Of The Most Important Parts Of His Life, He Found It Online.",-4.663861421
How Do These Rhinos Escape Poachers? By Flying!,-5.674696894
So A Dirty Joke And A Muslim Feminist Walk Into A Bar ...,-4.575952289
So A Dirty Joke And A Muslim Comedian Walk Into A Bar ...,-4.320419592
Are All The Double Standards For Women Making Your Head Spin? Here's A Comic For Ya.,-4.224955026
Are All The Double Standards For Women Making Your Head Spin? Here's A Comic For Ya.,-3.920656153
Pretty Sure Sea Creatures Don't Need Plastic Bags. So Why Do We Keep Giving Them So Many?,-5.248255117
Say Hello To The Ingenious Invention That's Maybe Gonna Be Around Longer Than All Of Us,-4.880412187
Say Hello To The Ingenious Invention That's Maybe Gonna Be Around Longer Than All Of Us,-4.855450942
"An Ad For Alcohol Takes A Dark Twist. Well Played, Sweden.",-4.05318649
This Congressman Has An Idea About How To Fix Immigration. It Involves Screaming On The House Floor.,-4.667116063
How The U.S. School System Stacks Up Against Other Countries And Why It Matters,-5.153805271
11 Rules For Dating A Black Woman. The Last One Is Definitely No Joke.,-3.474743718
Watch A Congressman Freak Out When Told To Not Talk About The People Suffering In The Room,-4.243806644
"Some Kids Do Love School, But Then We Beat That Love Out By Forcing Them To Take Standardized Tests",-4.820381123
Watch A Congressman Freak Out When Told To Not Talk About The People Suffering In The Room,-4.003498089
This Ad Totally Nails 5 Ridiculous Double Standards Women Face... In Less Than 60 Seconds,-2.951413104
"A Gay Comedian Plays A Homophobic Dad And Reveals A Sad, Sad Truth",-3.355534999
A Congressman Loses His Temper When Told To Not Talk About The People Suffering In The Room,-3.956958383
A Message To New York's New Mayor About The Tests Students In His City Are Forced To Take,-4.753465246
"A Gay Comedian Steps Into The Mind Of A Homophobic Dad And Finds A Sad, Sad Truth",-3.307858048
This Shampoo Ad Totally Nails 5 Ridiculous Double Standards Women Face In Less Than 60 Seconds,-3.248229623
See The The Extreme Lengths It Takes To Protect Black Rhinos From Endangerment,-5.09223254
"A Gigantic Corporation Tried To Mess With One Young Farmer, But She's Not Havin' It",-4.938134878
"11 Rules For Dating A Black Woman From A Black Woman. Her Last Rule Is Pretty Obvious, Though...",-4.010376997
These Hilariously Witty Comebacks To Sexist Comments Are Perfect,-3.803135927
A Clip That Begs The Question: Can These Kids Truly Be 'Happy' Working 12 and 16 Hour Days?,-5.20258117
What The Number 194 Has To Do With Your Apathy To Gun Control,-6.085511303
194 Reasons Why Arguments Against Gun Control Are Flawed,-5.703872561
"A Frightening Bully Tried To Mess With One Young Farmer, But She's Not Havin' It",-4.171916099
"Look At The Beautiful Girls, Then See How Much Photoshop This Fashion Magazine Chose To Use",-3.285050937
"In 76 Countries Across The World, He Could Be Arrested",-4.504892803
Is This Worth The Shirt On Your Back?,-4.786701957
I Hate Trying To Pump Gas With Mittens On. Save Yourself A Few Pit Stops With These Tips.,-5.381614226
"Holy Cow, A Real-Life Lawn Mower Gang?  Color Me Inspired!",-5.519498209
How Many Jobs Are Created During The Holiday Season?,-6.273556021
One Woman Boldly Goes Where Few Women On Television Have Gone Before,-4.022349273
"Wow, A Super Simple Set Of Steps To Stop Cyberbullying From Happening To Your Kid",-5.458135845
"Look At The Beautiful Girls, Then See How Much Photoshop This Fashion Magazine Chose To Use",-3.586379815
Here’s What The Next 100 Years Might Look Like Unless We Do Something About Climate Change,-4.711353148
"In A Country Where Same-Gender Sex Is Now A Crime, Hear What It's Like To Be Gay In India",-5.386910825
"A Dude Got Tired Of A Congressman Taking Legal Bribes, So He Had No Choice. Time For A Prank.",-5.042331025
The Only Video Of Flying Rhinos You'll Need To Watch Today,-4.911884281
11 Rules For Dating A Black Woman. The Last One Is Definitely No Joke.,-3.730656217
"Wow, A Super Nifty Set Of Steps To Stop Cyberbullying From Happening To Your Kid",-5.001465172
"Oh Big Box Store, Oh Big Box Store, How Hard Working Are Your Children?",-5.555891622
"I Loved The Pretty Dots On This Map ... But Upon Further Inspection, I Felt Sick To My Stomach",-3.888817986
5000 People Singing About Kid's Cancer For A Really Uplifting Reason,-5.102537227
Why The Magic Green Paper We’re All Obsessed With Is Actually Pretty Worthless,-5.062249749
A Dramatization That Depicts The Difficulty Many Face In Accessing Healthcare In Palestine,-5.25803402
How The Holidays Bring A Little Extra Work To Our Economy,-6.670305332
194 Children Have Died In One Year Due To Guns. So When Drastic Action Be Taken?,-6.123385848
You Want His Big Brother To Fight The Attacker. He Doesn't. It's Beautiful.,-4.025913079
What Is It Like To Be Gay In India?,-5.297656771
"A Scooter For Jimmy, A Dolly For Sue. And For These Kids, Maybe School And Time To Play?",-4.986283203
How One Org Is Teaching Young Girls To Be The Programmers Rather Than The Programmed,-5.496283874
Gay Rights Are Being Trampled On In This Country — But Hear How They Plan To Take A Stand,-5.937130196
"Top Tip: If You Want To Keep People In Your Country Happy, Don't Ban Some Of Them From Having Sex",-4.805166167
The Effect Of Climate Change Explained By Animated Time-Lapse,-4.496713822
There Is A Reason He Will Always Remember One Car More Than Any Other,-4.38051275
"When You Are Alone, Do You Feel Lonely?",-4.861770746
"Yeah So If You Could Not Ban People From Having Sex, That Would Be Great",-4.552738264
The Must-See Power Declaration For Any Girl Who Has An Itch To Change The World,-5.096097008
"He Thought His Parents Were Breaking Up, But He Was Beautifully Wrong",-3.683809644
David Simon Talks About The Sad Sate Of Police Work Thanks To The War On Drugs,-5.054863529
How Science Is Plagued By The Myth Of The Lone Genius,-5.037353356
How Did 60 Hudson Street Become A Massive Node Of Internet Connectivity?,-5.481863663
How A Condom Can't Protect You From Lord Voldemort,-3.989218431
Here’s How To Save On Gas Money. Whether You Spend It On Christmas Presents Or Beer Is Up To You.,-5.072344474
The Startling Facts That Should Devastate America,-5.968415226
She Was Raised To Think Girls Are Worthless. You Should See What Changed Her Mind.,-4.066839703
Why The 'R' Word Really Needs To Disappear From Our Language,-4.070110812
Watch This Department Store Erupt In Song For The Man The Entire World Loved,-4.636274318
"When You’re Trained To Think Of Your Fellow Man As An Animal, You Can Do Anything To Him, Right?",-5.068087075
How A Former 'Miss World' Is Reopening Her Wounds So Others Can Heal,-4.11235559
Here's An Unsnoozeable Sermon About Basic Human Rights We've All Been Waiting For,-5.238741635
The Way This Poet Talks About Manhood Has Me Questioning Exactly What It Is,-5.147754769
The Way This Poet Talks About Manhood Has Me Questioning Exactly What It Is,-4.684500625
"This Scientist Wouldn't Appreciate Me Calling Him A Prophet, But He Is",-4.825174795
"Until The Age Of 47, She Thought Girls Were Worthless.",-4.850498808
"In His Last Interview 17 Years Ago, A Science Icon Gave A Warning That Will Give You Goosebumps",-4.118152163
"Condoms Aren't Perfect, So Why Is This Animation Making Me Laugh?",-4.17516791
"He Thought His Parents Were Breaking Up, But He Was Delightfully Wrong",-3.889769501
A Video On Why Condoms Aren't Perfect Will Make You Laugh More Than Worry You,-3.604782924
The Startling Facts That Should Devastate America,-4.178983847
I Dare You To Sit Through This Whole Video. It's Short. But I Bet You’ll Learn Something New.,-4.085849621
"I Have Never Seen A Shorter, So Straight-To-The-Point, No-BS Clip On Keeping Your Kids Healthy.",-4.207370236
How One Organization Is Giving Young Black Girls Tools For The Future,-5.782562058
Why You’ll Be Telling Your Kids About The Days When We Used To Have Electricity,-5.80814249
"Young Feminists Are Not Unicorns. They Exist. In Fact, Here’s One Now.",-4.834087513
This Is The Face Of Courage In A Faceless Underworld That's Closer Than You Think,-4.956555301
One Woman's Journey Into Sex Slavery and Back In The Heart of Silicon Valley,-4.502993004
Watch This Archbishop Get Dogmatic About Something Like Left-Handedness,-5.035855695
"If Folks In Washington Really Support Families And Kids, They'll Support This",-5.34518065
Think She Should Have Known Better? I Think You Just Made An Argument For Sex Education.,-4.821135091
"When Life Was Unspeakably Dark, They Were Able To Make It Out To The Light",-5.275678413
"Think Gen Y's Lazy? I'mma Print This Chart, Origami It Into A Mustache And Stick It On Your Face.",-5.361424406
Why Does Being Right-handed Totally Violate The Basic Laws Behind Physics?,-4.759096121
An Author Has A Radical Idea About How We Should Spend Our Money And Our Time,-5.125519545
First The Women In This Clothing Store Were Offended. Then They Realized Who Was Being Offensive.,-4.072170705
The Heck With Politics. Getting Paid Time Off With Your Newborn Should Be Mandatory.,-5.320610869
First The Women In This Clothing Store Were Offended. Then They Realized Who Was Being Offensive.,-2.974906942
Some Smartypants Researchers Showed How Discrimination Makes You Sick. That Makes Me Sick,-4.788398922
Some Scientists Showed Discrimination Makes You Sick. That Makes Me Sick.,-5.003266438
What If Some Of The Dollars You Spend On Food Could Help Sustain Good Jobs?,-5.84932478
They Threw A Grenade At Her Brother Because She Helped Women,-4.576898166
I Can Think Of A Few World Leaders Who Would Benefit From Watching This Video,-4.942547446
A 16-Year-Old Girl With Nowhere Else To Turn Trusted Them. But They Had Their Own Agenda.,-3.806934284
"Stop Asking Where Young Feminists Are. They Aren't Unicorns. They Exist. In Fact, Here’s One Now.",-5.160519181
Leave It To An Archbishop (Yup!) To Make A Totally Perfect Argument For LGBT Rights,-4.986537743
"No Offense To My Buddy Will, But I Want This Woman To Be My New Best Friend",-4.860160745
"You Probably Take Zillions Of Photos With Your Cellphone, Right?",-4.779308165
The Perfect Gift For All The People In Your Life Who Don’t Actually Need Anything,-5.274304069
My Wife Was Getting Jealous Of This Woman. Then She Watched Her Too. Now We're Both Obsessed.,-3.880748313
Perfect! A Gift For All The People In Your Life Who Don’t Actually Need More Stuff,-5.322810855
One Time A Guy Gave A Homeless Man A Computer And The Recipient Did Exactly What The Giver Expected,-3.751975143
Many Manly Men Make Meaningful Messages With Markers,-4.767046052
"We All Know Smoking Is Bad For Your Health, But Be Careful: You Could Be Arrested and Lose Your Job",-5.087106307
"We All Know Smoking Is Bad For Your Health, But Be Careful: You Could Be Arrested and Lose Your Job",-5.062500564
While This Kid Was Thinking About Public Education I Was Watching Cartoons. And That Was Last Week.,-5.0482282
A Total Genius Just Explained What We Are Actually Wired For (Hint: It's Not Narcissism Or Violence),-4.566316973
A Teenager Is Going To Tell You Just Why He's So Happy. And You're Going To Want To Listen.,-4.029217979
Not An Exaggeration: This Video Can Actually Help You Save Someone Having A Stroke,-4.846272
How Come Paparazzis Never Manage To Catch Celebs Engaged In This Type Of Behavior?,-3.95567177
The Snoop-Dog Spoof Of The Most Controversial Law That's Too Wow Not To See,-4.459273023
We Know About Stop And Frisk. But What Should We Call This Practice In NYC That Is Ruining Lives?,-4.884087545
The Snoop-Dog Spoof Of The President That's Too Good Not To See,-4.404895325
A Little Boy Is Going To Tell You Just Why He's So Happy ... You're Going To Want To Listen.,-3.56052942
Why Certain Ideas Really Do Need To Go Viral,-4.239506772
You're Going To Want To Listen To Why This Little Boy Is So Happy,-4.214211007
Get Ready For Your WHAT?! Of The Day: A Psychologist Says A Rich Kid Isn't Guilty Because He's Rich.,-4.225834399
One Insanely Simple Idea I Hope To See Soon At Every Starbucks,-4.481572083
We Know About Stop And Frisk. But What Should We Call This Practice In NYC That Is Ruining Lives?,-4.955688965
The Problem With Celebrity Coverage? They Never Show Videos Like His.,-3.874218083
Head Doctor Says A Rich Kid Isn't Guilty BECAUSE He's Rich. Reporter Says What We're All Thinking.,-3.712705766
He's Speaking To You. Are You Going To Try Any Of This Stuff?,-4.797892017
6 Men Contradict Decades Of Stereotypes Using Only A Whiteboard And A Marker,-3.870459629
"We Know About Stop And Frisk. But What Do We Call A Practice In NYC That Affects White People, Too?",-5.082359475
That Guy From The Hunger Games Has A Poignant Dream For The Future Of His Family,-4.037336967
"The ""Terrorist Hijabi"" Experiment",-4.392871867
"Why Are Mother Theresa, Gandhi, And Jesus Impressed With This Guy's Generosity? Because Internet.",-4.910042368
How Are You Going To Stick To Your New Year's Resolution? Me? I'm Going To Use Science.,-5.719807236
In A Decade Or Two I Bet Most People Will Feel The Same Way Josh Hutcherson Does,-3.784962372
The Hopeful Science You Should Know Before Making That Big New Year's Resolution,-4.963666999
A Little Boy Is Going To Tell You Exactly WHY He's Happy ... And You're Going To Want To Listen.,-3.881732788
In A Decade Or Two I Bet Most People Will Feel The Same Way This Famous Actor Does,-3.269771281
"Why Black Friday And The 'Buy, Buy, Buy' Mindset Are Not Good For Any Of Us",-5.212574481
"1 Minute You're Walking Down The Street In NYC. The Next, You're Arrested, Jobless. What Did You Do?",-4.656163435
What One Guy Has To Say About Our Country's Obsession With Buying Stuff Should Terrify Us All,-4.563775683
"If More People Knew The Secrets Those In Power Keep From Us All, It Might Just Cause A Revolution",-4.68573427
Is Evolution Trying To Make Humans Nicer?,-4.889325639
Why ‘You’re Beautiful’ Really Isn’t The Best Way To Respond When Your Fat Girlfriend Says She’s Fat,-3.818374096
"What Are Humans Actually ""Wired"" For? It's Possible The Answer Won't Surprise You.",-4.648768904
"This Guy Needs Our Help In Rethinking Human Nature, And I'm In. How About You?",-5.415136082
Notice That This Is The First Time The Color Of The President Doesn't Match The Color Of His House?,-5.536896726
"This Really Happy 13 Year Old Hacks His Education, And Now I Regret I Didn't Do The Same With Mine",-3.854647707
See The Spoof Movie Trailer That Shows The World's Appalling Response To Syria,-5.077166509
A Terrifying PSA On Sharing Pics Of Yourself Online That Every Teen Needs To See,-4.012984248
Why It's Better To Keep Some Selfies To Your Selfie,-4.037891782
A Scary Ad Shows Two Perspectives On Living Your Last 10 Years. Which Describes Where You're Headed?,-4.533077276
"Stop Asking Where Young Feminists Are. They Aren't Unicorns. They Exist. In Fact, Here’s One Now.",-4.989690196
"This Really Happy 13 Year Old Hacks His Education, And Now I Regret I Didn't Do The Same With Mine",-4.064138311
NSFW: A Devastating Criticism Of Pop Songs In The Form Of ... You Guessed It ... A Goddamn Pop Song,-3.357865666
Unlikely Spokesman For Health Stars In Brilliant CPR Demonstration,-4.536452002
"If You Thought Someone Couldn't Explain The Science Of Empathy With A Dry Erase Marker, You're Wrong",-4.539289724
A Scary Ad Shows Two Perspectives On Living Your Last 10 Years. Which Describes Where You're Headed?,-4.125101256
"If More People Knew The Secrets Those In Power Keep From Us All, It Might Just Cause A Revolution",-4.196432011
The Hilarious Comedy Sketch That Puts Classic Song Up To The Microscope,-4.072369987
What One Guy Has To Say About Our Country's Obsession With Buying Stuff Is Right On,-4.709799091
Watch How This Genius Explains The Evolution Of Empathy With A Dry Erase Marker,-5.023746248
"Why Your Congre- Er, I Mean Pizza Is Ruining Democracy",-5.17588692
"Roses Are Red, Violets Are Blue, I'm Not Pregnant, All Thanks To You",-4.506454213
A Gut-Punching Ad Shows Two Perspectives On Your Last 10 Years. Which Describes Where You're Headed?,-3.970008145
Imagine If You Had To Do This For A Day. You’d Treasure Your Orange Juice More Than Your iPhone.,-5.25373346
"The Incredibly Unscientific Story Of How ""Crack Baby"" Became A Household Phrase",-4.830182121
See Why We Have An Absolutely Ridiculous Standard Of Beauty In Just 37 Seconds,-3.977356665
See Why We Have An Absolutely Ridiculous Standard Of Beauty In Just 37 Seconds,-4.06212684
See Why We Have An Absolutely Ridiculous Standard Of Beauty In Just 37 Seconds,-3.954696522
"Remember The ""Crack Babies"" Scare? It Turns Out They Forgot To Use The Scientific Method",-4.606456487
So Your Girlfriend Says She’s Fat. Here’s Why 'You're Beautiful' Isn't The Best Response.,-3.693128058
"20th Century Fox Gave Him $25,000 To Make A Movie Trailer. Here's What He Did Instead.",-4.100586066
Hear What Chandler From Friends Has To Say To A Politician Who Says His Drug Addiction Is A Choice,-3.628707191
"Trafficking. What's The First Thing That Comes To Mind? For Them, A Solution.",-4.75992958
His Bullies Used Sticks And Stones So He Turned The Experience Into Beautiful Words To Hurt Them,-4.303943342
"20th Century Fox Offered Him $25,000 To Make A Movie Trailer. He Had Bigger Plans.",-4.632638905
"If The Christmas Song 'Baby, It's Cold Outside' Sung The Truth It Would Sound Like This",-3.519070382
Watch What Matthew Perry Says When A Dude Says His Drug Addiction Is His Choice,-3.178630765
"20th Century Fox Gave Him $25,000 To Make A Movie Trailer. Here's What He Did Instead.",-3.817229765
Watch What Matthew Perry Says When A Dude Says His Drug Addiction Is His Choice,-2.731349398
"Hey Men, Here Are Some Naked People To Tell You Your Bodies Are Great",-3.247238254
Here Is How One Artist Captured The Fragility Of An Abusive Relationship,-4.636884161
Some People Think These Are Filthy Habits. But Really They're A Great Way To Meet People.,-3.849708813
The Most Simple Explanation Of How To Get Out Of This Recession I've Seen Yet,-4.689107738
An NBA Star Came Out As Gay And President Obama Called Him. Others Experience Kind Of The Opposite.,-4.855372885
"Kids Say The Darndest Things, Like When They Ask To Bum A Smoke",-4.073027514
"Most Of These People Do The Right Thing, But The Guys At The End? I Want To Yell At Them.",-3.610320452
"Most Of These People Do The Right Thing, But The Guys At The End? I Want To Yell At Them.",-3.176361132
"Most Of These People Do The Right Thing, But The Guys At The End? I Wish I Could Yell At Them.",-2.797579853
What They're Doing To Kids In Pennsylvania Is Dooming Our Kids To Fail,-4.193778459
What They're Doing To Kids In Pennsylvania Is Dooming Our Kids To Fail,-4.091342458
,1
,
,1
,
,1
,
,1
,
,1
,
,1
,
,1
,
,1
,
,1
,
,1
,
,1
,
,1
,
,1
,
,1
,
,1
,
,1
,
,1
,
,1
,
,1
,
,1
,
,1
,
,1
,
,1
,
,1
,
,1
,
,1
,
,1
,
,1
,
,1
,
,1
,
,1
,
,1
,
,1
,
,1
,
,1
,
,1
,
,1
,
,1
,
,1
,
,1
,
,1
,
,1
,
,1
,
,1
,
,1
,
,1
,
,1
,
,1
,
,1
,
,1
,
,1
,
,1
,
,1
,
,1
,
,1
,
,1
,
,1
,
,1
,
,1
,
,1
,
,1
,
,1
,
,1
,
,1
,
,1
,
,1
,
,1
,
,1
,
,1
,
,1
,
,1
,
,1
,
,1
,
,1
,
,1
,
,1
,
,1
,
,1
,
,1
,
,1
,
,1
,
,1
,
,1
,
,1
,
,1
,
,1
,
,1
,
,1
,
,1
,
,1
,
,1
,
,1
,
,1
,
,1
,
,1
,
,1
,
,1
,
,1
,
,1
,
,1
,
,1
,
,1
,
,1
,
,1
,
,1
,
,1
,
,1
,
,1
,
,1
,
,1
,
,1
,
,1
,
,1
,
,1
,
,1
,
,1
,
,1
,
,1
,
,1
,
,1
,
,1
,
,1
,
,1
,
,1
,
,1
,
,1
,
,1
,
,1
,
,1
,
,1
,
,1
,
,1
,
,1
,
,1
,
,1
,
,1
,
,1
,
,1
,
,1
,
,1
,
,1
,
,1
,
,1
,
,1
,
,1
,
,1
,
,1
,
,1
,
,1
,
,1
,
,1
,
,1
,
,1
,
,1
,
,1
,
,1
,
,1
,
,1
,
,1
,
,1
,
,1
,
,1
,
,1
,
,1
,
,1
,
,1
,
,1
,
,1
,
,1
,
,1
,
,1
,
,1
,
,1
,
,1
,
,1
,
,1
,
,1
,
,1
,
,1
,
,1
,
,1
,
,1
,
,1
,
,1
,
,1
,
,1
,
,1
,
,1
,
,1
,
,1
,
,1
,
,1
,
,1
,
,1
,
,1
,
,1
,
,1
,
,1
,
,1
,
,1
,
,1
,
,1
,
,1
,
,1
,
,1
,
,1
,
,1
,
,1
,
,1
,
,1
,
,1
,
,1
,
,1
,
,1
,
,1
,
,1
,
,1
,
,1
,
,1
,
,1
,
,1
,
,1
,
,1
,
,1
,
,1
,
,1
,
,1
,
,1
,
,1
,
,1
,
,1
,
,1
,
,1
,
,1
,
,1
,
,1
,
,1
,
,1
,
,1
,
,1
,
,1
,
,1
,
,1
,
,1
,
,1
,
,1
,
,1
,
,1
,
,1
,
,1
,
,1
,
,1
,
,1
,
,1
,
,1
,
,1
,
,1
,
,1
,
,1
,
,1
,
,1
,
,1
,
,1
,
,1
,
,1
,
,1
,
,1
,
,1
,
,1
,
,1
,
,1
,
,1
,
,1
,
,1
,
,1
,
,1
,
,1
,
,1
,
,1
,
,1
,
,1
,
,1
,
,1
,
,1
,
,1
,
,1
,
,1
,
,1
,
,1
,
,1
,
,1
,
,1
,
,1
,
,1
,
,1
,
,1
,
,1
,
,1
,
,1
,
,1
,
,1
,
,1
,
,1
,
,1
,
,1
,
,1
,
,1
,
,1
,
,1
,
,1
,
,1
,
,1
,
,1
,
,1
,
,1
,
,1
,
,1
,
,1
,
,1
,
,1
,
,1
,
,1
,
,1
,
,1
,
,1
,
,1
,
,1
,
,1
,
,1
,
,1
,
,1
,
,1
,
,1
,
,1
,
,1
,
,1
,
,1
,
,1
,
,1
,
,1
,
,1
,
,1
,
,1
,
,1
,
,1
,
,1
,
,1
,
,1
,
,1
,
,1
,
,1
,
,1
,
,1
,
,1
,
,1
,
,1
,
,1
,
,1
,
,1
,
,1
,
,1
,
,1
,
,1
,
,1
,
,1
,
,1
,
,1
,
,1
,
,1
,
,1
,
,1
,
,1
,
,1
,
,1
,
,1
,
,1
,
,1
,
,1
,
,1
,
,1
,
,1
,
,1
,
,1
,
,1
,
,1
,
,1
,
,1
,
,1
,
,1
,
,1
,
,1
,
,1
,
,1
,
,1
,
,1
,
,1
,
,1
,
,1
,
,1
,
,1
,
,1
,
,1
,
,1
,
,1
,
,1
,
,1
,
,1
,
,1
,
,1
,
,1
,
,1
,
,1
,
,1
,
,1
,
,1
,
,1
,
,1
,
,1
,
,1
,
,1
,
,1
,
,1
,
,1
,
,1
,
,1
,
,1
,
,1
,
,1
,
,1
,
,1
,
,1
,
,1
,
,1
,
,1
,
,1
,
,1
,
,1
,
,1
,
,1
,
,1
,
,1
,
,1
,
,1
,
,1
,
,1
,
,1
,
,1
,
,1
,
,1
,
,1
,
,1
,
,1
,
,1
,
,1
,
,1
,
,1
,
,1
,
,1
,
,1
,
,1
,
,1
,
,1
,
,1
,
,1
,
,1
,
,1
,
,1
,
,1
,
,1
,
,1
,
,1
,
,1
,
,1
,
,1
,
,1
,
,1
,
,1
,
,1
,
,1
,
,1
,
,1
,
,1
,
,1
,
,1
,
,1
,
,1
,
,1
,
,1
,
,1
,
,1
,
,1
,
,1
,
,1
,
,1
,
,1
,
,1
,
,1
,
,1
,
,1
,
,1
,
,1
,
,1
,
,1
,
,1
,
,1
,
,1
,
,1
,
,1
,
,1
,
,1
,
,1
,
,1
,
,1
,
,1
,
,1
,
,1
,
,1
,
,1
,
,1
,
,1
,
,1
,
,1
,
,1
,
,1
,
,1
,
,1
,
,1
,
,1
,
,1
,
,1
,
,1
,
,1
,
,1
,
,1
,
,1
,
,1
,
,1
,
,1
,
,1
,
,1
,
,1
,
,1
,
,1
,
,1
,
,1
,
,1
,
,1
,
,1
,
,1
,
,1
,
,1
,
,1
,
,1
,
,1
,
,1
,
,1
,
,1
,
,1
,
,1
,
,1
,
,1
,
,1
,
,1
,
,1
,
,1
,
,1
,
,1
,
,1
,
,1
,
,1
,
,1
,
,1
,
,1
,
,1
,
,1
,
,1
,
,1
,
,1
,
,1
,
,1
,
,1
,
,1
,
,1
,
,1
,
,1
,
,1
,
,1
,
,1
,
,1
,
,1
,
,1
,
,1
,
,1
,
,1
,
,1
,
,1
,
,1
,
,1
,
,1
,
,1
,
,1
,
,1
,
,1
,
,1
,
,1
,
,1
,
,1
,
,1
,
,1
,
,1
,
,1
,
,1
,
,1
,
,1
,
,1
,
,1
,
,1
,
,1
,
,1
,
,1
,
,1
,
,1
,
,1
,
,1
,
,1
,
,1
,
,1
,
,1
,
,1
,
,1
,
,1
,
,1
,
,1
,
,1
,
,1
,
,1
,
,1
,
,1
,
,1
,
,1
,
,1
,
,1
,
,1
,
,1
,
,1
,
,1
,
,1
,
,1
,
,1
,
,1
,
,1
,
,1
,
,1
,
,1
,
,1
,
,1
,
,1
,
,1
,
,1
,
,1
,
,1
,
,1
,
,1
,
,1
,
,1
,
,1
,
,1
,
,1
,
,1
,
,1
,
,1
,
,1
,
,1
,
,1
,
,1
,
,1
,
,1
,
,1
,
,1
,
,1
,
,1
,
,1
,
,1
,
,1
,
,1
,
,1
,
,1
,
,1
,
,1
,
,1
,
,1
,
,1
,
,1
,
,1
,
,1
,
,1
,
,1
,
,1
,
,1
,
,1
,
,1
,
,1
,
,1
,
,1
,
,1
,
,1
,
,1
,
,1
,
,1
,
,1
,
,1
,
,1
,
,1
,
,1
,
,1
,
,1
,
,1
,
,1
,
,1
,
,1
,
,1
,
,1
,
,1
,
,1
,
,1
,
,1
,
,1
,
,1
,
,1
,
,1
,
,1
,
,1
,
,1
,
,1
,
,1
,
,1
,
,1
,
,1
,
,1
,
,1
,
,1
,
,1
,
,1
,
,1
,
,1
,
,1
,
,1
,
,1
,
,1
,
,1
,
,1
,
,1
,
,1
,
,1
,
,1
,
,1
,
,1
,
,1
,
,1
,
,1
,
,1
,
,1
,
,1
,
,1
,
,1
,
,1
,
,1
,
,1
,
,1
,
,1
,
,1
,
,1
,
,1
,
,1
,
,1
,
,1
,
,1
,
,1
,
,1
,
,1
,
,1
,
,1
,
,1
,
,1
,
,1
,
,1
,
,1
,
,1
,
,1
,
,1
,
,1
,
,1
,
,1
,
,1
,
,1
,
,1
,
,1
,
,1
,
,1
,
,1
,
,1
,
,1
,
,1
,
,1
,
,1
,
,1
,
,1
,
,1
,
,1
,
,1
,
,1
,
,1
,
,1
,
,1
,
,1
,
,1
,
,1
,
,1
,
,1
,
,1
,
,1
,
,1
,
,1
,
,1
,
,1
,
,1
,
,1
,
,1
,
,1
,
,1
,
,1
,
,1
,
,1
,
,1
,
,1
,
,1
,
,1
,
,1
,
,1
,
,1
,
,1
,
,1
,
,1
,
,1
,
,1
,
,1
,
,1
,
,1
,
,1
,
,1
,
,1
,
,1
,
,1
,
,1
,
,1
,
,1
,
,1
,
,1
,
,1
,
,1
,
,1
,
,1
,
,1
,
,1
,
,1
,
,1
,
,1
,
,1
,
,1
,
,1
,
,1
,
,1
,
,1
,
,1
,
,1
,
,1
,
,1
,
,1
,
,1
,
,1
,
,1
,
,1
,
,1
,
,1
,
,1
,
,1
,
,1
,
,1
,
,1
,
,1
,
,1
,
,1
,
,1
,
,1
,
,1
,
,1
,
,1
,
,1
,
,1
,
,1
,
,1
,
,1
,
,1
,
,1
,
,1
,
,1
,
,1
,
,1
,
,1
,
,1
,
,1
,
,1
,
,1
,
,1
,
,1
,
,1
,
,1
,
,1
,
,1
,
,1
,
,1
,
,1
,
,1
,
,1
,
,1
,
,1
,
,1
,
,1
,
,1
,
,1
,
,1
,
,1
,
,1
,
,1
,
,1
,
,1
,
,1
,
,1
,
,1
,
,1
,
,1
,
,1
,
,1
,
,1
,
,1
,
,1
,
,1
,
,1
,
,1
,
,1
,
,1
,
,1
,
,1
,
,1
,
,1
,
,1
,
,1