clickability_test_id,headline,clicks,impressions
51436093220cb80002000a26,WATCH: Princeton Professor Profoundly Offended By Intellectuals,52,3964
51436093220cb80002000a26,"FUNNY, BUT NOT: Princeton Professor Profoundly Offended By Intellectuals",54,3812
51436093220cb80002000a26,WTF? Princeton Professor Profoundly Offended By Intellectuals,55,3749
51b7b0604176603230002f1f,WATCH: Laughable Law Says No Gay Marriage? Google Says Challenge Accepted.,16,3525
51b7b0604176603230002f1f,WATCH: Laughable Law Says No Gay Marriage? Google Says Challenge Accepted.,18,3529
51b7b0604176603230002f1f,Stupid Law Says No Gay Marriage? Google Says Challenge Accepted.,22,3476
51b7b0604176603230002f1f,Stupid Law Says No Gay Marriage? Google Says Challenge Accepted.,29,3539
544ada8237d2881d08000093,A Chart That's Giveing Harsh Realities About Vaccinations,35,3865
544ada8237d2881d08000093,A Chart That's Giving Harsh Realities About Vaccinations,39,3865
544ada8237d2881d08000093,A Chart That's Giving Harsh Realities About Vaccinations,49,4016
544ada8237d2881d08000093,A Chart That's Giving Harsh Realities About Vaccinations,54,3883
54d1d13b6466610019290000,What's it like to be deaf in a world of 'hearing people?' Let her tell you.,8,1516
54d1d13b6466610019290000,A woman's visit to Starbucks shows us the amazing possibilities of finding 'our' people.,8,1469
54d1d13b6466610019290000,"See found the most joyful silence she'd ever experienced in, believe it or not, a busy Starbucks.",11,1565
54d1d13b6466610019290000,See how a woman found refreshment at a coffee shop — without even having to order a drink.,13,1516
54d1d13b6466610019290000,See how a trip to a coffee shop turned life around for one remarkable woman.,16,1541
54d1d13b6466610019290000,"When this deaf woman went to Starbucks, she got a lot more than a tasty Frappuccino.",36,1546
54d999f5393838001a5d0000,There are some great lessons about how to treat victims hiding in Law & Order SVU.,10,2567
54d999f5393838001a5d0000,My favorite (fictional) detective has the best (real) advice for victims/survivors.,17,2553
54d999f5393838001a5d0000,I wish every person who has been raped or abused had someone to tell them this.,19,2504
54d999f5393838001a5d0000,"If you're not sure what to say to someone who's experienced something horrible, start here.",32,2525
54db971e366238000ccc0000,What happens when teens from one of the toughest neighborhoods in NY come together through art?,4,1527
54db971e366238000ccc0000,That moment when you stereotype what a “tough” neighborhood looks like and you are so wrong.,4,1506
54db971e366238000ccc0000,"A group of teens all, on probation, discover the power of turning your dreams into something real.",7,1579
54db971e366238000ccc0000,"I don’t love to paint murals, but it probably beats the heck out of violating probation.",8,1501
54dc58ab313362001c020000,3 men try to win her heart. But she's got eyes for someone else.,17,1468
54dc58ab313362001c020000,She's looking for someone at a Valentine's party. She succeeds. But that's not all.,22,1545
54dc58ab313362001c020000,"When they kiss at the very end and her foot pops, I wanna squeal.",28,1535
54dc58ab313362001c020000,"She walks into a party and 3 men try to win her heart. By the end, she finds a lovely woman.",32,1530
54dc58ab313362001c020000,A 4-minute video that pushed me to think differently of how love looks like,36,1586
54dc58ab313362001c020000,It looks like a love triangle at first. Then comes the twist — and it's adorable.,35,1476
54dcdd34356137000c000000,They outed her without her permission but it changed her life in a great way.,11,1500
54dcdd34356137000c000000,They put her picture on a poster and told everyone her secret. So she owned it all the way.,15,1522
54dcdd34356137000c000000,She was 'outed' in a really public way. You'll love what she did with the opportunity.,18,1564
54dcdd34356137000c000000,A charity put her face on a poster and told all of London her secret. How would you have handled it?,22,1529
54dd2642336332001a320000,Batman has PTSD but no one is calling him 'crazy'. What gives?,4,1462
54dd2642336332001a320000,"If Batman can do so much awesome stuff with PTSD, why do we treat real people with PTSD so badly?",6,1542
54dd2642336332001a320000,What can a superhero with PTSD teach us about real people with PTSD?,6,1501
54dd2642336332001a320000,Maybe DC Comics doesn't explicitly say that he has PTSD but he sure matches up with all the signs.,14,1554
54dd2642336332001a320000,She says this superhero has a mental illness and I agree.,19,1583
54dd2ef23862620028430000,Whether' and 'how' is not the right question. The important question is 'why'.,6,1510
54dd2ef23862620028430000,A staggering amount of science proves that most 'racism' isn't conscious at all.,12,1484
54dd2ef23862620028430000,Overt prejudice is pretty much not cool. But that doesn't mean it's dead. Here's why.,15,1593
54dd2ef23862620028430000,"There's a big difference between prejudice, discrimination, and stereotypes. Know the difference.",16,1487
54dd2ef23862620028430000,They send the same resume as John and Jennifer. John gets hired. Not as sexist as it seems?,17,1532
54dd2ef23862620028430000,Prejudice is so hard-wired in our brains that we can't even honestly answer simple questions.,19,1466
54dd2ef23862620028430000,A black guy gets hit by 19 of the 41 bullets 4 white cops shot at him. Not as racist as you think?,24,1535
54dd2ef23862620028430000,This test will tell you whether you're prejudiced without knowing it. I dare you to take it.,40,1535
54dd383e3862620028590000,It's hard enough being a teenager. Depression doesn't help.,6,1551
54dd383e3862620028590000,Some help for teenagers contemplating suicide,6,1511
54dd383e3862620028590000,"For teenagers fighting depression, here's one minute and three seconds of hugs",6,1510
54dd383e3862620028590000,"When it comes to teen depression, maybe this video will say what words can't",8,1582
54dd383e3862620028590000,A 1-minute video for any kid you know who may be depressed,14,1529
54dd65d8343832001a010000,This test will tell you whether you're sexist without knowing it. I dare you to take it.,43,1578
54dd65d8343832001a010000,This test will tell you whether you're homophobic without knowing it. I dare you to take it.,44,1559
54dd65d8343832001a010000,This test will tell you whether you're racist without knowing it. I dare you to take it.,47,1491
54dd65d8343832001a010000,This test will tell you whether you're prejudiced without knowing it. I dare you to take it.,53,1489
54dd7256343832000c060000,They're afraid to air it in the U.S. But I think it's a changing Tide,13,1510
54dd7256343832000c060000,They would not air it on TV and now you can see and I welcome a new Tide,16,1514
54dd7256343832000c060000,A commercial they won't let you see is finally coming out of the wash,18,1572
54dd7256343832000c060000,A commercial that was pulled in America. It's time to change the tide.,36,1510
54dd74ca633031001a200000,Matt Shepard was a friend of mine - a documentary about 1 hate crime,6,2543
54dd74ca633031001a200000,Remember the moment when you heard about Matthew Shepard? His friends want you to.,11,2533
54dd74ca633031001a200000,1 filmmaker wants to explain why Matthew Shepard was a friend of hers,12,2522
54dd74ca633031001a200000,"It came to a sad end, but the ripple effect changed the LGBTQ community",12,2498
54dd74ca633031001a200000,"Everyone seemed to love him, but 3 men killed him. Let's remember why we fight for equality.",28,2588
54dd7ee834383200281a0000,She interviewed her 3rd grade teacher just a few months before the tragedy. Heartbreaking.,7,1516
54dd7ee834383200281a0000,One of the 3 students killed in North Carolina made a heartbreaking recording just a few months ago.,8,1544
54dd7ee834383200281a0000,"Before the shooting that claimed her life, they recorded her voice one last time.",11,1551
54dd7ee834383200281a0000,"She met her husband in 3rd grade. 15 years later, she interviews her old teacher, but it's so sad.",16,1499
54de146c633031001a3e0000,"The more we ignore what's going on in Nigeria, the bigger the problem gets",6,1497
54de146c633031001a3e0000,"She stares straight into the camera and admits that she's ignorant, but she’s not alone.",9,1600
54de146c633031001a3e0000,"She doesn’t scream or yell, but when she asks if anyone cares, it’s heartwrenching.",17,1512
54de146c633031001a3e0000,They’re being taken from their homes and turned into slaves. So why is everyone so quiet?,20,1511
54de146c633031001a3e0000,"2000 were killed,  hundreds are missing, and some were made slaves, but we stay quiet",21,1581
54de16606330310028270000,She interviewed her 3rd grade teacher just a few months before the tragedy. Heartbreaking.,9,1521
54de16606330310028270000,"Before the shooting that claimed her life, they recorded her voice one last time.",13,1511
54de16606330310028270000,One of the 3 students killed in North Carolina made a heartbreaking recording just a few months ago.,16,1500
54de16606330310028270000,"She met her husband in 3rd grade. 15 years later, she interviews her old teacher, but it's so sad.",18,1574
54de1d7c633031001a500000,One of the 3 students killed in North Carolina made a heartbreaking recording just a few months ago.,9,1523
54de1d7c633031001a500000,One of the 3 students killed in North Carolina made a heartbreaking recording just a few months ago.,21,1595
54de1d7c633031001a500000,"She met her husband in 3rd grade. 15 years later, she interviews her old teacher, but it's so sad.",20,1443
54de1d7c633031001a500000,One of the 3 students killed in North Carolina made a heartbreaking recording just a few months ago.,30,1489
54de1d7c633031001a500000,She taught them both in 3rd grade. After they got married one of them interviews her. It's so sad.,41,1577
54de2c3863303100284b0000,One of the 3 students killed in North Carolina made a heartbreaking recording just a few months ago.,15,1488
54de2c3863303100284b0000,One of the 3 students killed in North Carolina made a heartbreaking recording just a few months ago.,32,1513
54de2c3863303100284b0000,She taught them both in 3rd grade. After they got married one of them interviews her. It's so sad.,54,1608
54de3d46343832000c5e0000,It looks like a love triangle at first. Then comes the twist — and it's adorable.,21,1571
54de3d46343832000c5e0000,It looks like a love triangle at first. Then comes the twist — and it's adorable.,20,1485
54de3d46343832000c5e0000,It looks like a love triangle at first. Then comes the twist — and it's adorable.,22,1523
54de3d46343832000c5e0000,A 4-minute video that pushed me to think differently of how love looks like,29,1556
54de3d46343832000c5e0000,A 4-minute video that pushed me to think differently of how love looks like,32,1511
54de3d46343832000c5e0000,It looks like a love triangle at first. Then comes the twist — and it's adorable.,36,1488
54de4f193364640028200000,A Supreme Court justice gets asked about women in the Supreme Court. She crushes.,16,1529
54de4f193364640028200000,"When there are 9,' she says. At first they laugh, but then the applause just grows and grows.",21,1487
54de4f193364640028200000,They asked her how many women should be on the Supreme Court. Her answer wins life.,22,1538
54de4f193364640028200000,"She always gets asked the same question. Her answer is only 4 words long, but it's fantastic.",26,1500
54de4f193364640028200000,An 81-year-old Supreme Court justice just gave the most badass answer to a ridiculous question.,47,1564
54de52073364640028270000,"The friend thinks it’s nice, but it sounds just like ‘You don't fit in’ to the teen hearing it.",15,1537
54de52073364640028270000,There are some really nice ways to say ‘You don’t fit in.’,15,1520
54de52073364640028270000,"The teen who says it is trying to be nice, but what it really means is, ‘You don't fit in.’",16,1496
54de52073364640028270000,"The teen who says it thinks it's sweet, but what it really says is, ‘You don't fit in.’",20,1494
54de52073364640028270000,"It’s meant as a compliment, but what it really says is, ‘You don't fit in.’",30,1604
54de6d2038356500286d0000,The first 30 seconds show how hard it can be to be a kid. The last 30 are why you shouldn't give up.,6,1524
54de6d2038356500286d0000,1 word keeps changing. But that word makes all the difference.,8,1537
54de6d2038356500286d0000,A 1-minute video for any kid you know who may be depressed,11,1560
54de6d2038356500286d0000,"In every shot, only 1 word changes. But that word makes all the difference.",16,1482
54de78bb383565000c860000,They're taking them out of prison and sending them right back in. And I'm 100% on board.,9,1491
54de78bb383565000c860000,"Normally, I wouldn't want to see an innocent soul sent to prison. This is probably my *1* exception.",15,1485
54de78bb383565000c860000,"The way these big, burly men love these dogs brings so many happy tears to my eyes",15,1472
54de78bb383565000c860000,Instead of killing this dog they sent her to prison. It's got a happy ending. Trust.,22,1593
54de78bb383565000c860000,A dog on the verge of death meets a prisoner with no hope,29,1564
54de7d5d336464000c8d0000,Know someone going to Sao Paolo for vacation? Here's a 2-minute primer for them.,4,1519
54de7d5d336464000c8d0000,"As beautiful as Sao Paolo is, 12 million people still need water. One woman found a way.",5,1524
54de7d5d336464000c8d0000,"Drinking rain water doesn't sound ideal, but it's better than no water at all.",7,1589
54de7d5d336464000c8d0000,"12 million people, one cool invention, and a beautiful city",9,1556
54de7d5d336464000c8d0000,"A woman came up with an invention to get 12 million people water. Is it magic? Nope, just hard work.",9,1452
54de7d5d336464000c8d0000,She made a cool invention. Now she's using it to save 12 million people.,21,1524
54e0d55d32336100280e0000,"Sometimes calling something ""pet"" or ""wild"" just doesn't capture the beauty of a relationship.",6,1965
54e0d55d32336100280e0000,A hummingbird introduced her son to a man in Brazil.  They took it from there.,12,2022
54e0d55d32336100280e0000,She seemed to be asking him to look out for her baby. So he did.,21,2084
54e0d55d32336100280e0000,"The video went viral, but did people miss what was so great about it?",21,2069
54e1140a303461000c030000,"One of the best policies for companies on Facebook is to engage with fans. Well, most of them, anyway.",9,1539
54e1140a303461000c030000,"McDonald’s has a new approach to Facebook. That is, to answer every question asked. Except …",17,1542
54e1140a303461000c030000,"When you ask questions on McDonald’s Facebook page, it’ll answer every one of them. With one exception.",17,1460
54e1140a303461000c030000,They asked McDonald’s a fair question about love for its workers. They’re still waiting for an answer.,18,1540
54e1140a303461000c030000,A funny thing happens when big companies like McDonald’s ask for feedback on Facebook.,24,1574
54e1140a303461000c030000,People who work for McDonald’s aren’t 'Lovin’ it.' So they asked the company some questions.,25,1495
54e17c4e396166001a2e0000,Getting people water to survive takes more than a shorter shower,1,1520
54e17c4e396166001a2e0000,"Every day, women walks miles and miles just to get fresh water. Here's what we can do about it.",4,1541
54e17c4e396166001a2e0000,"In 3 minutes, you will find out the *real* problem with water. Hint: It's not your shower.",8,1523
54e17c4e396166001a2e0000,The long showers you like to take are not the *real* problem.,16,1548
54e20408303461000c370000,These Vegas students want education but one mom thinks they're full of it,11,1561
54e20408303461000c370000,This mom thinks kids should get sex-ed at home but doesn't know jack about HPV,13,1561
54e20408303461000c370000,The Daily Show pokes a major hole in this city's sex-ed controversy with one question.,23,1504
54e20408303461000c370000,Meet the concerned mom who doesn't think kids need sex-ed. Then watch the Daily Show laugh at her.,38,1514
54e20f3a303461001a330000,The fact that this specialty magazine is still a thing shows how sexist America still is.,6,1542
54e20f3a303461001a330000,"To those who still buy the Sports Illustrated Swimsuit issue: why don't you just Google ""boobs""?",16,1540
54e20f3a303461001a330000,Last Week Tonight poses a great question: Why is there still a Sports Illustrated Swimsuit issue?,18,1575
54e20f3a303461001a330000,How some of these hosts are reacting to the Sports Illustrated Swimsuit models are really terrible.,20,1424
54e20f3a303461001a330000,The Sports Illustrated Swimsuit issue may be one of the worst remaining sexist things from the '60s.,25,1577
54e20f3a303461001a330000,The way this married host acted around Kate Upton shows the sad state of respecting women.,47,1496
54e2243a303461000c6d0000,The double amputee who's made history just by thinking about moving his arms,7,1538
54e2243a303461000c6d0000,He's controlling his new arms just like his old arms. With his mind.,9,1563
54e2243a303461000c6d0000,He lost both arms in an accident. Now he's making history with his new arms.,9,1528
54e2243a303461000c6d0000,He's moving his prosthetics with his mind?! We're living in the future.,13,1489
54e2287c303461001a5e0000,"She doesn't think kids need sex-ed, and that's why the Daily Show is laughing at her",23,1566
54e2287c303461001a5e0000,"Concerned mom thinks kids don't need sex-ed, but can't answer the Daily Show's simple question",32,1510
54e2287c303461001a5e0000,This concerned mom thinks kids don't need sex-ed. So the Daily Show let's her have it.,36,1557
54e2287c303461001a5e0000,Meet the concerned mom who doesn't think kids need sex-ed. Then watch the Daily Show laugh at her.,38,1522
54e24669396166000c860000,2000 were killed. Hundreds are missing. We stay quiet and do nothing.,19,1549
54e24669396166000c860000,"They're dead, they're missing, some were even turned into slaves, while we stay quiet",21,1515
54e24669396166000c860000,"2000 were killed. Hundreds are missing. We say we care, but do nothing.",25,1527
54e24669396166000c860000,"Thousands were killed, hundreds are missing, but we stay quiet",25,1520
54e24669396166000c860000,"2000 were killed, hundreds are missing, and some were made slaves, but we stay quiet",27,1514
54e24a81396166000c9a0000,"It has a 1-word chorus, but it may be the most necessary Oscar-nominated song of the last 10 years.",14,1479
54e24a81396166000c9a0000,"It has a 1-word chorus, but it may be the most important Oscar-nominated song of the last 10 years.",20,1579
54e24a81396166000c9a0000,"It has a 1-word chorus, but it may be the most revolutionary Oscar song of the last 10 years.",23,1574
54e24a81396166000c9a0000,"It has a 1-word chorus, but it may be the most brilliant Oscar-nominated song of the last 10 years.",22,1501
54e24a81396166000c9a0000,"It has a 1-word chorus, but it may be the most glorious Oscar-nominated song of the last 10 years.",26,1503
54e24b56663038000c080000,Here's a good way to think about death.,11,1592
54e24b56663038000c080000,"9 years after his friend Was killed, he was still looking for him. Was.",15,1438
54e24b56663038000c080000,Watch a way to look at death that is as surprising as it is encouraging.,18,1533
54e24b56663038000c080000,"His friend's death was a tragedy. 9 years later, he's finally opening up about it.",19,1546
54e24b56663038000c080000,His friend died nine years before he asked a question that made him accept it.,20,1519
54e24b56663038000c080000,Watch a way to look at death that is as surprising as it is encouraging.,22,1536
54e25532663038001a0c0000,The unfortunate thing is that the punchline is something women are actually saying every day.,10,1505
54e25532663038001a0c0000,Women are actually saying things like this every day. Maybe even on the street you're on right now.,12,1552
54e25532663038001a0c0000,The unfortunate thing is that the punchline is something women are actually saying every day.,21,1494
54e25532663038001a0c0000,"His smile might be the creepiest thing about him. When he puts his arm around her, I just cringe.",22,1522
54e25532663038001a0c0000,A 5 panel cartoon that just gets creepier and creepier as it goes on.,36,1536
54e25532663038001a0c0000,"A cartoon about catcalling from the man's perspective is totally disturbing, and that's the point.",37,1549
54e2c1726330650028240000,Your anti-vaccination deal is hurting poor people. Just thought you'd like to know.,3,1539
54e2c1726330650028240000,"It's an arms race. Actually, it's 2 arms races. One of them, you can help win.",3,1517
54e2c1726330650028240000,It's not every day lefty tofu-eaters and right-wing libertarians get together to ruin the country.,7,1583
54e2c1726330650028240000,It's a war on facts. Here's some ammo.,7,1548
54e2c1726330650028240000,An embarrassing dad made his kid's birthday party awful. And set public health back 100 years.,13,1483
54e34e30663937001a330000,He's able to control his new arms just like his old arms. With his mind.,2,1579
54e34e30663937001a330000,"Prosthetics operated by mind control?! This isn't science fiction, it's real life.",2,1511
54e34e30663937001a330000,"Here's what prosthetic limbs could look like in the future. Future, meaning now.",4,1518
54e34e30663937001a330000,The new prosthetic technology that's going to change everything,6,1515
54e34e30663937001a330000,This guy gained two fully functional arms thanks to the big brains of SCIENCE.,7,1496
54e37e22633039001a180000,The unlikely company that's banking off government handouts should be FOX's next target,4,1559
54e37e22633039001a180000,A fake interview about Walmart's shady tactics that I wish was real,6,1478
54e37e22633039001a180000,"When Hannity learned how much this company was making off welfare, he lost it. Sorta.",17,1530
54e37e22633039001a180000,What would happen if FOX news asked Walmart the tough questions?,21,1534
54e383f2633039001a290000,"She got people to drink water previously infested with mosquitoes, and it's kinda amazing how.",5,1470
54e383f2633039001a290000,"Think of water dripping from the ceiling. Now imagine drinking it. Gross? Actually, no. Just smart.",7,1579
54e383f2633039001a290000,Could anyone convince you to drink ceiling water? This lady might.,7,1533
54e383f2633039001a290000,I couldn't imagine not being able to flush my toilet. She imagined a way to help those who couldn't.,9,1545
54e383f2633039001a290000,She has a cute candy-colored barrel. What's inside is more precious than candy.,11,1463
54e383f2633039001a290000,She came up with an invention to save 12 million people. Genius? Kinda.,20,1533
54e38404633039000c3e0000,It's hard to think we're running out of water when we're swimming in it halfway around the world.,0,1532
54e38404633039000c3e0000,"Every 15 seconds, dirty water is responsible for killing someone.",1,1624
54e38404633039000c3e0000,"If we're running out of fresh water, why do our faucets still run? Finally, an answer.",5,1498
54e38404633039000c3e0000,Ever wonder why fresh water is a big problem? Here's a primer.,8,1436
54e38404633039000c3e0000,"Think you're saving the world with shorter showers? Actually, no.",17,1528
54e38404633039000c3e0000,The Catholic Church is trying to solve this problem. So should we.,26,1513
54e394366635310028330000,Here's what it would look like if an obnoxious TV anchor's questions were pointed in the right direction.,20,1544
54e394366635310028330000,Sean Hannity and two Walmart owners walk into a video. I *really* wish it was a joke.,25,1526
54e394366635310028330000,"If you love watching Fox News go after moochers, you're gonna love this",26,1537
54e394366635310028330000,It takes less than a minute to see that Fox News and Walmart are a match made in hell.,26,1505
54e394366635310028330000,Fox News finally went off on Walmart for their shady practices. PSYCH.,31,1513
54e395c3663531000c400000,"His name is Zlatan Ibrahimović. When you see him, he wants you to think of 805 million people.",17,1532
54e395c3663531000c400000,This athlete was suspended for breaking a rule that's usually unsportsmanlike. Usually.,24,1579
54e395c3663531000c400000,"He was in clear violation of the rule. But in this case, I think he deserved a pass.",26,1549
54e395c3663531000c400000,"He scored a goal 2 minutes into the match. But when he took his shirt off, it wasn't to celebrate.",26,1462
54e395c3663531000c400000,He surprised the world when he took off his shirt and revealed those 50 names.,27,1516
54e395c3663531000c400000,"He was like, ""If I'm going to get suspended, I might as well make it for a good reason."" And it was.",29,1522
54e395c3663531000c400000,A famous athlete tattooed 50 names on his body for a sad reason. Showing them got him suspended.,32,1562
54e3aa47663531001a5f0000,See how one guy dealt with his best friend being stabbed to death.,9,1554
54e3aa47663531001a5f0000,"For 9 years, he thought his best friend was gone forever. He realized that he had never really left.",9,1488
54e3aa47663531001a5f0000,Watch a way to look at death that is as surprising as it is encouraging.,12,1509
54e3aa47663531001a5f0000,"His best friend died. 9 years later, he has some beautiful thoughts to share.",19,1528
54e3aa47663531001a5f0000,His childhood friend was murdered by a parent. Here's how this guy copes.,27,1540
54e3aa47663531001a5f0000,His best friend's was killed by his own mother. Here's how he looks at it.,29,1557
54e3bb826330390028450000,"After you hear what he has to say, you will probably never ask for guacamole the same way again.",17,1609
54e3bb826330390028450000,"The next time you ask someone to pass the guacamole, choose your words carefully.",18,1480
54e3bb826330390028450000,"The next time you ask someone to pass the guacamole, you will probably think of this video.",19,1532
54e3bb826330390028450000,"The next time you ask someone to pass the guacamole, there's something you should think about.",23,1503
54e3bb826330390028450000,"The next time you ask someone to pass the guacamole, remember what he says.",24,1544
54e3cac1336662001a030000,"He stayed the same, but my perception changed. 1 easy way to help someone.",5,1537
54e3cac1336662001a030000,What's actually the difference in what happens before and after their haircut?,11,1582
54e3cac1336662001a030000,"When their haircuts ended, it was easy to see the impact we have.",16,1482
54e3cac1336662001a030000,"A before and after shot that didn't change the man, but it will probably change the way you see him",31,1532
54e3e305303238000c0b0000,The Church is trying to solve our water problem. So should we.,1,2022
54e3e305303238000c0b0000,"Every 15 seconds, a child dies because dirty water made them sick. That's not okay.",2,2036
54e3e305303238000c0b0000,Imagine walking miles and miles — just to find water. Dirty water. That's what's happening here.,3,2055
54e3e305303238000c0b0000,"If a child dropped dead every 15 seconds, we'd do something to stop it. Let's do it for others.",4,1998
54e3e305303238000c0b0000,That long shower you took today? That's not the *real* problem.,17,2025
54e3e305303238000c0b0000,The Catholic Church is trying to solve this problem. So should we.,25,2027
54e49290373139001a3e0000,"In the 1970s, the 'Batman' TV show and the :abor Department teamed up to beat an evil foe.",8,4030
54e49290373139001a3e0000,Pow! A surprising ad using a popular TV show proves just how cool the Labor Department can be.,9,4134
54e49290373139001a3e0000,"Batgirl to the rescue! Except she's kinda ticked off at her employer, so maybe not.",11,4118
54e49290373139001a3e0000,"When Batgirl is ready to just leave you tied up, you have to wonder where you went wrong.",17,4046
54e49290373139001a3e0000,"Holy dumb move, Batman. Not paying Batgirl fairly was your first mistake.",17,3948
54e49290373139001a3e0000,She wasn't getting paid fairly. An ad telling the world she wasn't taking Batman's crap anymore.,19,4018
54e49290373139001a3e0000,"She busts in to save them, but she busted them instead. Batgirl is my hero.",20,3936
54e49290373139001a3e0000,A popular TV show from the 70s was one of the first to brilliantly call out unfair pay for women.,23,4059
54e49806303238000c370000,Some say they're against abortion. Then why aren't they all for funding contraceptives?,5,4053
54e49806303238000c370000,Think about it -- spending five times as much globally just to deny women their rights is dumb.,9,4051
54e49806303238000c370000,222 million women want it. And it can prevent 26 million abortions per year.,14,4131
54e49806303238000c370000,"If you say you care about budget deficits and whatnot, you can't not support spending this $1.",14,4095
54e49806303238000c370000,Did you know that preventing 26 million abortions per year was this easy? So why aren't we doing it?,15,3990
54e49806303238000c370000,Here is the smartest money move we could make. How dumb is it that we're not?,22,3972
54e4ad1e3731390028480000,"From daycare rates many can't afford to unfair pay, President Obama lays out how women get robbed",10,3946
54e4ad1e3731390028480000,The Grammys weren't the only time that President Obama had a message women could say 'hell yes' to.,16,3991
54e4ad1e3731390028480000,President Obama has a message for women that makes sense and almost anyone can agree with.,21,4017
54e4ad1e3731390028480000,"Lately, I've been seeing just how much President Obama understands what women are up against. Bravo!",28,4138
54e4ad1e3731390028480000,You know you want to say 'heck yeah' to this long overdue message from President Obama,29,4082
54e4ad1e3731390028480000,I've been waiting to hear a message like this from an elected official since my kids were little.,46,4072
54e4c203303238001a4d0000,"If we're only thinking of sustainability in terms of packaging and recycling, we're doing it wrong.",4,1621
54e4c203303238001a4d0000,People who scoff at environmentalists will probably get a kick out of this woman's speech.,6,1504
54e4c203303238001a4d0000,It turns out that a lot of us smarty pants who are trying to save the planet aren't always so smart,7,1531
54e4c203303238001a4d0000,Your brand of environmentalism isn't good enough. A designer is going to tell you why.,7,1487
54e4c203303238001a4d0000,She made a lot of well-meaning environmentalists ashamed they never thought of this,9,1498
54e4c203303238001a4d0000,The #1 huge thing we're all missing when we try to be environmentally friendly.,17,1511
54e4c54637313900287b0000,"Some protein shakes aren't as harmless as you might think. Thankfully, there are alternatives.",8,1562
54e4c54637313900287b0000,The ultimate parody of swole gym-going bros might actually help you take better care of yourself.,10,1505
54e4c54637313900287b0000,This hilarious parody ad tricks some 'bros' into going organic.,11,1573
54e4c54637313900287b0000,It's a funny ad that stereotypes gym bros. But you might really want to know about protein shakes.,14,1507
54e4c54637313900287b0000,This hilarious parody makes a good point about checking the label before you take a swig.,25,1583
54e4c54637313900287b0000,Protein shakes aren't as harmless as you might think. Just take a look at these men.,28,1502
54e4ea8d3032380028910000,"To be privileged is one thing, but to be black and privileged is what concerns his parents.",23,2018
54e4ea8d3032380028910000,"To be privileged is one thing, but to be black and privileged is what worried his parents.",28,1996
54e4ea8d3032380028910000,"To be privileged is one thing, but to be black and privileged is another.",31,2017
54e4ea8d3032380028910000,His parents were poor. He's privileged. But there's one thing they all worry about.,33,2123
54e4ea8d3032380028910000,He is black. He is privileged. And all of that concerns his parents.,37,2016
54e4f82a373139001ae40000,These idiots spray-painted a swastika on the dumbest location possible.,98,2067
54e4f82a373139001ae40000,These bigots spray painted a swastika on the dumbest location possible.,101,2056
54e4f82a373139001ae40000,These racist idiots spray-painted a swastika on the dumbest location possible.,102,2041
54e4f82a373139001ae40000,These racist jerks spray-painted a swastika on the dumbest location possible.,112,2072
54e4f82a373139001ae40000,These racist idiots spray-painted a swastika on the dumbest/best location possible.,119,1983
54e4f83d373139000cb90000,"They became emotional when their 'before and after'. I admit it, I did too.",29,2007
54e4f83d373139000cb90000,These before and afters did not change him as much as much as they changed me,39,2024
54e4f83d373139000cb90000,"A before and after shot that didn't change the man, but it will probably change the way you see him",58,2043
54e4f83d373139000cb90000,How 1 haircut and a before and after photo may change everything for people,64,2051
54e50261373139001a150100,"She believes we’re conditioned to be afraid. So her motto, naturally, is 'F*ck fear'.",8,2060
54e50261373139001a150100,How a refugee from Sudan became a model who kicks serious butt,10,2033
54e50261373139001a150100,All her experience being hated has made her love for herself that much stronger,12,2044
54e50261373139001a150100,The odds were stacked pretty high against this refugee becoming a fashion model and entrepreneur,13,2064
54e50261373139001a150100,"Modeling agencies were trying to turn her into someone else, so she started her own.",23,2003
54e50261373139001a150100,"Call her dark, call her skinny, call her beautiful, just don’t ever call her Iman",35,1981
54e508103731390028f10000,They're here. They cheer. They're scientists.,14,2516
54e508103731390028f10000,"In an ideal world, we'd assume EVERY cheerleader was a scientist. We don't.",14,2507
54e508103731390028f10000,"These women are out there making little girls want to be a doctor, a teacher ... and a cheerleader.",15,2616
54e508103731390028f10000,Short-shorts and high kicks meet super advanced science degrees. Surprised? You shouldn't be.,17,2519
54e5348c623362001a020000,"Justice was upside-down, and we still don’t seem to know which way is up.",1,2022
54e5348c623362001a020000,Powerful words from the past remind us how far we haven’t come.,3,2004
54e5348c623362001a020000,It’s easy to forget just how long people have been waiting for justice.,4,1958
54e5348c623362001a020000,"If you cannot prove democracy is not hypocrisy, then don’t put your hands on me.' Wow.",8,2112
54e5348c623362001a020000,These raw words from the past are still gut-wrenching. And still true.,8,2094
54e55290343139000c0c0000,"A dad won't let his child wear a dress to school, but then he changes his mind and it's fantastic.",28,2001
54e55290343139000c0c0000,A kid gets bullied in school until Dad finally takes a stand.,30,2050
54e55290343139000c0c0000,"This kid gets bullied the whole time, even by Dad. The end changes all that, though.",37,2028
54e55290343139000c0c0000,"This kid's dad is just as bad as the bullies at school, until makes me smile at the end.",43,2030
54e553af623362001a190000,Numbers don't lie. Hollywood would make even more money if they just lost the stereotypes.,11,1969
54e553af623362001a190000,Prostitute. Terrorist. Cab driver. Friend. These jobs have nothing and everything in common.,17,2085
54e553af623362001a190000,The not so secret meaning behind 'more urban' that's so not OK,17,1981
54e553af623362001a190000,What makes this 90 second video completely different from Hollywood? No white people.,20,2040
54e553af623362001a190000,Listen to the parts they've auditioned for and try not to say 'WTF?',28,2094
54e56051343139000c250000,"It's one little pill, and it's the smartest money move we could make. So why aren't we?",7,2092
54e56051343139000c250000,She wants to take a pill that will save the world money. A lot of money.,7,2016
54e56051343139000c250000,Anyone who really cares about cutting spending will want her to get this one little pill.,10,2025
54e56051343139000c250000,Here is the smartest money move we could make. How dumb is it that we're not?,12,2029
54e5873e343139001a6a0000,"3 major reasons to start talking about mental health. Like, now.",3,2078
54e5873e343139001a6a0000,Every single person in this video has been touched by mental illness.,4,1995
54e5873e343139001a6a0000,They're calling on millennials to end the stigma on mental health.,4,1986
54e5873e343139001a6a0000,Why the millennials of the world could be the key to ending shame about mental illness.,11,2054
54e5f4e534313900287c0000,"The bully punches him in the face. Later, he follows the bully home, and it all suddenly makes sense",64,2059
54e5f4e534313900287c0000,"After the bully punches him in the face, he doesn't just lay down. He follows the bully home.",67,2062
54e5f4e534313900287c0000,"After the bully punches him in the face, all he wants is revenge. But then he sees it happen.",75,2051
54e5f4e534313900287c0000,"After the bully punches him in the face, all he wants is revenge. But then he follows him home.",74,2013
54e5f4e534313900287c0000,"The bully punches him in the face. Later, he follows the bully home, and that's where he sees it.",84,2058
54e609d0623362000c890000,Why the millennials of the world could be the key to ending shame about mental illness.,6,1994
54e609d0623362000c890000,Why she thinks millennials are the ones who can make this problem go away.,9,2041
54e609d0623362000c890000,An actress and her friends talk about mental illness the way we all should.,10,2008
54e609d0623362000c890000,An actress decided to do something about the stigma of mental illness.,14,2111
54e60cd5343139000ca30000,Actresses are asked to bring “easy access skirts” to a casting. WTF?! *Facepalm*,48,1956
54e60cd5343139000ca30000,"A casting calls for an actress to bring an “easy access skirt” for a role. Really, Hollywood?",53,2092
54e60cd5343139000ca30000,An actress was told to bring her own “easy access skirt” to a casting. Ugh.,70,2083
54e60cd5343139000ca30000,"An actress was told to bring an “easy access skirt” to a casting. Well, dang.",94,2060
54e61a523431390028a40000,Here's a place south of the Sahara where getting water can kill you,8,2075
54e61a523431390028a40000,Imagine if your hands bled every time you went to get some water. That's what's happening here.,8,2014
54e61a523431390028a40000,She almost died getting water from a well. Why does she still use it?,9,2024
54e61a523431390028a40000,A mother and her daughter nearly died getting water from a well. The reason why is messed up.,12,2006
54e61a523431390028a40000,"After she was rescued from a well, she was passed out for 3 days. How can we make her life easier?",13,2029
54e61a523431390028a40000,"If you look at her hands, you'll see her struggles. Literally.",23,2041
54e61e1e623362001a900000,A transitioning male reproduced Adam Levine's nearly nude photo to prove a point. It worked.,64,4138
54e61e1e623362001a900000,2 trans men made a very clear point with their very pointed photo shoot.,68,4098
54e61e1e623362001a900000,2 trans men made a very clear point with their very pointed photo shoot.,110,3954
54e61e1e623362001a900000,2 trans men made a very clear point with their very pointed photo shoot.,113,4017
54e61e1e623362001a900000,A transitioning male reproduced Adam Levine's nearly nude photo to prove a point. It worked.,120,4030
54e61e1e623362001a900000,A transitioning male reproduced Adam Levine's nearly nude photo to prove a point. It worked.,124,4077
54e63d4464363500281e0000,He started a blog about what an American Asian’s allowed to be. Now he’s got a hit show.,14,2017
54e63d4464363500281e0000,"His show’s a hit, but he says, ‘America’s the best show running in the world right now.’",16,1984
54e63d4464363500281e0000,His show’s hilarious. He could care less if some think “fresh off the boat” is a slur.,19,2075
54e63d4464363500281e0000,"To him, it’s weird when white people tell him what to be mad about.",20,2022
54e63d4464363500281e0000,"When people say his TV show’s racist, he’s like, ‘I don’t know if you know any of us.’",36,2089
54e640d9623534001a2e0000,Teachers are working hard. Why does every education improvement seem to make their job harder?,2,2085
54e640d9623534001a2e0000,Imagine you spent 35 hours each week in a dictatorship. You'd want a happy and fulfilled dictator.,6,1980
54e640d9623534001a2e0000,"What if we treated teachers like skilled professionals, instead of lazy children? Let's try it!",8,2034
54e640d9623534001a2e0000,School is not going so well. Here's a cheap and easy way to fix it ... that teachers will love.,13,2063
54e640dc6436350028350000,2 trans men made a very clear point with their very pointed photo shoot.,64,2066
54e640dc6436350028350000,2 trans men made a very clear point with their  recent photo shoot.,68,2071
54e640dc6436350028350000,2 trans men prove an important point with a simple photo shoot.,78,2038
54e640dc6436350028350000,2 trans men make a very clear point with this  revealing photo shoot.,91,2016
54e6478d623534001a4a0000,"Stop having sex today, and the FDA will let you give blood next year. #celibacychallenge,",11,2022
54e6478d623534001a4a0000,You shouldn't always trust that sex advice is good. Even if Alan Cumming is giving it to you.,12,2045
54e6478d623534001a4a0000,"The FDA thinks gay men shouldn’t have sex for a year. Yes, seriously. #celibacychallenge",15,2050
54e6478d623534001a4a0000,"I thought Alan Cumming had lost his mind, then I watched the video and was so wrong.",19,2048
54e64cec62353400285d0000,A short film devoid of white people? Don't celebrate just yet.,24,2037
54e64cec62353400285d0000,Hollywood is all about innovation. But here's the side that's stuck in the past.,27,2050
54e64cec62353400285d0000,It's a different business than it was in the 60's. What's sad is what hasn't changed.,38,2062
54e64cec62353400285d0000,Listen to the parts they've auditioned for and try not to say 'WTF?',48,2057
54e64cec62353400285d0000,A rare behind the curtain look at acting that's less glam and more racist.,59,2027
54e658eb643635000c5d0000,"For every dollar we spend on it, we get $4 back. Magic? Nope. Just smart money.",4,1975
54e658eb643635000c5d0000,"Think birth control would cost taxpayers? Newsflash: It won't. Actually, it's the complete opposite.",5,2044
54e658eb643635000c5d0000,Some are afraid that birth control would cost taxpayers. What if it actually saved us lots of money?,5,2030
54e658eb643635000c5d0000,Spend $1 on this. Get $4 back. I can't BELIEVE more people aren't following this crazy-smart idea.,7,2019
54e658eb643635000c5d0000,The money we're looking for to fund schools? It could all be in one little pill.,8,2054
54e658eb643635000c5d0000,"The surprising pill that could mean extra money for our school system. Yes, really.",9,2117
54e65bce643635000c610000,"I had some weird birthday parties, but none that started an outbreak of an ""eradicated"" disease.",17,2020
54e65bce643635000c610000,"Worst birthday party ever: Dad messes up 100 years of progress, doesn't even get kid a Furby.",25,1998
54e65bce643635000c610000,An embarrassing dad made his kid's birthday party awful. And set public health back 100 years.,28,2058
54e65bce643635000c610000,Dad took blood samples at his kid's birthday party. And that's not the worst part.,36,2105
54e669cd623534000c8d0000,The best feature of his multi-million dollar home is a short hike away from it.,14,2552
54e669cd623534000c8d0000,"His mansion is really nice, but the part I like the best is WAAAY out back.",15,2607
54e669cd623534000c8d0000,The best feature of this Grammy winner's multi-million dollar home has nothing to do with his house.,15,2555
54e669cd623534000c8d0000,The best feature of his multi-million dollar home is nowhere near it.,21,2506
54e694f0396534000c220000,A funny-but-true lesson on why we seek to blame when things don't go right,19,2579
54e694f0396534000c220000,A funny-turns-serious lesson on why we seek to blame when things don't go right,22,2500
54e694f0396534000c220000,This woman will ruin everything you know about blaming.,24,2568
54e694f0396534000c220000,A funny-but-true lesson on why we seek to blame when things don't go right,24,2458
54e694f0396534000c220000,A funny-but-true lesson on why we seek to blame when things don't go right,29,2596
54e694f0396534000c220000,"Her story is pretty funny, but the lesson at the end will change the way you think about blaming.",35,2505
54e6c38d363531001a280000,The beautiful love letters survivors of sexual violence wrote to themselves.,6,2537
54e6c38d363531001a280000,These powerful love letters were written for people who survived sexual assault.,10,2564
54e6c38d363531001a280000,Moving love letters from survivors of sexual assault.,17,2580
54e6c38d363531001a280000,8 love letters to survivors of sexual violence. The one from the dad made me cry.,25,2470
54e73e02396534000c570000,In focus: What's really going on when we blame,41,2490
54e73e02396534000c570000,"She tells a story of the time she realized she was a ""blamer"", followed up by an important lesson.",44,2646
54e73e02396534000c570000,"One of those ""I never thought about it like that before""-type lessons on blaming",54,2588
54e73e02396534000c570000,"Her story is pretty funny, but the lesson at the end will change the way you think about blaming.",58,2559
54e73e02396534000c570000,"Her story is pretty funny, but the lesson at the end will change the way you think about blaming.",64,2518
54e7795431313500280f0000,How would you like to make $1500 less a year than somebody else doing the exact same job?,11,3592
54e7795431313500280f0000,‘Right-To-Work’ vs. ‘Free Bargaining’ — a short but helpful little clip,19,3565
54e7795431313500280f0000,What is this ‘Right-To-Work’ and how will it affect me?,19,3513
54e7795431313500280f0000,A fact-based primer on ‘Right-To-Work’ and what it really means,20,3584
54e7795431313500280f0000,Is ‘Right-To-Work’ a good thing for most workers? Well …,22,3551
54e7795431313500280f0000,Ever heard of ‘Right-To-Work’? About that …,28,3587
54e77c80313135001a170000,"The surprising pill that could mean extra money for our school system. Yes, really.",3,3509
54e77c80313135001a170000,Some are afraid that birth control would cost taxpayers. What if it actually saved us lots of money?,9,3552
54e77c80313135001a170000,"Think birth control would cost taxpayers? Newsflash: It won't. Actually, it's the complete opposite.",11,3538
54e77c80313135001a170000,The money we're looking for to fund schools? It could all be in one little pill.,15,3578
54e77c80313135001a170000,Spend $1 on this. Get $4 back. I can't BELIEVE more people aren't following this crazy-smart idea.,18,3579
54e77c80313135001a170000,"For every dollar we spend on it, we get $4 back. Magic? Nope. Just smart money.",23,3607
54e78c6d313135001a2f0000,"26 directors, screenwriters, and camera-folks have Oscar nominations. None of them are women.",18,3510
54e78c6d313135001a2f0000,"26 folks are nominated for Oscars in 3 categories. None are women, and these 3 have something to say",20,3523
54e78c6d313135001a2f0000,26 folks are nominated for Oscars in 3 categories. Guess how many women?,35,3624
54e78c6d313135001a2f0000,"These ladies might be making some funny faces, but first listen. They've got a great point to make.",37,3594
54e78c6d313135001a2f0000,"These ladies might be making some funny faces, but first listen. They have a point about the Oscars.",36,3457
54e78c6d313135001a2f0000,The Academy Awards has a 'woman problem.' These women won't stand for it.,39,3586
54e79a94646238001c3f0000,Remember how you felt about yourself as a teen? Now imagine the internet voting on it.,6,3585
54e79a94646238001c3f0000,Getting through high school is as much about who you Like as who you like.,11,3618
54e79a94646238001c3f0000,"What happens online stays online, except sometimes. These kids are totes on it.",11,3425
54e79a94646238001c3f0000,"Rules of the digital road, for teens, by teens",12,3533
54e79a94646238001c3f0000,"Teens always think they know more than their parents. About this, they probably do.",13,3612
54e7b2db3131350028650000,The dug up a video of his speech from 50 years ago. It could have been given yesterday. Eerie.,15,3533
54e7b2db3131350028650000,The dug up a Malcolm X speech that predicted so much of what's going on today. Creepy.,25,3628
54e7b2db3131350028650000,He predicted Eric Garner and Ferguson 5 decades ago. His speech is so dead-on it gave me chills.,25,3588
54e7b2db3131350028650000,He was right about the cops 50 years ago. We didn't listen.,30,3500
54e7b337646238002c850000,Ever heard of ‘Right-To-Work’? Ahem ...,32,3676
54e7b337646238002c850000,Ever heard of ‘Right-To-Work’? Some facts about that are right here.,32,3532
54e7b337646238002c850000,Ever heard of ‘Right-To-Work’? About that …,36,3589
54e7b337646238002c850000,Have you ever heard of ‘Right-To-Work’? About that …,46,3533
54e7b337646238002c850000,"Ever heard of ‘Right-To-Work’? Well, about that …",48,3475
54e7b35c313135000c7e0000,A social experiment to see what would happen when family members became 'homeless',23,3489
54e7b35c313135000c7e0000,They wanted to see how their families would react if they dressed as homeless people,30,3615
54e7b35c313135000c7e0000,4 people learned how to become invisible and it didn't even require magic,30,3508
54e7b35c313135000c7e0000,People they loved became invisible and all they had to do was change their clothes,38,3520
54e7b35c313135000c7e0000,Watch them completely ignore their family and get a lesson about being homeless,44,3568
54e7b35c313135000c7e0000,It was a normal day until their family dressed as homeless people to prove a point,45,3640
54e7c352303465001a040000,It was a normal day until their family dressed as homeless people to prove a point,29,3573
54e7c352303465001a040000,It was a normal day until their family dressed as homeless people to prove a point,35,3507
54e7c352303465001a040000,It was a normal day until their family dressed as homeless people to prove a point,35,3471
54e7c352303465001a040000,It was a normal day until their family dressed as homeless people to prove a point,37,3579
54e7c352303465001a040000,Watch them completely ignore their family and get a lesson about being homeless,43,3611
54e7c352303465001a040000,It was a normal day until their family dressed as homeless people to prove a point,46,3489
54e7c352303465001a040000,It was a normal day until their family dressed as homeless people to prove a point,61,3636
54e7cb30303465000c160000,He was right about the cops 50 years ago. We didn't listen.,20,3625
54e7cb30303465000c160000,These raw words from the past are still gut-wrenching. And still true.,20,3538
54e7cb30303465000c160000,The dug up a video of his speech from 50 years ago. It could have been given yesterday. Eerie.,22,3536
54e7cb30303465000c160000,He predicted Eric Garner and Ferguson 5 decades ago. His speech is so dead-on it gave me chills.,23,3536
54e7cb30303465000c160000,The dug up a Malcolm X speech that predicted so much of what's going on today. Creepy.,32,3521
54e8d783646266000c0a0000,Malcolm X was right about the cops 50 years ago. We didn't listen.,25,3531
54e8d783646266000c0a0000,"When Malcolm X said this 50 years ago, a lot of people didn’t hear it. We do now.",42,3613
54e8d783646266000c0a0000,They dug up a Malcolm X speech that predicted so much of what's going on today. Creepy.,52,3527
54e8d9ec363961000c070000,Getting through high school is as much about who you Like as who you like.,14,3594
54e8d9ec363961000c070000,"With social media, teen drama gets bigger faster, so kids are figuring out how to survive.",17,3550
54e8d9ec363961000c070000,Remember how you felt about yourself as a teen? Now imagine the internet voting on it.,23,3492
54e8d9ec363961000c070000,Teens live in a social media world most grownups know almost nothing about.,32,3574
54e8d9ec363961000c070000,"Teens always think they know more than their parents. About this, they probably do.",35,3513
54e970bd6537370019150000,0. That's how many women got Oscar nominations in 3 categories.,21,3530
54e970bd6537370019150000,"93% white, 76% male. But that's not their problem with the Oscars.",22,3527
54e970bd6537370019150000,"Hey Academy, I'm a woman!' they sing. And it's hilarious. But the truth behind it is not.",28,3704
54e970bd6537370019150000,The Oscars have a huge woman problem. These ladies are responding — with a song.,32,3565
54e970bd6537370019150000,"They have a problem with the Academy Awards. Once you find out, you'll get why they're making faces.",33,3493
54e970bd6537370019150000,The big problem at the Oscars that got these 3 women singing,43,3430
54e981896537370019190000,The Oscars has a huge problem. And they're singing about it.,27,3508
54e981896537370019190000,The Oscars has a huge problem this year. They're singing about it.,30,3583
54e981896537370019190000,The Academy Awards has a problem that's got these women singing,31,3595
54e981896537370019190000,"Hey, Academy Awards? You've got a problem. They're gonna sing about it.",31,3567
54e981896537370019190000,The big problem at the Oscars that got these 3 women singing,32,3461
54e981896537370019190000,There's a big problem at the Oscars that got these women singing,37,3490
54ea1526653737000c1a0000,He put inmates in a room with nothing but a camera and asked them to talk about their crimes.,25,3533
54ea1526653737000c1a0000,He put inmates in a room with just a camera and asked them to talk about their crimes.,33,3516
54ea1526653737000c1a0000,He put inmates in a room with nothing but a camera. Then he asked them to talk about their crimes.,35,3515
54ea1526653737000c1a0000,He put inmates in a room with nothing but a camera and asked them to talk about their crimes. Wow.,38,3601
54ea1526653737000c1a0000,He put these inmates in a room with nothing but a camera and asked them to talk about their crimes.,38,3551
54eb6b523138650026750000,"What 1 year of watching media does to our children, and how the Oscars can help",11,3483
54eb6b523138650026750000,How to fix the Oscars race problems and why they are important,17,3637
54eb6b523138650026750000,"The Oscars, racism, and how they impact your life, even if you think they don't",19,3573
54eb6b523138650026750000,How the Oscars race problem is a bigger deal than you think,27,3529
54eb6b523138650026750000,Do we think Oscar voters are racist? Nope. Do we think they have race issues? Yes.,30,3500
54eb6b523138650026750000,"If you don't think the Oscars are racist, you should read this. Same if you do.",52,3515
54eb7a6b38666100266a0000,They ignore their family and get a lesson about being homeless,8,3546
54eb7a6b38666100266a0000,Watch them completely ignore their family and get a lesson about being invisible and homeless,13,3583
54eb7a6b38666100266a0000,They taught their family a lesson about being homeless when they were ignored on the street,14,3569
54eb7a6b38666100266a0000,Watch them completely ignore their family and get a lesson about being homeless,16,3540
54eb7a6b38666100266a0000,They learn a lesson about being homeless when they ignore their family on the street,22,3535
54eb7c1a3138650019820000,Old MacDonald had a farm and treated his animals and crops like crap,6,3654
54eb7c1a3138650019820000,Hear how old MacDonald's farm is run and demand we start singing a new tune,8,3470
54eb7c1a3138650019820000,"It starts out like a normal play, but when the kids tell the farm's real story, it gets creepy",13,3576
54eb7c1a3138650019820000,This classic kid's song gets makeover since the original is so sketchy,15,3526
54eb7c1a3138650019820000,"These parents were expecting a cute musical, instead they're rethinking what they pack for lunch",19,3576
54eb857d386661000c660000,This one time on probation... All these people got together and transformed a community.,8,3516
54eb857d386661000c660000,"Reason 7,788,990 that teaching teens to collaborate using art is always a good idea.",8,3465
54eb857d386661000c660000,If you think this neighborhood looks “sketchy” you’re in for a serious surprise.,15,3707
54eb857d386661000c660000,"Before you call them troublemakers, take a look at how they are transforming this neighborhood.",16,3543
54eb8d25386661000c7c0000,"He’s only 17, but says he's lived a double life since he was 5.",80,3577
54eb8d25386661000c7c0000,He is black. He is privileged. And all of that concerns his parents.,94,3587
54ebb6a03135350aaf160000,Many people deal with trauma. Some heal it through pole-dancing.,6,2665
54ebb6a03135350aaf160000,A bunch of women make a circle around a pole...and dance it out.,14,2785
54ebb6a03135350aaf160000,"I never thought a pole-dancing video could be such a tearjerker. Man, was I ever wrong!",18,2567
54ebb6a03135350aaf160000,They're not doing it for the men. They're doing it for themselves.,19,2547
54ebb6a03135350aaf160000,The 7 minutes you spend with these pole-dancers are worthwhile. I'm not even sugarcoating it.,28,2589
54ebb6a03135350aaf160000,"A pole-dancing video so beautiful, my hair stood on end",28,2557
54ebb757313535000c250000,"If you don't think the Oscars are racist, you should read this. Same if you do.",50,3512
54ebb757313535000c250000,"If you don't think the Oscars are racist, you should read this. Same if you do.",57,3488
54ebb757313535000c250000,"If you think the Oscars are racist, you should read this. Same if you don't.",63,3684
54ebb757313535000c250000,"If you don't think the Oscars are racist, you should read this. Same if you do.",69,3515
54ebbc75656261000c210000,How to get some actual diversity in the Oscars,13,3569
54ebbc75656261000c210000,How to get some actual diversity in the Oscars and make money at the same time,14,3543
54ebbc75656261000c210000,How the Oscars can start to address their race issues and make money at the same time,15,3483
54ebbc75656261000c210000,How something as silly as the Oscars can have a huge impact on your kids,22,3634
54ebbc75656261000c210000,"If you don't think the Oscars are racist, you should read this. Same if you do.",44,3522
54ebbc75656261000c210000,"If you don't think the Oscars have a race problem, you should read this. Same if you do.",47,3509
54ebc5e4656261000ce30100,"Instead of debating if the Oscars are racist, what if we just figured out how to fix things?",21,3455
54ebc5e4656261000ce30100,A really meaty discussion about the Oscars and race,22,3569
54ebc5e4656261000ce30100,A hopefully thoughtful discussion about the Oscars and race,23,3603
54ebc5e4656261000ce30100,The truth about the whole Oscars racial debate.,26,3559
54ebc5e4656261000ce30100,Do the Oscars have a race problem? Here's some things you may not have considered.,34,3540
54ebc5e4656261000ce30100,"If you don't think the Oscars have a race problem, you should read this. Same if you do.",43,3548
54ebcfe3313535000ce80300,Do the Oscars have a race problem? An open letter to the Academy.,12,3511
54ebcfe3313535000ce80300,"Do the Oscars have a race problem? If so, we have some ideas to help fix it.",13,3611
54ebcfe3313535000ce80300,Do the Oscars have a race problem? Here's some things you may not have considered.,15,3511
54ebcfe3313535000ce80300,Some things you may not have considered about the Oscars and race.,18,3492
54ebcfe3313535000ce80300,An open letter to the Academy about the Oscars and race,21,3625
54ebcfe3313535000ce80300,Dear Oscars: It's time for an intervention about your little problem.,26,3510
54ebdde8306633000c0a0000,Dear Oscars: It's time for an intervention about that race problem. It's going to be OK.,21,3562
54ebdde8306633000c0a0000,Dear Oscars: It's time for an intervention about your little problem.,32,3475
54ebdde8306633000c0a0000,Dear Oscars: It's time for an intervention about your little problem.,33,3565
54ebdde8306633000c0a0000,Dear Oscars: It's time for an intervention about your little race problem. We found a way to help.,35,3570
54ebdde8306633000c0a0000,Dear Oscars: It's time for an intervention about your little problem.,36,3495
54ebdde8306633000c0a0000,Dear Oscars: It's time for an intervention about your little race problem.,41,3585
54ebed93656261000c550300,Dear Oscars: let's talk about race. With science!,11,2005
54ebed93656261000c550300,"Everyone loves happy endings, right?",13,2088
54ebed93656261000c550300,Dear Oscars: Can we talk about that race stuff? There might be a way to start fixing it.,17,2078
54ebed93656261000c550300,Dear Oscars: It's time for an intervention about that race stuff.,18,1991
54ebf11d6562610026ef0300,Where do good ideas come from?,2,1729
54ebf11d6562610026ef0300,Don't hope for a brilliant idea out of nowhere. Hope for an old hunch that finally blooms.,3,1706
54ebf11d6562610026ef0300,"Like animals, ideas get more robust when they breed.",5,1744
54ebf11d6562610026ef0300,"He's looked at some of the greatest ideas ever, and found what they all had in common.",7,1724
54ebf11d6562610026ef0300,"He wrote ""Everything Bad Is Good For You,"" so his thoughts on the internet are not surprising.",8,1753
54ebfc5530663300192f0000,Dear Oscars: Can we talk about your little race problem?,10,2037
54ebfc5530663300192f0000,Dear Oscars: Can we talk about your little problem?,10,1931
54ebfc5530663300192f0000,Dear Oscars: It's time for an intervention about that race stuff.,12,2040
54ebfc5530663300192f0000,Dear Oscars: It's time for an intervention about your little problem.,16,2117
54ec053165626100261c0400,"Whatever you think about the Oscars and race, you should probably learn this stuff.",14,2563
54ec053165626100261c0400,The stuff about the Oscars and race you probably hadn't considered.,19,2516
54ec053165626100261c0400,"If you think you know everything about the Oscars and race, read this.",20,2514
54ec053165626100261c0400,Dear Oscars: Can we talk about your little race problem?,23,2604
54ec99aa326439000c0d0000,The stuff about the Oscars and race you probably hadn't considered.,27,2554
54ec99aa326439000c0d0000,The stuff about the Oscars and race you probably hadn't considered. And really should.,32,2630
54ec99aa326439000c0d0000,The stuff about the Oscars and race you probably hadn't considered.,37,2527
54ec99aa326439000c0d0000,The stuff about the Oscars and race you probably hadn't considered.,40,2465
54eca84e63616500262c0000,The first part these kids act out is cringe-worthy. The second makes it all better.,10,2571
54eca84e63616500262c0000,What would happen if 'Old McDonald' was remixed for farm life today?,10,2483
54eca84e63616500262c0000,Their parents expected cuteness but instead got a big dose of truth. 'Old McDonald' style.,18,2502
54eca84e63616500262c0000,"These kids perform a staged musical, and their parents can't stop cringing. The ending? Worth it.",23,2540
54eca84e63616500262c0000,Kids sing a brand new version of 'Old McDonald' to a crowd of their very shocked parents,24,2605
54eca84e63616500262c0000,"Their parents expected a cute musical, but the cows had everyone cringing",26,2527
54ecaa396361650026390000,Hunger is a worldwide problem. What if the solution is simple?,3,2548
54ecaa396361650026390000,"These kids figured out the solution to a big, painful problem. We should pay attention.",15,2466
54ecaa396361650026390000,Some adorable kids accidentally teach the rest of us how to solve a big problem.,20,2579
54ecaa396361650026390000,Watch these kids shut down a problem that grown ups have been trying to solve for centuries.,34,2536
54ecb3693264390024330000,They claimed the racist signs were an accident. He doesn't buy it for 1 second.,35,2604
54ecb3693264390024330000,His story about his dad explains exactly what these racist kids did and why it's so sad.,36,2457
54ecb3693264390024330000,"They held up racist signs at a basketball game, so he went on TV and gave them a piece of his mind.",37,2491
54ecb3693264390024330000,A white TV news anchor from Texas smacks down a group of racist sports fans so perfectly,42,2601
54ecb3776361650026540000,"Their parents expected a cute musical, but the cows had everyone cringing",29,2544
54ecb3776361650026540000,It's a song that every 1st grader knows. But it has a dark secret.,30,2616
54ecb3776361650026540000,It's a song that every 1st grader knows. But it has a dark secret.,31,2556
54ecb3776361650026540000,"Their parents expected a cute musical, but the cows had everyone cringing",41,2459
54ecc05863616500195e0000,"See what happens when adorable kids decide to share. (There's a lesson in here for us, too.)",4,1578
54ecc05863616500195e0000,Groups of adorable kids accidentally teach a lesson about sharing.,6,1574
54ecc05863616500195e0000,They gave 1 child enough and the other child nothing. See how kids resolve hunger.,16,1692
54ecc05863616500195e0000,See what happens when you lock 2 kids in a room and give 1 enough food for 2.,18,1666
54ecc05863616500195e0000,Watch these kids shut down a problem that grown ups have been trying to solve for centuries.,28,1647
54ecc07a326439000c700000,You are more likely to be roommates with these guys because you live here.,18,1603
54ecc07a326439000c700000,"America is 5% of the world population, but represent 25% of the prison population. This is how it happened.",20,1643
54ecc07a326439000c700000,"What's happening in our prison system is probably not what you're concerned about, but it should be",20,1633
54ecc07a326439000c700000,Things are happening behind closed doors and you might want to know about them.,22,1646
54eccc983264390018c80000,"One of these real spies is responsible for the deaths of 1,400 Nazis. She wish she had killed more.",16,1682
54eccc983264390018c80000,"One of these real spies is responsible for the deaths of 1,400 Nazis. She wish she had killed more.",18,1623
54eccc983264390018c80000,"One of these real spies is responsible for the deaths of 1,400 Nazis. She wish she had killed more.",19,1658
54eccc983264390018c80000,Three women defied sexist expectations to become some of the most important allies in WWII.,19,1563
54eccc983264390018c80000,"One of these real spies is responsible for the deaths of 1,400 Nazis. She wish she had killed more.",20,1615
54ece5453661380026120000,The kids aren't all right. 8 photographers share their takes on children in a whole new world.,23,1667
54ece5453661380026120000,The kids aren't all right. 8 photos show you a changing world.,38,1775
54ece5453661380026120000,Are the kids all right? 8 photos show you why maybe they're not.,51,1760
54ece5453661380026120000,The kids aren't all right. 8 photos show you why.,57,1766
54ecf249306531000c300000,Most people think they're just painting a picture on a wall. That's only the beginning.,4,1769
54ecf249306531000c300000,"How to make your neighborhood look amazing, starring kids on probation.",6,1787
54ecf249306531000c300000,No one would give these kids a chance. So they gave 'em a paintbrush instead.,6,1743
54ecf249306531000c300000,It's a beautiful day in the neighborhood thanks to these kids armed with art.,6,1653
54ecf249306531000c300000,It used to be just a brick wall. Here's what it looks like now. Amazing.,11,1685
54ecf249306531000c300000,"At the end, the camera zooms out and you see what these kids painted. Incredible.",15,1751
54ed35413661380019990000,"He wrote ""Everything Bad Is Good For You,"" so his thoughts on the internet are not surprising.",6,1778
54ed35413661380019990000,Stumped? Maybe it's time for some hunch sex.,6,1719
54ed35413661380019990000,"Stealing is not just the highest form of flattery, it's also how great ideas are made.",6,1656
54ed35413661380019990000,"Where do ideas come from? Replace that ""lightbulb moment"" with turtles cuddling.",9,1756
54ed39843065310026c60000,Bill Gates says that handing out money doesn't work.,6,1686
54ed39843065310026c60000,"He's been so very wrong before. What he's saying sounds crazy, but I hope he's right this time.",10,1740
54ed39843065310026c60000,Money can't buy happiness? Bill Gates respectfully disagrees.,13,1758
54ed39843065310026c60000,Bill Gates has a Utopian dream. Watch this guy grill him about it.,15,1712
54edbfa7333333000c020000,Money can't buy happiness? Bill Gates respectfully disagrees.,11,3058
54edbfa7333333000c020000,Money can't buy happiness? Bill Gates respectfully disagrees.,21,3030
54edbfa7333333000c020000,Bill Gates has a Utopian dream. Watch this guy grill him about it.,26,3031
54edbfa7333333000c020000,Bill Gates has a Utopian dream. Watch this guy grill him about it.,27,3027
54edd2e03333330019020000,"Turning oppression into opportunity for women worldwide? All right, I’m listening…",3,3641
54edd2e03333330019020000,"OK, playing a game online to help women all over the world is now a thing.",8,3607
54edd2e03333330019020000,"No biggie. They’re only trying to make the world better for women. The thing is, they are.",9,3618
54edd2e03333330019020000,How could you possibly help women everywhere all at once? Check it out.,10,3739
54edd2e03333330019020000,"If the way women are treated around the world keeps you up at night, you want to meet these people.",18,3678
54edd70b3065310019d20000,"If you're ready for our country to try a new way of doing business, you'll be so happy for the news.",8,3643
54edd70b3065310019d20000,"The nation just got some big news, and a lot of people are really, really happy.",10,3609
54edd70b3065310019d20000,Tired of the same old status quo? Obama's just took a step in the right direction.,11,3620
54edd70b3065310019d20000,He's got a superpower no one else can wield. And he just used it.,13,3750
54edd70b3065310019d20000,"I'm so tired of hearing people fight over a bunch of pipe, but Obama's latest move got my attention.",30,3655
54edebac333333000c3f0000,"I'm so tired of hearing people fight over a bunch of pipe, but Obama's latest move got my attention.",7,3605
54edebac333333000c3f0000,"I'm so tired of hearing people fight over a bunch of pipe, but Obama's latest move got my attention.",14,3724
54edebac333333000c3f0000,"I'm so tired of hearing people fight over a bunch of pipe, but Obama's latest move got my attention.",15,3689
54edebac333333000c3f0000,"Obama's come out swinging. If he'd acted like this before, where would we be?",15,3616
54edebac333333000c3f0000,"I'm so tired of hearing people fight over a bunch of pipe, but Obama's latest move got my attention.",17,3647
54eded953333330026250000,This is cool! Use your phone to help a blind person ‘see.’,6,3628
54eded953333330026250000,This is truly one of the most innovative ways to use technology to help people: Be My Eyes.,6,3567
54eded953333330026250000,What if you could help blind people see? You can.,7,3737
54eded953333330026250000,Be My Eyes: A new app that lets you help blind people see.,10,3728
54eded953333330026250000,"If you could lend your eyes to the blind for just a few minutes, would you?",11,3657
54eded953333330026250000,This is truly one of the most innovative ways to use technology to help people.,11,3612
54edf1683065310019fd0000,He says 16 words about sexual assault that might change everything you think.,13,3578
54edf1683065310019fd0000,One guy reaches out and grabs her arm. The other makes a split-second decision.,40,3674
54edf1683065310019fd0000,"I like to think I would do what this guy did when he grabs her, but I'm not sure, and that scares me",40,3655
54edf1683065310019fd0000,It's not until the camera zooms in on the guy in the background that you realize who's responsible.,41,3702
54edf60b33333300263f0000,What if you could help a blind person 'see' when they need it most?,5,3598
54edf60b33333300263f0000,What if you could help blind people see? You can.,6,3768
54edf60b33333300263f0000,"He’s in a subway station that’s loud and big, trying to get on the right train. He’s blind.",6,3671
54edf60b33333300263f0000,Blind folks can do many things that those of us with sight can. But we can help them do more.,9,3557
54edf60b33333300263f0000,Smartphones now can help a blind person 'see.' Not kidding.,11,3700
54edf8103333330019260000,"Obama has wielded this superpower only 3 times, and lots of people are pretty happy he just did.",9,3598
54edf8103333330019260000,"POTUS has a special superpower. He just used it, and that made a lot of people really happy.",13,3659
54edf8103333330019260000,The president has a superpower he uses only when he absolutely has to. He just had to.,20,3736
54edf8103333330019260000,"He's only used this superpower twice before, and I'm delighted he went for it a third time.",20,3699
54edfc11333333000c680000,The assumption that good people make about injustice that makes everything worse.,12,3721
54edfc11333333000c680000,An incredibly thoughtful and calm discussion about the Oscars and race,15,3628
54edfc11333333000c680000,"There's a right way to talk about race, and then there's a wrong way.",19,3686
54edfc11333333000c680000,"Say what you will about Sean Penn. OK, now listen to this guy talk about race.",34,3618
54edfc7e30653100191a0100,When my father-in-law talks about 'spending wisely' when working for peanuts ... He has no idea.,27,3534
54edfc7e30653100191a0100,What a paycheck for a McDonald's worker looks like in one sad image,47,3716
54edfc7e30653100191a0100,Here’s a paycheck for a McDonald’s worker. Here’s my jaw dropping to the floor.,60,3631
54edfc7e30653100191a0100,A picture of a McDonald's paycheck speaks volumes about working there,62,3658
54edfc7e30653100191a0100,Here’s a paycheck for a McDonald’s worker. I can't even.,66,3697
54ee127b306531000c190100,Obama doesn't wield this superpower very often. He just used it and lots of people are very happy.,14,3707
54ee127b306531000c190100,The president has a superpower he uses only when he absolutely has to. He just had to.,16,3639
54ee127b306531000c190100,"I'm so tired of hearing people fight over a bunch of pipe, but Obama's latest move got my attention.",18,3687
54ee127b306531000c190100,The president has a superpower he uses only when he absolutely has to. He just had to.,23,3619
54ee13bf3065310019520100,"After so much pain, he finally got the call he desperately wanted: His mom told him to come home.",11,3748
54ee13bf3065310019520100,She did the unthinkable as a parent: rejected her child. But then the truth dawned on her...,21,3550
54ee13bf3065310019520100,"He was a good kid, he was very smart, and he made his parents proud. And they still rejected him.",23,3726
54ee13bf3065310019520100,He finally stopped lying. But the truth was just too much for his mom.,24,3633
54ee13bf3065310019520100,"A young gay chinese man decided to set himself free, but in the long run, his family wanted him back",25,3661
54ee13bf3065310019520100,"A mom who loved her son rejected him when she learned he as gay. That’s not how it ends, though.",43,3656
54ee323d3037340024100000,Nearly 75% of our crops have vanished in the last 100 years. Where the heck did they go?,5,3710
54ee323d3037340024100000,"We need them like we need to breathe. And yet, they're almost all owned by these huge companies.",5,3671
54ee323d3037340024100000,"Humans have used these since the beginning of civilization. So of course, let's patent them!",11,3656
54ee323d3037340024100000,Better not share these with your neighbor — you could be sued. (And you wouldn't win.),11,3626
54ee323d3037340024100000,Life 100 years ago was surely harder than it is today. But not in 1 fascinating (and delicious) way.,19,3629
54ee323d3037340024100000,"100 years ago, people were eating things that most of us will never taste.",21,3638
54ee36a4303734000c110000,"The lab coat guy sounds pretty legit, but really? He's just scaring you into doing what he wants.",5,3648
54ee36a4303734000c110000,"We had to double-check these facts about your food. Unfortunately, they're right.",7,3634
54ee36a4303734000c110000,"Ever hear that 'modern farming' is the only way to feed the world? Yeah, about that ...",9,3684
54ee36a4303734000c110000,"Throw a lab coat on and people will believe anything you say, right? Well, not after our fact check.",9,3655
54ee36a4303734000c110000,"There are people pretending to be scientists on TV, and their 'facts' could be harming our health.",17,3675
54ee5c8030373400186a0000,"Their name is Jacob, and here is their story.",26,3653
54ee5c8030373400186a0000,"One day, Jacob strutted down a McDonald's parking lot in high heels.",34,3667
54ee5c8030373400186a0000,"One day, Jacob strutted down a McDonald's parking lot in high heels.",34,3578
54ee5c8030373400186a0000,"Their name is Jacob, and here is their story. Yes, *theirs*.",37,3784
54ee5f796337350026020000,"There's a lot to be happy about. For example, polar bears.",0,3606
54ee5f796337350026020000,Everything we did RIGHT last year to save the environment,2,3658
54ee5f796337350026020000,"We're so used to the ""Everything is melting!"" environment story. Here's some ""We can do it.""",4,3704
54ee5f796337350026020000,Feeling down from crappy news? Here's a quick pick-me-up.,13,3660
54ee76c46533380019070000,Meet the 10-year-old who's turning her lemonade stand into a multi-million-dollar business.,5,1547
54ee76c46533380019070000,"The world showed her lemons, and she made lemonade. Why? For the 'sweet taste of freedom.'",8,1487
54ee76c46533380019070000,"I don't like sweets, but after seeing her story, I could go for a bottle of lemonade.",11,1515
54ee76c46533380019070000,See how a magazine photo drove a 10-year-old to build something bigger than she ever imagined.,11,1513
54ee76c46533380019070000,Seeing that photo transformed how she saw the world. How she responded? Pure greatness.,15,1530
54ee76c46533380019070000,How many of us can say a photograph changed our lives? She's can. And she's only 10.,22,1569
54eeb2e9656333000c1e0000,One guy reaches out and grabs her arm. The other makes a split-second decision.,58,3644
54eeb2e9656333000c1e0000,One guy reaches and grabs her arm. The other makes a split-second decision that changes everything.,86,3590
54eeb2e9656333000c1e0000,One guy reaches out and grabs her arm. The other makes a split-second decision.,90,3700
54eeb73f656333001c3b0000,"One kid tells him he's 'too skinny to be Captain America.' And yet, he is Captain America.",8,1474
54eeb73f656333001c3b0000,A Sikh guy hits the streets dressed as Captain America. It's funny to see how people react.,9,1476
54eeb73f656333001c3b0000,"If he wasn't wearing a Captain America costume, where would *you* guess he was from?",10,1625
54eeb73f656333001c3b0000,Most of them couldn't tell where he was from. I guess the costume wasn't a dead giveaway.,12,1533
54eeb73f656333001c3b0000,"He walks through New York City dressed as Captain America. For some reason, it confuses people.",13,1538
54eeb73f656333001c3b0000,Name one good reason this guy can't dress up as Captain America if he wants to.,14,1516
54eeb73f656333001c3b0000,"He wanted to challenge what people saw when they looked at him. Clearly, his getup did the trick.",15,1542
54ef2b6f656333001c530000,What if you could help blind people see? You can.,7,3596
54ef2b6f656333001c530000,Smartphones now can help a blind person 'see.' Not kidding.,11,3630
54ef2b6f656333001c530000,"I've seen some brilliant apps, but this one to help people 'see'? Just wow.",16,3697
54ef2b6f656333001c530000,"It's like that flashlight app on your phone, but for blind people.",19,3703
54ef2b6f656333001c530000,What if blind people could see through your eyes? They can.,19,3581
54ef31e6656333001c550000,Nothing is lost in translation here.  Denying girls an education is wrong in every language.,3,1480
54ef31e6656333001c550000,A Columbian politician explains the connection between education and human dignity. It's perfect.,8,1508
54ef31e6656333001c550000,The number of child brides can be reduced dramatically if we offer every girl this one thing.,9,1598
54ef31e6656333001c550000,In 90 seconds this politician shuts down any debate over girls rights to an education.,16,1548
54ef3c4465333800195f0000,Musicians have higher levels of “executive function?” What?! I almost dropped my ukelele.,8,1477
54ef3c4465333800195f0000,"New machines show that when you listen to music, your brain sparkles like it's 4th of July.",9,1509
54ef3c4465333800195f0000,What your brain does when you listen to music is amazing. If you play music? Fireworks.,15,1557
54ef3c4465333800195f0000,Here’s why scientists believe learning to play music works a brain like nothing else. P.S. Yipes.,16,1479
54ef3c4465333800195f0000,"New studies of musicians are revealing amazing things about brains. Even, um, normal ones.",22,1580
54ef3d4d656333000c550000,Are women the only ones who suffer when laws restrict their own family planning? Not by a long shot.,5,1539
54ef3d4d656333000c550000,They took away affordable birth control. They took away the right to choose. See what happened.,8,1496
54ef3d4d656333000c550000,You likely were born in a country that's not as strict as hers. Here's why you should protect that.,9,1572
54ef3d4d656333000c550000,"Instead of being treated as people with goals and options, they are treated as birth vessels. Why?",15,1499
54ef3d4d656333000c550000,"They absolutely pinned women to the wall with these laws, but it's hurting their entire families.",16,1556
54ef3d4d656333000c550000,See what happened in a country that didn't put extreme anti-choice lawmakers in check. It's scary.,17,1483
54ef3f57653338000c590000,Here’s a paycheck for a McDonald’s worker. Here’s my jaw dropping to the floor.,56,3656
54ef3f57653338000c590000,Here’s a paycheck for working at McDonald’s. Here’s my jaw dropping to the floor.,59,3598
54ef3f57653338000c590000,Here’s a paycheck for a McDonald’s worker. My jaw is on the floor.,66,3666
54ef3f57653338000c590000,Here’s a paycheck for a McDonald’s worker. And here's my jaw dropping to the floor.,77,3624
54ef3f57653338000c590000,Here’s a McDonald's paycheck for 1 year. And here’s my jaw dropping to the floor.,81,3727
54ef3f57653338000c590000,"Here’s a McDonald’s employee paycheck, and here’s my jaw dropping to the floor.",81,3592
54ef42cc65333800267a0000,What if you could help blind people see? You can.,1,1540
54ef42cc65333800267a0000,What if you could help blind people see? You can.,5,1475
54ef42cc65333800267a0000,What if you could help blind people see? You can.,7,1576
54ef42cc65333800267a0000,What if you could help blind people see? You can.,9,1570
54ef42cc65333800267a0000,"It's like that flashlight app on your phone, but for blind people.",10,1472
54ef5d316533380026d20000,A terrible thing happened to this 20-year-old woman. They're trying to let the whole world to know.,15,1513
54ef5d316533380026d20000,A terrible thing happened to this 20-year-old woman. They're trying to let the whole world to know.,17,1520
54ef5d316533380026d20000,A terrible thing happened to this 20-year-old woman. Their wearing skirts to tell the world.,22,1540
54ef5d316533380026d20000,A terrible thing happened to this 20-year-old woman. They're trying to let the whole world to know.,22,1532
54ef771e32636500190e0000,It's okay to pat ourselves on the back. Especially when we accomplished everything in this video.,4,1520
54ef771e32636500190e0000,Greenpeace would like to thank you and us. You heard that right!,5,1617
54ef771e32636500190e0000,A million of us have helped save Earth in 2014. Here's our reward.,6,1519
54ef771e32636500190e0000,"This video wants to thank you, me, and all of us for saving Earth.",6,1460
54ef83fb6233300019010000,A feminist comedian performs burlesque for equality. (Hint: not your average striptease).,9,1484
54ef83fb6233300019010000,Watch a feminist comedian perform burlesque for equality.,16,1540
54ef83fb6233300019010000,Watch a feminist comedian perform the most equality-driven burlesque I've ever seen.,21,1481
54ef83fb6233300019010000,Watch a feminist comedian perform the most equality-driven striptease I've ever seen.,27,1595
54ef870b6233300026090000,Doing something you give a rat’s @#$ about every day is no fun. But how do know what you WANT to do?,6,1442
54ef870b6233300026090000,You could put off figuring out what to do with your life forever. Here’s how you don’t have to.,8,1605
54ef870b6233300026090000,"Some people lovelovelove their jobs. If you don’t, this is for you.",9,1540
54ef870b6233300026090000,Genius. How to figure out what you really should do for a living.,15,1521
54ef870b6233300026090000,"If you’re trying to find a career you'd actually enjoy, boy, is this for you.",19,1529
54ef92546233300026350000,It kills men and women of all ages. But insurance companies don't want to help at all.,8,1505
54ef92546233300026350000,"She had an eating disorder. Doctors could help, but guess who wouldn't help her pay for it?",9,1461
54ef92546233300026350000,Telling them to 'just eat' would be like telling a wheelchair-bound person to 'just walk'.,11,1504
54ef92546233300026350000,She was sick. Her insurance company knew she would probably die. But they didn't help her at all.,14,1590
54ef92546233300026350000,"20 seconds in, she knew what could have led to her getting better, but it wasn't so easy for her.",15,1558
54ef92546233300026350000,23 people a day die from this illness. But insurance companies don't really care.,18,1537
54ef995d6438300026470000,In 90 seconds one politician shuts down any debate over girls rights to an education.,3,1515
54ef995d6438300026470000,How fast can you shut down the debate over girls rights to an education? He does it in 90 seconds.,6,1557
54ef995d6438300026470000,"A masterclass in shutting down the debate over girls rights to an education, in under 90 seconds.",9,1522
54ef995d6438300026470000,Watch how fast one politician slams the door on any debate over girls rights to an education.,10,1503
54ef9d3d64383000195c0000,"OK, if you're a parent, I gotta say ""wow!"" Your job looks really hard.",10,1557
54ef9d3d64383000195c0000,"I thought I wanted to have kids, but I don't know ... it looks really, really hard.",11,1487
54ef9d3d64383000195c0000,"I'm not saying having kids doesn't look fun, but ... maybe I I'll hold off for awhile.",14,1497
54ef9d3d64383000195c0000,"I thought I wanted to have kids, but after seeing this ... eh, I don't know.",28,1578
54efa804643830000c640000,So maybe being a parent isn't all giggles and fun. It looks impossible.,7,1605
54efa804643830000c640000,The best form of birth-control? Spending 30 seconds on this.,14,1546
54efa804643830000c640000,"I thought I wanted to have kids, but after seeing this ... eh, I don't know.",18,1557
54efa804643830000c640000,"I thought I wanted a baby someday, but after watching this ... yikes.",31,1529
54f06b673332390019420000,"It's like a GPS, a magnifying glass, and a flashlight. For the blind.",5,1457
54f06b673332390019420000,"It's like that flashlight app on your phone, but for blind people.",8,1531
54f06b673332390019420000,Got a smartphone? This app will help make a difference for the blind.,10,1490
54f06b673332390019420000,This is a game-changer for the blind. And you (and your smartphone!) can help.,12,1622
54f0818b333239000c4f0000,Insurance companies refuse to help people with eating disorders. This survivor thinks they should.,4,3089
54f0818b333239000c4f0000,Should insurance companies help people with eating disorders? This survivor thinks they should.,11,2996
54f0818b333239000c4f0000,23 people a day die from eating disorders. But insurance companies don't seem to care at all.,14,3037
54f0818b333239000c4f0000,"You'll hear the thumping drum, but when she's done talking, your heart might be doing the same.",16,3093
54f0818b333239000c4f0000,23 people a day die from this illness. But insurance companies don't really care.,22,3046
54f0818b333239000c4f0000,"She says 9 sentences in the beginning, and that's all that it took to convince me.",33,3020
54f093e933323900197f0000,Fast forward through her life for the awful ending. Then do it again to see the potential.,23,1598
54f093e933323900197f0000,Fast forward through her life for the awful ending. Then do it again to see something amazing.,29,1522
54f093e933323900197f0000,Fast forward through her life for the awful ending. Then do it again to see something amazing.,41,1509
54f093e933323900197f0000,Fast forward through her life for the awful ending. Then do it again to see the potential.,57,1505
54f09c32626339001d670000,"#26 and #28 created it. #32 expanded it. For a century, it grew. Now #44 is giving it away to kids.",33,4951
54f09c32626339001d670000,Most powerful man on earth gives a gift to 250K 10-year-olds,47,5193
54f09dee62633907b4830000,Fast forward through her life for the awful ending. Then do it again to see the potential.,38,1554
54f09dee62633907b4830000,Fast forward through her life for the awful ending. Then do it again to see something amazing.,45,1522
54f0b69362633907b8920000,"A dad writes a problematic letter to his unborn daughter, then fixes it",18,3045
54f0b69362633907b8920000,"A dad writes a problematic letter to his unborn daughter, then fixes it",19,3092
54f0b69362633907b8920000,"A dad writes a problematic letter to his unborn daughter, then fixes it",22,3130
54f0b69362633907b8920000,"A dad writes a problematic letter to his unborn daughter, then fixes it.",24,2919
54f0b69362633907b8920000,"A dad writes a problematic letter to his unborn daughter, then fixes it",25,3021
54f0b69362633907b8920000,"A dad writes a problematic letter to his unborn daughter, then fixes it",26,3092
54f0b69362633907b8920000,"A dad writes a problematic letter to his unborn daughter, then fixes it",27,2928
54f0c00262633907b89e0000,President Obama has a gift for a quarter million 10-year-olds.,6,1516
54f0c00262633907b89e0000,Most powerful man on earth gives a gift to 250K 10-year-olds,9,1532
54f0c00262633907b89e0000,A Republican created it. A Democrat made it bigger. Obama is giving it away.,14,1537
54f0c00262633907b89e0000,"Got a 3rd grader? Guess what you're doing next year, thanks to President Obama.",23,1520
54f0dd41626339001db20000,Real doctors sound off on the vaccine debate on late night TV. It's golden.,24,3033
54f0dd41626339001db20000,Jimmy Kimmel gets a bunch of doctors together and they all sound so annoyed,27,3051
54f0dd41626339001db20000,Anti-vaxxers have these doctors talking. And cussing. It's sorta funny.,30,3048
54f0dd41626339001db20000,These doctors get asked about vaccinating your kids. Their responses couldn't be clearer.,33,3056
54f0dd41626339001db20000,Real doctors show us just how fed up they are on Jimmy Kimmel's late night show,41,3055
54f0e43c3036640026440000,Why do so many colleges not help rape victims? The reason: Money.,20,2995
54f0e43c3036640026440000,The exposé on college sexual assault you should probably see,28,2967
54f0e43c3036640026440000,What would you do if your rapist was let back on campus?,30,3105
54f0e43c3036640026440000,"Colleges want to protect their brand so much, they ignore rape victims.",32,3091
54f0e43c3036640026440000,A startling look at why colleges sweep rape under the rug,36,3007
54f0e43c3036640026440000,"Being a rape victim is hard. Being pushed under the bus by your college is pretty hard, too.",42,3088
54f0e43c3036640026440000,Some of these college women were raped before classes even started,47,2959
54f0ffc63036640026630000,This Philadelphia pizza parlor found a scrumdiddlyumptious way to show its 'brotherly love.',8,3045
54f0ffc63036640026630000,Now here's one way I'd be more than happy to 'pay it forward.' Why? Because pizza. That's why.,10,3004
54f0ffc63036640026630000,"I thought pizza was already the perfect sharing food, but this little shop took it to another level.",11,3030
54f0ffc63036640026630000,"As a pizza lover *and* people lover, you can imagine how excited I was to learn about this place.",12,2975
54f0ffc63036640026630000,What's better than a slice of freshly-baked pizza for only $1? This shop figured it out.,18,3040
54f0ffc63036640026630000,People visit this pizza spot every day without enough money for a slice. See how they deal with 'em.,36,3134
54f102da3935640019020000,How not to talk to your daughter. And then how to talk to her.,36,2998
54f102da3935640019020000,A dad realizes the wrong way to talk to his daughter mid-sentence. Then redeems himself.,38,3097
54f102da3935640019020000,A dad explains how to talk to your daughter poorly. And then how to do it right.,39,3103
54f102da3935640019020000,"All the embarrassing things a dad can say to his daughter, corrected.",45,2995
54f1d6c3393564000c3e0000,It's time we talk about the way 'men being men' makes it harder for a woman ... to be.,24,2931
54f1d6c3393564000c3e0000,A writer has had enough of when men touch women without asking. It's totally unwelcome.,34,3083
54f1d6c3393564000c3e0000,Saying 'Stop overreacting. It's just a compliment.' is a bad way to handle this invasion of space.,35,3021
54f1d6c3393564000c3e0000,It's time we talk about a way 'men being men' makes it harder for a woman to be a woman.,37,3046
54f1d6c3393564000c3e0000,"Why do John Travolta, Joe Biden, and other men think it's okay to touch women without asking?",41,3030
54f1d6c3393564000c3e0000,A writer has had enough of when men do this totally unwelcome and offensive thing.,55,3070
54f1d6c3393564000c3e0000,"John Travolta, Joe Biden, and why men touch women's bodies without asking",59,3063
54f2149e393564000c510000,"Here’s why scientists think playing music works a brain like nothing else. Oh, and also, yipes!",13,2973
54f2149e393564000c510000,Science just realized that playing music gives a brain a full-on workout like nothing else does.,15,3135
54f2149e393564000c510000,Yipes! So that’s why scientists think playing music works out a brain like nothing else does.,16,2979
54f2149e393564000c510000,Here’s why scientists believe learning to play music works a brain like nothing else. P.S. Yipes.,18,3099
54f2149e393564000c510000,Here’s why playing music does things to a brain that nothing else does. Spoiler alert: Yipes!,20,3032
54f2519e3935640019500000,Ever wonder why musicians are so intense? They throw parties in their brains.,9,3084
54f2519e3935640019500000,"I’m a musician, and according to this I should be a lot smarter than I am. Hm.",10,3069
54f2519e3935640019500000,"""Fireworks"" isn't just a song. It's what scientists are seeing in musician brain scans.",11,3011
54f2519e3935640019500000,"Here’s how to give your brain a full-body workout. And a 1, and a 2, and a 3…",11,2962
54f2519e3935640019500000,Here’s why playing music does things to a brain that nothing else does. Spoiler alert: Yipes!,21,3030
54f2933763666400191b0000,Here’s why scientists believe learning to play music works a brain like nothing else. P.S. Yipes.,12,3015
54f2933763666400191b0000,Here’s why scientists believe learning to play music works a brain like nothing else. P.S. Yipes.,19,3036
54f2933763666400191b0000,Here’s why scientists believe learning to play music works a brain like nothing else. P.S. Yipes.,21,2988
54f2933763666400191b0000,Here’s why scientists believe learning to play music works a brain like nothing else. P.S. Yipes.,30,3097
54f2933763666400191b0000,Here’s why playing music does things to a brain that nothing else does. Spoiler alert: Yipes!,30,3034
54f2a7723938360026110000,Here’s why scientists believe music works a brain like nothing else. P.S. Yipes.,12,2999
54f2a7723938360026110000,Here’s why scientists believe music works a brain like nothing else. P.S. Yipes.,13,3070
54f2a7723938360026110000,Here’s why scientists believe learning to play music works a brain like nothing else. P.S. Yipes.,15,3011
54f2a7723938360026110000,Here’s why scientists believe music works a brain like nothing else. P.S. Yipes.,25,3024
54f36ac739383600191f0000,A solid reality check about your place in the world.,8,3042
54f36ac739383600191f0000,"""People think that if they can't tackle all of the world problems ... there's no purpose."" NOT TRUE!",8,3020
54f36ac739383600191f0000,Think you're not capable of changing the world? Maybe you should watch this.,10,3089
54f36ac739383600191f0000,Listen to this 2-minute reality check about what you have to offer.,14,3098
54f3c6e332656100260f0000,John Travolta and Joe Biden have touched women publicly without their permission. Why do men do it?,27,3029
54f3c6e332656100260f0000,"John Travolta, Joe Biden, and why men touch women's bodies without asking",51,2915
54f3c6e332656100260f0000,"John Travolta, Joe Biden, and why men touch women's bodies without asking.",60,3066
54f3c6e332656100260f0000,"Read about John Travolta, Joe Biden, and why men touch women's bodies without asking.",62,3098
54f3c6e332656100260f0000,Why men touch women's bodies without asking — men like Joe Biden and John Travolta.,67,3107
54f3c6e332656100260f0000,A writer has had enough of when men do this totally unwelcome and offensive thing.,77,3039
54f3d42b3265610026320000,"This just in: The police have a hard job - and very, very vague rules.",7,3096
54f3d42b3265610026320000,When it's ok for the police to use deadly force,11,3083
54f3d42b3265610026320000,"Ever wondered when it's ""ok"" for a cop to shoot and kill someone? Here's the answer.",27,3103
54f3d42b3265610026320000,No wonder it's so hard to prosecute a cop. Here are the vague rules everyone is using.,28,3007
54f3d42b3265610026320000,I wanted to know how and when cops decide to kill someone. Now I understand...kind of.,31,2988
54f3e5033265610019440000,The must-see video burning up the Internet in China right now might help millions breathe easier,20,3128
54f3e5033265610019440000,The must-see video burning up the Internet in China right now might help millions breathe easier,19,2972
54f3e5033265610019440000,The must-see video burning up the Internet in China right now might help millions breathe easier,37,3034
54f3e5033265610019440000,The must-see video burning up the Internet in China right now might help millions breathe easier,38,3001
54f3e5033265610019440000,The must-see video that's burning up the Internet in China right now might help millions breathe easier,40,3077
54f3e5033265610019440000,The must-see video burning up the Internet in China right now might help millions breathe easier,41,3008
54f3e5033265610019440000,The must-see video burning up the Internet in China right now might help millions breathe easier,41,3002
54f3f20132656100194e0000,The game-changing documentary that's rocking China right now started with her unborn baby's tumor.,15,3003
54f3f20132656100194e0000,The must-see video burning up the Internet in China right now might help millions breathe easier,33,3008
54f3f20132656100194e0000,The must-see video burning up the Internet in China right now might help millions breathe easier,36,3011
54f3f20132656100194e0000,The must-see video burning up the Internet in China right now might help millions breathe easier,39,3009
54f3f20132656100194e0000,The must-see video burning up the Internet in China right now might help millions breathe easier,42,2997
54f3f20132656100194e0000,The must-see video burning up the Internet in China right now might help millions breathe easier,44,3079
54f3f20132656100194e0000,The must-see video burning up the Internet in China right now might help millions breathe easier,50,3088
54f3f20132656100194e0000,The must-see video burning up the Internet in China right now might help millions breathe easier,52,3023
54f3f76635396200263b0000,Why do men touch women's bodies without asking — men like Joe Biden and John Travolta?,37,3090
54f3f76635396200263b0000,Why men touch women's bodies without asking — men like Joe Biden and John Travolta.,57,3017
54f3f76635396200263b0000,Why men touch women's bodies without asking — men like Joe Biden and John Travolta.,57,3002
54f3f76635396200263b0000,Why men touch women's bodies without asking — men like Joe Biden and John Travolta.,69,3031
54f3f76635396200263b0000,Why men touch women's bodies without asking — men like Joe Biden and John Travolta.,76,3088
54f4547e32656100266c0000,What if the ability to see could be crowd-sourced?,10,3025
54f4547e32656100266c0000,Talk about seeing the world through somebody else's eyes. Wow.,17,3151
54f4547e32656100266c0000,Someone who has a camera in their phone could use a helping eye. Or two.,19,3003
54f4547e32656100266c0000,"Oh, you need to borrow my eyes? Sure! Just a second ...'",20,3039
54f4547e32656100266c0000,"When phones can act like eyes, have we reached a new level of amazing?",22,2974
54f4677b3539620019840000,"There are 70,000 bridges in America that are 'structurally deficient.' Some really big ones too.",33,2973
54f4677b3539620019840000,"John Oliver shows enough scary footage, and now I'm never driving over another bridge.",53,3150
54f4677b3539620019840000,Oh look. John Oliver takes yet another boring topic and makes it grade-A hilarious.,53,3043
54f4677b3539620019840000,John Oliver makes a hilarious movie trailer where a bunch of celebrities do basically nothing.,58,3057
54f4677b3539620019840000,John Oliver points out a terrifying thing about this seemingly normal photo of a bridge.,150,2990
54f48d43353962000c7c0000,She made a 2-hour documentary about an important issue. These 3 images drive the point home.,20,3018
54f48d43353962000c7c0000,A kind-of-devastating point about the future of the Earth summed up in 3 images.,43,3025
54f48d43353962000c7c0000,The little girl is probably 3 years old. She's *never* seen the clouds.,59,3104
54f48d43353962000c7c0000,She asks the little girl 3 questions about her life. Her answers are pretty devastating.,81,3077
54f48da43539620019ad0000,Some demand that women who've had abortions show remorse. But what about when they don't regret it?,19,3168
54f48da43539620019ad0000,She was surprised to find herself one of 'those girls.' But she never regretted her decision.,18,2978
54f48da43539620019ad0000,This is what it's like to have an abortion and never regret it.,35,3083
54f48da43539620019ad0000,Her parents taught her that she and her brother were equal. So she hasn't regretted her abortion.,35,2977
54f48da43539620019ad0000,She didn't want to continue the pregnancy. Ending it allowed her to change paths.,37,3016
54f48da43539620019ad0000,"When she decided to have an abortion, her mother didn't stop her. The reason why makes sense.",52,3062
54f49dc83539620019e80000,She asks the little girl 3 questions about her life. Her answers are pretty devastating.,49,3008
54f49dc83539620019e80000,She asked a little girl 3 questions about her life. Her answers were pretty devastating.,50,3048
54f49dc83539620019e80000,She asked a little girl 3 questions about her life. Her answers were pretty devastating.,56,3040
54f49dc83539620019e80000,She asks the little girl 3 questions about her life. Her answers are pretty devastating.,77,3143
54f4caa7326561000c100100,"When climate change came up over dinner, things went sideways fast.",13,3095
54f4caa7326561000c100100,One final faceplant for a climate change scientist.,17,3013
54f4caa7326561000c100100,Tiny amounts of some things are just too much. Like CO2.,18,3093
54f4caa7326561000c100100,A scientist explains one last time why CO2 levels matter.,18,3028
54f4caa7326561000c100100,Can a little bit more CO2 really do that much damage?,20,3013
54f4dc923066360019060000,Why the creator of this almost-censored Chinese video can't breathe easy just yet.,38,3076
54f4dc923066360019060000,Most videos like this get censored. That didn't happen with this video on China's pollution problem.,41,2977
54f4dc923066360019060000,Why the creator of this must-see viral video from China can't breathe easy just yet.,52,2984
54f4dc923066360019060000,"This video isn't censored, but the creator can't breathe easy yet. No one can.",53,3028
54f4dc923066360019060000,"This video slipped past Chinese censors, but the creator can't breathe easy just yet. No one can.",60,3112
54f4dc923066360019060000,"Everyone waited for it to be taken down. 150 million views later, it's still up. Watch it here.",93,3086
54f4e3ed663432000c1c0000,How São Paulo will collapse if it won't act on this water problem soon,5,3116
54f4e3ed663432000c1c0000,Her life hangs in the balance because of São Paulo's huge problem with water.,10,3080
54f4e3ed663432000c1c0000,Imagine going a few days with little water. Or with no water all. That's what's happening here.,12,3006
54f4e3ed663432000c1c0000,Half of São Paulo relies on a reservoir. I could barely believe it when I saw it.,16,3084
54f4e3ed663432000c1c0000,She's been without water in her house for 3 months. That's no way for anyone to live.,17,2966
54f4e3ed663432000c1c0000,São Paulo sounds like a city of dreams. Until I saw the reservoir.,18,2985
54f4e40266343200262d0000,Many of us can just turn on the tap and fill our glass. She can't.,11,3059
54f4e40266343200262d0000,It took me 2 minutes to step into her shoes. Her reality is hours.,12,3069
54f4e40266343200262d0000,Imagine pushing 100 pounds several miles every day — for water.,12,2919
54f4e40266343200262d0000,Gertrude Mamba is strong. But I wish she didn't have to push this barrel every day.,14,3116
54f4e40266343200262d0000,"Every day, she pushes a barrel weighing hundreds of pounds. Because she has to.",16,3018
54f4e40266343200262d0000,"She is Gertrude from Ndola, Zambia. Here's how she gets water.",19,3081
54f4e413306636000c280000,The town of Matagalpa didn't have clean water. One of their own decided to change that.,4,3156
54f4e413306636000c280000,They fix wells. They know it will take more to solve the problem. But they fix things any way.,5,2994
54f4e413306636000c280000,"70,000 broken wells. Here's how one guy's trying to fix them.",5,2974
54f4e413306636000c280000,"They're trying to fix 70,000 broken wells. The problem is bigger than just that, though. Way bigger.",7,3093
54f4e413306636000c280000,"They relied on dirty water. After Rafael and friends got to work, things got way better.",7,2998
54f4e413306636000c280000,"Each survives on $3 a day, average. On top of that, their water? There's a huge problem.",8,3017
54f4ebd23066360019290000,"What's happening with our prisons is probably not what you're concerned about, but it should be",15,2976
54f4ebd23066360019290000,"What's happening with our prisons is probably not what you're concerned about, but it should be",17,2986
54f4ebd23066360019290000,"What's happening with our prisons is probably not what you're concerned about, but it should be",21,3024
54f4ebd23066360019290000,"What's happening with our prisons is probably not what you're concerned about, but it should be",23,3054
54f4ebd23066360019290000,"What's happening with our prisons is probably not what you're concerned about, but it should be",23,3035
54f4ebd23066360019290000,"What's happening with our prisons is probably not what you're concerned about, but it should be",23,3031
54f4ebd23066360019290000,"What's happening with our prisons is probably not what you're concerned about, but it should be",27,3107
54f4ebd23066360019290000,"What's happening in our prison system is probably not what you're concerned about, but it should be",38,3090
54f4f6ef66343200265f0000,Skeptics have all kinds of reasons why climate change is no biggie. Check another one off the list.,9,2985
54f4f6ef66343200265f0000,People can argue with the science all they want. A small increase in carbon dioxide IS a big deal.,15,3120
54f4f6ef66343200265f0000,"Climate skeptic excuse Number 1 million, meet science. 999,999 to go.",16,3045
54f4f6ef66343200265f0000,A climate scientist debunks a skeptic’s theory in the worst possible way. Or maybe the best.,26,3058
54f4f6ef66343200265f0000,Here’s what might happen when a climate-change skeptic invites a scientist over for dinner.,30,3006
54f501426634320019500000,"What's happening with our prisons is probably not what you're concerned about, but it should be",13,3058
54f501426634320019500000,What's happening in prisons is staying in prisons. At least that's the hopes of some companies.,18,3147
54f501426634320019500000,"What's happening with our prisons is probably not what you're concerned about, but it should be",35,2965
54f501426634320019500000,"What's happening with our prisons is probably not what you're concerned about, but it should be",37,3046
54f525e7323561000c2a0000,23 people a day die from this illness. But insurance companies don't really care.,25,3043
54f525e7323561000c2a0000,23 people a day die from this illness. But insurance companies don't really care.,26,3019
54f525e7323561000c2a0000,"She says 9 sentences in the beginning, and that's all that it took to convince me.",28,3092
54f528193235610019300000,Here's what it looks like when someone quits their Wall Street job to do something truly worthwhile.,15,3059
54f528193235610019300000,He got tired of working on Wall Street and ended up doing something so ... not Wall Street.,15,3048
54f528193235610019300000,It’s generous. It’s genius. And it’s (almost) completely covered in cheese.,19,3057
54f528193235610019300000,"It started with a single post-it note stuck to a wall. Now, it’s over 10,000.",23,3041
54f528193235610019300000,"When he stuck that Post-it note to the wall, he had no clue it would turn into a national sensation.",33,3047
54f528193235610019300000,A customer walked into his pizza shop and changed Philadelphia with $1 and a single Post-it note.,42,2996
54f528193235610019300000,How should a restaurant deal with homeless people looking for a bite? This works.,43,3016
54f5dcc732356100265c0000,A small percentage of CO2 in the air is as deadly as a little arsenic in wine. Apparently.,17,3031
54f5dcc732356100265c0000,"If everything about climate change was explained this clearly, there’d be no disagreement.",23,3052
54f5dcc732356100265c0000,He just debunked his smug friend’s climate change myth. Now he’s done.,23,2931
54f5dcc732356100265c0000,His smug friend thought he could disprove climate change. His response was decisive.,27,3033
54f5dcc732356100265c0000,This is how you win an argument about climate change.,32,3154
54f5ef0c6634320026c80000,Sharks are pretty nice to us considering how many we kill every day. Here's how it's going down.,7,3040
54f5ef0c6634320026c80000,"There's a good chance he or she will die. Sadly, there may be no turning back.",20,3085
54f5ef0c6634320026c80000,They have ruled the ocean for 400 million years. We're about to put a stop to that.,20,3037
54f5ef0c6634320026c80000,They survived 4 mass extinctions and we may rid the ocean of them in 1 lifetime,22,3037
54f5ef0c6634320026c80000,One of the most beautifully shot videos I've ever seen that makes be feel ugly to be a human,43,3040
54f5f33c6634320019b20000,Can a little bit more CO2 really do that much damage?,9,3068
54f5f33c6634320019b20000,Can a little bit more CO2 really do that much damage?,10,3013
54f5f33c6634320019b20000,Can a little bit more CO2 really do that much damage?,12,3006
54f5f33c6634320019b20000,Can a little bit more CO2 really do that much damage?,14,3114
54f5f33c6634320019b20000,This is how you win an argument about climate change.,21,3028
54f5f9b93235610026cf0000,"What if you could help the homeless by electronically funding the purchase of shoes, clothes, etc.?",10,3026
54f5f9b93235610026cf0000,There’s a human face to homeless people. Here’s a great way to see it.,13,3138
54f5f9b93235610026cf0000,What if you could be sure that the dollars you give to a homeless person actually HELP that person?,15,3066
54f5f9b93235610026cf0000,How can you be sure that the cash you give to homeless people actually ends up helping?,21,3028
54f5f9b93235610026cf0000,Are you someone who won't give money to the homeless because you don’t know how they’re spending it?,26,3028
54f5f9b93235610026cf0000,"If you’re like me, homeless people asking for money just doesn’t work. Here’s a much better idea.",36,2999
54f6038c3235610019e70000,"If I gave $1 to every homeless person who asks, I'd be broke. Here's an alternative.",31,3018
54f6038c3235610019e70000,"If you’re like me, homeless people asking for money just doesn’t work. Here’s a much better idea.",33,3106
54f6038c3235610019e70000,"When homeless people ask for money, it's just too much for me. Here’s a much better idea.",39,3022
54f6038c3235610019e70000,"If you’re like me, when homeless people ask for money, I just can't. Here’s a much better idea.",51,3045
54f60f253235610026110100,His mom died. His dad was into danger. At 15 he had to escape.,14,2944
54f60f253235610026110100,"You don’t see his face for the entire video, but you don’t need it to feel his pain.",15,3043
54f60f253235610026110100,"His reality was so uncomfortable to watch, I had to remind myself that it was a reenactment.",15,2996
54f60f253235610026110100,"At 15 he went to Ireland for a better life, but how he had to live scares me.",36,3042
54f60f253235610026110100,One day his friends disappeared. They weren't found but their clothes were still there.,42,3110
54f60f253235610026110100,Hundreds of kids arrive in Ireland and go missing. Somehow he was spared.,50,3100
54f621706634320026780100,This is one way to win an argument about climate change.,19,3005
54f621706634320026780100,"After he made his final point about climate change, there was no more arguing.",20,3068
54f621706634320026780100,This is maybe the worst way to win an argument about climate change.,21,3077
54f621706634320026780100,This is called ‘winning the argument and losing the war.’,27,3038
54f621706634320026780100,This is how you win an argument about climate change.,32,3037
54f627d43235610026600100,Take a look at the heavy barrels these women push just to survive.,3,2484
54f627d43235610026600100,Could you push a 10-pound barrel every day in order to survive?,6,2603
54f627d43235610026600100,"Before she can take a sip of water, here's the long journey she takes.",6,2469
54f627d43235610026600100,"By the time she rolls back that 100-pound barrel, I'm wincing.",8,2606
54f627d43235610026600100,Take 2 minutes to see what women do for HOURS to get water.,12,2503
54f627d43235610026600100,Her name is Gertrude Mamba. Here's what it takes her to get water.,13,2533
54f63a3632356100268f0100,More kids went to school. People got healthier. What did it take? Fixing a couple of wells.,3,2454
54f63a3632356100268f0100,Journeys of 1000 miles begin with a step. His starts with a well.,6,2535
54f63a3632356100268f0100,It's amazing what fixing a well could do. Just hear him explain.,8,2565
54f63a3632356100268f0100,"He knows he can't fix 70,000 broken wells, even with help. Still, he's going to try.",8,2553
54f63a3632356100268f0100,Folks in this city survive on $3 per day. He calls the city home and is trying to help.,14,2517
54f63a3632356100268f0100,His hometown is littered with dirty rivers and contaminated wells. So he fixed them.,15,2588
54f63eda306635000c280000,"If superfit brains were as sexy as superfit bods, their brains would be in Sports Illustrated",10,2595
54f63eda306635000c280000,"Meditation. It seems like doing nothing, but it helps EV-ER-RE-THANG.",15,2599
54f63eda306635000c280000,"Once you SEE this brain getting awesomely denser and more wrinkly, I bet you'll try meditating",22,2546
54f63eda306635000c280000,You know it's meditation. But do you KNOW-KNOW about meditation???,22,2482
54f63eda306635000c280000,Straight-up chilllin' out for 20 minutes a day will make your brain better. Here's how.,25,2467
54f71eed313536000c2c0000,Social media and technology have failed some children. But these kids? They win the internet.,13,2630
54f71eed313536000c2c0000,It’s easy to get discouraged about the Internet and how children are relating to it. Not these kids.,12,2419
54f71eed313536000c2c0000,How do we get kids to create and innovate? ‘Get out of their way and let them be amazing.’,13,2479
54f71eed313536000c2c0000,One little girl took pictures of her school lunches. The internet ensued.,47,2474
54f71eed313536000c2c0000,That one time a little girl took pictures of her school lunch and the school tried to stop her,56,2571
54f71eed313536000c2c0000,One little girl took pictures of her school lunch. The internet responded — and so did the school.,65,2648
54f735a031353600266d0000,Are you really a good person for buying organic apples?,3,2619
54f735a031353600266d0000,"10 minutes later, I don't feel so great about using my purchasing power to help the world",9,2547
54f735a031353600266d0000,"At first I was like, what is this guy even saying about doing good? At the end it all makes sense",11,2598
54f735a031353600266d0000,This 10 minute video has completely changed the way I look at do-gooder,11,2442
54f748903266380018d20000,This NFL player is breaking the stigma around mental illness,10,2533
54f748903266380018d20000,An NFL player talks about his borderline personality disorder and we all need to listen,14,2525
54f748903266380018d20000,He was taught to never show a sign of weakness. I'd say this is him at his strongest.,18,2541
54f748903266380018d20000,An NFL player paid to be tough is about to tell you what *real* strength is.,21,2576
54f748903266380018d20000,I wonder what we'd think of the NFL if every player knew their mind as well as him,24,2564
54f755623266380024090100,Does São Paulo sounds like a city of dreams? Hear their stories. You might think differently.,5,2590
54f755623266380024090100,Why São Paulo is not the city of dreams many tourists think it is,5,2524
54f755623266380024090100,São Paulo sounds like a city of dreams. Until I saw the reservoir and all the trouble it's in.,6,2604
54f755623266380024090100,"If São Paulo is a city of dreams, why's it drying up this quickly?",6,2462
54f755623266380024090100,São Paulo sounds like a city of dreams. Then I saw the reservoir and realized the trouble it was in.,9,2535
54f755623266380024090100,São Paulo sounds like a city of dreams. Until I saw its reservoir.,18,2542
54f7584a32663800180f0100,He shows you 1 chart that explains why it took so long to load this page.,11,2627
54f7584a32663800180f0100,"There's 1 chart that explains why you hate your cable company, and it's on the president's iPad.",17,2538
54f7584a32663800180f0100,"President Obama picks up his iPad and puts up 1 chart, and I'm convinced.",23,2537
54f7584a32663800180f0100,The president puts 1 chart in front of the camera that might make you hate your cable company more.,25,2498
54f7720f3266380024790100,"He did an experiment to see what it was like to have Alzheimer's. By the end, he was in tears.",31,2476
54f7720f3266380024790100,What's it like to have Alzheimer's? They could barely last 12 minutes trying to find out.,35,2524
54f7720f3266380024790100,"When his mom got a terrible disease, he did an experiment. By the end, he was in tears.",52,2526
54f7720f3266380024790100,He only lasted 12 minutes with the gloves and headphones on. And yet his mother can't escape.,56,2560
54f7720f3266380024790100,"He was fed up with his mom, so he tried an experiment. After it ended, he started sobbing.",68,2610
54f77598326638000c830100,"EXCLUSIVE: 'Under The Dome,' the viral anti-pollution video from China, translated to English.",11,2533
54f77598326638000c830100,"See the powerful Chinese documentary, 'Under The Dome,' summarized in English for the first time.",12,2493
54f77598326638000c830100,"Under The Dome,' the powerful, viral Chinese documentary, summarized in English for the first time.",15,2595
54f77598326638000c830100,"See the powerful Chinese documentary, 'Under The Dome,' summarized in English for the first time.",15,2510
54f77598326638000c830100,"EXCLUSIVE: A massively viral Chinese documentary, summarized in English for the first time.",17,2540
54f77598326638000c830100,"EXCLUSIVE: A massively viral Chinese documentary, summarized in English for the first time.",23,2516
54f78bcd326638000cc20100,Russell Brand says just what's wrong with the way people talk about white cops who kill black men.,27,2573
54f78bcd326638000cc20100,A celebrity says just what's wrong with the way people talk about Ferguson.,35,2534
54f78bcd326638000cc20100,Russell Brand says just what's wrong with the way people talk about white cops who kill black men.,37,2526
54f78bcd326638000cc20100,Russell Brand says just what's wrong with the way people talk about white cops who kill black men.,44,2541
54f78bcd326638000cc20100,Russell Brand says just what's wrong with the way people talk about white cops who kill black men.,45,2564
54f78bcd326638000cc20100,Russell Brand says just what's wrong with the way people talk about white cops who kill black men.,44,2473
54f87f8a3831360018570000,See the 10 people who developed some of the major vaccines we have today,10,2590
54f87f8a3831360018570000,We owe a lot of thanks to these 10 vaccine heroes. Here they are in one photo.,17,2579
54f87f8a3831360018570000,10 life-saving heroes walk into a photo. Time to celebrate.,18,2528
54f87f8a3831360018570000,10 life-saving heroes walk into a photo. Obviously we're going to celebrate them.,23,2493
54f884123831360024630000,"Their mother bursts into tears thinking about the surgery. But after, they can't stop smiling.",44,2600
54f884123831360024630000,"2 blind sisters receive the gift of sight. They can't stop smiling, and now neither can I.",50,2564
54f884123831360024630000,The moment the 2 sisters take the bandages off changes them both forever.,58,2568
54f884123831360024630000,"I hold my breath as she takes the bandages off. But after, I can't stop smiling.",56,2455
54f8937e37373242884a0000,Why are so many cities making people sick? Wake up and smell the exhaust fumes.,9,1521
54f8937e37373242884a0000,"Seeing it now, it's hard to believe it used to be one of the most dangerous cities in the world.",11,1542
54f8937e37373242884a0000,"If you think our cities were designed for *people*, you're wrong. Here's why.",12,1552
54f8937e37373242884a0000,What can we learn from the cheap innovations that transformed one Latin American city?,12,1522
54f8937e37373242884a0000,His job is to travel the world and tweet pics of cool city stuff. Here's some of what he's seen.,21,1517
54f8937e37373242884a0000,I never realized how dumb our cities are until I saw what a smart one looks like.,47,1485
54f8a76638313600189c0000,It's definitely time to stop trying to save the Earth.,24,2626
54f8a76638313600189c0000,"She told her abuser, ""Your actions will determine your fate. Not mine.""",32,2585
54f8a76638313600189c0000,She's been here 22500 times longer than you. She just wanted to make sure you knew that.,33,2560
54f8a76638313600189c0000,Julia Roberts stars in her biggest role ever. She will literally never have a bigger one.,66,2431
54f8abc33831360024af0000,#askhermore isn't just for the red carpet.,5,2561
54f8abc33831360024af0000,"They're just trying to make conversation, but these are some terrible questions.",20,2476
54f8abc33831360024af0000,"There's a huge difference between ""Do you have any kids?"" and ""How many kids do you have?""",30,2542
54f8abc33831360024af0000,I asked a black ladyfriend if this was for real. She realized she had no idea how oblivious I was,76,2623
54f8b2dd3831360018cc0000,40 billion hours a year. That's the time people spend to get water in Africa.,10,2545
54f8b2dd3831360018cc0000,We spend 2 minutes watching her get water. She spends hours just to get any water at all.,11,2455
54f8b2dd3831360018cc0000,Pushing a hundred-pound barrel under a hot sun for several miles. That's what it takes to get water.,16,2570
54f8b2dd3831360018cc0000,"Every morning, she pushes a barrel that weighs hundreds of pounds just to survive.",20,2567
54f8b2dd3831360018cc0000,The 2 minutes you will sit through watching her will be nothing given what it takes her for water.,37,2607
54f8b2dd3831360018cc0000,Her name is Gertrude Mamba. Here is her story. Brace yourself.,46,2521
54f8b9c13831360018e90000,"Whenever I think I understand my privilege, something reminds me how wrong I am.",18,2615
54f8b9c13831360018e90000,I asked a black ladyfriend if this was for real. She asked me if I was kidding.,61,2487
54f8b9c13831360018e90000,I asked a black friend if this happens to her. She asked me what planet I live on.,76,2519
54f8b9c13831360018e90000,I asked a black ladyfriend if this was for real. She realized she had no idea how oblivious I was.,78,2550
54f8c6a33831360024f60000,"They can barely bring themselves to watch, but when I saw what was on the screen, I just laughed",16,2575
54f8c6a33831360024f60000,"They can barely bring themselves to watch, but when I saw what was on the screen, I just laughed.",23,2551
54f8c6a33831360024f60000,"They can barely bring themselves to watch, but when I saw what was on the screen, I just laughed.",35,2523
54f8cd40383136000cf60000,They're sharing some brave thoughts and experiences with womanhood. You may find yourself agreeing.,0,2649
54f8cd40383136000cf60000,Should being a woman make it harder to live the life of your dreams?,0,2571
54f8cd40383136000cf60000,They're saying some pretty brave things in this pro-women's rights video. And it's not just women!,0,2486
54f8cd40383136000cf60000,"Yes! This is the brave, all-inclusive, pro-choice, feminist message we've been needing.",0,2453
54f8cd40383136000cf60000,"When just being the owner of a vagina can feel like a trap in this world, we need to hear this.",2,2547
54f8cd40383136000cf60000,"Well, one guy in this video just comes out and says it. 'Stop treating women like baby-machines.'",3,2541
54f8ce0d383136000c060100,Her powerful pop song is meant for 'all' women. Even those not allowed to hear it.,27,2167
54f8ce0d383136000c060100,"Her song is standing up for all women, especially  ones who aren't allowed to stand for themselves",30,2227
54f8ce0d383136000c060100,It's a powerful song for women. But how many aren't allowed to hear it?,33,2204
54f8ce0d383136000c060100,"She wrote this pop song for all women, but too many aren't allowed to hear it.",33,2144
54f8ce0d383136000c060100,It's a pop song like no other. But not every woman is allowed to hear it.,42,2149
54f8cf303737320e34d50000,They can barely bring themselves to watch. If only they were serious.,13,2508
54f8cf303737320e34d50000,"They can barely bring themselves to watch, but when I saw what was on the screen, I just laughed.",19,2535
54f8cf303737320e34d50000,"They can barely bring themselves to watch, but when I saw what was on the screen, I just laughed.",22,2607
54f8cf303737320e34d50000,"They can barely bring themselves to watch. (This doesn't really happen, but I wish it did.)",24,2541
54f8d5443737320e34ef0000,"16 million kids can buy e-cigarettes legally, and no one's talking about it.",3,1772
54f8d5443737320e34ef0000,"What's the big deal with kids and e-cigarettes? These 10 states, for starters.",11,1866
54f8d5443737320e34ef0000,We should probably address this e-cigarette loophole sooner rather than later.,13,1880
54f8d5443737320e34ef0000,There's a new way for kids to smoke cigarettes and it's totally legal. What?,21,1809
54f8d5443737320e34ef0000,There's a new way for kids to smoke cigarettes and it's totally legal. What?,22,1830
54f8d8293737324263cc0000,A guy takes to the streets to interview homeless people. The results?,11,1789
54f8d8293737324263cc0000,Are people on the street because they choose to be homeless?,12,1871
54f8d8293737324263cc0000,"He says it only takes ""one bad event"" to end up here. Here's a couple examples.",15,1844
54f8d8293737324263cc0000,A fairly obvious thing that all homeless people have in common that's good to remember,16,1827
54f8e3fd3737324288330100,"The first half was a huge downer. It all turned around, though, because of good people.",4,1866
54f8e3fd3737324288330100,Not having a home to go to doesn't make a personal a criminal. It makes them homeless.,6,1845
54f8e3fd3737324288330100,What has our country come to when it's illegal to sit on a sidewalk?,6,1838
54f8e3fd3737324288330100,What if I told you that you'd never have to see things like this ever again?,7,1812
54f8e3fd3737324288330100,"Instead of making homelessness illegal and punishing people, how about we help them?",7,1803
54f8e73537373242631d0100,"They should be free in the ocean, but they’re ‘stored’ in tanks. Now it’s SeaWorld that’s tanking.",10,1799
54f8e73537373242631d0100,"A timeline of SeaWorld’s terrible, horrible, no good, very bad year and a half",19,1849
54f8e73537373242631d0100,"It began with a movie that shook up a lot of people, and SeaWorld will never be the same. Hopefully.",21,1854
54f8e73537373242631d0100,"After people saw how they treat orcas, it could be SeaWorld’s turn to go under.",21,1771
54f8e73537373242631d0100,It only took 83 minutes for a movie to change everything for SeaWorld.,26,1872
54f8e87c37373242632d0100,I can't believe we lost the glacier.' — A guy not talking about sports.,3,1825
54f8e87c37373242632d0100,Watch 2 kids fight over who gets to play Al Gore.,5,1860
54f8e87c37373242632d0100,Not real people totally care about a very real problem in a big way. And it's funny.,8,1856
54f8e87c37373242632d0100,"They can barely bring themselves to watch. (This doesn't really happen, but I wish it did.)",8,1773
54f8e87c37373242632d0100,Meet a group of fake people who care about something in the perfect way.,11,1835
54f8e87c37373242632d0100,She sat down and she watched her favorite thing get destroyed.,17,1889
54f8f47a3831360024820100,He reflects on what he thinks makes people dislike others who are different. What do you think?,9,2089
54f8f47a3831360024820100,He says the biggest fear that people with power have is that you'll get some too.,9,1986
54f8f47a3831360024820100,Asked and answered: Why are some people so opposed to gay marriage?,14,2015
54f8f47a3831360024820100,"I think homophobia is an endangered species in America. As long as I'm around, it is.'",19,1995
54f8f47a3831360024820100,"He asks, 'Why do people fear the gay?' And then he answers his own question.",28,2069
54f8f8053737320e34650100,There's a new way for kids to smoke cigarettes and it's *actually* legal for 16 million U.S. kids.,14,2053
54f8f8053737320e34650100,"Um, what? There's a new way for kids to buy cigarettes and it's totally legal.",16,1998
54f8f8053737320e34650100,Here's why 16 million U.S. kids can buy and smoke cigarettes *legally*,18,2022
54f8f8053737320e34650100,There's a new way for kids to smoke cigarettes and it's totally legal. What?,19,2029
54f8f8053737320e34650100,What?! There's a new way for kids to smoke cigarettes legally in some U.S. states.,19,2028
54f9052e61316400190f0000,SeaWorld’s been swamped by a tidal wave that began when a movie got behind the scenes.,14,2042
54f9052e61316400190f0000,"Until the movie came out, people thought of SeaWorld as a happy place. Now they know better.",18,2028
54f9052e61316400190f0000,"It began with a movie that shook up a lot of people, and SeaWorld will never be the same. Hopefully.",22,2107
54f9052e61316400190f0000,"The orcas in the movie broke people’s hearts, and now SeaWorld's paying the price.",23,1994
54f9052e61316400190f0000,SeaWorld is struggling to stay afloat after a movie told its real story.,25,1990
54f9285c6131640026250000,Can human-beings create glaciers? These guys are off to a good start.,3,2031
54f9285c6131640026250000,"At the rooftop of the world, glaciers are in trouble. These ice-makers have answers.",5,2099
54f9285c6131640026250000,Engineers in a remote region use natural forces and ingenuity to make things grow.,8,2017
54f9285c6131640026250000,"If water doesn't flow, farmers have to leave their homes for the city. DIY glaciers to the rescue.",8,2010
54f930826131640019270000,A lot of stories about having a baby are heartwarming. Hers is tragic.,8,1993
54f930826131640019270000,A lot of stories about having a baby are heartwarming. Hers is tragic.,9,2035
54f930826131640019270000,A lot of stories about having a baby are heartwarming. Hers is tragic.,10,2030
54f930826131640019270000,A lot of stories about having a baby are heartwarming. Hers isn't.,18,2081
54f930826131640019270000,A lot of stories about having a baby are heartwarming. Hers is tragic.,20,1985
54f9345061316400192d0000,The result? 72% less chronic homelessness. The reason. Give'em homes.,1,2019
54f9345061316400192d0000,People with homes are cheaper for taxpayers than people without homes. So what gives?,7,2062
54f9345061316400192d0000,I pay MORE in taxes for NOT giving them homes? Can we switch that up?,10,1995
54f9345061316400192d0000,What if I told you that you'd never have to see things like this ever again?,19,2037
54f9b4433436330024690000,"Julia Roberts just wrapped her biggest role ever, and her face isn't even in the film.",36,2064
54f9b4433436330024690000,Starring as the toughest mother in history: Julia Roberts,37,2042
54f9b4433436330024690000,Julia Roberts will never have a bigger role than this.,41,2038
54f9b4433436330024690000,Julia Roberts stars in her biggest role ever. She will literally never have a bigger one.,64,2016
54fa0a8534363300240d0100,SeaWorld is trying to stay afloat since a movie revealed its secret.,9,1488
54fa0a8534363300240d0100,SeaWorld is struggling to stay afloat — that movie changed everything.,12,1574
54fa0a8534363300240d0100,SeaWorld is struggling to stay afloat after a movie told its real story.,12,1539
54fa0a8534363300240d0100,"A movie threw cold water on how they treat orcas, and now SeaWorld is just trying to stay afloat.",15,1508
54fa0a8534363300240d0100,"A movie went behind the scenes, and now SeaWorld is just trying to stay afloat.",22,1561
54fa0b0b343633000c050100,What's one of the WORST ways to motivate someone? Hint: you see it all the time.,14,1521
54fa0b0b343633000c050100,What's one of the WORST ways to motivate someone? Hint: You see it all the time.,15,1572
54fa0b0b343633000c050100,What's one of the WORST ways to motivate someone? Hint: You see it all the time.,31,1528
54fa0b0b343633000c050100,What's one of the WORST ways to motivate someone? Hint: You see it all the time.,38,1470
54fa0d6161316400266b0100,People can control how the women on this billboard look. They just have to look up.,33,1630
54fa0d6161316400266b0100,"It's hard to ignore the women on this billboard, but that's sort of the point",34,1516
54fa0d6161316400266b0100,This billboard lets you determine how the women on it look. You just have to see it.,43,1446
54fa0d6161316400266b0100,This billboard takes on domestic violence in a way you really have to see to believe,46,1514
54fa0f42613164000c100100,Three women from around the world speak up on the status of women's rights.,3,1518
54fa0f42613164000c100100,"On International Women's Day, these three women have something to say about gender equality.",4,1556
54fa0f42613164000c100100,A new video looks at how women from around the world view gender equality.,5,1537
54fa0f42613164000c100100,"A woman perfectly answers the question, ""What's the difference between men and women?""",8,1532
54fa1eba6131640026a60100,This zillionaire knows why 1 city is crushing it in the prosperity and job categories,4,1755
54fa1eba6131640026a60100,Oprah gives us all cars. He wants to give higher wages. I love rich people.,5,1764
54fa1eba6131640026a60100,"See a passionate, convincing warning from 1 rich dude to all the others",9,1709
54fa1eba6131640026a60100,This zillionaire wants us to all make more money. No objections here.,11,1743
54fa1eba6131640026a60100,His gut feel for the future made him mega-rich. Now his gut says the wealthy are in trouble.,13,1711
54fa1eba6131640026a60100,Forbes called this super-rich man ‘near insane’ for suggesting a radical wage idea,15,1780
54fa1eba6131640026a60100,"He wants us to stop pretending high wages hurt growth. He should know, he’s a zillionaire.",15,1700
54fa1eba6131640026a60100,Watch a super rich capitalist have a 'lil secret chat with his fellow richies,19,1644
54fa22b73436330024600100,"Say what you will about Cuba, but they are embracing capitalism just fiiiine.",4,1567
54fa22b73436330024600100,"She dreams of leaving Cuba, but her dreams always bring her right back.",4,1522
54fa22b73436330024600100,What happens to Cuba when America calms down? Capitalism.,4,1493
54fa22b73436330024600100,"Some think she lives in the past. When it comes her money, she’s the future.",5,1519
54fa22b73436330024600100,A woman explains how she makes money in Cuba without the Castros,5,1518
54fa25b4613164000c750100,"On International Women's Day, these three women have something to say about gender equality.",7,1561
54fa25b4613164000c750100,A new video looks at how women from around the world view gender equality.,9,1465
54fa25b4613164000c750100,"A woman perfectly answers the question, ""What's the difference between men and women?""",24,1574
54fa3343343633000c8c0100,"When asked about gender equality, 3 women give different answers with one important thing in common.",2,1542
54fa3343343633000c8c0100,Why it's important to pay attention to the state of women's rights according to three women.,3,1533
54fa3343343633000c8c0100,"3  women give different answers to a question about gender equality, but they have 1 thing in common",5,1519
54fa3343343633000c8c0100,Three women deliver a powerful message about the state of women's rights in the world.,6,1506
54fa3b4934363300249a0100,"A wage gap parody that includes all women, not just the white ones.",5,1586
54fa3b4934363300249a0100,A comical look at what Amazon might look like if it was just for women,7,1524
54fa3b4934363300249a0100,This fake commercial for women manages to keep it all the way real,8,1486
54fa3b4934363300249a0100,This crumpled Amazon box is just what you can afford. That's a problem.,9,1516
54fa3b4934363300249a0100,"If your next package looks like this, you might be a black woman",12,1506
54fb0f9d306432000c140000,This fake Amazon ad imagines what packages look like for black women,14,1524
54fb0f9d306432000c140000,"If your next package looks like this, you might be a black woman",16,1555
54fb0f9d306432000c140000,"If your next Amazon order looks like this, you're probably a black woman",16,1533
54fb0f9d306432000c140000,This fake Amazon ad is pretty funny until it gets to black women,24,1500
54fb8ac4306432000c480000,Why is coming out as bisexual so difficult? Katy breaks it down.,14,2082
54fb8ac4306432000c480000,Her gay and lesbian friends used to say bisexuality wasn't real. She still embraced herself anyway.,18,1976
54fb8ac4306432000c480000,Her parents said she could love anyone she wanted. Why was she still afraid to come out?,24,2030
54fb8ac4306432000c480000,Coming out as bisexual was harder for her than coming out as gay. Hear her explain.,26,1946
54fb8ac4306432000c480000,Her friends called her a lesbian. But that's not who Katy was.,29,1996
54fb8ac4306432000c480000,Coming out was easy. The hard part? Admitting she still liked men.,36,2101
54fb94d73064320026470000,Terminal cancer didn't get in the way of making student Lauren Hill's dream come true.,7,2003
54fb94d73064320026470000,Student diagnosed with terminal cancer still plays first college basketball game of the season.,11,1995
54fb94d73064320026470000,This emotional game takes 'good sportsmanship' to an entirely new level.,13,2033
54fb94d73064320026470000,An amazing story of a dying girl's wish and some incredible sportsmanship,19,2014
54fb94d73064320026470000,"A basketball game so moving, even the refs were crying.",28,2044
54fb94d73064320026470000,"There wasn't a dry eye, on court or off. Even the refs were crying.",30,2073
54fb9dda38343800193e0000,"A basketball game so moving, even the refs were crying.",21,2091
54fb9dda38343800193e0000,An amazing story of a dying girl's wish and some incredible sportsmanship,23,2035
54fcf3923532330019460000,There are so many things wrong with the way girls are taught about sex. Some women want to fix it.,21,2100
54fcf3923532330019460000,The case for being a little more open about sex with our kids than we are usually.,23,2068
54fcf3923532330019460000,"Maybe if we gave our kids the REAL sex talk, there would be less real problems with sexuality.",26,1977
54fcf3923532330019460000,There are so many things wrong with the way women and girls are taught about sex.,31,2084
54fcf3923532330019460000,Giving a teenager a vibrator: which side of the fence are you on?,49,1974
54fcf3923532330019460000,Happy Puberty! Here's a vibrator.,57,1967
54fdb12a62306300263f0000,There are so many things wrong with the way women and girls are taught about sex.,34,2063
54fdb12a62306300263f0000,There are so many things wrong with the way women and girls are taught about sex.,39,2020
54fdb12a62306300263f0000,There are so many things wrong with the way women and girls are taught about sex.,43,2031
54fdb12a62306300263f0000,Happy Puberty! Here's a vibrator.,70,2062
54fdb1f362306300264e0000,Was President Obama's speech on the 50th anniversary of the march from Selma one of his best? Yes.,6,2014
54fdb1f362306300264e0000,President Obama's powerful speech at Selma is just what America needed to hear.,9,2081
54fdb1f362306300264e0000,President Obama just said something kind of revolutionary about what it means to be an American.,11,1984
54fdb1f362306300264e0000,The way President Obama uses the word 'we' here makes me want to stand up and cheer.,14,2003
54fdb1f362306300264e0000,There's something powerful about hearing the first black president say these words in Selma,24,2079
54fdb5673161630026090000,"Some are stuck on history, but when it comes to money, they're the future.",6,1749
54fdb5673161630026090000,She doesn't want a man in the future. She's got too much money to make.,8,1715
54fdb5673161630026090000,"Some think she lives in the past. When it comes her money, she’s the future.",10,1692
54fdb5673161630026090000,"Her name is Minerva. She's very clear about her money, man and future.",12,1751
54fdb5673161630026090000,"Some think they live in the past. When it comes money, women are the future.",13,1712
54fdb5673161630026090000,Her name is Minerva and she's doing what some  haven't done in decades.,13,1712
54fdb5673161630026090000,"Some women want a man to secure their future. 
And then there's her.",21,1743
54fdbe23323634000c2b0000,She was SO sick of the roles she was being told to play by Hollywood. So she made her own movie.,15,1680
54fdbe23323634000c2b0000,"This movie serves as a big, black, and beautiful 'screw you' to racist tendencies in Hollywood.",18,1692
54fdbe23323634000c2b0000,An actress was sick of the roles she was being offered as a black woman. So she made her own movie.,22,1730
54fdbe23323634000c2b0000,An actress was absolutely sick of the roles she was being offered. So she made her own movie.,27,1783
54fdbe23323634000c2b0000,An actress was sick of the roles she was being offered as a black woman. So she made her own movie.,29,1762
54fdc16a616331000c000000,Some women want a man to secure their future. And then there's her.,11,1698
54fdc16a616331000c000000,Some women want a man to secure their future. And then there's her.,14,1743
54fdc16a616331000c000000,Some women want a man to secure their future. And then there's her.,16,1736
54fdc16a616331000c000000,Some women want a man to secure their future. And then there's her.,18,1709
54fdc16a616331000c000000,Some women want a man to secure their future. And then there's her.,23,1784
54fdc16a616331000c000000,"Some women want a man to secure their future. 
And then there's her.",24,1673
54fdc55a6163310024100000,"It's really pretty creepy, when you think about it, that lawmakers want to do this to women.",0,1719
54fdc55a6163310024100000,Imagine you need to end a pregnancy and have to let them do these things to you in order to end it.,1,1753
54fdc55a6163310024100000,Is anything more insulting than what these lawmakers think you should let them do to you?,1,1729
54fdc55a6163310024100000,They think they get to put a probe in your vagina and make you look at the images if you want this.,1,1726
54fdc55a6163310024100000,"In case all the talk of trans-vaginal probes didn't tip you off, here's what they're trying to do.",2,1707
54fdc55a6163310024100000,"Some lawmakers think you need a good probing, mentally and vaginally, before you have an abortion.",3,1737
54fddb393233330019430000,"The creator of 'The Daily Show' has some scary, not-at-all-funny news for women.",1,1693
54fddb393233330019430000,There are 9 states where it's safe to be a woman. What's going on in the other 41 is terrifying.,2,1702
54fddb393233330019430000,"She's a comedian, but the news she has for women is anything but funny.",3,1791
54fddb393233330019430000,"In 1 big way, it was better to be a woman in the 70s than it is today.",4,1741
54fde420616331000c4b0000,"She's a comedian, but the news she has for women is anything but funny.",2,1779
54fde420616331000c4b0000,Here's what's being done to women in over 80% of America. I didn't know it was this bad.,5,1678
54fdeba03233330019760000,The amazing reason water can make a huge difference on childbirth,7,1719
54fdeba03233330019760000,This mother was *surprised* at how clean the hospital was before giving birth to her son.,13,1734
54fdeba03233330019760000,"She named her son after God, all because his birth went smoothly — much more than expected.",18,1739
54fdeba03233330019760000,Many women in her village got sick while delivering. She did not. You'll want to know the reason.,21,1757
54fdeba03233330019760000,The story of her son's birth shows us just how important water is.,23,1732
54fdeba03233330019760000,"She became ill before her son Eli was born — for one small reason. Small, but important.",25,1711
54fdf4cf323333000c830000,"An analysis of 1,500 films outlined the path forward for better movies from Hollywood.",3,2280
54fdf4cf323333000c830000,"Filmmakers can boost their bottom line by changing how they portray women, so why won't they?",4,2179
54fdf4cf323333000c830000,"A comic strip laid out 3 simple rules for diversity in film. 20 years later, we need an update.",5,2256
54fdf4cf323333000c830000,"Hollywood has 99 diversity problems and women are the solution to, like, at least 80 of them.",7,2194
54fdf4cf323333000c830000,"An analysis of 1,500 films resulted in 1 disturbing conclusion.",11,2233
54fdf84c323333000c8e0000,"The truth about anti-choice laws is truly frightening, but letting it creep up on us is even worse!",1,1781
54fdf84c323333000c8e0000,The thing that's slowly encroaching upon women state by state is scarier than any nightmare.,1,1728
54fdf84c323333000c8e0000,It's sneaking up on us. It's almost got us. It's not a movie monster. It's more horrific and real.,3,1766
54fdf84c323333000c8e0000,41 states? That's how many these laws are sneaking up behind women in?,3,1681
54fdfbfc3233330019980000,"This woman used to serve champagne in a bathroom, but now she's starring in a movie.",15,1659
54fdfbfc3233330019980000,There aren't many movies that star a black woman in the leading role. She wants that to change.,17,1771
54fdfbfc3233330019980000,"You see her pain, her sorrow and her joy. She wants you to. And that is utterly beautiful.",17,1704
54fdfbfc3233330019980000,"For two and a half years, she devoted herself to making this movie. Time well spent.",18,1775
54fdfbfc3233330019980000,An actress was absolutely sick of the roles she was being offered. So she made her own movie.,19,1766
54fdfbfc3233330019980000,She devoted 30 whole months of her life to create something America doesn't see nearly enough of.,20,1710
54fdfec161633100187b0000,Is it hypocritical for men to call themselves 'feminists'?,13,1731
54fdfec161633100187b0000,He's a feminist and learning to reconcile what it means to openly support women's equality,21,1739
54fdfec161633100187b0000,A man answers questions about his struggles of saying 'I'm a feminist',25,1700
54fdfec161633100187b0000,"He's interested in being a feminist, but he's having a really hard time.",29,1734
54fdfec161633100187b0000,Listen to 1 man explain why he has a hard time being a feminist.,42,1796
54fe087a61633100249d0000,A man screamed at her once. But being ignored now is even worse.,13,1749
54fe087a61633100249d0000,People have screamed at her because they think she's white. Or too black. Huh?,35,1818
54fe087a61633100249d0000,A man screamed at her once because he thought she was white. Nothing new.,40,1723
54fe087a61633100249d0000,A man screamed at her once because he thought she was white. That's just the tip of the iceberg.,39,1669
54fe15ee616331000cd80000,"The truth about anti-choice laws is truly frightening, but letting it creep up on us is even worse!",12,2202
54fe15ee616331000cd80000,41 states? That's how many these laws are sneaking up behind women in?,12,2153
54fe15ee616331000cd80000,It's sneaking up on us. It's almost got us. It's not a movie monster. It's more horrific and real.,13,2307
54fe15ee616331000cd80000,The thing that's slowly encroaching upon women state by state is scarier than any nightmare.,21,2286
54fe79133233330019570100,A New York woman just made the kind of movie that Hollywood never wants to make.,39,2246
54fe79133233330019570100,A New York City woman just made the kind of movie that Hollywood never wants to make.,41,2201
54fe79133233330019570100,A New York City woman just made the kind of movie that Hollywood never wants to make.,42,2235
54fe79133233330019570100,A New York City woman just made the kind of movie that Hollywood never wants to make.,45,2271
54fe79133233330019570100,A New York City woman just made the kind of movie that Hollywood never wants to make.,50,2255
54fe79133233330019570100,A New York woman just made the kind of movie that Hollywood never wants to make.,51,2181
54fefecd3233330026200100,Best-selling author wants to tell you where to find your best ideas.,10,2228
54fefecd3233330026200100,"Where do ideas come from? Replace that ""lightbulb moment"" with turtles cuddling.",15,2304
54fefecd3233330026200100,Best-selling author wants to tell you where to find your best ideas.,18,2189
55005f296632300019130000,Half of all high schoolers text and drive. That includes the ones who don't drive.,6,2322
55005f296632300019130000,We could reduce serious car accidents by nearly 20%. Are we strong enough to make it happen?,8,2204
55005f296632300019130000,Would you drive across a football field blindfolded?,8,2149
55005f296632300019130000,He has some new ideas about peer pressure.,11,2215
55005f296632300019130000,You can build your brain muscle AND save lives. Here's how.,13,2261
55008ffb6632300019260000,"In 10 years, there’ll be no elephants or rhinos in the wild. These drones are flying to the rescue.",9,2254
55008ffb6632300019260000,"Flying over elephants and rhinos, tiny drones are on a desperate mission.",11,2300
55008ffb6632300019260000,The poachers think they’re safe. They’re not. They’re being tracked. By drones.,19,2216
55008ffb6632300019260000,He was the first world-famous celebrity. Now his family’s drones are hunting poachers.,24,2214
55008ffb6632300019260000,"When these drones zoom in over elephants and rhinos, they stop horrible things from happening.",34,2236
55009cac6164360019400000,"We don’t hear much about caregivers, but we're about to care a lot about them.",8,2277
55009cac6164360019400000,"Every 8 minutes someone turns 65. So the question is, who’s going to take care of her?",10,2306
55009cac6164360019400000,Caregivers have a secret. They often get as much as they give.,10,2210
55009cac6164360019400000,"They meet your parents, and often even get as close to them as we are. Who are these people?",12,2244
55009cac6164360019400000,"As parents get older, grownup kids have a problem. Who’s gonna take care of their parents?",12,2201
5500bdee623830000c0c0000,Hear this Children's Peace Prize winner's moving speech about what it takes to change the world.,4,2253
5500bdee623830000c0c0000,What does throwing a pebble into a pond have to do with changing the world?,5,2229
5500bdee623830000c0c0000,Hear this Children's Peace Prize winner's moving speech about what it takes to change the world.,9,2262
5500bdee623830000c0c0000,She was the first American to ever win the International Children's Peace Prize. Hear her speech.,15,2255
55018deb306130000c330000,"For the people who are making these, the biggest question is, 'Which superhero do you want?""",10,2180
55018deb306130000c330000,"The transformer hand that ... well, transforms some amazing kids.",13,2246
55018deb306130000c330000,"These kids must feel like they're superheroes. And, really, they are.",14,2236
55018deb306130000c330000,"The inventors of this could have made a fortune. Instead, they're making kids happy.",42,2275
5501cfe7306130000c4c0000,Think all young people are apathetic and not interested in the world around them?,4,2164
5501cfe7306130000c4c0000,How to turn empathy into action in one very short clip.,8,2234
5501cfe7306130000c4c0000,She was the first American to ever win the International Children's Peace Prize. Hear her speech.,11,2280
5501cfe7306130000c4c0000,Heard of the ripple effect? These young people are proof that good just keeps growing. And growing.,11,2156
5501cfe7306130000c4c0000,Heard of the ripple effect? These young people are proof that good can just keep growing.,14,2301
5501cfe7306130000c4c0000,Want to see some young people who refuse to be told they can’t fix some problems of the world?,15,2274
5501d05b306130000c510000,The way she spent her 9th birthday brought her global recognition,11,2241
5501d05b306130000c510000,"After how she spent her 9th birthday, it's no wonder she's being recognized globally.",11,2199
5501d05b306130000c510000,She's being awarded all because of what she did on her birthday.,12,2193
5501d05b306130000c510000,"After I heard how she spent her birthday, I was amazed to see her being recognized globally.",14,2243
5501d05b306130000c510000,"After hearing how she spent her 9th birthday, it's no wonder she's being recognized globally.",21,2305
5501d9333061300018740000,Why there are so many jobs in the water industry,4,2196
5501d9333061300018740000,Water is a job creator. It's big time.,5,2248
5501d9333061300018740000,It's so cool to see how their lives changed just by the turn of a faucet,6,2276
5501d9333061300018740000,They used to have to try so hard to find water. Now it's paying their bills.,8,2237
5501d9333061300018740000,I can't imagine walking miles for a cup of water. Now they probably can't either.,9,2248
5501decd623830000c930000,Heard of the ripple effect? These young people are proof that good can just keep growing.,5,2217
5501decd623830000c930000,Heard of the ripple effect? These young people are proof that good can just keep growing.,6,2266
5501decd623830000c930000,Heard of the ripple effect? These young people are proof that good can just keep growing.,6,2219
5501decd623830000c930000,Heard of the ripple effect? These young people are proof that good can just keep growing.,8,2271
5501decd623830000c930000,She's the first American to ever win the International Children's Peace Prize. Hear her speech.,8,2199
5501e4f3306130000cac0000,They’ve come up with a $$-and-cents reason for people to do the right thing. Genius.,5,2217
5501e4f3306130000cac0000,SmileTrain’s not kidding. They’ve figured out how to fix the smiles of literally a million kids.,7,2258
5501e4f3306130000cac0000,SmileTrain's not just a wonderful charity. It’s one that’s figured out the secret to surviving.,7,2248
5501e4f3306130000cac0000,"Children who’d be tossed aside are their mission, but that’s not what SmileTrain tells everyone.",11,2263
5501e4f3306130000cac0000,"Every time some charity asks for your money, ask them if they do it like this.",21,2228
5501f598306130000cf40000,The buzzing drones overhead mean elephants and rhinos finally have a chance to survive.,20,2205
5501f598306130000cf40000,Tiny drones in the sky are keeping horrible things from happening to elephants and rhinos.,22,2247
5501f598306130000cf40000,Horrible things quit happening to elephants and rhinos when tiny drones are buzzing overhead.,25,2275
5501f598306130000cf40000,"When the drones zoom in, bad things quit happening to elephants and rhinos.",43,2189
5501f598306130000cf40000,"When these drones zoom in over elephants and rhinos, they stop horrible things from happening.",46,2239
5501fa35306130000cff0000,"Keep your eyes on the road, your hands upon the wheel ... not just song lyrics, but a good idea.",5,2241
5501fa35306130000cff0000,You can build your brain muscle AND save lives. Here's how.,6,2222
5501fa35306130000cff0000,"You, yes, you, have the power to overcome the mind-control device you carry around every day.",12,2226
5501fa35306130000cff0000,4 smart reasons to leave your phone in your bag.,19,2267
5502eb7c66393900240c0000,"They're crazy drivers, but almost everyone on the road does a crazy thing you've never seen them do.",7,2318
5502eb7c66393900240c0000,"You, yes, you, have the power to overcome the mind-control device you carry around every day.",19,2246
5502efdc66393900181b0000,Could you support your family if you were injured on the job? Depends where you live.,4,2387
5502efdc66393900181b0000,"A Renoir will cost you an arm and a leg (if you live in Nevada. In Wyoming, an arm and 15 legs).",10,2267
5502efdc66393900181b0000,"To the federal government, a testicle is worth $98,108. The state of Minnesota says, ""Eh, $3750.""",13,2127
5502efdc66393900181b0000,Their life-changing injuries are identical. But their compensation couldn't be more different.,26,2305
5502f3b6356535002c0d0000,"When you're thinking about making a donation, find out if they know about this.",7,2180
5502f3b6356535002c0d0000,"This is how it's done. Next time a charity asks you for money, find out if they do it like this.",9,2204
5502f3b6356535002c0d0000,"Next time someone asks for a contribution, ask them what else they're gonna do with it.",10,2187
5502f3b6356535002c0d0000,"When some group asks you for money, find out if they're this smart.<br>",11,2307
5502f3b6356535002c0d0000,"Every time some charity asks for your money, ask them if they do it like this.",21,2252
55032b89663939000c300000,"Let's be honest, who could say no to a reasonable request from a nice lady with a plate of cookies?",4,2274
55032b89663939000c300000,She's not what you would expect. That's her secret weapon.,10,2229
55032b89663939000c300000,She was worried about her water. So she went to her kitchen.,12,2170
55032b89663939000c300000,Best use of food coloring ever.,21,2269
550333976639390024340000,97% of countries that committed to equality give moms paid family leave. For dads? About half.,4,2211
550333976639390024340000,How are we doing at that whole equality thing? New report shows it's a mixed bag.,5,2256
550333976639390024340000,4 countries agreed to stop discrimination against women. You can guess the biggest one.,20,2152
550333976639390024340000,What's the best place on earth to be a woman? These maps try to help you figure it out.,25,2283
550333976639390024340000,"Marry an older man. Not just grandma's advice, in some countries, it's the law.",42,2245
550335066639390018470000,A video game machine that falls in love with a bubble? That'll be the day.,4,2291
550335066639390018470000,How do you tell a boy robot from a girl robot?<br>,8,2261
550335066639390018470000,Women of all genders can be inspired by this avant-garde children's cartoon<br>,10,2260
550335066639390018470000,Is this cartoon (that's actually a machine) a boy or a girl? And why it matters.,10,2192
550335066639390018470000,"It's beyond confusing trying to decide if this is a boy or a girl, and I love it<br>",14,2190
550335066639390018470000,"The feminist message in this cartoon is totes clear. The talking bubble, not so much.<br>",14,2187
55044780373562002c0c0000,Their life-changing injuries are identical. But their compensation couldn't be more different.,7,2203
55044780373562002c0c0000,"Like twins separated at birth, they started the same and wound up so different.",9,2172
55044780373562002c0c0000,"If he'd lost his arm 15 miles further east, he'd have been paid 10 times as much for it.",12,2246
55044780373562002c0c0000,They both lost an arm. But one guy's workers comp was 10 times the other's.,13,2294
5504d88c393862000c040000,Bullies are never easy. But Twitter is making it brutal.,10,2193
5504d88c393862000c040000,Here's what their classmates are saying about them. It needs to stop.,14,2257
5504d88c393862000c040000,Celebs reading mean tweets is funny. Why doesn't it work with teens?,21,2225
5504d88c393862000c040000,"As they read mean tweets, a laugh track plays. But it's not funny.",31,2287
5504e26a3238380024320000,After each tweet the audience goes wild. So why do they look so low?,24,2308
5504e26a3238380024320000,"As they read mean tweets, a laugh track plays. But it's not funny.",27,2260
5504e26a3238380024320000,They read mean tweets over a laugh track. Some are on the verge of tears.,27,2243
5504e26a3238380024320000,They read a tweet and there's roaring laughter. But they look heartbroken.,27,2186
5504e26a3238380024320000,These teens read mean tweets to a laugh track. But it's not funny.,29,2264
5504e26a3238380024320000,The first tweets? Audience goes wild. By the end? No one's laughing.,36,2112
5506c801306564000c390000,John Oliver calls BS on March Madness,11,2182
5506c801306564000c390000,John Oliver makes a video game that perfectly captures why March Madness is so messed up.,12,2199
5506c801306564000c390000,John Oliver reveals the dark side of all those March Madness ads.,16,2289
5506c801306564000c390000,John Oliver covers a massive college sports story that made my blood boil.,19,2235
5506c801306564000c390000,John Oliver covers a massive college sports scandal that made my blood boil.,19,2217
5506f376333330002c420000,I wonder where Ronald McDonald got his license to practice medicine.,9,2333
5506f376333330002c420000,"Hold the pickles, hold the lettuce. And when you get burned on the job, here's some mustard.",9,2137
5506f376333330002c420000,You did a great job until that accident. How about a little mustard with your 2nd-degree burn?',10,2207
5506f376333330002c420000,He got burned on the job at McDonald's. They gave him mustard. You read that right.,12,2220
5506f376333330002c420000,"Hold the pickles and lettuce. And when you get burned on the job at McDonald's, here's some mustard.",14,2248
55070925333330000c6c0000,Yes! Now *that's* how you do a St. Patrick's Day parade.,6,2268
55070925333330000c6c0000,Watching gay groups march in Boston's St. Patrick's Day parade just warms my heart.,6,2161
55070925333330000c6c0000,It took 20 years and 1 big change to get the mayor to march in this St. Patrick's Day parade.,8,2206
55070925333330000c6c0000,The most famous St. Patrick's Day parade in the world just made history.,19,2302
5507107b333330000c8d0000,There are so many jobs in the water industry — but first you gotta find water,4,2220
5507107b333330000c8d0000,It's so cool to see their lives change by the turn of a faucet,9,2262
5507107b333330000c8d0000,"I take water for granted, but there's 3 reasons why she can't",9,2183
5507107b333330000c8d0000,There are 3 life-changing things that water does for her. When she lists them it really gets to me.,9,2166
5507107b333330000c8d0000,Her job didn't exist before. Now it's changing her whole town.,14,2313
550722b2363261001c0d0000,A video (and a job) that might make you realize just how much you take your tap for granted.,5,2149
550722b2363261001c0d0000,Her job didn't exist before. Now it's changing her whole town.,6,2373
550722b2363261001c0d0000,Her job didn't exist before. Now it's changing her whole town.,13,2225
5507363c363261001c350000,2 groups in Boston just made history on St. Patrick's Day.,7,2164
5507363c363261001c350000,A St. Patrick's Day parade was missing 1 big thing... until this year.,11,2237
5507363c363261001c350000,"They tried to march in the parade, but they were told they weren't wanted. Until now.",12,2294
5507363c363261001c350000,The most famous St. Patrick's Day parade in the world just made history.,18,2242
5507363c363261001c350000,"The Supreme Court allowed them to discriminate for 20 years. This year, they changed their mind.",21,2267
550740e5333431000c420000,See the reason these 'criminals' hate California so bad they want to shoot it.,3,2254
550740e5333431000c420000,2 gun-waving 'criminals' find the perfect website to plan their next getaway.,6,2245
550740e5333431000c420000,Funny or Die's new video targets criminals with important info about where (not) to buy a gun.,8,2233
550740e5333431000c420000,See how a new website just made life easier for criminals across the country.,12,2238
550740e5333431000c420000,A commercial for a new website made me laugh so hard I forgot the alarming reason it was made.,24,2165
550740e5333431000c420000,Take 2 minutes for the funniest commercial about guns you'll ever see.,32,2256
55074df6363261000c5b0000,An Upworthy &amp; TOMS event: Let's talk about water.,4,2356
55074df6363261000c5b0000,Grab your knowledge cup and fill it up with our special World Water Day event,4,2256
55074df6363261000c5b0000,Some women in the depths of poverty just became water science experts.,4,2175
55074df6363261000c5b0000,Her job didn't exist before. Now it's changing her whole town.,5,2211
55076979666539002c070000,He and his friends are violent people in leather jackets who yell at women. They LOVE this website.,11,2141
55076979666539002c070000,This new website about guns makes me wonder whether I should be relieved or scared sh*tless.,13,2271
55076979666539002c070000,Take 2 minutes for the funniest commercial about guns you'll ever see.,22,2255
55076979666539002c070000,She puts the barrel of a gun in her mouth to drive home a ridiculous point.,22,2229
55076979666539002c070000,Take 2 minutes for the funniest commercial about guns you'll ever see.,27,2222
55076979666539002c070000,Take 2 minutes for the funniest commercial about guns you'll ever see.,42,2234
550793716639610018050000,Gay black men speak candidly about their sex lives. Including the one that wrote this headline.,11,2226
550793716639610018050000,Gay black men speak candidly about their sex lives. Including the one that wrote this headline.,13,2247
550793716639610018050000,Gay black men speak candidly about their sex lives. Including the one that wrote this headline.,13,2203
550793716639610018050000,Black men who have dated outside of their race talk about some heart-dropping letdown moments.,18,2209
550793716639610018050000,Gay black men speak candidly about their sex lives. Including the one that wrote this headline.,20,2266
550793716639610018050000,Gay black men speak candidly about their sex lives. Including the one that wrote this headline.,24,2212
550824c9323533000c340000,A new app helps this Indian city distribute its limited water supply.,2,2272
550824c9323533000c340000,People here used to sit by their taps for hours waiting for water. The new system is SO much better.,3,2227
550824c9323533000c340000,"In this city of 8.5 million, one essential resource can be extremely unreliable. What's the fix?",4,2261
550824c9323533000c340000,A city of 8.5 million needed a better way to ration out its water supply.,9,2173
550824c9323533000c340000,"Imagine living in NYC, but only having water for 4 hours/day. What would you do?",12,2240
550824c9323533000c340000,What if you only had this crucial resource about 9% of the time?,12,2207
550826d166396100183a0000,"After 20 years, LGBTQ groups are finally marching in the St. Patrick's day parade. It's fantastic.",12,2246
550826d166396100183a0000,A St. Patrick's Day story that proves that people really do change for the better.,16,2206
550826d166396100183a0000,A mega-sweet St. Patrick's Day story that proves that people really do change for the better.,19,2198
550826d166396100183a0000,One of the most famous St. Patrick's Day parades in the world just made history.,27,2265
550826d166396100183a0000,"The Supreme Court allowed them to discriminate for 20 years. This year, they changed their mind.",27,2250
5508345a3235330024390000,Everyone deserves to love their body. This blogger has set out to prove it.,31,2231
5508345a3235330024390000,He's lost over 270 lbs. But making this video is the hardest thing he's done.,33,2210
5508345a3235330024390000,"He's a body positive advocate, but he's never shown the world what he looks like",51,2238
5508345a3235330024390000,He's been afraid to take his shirt off for way too long. That changes now.,52,2229
5508345a3235330024390000,"It's the side of extreme weight-loss you won't see on TV, but that's why it's needed",66,2243
550858c9353831000c300000,Why are people in this huge city only getting a crucial resource 9% of the time?,2,2270
550858c9353831000c300000,You live in a city bigger than NYC. You only get water for 4.5 hours every other day. Where are you?,9,2209
550858c9353831000c300000,"In this city of 10 million, much of the water supply is controlled by dudes on motorcycles.",19,2212
55085b68353831002c5a0000,She had a revolutionary idea: instantly being able to vote if you're eligible to vote. Brilliant!,3,2228
55085b68353831002c5a0000,"Watch out, enemies of democracy. This lady wants to make it super easy for voters to vote.",4,2229
55085b68353831002c5a0000,"She made registering to vote so easy, you don't even have to do ANYTHING.",4,2224
55085b68353831002c5a0000,"What if registering to vote were so easy, you didn't have to do ANYTHING? She thinks it should be.",6,2226
55085b68353831002c5a0000,People who think registering to vote should be a chore don't like this lady. Not one little bit.,6,2182
55085b68353831002c5a0000,"Oregon's Governor just did something that could change everything, if other states copy hers.",23,2265
5508702f6563380024020000,Is this cartoon character (that's actually a machine) a boy or a girl? And why it matters.,12,2241
5508702f6563380024020000,Is this cartoon character (that's actually a machine) a boy or a girl? And why it matters.,13,2260
5508702f6563380024020000,Is this cartoon character (that's actually a machine) a boy or a girl? And why it matters.,14,2204
5508702f6563380024020000,Is this cartoon character (that's actually a machine) a boy or a girl? And why it matters.,16,2187
5508702f6563380024020000,Is this cartoon character (that's actually a machine) a boy or a girl? And why it matters.<br>,21,2262
55087acc6538660018370000,"Once they learn to read that book, they're somebody. They will tell you, I am someBODY. I can read!'",6,2261
55087acc6538660018370000,"She was born with the beautiful name, 'Essence.' Her legacy has started something huge.",13,2240
55087acc6538660018370000,He lost his little sister at age 7. But what he made out of that is simply beautiful.,14,2261
55087acc6538660018370000,The Essense K. Coprich Family would like you to know something about their daughter.,14,2257
55087acc6538660018370000,Her name was 'Essence.' This is a little story about making her essence felt in her community.,14,2102
55087b4f65386600243a0000,Who will help you write a happy ending to your very first love story?,10,2220
55087b4f65386600243a0000,"Your very first love story is still unfolding, and now you're thinking about how it ends.",12,2291
55087b4f65386600243a0000,Who will help you write the happiest possible ending to your very first love story?,13,2187
55087b4f65386600243a0000,Your first love story started long before romance. This is how to write a great final chapter.,20,2212
550898016563380024710000,"1,500 films were analyzed. The prognosis is grim, but there's hope.",18,2252
550898016563380024710000,"An analysis of 1,500 films shows that even Hermione needed more girls to talk to at Hogwarts.",21,2206
550898016563380024710000,"1,500 movies were put to a very basic test. Hundreds didn't pass, but there's room for growth.",25,2273
550898016563380024710000,"Last year, nearly half of all movies failed this really basic test, but there's hope.",31,2182
550898016563380024710000,"An analysis of 1,500 films resulted in 1 disturbing conclusion.",44,2246
550898016563380024710000,"An analysis of 1,500 films resulted in 1 disturbing conclusion.",51,2180
5508a1d4656338000c7b0000,"Step 1. Get driver's license. Step 2. Skip voter registration. Super easy, right?",4,2282
5508a1d4656338000c7b0000,What Oregon's brilliant Governor just signed makes voter registration as easy as doing nothing.,8,2268
5508a1d4656338000c7b0000,"Oregon's Governor just did a thing that could change everything for voters, if other states copy it.",13,2161
5508ac7e383035000c0a0000,"Some politicians want to force this man to use the women's restroom, and it's absolutely ridiculous.",16,1992
5508ac7e383035000c0a0000,Does he look like he belongs in the women's restroom? So why are some politicians putting him there?,21,2081
5508ac7e383035000c0a0000,Here's what it'll look like if trans people aren't allowed to use the right bathroom.,25,2138
5508ac7e383035000c0a0000,His Twitter campaign highlights everything wrong with the argument against trans bathroom rights.,24,1988
5508ac7e383035000c0a0000,"Yes, this is a man in a women's restroom. Why? To protest men being forced to use women's restrooms.",24,1963
5508e4a5643461000c2f0000,Let's talk turkey about beef,1,2102
5508e4a5643461000c2f0000,Some quick ideas on how we can win the war on water,1,2060
5508e4a5643461000c2f0000,Some farmers are causing a ruckus so let's talk turkey about beef,1,2000
5508e4a5643461000c2f0000,"Some quick facts about water, your food, and how we can win",3,1989
5508e4a5643461000c2f0000,We are literally running out of water and Brazil can show us how it's done,3,1953
5508e4a5643461000c2f0000,The way we grow food is causing a ruckus and we have a way to make it all good,5,2054
5509648e643461000c450000,"When we lose somebody, we never know what they will inspire us to do. Meet Essence.",5,2182
5509648e643461000c450000,The Essense K. Coprich Family would like you to know something about their daughter.,9,2215
5509648e643461000c450000,Her name was 'Essence.' This is a little story about making her it felt in her community.,9,2196
5509648e643461000c450000,Her name was 'Essence.' This is a little story about making her essence felt in her community.,13,2291
5509648e643461000c450000,Her name was 'Essence.' This is a little story about making it felt all around her.,17,2255
550985506434610024780000,They just wanted to make the boy feel normal. They ended up making him feel like a superhero.,15,2536
550985506434610024780000,"The inventors of this could have made a fortune. Instead, they're making kids happy.",19,2553
550985506434610024780000,Their invention changed his life. All because he doesn't fit in anymore.,19,2528
550985506434610024780000,The boy didn't want to blend in. He wanted to stand out. And they made it happen.,29,2555
55098e30643461000c6a0000,The fastest way to increase bankruptcies in your state? It rhymes with 'right-to-shirk.',12,2204
55098e30643461000c6a0000,"Right-to-work, refusing Obarmacare money, and etc. increase personal bankruptcies. You heard me.",15,2262
55098e30643461000c6a0000,A bankruptcy lawyer testifies at a 'right-to-work' hearing. The crowd laughs — to keep from crying.,20,2257
55098e30643461000c6a0000,An attorney testifies at a 'right-to-work' hearing. The audience responds with stunned laughter.,21,2227
55098e30643461000c6a0000,Did you hear the one about a lawyer who testified at a 'right-to-work' hearing? It's hilarious.,32,2234
55098e30643461000c6a0000,"A bankruptcy lawyer shows up at a 'right-to-work' hearing. Believe it or not, hilarity ensues.",32,2153
5509a32e633837001c060000,"The ambitious anti-violence campaign starts by addressing bystanders, but there's so much more.",13,2005
5509a32e633837001c060000,Ontario sets aside $41 million to end sexual assault. This powerful PSA is just the start.,16,2010
5509a32e633837001c060000,A brand new PSA from Canada seeks to end sexual assault by addressing bystanders.,18,2052
5509a32e633837001c060000,A chilling PSA is just the start for this ambitious campaign to end sexual assault.,27,2035
5509a32e633837001c060000,A new PSA takes on sexual assault through fresh eyes: yours.,29,2058
5509a891313435002c120000,Voting in her state wasn't easy enough for her. There. She fixed it.,11,2242
5509a891313435002c120000,What Kate Brown and Oregon are doing to simplify voting is nothing short of brilliant,12,2265
5509a891313435002c120000,"If what she just did in Oregon sweeps the nation, it's going to get very easy to vote.",14,2283
5509a891313435002c120000,"Oregon's Governor just did a thing that could change everything for voters, if other states copy it.",24,2180
5509ac3d313435000c150000,The video every rich and/or powerful person needs to watch on the necessity of a living wage,11,2515
5509ac3d313435000c150000,This guy has a stern message to his fellow zillionaires: 'The pitchforks are coming',13,2495
5509ac3d313435000c150000,Watch this super-rich capitalist send an important message to his fellow richies.,15,2580
5509ac3d313435000c150000,Compelling case for raising the minimum wage from the last kind of person you'd expect,15,2499
5509ac3d313435000c150000,Rich guy to fellow zillionaires: Enjoy it while it lasts,23,2536
5509ac3d313435000c150000,The most convincing argument I've heard for raising the minimum wage. From a rich guy.,28,2625
5509b979633837002c360000,Her name was 'Essence.' This is a little story about making her essence felt in her community.,7,2014
5509b979633837002c360000,Her name was 'Essence.' This is a little story about making it felt all around her.,9,1908
5509b979633837002c360000,First he describes the tragedy that changed his life. But then he reveals what he did with it.,11,2063
5509b979633837002c360000,"She died at age 7, but because of her lots of kids are learning to read.",16,2075
5509b979633837002c360000,The little girl in this story is no longer alive. But she's still the star.,34,2050
5509c545313435002c660000,Our society is kaput' and other insights from an ageless 88 year old,6,2042
5509c545313435002c660000,Her solution for world peace? Put all the politicians on a ship and sink it.<br>,9,1979
5509c545313435002c660000,She escaped Nazi rule to Argentina. That was just the start of her adventure.,11,2016
5509c545313435002c660000,She lies about her age by adding a year. We could learn from her.,12,2018
5509c545313435002c660000,Just because her life was incredible doesn't mean she hates the idea of dying,13,2043
5509c545313435002c660000,I prefer now the look of a madame in a whorehouse' and other fabulous declarations,14,2099
5509c545313435002c660000,"It's what I am, not what I look like, and excuse me but go f*** yourself'",25,2017
5509c545313435002c660000,A profanity-laden take on life from an 87 year old who pretends she's 88,43,2002
5509dbfd376635000c2f0000,"The LEGO set you never knew you wanted, but now you totally want.",10,3615
5509dbfd376635000c2f0000,This picture is in a magazine for young girls. Published by a toy company. Ew.,12,3544
5509dbfd376635000c2f0000,LEGO thinks girls want beauty tips. She thinks they want role models.,13,3552
5509dbfd376635000c2f0000,A toy company published beauty advice in its magazine for kids. She set them straight.,26,3511
5509e859623563000c400000,"He starts talking, and I'm thinking … groan. But he quickly gets me. I see what you did there.",16,3532
5509e859623563000c400000,"When he talked about a law that will cost working people money, he went all Stephen Colbert.",18,3571
5509e859623563000c400000,A business owner drops in on hearings about right-to-work and gets everybody giggling.,18,3537
5509e859623563000c400000,That one time a lawyer showed up to talk about 'right-to-work' and had the room in stitches.,21,3551
5509e859623563000c400000,"Normally, hearings about laws are dry and pretty meh. This guy showed up and flipped the table.",26,3561
5509e859623563000c400000,"A bankruptcy lawyer shows up at a 'right-to-work' hearing. Believe it or not, hilarity ensues.",30,3537
5509ed8b623563000c500000,A profanity-laden take on life from an 87 year old who pretends she's 88<br>,15,3642
5509ed8b623563000c500000,A profanity-laden take on life from an 87 year old who pretends she's 88,31,3600
5509ed8b623563000c500000,A profanity-laden take on life from an 87 year old who pretends she's 88<br>,33,3505
5509ed8b623563000c500000,A profanity-laden take on life from an 87 year old who pretends she's 88<br>,36,3558
5509ed8b623563000c500000,A profanity-laden take on life from an 87 year old who pretends she's 88<br>,42,3554
5509ed8b623563000c500000,A profanity-laden take on life from an 87 year old who pretends she's 88<br>,44,3572
5509ed8b623563000c500000,A profanity-laden take on life from an 87 year old who pretends she's 88<br>,50,3496
5509ed8b623563000c500000,A profanity-laden take on life from an 87 year old who pretends she's 88<br>,56,3392
5509ed8b623563000c500000,A profanity-laden take on life from an 87 year old who pretends she's 88<br>,92,3552
5509ef69623563000c540000,His body issues and some thoughts on the toys that may start them. A look at men today.,38,3514
5509ef69623563000c540000,"He has issues with the way he looks, and he wants other men to know it's cool to talk about them",47,3627
5509ef69623563000c540000,Someone asked about his body issues and it made me wonder why he has them,49,3601
5509ef69623563000c540000,"Someone asked him about his body issues, and he explained why he has them",48,3497
5509ef69623563000c540000,Someone asked him about his body and I wonder what causes us to,50,3527
5509f1286235630024620000,"How to be a corrupt congressperson, legally.",10,3548
5509f1286235630024620000,"How to be a corrupt congressperson, legally.",13,3624
5509f1286235630024620000,"How to be a corrupt congressperson, legally.",13,3489
5509f1286235630024620000,The spectacular fall of Rep. Aaron Schock,21,3616
5509f93362356300246f0000,A powerful new PSA takes on sexual assault through fresh eyes: Yours.,17,3506
5509f93362356300246f0000,This new PSA uses your own perspective to make a great point about preventing sexual assault.,27,3614
5509f93362356300246f0000,A new PSA takes on sexual assault through fresh eyes: yours.,30,3658
5509f93362356300246f0000,A new PSA takes on rape culture through a unique set of eyes: Yours.,45,3401
5509f93362356300246f0000,A chilling new PSA takes on sexual assault through fresh eyes: Yours.,53,3575
550a003f376635000c700000,A chilling new PSA takes on sexual assault through a unique set of eyes: Yours.,23,3589
550a003f376635000c700000,A chilling new PSA takes on sexual assault through a unique set of eyes: Yours.,32,3586
550a003f376635000c700000,A chilling new PSA takes on sexual assault through fresh eyes: Yours.,35,3457
550a003f376635000c700000,A chilling new PSA takes on sexual assault through a unique set of eyes: Yours.,39,3592
550a003f376635000c700000,A chilling new PSA takes on sexual assault through a unique set of eyes: Yours.,39,3552
550a003f376635000c700000,A chilling new PSA takes on sexual assault through a unique set of eyes: Yours.,42,3542
550a003f376635000c700000,A chilling new PSA takes on sexual assault through a unique set of eyes: Yours.,43,3550
550a0cf6623563000c7b0000,Someone asked about his body issues and it made me wonder why he has them,31,3517
550a0cf6623563000c7b0000,"Someone asked him about his body issues, and he explained why he has them",39,3570
550a0cf6623563000c7b0000,"Someone asked him about his body issues, and he explained why he has them",45,3637
550a0cf6623563000c7b0000,"Someone asked him about his body issues, and he explained why he has them",46,3535
550a0cf6623563000c7b0000,"Someone asked him about his body issues, and he explained why he has them",58,3538
550a0d3c62356300248c0000,"The droughts are so intense, girls as young as 7 help get water — and walk miles for hours to do it.",3,2134
550a0d3c62356300248c0000,"If we had to share a sink with 99 other people, we'd all flip out. Now imagine walking 7 miles to it",3,2013
550a0d3c62356300248c0000,Heat beats down as they walk for miles. But they still get water their families need. They have to.,5,2000
550a0d3c62356300248c0000,"These women's husbands don't believe it takes so long to get water. After I heard them speak, I do.",18,1995
550a0d403766350018810000,"If a hospital said to bring your own water, how would you react? Doris was thankful.",7,2480
550a0d403766350018810000,"Doris Alikado was a lucky mother — unlike the 8,000 moms who die in Tanzania each year in childbirth",10,2623
550a0d403766350018810000,"Before she had her twins, the hospital required her to do 1 thing: Bring water. She barely did it.",19,2499
550a0d403766350018810000,"What does childbirth look like? For Doris, it was far from clean. It was a bacterial nightmare.",22,2567
550a23dd62356300188c0000,"We can't change the Earth by just looking at it, right? Turns out, wrong. Sorta.",7,3502
550a23dd62356300188c0000,A beautiful 'effect' happens to us when we see Earth through space,9,3615
550a23dd62356300188c0000,What happened after that big 'blue marble' was photographed from space?,9,3541
550a23dd62356300188c0000,A bunch of astronauts talk about an 'effect' that happened to them when they looked down from space,11,3594
550a25f03766350024aa0000,Women are on exactly zero bills. Isn't it time for a change?,8,3573
550a25f03766350024aa0000,"Kids dig through a jar of cash, looking for something they'll never find. Let's change that.",8,3515
550a25f03766350024aa0000,And the first woman on U.S. currency should be...,9,3622
550a25f03766350024aa0000,Even little kids know where women belong. (It's on the money. Literally.),11,3603
550a25f03766350024aa0000,"I don't want to put a monetary value on women, but if I *had* to, $20 sounds good.",13,3459
550a25f03766350024aa0000,The faces on paper money haven't changed since 1929. You know what's missing? Women.,15,3556
550a2fb0376635000cbd0000,History's full of great women doing incredible things. But where? Now there's an app for that.,4,2464
550a2fb0376635000cbd0000,Women have made history in lots of places. Now a cool app can take you there.,11,2601
550a2fb0376635000cbd0000,A new app lets your phone take you where great women did great things.,15,2534
550a2fb0376635000cbd0000,This is fun. A free app that lets you know when a woman made history nearby.,18,2559
550a2fb0376635000cbd0000,A new app gets you buzzed every time you're near a place where a woman made history.,21,2506
550a345c3766350024d70000,Why do we love that picture of our 'big blue marble' so much?,5,3587
550a345c3766350024d70000,Ever look up at the sky and feel insignificant? Might want to try the other way around.,11,3559
550a345c3766350024d70000,"When these astronauts described how it changed them, I got goosebumps.",11,3498
550a345c3766350024d70000,Was going to the moon the most important thing we've done in space? These astronauts disagree.,13,3590
550ada6737663500240c0100,These 10 people are linked to some of the most common vaccines we have today,7,2558
550ada6737663500240c0100,10 life-saving heroes walk into a photo. Obviously we're going to celebrate them.,7,2532
550ada6737663500240c0100,We owe a lot of thanks to these 10 heroes together in one photo,8,2536
550ada6737663500240c0100,10 life-saving heroes walk into a photo. Obviously we're going to celebrate them.,8,2511
550ae0c3376635000c290100,"Normally, hearings about laws are dry and pretty meh. This guy showed up and flipped the table.",32,3441
550ae0c3376635000c290100,There were days of boring speeches about a law that was certain to pass. Then this guy showed up.,34,3487
550ae0c3376635000c290100,"A 'Right-to-work' law was being debated in Wisconsin, so this lawyer provided comic relief.",36,3612
550ae0c3376635000c290100,A lawyer shows up at a 'right-to-work' hearing. And ... cue the laughter.,44,3581
550ae0c3376635000c290100,"A bankruptcy lawyer shows up at a 'right-to-work' hearing. Believe it or not, hilarity ensues.",49,3565
550ae0c3376635000c290100,"A lawyer shows up at a 'right-to-work' hearing. Believe it or not, hilarity ensues.",50,3521
550af92c376635000c780100,"Your only hope is that if a bomb goes off, it's far enough away. Or it's close enough.'",4,2481
550af92c376635000c780100,You have to survive. You can't just huddle in your house all day in fear.',15,2618
550af92c376635000c780100,They held a dance party in the street in one of the most dangerous places in the world. Amazing.,18,2511
550af92c376635000c780100,"12 years ago, we invaded Iraq. Here's what Baghdad looks like today.",49,2533
550afc0c37663500187c0100,They looked at our little planet from above and felt something so powerful they had to name it,6,2559
550afc0c37663500187c0100,"If you thought seeing the moon was the coolest thing about moon landings, guess again<br>",10,2539
550afc0c37663500187c0100,"While drifting in space, they discovered a powerful effect by just looking through their eyes",12,2528
550afc0c37663500187c0100,"When they left the Earth, they looked back and saw us all in a way only a few can explain",18,2535
550afc3e62356300181e0100,What dating a person who isn't my race taught me about living through a unsatisfying letdown moment.,44,2499
550afc3e62356300181e0100,"When this black guy dated outside of his race, he experienced a heart-dropping letdown moment.",55,2544
550afc3e62356300181e0100,How dating outside of my race made me experience a heart-dropping letdown moment.,54,2494
550afc3e62356300181e0100,What dating outside of my race taught me about living through heart-dropping letdown moments.,58,2529
550afc3e62356300181e0100,"When I dated outside of my race, I experienced a heart-dropping letdown moment.",67,2593
550afc3e62356300181e0100,A black guy who dates outside of his race experiences a heart-dropping letdown moment.,69,2552
550affce3766350024610100,University of Virginia students unify behind beaten classmate.,9,2521
550affce3766350024610100,A campus comes together in solidarity with their classmate after he was beaten by police.,11,2548
550affce3766350024610100,"The way the police treated him was so wrong. Luckily, his school is there to back him up.",15,2516
550affce3766350024610100,"He was yelling for help, asking for the beating to stop. Now his classmates have his back.",30,2580
550b0e0a3766350024960100,Homesickness made her cry. Then her mom teared up and I was a hot mess.,4,2489
550b0e0a3766350024960100,She left her family to care for dogs in the Artic. What her mom does for her is beautiful.,15,2506
550b0e0a3766350024960100,"She was freezing in the artic, so she never expected this delivery.",17,2497
550b0e0a3766350024960100,She needed a good meal. When I saw how her mom made that happen — wow.,19,2503
550b0e0a3766350024960100,"Most people wouldn't do her job, so when I saw her reward — incredible.",20,2580
550b0e0a3766350024960100,"I'm never emotional when I see people eating, until I saw Carmen.",21,2606
550b11ff376635000ce60100,"He was yelling for help, asking for the beating to stop. Now his classmates have his back.",17,2590
550b11ff376635000ce60100,"He was yelling for help, begging for the beatings to stop. Now his classmates have his back.",19,2551
550b11ff376635000ce60100,"He was yelling for help, asking for the beatings to stop. Now his classmates have his back.",19,2483
550b11ff376635000ce60100,"He was yelling for help, begging for the beating to stop. Now his classmates have his back.",26,2528
550b28753630330018130000,"Graveyards don't have to be creepy; they can be beautiful, and one company has a plan to make that happen.",22,2540
550b28753630330018130000,A company in Italy figured out a genius way to make graveyards 1000% less creepy.,24,2460
550b28753630330018130000,"If one Italian company gets its way, here's what could happen to you after you die.",26,2456
550b28753630330018130000,A company in Italy figured out a genius way to use dead bodies.,30,2566
550b28753630330018130000,A company in Italy figured out a genius way to make graveyards obsolete.,38,2650
550b4b65363033000c960000,She's writing a skit to make a big point about how women value themselves.,6,2042
550b4b65363033000c960000,This comedian is going to hire a focus group to tell her all about what's wrong with her body.,10,2084
550b4b65363033000c960000,This comedian is going to hire a focus group to critique her body.,12,2038
550b4b65363033000c960000,Would you hire a focus group to find out how to be prettier and better and more palatable to dudes?,19,2107
550b4b65363033000c960000,She's doing to make a big point about how women feel about themselves.,21,2009
550b4b65363033000c960000,"She's 34, 5'3, and 175 pounds. The world tells her she's not supposed to tell you that.",47,1933
550b4c54363033000ca50000,Graveyards would be 1000% less creepy if we memorialized our loved ones with trees instead,20,1978
550b4c54363033000ca50000,Two designers in Italy figured out a genius way to make graveyards 500% less creepy.,25,2037
550b4c54363033000ca50000,2 Italian designers hatched a genius plan to make graveyards 500% less creepy.,26,2069
550b4c54363033000ca50000,A company in Italy figured out a genius way to make graveyards 1000% less creepy.,28,1978
550b4c54363033000ca50000,2 designers in Italy came up with a genius plan to make graveyards 1000% less creepy.,31,2102
550b50736436380024100000,Watching pristine forests fall for the sake of big oil put these celebrities in tears.,6,2079
550b50736436380024100000,"The tar sands industry is a tragedy up north, and these celebrities want you to know about it.",8,2027
550b50736436380024100000,"The President has said ""not now,"" but these people want him to say ""not ever.""",20,2033
550b50736436380024100000,"This business is like a giant cancer in the north, and 100 celebrities want to stop the bleeding.",22,2037
550b57b8643638000c1b0000,See how one woman's life changed forever when she got a toilet.,14,2042
550b57b8643638000c1b0000,See how one woman's life changed forever when she got a toilet.,22,1981
550b57b8643638000c1b0000,See how one woman's life changed forever when she got a toilet.,25,2093
550b57b8643638000c1b0000,See how one woman's life changed forever when she got a bathroom.,33,2008
550b614f3530340018320000,How Upworthy folks learned to be better allies to one of our own.,3,2040
550b614f3530340018320000,"There are boys on one side, girls on the other, and a lot of possibilities between the two.",10,2057
550b614f3530340018320000,Do you know that there are people who don't identify as man or woman?,11,1945
550b614f3530340018320000,"Lots of people go by 'he', and lots of people go by 'she'. And some people ... don't.",14,2023
550b614f3530340018320000,"Why ""Mr."" and ""Mrs."" are not anywhere near enough anymore.",16,1980
550b614f3530340018320000,Upworthy failed one of our own employees. But we learned a lot from it.,20,2120
550b98d5383234000c250000,The kids aren't all right. 7 photos show you a world of change.,22,2095
550b98d5383234000c250000,The kids aren't all right. 7 photos show you a world of change.,29,2038
550b98d5383234000c250000,These kids aren't all right. 7 photos show you a world of change.,32,1964
550b98d5383234000c250000,The kids aren't all right. 7 photos show you a world of change.,34,2014
550c293e3832340024350000,Even super cool husky guides in the Arctic miss home at times.,12,2018
550c293e3832340024350000,Even fearless Arctic husky guides need their moms sometimes.,18,2037
550c293e3832340024350000,Even adventurous husky guides in the Arctic cry for their moms sometimes.,19,2013
550c293e3832340024350000,Even badass husky guides in the Arctic need their moms sometime.,21,2013
550c293e3832340024350000,Even brave husky guides in the Arctic just want their moms at times.,28,2046
550c2ca262636400243b0000,"They expected a cute performance, but what they got was a compelling case for better food.",7,2047
550c2ca262636400243b0000,"You might recognize the tune, but the message behind it is not popular enough.",16,2116
550c2ca262636400243b0000,"The parents expected a cute performance, but they got more than that: a request for better food.",22,1964
550c2ca262636400243b0000,"I expected a cute performance, but what it revealed was something much more serious.",24,2036
550c2ca262636400243b0000,"Their parents expected a cute musical, but the cows had everyone cringing",36,1968
550c305b626364000c410000,Monica Lewinsky: 'You *can* survive shame and public humiliation.',10,1993
550c305b626364000c410000,"Monica Lewinsky just gave a wonderful, moving speech about shame. Here's the most important part.",29,2038
550c305b626364000c410000,Her life was turned upside-down 17 years ago. Her message today couldn't be more important.,29,1973
550c305b626364000c410000,Monica Lewinsky: 'Anyone who is suffering from shame and public humiliation needs to know 1 thing.',38,2079
550c305b626364000c410000,This is the most important 20 seconds of Monica Lewinsky's TED Talk.,60,2063
550c33c3626364000c4f0000,Kate Mara from House of Cards has a way to make Mondays something to get excited about.,24,1995
550c33c3626364000c4f0000,"If 1 little thing could make your life better in 3 ways, don't you want to know?",27,2014
550c33c3626364000c4f0000,"Binge-watching made her a star, but Kate Mara's concerned with another kind of over-indulging.",32,2075
550c33c3626364000c4f0000,3 big problems we have because Americans eat more of this than just about anyone.,40,1998
550c33c3626364000c4f0000,She's not saying you have to stop eating it. But eating a little less lets 3 great things happen.,47,2055
550c427763666100180c0000,"For one man, happiness was as simple as air. For one woman, it was the sound of music.",3,1992
550c427763666100180c0000,"""My joy is relative. Here, we breathe better. There is air, and you can't hear any gunfire.""",4,1968
550c427763666100180c0000,"On International Day of Happiness, a video gives a glimpse at the 7 billion ways to be happy.",6,2015
550c427763666100180c0000,An International Day of Happiness video gives a glimpse at small joys around the world.,10,2053
550c427763666100180c0000,People around the world list reasons to feel happy. What's yours?,13,2088
550c49b06366610024180000,This is the most important 20 seconds of Monica Lewinsky's TED Talk.,43,2048
550c49b06366610024180000,Monica Lewinsky: 'Anyone who is suffering from shame and public humiliation needs to know 1 thing.',42,1996
550c49b06366610024180000,This is the most important 20 seconds of Monica Lewinsky's TED Talk.,50,2065
550c49b06366610024180000,This is the most important 20 seconds of Monica Lewinsky's TED Talk.,51,2015
550c49b06366610024180000,"She was shamed, humiliated and mocked for years. Now she's breaking her silence.",52,1974
550c51913862650024360000,"25 kids are killed and 25,000 are hurt yearly by a 100% avoidable accident. Here's how to avoid it.",3,1978
550c51913862650024360000,You can save your kids' lives in less than hour. You just need to know how this accident can happen.,8,2025
550c51913862650024360000,"If you knew about common household items that could kill your kids, I'll bet you'd fix them.",11,2069
550c51913862650024360000,A disturbing 2-minute video might keep your kid alive.,29,2030
550c51913862650024360000,2-year-old Charlie died in an accident his dad didn't know could happen. Now he wants you to know.,39,2034
550c59336366610024420000,How one family turned their pain into something that helps kids learn to read.,4,2014
550c59336366610024420000,How one family tackled illiteracy in their town to honor a little girl.,7,2081
550c59336366610024420000,What happened to this family was tragic. So they threw themselves at the tragedy of illiteracy.,8,2083
550c59336366610024420000,The little girl in this story is no longer alive. But she's still the star.,22,1953
550c59ea6366610024480000,People around the world list reasons to feel happy. What are yours?,4,2011
550c59ea6366610024480000,People around the world list reasons to feel happy. What's yours?,6,2045
550c59ea6366610024480000,People around the world list reasons to feel happy. What are yours?,6,2031
550c59ea6366610024480000,People around the world list reasons to feel happy. What are yours?,7,1997
550c59ea6366610024480000,People around the world list reasons to feel happy. What are yours?,8,2100
550c59ea6366610024480000,People around the world list reasons to feel happy. What are yours?,9,1990
550c59ea6366610024480000,People around the world list reasons to feel happy. What are yours?,9,1976
550c5d3e386265000c590000,"The Xingu River is her home, but a giant dam is about to take it away.",6,1968
550c5d3e386265000c590000,Whole societies have been built around this river. The river is about to die.,13,2110
550c5d3e386265000c590000,"Her home is in one of the last good rain forests in Brazil, but that's all about to go underwater.",14,2044
550c5d3e386265000c590000,They resisted the dam for decades but now that fight may be over.,16,1999
550c67da3862650018510000,People all over the world have so many reasons to smile like this. What are yours?,0,1971
550c67da3862650018510000,There are 7 billion answers to the question 'What makes you feel happy?' Here are just a few.,4,2060
550c67da3862650018510000,People all over the world have so many reasons to smile like this. What are yours?,4,1950
550c67da3862650018510000,There are 7 billion answers to the question 'What makes you feel happy?' Here are just a few.,5,2128
550c67da3862650018510000,People around the world list reasons to feel happy. What are yours?,5,2039
550c67da3862650018510000,There are 7 billion answers to the question 'What makes you feel happy?' Here are just a few.,9,1961
550c67da3862650018510000,There are 7 billion answers to the question 'What makes you feel happy?' Here are just a few.,12,2022
550c67da3862650018510000,"When you ask people around the world what makes them happy, these are just some of the answers.",19,2044
550c799e3862650018890000,Even brave husky guides in the Arctic just want their moms at times.,8,2011
550c799e3862650018890000,Even brave Arctic safari guides need a hug from their mom sometimes.,12,2101
550c799e3862650018890000,"She works with Husky dogs in the arctic. Some days, all she wants is her mom.",18,1982
550c831e6366610018b80000,Your cell phone is literally a medical device that could save your child's life.,15,2020
550c831e6366610018b80000,We take photos of our kids because they're cute. We can also do it to detect cancer.,15,1987
550c831e6366610018b80000,Eyes are the windows to the soul. Add a smartphone and you have the tools for a cancer diagnosis.,21,2101
550c831e6366610018b80000,We take photos of our kids because they're cute. We can also do it to save their lives.,24,2017
550c831e6366610018b80000,You can use your smartphone to determine if your child has a deadly form of cancer. Here's how.,24,1996
550c92d4386265000ca60000,Her whole life has been entwined with this river. The river is about to disappear.,5,2010
550c92d4386265000ca60000,Some people herald big dams as part of a bright new future. She has a different perspective on that.,5,1978
550c92d4386265000ca60000,"They're the biggest structures we make, and they've got a price tag to match.",8,2085
550c92d4386265000ca60000,We like to build big things. But big dams have a price no one should have to pay.,8,2039
550cd39838626500180d0100,"For them, the river is just flowing water. For her, it's a way of life.",14,2022
550cd39838626500180d0100,"They have fought against this dam for decades, but the end is now in sight.",21,2003
550cd39838626500180d0100,"One of the world's largest dams rises in the Amazon, and its floodwaters mean disaster for many.",22,2058
550cd39838626500180d0100,"Water is for drinking.  It can also define who you are, and she doesn't want to lose that.",25,2032
550ce47b6366610024eb0000,"They fought long and hard to protect their land, but the end is now in sight.",8,2011
550ce47b6366610024eb0000,"They fought against this dam for decades, but the end is now in sight.",10,2075
550ce47b6366610024eb0000,"They have fought against this dam for decades, but the end is now in sight.",12,2023
550ce47b6366610024eb0000,"They have fought against this dam for decades, but the end is now in sight.",12,1989
550ce47b6366610024eb0000,"They have fought against this dam for decades, but the end is now in sight.",26,2095
550db8f5353063000c230000,Wall Street earned it. But does the average person deserve it?,2,2004
550db8f5353063000c230000,We followed the money on Wall Street all the way to Main Street. It's different.,3,1962
550db8f5353063000c230000,Here's a new concept: if you help the economy you should be successful. If you don't ....,4,2077
550db8f5353063000c230000,Dear people on Wall Street making billions of dollars despite not helping the finance system : NO,5,2036
550db8f5353063000c230000,"When you're standing on a pile of money as big as these guys have, it'd be easy to miss the point",8,2050
550db8f5353063000c230000,"They compared Wall Street bonuses to the total earnings of every minimum wage worker. Oh, it's sad.",10,2048
550f1bb63733350024050000,"Now *that's* what I call an acceptance speech. Thank you, Kerry Washington.<br>",7,2010
550f1bb63733350024050000,"Now *that's* what I call an acceptance speech. Thank you, Kerry Washington.<br>",11,2023
550f1bb63733350024050000,Now *that's* what I call an acceptance speech. <br>,13,2102
550f1bb63733350024050000,"Now *that's* what I call an acceptance speech. Thank you, Kerry Washington.<br>",19,1957
550f1bb63733350024050000,"Now *that's* what I call an acceptance speech. Thank you, Kerry Washington.<br>",24,2033
550f660e373335000c370000,It may just be doomed to slowly lose its habitat completely to warming.,3,2070
550f660e373335000c370000,Rising sea levels won't just affect faceless people of nations you've never heard of.,4,2044
550f660e373335000c370000,"From 1980-2003, there were 58 weather disaters that cost the US over a billion in damages.",4,1959
550f660e373335000c370000,What does wearing dark clothing on a hot day have to do with climate change?,5,2011
550f660e373335000c370000,"Yo, this ice shelf the size of Rhode Island disintegrated in, like, four months.",5,1995
550f660e373335000c370000,What does wearing black on a hot day have to do with climate change?,6,2016
550f660e373335000c370000,"Ever heard that saying ""a rising tide lifts all boats""? More like ""a rising tide sinks all coasts"".",9,2052
550f7aa2373335000c560000,An ice shelf the size of Rhode Island disintegrated into the sea in just 4 months.,4,2001
550f7aa2373335000c560000,"Yo, this ice shelf the size of Rhode Island disintegrated in, like, four months.",5,2105
550f7aa2373335000c560000,"Yo, this ice shelf the size of Rhode Island disintegrated in, like, four months.",6,2023
550f7aa2373335000c560000,NASA made an adorable video explaining climate change. You'll heart it.,12,2001
55101988356238000c3f0000,"Climate change.' One man is banned from saying it, but those who *can* have a field day with him.",23,2030
55101988356238000c3f0000,What hilarity ensues when people are banned from using words they need to use in their daily jobs?,24,2057
55101988356238000c3f0000,"I had to see it to believe it. Rick Scott banned the term 'climate change,' causing utter hilarity.",25,2000
55101988356238000c3f0000,"I didn't believe that Florida had banned this term, but something hilarious happened to prove it.",31,2065
55101988356238000c3f0000,"I heard Rick Scott banned the term ""climate change."" I doubted it until I saw this hilarious video.",31,1990
551040eb66313400185b0000,The kids aren't all right. 7 worldwide photographers share how kids are living climate change.,26,2022
551040eb66313400185b0000,The kids aren't all right. 7 photos show you climate change from a special point of view.,31,2063
551040eb66313400185b0000,The kids aren't all right. 7 photos show you a world of change.,44,2020
551040eb66313400185b0000,These kids aren't all right. 7 photos show you a world of change.,51,2026
5510417e356238000c7d0000,"She felt stuck, but wasn't alone. There's 600 thousand people like her.",6,2048
5510417e356238000c7d0000,"Her name is Sarah, but there's 600 thousand people just as confused about home as she is.",8,2048
5510417e356238000c7d0000,What's life like when you have no nationality? Kinda like this.,11,2040
5510417e356238000c7d0000,She was kicked out at 15 and went into hiding. Now she's stateless.,11,2031
5510417e356238000c7d0000,"She had a normal life until her parents got arrested, that changed everything.",14,2122
5510417e356238000c7d0000,She can't study or start a family all because of what happened at 15.,17,1935
551050fa356238000caa0000,"When you're standing on a pile of money as big as these guys have, it'd be easy to miss the point",4,2022
551050fa356238000caa0000,Dear people on Wall Street making billions of dollars despite not helping the finance system : NO,7,2042
551050fa356238000caa0000,"They compared Wall Street bonuses to the total earnings of every minimum wage worker. Oh, it's sad.",15,2041
551060c4626666000c000000,Are people homeless because they choose to be?,4,2043
551060c4626666000c000000,"Once you look past these myths, you can see the one unarguable truth about homelessness.",4,1996
551060c4626666000c000000,"You might see these signs everyday, but how did they get there? Let's start with a few myths.",12,2006
551060c4626666000c000000,"If you've heard one story, you've heard 'em all, right? Nope. That'd be myth #1.",14,2053
55106272663134000c810000,"Stop watching this video, step away from your desk, and go do something fun *right now.*",5,2079
55106272663134000c810000,STUDY: 50% of all Americans go into work even when they don't need to be there.,5,1992
55106272663134000c810000,"If you're watching this video at work, you're doing it wrong.",8,2019
55106272663134000c810000,You shouldn't have to choose between your job and your life.,9,2039
55106272663134000c810000,How many extra tabs do you have open on your computer right now?' It's a serious question.,11,2010
551062cb626666000c0b0000,Shining a different light inside a Cambodian garment factory. A positive one.,7,3047
551062cb626666000c0b0000,Here's a sign of progress being made in the garment factory industry,9,3031
551062cb626666000c0b0000,These garment workers are learning a ton over their lunch break. I'd love to see more of it.,10,3090
551062cb626666000c0b0000,A look inside a Cambodian garment factory. It's not how I thought it'd look.,30,3028
55106d696266660018330000,Compare Wall Street bonuses to the total earnings of every minimum wage worker. Go.,5,2040
55106d696266660018330000,Compare Wall Street bonuses to the total earnings of every minimum wage worker. Go.,6,1995
55106d696266660018330000,"They compared Wall Street bonuses to the total earnings of every minimum wage worker. Oh, it's sad.",7,2028
55106d696266660018330000,Compare Wall Street bonuses to the total earnings of the everyday worker. Go.,9,2050
551072b06266660024450000,Compare Wall Street bonuses to the total earnings of every minimum wage worker. Go.,3,2055
551072b06266660024450000,"They compared Wall Street bonuses to the total earnings of every minimum wage worker. Oh, it's sad.",5,2063
551072b06266660024450000,Compare Wall Street bonuses to the total earnings of every minimum wage worker. Go.,5,2008
551072b06266660024450000,Compare Wall Street bonuses to the total earnings of the everyday worker. Go.,9,2006
551080656266660018660000,There's a place in Alabama called Tuskegee. 2 very different things happened here.,7,2509
551080656266660018660000,"Two experiments happened in Tuskegee, Alabama. One left me inspired. The other? Angry.",8,2584
551080656266660018660000,African Americans here were looked up to as heroes and being experimented on. At the same time.,11,2578
551080656266660018660000,Some of these men became fighter pilots in WWII. The others had a disease that would not be treated.,11,2518
551080656266660018660000,A tale of 2 Tuskegees.,11,2447
551080656266660018660000,"In the 1940s, two very different experiments were happening at the same time in Tuskegee, Alabama.",15,2535
551084886266660024fb0100,Watch 5 Kindergarten Girl Scouts learn that they did something that the President does too.,19,2099
551084886266660024fb0100,The 5 best parts of the president's conversation with these Girl Scouts about their science project.,19,2052
551084886266660024fb0100,The President stopped by to see their science project. What they asked him was even better.,19,1924
551084886266660024fb0100,What the president did right when he stopped by to ask these Girl Scouts about their science project,22,2052
55108673626666000c640000,The people that kinda made the economy implode are making billions of dollars. Can you not?,0,1981
55108673626666000c640000,Why are we rewarding the kind of risky decisions that tanked the economy in 2008?,2,2008
55108673626666000c640000,The rewards of Wall Street have completely forgotten Main Street.,4,2057
55108673626666000c640000,"They compared Wall Street bonuses to the total earnings of every minimum wage worker. Oh, it's sad.",5,2047
55108673626666000c640000,Wall Street earned it. But does America deserve it?,6,2018
55108673626666000c640000,The way we reward people for hard work is hurting the economy.,7,2024
5510923e6631340024110100,A really cool animation about food and what you eat,0,2034
5510923e6631340024110100,The way we grow food is causing a ruckus and we have a way to make it all good,2,2054
55109407663134000c460100,The 5 best parts of the president's conversation with these Girl Scouts about their science project.,9,2638
55109407663134000c460100,The 5 best parts of the president's conversation with these Girl Scouts about their science project.,15,2527
55109407663134000c460100,The 5 best parts of the president's conversation with these Girl Scouts about their science project.,15,2502
55109407663134000c460100,The 5 best parts of the president's conversation with these Girl Scouts about their science project.,23,2526
55109407663134000c460100,What the president did right when he stopped by to ask these Girl Scouts about their science project,96,2452
551097f366313400183e0100,The 5 best parts of the president's conversation with these Girl Scouts about their science project.,11,2526
551097f366313400183e0100,What the president did right when he stopped by to ask these Girl Scouts about their science project,15,2598
551097f366313400183e0100,The 5 best parts of the president's conversation with these Girl Scouts about their science project.,16,2509
551097f366313400183e0100,The 5 best parts of the president's conversation with these Girl Scouts about their science project.,17,2496
551097f366313400183e0100,The 5 best parts of the president's conversation with these Girl Scouts about their science project.,21,2529
551098bb62666600246f0200,It's hard to study or have a family because of what happened at 15.,9,2532
551098bb62666600246f0200,"She wants a family, but doesn't have one all because of what happened at 15.",16,2590
551098bb62666600246f0200,She can't start a family or advance all because of what happened at 15.,19,2555
551098bb62666600246f0200,"She wants a normal life, but can't because of what happened at 15.",22,2592
551098bb62666600246f0200,She can't study or start a family all because of what happened at 15.,27,2398
5510a0bb6631340018590100,See The President and 5 Girl Scouts bond at the White House Science Fair,3,2476
5510a0bb6631340018590100,The 5 best parts of the president's conversation with these Girl Scouts about their science project.,4,2512
5510a0bb6631340018590100,The president can learn a thing or two about brainstorming from these girls.,5,2572
5510a0bb6631340018590100,5 scientists wearing superhero capes met with the president and delighted the heck out of him,7,2463
5510a0bb6631340018590100,The president asked these Girl Scouts about their project and they responded like real scientists,15,2584
5510a0bb6631340018590100,"When the president meets with caped crusaders, it usually doesn't turn out this adorably",15,2578
5510d3386266660018000100,Let's talk turkey about the ruckus beef is causing,1,2515
5510d3386266660018000100,"There's a ruckus bubbling, which is sorta weird if there's no water",3,2598
5510d3386266660018000100,The way we grow food is causing a ruckus and we have a way to make it all good,4,2521
5510d3386266660018000100,Our food is causing a mighty big ruckus and you are right there a part of it,5,2519
5510f846626666000c120100,A story about tides that's not about global warming,11,2528
5510f846626666000c120100,A story about water that may leave you short of breath,11,2463
5510f846626666000c120100,Watch what it looks like to symbolicly see how the earth lets you breath.,17,2607
5510f846626666000c120100,A time lapse video that allows you to watch the earth breath. It's wonderful.,45,2524
5511238562666600182f0100,"Lots of people go by 'he', and lots of people go by 'she'. And some people ... don't.",8,2502
5511238562666600182f0100,"Lots of people go by 'he', and lots of people go by 'she'. And some people ... don't.",15,2517
5511238562666600182f0100,"Lots of people go by 'he', and lots of people go by 'she'. And some people ... don't.",17,2496
5511238562666600182f0100,"Lots of people go by 'he'. Lots of people go by 'she'. And, some people ... don't.",18,2573
5511238562666600182f0100,"Lots of people go by 'he', and lots of people go by 'she'. And some people ... don't.",18,2512
5511238562666600182f0100,"Lots of people go by 'he', and lots of people go by 'she'. And some people ... don't.",20,2503
55115b073365310024290000,"Lots of people go by 'he', lots of humans are called 'she', and some folks ... don't.",15,2540
55115b073365310024290000,"Some people go by 'he', some people go by 'she'. and some people ... don't.",17,2497
55115b073365310024290000,"You can be 'mister', or you can be 'misses', but you can also be a person who's neither of those.",18,2550
55115b073365310024290000,"Lots of people go by 'he'. Lots of people go by 'she'. And, some people ... don't.",24,2545
55115b073365310024290000,"Lots of people go by 'he', and lots of people go by 'she'. And some people ... don't.",24,2525
5511629c336531000c150000,Sarah can't study or start a family all because of what happened at 15.,27,2609
5511629c336531000c150000,She can't study or start a family all because of what happened at 15.,33,2513
55116b4c626666000c4a0100,Life is all about moments. No one in history has been able to hold onto one. Not a single soul.',8,2543
55116b4c626666000c4a0100,How many moments have you lost thinking about the next one?',11,2543
55116b4c626666000c4a0100,You shouldn't have to choose between your job and your life.,15,2482
55116b4c626666000c4a0100,"If you're watching this video at work, you're giving up something so incredibly precious.",17,2521
55116b4c626666000c4a0100,"As you lay dying, what moments will you remember?",21,2561
55118cfe6266660024110300,"1 in 5 girls is being denied an education, and it's up to us to change that.",1,2527
55118cfe6266660024110300,"In parts of the world, up to half of all girls drop out of school. Let's fix that.",2,2549
55118cfe6266660024110300,"Around the world, girls aren't getting the education needed to succeed. Here's how to change that.",4,2574
55118cfe6266660024110300,"Education is a fundamental right. That shouldn't be a radical statement, but it is.",7,2477
55118cfe6266660024110300,It's hard enough being a girl. It's even harder when you're denied an education.,9,2526
551198ca33656300241b0000,It took this man 22 years to carve a road through a mountain with nothing but a hammer and a chisel.,9,2603
551198ca33656300241b0000,A man in India carved a road through a mountain using nothing but a hammer and chisel.,16,2529
551198ca33656300241b0000,His wife died because he couldn't get over the mountain. So he took a hammer and got to work.,33,2567
551198ca33656300241b0000,"When his wife died, he was heartbroken. It took him 22 years and a hammer to honor her memory.",32,2462
55119a486635390024280000,"One of these stories is horrifying. The other? Inspiring. Both happened in Tuskegee, Alabama.",11,2513
55119a486635390024280000,"I never heard about Tuskegee, Alabama in school. Boy, did I miss a lot ...",11,2474
55119a486635390024280000,It's not often that one town is both famous and infamous at the same time.,12,2602
55119a486635390024280000,One of these groups of black men was studied and left to die. The other took on Hitler.,12,2493
55119a486635390024280000,"In the 1940s, two very different experiments were happening at the same time in Tuskegee, Alabama.",19,2505
55119a486635390024280000,"You've probable heard about one group of black men from Tuskegee, Alabama. But likely not the other.",24,2548
55119f5c3365630024370000,"How ""embracing the shake"" could help you make your masterpiece",8,2574
55119f5c3365630024370000,What one amazing artist did with a Starbucks cup could make you think differently about creativity.,9,2463
55119f5c3365630024370000,What you can learn from an artist whose hand shakes,10,2547
55119f5c3365630024370000,The 3 words that changed this artist's life forever. (They could change yours too.),16,2531
55119f5c3365630024370000,What happens when an artist's hand starts to shake? A lesson for us all.,18,2589
55119f5c3365630024370000,"He made some mind blowing art but no one knew about the ""problem"" that started it all.",19,2487
5511a53a663539000c3c0000,What happens when a straight guy pretends to come out to his parents? Comedy gold.,27,2511
5511a53a663539000c3c0000,A straight guy comes out to his parents. Pretend drama ensues.,29,2592
5511a53a663539000c3c0000,A straight guy shares the pretend story of when he had to come out to his parents.,33,2530
5511a53a663539000c3c0000,A straight guy shares the hilarious story of when he had to come out to his parents.,35,2559
5511a8bb663539000c4a0000,Is being colorblind is the best response to racism? NO. Nononononono.,6,1985
5511a8bb663539000c4a0000,Erasing someone's history in order to see them as equal = that's a problem,7,2009
5511a8bb663539000c4a0000,"If you're saying you're colorblind, you're just closing your eyes to life",8,2054
5511a8bb663539000c4a0000,New concept: You're only allowed to be colorblind if a doctor says so,14,2123
5511b4ba336563000c660000,"She works with Husky dogs in the arctic. Some days, all she wants is her mom.",10,2557
5511b4ba336563000c660000,"Her job in the Arctic can get cold and lonely. Some days, all she wants is her mom.",11,2479
5511b4ba336563000c660000,"She works with Husky dogs in the arctic. Some days, all she wants is her mom.",14,2494
5511b4ba336563000c660000,She needed a good meal. When I saw how her mom made that happen — wow.,15,2598
5511b84b663539000c840000,Should parents be required to vaccinate their kids?,5,2553
5511b84b663539000c840000,"His life depends on 'herd immunity,' and there are hundreds of kids just like him",6,2525
5511b84b663539000c840000,Meet the 7-year-old poster child of the pro-vaccine movement,8,2470
5511b84b663539000c840000,5 years ago they reported on the 'vaccine war'. It's a different story today.,11,2568
5511b84b663539000c840000,The health risk of going to school for kids like Rhett Krawitt is messed up. And avoidable.,11,2520
5511d4283365630018af0000,The way we grow food is causing a ruckus and we have a way to make it all good,3,2541
5511d4283365630018af0000,California has 1 year of water left. This is how we can solve the long term issue.,4,2544
5511d5f2336563000cc10000,"There's no place like home, unless your mom brings it to you in the Arctic.",6,2588
5511d5f2336563000cc10000,"She knew it tasted like home, but didn't know how close that was.",11,2430
5511d5f2336563000cc10000,"After 16 hours and 1 bite, she sensed that home wasn't all that far away.",13,2522
5511d5f2336563000cc10000,The best kept secrets are the ones that only home can provide,14,2567
5511d5f2336563000cc10000,"I'd freak if my mom popped up without calling, but she was almost in tears.",15,2462
5511d5f2336563000cc10000,She needed a good meal. When I saw how her mom made that happen — wow.,17,2588
5511efc3343863000c3c0000,The best kept secrets are the ones that only home can provide,10,2521
5511efc3343863000c3c0000,"She works with huskies in the Arctic. Some days, all she wants is her mom.",11,2549
5511efc3343863000c3c0000,"After 16 hours and 1 bite, she sensed that home wasn't all that far away.",13,2592
5511efc3343863000c3c0000,"I'd freak if my mom popped up without calling, but she was almost in tears.",18,2512
5511efc3343863000c3c0000,She needed a good meal. When I saw how her mom made that happen — wow.,22,2488
5512027262376500243e0000,A fun way to experience breath with the tide. Its wonderful.,11,2548
5512027262376500243e0000,Watch the earth breathe in this wonderful time-lapse video about breath,25,2490
5512027262376500243e0000,A time lapse video that allows you to watch the earth breathe. It's wonderful.,32,2537
5512027262376500243e0000,A time lapse video that allows you to breathe with the tide. Its wonderful.,34,2549
55120c75343863002c410000,This is what discrimination looks like in real life. And it hurts.,23,2544
55120c75343863002c410000,Let me show you what discrimination looks like in real life. It hurts.,24,2524
551213ba6237650024550000,This is a really good explanation of how the earth can give and take your breath,23,2620
551213ba6237650024550000,A time lapse video that allows you to breathe with the tide. Its wonderful.,33,2470
551214336237650018720000,They needed a bipartisan effort and got one. Let's take a look at what *we* saved from a sad list.,6,2521
551214336237650018720000,"If you think the world needs more cute animals, you're in for some good news.",7,2548
551214336237650018720000,Remember how much you cared about endangered animals when you were a kid? We've got some news...,8,2448
551214336237650018720000,"What do grizzly bears, bald eagles, alligators, prairie dogs, and cornflowers have in common?",11,2593
55121db66237650024610000,This is a really good explanation of how the earth can give and take your breath,17,2570
55121db66237650024610000,A time lapse video that allows you to breathe with the tide. Its wonderful.,19,2531
55121db66237650024610000,A time lapse video that allows you to breathe with the tide. Its wonderful.,19,2507
55121db66237650024610000,A time lapse video that allows you to breathe with the tide. Its wonderful.,22,2527
55121db66237650024610000,A time lapse video that allows you to breathe with the tide. Its wonderful.,23,2502
5512b53962376500189a0000,"2 experiments, one city: Tuskegee, Alabama's two very different legacies.",12,2537
5512b53962376500189a0000,"Over 70 years ago, there were two distinctly different experiments happening in Tuskegee, Alabama.",15,2528
5512b53962376500189a0000,"In the 1940s, two very different experiments were happening at the same time in Tuskegee, Alabama.",15,2504
5512b53962376500189a0000,One of these experiments forever changed the way medical studies happened. The other created heroes.,23,2668
5512b53962376500189a0000,There's a place in Alabama called Tuskegee. 2 very different things happened here.,37,2458
5512be626237650024800000,"His team signed one of the top players in the league, so why is this sportscaster so upset?",6,2596
5512be626237650024800000,"His team brought on a player guaranteed to improve the squad, so why is this sportscaster so upset?",9,2517
5512be626237650024800000,"A sportscaster says things a local sportscaster normally would never say. Thanks, NFL.",12,2498
5512be626237650024800000,Watch this Dallas sportscaster take a powerful stand against domestic violence in football.,16,2492
5512be626237650024800000,A sportscaster goes off on the NFL's poor taste in men.,21,2574
5512be626237650024800000,A sportscaster says what needs to be said to the NFL about hitting women.,21,2496
5512c775343863001caa0000,"His team signed one of the top players in the league, so why is this sportscaster so upset?",9,2527
5512c775343863001caa0000,A sportscaster goes off on the NFL's poor taste in men.,11,2561
5512c775343863001caa0000,A sportscaster goes off on the NFL's poor taste in men.,13,2532
5512c775343863001caa0000,"A sportscaster says things a local sportscaster normally would never say. Thanks, NFL.",17,2495
5512c775343863001caa0000,"His team brought on a player guaranteed to improve the squad, so why is this sportscaster so upset?",18,2484
5512c775343863001caa0000,A sportscaster says what needs to be said to the NFL about hitting women.,19,2571
5512c775343863001caa0000,Watch this Dallas sportscaster take a powerful stand against domestic violence in football.,25,2552
5512c864343863002cac0000,She was being threatened by people who wouldn't show their faces. Her supporters signed their names.,10,2593
5512c864343863002cac0000,Her story is a perfect example of one of the internet's most famous truisms. And how to fix it.,13,2486
5512c864343863002cac0000,She was out in the spotlight. They hid in the shadows. She knew they were all around her.,18,2541
5512c864343863002cac0000,"Racist trolls said ""Bash her head in."" Her school said, ""You don't feel safe? You can leave.""",21,2641
5512c864343863002cac0000,"She still doesn't know who posted, ""Bash that bitch's head in."" But she knows they meant her head.",24,2457
5512cfc36237650024c90000,A guy wanted to do something special for his niece. So he put on a dress and took her to the movies.,43,2630
5512cfc36237650024c90000,His niece was afraid to go out dressed like a princess. So he dressed up like a princess too.,43,2495
5512cfc36237650024c90000,His niece put on her dress. Then he put his on. Then they went to the movies together.,50,2554
5512cfc36237650024c90000,"This guy just won the 'Uncle of the Year,' award, and it's not even close.",68,2516
5512d1cd343863000cec0000,"Even after you listen to his whole thing, you'll say, ""But sugar *does* make my kid hyper."" Nope.",15,2518
5512d1cd343863000cec0000,"Even after you listen to his whole think, you'll say, ""But sugar *does* make my kid hyper."" Nope.",18,2602
5512eb2d343863000c460100,Most pregnant women know what they need to bring to the hospital. Doris' list had something extra.,12,2550
5512eb2d343863000c460100,Snacks. Bathrobe. Socks. Camera. ... Water? What made Doris' delivery different (yet too common).,21,2526
5512eb2d343863000c460100,"What does childbirth look like? For Doris, it was far from ideal. She was luckier than most.",29,2587
5512eb68343863000c4b0100,10 thousand people from 29 countries get to go to medical school for free.,10,2588
5512eb68343863000c4b0100,Their doctors are known for preventing illness before folks get sick. Incredible.,10,2566
5512eb68343863000c4b0100,"He's was a football star, but found his true calling in a hospital in Cuba.",11,2459
5512eb68343863000c4b0100,"If I knew that medical school could be free, you'd be calling me doctor.",14,2549
5512eb68343863000c4b0100,"Cuba's known for many things, but when I heard about their doctors — incredible.",24,2544
5512eb68343863000c4b0100,"In a few years he'll graduate — debt free and be a doctor. Yep, I'm jealous.",28,2525
5512f0f76237650024150100,Snacks. Bathrobe. Socks. Camera. ... Water? What made Doris' delivery different (yet too common).,24,2612
5512f0f76237650024150100,"What does childbirth look like? For Doris, it was far from ideal. She was luckier than most.",25,2557
5512f0f76237650024150100,Most pregnant women know what they need to bring to the hospital. Doris' list had something extra.,27,2489
5512f4e7343863000c720100,An (un)likely group of people get together to smash people's notions of where love can exist.,5,2502
5512f4e7343863000c720100,It's what's on the inside that counts.' Watch these loving duos and you'll never doubt that again.,11,2554
5512f4e7343863000c720100,Watch behind-the-scenes interviews with some of the happiest skeletons the Internet has ever seen.,14,2524
5512f4e7343863000c720100,"After the skeletons danced, hugged, and kissed, they opened up backstage — to my utter delight.",14,2482
5512f4e7343863000c720100,An Israeli Jew and a Palestinian Muslim hug it out for the whole world to see. I'm *still* smiling.,15,2609
5512f4e7343863000c720100,It's what's on the inside that counts?' Sure. But here's why what's on the outside still matters.,15,2499
5512f4e7343863000c720100,Here's an inside look at the viral skeletons video that brought joy to the Internet.,24,2615
551308f062376500243e0100,In 6 years he'll graduate debt-free and be a doctor. I'm totally jealous.,17,2469
551308f062376500243e0100,"In a few years he'll graduate debt-free and be a doctor. Yep, I'm jealous.",19,2491
551308f062376500243e0100,After med school he'll be a doctor and debt-free. #imjealous,21,2715
551308f062376500243e0100,"He will graduate debt-free and become a doctor. Yep, owing no one.",20,2512
551308f062376500243e0100,In a few years he'll graduate debt-free and be a doctor. Jealous? I am.,28,2565
55130a85623765000c310100,Forget driving while Black … wha'bout FLYING while Black?,5,2570
55130a85623765000c310100,The TSA has spent over $1 billion on a program proven scientifically not to work. Womp womp.,7,2519
55130a85623765000c310100,"Wait a sec … it has cost over $1 billion, doesn't work,  and it's STILL being used? Thanks, TSA.",12,2569
55130a85623765000c310100,"Quick poll: When you're at the airport, pressed for the time, might you appear … nervous?",13,2561
55130a85623765000c310100,My fwife knows I can't stand the TSA. Perhaps this will help her understand why a bit better.,15,2567
55130a85623765000c310100,"How the TSA “scans"" us at airports and why it means nothing for security.",17,2480
55133d43306437001c2d0000,Dave Chappelle interviewed Maya Angelou about a time she talked to Tupac. But the story goes deeper.,16,2041
55133d43306437001c2d0000,Tupac and Maya Angelou had a moment. And the background story is just as great as that sentence.,20,1991
55133d43306437001c2d0000,"We all know the story about Tupac and Maya Angelou, but an interview with Ray Luv sheds more light.",25,2052
55133d43306437001c2d0000,We can all learn something from how Maya Angelou dealt with a young rapper named Tupac.,33,2060
5513f17d33316600240d0000,One way the TSA 'scans' us at airports and how it means nothing for security.,10,2567
5513f17d33316600240d0000,"This TSA scam means nothing for security, and has cost taxpayers $1 billion.",11,2573
5513f17d33316600240d0000,One way the TSA scans us at airports has been proven to be 'junk' science.,12,2512
5513f17d33316600240d0000,There's a type of passenger screening that has cost us $1 billion and does nothing. What the ... ?,13,2509
5513f17d33316600240d0000,How the TSA 'scans' us at airports and why it means nothing for security.,16,2503
5513fa643566320024170000,One way the TSA scans us at airports has been proven to be junk science.,11,2547
5513fa643566320024170000,One way the TSA scans us at airports has been proven to be junk science.,12,2529
5513fa643566320024170000,One way the TSA scans us at airports has been proven to be junk science.,14,2485
5513fa643566320024170000,One way the TSA scans us at airports has been proven to be junk science.,19,2539
5513fa643566320024170000,One way the TSA scans us at airports has been proven to be junk science.,27,2451
5513fa643566320024170000,One way the TSA scans us at airports has been proven to be 'junk' science.,34,2624
551423a233316600186c0000,"We all need this resource to stay alive, but it would be better off without us.",3,2491
551423a233316600186c0000,"If water could talk, what would it say? Penélope Cruz narrates water's thoughts.",6,2661
551423a233316600186c0000,Stunning images show the beauty and power of water. Penélope Cruz narrates its thoughts.,10,2468
551423a233316600186c0000,"The sad and beautiful monologue of water, as told by Penélope Cruz.",14,2593
551423a233316600186c0000,"Humans often take it for granted, but it's likely to outlast our entire species.",15,2554
551423a233316600186c0000,"Penélope Cruz stars as water. Beautiful, ancient, and everlasting.",19,2471
5514336f35663200247c0000,This fuzzy ball of yarn is the best view of it we've ever seen. Until now.,9,2538
5514336f35663200247c0000,Learn how this man came along for the ride to the planet he discovered,10,2625
5514336f35663200247c0000,The discoverer of this fuzzy ball of yarn is about to become the first person to see it up close,13,2522
5514336f35663200247c0000,We've never been this close to Pluto,14,2572
5514336f35663200247c0000,Remember Pluto? Probably not like this.,18,2490
5514336f35663200247c0000,The man who discovered Pluto is about to become the first person to visit it,19,2506
551440b1356632000c670000,A look at Kenya's anti-rape revolution gives a glimpse at what success looks like.,9,2592
551440b1356632000c670000,Take a look inside Kenya's wildly successful sexual assault prevention program.,9,2539
551440b1356632000c670000,Kenya just revolutionized rape prevention.,10,2487
551440b1356632000c670000,Take a look inside Kenya's stunningly successful sexual assault prevention program.,14,2548
551440b1356632000c670000,"For years, the world has approached anti-rape programs all wrong, but Kenya set things straight.",20,2526
551453be33356300180c0000,We often take this resource for granted. But it will survive long after we're gone.,3,1980
551453be33356300180c0000,"Penélope Cruz stars as water. Beautiful, ancient, and everlasting.",4,2029
551453be33356300180c0000,Penélope Cruz stars in a role she's never played: water. So powerful.,5,2017
551453be33356300180c0000,Penélope Cruz may make you rethink all the water humans take for granted.,10,2026
551453be33356300180c0000,Penélope Cruz gives water a voice in this powerful and beautiful clip.,13,2070
551453be33356300180c0000,The story here is sad but beautiful. Whose is it? Water's. (Penélope Cruz narrates.),24,2047
55145d7c6562370018220000,"Before we can all live on Mars, we need this guy to live in space for 1 year<br>",5,2572
55145d7c6562370018220000,"Before we can all live on Mars, we need this guy to live in space for 1 year<br>",6,2481
55145d7c6562370018220000,"Before we can all live on Mars, we need this guy to live in space for 1 year",10,2591
55145d7c6562370018220000,"Before we can all live on Mars, we need this guy to live in space for 1 year<br>",10,2451
55145d7c6562370018220000,"Before we can all live on Mars, we need this guy to live in space for 1 year<br>",11,2529
55145d7c6562370018220000,"Before we can all live on Mars, we need this guy to live in space for 1 year<br>",21,2585
55146dce323932000c090000,"Before we can all live on Mars, we need this guy to live in space for 1 year",4,1989
55146dce323932000c090000,A NASA astronaut explains how to get to the Space Station and why he's living there for a year.<br>,5,2035
55146dce323932000c090000,"If we want to live on Mars, we need what this guy is going to learn living on ISS for a year",5,2007
55146dce323932000c090000,"He's going to live on the Space Station for a year, so that someday we can all live on Mars<br>",7,1957
55146dce323932000c090000,"Before we can all live on Mars, we need this guy to live in space for 1 year<br>",9,2162
5514750d32393200183e0000,An infographic about how to reduce heart disease and anxiety with one fluffy friend.,4,2070
5514750d32393200183e0000,How are cats and a healthy heart related? Science has a few ideas.,8,2005
5514750d32393200183e0000,Can owning a cat actually be good for your health? Science investigates.,11,2073
5514750d32393200183e0000,"The magic power of self-healing cats, explained.",15,2040
55147e07323932000c2a0000,He interviewed an astronaut before he leaves to live in space *for a year.* Incredible.<br>,1,1910
55147e07323932000c2a0000,"Despite rising tensions, an American and a Russian are about to live together in space. For *1 year*<br>",5,2070
55147e07323932000c2a0000,An American and a Russian are about to live together in space for a whole year. <br>,5,2058
55147e07323932000c2a0000,These two guys are going to live in a tiny tin can in space. For a year. <br>,8,2049
55147e07323932000c2a0000,"Before we can all live on Mars, we need this guy to live in space for 1 year<br>",8,2038
551489c5303261002c450000,What he says about mind control proves once and for all — there is nothing weirder than real life.,2,2025
551489c5303261002c450000,Cat-seeking rats and wasps leading roaches on a leash: strange but true stories from the 'hood.,9,2020
551489c5303261002c450000,"We put a premium on our own free will, but it turns out that mind manipulation is everywhere.",10,2102
551489c5303261002c450000,If you think zombies are only on TV you gotta hear this guys stories.,11,1991
55149146303261001c310000,The World Wide Web has been around for as long as some college graduates. Wow.,3,2051
55149146303261001c310000,The World Wide Web was launched 25 years ago. Where has it taken you?,4,2019
55149146303261001c310000,"What was born 25 years ago, changed the world, and is something you're using right now to read this?",5,2113
55149146303261001c310000,What's the one thing that's grown up fast in the last 25 years and has connected the world?,6,2047
55149146303261001c310000,The future of the Web could not be predicted 25 years ago when it began.,7,1940
55149853303261002c590000,Remember Pluto? Probably not like this.,7,2037
55149853303261002c590000,We're about to visit Pluto for the first time. So what?,7,1984
55149853303261002c590000,We've never been this close to Pluto. Here's why it matters.,9,2042
55149853303261002c590000,Remember Pluto? Probably not like this.,10,2106
55149853303261002c590000,We're about to visit Pluto for the first time. So what?,11,2029
55149853303261002c590000,The man who discovered Pluto is about to become the first person to visit it,17,1980
5514a9bd323932000c4e0000,The best feature of his multi-million dollar home is nowhere near it.,5,1998
5514a9bd323932000c4e0000,"His mansion is really nice, but the part I like the best is WAAAY out back.",15,2019
5514a9bd323932000c4e0000,"His mansion is really nice, but the part I like the best is WAAAY out back.",17,2079
5514a9bd323932000c4e0000,The best feature of his multi-million dollar home is nowhere near it.,17,2022
5514b35832393200246b0000,A scientist studied a group of baboons. He learned something extraordinary about how men behave.,11,2071
5514b35832393200246b0000,Are men naturally aggressive and violent?,13,1980
5514b35832393200246b0000,A group of baboons added a fascinating twist to the nature vs. nurture debate.,16,2007
5514b35832393200246b0000,A scientist observed something totally fascinating after watching a group of male baboons die.,22,2055
5514d318303261002c8b0000,"Why some animals gather together, why some crickets swim, and other stranger-than-fiction stories.",3,2057
5514d318303261002c8b0000,When flamingoes eat sea monkeys they're getting a heck of a lot more than a meal.,12,2022
5514d318303261002c8b0000,"Zombies aren't just on TV. In fact, we are literally surrounded by them.",18,2054
5514d318303261002c8b0000,"Scientists are learning more about mind control, and it's nowhere near as rare as you might think.",18,2004
551548713239320024910000,This 4th grader isn't just complaining about testing. She actually wants more tests.,15,1997
551548713239320024910000,She's spent the whole year stressed over one test and she's sick of it.,23,2028
551548713239320024910000,"She's only 10 years old, but she's not afraid to stand up to her school board.",32,2035
551548713239320024910000,A 4th grader took her school board to task over a standardized test. It's epic.,43,2043
551548713239320024910000,"When this little girl lays the smack down on the school board, the adults can't get enough.",50,2053
55155254323932000c900000,"Before we can all live on Mars, we need this guy to live in space for 1 year<br>",3,2064
55155254323932000c900000,"Today, he's going to space. The next 364 days are going to be a test of sheer endurance.<br>",3,2042
55155254323932000c900000,"Today, an astronaut will strap himself into a rocket and do something no American ever done.<br>",7,1922
55155254323932000c900000,"Before we go to Mars, he has to go to space and do something no American has ever done.<br>",10,2070
55155254323932000c900000,"On his 4th trip to space, he'll be doing something no American has ever done before.<br>",10,2032
55155590303261001c960000,A fun animation about a caterpillar and a snail puts you in different shoes,17,1994
55155590303261001c960000,"This animation is a great, non-confrontational way to talk about privilege",21,2078
55155590303261001c960000,Talking about privilege can get awkward. A caterpillar and a snail make it easy.,21,2042
55155590303261001c960000,A caterpillar and a snail go to a party and teach you about privilege. It's the best.,23,1984
55155590303261001c960000,"This animation is the best, most non-confrontational way to talk about privilege",28,2048
5515583e303261001ca00000,"His mansion is really nice, but the part I like the best is WAAAY out back.<br>",8,2041
5515583e303261001ca00000,"His mansion is really nice, but the part I like the best is WAAAY out back.",16,2064
5515583e303261001ca00000,"His mansion is really nice, but the part I like the best is WAAAY out back.",16,2026
55156a79323932000cc40000,A scientist observed something totally fascinating after watching a group of male baboons die.,55,1991
55156a79323932000cc40000,A scientist watched a group of male baboons die. It revealed something unexpected about men.,72,2068
55156a79323932000cc40000,A scientist observed something fascinating about men after watching a group of male baboons die.,72,1982
55156a79323932000cc40000,A scientist watched a bunch of male baboons die. It revealed something fascinating about men.,84,2115
55157817303261001cde0000,The story here is sad but beautiful. Whose is it? Water's. (Penélope Cruz narrates.),15,2061
55157817303261001cde0000,Penélope Cruz tells the sad but beautiful story of water. It's haunting.,17,2035
55157e4d3239320024df0000,A 9 year old lays the smack down on standardized tests and it's *epic*,56,2100
55157e4d3239320024df0000,"When this little girl lays the smack down on the school board, the adults can't get enough.",56,2010
55157e4d3239320024df0000,"When you see how this little girl schooled her school board, you'll give a standing ovation too",56,1997
55157e4d3239320024df0000,This little girl just schooled the school board and the parents are going wild,70,2047
55157e4d3239320024df0000,A 9 year old goes in on standardized tests and ends with the best mic drop of all time,76,1993
551580b63239320024e30000,"On the one end, empathy. On the other, ID theft. How do we steer the Internet more toward the first?",4,2007
551580b63239320024e30000,"The Web should belong to people who want to do important, great, and silly things. Not trolls.",5,2029
551580b63239320024e30000,The future of the Web could not be predicted 25 years ago when it began.,5,2024
551580b63239320024e30000,"The Internet's come a long way in the last 25 years, but it really needs one thing to keep going.",5,1980
551580b63239320024e30000,"Trolls may be ruining the internet, but here's how we can win.",8,2092
551580b63239320024e30000,"A short video recaps 25 years of the Internet. We've gotta admit, it's pretty exciting. What's next?",12,2028
55158430323932000cfe0000,The long showers you like to take are not the *real* problem.,10,2064
55158430323932000cfe0000,Shorter showers won't end our water-shortage crisis; it's this shared understanding that will.,10,2045
55158be9616664002c100000,A scientist observed something totally fascinating after watching a group of male baboons die.,50,2003
55158be9616664002c100000,Something fascinating happened after these male baboons died. It reveals something great about men.,57,1994
55158be9616664002c100000,Something weird happened after these male baboons died. It reveals something fascinating about men.,59,1995
55158be9616664002c100000,Something totally unexpected happened after these male baboons died. It reveals something about men.,73,2039
55158be9616664002c100000,A scientist watched a bunch of male baboons die. It revealed something fascinating about men.,80,2118
55158be9616664002c100000,Something fascinating happened after these male baboons died. Men should keep this in mind.,82,2090
55158f12663131000c130000,Mind control is far more common than scientists used to think. Now I'm worried.,18,2002
55158f12663131000c130000,Mind control is far more common than scientists used to think. Now I'm worried.,25,2010
55158f12663131000c130000,Mind control is far more common than scientists used to think. Now I'm worried.,28,2036
55158f12663131000c130000,Mind control is far more common than scientists used to think. Now I'm worried.,32,2055
55158f12663131000c130000,Mind control is far more common than scientists used to think. Now I'm worried.,33,2078
55158f12663131000c130000,These microscopic creatures are some of the scariest living things on Earth.,42,2018
551590fb663131001c1c0000,In a few years he'll graduate debt-free and be a doctor.,6,1982
551590fb663131001c1c0000,"In a few years he'll graduate debt-free and be a doctor. Yep, I'm jealous.",7,2011
551590fb663131001c1c0000,"In a few years he'll graduate debt-free and be a doctor. Yep, I'm jealous.",13,2037
551590fb663131001c1c0000,"In a few years he'll graduate debt-free and be a doctor. Yep, I'm jealous.",15,2116
551590fb663131001c1c0000,"In a few years he'll graduate debt-free and be a doctor. Yep, I'm jealous.",15,2043
5515973f616664002c2b0000,VIDEO: 25 years of the Internet. It's pretty exciting. What's next? It's kinda up to all of us.,3,2025
5515973f616664002c2b0000,"A short video recaps 25 years of the Internet. We've gotta admit, it's pretty exciting. What's next?",6,1988
5515973f616664002c2b0000,25 years of the Internet is t's pretty exciting. What's next?,7,2041
5515973f616664002c2b0000,A short video on 25 years of the Internet. It's pretty exciting. What's next? It's kinda up to you.,11,2066
5515973f616664002c2b0000,"A short video: 25 years of the Internet. We've gotta admit, it's pretty exciting. What's next?",11,2051
5515a7b3616664001c5d0000,Mind control is far more common than scientists used to think. Now I'm worried.,18,2023
5515a7b3616664001c5d0000,These tiny creatures are some of the scariest living things on Earth.,37,2115
5515a7b3616664001c5d0000,These microscopic creatures are some of the scariest living things on Earth.,43,1944
5515a7b3616664001c5d0000,These tiny creatures are some of the scariest living things on Earth.,47,2029
5515a7b3616664001c5d0000,These tiny creatures are some of the scariest living things on Earth.,55,2080
5515c3ae663131001ccc0000,The web is in danger. Here's how we fix it.,2,2098
5515c3ae663131001ccc0000,"From a small scientific network to the way your kids talk to Grandma, the World Wide Web has changed lives.",2,2025
5515c3ae663131001ccc0000,"From a small scientific network to the way your kids talk to Grandma, the Web has changed lives.",3,2075
5515c3ae663131001ccc0000,There are people who are desperately trying to exploit the Internet. Here's how we stop them.,3,2000
5515c3ae663131001ccc0000,The very foundation of the Internet can be summed up in 1 word.,3,1995
5515c3ae663131001ccc0000,"Hard to believe the World Wide Web is only 25 years old, isn't it?",4,2029
5515c3ae663131001ccc0000,Here's how we take back the Internet from the bullies who are ruining it.,6,1961
5515c9e4616664002cbe0000,A gay couple recorded a super sweet song for a baby they haven't met yet.,7,1982
5515c9e4616664002cbe0000,A gay couple recorded a super sweet song for a baby they haven't met yet.,9,2119
5515c9e4616664002cbe0000,A gay couple recorded a super sweet song for a baby they haven't met yet.,10,2015
5515c9e4616664002cbe0000,A gay couple recorded a super sweet song for a baby they haven't met yet.,14,2047
5515c9e4616664002cbe0000,A gay couple wanted to adopt a baby. So they did something a little out of the ordinary.,17,1989
551802ce6234610018030000,"When another comedian publicly mocked her injury and weight, she responded with this eloquent video.",14,2034
551802ce6234610018030000,"She's okay with being a fat, one-armed comedian, but not someone else's joke.",14,2016
551802ce6234610018030000,He went on TV and mocked another comedian. He told no jokes. They still laughed. Hear her response.,19,1989
551802ce6234610018030000,"After being mocked by a comedian, she responded with a message about life, comedy, and humility.",22,2081
551802ce6234610018030000,A comedian went on TV and viciously insulted a fellow comedian. Here's her eloquent response.,28,2043
5518b4ee643266000c1d0000,"Left and right, we have one thing in common: We've totally let down the founders.",3,2106
5518b4ee643266000c1d0000,Guess how the people paid to look out for your best interest spend up to 70% of their time.,4,1992
5518b4ee643266000c1d0000,"Her first day on the job, a coworker told her to ""lean to the green."" He wasn't an environut.",7,2049
5518b4ee643266000c1d0000,He stands up in front of a treehouse and talks about how a republic ends. I stand up and cheer.,7,2041
5518b4ee643266000c1d0000,Harvard law professor asks who is driving this circus wagon. The answer is not surprising.,8,1982
5518ba31643266000c2f0000,Lots of colleges are pulling out of fossil fuel investments. Will they convince theirs to do it?,5,2030
5518ba31643266000c2f0000,They thought their school was in the education business. Problem: It was also in the oil business.,6,1980
5518ba31643266000c2f0000,They love their school. It's perfect. There's just one thing that has to change.,7,2068
5518ba31643266000c2f0000,"College kids care so much about what their school invests in, they made a rap video. With vests.",8,2032
5518ba31643266000c2f0000,You know it's important when a bunch of college kids are willing to look silly to get the word out.,9,2029
5519380d37336200182c0000,Got a 401-K? Do you know what your money is doing when you're not watching it?,1,2061
5519380d37336200182c0000,"College kids care so much about what their school invests in, they made a rap video. With vests.",3,1965
5519380d37336200182c0000,Their vests look silly. No wonder they want to divest.,4,2033
5519380d37336200182c0000,It's a rap video. About money. That isn't even theirs.,5,2056
5519380d37336200182c0000,Remember when fossils were cool? Now they want their school to get rid of them.,6,1990
55194d40373362000c3c0000,"Trevor Noah is taking over the 'Daily Show' from Jon Stewart, and that's super exciting.",24,2021
55194d40373362000c3c0000,Trevor Noah is taking over 'The Daily Show.' Here's what he was doing before he got there.,28,2039
55194d40373362000c3c0000,You might not know the guy who's taking over 'The Daily Show.' You should.,36,2096
55194d40373362000c3c0000,Here's what you need to know about the guy taking over for Jon Stewart on 'The Daily Show.',35,2008
55194d40373362000c3c0000,The guy taking over for Jon Stewart is absolutely hilarious. Here's the evidence.,50,1986
5519621a37336200185d0000,"When a blacks and whites get together, there are some things to consider.",25,2098
5519621a37336200185d0000,"When a black woman and a white man get it on, there are some things to consider.",32,2023
5519621a37336200185d0000,"When a black woman and a white man get together, there are some things to consider.",33,2011
5519621a37336200185d0000,"When a black person and a white person get together, there are some things to consider.",39,1995
551972993039610018230000,Students are walking out of classrooms and pulling off clothes to send a message about dirty money.,7,2064
551972993039610018230000,Remember when fossils were cool? Now they want their school to get rid of them.,7,2057
551972993039610018230000,True fact: Your school might be getting its money from dinosaurs. Not old people. Literal dinosaurs.,7,2031
551972993039610018230000,These students know a dirty secret about how their school makes money. They want you to know too.,15,1996
5519824463373400182b0000,How can we prevent rape? Kenya is working on the answer with this unique program for boys and girls.,6,1964
5519824463373400182b0000,"Take notice: Kenya committing to rape prevention with this unique, 2-part program",7,2004
5519824463373400182b0000,"Boys all over Kenya are learning how to prevent rape, thanks to this incredible program.",10,2048
5519824463373400182b0000,Kenya's unique rape prevention program is already showing signs of success,20,2008
5519824463373400182b0000,Check out this unique approach to rape prevention that's starting to get major attention.,21,2076
5519824463373400182b0000,Kenya's unique approach to rape prevention should have the rest of the world taking note.,27,2093
551982773039610024390000,We assumed women's TV networks would be pro-woman. Silly us.,11,2059
551982773039610024390000,A big 'thank-you' to the women's networks for telling the true stories of women. As if.,11,2039
551982773039610024390000,"Thanks, women's TV. Now we get that the 'strength of sisterhood' is about body slams.",13,2032
551982773039610024390000,With embarrassments like this you wonder if women's networks even knew it was Women's History Month.,14,2046
551982773039610024390000,They came on the air promising real stories of real women. Now they're just embarrassing.,19,2063
5519852d303961000c390000,"In 2016, there will be two elections. 99.95% of us won't get to vote in the important one.",21,2017
5519852d303961000c390000,"In 2016, there will be two elections. 99.95% of you won't get to vote in the important one.",23,2101
5519852d303961000c390000,"In 2016, there will be two elections. 99.95% of us won't get to vote in the important one.",24,2039
5519852d303961000c390000,"In 2016, there will be two elections. 99.95% of you won't get to vote in the important one.",29,2010
551996143738360024310000,People find different ways of giving to their communities. His is through a camera.,4,2078
551996143738360024310000,What does water mean to you? This young Navajo wants his community to think about it.,8,2059
551996143738360024310000,A law could change his community forever but no one knows.  He's fighting back with a camera.,8,1975
551996143738360024310000,"His film won him a trip to the White House, but what he really cares about happens back home.",10,2044
5519a4d5663231002c570000,"He's like 'we all belong to more than one country,' let's not make this weird.",5,2009
5519a4d5663231002c570000,"They're different ages, races and genders. They're all being criminalized.",6,2020
5519a4d5663231002c570000,He's a smart guy who explains why 'aliens' don't exist when we're talking about people.,7,2026
5519a4d5663231002c570000,"They're called thieves and aliens, but he just wants to be called by his name.",8,2084
5519a4d5663231002c570000,"He's over being called “illegal"" so he wrote the realest manifesto I've heard.",11,2034
5519a77f373836000c4b0000,"Even after the repeal of 'Don't Ask, Don't Tell,' these people can still be fired from the military.",2,2048
5519a77f373836000c4b0000,"Even after the repeal of 'Don't Ask, Don't Tell,' they have to keep their identities secret.",9,2042
5519a77f373836000c4b0000,It's an open secret among the members of her platoon. It shouldn't have to be a secret.,27,2063
5519a77f373836000c4b0000,There's 1 big difference between the American and British military.,27,2024
5519ab5a3738360018790000,These networks promised stories about real women. Who are *these* people?,7,2114
5519ab5a3738360018790000,When did the shows they promised about real women turn into these embarrassments?,9,1978
5519ab5a3738360018790000,Women's networks ought to be embarrassed if this is really their idea of real women.,17,2038
5519ab5a3738360018790000,They came on the air promising real stories of real women. Now they're just embarrassing.,24,2021
5519b03f663231002c800000,It takes a community: how one man got support from his neighbors to save its water supply.,1,2010
5519b03f663231002c800000,Folks in this city survive on $3 per day. He calls the city home and is trying to help.,4,2090
5519b16a373836000c710000,This is what deforestation can do to your city and your water supply.,0,1983
5519b16a373836000c710000,São Paulo sounds like a city of dreams. Until I saw its reservoir.,9,2117
5519b1b7663231000ca10000,Shorter showers won't end our global water-shortage crisis; it's this shared understanding that will.,9,2045
5519b1b7663231000ca10000,The long showers you like to take are not the *real* problem.,13,2065
5519c9d8663231001cb60000,"A Navajo teen and his camera visit the White House, but the audience he really wants is back home.",6,2069
5519c9d8663231001cb60000,His Navajo clan is all about water.  He's using film to figure out what that means.,8,1979
5519c9d8663231001cb60000,A Navajo teen with a camera and a mission wins a visit to the White House.,9,2054
5519c9d8663231001cb60000,"Using his camera to learn more about himself, this teen ends up teaching Obama about the Navajo way.",11,2054
5519e7903738360024400100,"There's nothing wrong with high expectations, unless they mean you quit even before you get started.",3,2075
5519e7903738360024400100,"If you or someone you know is a slave to perfection, these 3 rules will liberate you for good.",6,2018
5519e7903738360024400100,"If your highs are leading to really pitiful lows, these 3 rules might help.",7,2048
5519e7903738360024400100,A very cute guide to some very healthy thinking.,9,2057
551a227d663231001c1a0100,"Some smart guys, like him, think  that certain laws should be broken.",3,2020
551a227d663231001c1a0100,"They felt left out, so he calmly lists all of the reasons why they should be included.",6,2049
551a227d663231001c1a0100,He says what some undocumented folks have wanted to say for awhile.,6,2037
551a227d663231001c1a0100,They're often called invaders but he prefers the term explorers.,8,2037
551a227d663231001c1a0100,"He's over being called “illegal"" so he wrote the realest manifesto I've heard.",11,2029
551a97ba373836000c4f0100,The backlash against Indiana's nasty anti-gay law has begun.,8,2100
551a97ba373836000c4f0100,"10 years ago, Indiana's anti-gay law would probably have been shrugged off. Not today.",8,1977
551a97ba373836000c4f0100,The biggest newspaper in Indiana just did something unprecedented to protest Indiana's anti-gay law.,11,1986
551a97ba373836000c4f0100,Indiana passed an anti-gay law. They're just finding out how badly they screwed up.,18,2056
551a9df937383600248b0100,Do the ups and downs of creativity make you feel like a yoyo? 3 rules to live steady by.,3,2012
551a9df937383600248b0100,"Are you, or someone you know, a bit hung up on creativity? These 3 rules will move you forward.",6,2095
551a9df937383600248b0100,"You can see it in your mind, but making it happen is another thing entirely. Here's advice.",7,2026
551a9df937383600248b0100,"If you get down about your work, a little Lego guy has some advice.",8,2021
551a9df937383600248b0100,"If you get down about your work, a little Lego guy has some advice.",16,1993
551ab38831396500183f0000,"Could 'self-acceptance' help fight climate change? If you said 'wait, what,' you're in for a treat.",3,2064
551ab38831396500183f0000,Have you ever thought about how much of what you buy is to keep you 'normal'?,6,1967
551ab38831396500183f0000,"Accepting yourself as you are is an act of civil disobedience.' Wow, this changes everything.",8,2029
551ab38831396500183f0000,"She asked the crowd, 'Have you ever met a normal person?' They laughed because she's got a point.",13,2070
551ac20831396500244e0000,Scientists use an ancient remedy from over 1000 years ago to kill a deadly modern day bacteria.,5,2090
551ac20831396500244e0000,Could an ancient manuscript hold the key to curing a deadly modern disease?,5,2001
551ac20831396500244e0000,A 21st century superbug meets a 9th century remedy. The results are lethal.,9,2027
551ac20831396500244e0000,This superbug has killed thousands. Two scientists just killed it with a 1000-year-old remedy.<br>,11,2012
551ac92731396500246a0000,Many delightful words start with the letter 'R.' Robust. Rhubarb. Rubenesque. So why use this one?,4,2008
551ac92731396500246a0000,"When you use this word, you're turning some people into 'others.'",8,2031
551ac92731396500246a0000,Which of these are persons? Hint: All of them.,8,2004
551ac92731396500246a0000,"When you use the 'R-word,' you turn someone into less than human. Do you really want to to do that?",10,2036
551ac92731396500246a0000,A simple 1 and 1/2 minutes about a word you might use all the time.,12,2070
551ac92731396500246a0000,"Some words need to be ""retired"" from our language. Here's my #1 choice.",18,2021
551aca08313965000c570000,See for yourself how wild and stunning this area is. Someone wants to destroy it.,3,1993
551aca08313965000c570000,"If one big company gets its way, now could be your last chance to see this wild Alaskan river.",3,1967
551aca08313965000c570000,They took a crew to the Alaskan wilderness. Better see what they filmed before it's too late.,4,1961
551aca08313965000c570000,"It's a totally wild and pristine area. So naturally, someone wants to destroy it.",5,2022
551aca08313965000c570000,This wild area in Alaska is quite a sight. Better see it before it's too late.,7,2085
551aca08313965000c570000,See the untamed river that may be destroyed just to ship coal overseas.,10,2160
551aceb2313965000c5f0000,A ripped guy and a not-ripped guy are in their underwear and I love it.,18,2057
551aceb2313965000c5f0000,A ripped guy and a not-ripped guy are in their underwear and I love it.,21,1983
551aceb2313965000c5f0000,A ripped guy and a not-ripped guy are in their undies and I love it. They both have great bodies!,23,2060
551aceb2313965000c5f0000,A ripped guy and a not-ripped guy are in their undies and I love it. They both have great bodies!,27,2030
551ad2c33738360024020200,"If you obssess about your work, a little Lego guy has some advice.",9,2013
551ad2c33738360024020200,"If you get down about your work, a little Lego guy has some advice.",10,2029
551ad2c33738360024020200,"If you get down about your work, a little Lego guy has some advice.",16,2074
551ad2c33738360024020200,Does being a perfectionist get to you? A little Lego guy has some advice.,18,2027
551ad8d53139650018b60000,YES. The moment we stop hating ourselves is the moment of *radical* change.,4,2005
551ad8d53139650018b60000,This woman proves that there's no such thing as normal,5,2076
551ad8d53139650018b60000,"Accepting yourself as you are is an act of civil disobedience.' Wow, this changes everything.",5,2029
551ad8d53139650018b60000,Self-acceptance *is* radical. Francesca Martinez tells us how.,6,2056
551ad8d53139650018b60000,"She asked the crowd, 'Have you ever met a normal person?' They laughed because she's got a point.",8,2011
551ad8d53139650018b60000,We consume because we're trying to fix ourselves. She shuts *that* down.,10,2024
551ada28313965000c7f0000,Two women scientists use an unorthodox approach and discover a way to combat a deadly modern threat.<br>,4,2053
551ada28313965000c7f0000,This diease has killed thousands. Two scientists just killed it with a 1000-year-old remedy.<br>,5,2032
551ada28313965000c7f0000,A microbiologist and a medieval scholar discover a new cure in an ancient text.<br>,8,2049
551ada28313965000c7f0000,This superbug has killed thousands. Two scientists just killed it with a 1000-year-old remedy.<br>,8,2015
551ae2b7376332000c1e0000,"There's a new way to help kids face cancer. A robot teddy bear named 'Huggable.""",4,2089
551ae2b7376332000c1e0000,Scientists at MIT have created the cutest robot bear to help young cancer patients deal with fear,4,1998
551ae2b7376332000c1e0000,"A robot whose sole purpose is to connect emotionally with cancer patients. It's working, too.",5,1987
551ae2b7376332000c1e0000,This robotic bear can tell when a child is in pain based on how hard they squeeze its hand.,9,2071
551aeab63763320018300000,A 9th century potion could cure the Methicillin-resistant Staphylococcus aureus (MRSA) superbug.<br>,1,2044
551aeab63763320018300000,A remedy from a 9th century medieval text kills scary superbugs like MRSA. Here's how they found it.<br>,4,2070
551aeab63763320018300000,2 scholars made a potion from a 9th century text that might be the answer to superbugs like MRSA.<br>,7,1971
551aeab63763320018300000,MRSA is a modern superbug. The way to kill it is right out of history. The 9th century to be exact.<br>,8,2035
551aeab63763320018300000,"Superbugs like MRSA may have just met their match thanks to this 9th century potion. Yes, really.<br>",11,2014
551b0e9a3763320018990000,Listen to 1 man explain why he has a hard time being a feminist,8,2064
551b0e9a3763320018990000,Listen to 1 man explain to other men why he has a hard time being a feminist,8,2025
551b13bd3139650024510100,Have you ever wondered why college campuses don't have more clubs just for white guys?,9,2538
551b13bd3139650024510100,"If you think college campuses need more clubs just for white guys, do I have the video for you.",11,2464
551b13bd3139650024510100,"After watching this performance, I had a moment of speechlessness. Here's why.",17,2542
551b13bd3139650024510100,"The question was so dangerously naive, they had to take the stage to answer it.",21,2574
551b13bd3139650024510100,An anonymous college student asks: Why isn't there a club for white men? Here's the short answer.,21,2543
551b13bd3139650024510100,An anonymous person complained that their school doesn't have a club for white people. Bad move.,29,2525
551b14c43139650024600100,"If the bad stuff in the world has you down, he's here to tell you why everything's still good.",4,2007
551b14c43139650024600100,An uplifting talk about tomorrow from Kid President,9,2090
551b14c43139650024600100,"Don't judge someone unless you walk a mile in their shoes. Also, don't steal their shoes.'",9,2021
551b14c43139650024600100,Sometimes the weight of the world feels pretty heavy. That's when you could use a pep talk.,10,1998
551b17553763320018cf0000,"A robot whose sole purpose is to connect emotionally with cancer patients. It's working, too.",9,2103
551b17553763320018cf0000,This robotic bear can tell when a child is in pain based on how hard they squeeze its hand.,15,2001
551b1ad9313965000c940100,"Indiana, 'til you play nice with EVERYONE, you don't get things like Angie's List and Ron Swanson.",8,2031
551b1ad9313965000c940100,I guess we can all imagine what kind of rating Indiana would get on Angie's List if it was listed.,10,2075
551b1ad9313965000c940100,Nick Offerman and mustache are canceling their Indiana tour. Angie's List is also making new plans.,14,2016
551b1ad9313965000c940100,"Oh, Indiana, no. You've angered Angie's List AND Ron Swanson with your bigotry?",19,1989
551b1ad9313965000c940100,"Well, Indiana is sure gonna be sorry now. First Angie's List and now Ron Swanson? OUCH.",30,2049
551b1e54313965000ca60100,"Could ""normal"" actually be a distraction from the stuff that really matters?",9,2006
551b1e54313965000ca60100,"She knows what it's like to be outside of what the world considers ""normal."" Just like you.",11,2101
551b1e54313965000ca60100,"Listening to her speech, I'm realizing that I've never met a ""normal"" person, either.",17,2064
551b1e54313965000ca60100,"They don't want us to feel ""normal"" so we'll keep buying sh*t we don't need. She says: ENOUGH.",20,1989
551b27c73763320018080100,"Fill in the blank: 94% of the time, the candidate with the most _____ wins.",7,2009
551b27c73763320018080100,Here's how a bill(ionaire) becomes a law(maker). Time for some real talk.,10,2130
551b27c73763320018080100,The truly absurd story of how pizza became a vegetable.,11,2041
551b27c73763320018080100,"Why pizza is a vegetable, and what that says about democracy.",13,2002
551b27c73763320018080100,"If our Founding Fathers saw this video, chances are they'd be pretty pissed.",23,2001
551b27c73763320018080100,Pretty much no one would consider this food a vegetable — unless it's served in school.,42,1984
551b77673139650024e80100,"They don't enjoy the word “illegal,"" so what he said got me hyped.",8,2448
551b77673139650024e80100,"He's over being called “illegal."" He'd rather be called an explorer.",9,2505
551b77673139650024e80100,"They hate the word “illegal,"" so they wrote the realest manifesto I've heard.",13,2577
551b77673139650024e80100,"He's over being called “illegal"" so he wrote the realest manifesto I've heard.",15,2562
551b77673139650024e80100,"No one should be called ""illegal,"" so I applauded his powerful statement.",18,2584
551beaa7376332000c9f0100,"In 2016, there will be two elections. 99.95% of us won't get to vote in the important one.",22,2576
551beaa7376332000c9f0100,"We, the people, and the Republic we must reclaim",24,2525
551c05a63763320018a30100,"It's a totally wild and pristine area. So naturally, someone wants to destroy it.",13,2092
551c05a63763320018a30100,Beautiful nature! Delicious salmon! And some assholes that want to take it all away.,23,1988
551c0c33653831000c4e0000,What if I told you that you'd never have to see things like this ever again?,14,2006
551c0c33653831000c4e0000,Burglars are criminals for having what isn't theirs. These people are criminals for NOT having.,16,2046
551c0c33653831000c4e0000,This little girl isn't a criminal. And neither is her family.,20,1944
551c0c33653831000c4e0000,One of the most conservative states in the U.S. is by far the most compassionate in this one area.,26,2057
551c0c33653831000c4e0000,"Get ready to be disgusted with humanity, then uplifted by it all in the course of two minutes.",28,2055
551c0c33653831000c4e0000,Utah has an idea that'll make all the other states angry that they didn't think of it first.,42,2041
551c0ecc376332000cf80100,"Oh, just a cloud of toxic gases, right near a school. The kind with children.",9,2083
551c0ecc376332000cf80100,The oil and gas industry invented a camera that can show you things they insist aren't there.,21,1995
551c0ecc376332000cf80100,What you'll see is hideous. But what you don't see is killing him.,29,2021
551c0ecc376332000cf80100,"If you're against it, you're against jobs. For it, you're against children. Tough call.",33,2036
551c1e24376332000c450200,How one fan is making sure not a single seat will be empty at her team's LGBT Pride Night,6,2131
551c1e24376332000c450200,"All the seats will be filled at the Oakland A's LGBT Pride Night, despite homophobic backlash.",6,2041
551c1e24376332000c450200,One MLB player's girlfriend had the best response to fans boycotting the stadium's LGBT Pride Night,11,1957
551c1e24376332000c450200,"After backlash about a team's 'Pride Night,' this baseball fan helped make the event a huge success.",16,1934
551c1e24376332000c450200,"When one stadium announced LGBT Pride Night, angry fans sold their tickets. So she bought them all.",25,2095
551c1f0165383100245f0000,Someone wondered if homeless people go to heaven? Wow.,19,2010
551c1f0165383100245f0000,How you feel about the homeless might change when you see how they feel about your feelings.,21,2041
551c1f0165383100245f0000,What's 140 characters and bringing these homeless folks to tears?,24,2099
551c1f0165383100245f0000,What happens when homeless people read the tweets you've sent?,25,2003
551c1f0165383100245f0000,Celebs reading mean tweets it's hilarious. Homeless reading mean tweets? Not so much.,26,2036
551c2dbf37633200180f0200,Pretty much no one would consider this food a vegetable — unless it's served in school.,7,2007
551c2dbf37633200180f0200,"If our Founding Fathers saw this video, chances are they'd be pretty pissed.",12,2082
551c3142643735000c080000,Beautiful nature! Delicious salmon! And some assholes that want to take it all away.,12,2021
551c3142643735000c080000,Have you ever seen something so beautiful and wild? Better look now — soon it may be gone forever.,18,2105
551c3142643735000c080000,"Look really closely at this river, and you just might see what the big developers see.",18,1969
551c3142643735000c080000,"Look really closely at this river. See that? Not the salmon, the millions in potential profit.",22,2077
551c3142643735000c080000,"Look really closely at this river, and you just might see what the big developers see. ($$$$$)",22,2010
551c3142643735000c080000,"Look really closely at this river, and you just might see what the big developers see.",34,1959
551c33b3626165000c0d0000,"Let's talk about birth control — the tiny, insertable, don't-have-to-remember-to-take-it  kind.",9,2015
551c33b3626165000c0d0000,"In the 'Choose Your Own Adventure' game of birth control, don't overlook this tiny but mighty option",15,2040
551c33b3626165000c0d0000,"If you're a human and make mistakes *and* you wanna be pregnancy-free, check out the IUD.",15,2029
551c33b3626165000c0d0000,What's making these little pieces of copper (or plastic) so darn popular?! Let's talk about the IUD.,16,2025
551c33b3626165000c0d0000,How a doctor gets them up in there — and other important facts about IUDs,22,2043
551c49d83930610024090000,Celebs reading mean tweets is hilarious. Homeless reading mean tweets? Not so much.,17,2042
551c49d83930610024090000,When it celebs it's hilarious. So why doesn't it work with the homeless?,16,1867
551c49d83930610024090000,Reading mean tweets is supposed to be funny. But for these homeless folks it's brutal.,28,2084
551c49d83930610024090000,They're not celebrities. They're homeless. And these tweets are awful.,33,2126
551c49d83930610024090000,Twitter is supposed to be fun. But for these homeless folks it's crushing.,33,2040
551c4fa9393937002c0d0000,A city in Utah has an idea that'll start a movement in all the other states. If they care.,18,2069
551c4fa9393937002c0d0000,A city in Utah has an idea that'll make all the other states rush to do the same thing.,23,1995
551c4fa9393937002c0d0000,Utah has an idea that'll make all the other states angry that they didn't think of it first.,31,2088
551c4fa9393937002c0d0000,A city in Utah has an idea that'll make all the other states angry that they weren't first.,37,1992
551c84a6383261001c480000,What could possibly make someone want to destroy this river? Oh. Money.,7,2103
551c84a6383261001c480000,Beautiful nature! Delicious salmon! And some assholes that want to take it all away.,9,1993
551c8c1b383261002c490000,"""If you're against it, you're against jobs ... For it, you're against children."" Tough call.",27,1999
551c8c1b383261002c490000,"If you're against it, you're against jobs. For it, you're against children. Tough call.",29,2079
551c979b393937001c640000,"""If you're against it, you're against jobs ... For it, you're against children.""",15,2023
551c979b393937001c640000,"""If you're against it, you're against jobs ... For it, you're against children."" Choose carefully.",20,2062
551c979b393937001c640000,"""If you're against it, you're against jobs ... For it, you're against children."" No contest.",22,2039
551c979b393937001c640000,"""If you're against it, you're against jobs ... For it, you're against children."" Tough call.",33,1991
551cb834383261000c770000,"Watch a love story about a soldier and listen to a man sing about his love, Georgia",11,1974
551cb834383261000c770000,An emotional love story between 2 soldiers with a surprise twist I've not seen yet,16,2127
551cb834383261000c770000,A love story with 2 surprise endings helps people understand the feelings of relationships,17,1952
551cb834383261000c770000,"The lyrics are about the love between a man and a woman, but the video is different (and the same)",21,2026
551cb834383261000c770000,A gay love story set to a straight lyrics show that the feeling of love is universal,27,2048
551d3e4c383261000c910000,"What's better than having to always drink water that might make you sick? Um, NOT having to do that.",5,2100
551d3e4c383261000c910000,"HECK YES. This new company distributes clean, affordable water, and creates jobs.",6,1987
551d3e4c383261000c910000,Water that doesn't need to be boiled? No wonder these dudes are all smiles.,8,2111
551d3e4c383261000c910000,Meet a new business that could save thousands of lives — and change millions.,9,2023
551d3e4c383261000c910000,4 steps to clean water. Side effects may include saving lives and creating jobs.,9,1988
551d3e4c383261000c910000,"Growing up, Alfred was so full of hate. But now he's channeled that into something amazing.",11,2003
551d4d6b393937002caa0000,Here's what California needs to learn from Brazil before this drought gets any worse.,16,2022
551d4d6b393937002caa0000,California has 1 year of water left. This is how we can solve the long term issue.,16,1989
551d4d6b393937002caa0000,Just how far will the effects of California's drought reach? Far enough you'll want to help fix it.,17,2106
551d4d6b393937002caa0000,Here's why California only has a year of water left. And here's how we fix it.,21,2055
551d4d6b393937002caa0000,This is what California's water problem looks like. And here's how we fix it.,27,1981
551d5c07383261002cb00000,She can't do her homework. She's too busy listening to her mom cry at night.,9,1969
551d5c07383261002cb00000,"4,300 people there live in tiny cramped spaces. 1400 of them are kids.",10,2056
551d5c07383261002cb00000,"4300 people were put in temporary housing. Here are some of their stories, years later.",16,2085
551d5c07383261002cb00000,They were told 6 months. 8 years later they're still waiting to live a normal life.,22,2075
551d5c07383261002cb00000,"Living in a hotel is fun for a few days, but after 5 years she 'lost her mind.'",27,2025
551d5c07383261002cb00000,Every year her daughter's birthday party is in the hallway. Here's why.,38,2029
551d5d14383261001cbf0000,"What's it take for a black person to live in Chris Rock's neighborhood? A lot of patience, for one.",26,2054
551d5d14383261001cbf0000,Chris Rock's selfies tell us so much about everything wrong with racial profiling.,36,2086
551d5d14383261001cbf0000,How Chris Rock is using selfies to make a great point about the problem with racial profiling.,38,1930
551d5d14383261001cbf0000,These 3 selfies say so much about the state of racial profiling.,65,2009
551d5d14383261001cbf0000,3 selfies shared by Chris Rock are just one more way he's demonstrating racism still exists.,68,2086
551d7147383261001c110100,"Comedians probe the edge of our culture, sometimes at great peril. Meet Lenny Bruce.",2,2067
551d7147383261001c110100,"George Carlin, Richard Pryor, Eddie Murphy, Dave Chapelle all blazed trails. Like this guy did.",9,2046
551d7147383261001c110100,"Comedy is supposed to poke at the sensitive edges of society, right? Well, it wasn't always thus.",17,2001
551d7147383261001c110100,"This guy was the first comedian to use a word in his act that, up until then, nobody had ever used.",28,2094
551d7147383261001c110100,"The huge price one comedian paid so that George Carlin, Richard Pryor, and others could make it big.",29,2019
551d7ce5383965002c140000,"It's a tiny history lesson, but it should be so much bigger.",7,3056
551d7ce5383965002c140000,Each one of these women did something important for civil rights. But so few people remember them.,9,3097
551d7ce5383965002c140000,She decided to change the Selma script because she knew the story wasn't complete without them.,11,2988
551d7ce5383965002c140000,Ava DuVernay gave a great speech but the first question she got made me put my research hat on.,16,3016
551d7ce5383965002c140000,"Her speech was great, but I zeroed in on the list of names she gave. Some really important women.",17,3067
551d80fb653336002c240000,3 selfies shared by Chris Rock are just one more way he's demonstrating racism still exists.,95,3021
551d80fb653336002c240000,3 selfies shared by Chris Rock are just one more way he's demonstrating racism still exists.,102,3006
551d80fb653336002c240000,3 selfies shared by Chris Rock are just one more way he's demonstrating racism still exists.,106,3057
551d80fb653336002c240000,3 selfies shared by Chris Rock say so much about the state of racial profiling in America.,114,3117
551d80fb653336002c240000,3 selfies shared by Chris Rock are just one more way he's demonstrating racism still exists.,117,3136
551d80fb653336002c240000,3 selfies shared by Chris Rock are just one more way he's demonstrating racism still exists.,122,3048
551d83dd383965002c4b0000,"Helen Mirren sounds off on 'manspreading' on late-night TV, and it's awesome.",46,3016
551d83dd383965002c4b0000,Celebs weigh in on the scourge that is 'manspreading.'<br>,55,3041
551d83dd383965002c4b0000,"Knees together, dudes. Please. Helen Mirren nails the 'manspreading' debate.",78,3120
551d83dd383965002c4b0000,Helen Mirren says what every woman who's ever been on a crowded train has been thinking.<br><br><br><br>,98,3079
551d8f2b383965002c810000,She doesn't want her daughter's birthday ruined by being in the hallway again.,38,3112
551d8f2b383965002c810000,"It's always 'Mommy, are you going to do my birthday again in the corridor?'",52,3077
551d8f2b383965002c810000,Her daughter celebrates her birthday in a hallway every year.,55,2948
551d8f2b383965002c810000,Every year her daughter's birthday party is in the hallway. Here's why.,68,3025
551d8f2b383965002c810000,Every birthday her daughter asks if her party will be in the hallway again. It is.,76,3114
551d9dfb383965001c940000,Helen Mirren says what every woman who's ever been on a crowded train has been thinking.,93,3195
551d9dfb383965001c940000,Helen Mirren says what every woman who's ever been on a crowded train has been thinking.,93,3157
551d9dfb383965001c940000,Helen Mirren says what every woman who's ever been on a crowded train has been thinking.<br>,107,3163
551d9dfb383965001c940000,Helen Mirren says what every woman who's ever been on a crowded train has been thinking.,130,3163
551dec34653336000cde0000,"They got silly vests, a rhyming dictionary, and a message for their school: drop big oil.",26,3067
551dec34653336000cde0000,"Students follow the money and learn where it comes from. They are so mad, they take off their vests.",29,3099
551dec34653336000cde0000,These students know a secret about how their school makes money. They made up a silly song about it.,45,3023
551dec34653336000cde0000,These students know a dirty secret about how their school makes money. They want you to know too.,49,3016
551e91bf383965002c1c0100,A city in Utah has an idea that'll make all the other cities angry that they weren't first.,39,2971
551e91bf383965002c1c0100,A city in Utah has a plan. It's going to make the rest of the country angry for not doing it first.,43,3096
551e91bf383965002c1c0100,A city in Utah had a big idea. The rest of country *wishes* they did this first.,46,3112
551e91bf383965002c1c0100,A city in Utah has an idea. It'll make all the other cities angry that they aren't doing it already.,50,3000
551e91bf383965002c1c0100,A city in Utah has an idea that'll make the rest of the country angry that they didn't do it first.,54,3078
551e91bf383965002c1c0100,A city in Utah has an idea that'll make all the other states angry that they weren't first.,62,3035
551ea5e5653336002c390100,A 10-year-old boy in Florida goes on camera to say that discrimination against his dads is wrong.,19,3075
551ea5e5653336002c390100,A 10-year-old boy goes on camera to stop Florida from discriminating against his dads.,21,3119
551ea5e5653336002c390100,A 10-year-old boy's moving tribute to his dads is exactly what so many need to hear.,25,3037
551ea5e5653336002c390100,His dads are the only family he and his brother ever knew. That's why he's fighting for them.,26,3070
551ea5e5653336002c390100,"He's only 10, but he just gave Florida's legislature a powerful lesson in discrimination.",32,2969
551eb6b5653336000c5d0100,"After her talk, she dropped 5 names of important women. If you don't know who they are, here goes.",33,3135
551eb6b5653336000c5d0100,"She answered the question by dropping 5 important names. If you don't know who they are, here goes.",36,3055
551eb6b5653336000c5d0100,"After her speech, she dropped 5 names of important women. If you don't know who they are, here goes.",40,3000
551eb6b5653336000c5d0100,"You should have learned about them in middle school, but you probably didn't. So here goes.",45,3068
551ec545653336002c710100,Two 80-something Holocaust survivors started a band to remember the good times.,11,3041
551ec545653336002c710100,Music got them through the worst time in their lives. So they started a band in their 80s.,14,2987
551ec545653336002c710100,These 80-something Holocaust survivors have an important message about life after tragedy.,21,3026
551ec545653336002c710100,These two 80-something Holocaust survivors started a band. Because it's not enough to just survive.,22,3111
551ec545653336002c710100,These 2 elderly Holocaust survivors are living proof that it's not enough to just survive.,28,3028
551efb36326661002c320000,"In the camp, his number was 84650. Now he plays the drums in a band.",5,2197
551efb36326661002c320000,They're over 80. They're both Holocaust survivors. And they rock.,9,2301
551efb36326661002c320000,These 2 elderly Holocaust survivors are living proof that it's not enough to just survive.,20,2180
551efb36326661002c320000,"In the camp, his number was 84650. Here's what got him through the darkness.",25,2315
551efb36326661002c320000,"His wife said he was crazy. His rabbi said he was too old. But his friend said, 'Let's do it.'",26,2225
551f0508326661001c590000,Women are making waves in the sporting world. Now up? The NFL.,3,2078
551f0508326661001c590000,Women are making waves in the sporting world. Now up? Football.,5,2040
551f0508326661001c590000,"Get to know trailblazer Sarah Thomas, the NFL's first female referee.",5,2016
551f0508326661001c590000,"She didn't set out to shatter the glass ceiling, but she did. The NFL hired the first female ref.",8,1969
551f0508326661001c590000,The NFL just hired their first female ref. Here's why that's huge news.,9,2085
551f098a323532001c540000,"They completed a remarkable exodus, and not just from darkness into freedom.",1,1278
551f098a323532001c540000,2 Holocaust survivors prove you're never too old to join a band.,6,1351
551f098a323532001c540000,Is it too late to start a band when you're 89? This Holocaust survivor doesn't think so.,7,1350
551f098a323532001c540000,"His wife said he was crazy. His rabbi said he was too old. He joined the band, anyway.",8,1349
551f098a323532001c540000,A heartwarming tale of 2 Holocaust survivors that started a band... 70 years later.,8,1318
551f098a323532001c540000,"His wife said he was crazy. His rabbi said he was too old. But his friend said, 'Let's do it.'",13,1389
5521c79d623833001c080000,The NFL just hired its first female ref. Here's why that's huge news.,2,1968
5521c79d623833001c080000,"She didn't set out to shatter the glass ceiling, but she did. The NFL hired the first female ref.",7,2098
5521c79d623833001c080000,The NFL just hired its first female ref. Here's why that's huge news.,9,1973
5521c79d623833001c080000,The NFL just hired its first female ref. Here's why that's huge news.,10,2099
5521c79d623833001c080000,The NFL just hired their first female ref. Here's why that's huge news.,10,2005
552274c2613031002c1a0000,John Oliver knows you don't want to hear about government surveillance. So he flew to Russia.,14,2031
552274c2613031002c1a0000,Barack Obama and Ted Cruz agree on 1 government program that should absolutely be killed.,22,2071
552274c2613031002c1a0000,John Oliver flew 10 hours to Russia to interview Edward Snowden. Here's how that went.,27,2006
552274c2613031002c1a0000,John Oliver flew 10 hours to Russia to interview Edward Snowden and get him on record.,28,1973
552274c2613031002c1a0000,John Oliver interviewed Edward Snowden and got him to say some surprising things.,29,2036
55227dbe613031000c170000,Edward Snowden tells John Oliver that the NSA can basically see you naked whenever it wants.,49,2018
55227dbe613031000c170000,John Oliver flew 10 hours to Russia to interview Edward Snowden and get him on record.,50,2014
55227dbe613031000c170000,Edward Snowden tells John Oliver that the NSA passes around pictures of naked people all the time.,52,2015
55227dbe613031000c170000,Edward Snowden tells John Oliver some disturbing things about something most people don't want seen.,55,1990
55227dbe613031000c170000,John Oliver finds out just how easy it is for the NSA to see you naked.,67,2133
55228aab613031000c2b0000,The NFL just hired its first female ref. Here's why that's huge news.,11,2046
55228aab613031000c2b0000,"She's the NFL's first female referee, and here's how she shattered football's glass ceiling.",12,1986
55228aab613031000c2b0000,The NFL just hired their first female ref. Here's why that's huge news.,16,2061
55228aab613031000c2b0000,The NFL just hired their first female ref. Here's why that's huge news.,19,2038
552293ae623833000c220000,See how one woman's life changed forever when she got a toilet.,53,2069
552293ae623833000c220000,See how one woman's life changed forever when she got a bathroom.,55,2042
552298db613031001c320000,"When it looks like to turn the clock back 50 years. I'm looking at YOU, Indiana (and Alabama, and …)",19,2031
552298db613031001c320000,There's a cafe somewhere in middle America that's named the Religious Freedom Cafe. Not really.,20,2092
552298db613031001c320000,I'll have a ham sandwich — and side of 'Turn the clock back 50 years.',35,2079
552298db613031001c320000,"What laws like the one just signed in Indiana really mean, in a 1 minute video.",38,2068
552298db613031001c320000,"When he says, 'We don't serve black people here,' it really makes me kinda queasy inside.",66,2038
552298db613031001c320000,"A black man sits down to eat at a diner. Stares from the white patrons. The owner steps up, and ...",77,1960
5522b340613031001c750000,He has this comedy routine down. Who knew climate change could be so funny?,20,2027
5522b340613031001c750000,Who knew climate change could be so funny? He has this comedy routine down.,26,2028
5522b340613031001c750000,"He makes jokes but at 2 minutes in, they get pretty real and what they mean isn't so funny.",28,2056
5522b340613031001c750000,"He takes down climate change deniers using only air-quotes and the phrase ""so-called"".",30,2070
5522b464623833001c6e0000,"When you imagine an NFL ref, you probably don't think of this lady. Yet.",4,1996
5522b464623833001c6e0000,It's about damn time: NFL hires first-ever female ref,7,2120
5522b464623833001c6e0000,"It's 2015, and the NFL just hired its first-ever female referee.",11,2052
5522b464623833001c6e0000,The NFL just hired their first female ref. Here's why that's huge news.,13,1972
5522b464623833001c6e0000,The NFL just hired their first female ref. Here's why that's huge news.,14,2107
5522b464623833001c6e0000,The NFL just hired their first female ref. Here's why that's huge news.,16,2010
5522b7e3613031001c8b0000,Clean water must come first. And then everything else will follow.,4,1984
5522b7e3613031001c8b0000,Every sip could mean life or death. But they have no other choice.,6,2054
5522b7e3613031001c8b0000,Nearly 1 in 3 people here lack access to a basic human necessity. Hear their story.,8,2037
5522b7e3613031001c8b0000,Average life expectancy is 20 years shorter than in the U.S. — but one resource could change it all.,9,2060
5522b7e3613031001c8b0000,Can't imagine what it's like to live in Uganda? Let this show you.,25,2018
5522bcda623833002c870000,A black man sits down at a diner. Stares come from the white patrons. Then the owner speaks.,66,2088
5522bcda623833002c870000,A black man sits down at a diner to eat. Stares come from the white patrons. The owner reacts.,67,2033
5522bcda623833002c870000,A black man sits down to eat at a diner. Stares from the white patrons. Then the owner steps up.,70,1974
5522bcda623833002c870000,A black man sits down to eat at a diner. Stares come from the white patrons. Then the owner speaks.,75,2085
5522bcda623833002c870000,"A black man sits down to eat at a diner. Stares from the white patrons. The owner steps up, and ...",83,2012
5522bcda623833002c870000,A black man sits down at a diner to eat. The white patrons are shocked. Then the owner steps up.,89,2036
5522bf55623833000c810000,"One 12-year-old girl, two entirely different potential outcomes. We all want the good one, right?",20,2032
5522bf55623833000c810000,The scenario for a 12-year-old girl has 2 endings. And 1 thing determines which happens: education.,21,2090
5522bf55623833000c810000,Something bad happens when a girl who lives in poverty turns 12 years old.,40,2032
5522bf55623833000c810000,"A 'woman' at 12, married by 14, pregnant by 15. But WAIT! Rewind that and let's do it again.",41,2019
5522c3e4623833001ca10000,College keeps getting more expensive. Here's how one school manages to stay affordable.,8,2052
5522c3e4623833001ca10000,"If we hope to make education affordable again, we need more colleges doing what this school did.",8,2037
5522c3e4623833001ca10000,"While the cost of college rises, one of the country's top schools got more affordable than ever.",8,2029
5522c3e4623833001ca10000,One of the country's elite schools just got more affordable than ever — if you can get accepted.,8,1993
5522c3e4623833001ca10000,"As the cost of college skyrockets, one school has a radical new plan: a free education.",12,2016
5522c4ae623833000c9c0000,Is destroying this river and the community that lives off of it worth making a buck on coal?,3,2083
5522c4ae623833000c9c0000,Beautiful nature! Delicious salmon! And a coal business that want to take it all away.,5,1981
5522c4ae623833000c9c0000,Bears and humans alike fish for salmon here. Now businesses want to start 'fishing' for coal.,6,1959
5522c4ae623833000c9c0000,Some people look at this river and see pristine wilderness. Others see a whole lot of dollar signs.,7,2055
5522c4ae623833000c9c0000,NOPE: A community's response to a coal business trying to destroy their river.,10,2017
5522c4ae623833000c9c0000,Beautiful nature! Delicious salmon! And some assholes that want to take it all away.,17,2079
5522d491623833001ce50000,One man switches the stories of scientists and big oil execs in a long 'opposite-day' like rant,14,2005
5522d491623833001ce50000,"He only says one good thing about how the world works, and in so doing, convinces me to like science",18,2017
5522d491623833001ce50000,A comedian goes on a joke rant *against* science. He's trying to get humans to like it.,20,2064
5522d491623833001ce50000,"He takes down climate change deniers using only air-quotes and the phrase ""so-called"".",21,2049
5522d5aa33366400240d0000,How would you feel if your electric company paid you to buy less of their product?,2,2002
5522d5aa33366400240d0000,"Sometimes the more power people use, the less power companies make. It can be a great thing.",4,1972
5522d5aa33366400240d0000,"For power companies, it can be cheaper to pay customers to use less power than to sell it to them.",5,2109
5522d5aa33366400240d0000,A cool new idea has power companies paying YOU.,6,2048
5522d5aa33366400240d0000,You can get paid to reduce your carbon footprint? I'm listening…,8,2048
5522dbcb623833002cea0000,"Three people named Jenny, Victor, and Julie took a chance on a better life. They got the opposite.",13,1940
5522dbcb623833002cea0000,"Three characters named Jenny, Victor, &amp; Julie took a chance on a better life. They got the opposite.",15,2083
5522dbcb623833002cea0000,"I don't want you to feel guilty about it, but I want you to know what human trafficking looks like.",27,2053
5522dbcb623833002cea0000,Modern day human slavery takes many forms. Here are three of them.,44,2054
5522e927323639002c260000,These onesies really put the patriarcy in perspective,22,2032
5522e927323639002c260000,A shocking picture of how we tell kids to see their bodies. It starts in infancy.,28,1993
5522e927323639002c260000,Onesies that say nothing about babies and everything about our screwed up culture,31,2046
5522e927323639002c260000,"They look like regular baby clothes, until you read them. Guess which one's for girls?",39,2053
5522e927323639002c260000,"When one employee saw these baby clothes, he almost lost his cool. Thankfully the store listened.",63,2061
5522fb243336640018610000,See how a Chicago student body decided to help the undocumented students at their university.,4,2035
5522fb243336640018610000,"What can you buy for $2.50 these days? Not much. But 10,000 people with $2.50? That's another story.",6,1978
5522fb243336640018610000,What can Congress learn from a bunch of college kids in Illinois when it comes to immigrants? Lots.,6,1968
5522fb243336640018610000,There's an entire population of students who can't get aid for college. See how 1 school responded.,7,2026
5522fb243336640018610000,"Here's why the students of Loyola University Chicago deserve a ""Best People of the Year"" award.",9,2023
5522fb243336640018610000,"Why students of Loyola University Chicago deserve an ""Awesomest People of the Year"" award.",14,2021
5522fb243336640018610000,A student government wanted to charge each student an extra $2.50 per semester. That went over well.,15,2011
5522fb243336640018610000,The United States is in clear violation of a basic human right. These students are pretty over it.,16,2062
5522fb243336640018610000,A college just approved a $2.50 fee per student per semester. It made a lot of students happy.,21,2074
5523001d323639002c720000,Republican want to give corporations enormous new power. Obama is helping them do it.,3,2057
5523001d323639002c720000,This massive corporate power grab was support to be a secret. Then Wikileaks happened.,4,2061
5523001d323639002c720000,"Corporations are creating their own, private legal system. The details are appalling.",8,2019
5523001d323639002c720000,The details of a massive corporate power grab have leaked. No wonder it was supposed to be a secret.,12,2005
55231d7133366400249e0000,See why one rock legend wants your kid to be a monk ... sort of.,5,2019
55231d7133366400249e0000,See why Henry Rollins wants your kid to be a monk ... sort of.,6,2019
55231d7133366400249e0000,Here's one rock icon's advice for success in a world of haves and have-nots.,14,2019
55231d7133366400249e0000,Henry Rollins' advice for success in a world of haves and have-nots.,15,2108
55231d7133366400249e0000,Hear a rock star's earnest appeal to the poorest youth of the United States of America.,18,2020
55231d7133366400249e0000,Hear rock star Henry Rollins' earnest appeal to the poorest youth of the United States of America.,24,1988
5523eb1a323639000cc90000,"The fight to #RaiseTheWage is about civil rights, and human dignity.",4,2042
5523eb1a323639000cc90000,She works 2 jobs at minimum wage. It's heartbreaking.,5,2018
5523eb1a323639000cc90000,The movements fighting for a $15 minimum wage and Black Lives Matter are coming together.,5,2011
5523eb1a323639000cc90000,"You know that old saying, 'Walk a mile in her shoes?' Word.",16,2089
5523eb1a323639000cc90000,April 15 is almost here. The people you see in the streets that day are folks just like her.,15,1947
5523eb1a323639000cc90000,What's it really like working for minimum wage all day? Let's hear from those actually living it.,22,2071
5523efa8333664000c1d0100,"Comedy gold. He takes down climate change deniers using only air-quotes and the phrase ""so-called"".",21,1975
5523efa8333664000c1d0100,"He pokes fun at climate change deniers using only air-quotes and the phrase ""so-called"".",24,1980
5523efa8333664000c1d0100,"He takes down climate change deniers using only air-quotes and the phrase ""so-called"".",27,2035
5523efa8333664000c1d0100,A comedian goes on a joke rant *against* science. He's trying to get humans to like it.,31,2061
5523efa8333664000c1d0100,"He takes down global warming deniers using only air-quotes and the phrase ""so-called"".",32,2090
5523efa8333664000c1d0100,"He takes down climate change deniers using only air-quotes and the phrase ""so-called"".",33,2021
5523f634323639000cff0000,Some are worried that food stamp users will buy things like steak and shrimp. That's just silly.,8,1998
5523f634323639000cff0000,Some are worried that food stamp users will buy things like steak and shrimp. That's just silly.,12,2034
5523f634323639000cff0000,Some are trying to humiliate SNAP users with weird restrictions. Like being broke isn't hard enough.,12,2010
5523f634323639000cff0000,Some are trying to humiliate SNAP users with weird restrictions. Like being broke isn't hard enough.,22,2127
552406bd6265320018160000,"What's going on in Cuba is interesting, kind of  like how they roll.",8,2042
552406bd6265320018160000,Forget putting your nose to the grindstone; what about putting your hands on the wheels?,10,2035
552406bd6265320018160000,How a country that hasn't been big on capitalism dealt with shortages is pretty entrepreneurial.,10,1998
552406bd6265320018160000,"Two-wheeled, 3-wheeled, and 4-wheeled versions of these are all over one country. For good reason.",11,2041
552406bd6265320018160000,The surprising way a country that was closed off to the United States has dealt with scarcity.,22,2048
55240d83343935000c250000,"Sometimes the more power people use, the less power companies make. It can be a great thing.",3,2058
55240d83343935000c250000,You can get paid to reduce your carbon footprint? I'm listening…,3,1977
55240d83343935000c250000,How would you feel if your electric company paid you to buy less of their product?,4,2068
55240d83343935000c250000,A cool new idea has power companies paying YOU.,5,2048
55240d83343935000c250000,"For power companies, it can be cheaper to pay customers to use less power than to sell it to them.",5,2040
55241120646338002c040000,"The 'Black Girls Rock' Awards had a lot of great speeches, but this one really stood out.",20,2073
55241120646338002c040000,I was a young woman with something important to say.' Michelle Obama rocks 'Black Girls Rock.',21,2108
55241120646338002c040000,Michelle Obama: 'I wasn't loud. I was a young woman with something important to say.',23,2044
55241120646338002c040000,Michelle Obama: 'This is how you go from being black girls who rock to black women who rock.',23,1959
55241120646338002c040000,Michelle Obama's instantly classic speech at the 'Black Girls Rock' Awards is a must watch.,27,2020
55241387346531000c0d0000,"If you take 1 thing away from National Beer Day, here's what it should be.",5,2001
55241387346531000c0d0000,A silly holiday created to celebrate beer can actually teach us something important about crime.,12,2090
55241387346531000c0d0000,What prohibition can teach us about the way we think about drugs today.,16,2009
55241387346531000c0d0000,"82 years ago, we legalized a dangerous drug. It was a good idea.",25,2080
55242a83346531001c510000,"He just made a movie, and I'm dying to see it.",7,2041
55242a83346531001c510000,"He has lots of questions. Like, why can't he ski in Montana, at 9,000 feet, in February?",10,2001
55242a83346531001c510000,He's challenging the president to look through a child's eyes. His camera lets you do the same.,15,2045
55242a83346531001c510000,"This 6-year-old's film was so important, President Obama showed it at the White House.",29,2050
55242b33346531002c500000,A comedian goes on a joke rant *against* science. He's trying to get humans to like it.,13,2029
55242b33346531002c500000,"He takes down climate change deniers using only air-quotes and the phrase ""so-called"".",17,2087
55242b33346531002c500000,"He takes down climate change deniers using only air-quotes and the phrase ""so-called"".",19,2009
55242b64346531000c680000,She wanted safety for her daughter. But the country she fled to wasn't about to make things easy.,10,2020
55242b64346531000c680000,"1,600 children are seeking asylum in Ireland. This is how they live while they wait.",15,2035
55242b64346531000c680000,They were told 6 months. 5 years later they're still waiting to live a normal life.,19,2042
55242b64346531000c680000,"4,300 people are trapped in Irish hotels and trailers, waiting to leave. Witness their story.",28,2042
55245bae323036002c230000,Gay football player Michael Sam performed a dance to a song about a dad who won't accept his son.,8,2015
55245bae323036002c230000,His dad doesn't want kids raised in 'that type of environment'. I wouldn't want to be raised in his.,19,2046
55245bae323036002c230000,This gay football star performs to a song about a dad who won't accept his son. His won't either.,20,2036
55245bae323036002c230000,Michael Sam is challenging outdated notions with a rumba.,20,2030
55245bae323036002c230000,Gay football player Michael Sam reveals that he and his father are now estranged.,26,1994
55245bae323036002c230000,Dancing With The Stars' becomes poignant when a gay star dances out his pain.,29,2069
552508ad313437001c5c0000,One look at Cuba's bike culture and the creative people behind it,5,1975
552508ad313437001c5c0000,My bike broke. I got a new one. When that happens in Cuba — it's intense.,6,2016
552508ad313437001c5c0000,"Whether you're a 1990's or 1950's kid, if you're in Cuba you've seen these.",7,2063
552508ad313437001c5c0000,Bicycle parts: One surprising way a country that was closed off to the USA has dealt with scarcity.,7,2027
552508ad313437001c5c0000,"Some might say it's sad, but I think that how they make them is inventive.",7,2020
552508ad313437001c5c0000,"They haven't had a new bike in decades, but that doesn't stop them from using what they've got.",10,2092
55255e41323036002cc90000,"We need them for 1/3 of all our food, so yeah, bees really are good.",2,2082
55255e41323036002cc90000,"President Obama tells a group of children that bees are good, and he's totally right.",7,2027
55255e41323036002cc90000,"Bees are more afraid of you than you are of them, so listen to President's advice: 'bees are good.'",8,2004
55255e41323036002cc90000,"Bees are good,' President Obama told a screaming child. He's right.",10,2032
55255e41323036002cc90000,President Obama was interrupted by a bunch of bees. He responds with some pretty solid advice.,20,2061
55257b18323036001cfe0000,A clever new idea uses a power company's smart meters to cut everyone's pollution.,3,1994
55257b18323036001cfe0000,Programmers have come up with software that lets the grid pay you when you use less power.<br>,4,2084
55257b18323036001cfe0000,"If enough people got into programs like this, there'd be no need for the dirtiest power plants.",4,2055
55257b18323036001cfe0000,"When a dirty power plant turns on, this software lets you turn off some stuff to shut it back down.",5,2020
55257b18323036001cfe0000,This company's clever software has power companies paying YOU.,10,2020
55257f74313437002c100100,Dropping out of school is a familiar story for millions. This song gives it a unique twist.,5,2065
55257f74313437002c100100,"Way too many girls are out of school, and this catchy reggae song shows us why",13,2040
55257f74313437002c100100,The power of education shines bright in this catchy music video,14,1997
55257f74313437002c100100,This music video beautifully captures a major education problem we have in the world,25,2025
5525a094646532000c030000,Apple's racially diverse emoji might just make us be nicer to each other. SCIENCE!,2,1990
5525a094646532000c030000,Emoji that look like all of us. Sounds frivolous. Totally not.,3,2018
5525a094646532000c030000,iOS 8 is officially the cool kid in the room as voted by non-white people who text.,8,2020
5525a094646532000c030000,"If you don't know why Apple's diverse emoji are big deal, there a study for that.",9,2091
5525af52303538000c0a0000,What happened in North Charleston mirrors Ferguson. Here's what we can learn from both cities.,2,2041
5525af52303538000c0a0000,"If no one had filmed Walter Scott's death, we might not even be talking about him.",2,2027
5525af52303538000c0a0000,"When something goes wrong with the police, there is no black box except us.'",3,2068
5525af52303538000c0a0000,"Walter Scott was killed by a cop. Here's what police are changing, and what needs to be addressed.",5,1963
5525af52303538000c0a0000,"Until the video of this man's murder went viral, his killer walked free.",7,2077
5525b11f303538002c1b0000,"When there are no banks, you gotta take matters into your own box. These women are onto something.",6,2068
5525b11f303538002c1b0000,"Today there are more than 400 million members in this ""new"" way of banking",8,2017
5525b11f303538002c1b0000,This is a genius way to save money in parts of the world where there are no banks,9,2005
5525b11f303538002c1b0000,"These women sit in a circle, put money in a box, and hold each other accountable. Every week.",10,2057
5525b11f303538002c1b0000,The women sit in a circle and put money in a box. Then they do it again the next week. It's genius.,15,2010
5525b331646532001c260000,"Some teach their kids to trust cops. For black parents, it's not that simple.",7,2037
5525b331646532001c260000,How to talk to your son about the cops when told their lives don't matter.,9,2091
5525b331646532001c260000,A crying dad promises to protect his black son from police brutality. It's scary that he can't.,9,1980
5525b331646532001c260000,A scary conversation that no parent with a son should have to think about.,13,2017
5525b331646532001c260000,"It's frightening, but all parents with black sons should have this conversation.",14,2071
5525b331646532001c260000,What black parents want their sons to know about when they're pulled over by the cops.,15,1983
5525cbc8303538000c3b0000,A reformed racist gives insight to why he changed and offered advice on how American can change,27,2054
5525cbc8303538000c3b0000,An unassuming man offers American's advice on racism,27,1987
5525cbc8303538000c3b0000,A self-described 'redneck' talks about why he stopped being racist.,30,2036
5525cbc8303538000c3b0000,A thought out explanation of privilege in America from the mouth of a Southern good ol' boy,36,2071
5525d0d1303538000c460000,What happened in North Charleston mirrors Ferguson. Here's what we can learn from both cities.,4,2061
5525d0d1303538000c460000,"When something goes wrong with the police, there is no black box except us.'",6,2043
5525d0d1303538000c460000,"Walter Scott was killed by a cop. Here's what police are changing, and what needs to be addressed.",7,1999
5525d0d1303538000c460000,"If no one had filmed Walter Scott's death, we might not even be talking about him.",12,2095
5525d0d1303538000c460000,"Until the video of this man's murder went viral, his killer walked free.",20,1984
5525e1ec646532002c400000,Sarah Silverman got paid $50 less for making *just* as many people laugh. She's got some thoughts.,22,2079
5525e1ec646532002c400000,Sarah Silverman discusses how the pressure to overcome unequal pay is just as bad as unequal pay,24,2012
5525e1ec646532002c400000,"When she got paid $50 less than a dude for the same job, Sarah Silverman was like, ""I deserve more.""",30,2049
5525e1ec646532002c400000,"Two comedians walk into the exact same job. One gets $60, the other gets $10.",53,1995
55266781303538001c4b0000,"If no one had filmed Walter Scott's death, we might not even be talking about him.",9,2014
55266781303538001c4b0000,"Until the video of this man's murder went viral, his killer walked free.",21,2077
552669a8303538000c650000,How some parents talk to their black sons about racial profiling.,5,2033
552669a8303538000c650000,Parents struggle to teach their black sons how to interact with the cops.,7,2058
552669a8303538000c650000,What black parents want their sons to know about when they're pulled over by the cops.,16,2011
552669a8303538000c650000,What some parents want their black sons to know about the cops.,18,2022
552669a8303538000c650000,What parents want their black sons to do when they're stopped by the cops.,21,2035
5526891b646532000c780000,She started by feeding neighborhood kids extras from her pantry. It united a neighborhood.,8,1993
5526891b646532000c780000,What happens to kids who rely on school lunches when school is out for the summer?,9,2025
5526891b646532000c780000,Imagine being a kid in the summertime. Now imagine what that's like when you can't find a meal.,12,1979
5526891b646532000c780000,"Millions of kids rely on meals at school. For them, summer can be a time of hunger and anxiety.",14,2114
5526891b646532000c780000,I knew a beautiful woman like this when I grew up. She made sure every kid had enough to eat.,19,2052
5526891b646532000c780000,It started with extras from her pantry for the neighborhood kids. Then it spread like wildfire.,21,2002
55269122646532002c800000,IMPORTANT SCIENCE NEWS: The Brontosaurus might be real after all.,6,2065
55269122646532002c800000,DINO ALERT: Everyone's favorite long-necked creature might be real after all.,12,2001
55269122646532002c800000,"For over 100 years, scientists said this guy wasn't real. Brand new evidence suggests otherwise.",15,2000
55269122646532002c800000,"For over 100 years, scientists said this dino wasn't real. New evidence suggests otherwise.",16,2004
55269122646532002c800000,"For over 100 years, scientists have said the Brontosaurus wasn't real. They might have been wrong.",18,2111
55269122646532002c800000,New evidence suggests the Brontosaurus could be real after all.,20,2009
552694a7303538002cae0000,It started with extras from her pantry for neighbor kids. Then it spread like smiles on a sunny day.,10,2024
552694a7303538002cae0000,It started with extras from her pantry for neighbor kids. Then it spread like a delightful wildfire.,15,2057
552694a7303538002cae0000,It started with extras from her pantry for the neighborhood kids. Then it spread like wildfire.,16,2021
552694a7303538002cae0000,It started with extras from her pantry for the neighborhood kids. Then it spread like warm butter.,18,2040
552694a7303538002cae0000,It started with extras from her pantry for neighborhood kids. Then it set the neighborhood afire.,20,2039
55269bd9646532001c920000,"In a number of states, a rapist can sue for custody of a child conceived as a result of his crime.",20,2073
55269bd9646532001c920000,Rape survivors shouldn't be forced to repeatedly see their attackers. Here's the plan to fix this.,24,2034
55269bd9646532001c920000,"If someone becomes pregnant as the result of rape, the rapist shouldn't get custody. Simple, right?",29,2006
55269bd9646532001c920000,The Daily Show's Samantha Bee did an eye-opening report about rapists and parental rights.,32,2025
55269e7d646532002c9e0000,You hear a lot of sad stories coming out of places like Detroit. This is not one of those.,9,1977
55269e7d646532002c9e0000,"Detroit and other U.S. cities are in bad shape, right? You wouldn't know it, talking to these folks.",12,2143
55269e7d646532002c9e0000,How feeding kids in one troubled U.S. city went from one house to one block to one entire zip code.,12,2039
55269e7d646532002c9e0000,It started with extras from her pantry for the neighborhood kids. Then it spread like wildfire.,20,1988
5526a5f1303538000ce00000,A city in Utah has an idea about homelessness. Every other state will be mad they weren't first.,25,2076
5526a5f1303538000ce00000,A city in Utah has an homelessness solution so effective that it'll make all the other states angry.,40,2038
5526a5f1303538000ce00000,A city in Utah has an idea that'll make all the other states angry that they weren't first.,41,2028
5526a5f1303538000ce00000,"A Utah town's solution to homelessness is so good, every state will be mad that they weren't first.",54,1997
5526af98646532001cc50000,The Daily Show's Samantha Bee did an eye-opening report about sexual assault and parental rights.,22,2002
5526af98646532001cc50000,The Daily Show's Samantha Bee did an eye-opening report about rapists and parental rights.,34,2082
5526b213646532001ccb0000,They're walking out all across the nation on April 15. And it's only just the start.,3,1977
5526b213646532001ccb0000,Fast food workers are going on strike on April 15. Here's how you can have a front row seat.,4,2031
5526b213646532001ccb0000,The fight for a living wage is heating up soon. Here's what you need to know.,5,2032
5526b213646532001ccb0000,The biggest protest for a living wage is happening and we're covering it. All day.,7,2070
5526b213646532001ccb0000,The biggest protest ever to raise the wage is happening soon. And you're invited.,7,2017
5526b213646532001ccb0000,Workers across the U.S. are walking out on their jobs on April 15. Here's why.,8,2024
5526b7cf303538000c080100,"June Cleaver, desperate housewives, move over. These women are talking about the real thing.",16,2102
5526b7cf303538000c080100,Women from 9 countries compare notes on motherhood.,16,1987
5526b7cf303538000c080100,Listening to these mothers talk might make you want to move to Sweden — or maybe not.,25,2029
5526b7cf303538000c080100,A mom in the U.S. wondered about motherhood around the world. Here's what she found out.,26,2015
5526ec06646532002c670100,"This savings and loan program in some of the poorest, rural areas of the world is... working",4,2046
5526ec06646532002c670100,Some of the poorest areas of the world have a pretty sweet savings program,6,1972
5526ec06646532002c670100,See a genius way of banking in areas of the world that have no banks,10,2080
5526ec06646532002c670100,Ever heard of a VSLA? It's got these women sitting in a circle and putting money in a box.,14,2046
5526ec06646532002c670100,The women sit in a circle and put money in a box. Then they do it again the next week. It's genius.,16,1989
5526f144646532000c9f0100,Cambodian garment workers are benefiting from these health programs at work,0,1939
5526f144646532000c9f0100,"Garment workers are teaching other garment workers how to be healthy, and it's awesome",6,2050
5526f144646532000c9f0100,Garment factories often get a bad reputation. Here's a part that I'm loving.,12,2057
5526f144646532000c9f0100,A look inside a Cambodian garment factory. It's not how I thought it'd look.,17,2094
5526f783646532002c870100,What would happen if we stopped trying to be 'normal'?,8,2030
5526f783646532002c870100,Everyone wants to be 'normal' but she talks about what it'd be like if we stopped trying.,12,2017
5526f783646532002c870100,A woman shares some thoughts on why 'being normal' isn't all it's cracked up to be.,13,2099
5526f783646532002c870100,A woman who's 'wobbly' talks about why the idea of 'normal' is actually pretty toxic.,22,1998
55270adb6638620024110000,A displaced Syrian carpenter turns trash into happiness and reminds refugee kids to be kids,5,2088
55270adb6638620024110000,1 man creates happiness outside of a war zone in Jordan with trash,6,2064
55270adb6638620024110000,1 man creates happiness outside of a war zone in Jordan with trash,7,1981
55270adb6638620024110000,A carpenter makes toys from garbage while living in a refugee camp.,8,2021
55270adb6638620024110000,A carpenter makes toys from garbage while living in a refugee camp.,17,1989
55271999346134001c370000,"Capitalism isn't working the way it should. Thankfully, we have options.",1,2043
55271999346134001c370000,"Capitalism's gotten twisted. Thankfully, we have options.",2,1958
55271999346134001c370000,"Capitalism's gotten twisted. Thankfully, we have options.",6,2026
55271999346134001c370000,"Capitalism isn't working the way it should. Thankfully, we have options.",9,1981
55271999346134001c370000,"Capitalism isn't working the way it should. Thankfully, we have options.",10,2073
55271999346134001c370000,"Capitalism's gotten twisted. Thankfully, we have options.",14,2091
55272d80663862000c310000,Having a Southern good ol' boy talk about privilege in American may be what America needs,22,2033
55272d80663862000c310000,"The Southern, good ol' boy explanation of how works racism in The United States of America",29,2026
55272d80663862000c310000,Privlege explained by a good ol' Southern boy,31,1995
55272d80663862000c310000,A thought out explanation of privilege in America from the mouth of a Southern good ol' boy,32,2042
55272d80663862000c310000,"The Southern, good ol' boy explanation of racism in The United States of America",33,2071
55272d80663862000c310000,Racism explained by a good ol' Southern boy,50,2035
55275406346134001c5b0000,It's time to talk about ways to keep our forests as forest-y as they can be.,2,2040
55275406346134001c5b0000,We cut down an absurd number of trees each year. It doesn't have to be that way.,3,2041
55275406346134001c5b0000,"In the time you'll take to read this, 36 soccer fields full of trees will be cut down.",4,2037
55275406346134001c5b0000,Let's talk about ways to cut down on deforestation. (Get it?),6,2020
55275406346134001c5b0000,Here's a fact about trees that uses soccer in a really angering way.,10,1978
5527d53f6638620024530000,Supporting marriage equality with a paper shredder? Genius.,6,2089
5527d53f6638620024530000,Meet the paper company turning hate speech into party favors. Brilliant.,8,1964
5527d53f6638620024530000,See gay propaganda transformed to make gay weddings more festive. Now that's lemons into lemonade.,10,2048
5527d53f6638620024530000,Meet the paper company that's recycling lies to support equality,10,2019
5527d53f6638620024530000,This brilliant company is turning bigotry into something beautiful,11,2027
5527e43a6638620018640000,Politicians are trying to sneak a massive corporate power grab into law. Here's what's in it.,11,2005
5527e43a6638620018640000,Politicians are sneaking a massive corporate power grab into law. You need to know what's in it.,11,2004
5527e43a6638620018640000,This massive corporate power grab was supposed to be a secret. Here's what's in it.,15,2066
5527e43a6638620018640000,A massive corporate power grab is about to become law. You need to know what's in it.,16,2046
5527e60b346134002c8e0000,Gay propaganda transformed to make gay weddings more festive? Now that's lemons into lemonade.,10,2099
5527e60b346134002c8e0000,This brilliant company is turning bigotry into something beautiful,18,2035
55281c556638620024ee0000,Some people who work very hard for a living are about to hit the streets. Why?,6,2062
55281c556638620024ee0000,What do they want? A living wage. When do they want it? RIGHT. EFFING. NOW.,8,1982
55281c556638620024ee0000,Everything you need to know about the fight for 15 protests happening on April 15.,9,2029
55281c556638620024ee0000,History's about to be made on April 15 — and you have front row seats.,15,2092
55281c556638620024ee0000,You're gonna hear about this on April 15. Spoiler alert: People on the minimum wage are pissed.,15,2031
55281c556638620024ee0000,Have you heard about what's happening on April 15? Because it's not just Tax Day.,15,1986
55282842346134000c0b0100,3 Laureates and a UN dude talk about water. It's way more interesting than you'd think.,3,2091
55282842346134000c0b0100,We swim in water. We drink it. But it's so much more than that.,3,2080
55282842346134000c0b0100,4 people who inspired me not to be a Debbie Downer about water,9,2005
55282842346134000c0b0100,Water is more than just a liquid. Here's how we save it.,14,1977
55282a24346134002c280100,Here's a program worth praising from a Cambodian garment factory. I was happy to see it.,6,2078
55282a24346134002c280100,"Cambodian women have it tough, but here's one way they're making it better",7,2036
55282a24346134002c280100,Take a look at this health education program in a garment factory. Everyone wins.,7,1996
55282a24346134002c280100,Here's a story you won't hear every day about a garment factory in Cambodia,10,1979
55282a24346134002c280100,Take a look at this Cambodian factory's health program. It's rather impressive.,15,2095
55282a24346134002c280100,A look inside a Cambodian garment factory. It's not how I thought it'd look.,16,2022
552839ab66386200245c0100,Is Sansa Stark is the real hero of 'Game of Thrones?',13,2068
552839ab66386200245c0100,Sansa Stark is the real hero of 'Game of Thrones.',22,2044
552839ab66386200245c0100,Sansa Stark is the real hero of 'Game of Thrones.',32,2024
552839ab66386200245c0100,Is Sansa Stark is the real hero of 'Game of Thrones?',33,2034
55283f95346134000c6e0100,What do you when you don't think you can make it through a lifetime?,14,2068
55283f95346134000c6e0100,"90 seconds of inspiration you might not need, but someone you love does",14,2034
552840b9663862000c5b0100,The biggest protest ever to raise the wage is happening soon. And you're invited.,7,2085
552840b9663862000c5b0100,Have you heard about what's happening on April 15? Because it's not just Tax Day.,7,1988
552985af646539000c280000,Can we harness tornado power? A maverick engineer aims to show us how.,9,2033
552985af646539000c280000,Lots of breakthroughs have come from the fringes of science. Is tornado power the next big thing?,9,2002
552985af646539000c280000,A mild-mannered Canadian is out to take the world by storm — by creating tornadoes to be exact.,11,2090
552985af646539000c280000,"He's been trying to prove it for 50 years, but this scientist still says tornadoes can save us.",22,2061
552995b3646539002c250000,Mad Men' creator speaks out: 'I'm a product of an era where feminism was the most exciting idea.',7,2011
552995b3646539002c250000,"Mad Men' is a feminist powerhouse, even if some people don't see it that way.",12,2072
552ab4c2313063000c0b0000,This Harvard-educated cardiologist takes care of people for free. There's good in the world.,4,2054
552ab4c2313063000c0b0000,No insurance? No money? No matter! These doctors work for 'the good feeling.',4,1990
552ab4c2313063000c0b0000,"Reminding us there's a lot of good in the world, an Ivy League educated doctor works for free.",7,2051
552ab4c2313063000c0b0000,I feel terrible for people who cannot access medical care. That's why we do what we do.',7,2038
552ab4c2313063000c0b0000,A doctor who ears no money for taking care of patients say he gets all the compensation he needs.,8,2038
552ae056663461000c120000,Wanna see the good in the world? Start with this Ivy League-educated doctor who works for free.,8,2052
552ae056663461000c120000,A doctor who works for free spreads some truth: His patients aren't lazy. They just need some help.,12,2041
552ae056663461000c120000,"There are a lot of things doctors can do when they retire, like golf or travel. But not this guy.",12,2028
552ae056663461000c120000,A doctor who earns no money for taking care of patients say he gets all the compensation he needs.,13,2023
552aea636634610505240000,A doctor who earns no money for taking care of patients say he gets all the compensation he needs.,7,2065
552aea636634610505240000,"It's very pleasant. It's very pleasant, indeed,' says this doctor who works for exactly no money.",8,2040
552aea636634610505240000,"He's too poor to afford a doctor, but not poor enough for government help. That's where they come in.",14,2006
552b0bc4623238001c050000,Why students across the nation will carry mattresses on April 13,9,2002
552b0bc4623238001c050000,"Before, a mattress was just a place to sleep. Now it has a whole other meaning.",10,2029
552b0bc4623238001c050000,It started with a mattress. Then thousands of other people joined in.,14,1963
552b0bc4623238001c050000,She carried her mattress to protest her rape. A nation joins her — for the second time.,16,2137
552b1e08623238001c240000,"When I dance, I am alive and free.",2,2066
552b1e08623238001c240000,Sexual abuse survivor finds power in dance.,11,2077
552b1e08623238001c240000,"When I started dance, I couldn't look in the mirror. I finally faced myself.",12,1961
552b1e08623238001c240000,He took away her confidence. A leotard gave it back.,13,2021
552b1e08623238001c240000,He told her that her body was shameful. She decided to be proud of its power.,32,2042
552bb0b3626562000c2c0000,John Oliver invites a famous singer to perform a hilarious tribute to a hated government agency.,17,2081
552bb0b3626562000c2c0000,John Oliver and Michael Bolton sing a hilarious tribute to a notorious part of the government.,16,1944
552bb0b3626562000c2c0000,"You're probably frustrated with your taxes, but John Oliver thinks you're blaming the wrong people.",21,2063
552bb0b3626562000c2c0000,John Oliver and Michael Bolton perform a hilarious tribute song to the IRS.,22,1941
552bb0b3626562000c2c0000,John Oliver explains why the IRS is like your anus.,25,2102
552bd7cc626562002c530000,"The story of water, told by Penélope Cruz. It's as haunting as it is beautiful.",12,2023
552bd7cc626562002c530000,Penélope Cruz tells the sad but beautiful story of water. It's haunting.,15,1968
552bd7cc626562002c530000,"The sad but beautiful story of water, as narrated by Penélope Cruz.",17,2101
552bd7cc626562002c530000,Penélope Cruz takes on a role as ... water. She makes a powerful point.,21,2035
552bf25e626562001c640000,"If they had a 'chemical party' and let certain elements react, it would look something like this.",11,2033
552bf25e626562001c640000,Walter White can't touch this — learning science by having this much fun is the way to go!,14,2109
552bf25e626562001c640000,"If you can watch clip about scientific reactions, maybe you'll avoid the potassium/water situation?",17,2002
552bf25e626562001c640000,"If this is how science was taught in school, how many more people would pay attention?",17,1964
552bf25e626562001c640000,That one time somebody used an awkward party metaphor to show chemical interactions. Successfully.,19,1983
552bf25e626562001c640000,This is what all chemistry classes should be like.,23,2116
552c0743626562000cc40000,He told me that my body was shameful. I decided to be proud of its power.,22,2003
552c0743626562000cc40000,He told her that her body was shameful. She decided to be proud of its power.,37,2094
552c077c623238000cb50000,A scientist is working on a revolutionary way to treat cancer that wouldn't make people so sick.,6,2072
552c077c623238000cb50000,What if we could avoid flooding a cancer patient's body with chemo and use bubbles instead?,8,1981
552c077c623238000cb50000,"A scientist is working on a revolutionary way to treat cancer, and it involves bubbles.",11,2089
552c077c623238000cb50000,What if cancer could be treated with bubbles?,14,1998
552c0f44623238001c1c0100,Do taxes actually help bridge the wealth gap? Kinda.,7,2042
552c0f44623238001c1c0100,Do taxes help solve income inequality? Just ask this economist.,9,2091
552c0f44623238001c1c0100,Watch as an economist breaks down the tax code's effect on income inequality using Lego bricks.,11,1969
552c0f44623238001c1c0100,"Using Lego bricks, an economist demonstrates the tax code's impact on income inequality.",16,2059
552c2638626562001c010100,Why Carry That Weight is so much more than carrying mattresses,5,2087
552c2638626562001c010100,"Why student protestors are carrying mattresses, and what it means to ""carry that weight""",10,2002
552c2638626562001c010100,"On April 13, students across the country will carry that weight — to support survivors of assault.",12,1995
552c2638626562001c010100,She carried her mattress to protest her rape. A nation will carry the weight with her a 2nd time.,20,2089
552c28ba623238001c6c0100,Thousands of survivors will carry mattresses to protest assault. Here's why we should support them.,4,2063
552c28ba623238001c6c0100,Thousands of survivors will carry mattresses to protest assault. We should all join them.,7,1962
552c28ba623238001c6c0100,She carried her mattress to protest her rape. A nation joins her — for the second time.,15,2041
552c28ba623238001c6c0100,She carried her mattress to protest her rape. A nation joins her — for the second time.,24,2008
552c28ba623238001c6c0100,She carried her mattress to protest her rape. A nation joins her — for the second time.,26,2076
552c28ba623238001c6c0100,She carried her mattress to protest her rape. A nation joins her — for the second time.,28,2036
552c2907623238000c470100,"He's been trying to prove it for 5 decades, but this scientist still says tornadoes can save us.",18,2023
552c2907623238000c470100,"He's been trying to prove it for 50 years, but this scientist still says tornadoes can save us.",19,2007
552c2907623238000c470100,"He's been trying to prove it for 50 years, but this scientist still says tornadoes can save us.",23,2099
552c2907623238000c470100,"He's been trying to prove it for 50 years, but this scientist still says tornadoes can save us.",33,2071
552c29dc623238001c760100,Here's a positive story you don't hear every day about garment workers,12,2054
552c29dc623238001c760100,Garment factories often get a bad reputation. This story shines a different light.,12,2034
552c29dc623238001c760100,These garment workers are teaching each other a lot over lunch. It's cool to see.,13,2103
552c29dc623238001c760100,A look inside a Cambodian garment factory's health program. I'm impressed.,14,2020
552c29dc623238001c760100,Take a look at this Cambodian factory's health program. It's rather impressive.,17,2016
552c29dc623238001c760100,A look inside a Cambodian garment factory. There's a pretty sweet health program in there.,18,1956
552c2c00626562000c2e0100,Want your food to taste better? A musician learns that what's in your head is part of the answer.,3,2047
552c2c00626562000c2e0100,Do musicians on tour have to live off fast food? Not if she has a say.,7,2019
552c2c00626562000c2e0100,What this musician learned about eating right on the road is right on for those of us staying home.,14,2002
552c2c00626562000c2e0100,She wanted to eat better on tour and found out that taste is a mind game.,21,2112
552c391c623238000c770100,Is it really possible to 'make a living' on $7.25 an hour? Let's do the math.,13,2042
552c391c623238000c770100,Why Congress should raise the minimum wage in math a child can understand.,15,2024
552c391c623238000c770100,"When it comes to basic living costs, what's the difference between $7.25 an hour and $15 an hour?",17,2075
552c391c623238000c770100,"If you were a single person on minimum wage, here's what your budget *might* look like.",17,2017
552c391c623238000c770100,It doesn't take a mathematician to see what's wrong with the today's minimum wage.,20,2022
552c391c623238000c770100,Some people think the minimum wage should be $15. Let's see how it stacks up to the current minimum.,23,2097
552c3cce626562000c640100,An economist demonstrates the tax code's impact on income inequality using Lego bricks.,16,1985
552c3cce626562000c640100,"Using Lego bricks, an economist shows how income inequality is impacted by taxes.",21,2038
552c3cce626562000c640100,"Using Lego bricks, an economist demonstrates the tax code's impact on income inequality.",27,2019
552c3cce626562000c640100,"Using Lego bricks, an economist demonstrates how taxes impact income inequality.",29,2109
552c40e9623238000c8b0100,"It's illegal to pay women less than men for doing the same job, but it happens anyway.",5,2001
552c40e9623238000c8b0100,Batgirl thinks it's time to end the gender wage gap.,6,2033
552c40e9623238000c8b0100,"50 years ago, it became illegal to pay women less than men. 50 years later, it still happens.",8,1989
552c40e9623238000c8b0100,"Women have made a lot of progress the recently, but there's still a huge issue to be addressed.",11,2082
552c40e9623238000c8b0100,When a PSA from the 1970s can illustrate a problem still happening today. that's a PROBLEM.,17,2048
552c4495626562002c3c0100,Ever listen to a story on the radio and think you've got one better? StoryCorps has an app for that.,2,1984
552c4495626562002c3c0100,The single largest collection of human voices ever recorded needs one more — yours.,3,2094
552c4495626562002c3c0100,The founder of StoryCorps talks about its history and its fun new app available right now.,5,2088
552c4495626562002c3c0100,"They've produced 50,000 beautiful stories, but StoryCorps is far from done. They want yours!",5,1976
552c4a9d623238000caa0100,Men have opinions about her face so she explains her thoughts on all that,21,2023
552c4a9d623238000caa0100,She explains how men have opinions about her face when she's not even trying to make one,30,2011
552c4a9d623238000caa0100,A woman explains her feelings about what men say about her face,34,2018
552c4a9d623238000caa0100,Men have an issue with her face and she's not even trying to make one,43,2087
552c6dfc363535001c1c0000,How 1 gay woman told herself that it would get better,18,2022
552c6dfc363535001c1c0000,"It got better for her, and now she wants to use herself to let everyone else know",20,2015
552c6dfc363535001c1c0000,"At 24, she wrote a letter to her 14-year-old self because she wants you to know 'it gets better'",24,2044
552c6dfc363535001c1c0000,She told a little girl that everything would be OK. The little girl was herself 10 years ago.,34,2070
552c84e3363535000c4b0000,"He has an illness that could take his life, but his spirit's going to keep on running, And running.",4,1988
552c84e3363535000c4b0000,He's saying 'take another step'. My next step? Hearing him say how those words fight for his life.<br><span></span>,5,2082
552c84e3363535000c4b0000,"If life picks the hardest path for you, and you think you can't win, listen to this man with cancer.<br><span></span>",7,1991
552c84e3363535000c4b0000,"You have cancer' are 3 words no one should ever hear, but this guy heard them. He has some advice.<br><span></span>",9,2067
552c84e3363535000c4b0000,What keeps him going are 3 little words. He says them to fight 3 big words: 'You have cancer.'<br><span></span>,10,2029
552c84e3363535000c4b0000,"3 words changed his life: 'You have cancer.' Now 3 more, 'Take another step,' keep him going still.<span></span>",11,2024
552d2539363535000c950000,"Ever heard of a VSLA? It's got these women sitting in a circle, putting money in a box.",10,1973
552d2539363535000c950000,"Millions are participating in this rural savings program. After seeing it in action, I get why.",15,2120
552d2539363535000c950000,The box is full of cash. It has 3 locks. And it's changing the lives of these Cambodian women.,19,2047
552d2539363535000c950000,Get to know a VSLA. They're popping up all over the place.,21,2006
552d3750363535002cab0000,Why is the U.S. trying to give corporations enormous new power? Let's follow the money.,7,2034
552d3750363535002cab0000,The details of a massive corporate power grab have leaked,8,2040
552d3750363535002cab0000,The horrible corporate power grab you probably haven't heard a word about,9,2055
552d3750363535002cab0000,A massive corporate power grab is about to become law. You need to know what's in it.,13,2040
552d4446393664001ce00000,"If you think minimum wage jobs are only for kids, here's the reality for you. And a clever spoof.",18,2037
552d4446393664001ce00000,A tiny glimpse into the day of a fake McD's worker actually brings a LOT of clarity about wages.,21,2038
552d4446393664001ce00000,A spoof of feel-good McD's advertising drives home one of the most powerful lies about wages.,23,2078
552d4446393664001ce00000,"If you've ever struggled to make ends meet on minimum wage, this McD's spoof is right up your alley.",26,2007
552d4446393664001ce00000,A parody of a McDonald's ad tells its underpaid worker to say 'thank you' she has a job at all.,35,2020
552d4446393664001ce00000,"If you think $15 is too much, this parody of McD's advertising might make you finally understand.",38,2025
552d712f363535001cea0000,These unsuspecting moviegoers were pranked with unusable water bottles. But why?,18,2072
552d712f363535001cea0000,"A group of people received free water, but it was impossible to drink. What was the powerful point?",26,2060
552d712f363535001cea0000,They thought they were just going to see a movie. They got a harsh dose of reality instead.,37,1983
552d712f363535001cea0000,An L.A. movie theater plays a water prank on its patrons. It makes a very powerful point.,47,2010
552d712f363535001cea0000,A movie theater handed out free water that was impossible to open. Why?,55,2060
552d716e393664001c5e0100,This brilliant company is turning bigotry into confetti #Winning,11,2080
552d716e393664001c5e0100,One clever company is making bigotry into confetti. Guess where it's going.,13,2031
552d716e393664001c5e0100,This brilliant company is turning anti-gay messages into confetti,15,2007
552d716e393664001c5e0100,This brilliant company is turning bigotry into something beautiful,20,2038
552d77a7393664000c410100,You don't need a prize like these folks to stop the water crisis,3,2022
552d77a7393664000c410100,3 folks who won a 'water prize' and the cool things they did to earn it,5,2074
552d77a7393664000c410100,Here's what 3 award winners can teach ordinary folks about water,8,1993
552d77a7393664000c410100,"They won the 'water prize,' but we don't need awards to learn from them on how to stop the crisis.",9,2072
552d7993363535000c950100,"In a remote place where water and people flow away, his ideas help make things grow.",3,1975
552d7993363535000c950100,"For 40 years he watched glaciers melt. He figured out how to do that in reverse, and became a hero.",11,2036
552d7993363535000c950100,A DIY ice-maker has ideas that create a legacy of doing good.,12,2062
552d7993363535000c950100,"Everyone thought his ideas for making ice sounded crazy at first, but now he's a national hero.",14,2085
552d86b9346134001c280000,"In Minnesota, local police partner with a food bank to help feed the hungry.",2,2072
552d86b9346134001c280000,"If you've never been hungry, you might not know just how vital this food bank's new program is.",5,2063
552d86b9346134001c280000,"Over the next 3 years, this food bank hopes to give away 5 million meals thanks to a new program.",5,2040
552d86b9346134001c280000,Why solving hunger is as much about the day-to-day solutions as it is the year-to-year ones.,6,2006
552d86b9346134001c280000,"What it's like to feel hungry all the time, and how a food bank and the cops are helping stop it.<br>",7,2023
552d86b9346134001c280000,A Minneapolis food bank partnered with law enforcement in an innovative campaign to feed the hungry.,7,1945
552d86b9346134001c280000,His visceral description of what it is to be hungry shows how vital this food bank's new program is.,10,2057
552d86b9346134001c280000,This Tumblr user perfectly explained why a Minneapolis food bank's new strategy is so important.,14,1970
552d8abf633163000c2f0000,Don't want your kid to take the Common Core tests just yet? There's an opt-out for that.,3,1994
552d8abf633163000c2f0000,"The names of tests vary, but many kids are about to start Common Core testing. Unless you opt out.",8,2028
552d8abf633163000c2f0000,There's a choice you may not have known about Common Core testing. You can probably opt out.,9,2049
552d8abf633163000c2f0000,A surprising development for parents and students with Common Core tests -- it's called opting out.,10,2062
552d8abf633163000c2f0000,"What if I told you that when it comes to Common Core, in many states you have the choice to opt out?",11,2044
552d8abf633163000c2f0000,That controversial testing your child is about to take in school? You can opt them out of that.,17,1971
552dad12633163002c8b0000,So many animals do what they do best while 'Wonderful World' plays in the background,7,2013
552dad12633163002c8b0000,A song you may have heard gives a look why our planet is worth protecting,10,2069
552dad12633163002c8b0000,"2 monkeys hold hands, a tree frog blinks, and more while a 'wonderful' song plays in the background",13,1969
552dad12633163002c8b0000,A simple video that features a 'wonderful' song and a grand variety of what lives on our planet.,16,2074
552db754346134000ca70000,"His do-it-yourself glaciers sounded crazy at first, but now he's a national hero.",6,1998
552db754346134000ca70000,"Everyone thought his ideas for making glaciers sounded crazy, but now he's a national hero.",11,2072
552db754346134000ca70000,"It took him 40 years to design a solution, but now the ""ice man"" is a national hero.",12,2009
552db754346134000ca70000,"Everyone thought his ideas for making ice sounded crazy at first, but now he's a national hero.",14,1986
552db754346134000ca70000,"Everyone thought his ideas for making ice sounded crazy, but now he's a national hero.",19,2081
552db754346134000ca70000,"Everyone thought his ideas for making ice sounded crazy, but now he's a national hero.",21,2061
552dfccd346134002c070100,"It shouldn't be a novel approach to rape prevention, but this college's email sure feels like it is!",13,1965
552dfccd346134002c070100,A university sent out a 'rape prevention' email following a sexual assault on campus. I'm impressed.,15,2103
552dfccd346134002c070100,"If everyone could talk about rape prevention like this college did, maybe things would change.",15,2065
552dfccd346134002c070100,Can all colleges everywhere please talk about sexual assault prevention like this one did?,15,2005
552e844d633163002c120100,"After dealing with a big loss, surviving AP classes is no biggie.",9,2080
552e844d633163002c120100,Her trauma made her want to be a psychologist and make her dad happy.,9,2014
552e844d633163002c120100,Most kids are lost after a parent dies but she found direction in a challenging place.,14,2082
552e844d633163002c120100,She didn't think her dad would die young. She's determined to be happy.,15,1964
552e844d633163002c120100,Family can't always be there. What she found at school will never go away.,16,2025
552ea148363064001c0b0000,A song you may have heard gives a look why our planet is worth protecting,10,2043
552ea148363064001c0b0000,A song you may have heard gives a look at why our planet is worth protecting,13,2039
552ea148363064001c0b0000,A song you may have heard gives a look at why our planet is worth protecting,26,1986
552ea148363064001c0b0000,A song you may have heard gives a look at why our planet is worth protecting,30,2058
552ea148363064001c0b0000,A song you may have heard gives a look at why our planet is worth protecting,35,2023
552ea771363064002c210000,An L.A. movie theater handed out free water that was impossible to open. Why?,47,2020
552ea771363064002c210000,A movie theater promotion gave out water that was impossible to open. Why?,50,2053
552ea771363064002c210000,A movie theater handed out free water that was impossible to open. Why?,51,1969
552ea771363064002c210000,A movie theater handed out free water that was impossible to open. Why?,57,2064
552ea771363064002c210000,A movie theater handed out free water that was impossible to open. Why?,59,2061
552eab27363064001c2d0000,"When Dave was 22, his dad came out to him. Here's how that story inspired a national project.",14,1964
552eab27363064001c2d0000,"When Dave was 22, his dad came out to him. Decades later, StoryCorps was born.",15,2062
552eab27363064001c2d0000,"When Dave was 22, his dad came out to him. Now, he helps other families tell their stories.",18,2068
552eab27363064001c2d0000,"When Dave was 22, his dad came out to him. The way it brought them closer? When he told his story.",19,2036
552eb665363732002c4a0000,"Would you run 550 miles? In ten days? After surviving cancer? Yes? Are you this guy, then?<span></span>",3,2033
552eb665363732002c4a0000,This is a post about a man who ran 550 miles in TEN DAYS.<br><span></span>,8,2016
552eb665363732002c4a0000,This man took on running after a cancer diagnosis. He's now a record holder.<span></span>,9,2023
552eb665363732002c4a0000,"After receiving a cancer diagnosis, would you respond by running 550 miles in 10 days? This guy did.",12,2075
552eb665363732002c4a0000,"I wouldn't walk 500 miles, but did run 500 miles. It wasn't to see you standing at his door.<span></span>",12,1988
552eb665363732002c4a0000,"3 words changed his life: 'You have cancer.' Now 3 more, 'Take another step,' keep him going still.<span></span>",13,2011
552ec7e6363732000c750000,"She misses her dad, but how she's coping would make him proud.",8,2025
552ec7e6363732000c750000,She didn't think her dad would die young. She's determined to be happy.,9,2037
552ec7e6363732000c750000,She never imagined life without dad. Now she can't imagine it without her books.,10,2045
552ec7e6363732000c750000,"Her dad is gone, but she's coping by taking a big academic challenge.",13,2091
552ec7e6363732000c750000,She didn't think her dad would die young. She still wants him to be proud.,13,1951
552eea7d363064001c8d0000,She turned a loss into an opportunity to excel and is not turning back.,7,2057
552eea7d363064001c8d0000,AP math isn't just for perfect students with perfect lives. Look at her.,11,2040
552eea7d363064001c8d0000,"When her dad died it was intense, but how she's coping is inspiring.",13,2047
552eea7d363064001c8d0000,A young girl is not letting the death of her father slow her down. Not one bit.,14,2000
552eea7d363064001c8d0000,A mother starts crying as she tells her daughter how proud she is. This is their story.,15,2005
552efe33363064000c9b0000,We asked people why they're fighting to raise the minimum wage. Here's what they told us.,5,1957
552efe33363064000c9b0000,We asked people why they're fighting to raise the minimum wage. Here's what they told us.,7,2019
552efe33363064000c9b0000,We asked people why they're fighting to raise the minimum wage. Here's what they told us.,8,2098
552efe33363064000c9b0000,We asked people why they're fighting to raise the minimum wage. Here's what they told us.,8,2002
552efe33363064000c9b0000,We asked people why they're fighting for a $15 minimum wage. Here's what they told us.,8,1993
552efe33363064000c9b0000,We asked people why they're fighting to raise the minimum wage. Here's what they told us.,9,1992
552efe33363064000c9b0000,We asked people why they're fighting to raise the minimum wage to $15. Here's what they told us.,11,2087
552f1349363732002cd90000,"A giant circular kindergarten helps children develop in their own creative, silly ways.",17,2087
552f1349363732002cd90000,Should we try to contain the explosively energy of kids? This kindergarten just gets out of the way.,18,2020
552f1349363732002cd90000,The design of this school building is as much fun as the little kids who go there.,20,1971
552f1349363732002cd90000,Little kids are naturally creative and funny. Someone's built a kindergarten to match.,22,2044
552f1349363732002cd90000,A new kind of kindergarten design encourages kids to be their silly selves.,24,2017
552f33ff363064000cc20000,Their daily rituals whisper of an invisible bond between 5 kids from 5 places and 5 faiths.,5,1968
552f33ff363064000cc20000,5 children in 5 places of 5 faiths make up a single story about all we have in common.,8,2006
552f33ff363064000cc20000,5 interwoven stories of the days of 5 children remind us how different we aren't.,9,2085
552f33ff363064000cc20000,"The details differ, but the story's the same. Five children from five places with five religions.",12,2079
552f33ff363064000cc20000,5 children in 5 countries with 5 religions. And living almost the same day.,14,2020
552f461f363732002c020100,They can climb the highest mountains and the slipperiest ice. But not the way they used to.,4,1997
552f461f363732002c020100,Watching pros climb glaciers is awesome. It's sad to hear why they can't do it as easily any more.,5,2065
552f461f363732002c020100,Some Alpinists climb glaciers. But what if there are no glaciers?,5,2024
552f461f363732002c020100,Even mountain climber pros are having a hard time doing their job. Here's why it affects us all.,12,2093
552fa923363064002c0e0100,We asked 10 people why they're fighting for $15 and this is what they said.,7,2064
552fa923363064002c0e0100,We asked 10 people why they're fighting for $15 and this is what they said.,11,2005
552fa923363064002c0e0100,We asked 11 people why they're fighting for $15 and this is what they said.,11,1982
552fa923363064002c0e0100,We asked 11 people why they're fighting for $15 and this is what they said.,12,2044
552fa923363064002c0e0100,We asked 11 people why they're fighting for $15 and this is what they said.,15,2031
552fa923363064002c0e0100,We asked 10 people why they're fighting for $15 and this is what they said.,16,2034
552fc863363064002c3b0100,Ever had a teacher that changed your life? So have these folks.,6,2076
552fc863363064002c3b0100,Uplifting stories from students who remember their teachers years later,6,2041
552fc863363064002c3b0100,Talk about a teacher that has changed your life' — amazing responses.,9,2084
552fc863363064002c3b0100,People on the street talk about their favorite teachers. Effing adorable.,12,1987
552fc863363064002c3b0100,For all the great teachers out there — and everyone who's ever had one.,13,2004
552fc863363064002c3b0100,"You can't fake it as a teacher, 'cause the students will pick up on that' — and other wise words.",14,2020
552ffd75303638001c190000,"We think we're so different, but a peek into the days of these five children says something else.",8,2040
552ffd75303638001c190000,"At the end of the day, five busy kids from around the world are all about the same things.",9,2053
552ffd75303638001c190000,5 children in 5 countries with 5 religions. And living almost the same day.,12,2064
552ffd75303638001c190000,This peek into the days of 5 children is why we should never take for granted how different we are.,14,2083
552ffd75303638001c190000,"In 5 minutes, the daily routines of 5 very different children tell a single human story.",20,1981
553004003734610024290000,The definition of 'white privilege' doesn't include 'good' or 'bad.' But it is 'real.',9,2004
553004003734610024290000,What 'white privilege' really means.,11,2047
553004003734610024290000,Does the idea of 'white privilege' make you uncomfortable? Let's consider an example.,16,2081
553004003734610024290000,White privilege' is not something to feel guilty about. Here's what it does mean.,26,2006
5530048537346100182d0000,"April 15, 2015 was an incredible day around the world, and these photos are the proof.",21,2004
5530048537346100182d0000,"April 15, 2015 was an incredible day around the world, and these photos are the proof.",23,2036
5530048537346100182d0000,"April 15, 2015 was an incredible day around the world, and these photos are the proof.",29,1951
5530048537346100182d0000,"April 15, 2015 was an incredible day for workers around the world, and these photos are the proof.",32,2135
5530048537346100182d0000,"April 15, 2015 was an incredible day around the world, and these photos are the proof.",31,2047
5530172c3734610024540000,She loved him madly once. It might have gone differently if his friends helped him be a better man.,25,2001
5530172c3734610024540000,She loved him madly once. It might have gone differently if his friends helped him be a better man.,29,2035
5530172c3734610024540000,"She used to sneak out to see him, or hide away to phone him in privacy. Now she's miserable.",31,2099
5530172c3734610024540000,"She used to sneak out to see him, or hide away to phone him in privacy. Now she's miserable.",34,2015
553029cf303638002c6e0000,Meditation can keep you from getting sick and help you figure out your life. Science says so.,10,1913
553029cf303638002c6e0000,"Can meditation be helpful, even if you do it for just two minutes a day?",14,2059
553029cf303638002c6e0000,Meditation: it's a good thing to do. Even at just 2 minutes a day.,16,2058
553029cf303638002c6e0000,Meditation can be done by anyone just about anywhere in as little as two minutes a day.,18,2116
55302f6e303638001c790000,These female vets swear that playing in dirt helped change their lives.,13,2068
55302f6e303638001c790000,She used to work for America. Now she's her own boss and loves it.,16,2059
55302f6e303638001c790000,3 women come back from war and all they want to do is garden.,17,1972
55302f6e303638001c790000,"She has lots of scars, but when she sits under the tree she can feel them healing.",18,2017
55302f6e303638001c790000,She feared for her life. It was survivor's guilt. She had to make a big change.,21,2023
55302f6e303638001c790000,"She went to war and felt uneasy when she got home, until she found this.",28,2029
55303c0b303638000c8e0000,"A young man describes his specific struggles employment, family, and gender.",9,2046
55303c0b303638000c8e0000,A transgender man is fired because of his gender,10,2021
55303c0b303638000c8e0000,This man was fired because he's a man,26,2031
55303c0b303638000c8e0000,"He is a hard working, American man. They fired him because of his gender.",33,2012
5530501e303638000ca60000,A police department started enforcing with empathy and it seems to work out better,16,2050
5530501e303638000ca60000,The police are experimenting with the homeless and the results are promisisng,16,2027
5530501e303638000ca60000,A team of cops starting treating people differently then before and it is working out for the city,16,1960
5530501e303638000ca60000,The police were asked to try a new tactic with the local homeless population,21,2107
553061e4303638000cc10000,A video that shows not all cops are bad. How Houston cops are helping the homeless,6,2037
553061e4303638000cc10000,Community-Oriented Policing is proving success in Texas,10,2016
553061e4303638000cc10000,Community-Oriented Policing (C.O.P.) is proving success in Texas,10,1960
553061e4303638000cc10000,The police were asked to try a new tactic with the local homeless population,11,1976
553061e4303638000cc10000,Houston residents asked for results with the homeless. The police stepped in and made it happen.,17,1979
553061e4303638000cc10000,A new tactic used on the homeless is making the police local heroes,21,2125
553061e4303638000cc10000,A new tactic on the homeless shows that a police department cares,26,2076
55307387373461000cb30000,"Palm oil basically lubricates our lives, so here's what you really ought to know.",12,2032
55307387373461000cb30000,"There's a nasty connection between donuts, your shampoo, and disappearing rain forests.",16,2002
55307387373461000cb30000,"The next time you enjoy donuts or ice cream, be sure you thank the orangutans.",22,2054
55307387373461000cb30000,Two Girl Scouts spent years telling the world about palm oil. Here's what they want you to know.,27,2042
553088183734610018ba0000,They treat land so destructively that forests full of endangered animals are blown out like candles.,7,2017
553088183734610018ba0000,"If Indonesians keep farming palm oil this way, more than their jungles will be ruined forever.",8,1979
553088183734610018ba0000,Would you set a forest full of animals on fire for your family to live well? Do you farm palm oil?<span></span>,12,2058
553088183734610018ba0000,"Starting farm season by killing every living thing you see with fire? Yes? Farming palm oil, then?",12,2044
553088183734610018ba0000,Palm oil is farmed 1 of 2 ways: by burning and killing — or this other way someone just figured out.,25,2068
553088183734610018ba0000,"If they keep farming this way, they'll ruin their country. If they stop? They destroy their lives.",25,1980
5530db443734610024dc0000,She went to war. Then she battled PTSD at home. But this helps.,11,1998
5530db443734610024dc0000,"She went to war but felt uneasy when she got home, so she started farming.",19,1980
5530db443734610024dc0000,"She went to war. She felt uneasy when she got home, so she stuck her hands in some dirt.",32,2052
5530db443734610024dc0000,"She went to war and felt uneasy when she got home, until she found this.",35,2081
5530db443734610024dc0000,She went to war but felt weird when she got home. Then she found this.,42,1994
5530f6153734610024e10000,The TSA is being sued for one pretty much useless way it scans us at airports.,21,2060
5530f6153734610024e10000,One way the TSA scans us at airports has cost $1 billion and ... doesn't work?!,22,2033
5530f6153734610024e10000,One way the TSA scans us at airports is about to be tried in court.,27,2012
55311784303638002c190100,"""What drugs don't destroy, the war against them is ripping apart.""",24,2007
55311784303638002c190100,Rarely does the president invite someone to the White House to criticize a 44-year-old policy.,27,2012
55311784303638002c190100,"He criticizes a 44-year-old U.S. policy to the president's face, and Obama mostly agrees.",35,2042
55311784303638002c190100,The creator of a famous TV show criticizes a major U.S. policy to the president's face.,38,2048
55311e4e373461000c080100,He knew he couldn't stand by and watch his state discriminate. So he put up a sign in his restaurant,38,2066
55311e4e373461000c080100,"His restaurant has barely been open two months, but he just took a bold stance for LGBTQ rights.",40,1994
55311e4e373461000c080100,"After Arkansas voted to discriminate against LGBT folks, one restaurant posted a hilarious sign.",67,1997
55311e4e373461000c080100,A restaurant in Arkansas posted a funny sign that mocks the state for its anti-gay stance.,71,2058
5531244e373461000c200100,Hear rock star Henry Rollins' earnest appeal to the poorest youth of the United States of America.,19,2011
5531244e373461000c200100,He's a rock star who knows the world isn't a fair place. But he also knows that shouldn't stop you.,21,2080
5531244e373461000c200100,Hear rock star Henry Rollins' inspiring appeal to the poorest youth of the United States of America.,24,2067
5531244e373461000c200100,A famous rock star has an inspiring message for the poorest youth of America.,29,1966
553130523734610018430100,One village doesn't depend on ANY outside sources. It's renewable.,8,2110
553130523734610018430100,"When they're not growing their own zucchini, they're getting wind power and surviving on their own.",8,2021
553130523734610018430100,A village of 70 folks might have the secret to living sustainably.,18,2026
553130523734610018430100,"Igiugig, Alaska. Population: 70. Here's why it's a role model for America.",20,1977
55313d66303638000ca70100,Don't want your kids to take this test? Cool news for you.,10,2053
55313d66303638000ca70100,That controversial testing your child is about to take in school? You can opt them out of that.,11,2061
55313d66303638000ca70100,New tests are being rolled out. Some don't want you to know that your kids don't have to take them.,11,2002
55313d66303638000ca70100,It's a controversial test. What if I told you your kids might not have to take it?,11,1978
55313d66303638000ca70100,The thing parents don't know about these tests is that you can often opt your child out of them.,16,2032
55313d66303638000ca70100,"That controversial testing your child is about to take in school?  They don't have to, in many cases.",18,2012
553175076262350018530000,Read the note an 8-year-old girl wrote to the social workers who rescue children like her every day.,11,2020
553175076262350018530000,An 8-year-old's thank you letter highlights a group of people who quietly make the world better.,11,1990
553175076262350018530000,"At 8 months old, they rescued her from abuse. At 8-years-old she shared her gratitude with us all.",21,2033
553175076262350018530000,An 8-year-old girl rescued from abusive parents wrote the sweetest note to her social worker heroes.,34,2047
5531827d6262350024880000,Gold is going places it's never gone before.,6,2085
5531827d6262350024880000,Nanotech transforms a glittery treasure into a medical wonder.,9,2008
5531827d6262350024880000,"Working at tiny scales, scientists transform gold into something even more incredible.",19,2048
5531827d6262350024880000,"Delivering drugs, cleaning air and water, and fighting cancer: gold is getting even more magical.",19,2024
55318b73626235000c710000,"After Arkansas passed a law that could discriminate against LGBT folks, he posted a hilarious sign.",47,2017
55318b73626235000c710000,"After Arkansas passed a law that could discriminate, one restaurant posted a hilarious sign.",53,2056
55318b73626235000c710000,"After Arkansas voted to discriminate against LGBT folks, one restaurant posted a hilarious sign.",56,2009
55326dd6373633000c260000,Your daily dose of feel-good: Kid President discusses the future in this delightful video.,6,2016
55326dd6373633000c260000,Your daily dose of feel-good: Watch 'Kid President' discuss the future in this delightful video.,7,2048
55326dd6373633000c260000,Your daily dose of feel-good: Kid President discusses the future in this delightful video.,12,1985
55326dd6373633000c260000,Your daily dose of feel-good: Kid President discusses the future in this delightful video.,13,2070
5533f41b3466330018090000,Vaccines save lives and money. A whole LOT of money.,4,2059
5533f41b3466330018090000,Some parts of the U.S. have lower vaccine rates than developing countries. And 7 other facts.,5,2043
5533f41b3466330018090000,"8 Facts about vaccines: How they work, who's getting them, and who's NOT getting them.",7,2031
5533f41b3466330018090000,The vaccination rate in Somalia is higher than in some U.S. schools — and other important info.,7,2005
55341a33346633000c3d0000,"Kids learn a lot in school, but we shouldn't forget the value of hands-on experience.",8,1982
55341a33346633000c3d0000,How learning by *experiencing* helped a little girl turn a pineapple into a business.,9,2031
55341a33346633000c3d0000,"Her mom didn't have any formal education, but she what she taught her daughter is huge.",13,2123
55341a33346633000c3d0000,"A little girl's mom had no formal education, but she taught her a most valuable life lesson.",16,2016
553461886462380024030000,"A sex club paid a trafficker $73 for Remy. 'For me, that was my worth,' she said.",14,2064
553461886462380024030000,"I needed to do what he wanted because he paid for me,' says Remy, who was sold as a sex slave at 12",15,1967
553461886462380024030000,Remy was 12 years old when she was first sold for sex. Here's her true story of slavery and rescue.,19,2015
553461886462380024030000,"She was sold as a sex slave for $73. Then she was sold again. And finally, she was rescued.",22,2062
5535009f3064310018350000,They asked people on the street to just start talking. About what? Teachers.,11,2086
5535009f3064310018350000,They asked people on the street to talk about their favorite teachers ever. Awww.,12,2066
5535009f3064310018350000,They asked people on the street to talk about their favorite teachers ever.,12,1978
5535009f3064310018350000,They asked some people on the street to talk about their favorite teachers. The answers are perfect.,15,2026
5535034e3533360018020000,Meet the transformer shoe that can help kids in poverty for up to 5 years,25,2041
5535034e3533360018020000,Children in poverty desperately need shoes. Here's the 5 pairs in 1 solution.,25,1979
5535034e3533360018020000,None of the kids had shoes. So he invented 5 pairs in 1.,35,1977
5535034e3533360018020000,"The genius solution for barefoot children in poverty, is a 5 in 1 shoe",46,2130
5535034e3533360018020000,He met dozens of kids who didn't have shoes. So he invented 5 pairs in 1.,45,2009
553523f636646200242b0000,"George Lucas just reminded me of my childhood, and it has nothing to do with ""Star Wars.""",8,2028
553523f636646200242b0000,"George Lucas just brought my childhood crashing back, and it has nothing to do with 'Star Wars.'",12,2055
553523f636646200242b0000,George Lucas is right to build affordable housing in his wealthy California neighborhood.,22,2049
553523f636646200242b0000,"George Lucas just pissed off his neighbors, and I couldn't be happier.",43,2071
55352b44316232002c090000,Nanotech transforms all that glitters into a medical wonder.,10,2007
55352b44316232002c090000,Nanotech transforms a glittery treasure into a medical wonder.,13,2002
55352b44316232002c090000,"Working at tiny scales, scientists transform gold into something even more incredible.",24,2091
55352b44316232002c090000,"Working at tiny scales, scientists transform gold into something even more incredible.",27,2038
553543e837613500192f0000,"5 years after a huge oil spill, we're still looking for answers. Luckily for us, this crew is on it.<br>",7,2121
553543e837613500192f0000,"5 years after the biggest oil spill in U.S. history, we learn nature can find a way to be awesome.<br>",11,2080
553543e837613500192f0000,Researchers studying the damage caused by the BP oil spill get interrupted by a beautiful whale.,13,2046
553543e837613500192f0000,A whale interrupts a deep sea expedition on the site of the largest oil spill in U.S. history.<br>,15,1993
553543e837613500192f0000,The man who found the Titanic made a discovery during his latest adventure: a beautiful whale.<br>,22,2013
55354c7a646339001c0a0000,"It seems like a small indignity, but imagine how it feels to never have feminine products you need.",26,2103
55354c7a646339001c0a0000,Homelessness is a struggle in many ways. Imagine if you didn't have the feminine products you need.,27,2006
55354c7a646339001c0a0000,Is it a small indignity? Imagine how it feels to never have feminine products you need.,28,2002
55354c7a646339001c0a0000,Being homeless and on your period adds an extra layer of indignity and shame to a dire circumstance.,29,2013
55354c7a646339001c0a0000,How humiliating is it to be without a tampon when needed? To be homeless? Now add them together.,31,2008
55354c7a646339001c0a0000,What seems like a small indignity at first soon becomes a huge blow to your self-esteem.,39,2095
55356008346161000c1f0000,Would you trust companies to decide if their own food additives are safe for you? The FDA does.,4,2066
55356008346161000c1f0000,The FDA ensures additives are safe. Except when companies use loopholes. Which they do all the time.,4,2064
55356008346161000c1f0000,There's a sneaky way food companies get around having the FDA poke around in their business.,12,1976
55356008346161000c1f0000,"Sure, what we add is generally regarded as safe. Scout's honor.' The food companies to the FDA.",15,2073
55357665346161001c390000,"At the site of the largest oil spill in U.S. history, a whale interrupts a deep sea expedition",12,2114
55357665346161001c390000,A whale interrupts a deep sea expedition on the site of the largest oil spill in U.S. history.,21,2019
55357665346161001c390000,A whale interrupts a deep sea expedition on the site of the largest oil spill in U.S. history.,28,2077
55357665346161001c390000,The man who found the Titanic made a discovery during his latest adventure: a beautiful whale.<br>,37,1979
55357665346161001c390000,The man who found the Titanic made a discovery during his latest adventure: a beautiful whale.<br>,42,2038
5535b522313633000ca00000,"Prince EA wrote an apology to the future, but his real message is for you and me right here and now.",11,2102
5535b522313633000ca00000,Prince EA witnessed the end of a forest first hand. What he saw led him to write this.,14,2045
5535b522313633000ca00000,"Whatever you're fighting for, he says, it won't matter if we don't stop and face what's coming.",16,2007
5535b522313633000ca00000,"He starts with an apology for ruining the earth, but then watch him take it back.",21,2009
55366499346161001cf50000,George Lucas is right to build affordable housing in his wealthy California neighborhood.,23,2093
55366499346161001cf50000,"George Lucas just pissed off his neighbors, and I couldn't be happier.",24,2051
55366499346161001cf50000,"George Lucas just pissed off his neighbors, and I couldn't be happier.",25,2026
55366499346161001cf50000,"George Lucas just pissed off his neighbors, and I couldn't be happier.",26,2036
55366499346161001cf50000,"George Lucas just pissed off his neighbors, and I couldn't be happier.",26,1985
5536775531363319a4d80000,"Watch the adorable adventures of a cat, a dog, and the traumatized war vet who really needed them.",8,2023
5536775531363319a4d80000,"He's a vet with PTSD, and seeing a therapist wasn't doing the job. So he and his pets took a hike.",10,1975
5536775531363319a4d80000,"A war veteran created his own a way fight PTSD. His secret weapons? A cat, a dog, and a mountain.",12,2116
5536775531363319a4d80000,What this war veteran experienced is not uncommon. But the way he's addressing it kind of is.,14,2072
5536775531363319a4d80000,This soldier learned the science of PTSD and devised his own way to treat it. It involves his pets.,14,2023
5536775531363319a4d80000,A war veteran finds the perfect treatment for PTSD on a mountain with his dog and his cat.,15,1997
55367af3313633000c0f0100,When you put a match up to running water it shouldn't burst into flames. Thanks fracking.,16,1964
55367af3313633000c0f0100,This simple kitchen expirment shows just how dangerous fracking is,19,2096
55367af3313633000c0f0100,"It's just a kitchen expirment, but it shows just how dangerous fracking is",22,2065
55367af3313633000c0f0100,See the simple kitchen expirment that shows how serious fracking is,23,2032
55367af3313633000c0f0100,The consequences of fracking revealed in a simple kitchen test. Holy smokes.,25,1986
55368b1631363319a00e0100,"When you are on the job, you have certain rights. Right?",6,2009
55368b1631363319a00e0100,"The right to good working conditions, to be respected, the right to fair pay. Pretty basic. right?",9,2089
55368b1631363319a00e0100,"Sex workers of the world, unite!",9,2043
55368b1631363319a00e0100,"Most workers have the same rights, right? Umm … no.",11,1992
55368c1331363319a02a0100,"How cops giving out food will 'make a lot of people a little healthier in immediate, tangible ways.'",0,2023
55368c1331363319a02a0100,A Tumblr user explains why a food bank partnering with cops to give out free food is so helpful.,4,2038
55368c1331363319a02a0100,A Minneapolis food bank teamed up with local cops to feed hungry people in a creative new campaign.,4,2018
55368c1331363319a02a0100,"Why cops in Minneapolis are carrying boxes of free, nutritious food on their daily patrols.",5,2097
55368c1331363319a02a0100,When we think about solving hunger problem we talk big picture. Here's how thinking small helps too.,5,1997
55368c1331363319a02a0100,"When you're hungry, eating spoiled food seems better than nothing. Here's how cops are fixing that.",8,2037
55368c1331363319a02a0100,This Tumblr user perfectly explained why a Minneapolis food bank's new strategy is so important.,14,2012
55368c1331363319a02a0100,One food bank in Minnesota figured out a genius way of getting food to hungry people who need it.,17,2007
55369912346161001c960100,"Hello, FDA? Anybody home? Food companies are self-service when it comes to this yucky practice.",4,2026
55369912346161001c960100,"Sure, what we add is generally regarded as safe. Scout's honor.' The food companies to the FDA.",4,1964
55369912346161001c960100,"You trust companies to do what's safe for you and label foods, right? Or should the FDA protect you?",5,2113
55369912346161001c960100,"A family says their 11-year old was killed by a company who didn't label foods properly. Hello, FDA?",9,1968
55369912346161001c960100,It's a 4 letter practice the FDA lets food companies get away with. It could be deadly.,16,2076
5536abfb306432002c300000,See how a cyclist is becoming a symbol of hope for a country 'scarred' by violence.,3,2568
5536abfb306432002c300000,A young cyclist wants to change what people think of when they hear the word 'Rwanda.',3,2508
5536abfb306432002c300000,He fulfilled his dream of making the national cycling team. But he rides for more than a prize cup.,8,2438
5536abfb306432002c300000,"If you know what happened in Rwanda in '94, then you'll see why this cyclist's story matters.",10,2550
5536abfb306432002c300000,His country lives in the shadow of unspeakable violence. But his team is riding to changing that.,13,2586
5536abfb306432002c300000,The story of this young cyclist shows that no team has ever ridden for a more worthy cause.,13,2570
5536becf306432001c570000,Upworthy's exclusive interview with the poet who Facebook suggested befriend his own rapist.,12,2054
5536becf306432001c570000,When Facebook recommends your rapist as a 'person you may know'…,22,2011
5536becf306432001c570000,A powerful performance explores why men don't come forward after they've been raped.,23,2051
5536becf306432001c570000,His rapist was recommended to him as someone he may know on Facebook.,24,2100
5536becf306432001c570000,He is reminded of his rapist constantly. Because Facebook keeps suggesting they be friends.,24,1986
5536becf306432001c570000,"After he was raped, he made a list of people that love him. He made sure to put his name at the top.",25,2024
5536c4bd313030002c630000,The hardest part about scaling a glacier used to be the climbing. Now it's actually finding one.,3,2551
5536c4bd313030002c630000,"Alpinists, mountaineers — whatever you call them, they're having a really hard time doing their jobs",4,2561
5536c4bd313030002c630000,Learning how to climb a glacier is hard. But you know what's even harder now? Finding one.,4,2545
5536c4bd313030002c630000,They're 60 and have been climbing glaciers for years. They can't any more — not because of old age.,13,2505
5536d1e132623000240c0000,We might not have known what was happening in our own backyards. Then this app came along.,7,2580
5536d1e132623000240c0000,Used to ignoring notifications? This app has a message you shouldn't ignore.,7,2527
5536d1e132623000240c0000,Here's the app that's going to make a lot of lumberjacks nervous,9,2476
5536d1e132623000240c0000,This map will let you know what's happening in your own backyard. Literally.,13,2555
5536d1e132623000240c0000,Meet the app that watches the forest when no one else is,14,2547
5536db0d623835000c280000,This adorable little teacup Poodle does more than just look cute. She brings joy to the elderly.,14,2490
5536db0d623835000c280000,"Nala is a working dog who sets her own schedule, decides who to see, and when to see them. Love.",18,2537
5536db0d623835000c280000,Enjoy this feel-good story about a little dog named Nala and the nursing home residents she loves.,22,2667
5536db0d623835000c280000,Nursing home residents are certain this tiny dog is from heaven. After seeing her in action I agree!,39,2481
5536e29d623835000c540000,"It's not always easy to stand up to bullies, but this woman confronted a bigot and made a difference.",35,2571
5536e29d623835000c540000,"A woman riding a train overheard someone berating strangers for being Muslim, so she spoke up.",44,2575
5536e29d623835000c540000,A Muslim family was berated by a stranger. So a woman stood up and did the right thing.,55,2564
5536e29d623835000c540000,A Muslim family was being harassed on the train. So a stranger gave the bully a verbal smackdown.,62,2488
553711c56162340018040000,Scientists make stars 'sing' to learn more about what they are.,4,2015
553711c56162340018040000,Listening to the sounds of stars may help scientists look for new planets. <br>,6,2028
553711c56162340018040000,The light from stars sounds like radio feedback but it's music to scientists ears.,9,2111
553711c56162340018040000,Transforming light into the 'voices' of stars provides a range of unusual sounds — and insights.,12,2040
553711c56162340018040000,Listen to the oddly soothing sounds of stars and learn what they tell us about them.,12,2005
553711c56162340018040000,Scientists have found a practical reason for turning light into sound. It's out of this world.,15,2013
5537cc683133650018f30200,The bad news is the water's ruined for farming. The good news is they can grow lettuce in the air.,10,2509
5537cc683133650018f30200,"The water on the ground's too nasty for farming, so they're growing crops in the air.",12,2572
5537cc683133650018f30200,An experiment may mean that farming can happen even where the ground's been ruined.,14,2511
5537cc683133650018f30200,Could growing plants in the air be the salvation of farms ruined by pollution?,17,2587
5537cc683133650018f30200,"The ground is ruined, so engineers have started growing leafy greens in the air.",18,2526
5537dcf1616234000c7f0300,Want to know the terribly obvious reason to not destroy jungles? Because then we won't have anymore.,4,2619
5537dcf1616234000c7f0300,"Palm oil is farmed 1 of 2 ways: one is orangutan-friendly, and the other one everyone does? SO BAD.",6,2434
5537dcf1616234000c7f0300,Palm oil is farmed 2 ways: by slashing and burning — or this other way someone figured out.,11,2577
5537dcf1616234000c7f0300,"Palm oil is farmed 1 of 2 ways: one is orangutan-friendly, and the other one everyone does? SO BAD.",11,2528
5537dcf1616234000c7f0300,Palm oil is farmed 2 ways: One ruins a cute animal's life forever; The other? It's worth a bear hug.,12,2527
5537dcf1616234000c7f0300,"Palm oil is farmed 2 ways: One produces a lot of smoke and distress, and one keeps all life in mind.",12,2447
5537dcf1616234000c7f0300,Palm oil is farmed 1 of 2 ways: by burning and killing — or this other way someone just figured out.,17,2537
5537e44561623400188f0300,"From bank teller to dairy farmer, here's how one woman started a new life on the farm.",4,2513
5537e44561623400188f0300,"Meet Wendy. She's a farmer, a mom, and she makes a mean grilled cheese sandwich.",6,2495
5537e44561623400188f0300,Hear this farmer's refreshing take on why food quality is oh so important.,8,2472
5537e44561623400188f0300,She used to have a 'regular' job. Now she spends her life producing food. How'd she get here?,9,2639
5537e44561623400188f0300,A farmer and mom talks about why it's important to eat real food.,12,2569
5537e44561623400188f0300,She never expected to be a farmer. But you'd never guess from the way she talks about it now.,13,2547
5537f1fb6162340018450400,Could growing plants in the air be the salvation of farms ruined by pollution?,7,2497
5537f1fb6162340018450400,Good water here is so precious that they learned to grow food with moisture in the air.,9,2547
5537f1fb6162340018450400,What makes the sky blue? These engineers just proved you can grow food with it.,17,2575
5537f1fb6162340018450400,Engineers went to a polluted farming area with a way to irrigate plants from thin air.,18,2520
5537f1fb6162340018450400,It looks like the best way to grow crops here may be to get them the hell off the ground.,20,2529
5537f89c666331001c250000,Couples talk about the importance of family in a place that won't let them get married.,5,2517
5537f89c666331001c250000,"Every love story deserves a happy ending,' and they want theirs.",8,2465
5537f89c666331001c250000,Sometimes marriage is about fairness. They wish Ireland understood that.,9,2549
5537f89c666331001c250000,4 gay couples talk about how it feels to be left out of the marriage loop.,10,2497
5537f89c666331001c250000,They've been together for 14 years but are still waiting on a happily ever after.,12,2567
5537f89c666331001c250000,Their friends are married. They're tired of being left out. So they're telling their stories.,13,2614
55380f30666331001c240200,"The ground is ruined, so engineers have started growing leafy greens in the air.",9,2452
55380f30666331001c240200,Engineers went to a polluted farming area with a way to irrigate plants from thin air.,10,2495
55380f30666331001c240200,"Humidifiers, tubes, and pipes. Add water vapor and you've got lettuce.",12,2590
55380f30666331001c240200,It looks like the best way to grow crops here may be to get them the hell off the ground.,17,2565
55380f30666331001c240200,An experiment may mean that farming can happen even where the ground's been ruined.,17,2549
55381d77653166000cf00300,Could the first drivable Lego car be the future of zero-emissions engine technology?,5,2533
55381d77653166000cf00300,This inventor built the world's first drivable Lego car. 'Awesome' is an understatement.,6,2534
55381d77653166000cf00300,"He wanted to show the world a potentially revolutionary car technology. It took about 500,000 Legos.",9,2487
55381d77653166000cf00300,"An inventor built the first drivable Lego car, and it's powered by nothing but compressed air.",10,2585
55381d77653166000cf00300,See what happens when you give half a million Legos to a bright young inventor.,11,2510
55381d77653166000cf00300,An inventor built a zero-emissions car out of a popular kids' toy. That's not even the best part.,12,2541
5538312a666331000cc60300,The future of internet connectivity starts with the 30 balloons Google launched into the sky.,3,2525
5538312a666331000cc60300,Google launched a bunch of balloons into the sky. It just might be the future of internet.,9,2553
5538312a666331000cc60300,"In 2013, Google launched a bunch of balloons into the sky. It just might be the future of internet.",9,2540
553844556531660018d00400,A teacher who had enough of standardized testing told her students what they were really worth,27,2502
553844556531660018d00400,Students saw what they were really worth from a teacher who'd had enough,35,2573
553844556531660018d00400,"With 1 letter, a fed up teacher tells students what they're worth",40,2507
553844556531660018d00400,A teacher who had enough told her students what they were really worth,56,2561
553846ee666331001c340400,60% of Earthlings have no internet. Here is how Google wants to fix that.,3,2591
553846ee666331001c340400,"Hundreds of balloons later, Google is *that much* closer to providing internet to the entire world.",3,2481
553846ee666331001c340400,"In 2013, Google launched a bunch of balloons into the sky. It just might be the future of internet.",5,2554
553846ee666331001c340400,"While others imagine a future where the whole world has internet access, Google is making it happen.",5,2550
553846ee666331001c340400,Google launched a bunch of balloons into the sky. It just might be the future of internet.,8,2515
55384747666331000c350400,A farmer and mom talks about why it's important to eat real food.,6,2506
55384747666331000c350400,She never expected to leave her job for farm life — and it changed the way she sees food forever.,7,2566
55384747666331000c350400,Why does food quality matter? Here's an answer straight from a farmer.,7,2546
55384747666331000c350400,This mom never expected to be a farmer. But her new perspective on 'real' food is a good one.,8,2529
55384747666331000c350400,"An inside look at one woman's farm life: hard work, grilled cheese, and so much more.",10,2521
55384747666331000c350400,"14 years ago, she quit her job and started farming. Safe to say she doesn't regret it.",15,2622
553858c46537330024130000,Engineers went to a polluted farming area with a way to irrigate plants from thin air.,9,2586
553858c46537330024130000,Engineers went to a polluted farming area with a way to irrigate plants from thin air.,9,2536
553858c46537330024130000,Engineers went to a polluted farming area with a way to irrigate plants from thin air.,11,2512
553858c46537330024130000,Engineers went to a polluted farming area with a way to irrigate plants from thin air.,12,2523
553858c46537330024130000,It looks like the best way to grow crops here may be to get them the hell off the ground.,16,2518
55386c3a653733000c440000,4 families are racing the clock to get a promising treatment approved before a son dies.,1,2037
55386c3a653733000c440000,"Getting a promising new drug cleared takes time, and 4 families wonder how much they have left.",2,2068
55386c3a653733000c440000,Their sons' disease has 4 families racing the clock to get a promising experimental drug approved.,3,1997
55386c3a653733000c440000,"Duchenne muscular dystrophy is merciless, so they're desperate to get this promising drug approved.",4,2083
55386c3a653733000c440000,A new drug may be life-saving. That's why these 4 families are racing to get it approved.,4,1991
5538c5b165373300248d0000,These families lives will change when Ireland recognizes same sex marriage.,6,2547
5538c5b165373300248d0000,"Their love stories are funny, sweet and odd,  just like most couples I know.",11,2534
5538c5b165373300248d0000,"Marriage is out, so they created a special day to celebrate their love.",16,2528
5538c5b165373300248d0000,"They've been together for years, but she still hasn't put a ring on it.",18,2540
5538c5b165373300248d0000,Their friends are married. They're tired of being left out. So they're telling their stories.,18,2514
5538ec8c636230000c900000,A major American theater just cast a black woman as Hamlet and it looks so friggin' cool.,6,2531
5538ec8c636230000c900000,A major American theater just cast a black woman as Hamlet and it looks so friggin' cool.,7,2511
5538ec8c636230000c900000,A major American theater just cast a black woman as Hamlet and it looks so friggin' cool.,10,2579
5538ec8c636230000c900000,A major American theater just cast a black woman as Hamlet and it looks so friggin' cool.,10,2549
5538ec8c636230000c900000,A major American theater just cast a black woman as Hamlet and it looks so friggin' cool.,11,2615
5538ec8c636230000c900000,A major American theater just cast a black woman as Hamlet and it looks so friggin' cool.,13,2565
5538ec8c636230000c900000,"A major American theater has cast a black woman as Hamlet. It's not only historic, it looks SO cool.",14,2474
5538ec8c636230000c900000,A major American theater just cast a black woman as Hamlet and it looks so friggin' cool.,15,2445
55390363636230002c2a0100,Did you know that gay marriage isn't legal in Ireland? Yet.,7,2517
55390363636230002c2a0100,Gay Irish couples talk about love. Can we let them get married already?,8,2558
55390363636230002c2a0100,"Listening to them, I realize even more: Marriage is a right that we should all have.",8,2496
55390363636230002c2a0100,"They've been together for years, but she still hasn't put a ring on it.",14,2555
55390363636230002c2a0100,"They've been together for years, but she still hasn't put a ring on it.",15,2606
55390363636230002c2a0100,Look at these couples. They're madly in love. And they can't express it the way they want to.,15,2472
55390363636230002c2a0100,Couples that have been together for years talk about love. It's adorable — and heartbreaking.,23,2509
5539169b653733000cb40100,"Duchenne muscular dystrophy is merciless, so they're desperate to get this promising drug approved.",2,2050
5539169b653733000cb40100,Their sons' disease has 4 families racing the clock to get a promising experimental drug approved.,3,2068
5539169b653733000cb40100,"Getting a promising new drug cleared takes time, and 4 families wonder how much they have left.",3,1943
5539169b653733000cb40100,A new drug may be life-saving. That's why these 4 families are racing to get it approved.,4,1976
5539169b653733000cb40100,4 families are racing the clock to get a promising treatment approved before a son dies.,9,2107
553916a9653733000cc40100,Helping out the bees. Just one more reason to surround yourself with flowers this spring.,1,2088
553916a9653733000cc40100,Bees are a like a large mirror says this scientist. She wants us to like what we see.,7,1975
553916a9653733000cc40100,Coal miners have canaries. We have bees.  Are we paying attention?,8,2036
553916a9653733000cc40100,Bees are in serious trouble. Part of the answer couldn't be easier or more delightful.,9,2064
55391847636230002cf30100,What happens if we treat the elderly like the resource that they are? Barbara Beskind happens.,9,1988
55391847636230002cf30100,Barbara Beskind was hired to a Silicon Valley at the age of 91. It's about time.,14,2011
55391847636230002cf30100,A Silicon Valley design firm recently hired Barbara. She's almost 100 years old. Brilliant decision.,20,2056
55391847636230002cf30100,She got her dream job at 91 years old. Companies: Take note.,23,1995
55391847636230002cf30100,Barbara was hired at a top notch design firm at 91. Here are 5 amazing things she's done so far.,33,2108
553927d5636230000c750200,A Silicon Valley design firm recently hired Barbara. She's almost 100 years old. Brilliant decision.,22,1988
553927d5636230000c750200,Barbara was hired at a top notch design firm at 91. Here are 5 amazing things she's done so far.,26,2054
553927d5636230000c750200,She got her dream job at 91 years old. Companies: Take note.,28,2077
55392ca365373300187e0200,An emotional film tells a story of 4 families trying to get a possible cure through the FDA.,1,2016
55392ca365373300187e0200,4 families are on a mission to speed approval of the best chance yet for their kids.,3,2084
55392ca365373300187e0200,"If these families can just get a promising drug to market, their sons may have a future after all.",4,2050
55392ca365373300187e0200,A new drug may be life-saving. That's why these 4 families are racing to get it approved.,8,2049
55392ca365373300187e0200,A new drug could be the miracle they're hoping for. Now they just have to get it approved.,9,1970
553932de636230002ce80200,"When you hear 'Columbia' or 'Stanford,' you might think 'rich.' Sometimes, that's far from true.",7,2051
553932de636230002ce80200,A bunch of Ivy League students making confessions about money. Here's why that's important.,9,1950
553932de636230002ce80200,Read these confessions by Ivy League college students. They show why 'hard work' won't stop poverty.,19,2066
553932de636230002ce80200,8 confessions from students in top-notch colleges that made me think differently about 'merit',21,2044
553937b5393365000c040000,"He took a 90% pay cut so he could pay his employees more, and business has never been better.",8,2036
553937b5393365000c040000,"Business is good for the CEO who raised his company's starting pay to $70,000 per year.",9,2040
553937b5393365000c040000,"Business is booming after this CEO raised his employees' starting salaries to $70,000 per year.",13,2107
553937b5393365000c040000,"Remember the CEO who raised his company's starting pay to $70,000 per year? Well, business is good.",17,2013
553937b5393365000c040000,Right after announcing he was taking a pay cut to raise his employee's salaries…business is booming.,23,2000
553938c8633132001c0c0000,"91 year old Barbara Beskind got hired at prestigious Silicon Valley firm IDEO. Ageism-0, Barbara-1",13,2062
553938c8633132001c0c0000,She got her dream job at 91 years old. Companies: Take note.,17,2044
553938c8633132001c0c0000,Barbara was hired at a top notch design firm at 91. Here are 5 amazing things she's done so far.,25,1998
553938c8633132001c0c0000,"One week after they got her letter, Barbara Beskind was hired. She'd been trying for 80 years.",30,2037
55393ee2653833000c290000,"A Rwandan cyclist is training as if millions of lives depend on it. And in a way, they do.",2,2051
55393ee2653833000c290000,This Rwandan cyclist doesn't just ride for cups and prize money. His goal is way more ambitious.,3,2129
55393ee2653833000c290000,A cyclist is competing for the challenge of his life. And he needs help from his entire country.,4,1998
55393ee2653833000c290000,This Rwandan athlete sums up his ambition with two simple and poignant words: 'Never again.',6,1949
55393ee2653833000c290000,Making the national team was a dream come true. Now this cyclist has eyes on a much bigger prize.,8,2034
55393ee2653833000c290000,"He doesn't ride for glory, cups, or prize money. This cyclist rides to heal a wounded nation.",8,1989
55393f05653833002c260000,"A major American theater has cast a black woman as Hamlet. It's not only historic, it looks awesome.",7,2043
55393f05653833002c260000,"A major American theater has cast a black woman as Hamlet. It's not only historic, it looks SO cool.",8,1999
55393f05653833002c260000,"""A major American theater has cast a black woman as Hamlet? Cool! That's also, you know, historic.""",9,2033
55393f05653833002c260000,A famous American theater has cast a black woman as Hamlet. It's not only historic — it looks cool.,10,2060
55393f05653833002c260000,A big American theater has cast a black woman as Hamlet. It's not only historic ... it looks cool.,11,2067
55393f05653833002c260000,"A major theater director has cast a black woman as Hamlet. It's not only historic, it looks SO cool.",11,1983
553952c0653833002c310100,A new drug may be life-saving. That's why these 4 families are racing to get it approved.,4,2029
553952c0653833002c310100,4 families are on a mission to speed up drug approval for their kids' best chance yet.,5,2062
553952c0653833002c310100,"If these families can just get a promising drug to market, their sons may have a future after all.",6,2043
553952c0653833002c310100,An emotional film tells a story of 4 families trying to get a possible cure approved for use.,7,2024
553952c0653833002c310100,A new drug could be the miracle they're hoping for. Now they just have to get it approved.,11,2027
55395740353130002c600100,The Trans Pacific Partnership is a massive corporate power grab,2,2158
55395740353130002c600100,The TPP is a massive corporate giveaway. It's being rushed through the House right now.,4,2089
55395740353130002c600100,The TPP would give corporations enormous new power. There's still time to stop it.,4,1990
55395740353130002c600100,A secretive trade deal is being rushed through the House. Here's what's in it.,5,1948
55395740353130002c600100,"The TPP would let 9,000 foreign corporations bypass U.S. law and sue American taxpayers for millions",8,1976
55395740353130002c600100,A massive corporate power grab is about to become law. You need to know what's in it.,11,2037
55396c46353364001c100000,She's explaining some issues with feminism using pizza. It's just as awesome as it sounds.,22,2059
55396c46353364001c100000,The pizza and feminism crash course you didn't know you needed.,23,1991
55396c46353364001c100000,The oft forgotten area of feminism explained with pizza,27,2078
55396c46353364001c100000,It's the one area of feminism too many forget about. Let the pizza remind you.,31,2049
55396c46353364001c100000,It's an area of feminism often overlooked. This pizza analogy nails it.,31,2007
5539933b633236001c720000,An emotional film tells a story of 4 families trying to get a possible cure through the FDA.,4,2051
5539933b633236001c720000,Their sons' disease has 4 families racing the clock to get a promising experimental drug approved.,5,2033
5539933b633236001c720000,Their sons' disease has 4 families racing the clock to get a promising experimental drug approved.,6,1986
5539933b633236001c720000,A new drug could be the miracle they're hoping for. Now they just have to get it approved.,9,2068
5539a110633236000cf20000,"Bees have survived for 50 million years, but what they face now is epic.",2,2093
5539a110633236000cf20000,Providing food for hungry bees gives us just one more reason to enjoy flowers.,2,2036
5539a110633236000cf20000,"She describes a ""big bee bummer,"" but this scientist also offers a lovely solution.",3,2042
5539a110633236000cf20000,"For bees, landscapes without flowers may be like eating on the moon. There's a pretty easy fix.",4,1966
5539a110633236000cf20000,What's the matter with bees? A scientist gives us 4 big problems and 2 easy solutions.,7,2054
553a3b67396234002c730100,"Paint Creek, Matewan, and the Battle Of Blair Mountain: The mine country wars.",9,2053
553a3b67396234002c730100,"When you load 16 tons, whaddyou get? Another day older and deeper in debt.'",12,2055
553a3b67396234002c730100,We're coming up on the 100 year anniversary of the biggest armed uprising since the Civil War.,17,2027
553a3b67396234002c730100,"1 million rounds of ammunition were fired during one event in West Virginia. No, NOT the Civil War.",23,2094
553a3b67396234002c730100,There was a time in our history when the United States bombed its own citizens. Not kidding.,29,1981
553a49f9646537000c310000,Plastic is forever. In one form or another.<br>,2,1973
553a49f9646537000c310000,"The U.S. wastes money by not recycling, and hasn't improved for 2 decades. This can change.",3,2050
553a49f9646537000c310000,We continue to throw away money by throwing away recyclables. Here's why.,6,2045
553a49f9646537000c310000,"A short, punchy video on recycling reminds us of what the numbers have been saying all along.<br>",8,2090
553a56e2396234001c110200,Longtime couples talk about why marriage is for them.,6,2028
553a56e2396234001c110200,Couples that have been together for years talk about love. It's adorable — and heartbreaking.,12,2067
553a5b6f396234000c5c0200,Couples that have been together for years talk about love. It's adorable — and heartbreaking.,9,2046
553a5b6f396234000c5c0200,Longtime couples talk about why marriage is for them.,12,2026
553a5b6f396234000c5c0200,Couples that have been together for years talk about love. It's adorable — and heartbreaking.,15,2063
553a5b8f646537000cb40000,They traded in a cigarette for 11 glorious minutes of bubble wrap popping fun.,6,2056
553a5b8f646537000cb40000,"This segment from Jimmy Kimmel Live might help a bunch of people quit smoking, 11 minutes at a time.",12,2017
553a5b8f646537000cb40000,1 cigarette takes 11 minutes off your life. This video shows how you could better spend that time.,15,2041
553a5b8f646537000cb40000,This video offers a major incentive for people trying to quit smoking: 11 minutes of awesomeness.,16,2014
553a5b8f646537000cb40000,A video perfectly illustrates the very real cost of smoking in a way that won't gross you out.,18,2047
553a5b8f646537000cb40000,"Quitting smoking is hard, but this bubble wrap-filled video gives you a major incentive to stop.",18,2018
553a7ef2646537000cff0100,"An inside look at one woman's farm life: hard work, cows, and much more.",6,2128
553a7ef2646537000cff0100,"An inside look at one woman's farm life: hard work, cows, and much more.",6,1935
553a7ef2646537000cff0100,"An inside look at one woman's farm life: hard work, grilled cheese, and so much more.",7,2049
553a7ef2646537000cff0100,"14 years ago, she quit her job and started farming. Safe to say she doesn't regret it.",7,1980
553a7ef2646537000cff0100,"An inside look at one woman's farm life: hard work, grilled cheese, and so much more.",11,2047
553a7ef2646537000cff0100,"14 years ago, she quit her job and started farming. Here's a look at her life now.",17,2064
553a7fe7646537001c290200,He's creating virtual reality films that he hopes can change the world. Literally.,2,2035
553a7fe7646537001c290200,Can virtual reality make actual reality better?,3,2079
553a7fe7646537001c290200,"If you think virtual reality is just for kids and nerds, just see how this filmmaker using it.",3,2045
553a7fe7646537001c290200,He's changing people's minds by helping them face reality. Virtual reality.,4,2000
553a7fe7646537001c290200,A filmmaker is proving that virtual reality doesn't just have to be about a virtual world.,7,1996
553a7fe7646537001c290200,A filmmaker went to the United Nations and strapped 'em into virtual reality headsets. Here's why.,9,1995
553a84e3646537001c6a0200,"Mark Ruffalo shares his complexion tips, for justice.",12,2023
553a84e3646537001c6a0200,The Hulk gets asked the dumb questions Black Widow usually gets. Comedic awkwardness ensues.,28,2054
553a84e3646537001c6a0200,Scarlett Johansson asks Mark Ruffalo: Is he up to the challenge women in Hollywood face? Yes he is.,31,2038
553a84e3646537001c6a0200,2 Avengers avenge every celebrity woman who was ever asked a dumb question by the media.,40,2042
553a84e3646537001c6a0200,Celebs get asked stupid things all the time. Mark Ruffalo shows how stupid that is by being awesome.,40,1989
553a84e3646537001c6a0200,What happens when you ask male action stars the questions female stars actually get? Comedy gold.,61,2094
553a8c02646537002c4e0200,Following a plastic bottle from person-to-plate puts a whole new spin on recycling.<br>,4,2021
553a8c02646537002c4e0200,"We all like coming home stories, but what about when it's a plastic bottle?",6,2094
553a8c02646537002c4e0200,A plastic bottle's adventure reminds us about some basic facts of life.<br>,6,2054
553a8c02646537002c4e0200,"A plastic bottle finds its way home, along with a powerful message to recycle.",14,2020
553aa1f4396234001ca60400,We can't stop oil spills yet. So we need to learn how to clean up after them.,1,2054
553aa1f4396234001ca60400,A super-hero sponge and a lotus leaf-like mesh. What do they have to do with oil spills?,2,2009
553aa1f4396234001ca60400,2 brilliant scientific inventions that could clean up oil spills for good,3,2006
553aa1f4396234001ca60400,A super-absorbent sponge and a leaf-inspired mesh could get the oil out of our environment for good,5,2034
553aa453396234001ccb0400,Every wondered why things go viral? It's all in your mind.,1,1999
553aa453396234001ccb0400,"They call it ""going viral"" because it actually acts just like a germ.",2,2065
553aa453396234001ccb0400,This is why websites like ours are so good at getting you to talk about us.,4,2117
553aa453396234001ccb0400,This is how viral news uses the worst of us to get the best of us.,5,2036
553aa453396234001ccb0400,The science of why the comment section on just about anything is so awful.,5,1981
553aac47646537002c750300,"A mountain of money goes into the trash when we don't recycle, but technology can help.",3,2015
553aac47646537002c750300,"If there's karma in recycling, a lot of us here in the U.S. really got it coming.",4,2038
553aac47646537002c750300,"The U.S. throws away mountains of money by not recycling, but new technology is sorting that out.",5,2023
553aac47646537002c750300,Recycling in the U.S. hasn't increased in decades. Technology to the rescue.,7,2059
553abb70396234001c230600,Red-pill alert: Science explains why every comment section is always a rage-splosion.,0,2037
553abb70396234001c230600,This why any comment section is always craycray.,4,2019
553abb70396234001c230600,The science of why the comment section on just about anything is so awful.,13,2066
553ac1e8396234002c390600,"A bionic eye for the blind? It's not a sci-fi flick, this is real life.",9,2054
553ac1e8396234002c390600,He's seeing his wife for the first time in a decade thanks to his bionic eye. Are you crying yet?,11,2031
553ac1e8396234002c390600,See the moment doctors turn on his bionic eye and he sees his wife. Cue the waterworks.,18,2041
553ac1e8396234002c390600,They're in tears before his bionic eye is even turned on. His final reaction is priceless.,21,2019
553ae489633633002ca80000,"Scientists transform starlight into star 'music' to help us understand places far, far away.",6,2038
553ae489633633002ca80000,"Turns out, the 'sound' of stars ranges from sizzling bacon to radio static. Here's what it tells us.",7,2005
553ae489633633002ca80000,Transforming light into the 'voices' of stars provides a range of unusual sounds — and insights.,9,2095
553ae489633633002ca80000,Did you know that the light of stars can be turned into sounds? Here's what those sounds tell us.,10,2024
553aeb3a646537001cc70600,A filmmaker is building 'the ultimate empathy machine' with amazing virtual reality films.,8,2046
553aeb3a646537001cc70600,He shot a video for Kanye West. Now he's working with the United Nations. Go figure.,8,2008
553aeb3a646537001cc70600,This filmmaker's vision was so complex they had to build new technology just new to realize it.,12,1993
553aeb3a646537001cc70600,He's come a long way from the set of that Kanye video. You'll get it when you see his latest film.,12,1963
553aeb3a646537001cc70600,"If watching a movie is like seeing another world, then his latest film is like teleporting to one.",14,2113
553aeb3a646537001cc70600,He was sued by a famous stuntman over his Kanye video. Not as impressive as what he's doing now.,18,2019
553e12c1376561001ccb0000,John Oliver's look at child labor in the fashion industry might have you rethinking your closet.,30,2021
553e12c1376561001ccb0000,"If a deal seems too good to be true, it probably is. Especially when it comes to clothing.",31,2025
553e12c1376561001ccb0000,Where do your clothes come from? It turns out that the company you bought from might not even know.,34,1980
553e12c1376561001ccb0000,"John Oliver digs into the low-cost, child labor hypocrisy in the fashion industry.",38,2048
553e12c1376561001ccb0000,Ever wonder how companies sell clothes at unbelievably low prices? The truth isn't so pretty.,41,2042
553e1c52376561001cf40000,This researcher asked kids what's wrong with US schools. Here are their ideas.,28,2015
553e1c52376561001cf40000,This researcher asked some surprising experts what's wrong with US schools. Here are their ideas.,37,2075
553e4c1c306562000cbc0200,"The Supreme Court has ruled on gay marriage before, but his case could make it legal everywhere.",7,1994
553e4c1c306562000cbc0200,"The Supreme Court has ruled on gay marriage before, but this is the big one.",8,2133
553e4c1c306562000cbc0200,Gay marriage could finally become legal this summer because of their incredible love story.,10,2004
553e4c1c306562000cbc0200,"Because he sued to be on his husband's death certificate, gay marriage could become legal everywhere",21,2036
553e4c1c306562000cbc0200,"When his husband died, his home state pretended he didn't exist. Now he's about to make history.",21,2036
553e5780376561000c2d0200,The endangered elephants of Africa have an unlikely hero. Billy Joel.,10,2087
553e5780376561000c2d0200,The whole murdering elephants in Africa thing is becoming a problem. Billy Joel is here to solve it.,10,1984
553e57bb376561002cc70100,"Food trucks sell delicious food. And for some people, they offer a better future.",6,2036
553e57bb376561002cc70100,What if food trucks could help keep people from going back to prison?,6,2007
553e57bb376561002cc70100,All of the food on this truck is made from syrup. And the people working here want a better life.,11,2057
553e57bb376561002cc70100,A 'food truck social enterprise' is a real thing. Delicious food + a bright future = win!,17,2037
553e586f306562002cc00200,"We're safely going about our day, but they're just trying to survive an earthquake. We can help.",3,2015
553e586f306562002cc00200,Almost a million children are 'severely affected' by Nepal's earthquake. They need water.,3,1968
553e586f306562002cc00200,There was an earthquake in Nepal. More could die in the aftermath. 3 things you can do now to help.,6,2078
553e586f306562002cc00200,"If you've not heard about the earthquake that's severely affected nearly a million kids, this is it.",6,2011
553e586f306562002cc00200,"Looking for a way to help survivors of the earthquake in Nepal? We have quick, solid ideas here.",10,2007
553e586f306562002cc00200,Can you do a quick thing to help nearly a million kids in Nepal to survive the earthquake aftermath?,11,2074
553e7e54306562002c1d0400,60 years after the Civil War came the bloodiest uprising since: The West Virginia Mine Wars.,8,2009
553e7e54306562002c1d0400,"Over 10,000 people went on strike, and the army was called in to stop it. Where? In West Virginia.",11,2131
553e7e54306562002c1d0400,The true story of the most violent labor uprising in U.S. history: the West Virginia Mine Wars.,12,2019
553e7e54306562002c1d0400,We're coming up on the 100 year anniversary of the biggest armed uprising since the Civil War.,14,1981
553e7e54306562002c1d0400,There's a reason that the West Virginia Mine Wars are buried in history books.,19,2043
553e7e54306562002c1d0400,Ever heard of the Battle of Blair Mountain? The U.S. Army bombed its own citizens. Not kidding.,27,2013
553e821a306562001c490400,The West Virginia Mine Wars: 1 million rounds were fired in the most violent strike in U.S. history.,5,1990
553e821a306562001c490400,"There's world wars, the Civil War ... ever heard about the West Virginia Mine Wars?",6,1993
553e821a306562001c490400,Real history your teacher may not have told you: the West Virginia Mine Wars.,11,1956
553e821a306562001c490400,There's a reason that the West Virginia Mine Wars are buried in history books.,12,2035
553e821a306562001c490400,Another piece of history that you might not have heard in school: the West Virginia Mine Wars.,14,2132
553e821a306562001c490400,Ever heard of the Battle of Blair Mountain? The U.S. Army bombed its own citizens. Not kidding.,23,2047
553e8421376561002c550300,"President Obama chats with Bill Nye about climate change, education, and the importance of science.",7,2051
553e8421376561002c550300,President Obama on the future of science education: 'Put your money where your mouth is.',8,2053
553e8421376561002c550300,How do we get kids interested in science? Bill Nye and President Obama talk it out.,9,1975
553e8421376561002c550300,Everyone's favorite 'science guy' chats with the president about the future of science education.,10,2046
553e8421376561002c550300,Bill Nye wants to change the world. Hear him chat with President Obama about how to make it happen.,16,2022
553e8865376561001c490400,Heard of the Battle of Blair Mountain? The U.S. Army nearly bombed its own citizens. Not kidding.,8,1930
553e8865376561001c490400,"During the Battle of Blair Mountain, the U.S. Army prepared to bomb its own citizens. Not kidding.",14,2079
553e8865376561001c490400,Ever heard of the Battle of Blair Mountain? The U.S. Army considered bombing citizens. Not kidding.,21,2091
553e8865376561001c490400,Ever heard of the Battle of Blair Mountain? The U.S. Army bombed its own citizens. Not kidding.,24,2023
553e8c70376561000c8f0400,"By honoring his late husband, he might wind up making gay marriage legal in every state.",6,2058
553e8c70376561000c8f0400,His husband died 2 years ago. Now he's *this* close to making gay marriage legal in every state.,7,2037
553e8c70376561000c8f0400,The Supreme Court case that might legalize gay marriage began with one man's heartbreaking request.,8,2095
553e8c70376561000c8f0400,This is the love story that could lead to gay marriage finally becoming legal in every state.,11,1997
553e8c70376561000c8f0400,This is the heartbreaking case that might finally make gay marriage legal in every state.,18,1977
553e97b1313230000c520000,Bees are in serious trouble. Part of the answer couldn't be easier or more delightful.,5,2058
553e97b1313230000c520000,Bees are in serious trouble. Part of the answer couldn't be easier or more delightful.,10,2000
553e97b1313230000c520000,Bees are in serious trouble. Part of the answer couldn't be easier — or more delightful.,13,2011
553e97b1313230000c520000,"We've been hearing a lot about the trouble with bees, but this scientist's solution is delightful.",18,2084
553e97b1313230000c520000,Bees are in serious trouble. Part of the answer couldn't be easier or more delightful.,18,2018
553ebde9313230002c750200,How scientists are finding creative ways to clean up oil spills,1,2079
553ebde9313230002c750200,We can't stop oil spills yet. But we can definitely clean them up.,2,2024
553ebde9313230002c750200,A sponge and a lotus leaf inspired a bunch of scientists. How?,4,2080
553ebde9313230002c750200,2 brilliant scientific inventions that could clean up oil spills for good,5,2001
553ec170313230002c920200,"Explore the the Kathmandu Valley, epicenter of Nepal's earthquake.",20,2023
553ec170313230002c920200,Zip around the epicenter of Nepal's earthquake on Google Earth. Fascinating.,23,2010
553ec170313230002c920200,The epicenter of Nepal's earthquake is called the Kathmandu Valley. Let's explore the region.,26,2030
553ec170313230002c920200,The epicenter of Nepal's earthquake is called the Kathmandu Valley. Let's fly there on Google Earth.,35,2062
553ede42313230001cce0300,Bees are facing big trouble. The answer is to plant flowers.,2,2089
553ede42313230001cce0300,Bees are in serious trouble. Part of the answer couldn't be easier or more delightful.,8,1970
553ede42313230001cce0300,Bees are in big trouble. What you can do to help couldn't be easier or more delightful.,10,2034
553ede42313230001cce0300,Bees are in trouble. A big part of the solution couldn't be easier or more delightful.,15,2036
553efbf5316161002c5c0000,This food truck makes delicious meals from maple syrup *and* gives hope to former inmates.,6,2047
553efbf5316161002c5c0000,A 'food truck social enterprise' is a real thing. Delicious food + a bright future = win!,6,2015
553efbf5316161002c5c0000,The future doesn't always look bright for teens who did prison time. Enter: the food truck.,7,2045
553efbf5316161002c5c0000,"When some formerly imprisoned youth in New York get out, they have a food truck to look forward to.",7,2036
553f4cf0616464000c450000,A new term is being coined: Sustainable Musician — one who makes music without hurting the planet.,3,2028
553f4cf0616464000c450000,Ten songs that definitely didn't destroy the environment and an explanation of why that is.,4,2061
553f4cf0616464000c450000,There are some artists who play music on guitars made from irresponsibly harvested wood. Some don't.,8,2028
553f4cf0616464000c450000,Some music is bad for the environment. Like ... the actual songs themselves.,10,2021
553f4cf0616464000c450000,"A song can be so powerful that it knocks our socks off, but now? They're knocking trees down, too.",10,2003
553f4cf0616464000c450000,"Some songs are bad for the earth, because they're being played on instruments ripped from nature.",11,2012
553f88f6616464002c810000,Technology that sorts frogs from green beans offers help for recycling too.,1,1986
553f88f6616464002c810000,"The U.S. exported its recycling for years, but that's changing and lots of money's on the table.",3,2080
553f88f6616464002c810000,"That juice bottle you just drank from is 40% recycled glass, and here's how that works.",9,1993
553f88f6616464002c810000,Ever wonder how recycling works? A glimpse behind the scenes at cool technology and big money.,10,2062
553f8bf5336438000c700000,This radio show has 5 million listeners and it's run by a bunch of young girls,10,2075
553f8bf5336438000c700000,These girls made a badass radio show to prove what they're capable of. It's working.,10,2068
553f8bf5336438000c700000,The radio show in Ethiopia that's changing the way girls think of themselves,13,2015
553f8bf5336438000c700000,"These girls are making such a difference in Ethiopia, even their elders look up to them.",15,1998
553f9f02336438002cd00000,Faith leaders of Baltimore band together in solidarity with peaceful protesters.,9,3071
553f9f02336438002cd00000,"Members of Baltimore clergy embark on a peaceful march, their group growing as bystanders join in.",16,2983
553f9f02336438002cd00000,A powerful video shows Baltimore faith leaders join together in peaceful protest for Freddie Gray.,17,3085
553f9f02336438002cd00000,"Clergy march through the streets of Baltimore, calming the crowds.",18,3038
553f9f02336438002cd00000,More than 100 clergy members joined arm-in-arm in peaceful protest through Baltimore.,19,3126
553f9f02336438002cd00000,"One by one, bystanders find themselves joining this powerful, peaceful protest in Baltimore.",22,3001
553fa0e8336438002cec0000,A 'Harry Potter' fan wants the Supreme Court to know that Dumbledore deserves equal rights.,9,1988
553fa0e8336438002cec0000,A 'Harry Potter' fan's brilliant sign explains why Supreme Court should legalize gay marriage today.,18,2107
553fa0e8336438002cec0000,A 'Harry Potter' fan made an epic statement in front of the Supreme Court today.,19,2032
553fa0e8336438002cec0000,"J.K. Rowling believes Dumbledore is gay, so one 'Harry Potter' fan reminded the Supreme Court.",28,2040
553fa0e8336438002cec0000,A 'Harry Potter' fan held up a brilliant sign in front of the Supreme Court today.,31,2003
553fa8e8336438000c3c0100,The future doesn't always look bright for teens who did prison time. Enter: the food truck.,8,1940
553fa8e8336438000c3c0100,The revolutionary solution to keeping at risk youth out of trouble? Maple bacon grilled cheese.,12,2044
553fa8e8336438000c3c0100,A high school English teacher quit her job to run a food truck. But this isn't an ordinary one.,16,2050
553fa8e8336438000c3c0100,She wanted to help teens coming out of jail. Now she's knocking it out of the park.<br>,17,2099
553fb461616464001cb70100,Baltimore gang members condemn violence against police AND by police.,16,3031
553fb461616464001cb70100,Do you know what Baltimore gang members really want? The same thing as everyone else.,30,3083
553fb461616464001cb70100,Baltimore Police say gangs joined together to hurt cops.  The gangs fact-check them.,31,3025
553fb461616464001cb70100,People in Baltimore didn't know what gangs would do last night. She just straight up asked them.<br>,31,2966
553fb461616464001cb70100,"If you want to know how gangs are involved with the riots in Baltimore, just ask them.",38,3153
553fb461616464001cb70100,"While Baltimore rioted, these gang members did what no one expected -- tried to keep the peace.",48,3017
553fbe94356133000c040000,Ever wonder how recycling works? Here's a glimpse behind the scenes at cool tech and big money.,4,3077
553fbe94356133000c040000,Ever wonder how recycling works? Here's a glimpse behind the scenes at cool tech and big money.,5,3014
553fbe94356133000c040000,Ever wonder how recycling works? Here's a glimpse behind the scenes at cool tech and big money.,10,3031
553fbe94356133000c040000,Ever wonder how recycling works? A glimpse behind the scenes at cool tech and big money.,14,3042
553fbe94356133000c040000,Ever wonder how recycling works? Here's a glimpse behind the scenes at cool tech and big money.,22,3103
553fbede356133001c190000,How do we make more kids fall in love with science? Bill Nye and President Obama discuss.,9,3125
553fbede356133001c190000,Unlikely duo: Bill Nye and President Obama team up to get kids interested in science.,10,3072
553fbede356133001c190000,Brainstorming with Bill Nye and President Obama: How do we get more kids interested in science?,11,2898
553fbede356133001c190000,Bill Nye and the POTUS hang out in the Everglades and discuss how to get kids interested in science.,12,3112
553fbede356133001c190000,How do we get kids interested in science? Bill Nye and President Obama talk it out.,12,3082
553fbede356133001c190000,What happens when the 'Science Guy' and the 'President Guy' sit down together? SCIENCE BRAINSTORM.,28,2980
553fcc6e356133002c8c0000,"If you see a 2-foot-long salamander, you know you've found a healthy stream.",5,2035
553fcc6e356133002c8c0000,They're searching for the last dragons: the Appalachian hellbender.,6,2007
553fcc6e356133002c8c0000,Leave those rocks alone. They might be a hellbender's home.,13,2063
553fcc6e356133002c8c0000,"Is that a rock? Look again. It's an Appalachian hellbender, and finding one is a big deal.",13,2029
553fd893396536000c220000,"It should be obvious, but confronting teenagers with bullets and riot gear is a terrible idea.",5,3058
553fd893396536000c220000,There's a big piece of the Baltimore riots story that the cops are leaving out.,22,3014
553fd893396536000c220000,"The Baltimore cops said people just started rioting. According to her, that's not how it went down.",23,3069
553fd893396536000c220000,Many are blaming Baltimore teenagers for starting the riots. One teacher saw something else.,43,3060
553fdba0316638002c570000,Why an Arab man won't say his mom's name,33,2049
553fdba0316638002c570000,There's a big taboo in Egypt that it's not ok to speak your mother's name in public. Here's why.,38,2049
553fdba0316638002c570000,These men get very uncomfortable when asked to speak their mother's name. It's a big no-no.,41,2059
553fdba0316638002c570000,Moms aren't very visible in Egypt. Their sons won't even speak their names. Here's why.,46,2099
553fe163316638000ce80000,Starlight can be transformed to tell us how big stars are.,2,3056
553fe163316638000ce80000,Flickering light from far away can tell us the size of stars and the possibility of new worlds.,5,3018
553fe163316638000ce80000,What's the difference between a dwarf and red giant? Just listen to the starlight.,8,3036
553fe163316638000ce80000,Did you know that the light of stars can be turned into sounds? Here's what those sounds tell us.,13,3086
553fea60396536002c3e0100,"Some songs are bad for the earth, because they're being played on instruments ripped from nature.",7,2993
553fea60396536002c3e0100,The environment has an unlikely hero: guitars.<br>,9,3080
553fea60396536002c3e0100,Music could be destroying the planet in ways we can clearly see.,10,3044
553fea60396536002c3e0100,"Okay, everyone! New rule: This is how we need to make musical instruments from now on.",14,3100
553fea60396536002c3e0100,"Some songs are bad for the earth, because they're being played on instruments ripped from nature.",17,3064
553fea60396536002c3e0100,Jason Mraz and other musicians are pleading with you to stop buying rare wood for your instruments.,18,3034
553ffc34316638000c130200,"2 men were fighting on the subway. Cops showed up. Luckily for them, it wasn't the 'real' police.",26,2105
553ffc34316638000c130200,"A non-violent solution to a violent situation on the New York subway, courtesy of 4 Swedish cops.",27,2077
553ffc34316638000c130200,Cops from Sweden take a break from their New York vacation to break up a fight. No one got hurt.,34,1924
553ffc34316638000c130200,See how a group of Swedish police officers responded when a fight broke out on the New York subway.,39,2007
553ffc34316638000c130200,Swedish cops vacationing in New York show a completely reasonable way to 'subdue' a situation.,44,2063
553ffc34316638000c130200,"A group of Swedish cops on vacation 'handled' a situation on the New York subway. Take notes, NYPD.",45,2056
55400bc8303765001c5d0000,"As riots broke out across the city, this group of Baltimore clergy marched in peaceful protest.",5,1988
55400bc8303765001c5d0000,"With Baltimore on fire, a group of clergy marched a community forward, away from a police blockade.",7,2017
55400bc8303765001c5d0000,"Last night, more than 100 Baltimore-area clergy members marched arm-in-arm in peaceful protest.",8,1971
55400bc8303765001c5d0000,"As riots broke out across Baltimore, over 100 clergy members marched arm-in-arm through the streets.",12,2080
55400bc8303765001c5d0000,More than 100 clergy members joined arm-in-arm in peaceful protest through Baltimore.,12,2006
55400bc8303765001c5d0000,Over 100 clergy members confronted the cops in Baltimore. It was incredibly moving.,15,2021
55400bc8303765001c5d0000,This powerful footage of over 100 clergy arm-in-arm through Baltimore shows the power of community.,22,2041
55400bc8303765001c5d0000,"When the cops couldn't calm the crowds in Baltimore, over 100 clergy members started marching.",23,2094
5540156b393131002c3c0000,"If you want to know how gangs are involved with the riots in Baltimore, just ask them.",17,2078
5540156b393131002c3c0000,"While Baltimore rioted, these gang members did what no one expected -- tried to keep the peace.",23,1964
5540156b393131002c3c0000,"While Baltimore rioted, these gang members did what no one expected -- tried to keep the peace.",24,2035
5540156b393131002c3c0000,"While Baltimore rioted, these gang members did what no one expected -- tried to keep the peace.",27,2028
5540156b393131002c3c0000,"While Baltimore rioted, these gang members did what no one expected -- tried to keep the peace.",28,2079
554018a5393131002c690000,"If you want to know how gangs are involved with the riots in Baltimore, just ask them.",9,2053
554018a5393131002c690000,"While Baltimore rioted, these gang members did what no one expected -- tried to keep the peace.",18,2127
554018a5393131002c690000,"If you want to know how gangs are involved with the riots in Baltimore, just ask them.",18,2047
554018a5393131002c690000,"While Baltimore rioted, these gang members did what no one expected -- tried to keep the peace.",19,2007
554018a5393131002c690000,"While Baltimore rioted, these gang members did what no one expected -- tried to keep the peace.",26,1977
554019c2376164002c9c0000,Our kids' accomplishments can bring us to tears. D.L. Hughley shed several talking about his son.,10,2097
554019c2376164002c9c0000,Parents of children who have special needs might be able to relate to this father's pride.,11,2013
554019c2376164002c9c0000,D.L. Hughley's son has Aspergers. The comedian broke down into tears while proudly sharing a story.,18,2038
554019c2376164002c9c0000,A comedian breaks down into tears talking about his son's accomplishment.,21,2050
554019c2376164002c9c0000,A comedian's son put gas in the car alone. The enormity of that accomplishment brought him to tears.,27,2019
554020e6376164000c900000,Millions of people provide care for older family members every day. This sweet clip shows just that.,5,2068
554020e6376164000c900000,"Decades ago, this daughter was being fed by her father. Now, the roles are reversed.",9,2016
554020e6376164000c900000,A cute moment between father and daughter shows what it might be like to care for an aging parent.,9,2005
554020e6376164000c900000,It's time for this daughter to look after her father. It's a sweet moment — with a serious point.,10,2041
554020e6376164000c900000,"What can two short clips of a father and daughter, years apart, tell us about love and family?",14,2056
554020e6376164000c900000,"Two sweet moments between a father and daughter, with decades in between.",16,2065
554023d9376164002ccf0000,Plastic is to disposable as peanut butter is to jelly. We might want to change that.,2,2088
554023d9376164002ccf0000,"Fish eat plastic, and humans eat fish. What happens after that?",3,2016
554023d9376164002ccf0000,"A plastic bottle finds its way home, along with a powerful message about how we're all connected.",7,2060
554023d9376164002ccf0000,"Plastic really is forever, you just might not recognize it when it appears on your plate.",10,2074
55404b93393131000caf0100,It's time for this daughter to look after her father. It's a sweet ad — with a serious point.,2,2013
55404b93393131000caf0100,A sweet father-daughter clip shines light on the millions of Americans caring for elderly family.,6,2010
55404b93393131000caf0100,It's time for this daughter to look after her father. It's a sweet moment — with a serious point.,8,2046
55404b93393131000caf0100,What's it like to care for an aging parent? This sweet moment may help shed some light.,8,2034
55404b93393131000caf0100,"A short ad shows two sweet moments between a father and daughter, with decades in between.",8,2031
55404b93393131000caf0100,"An adorable ad shows a father looking after his daughter. Decades later, the roles are reversed.",13,2109
55405815343137000c070000,Why education is pivotal in changing the future of girls in Kenya,1,2026
55405815343137000c070000,Don't be fooled by her size: This 10-year-old poet is crushing it on the big stage,13,2083
55405815343137000c070000,Her words are so strong and come straight from the heart. Hard to believe she's only 10.,14,2039
55405815343137000c070000,A 10-year-old poet from the slums of Kenya just left me speechless,14,2030
55405815343137000c070000,Watch a 10-year-old from the poorest slum in Kenya recite a poem straight from the heart,20,2003
5540db86643265002c120000,"A plastic bottle finds its way home, along with a powerful message to recycle.<br>",4,2051
5540db86643265002c120000,"A plastic bottle finds its way home, along with a powerful message to recycle.<br>",10,2123
5540db86643265002c120000,"A plastic bottle finds its way home, but its original owner is not be so happy to see it.<br>",13,1993
5540db86643265002c120000,"A plastic bottle finds its way home, but its original owner is not so happy to see it.<br>",15,2001
5540deab643933002c220000,"Some of the most well-known journalists were just 40 miles from Baltimore, but few covered it.",19,1974
5540deab643933002c220000,Remember that time cable news didn't cover an important story because they were all at a party?,20,2015
5540deab643933002c220000,Jon Stewart skewers journalists who partied as an uprising began in Baltimore.,21,2088
5540deab643933002c220000,"As Baltimore protested, mainstream press partied. Jon Stewart had something to say about that.",27,2039
5540deab643933002c220000,"Jon Stewart went off on news media's lack of coverage on the Baltimore protests, and he has a point.",28,2073
5540deab643933002c220000,Jon Stewart has some strong opinions about news networks' coverage of Baltimore.,39,2043
5540eb28643265000c570000,This is the first-ever photo of a monkey many people thought was extinct.,3,2082
5540eb28643265000c570000,These guys traveled thousands of miles to find a monkey many people thought was extinct.,7,2030
5540eb28643265000c570000,This monkey has never been photographed before. Until now.,13,2006
5540eb28643265000c570000,Two guys from Belgium took this photo. It's the first of its kind.,16,2021
5541074b643933002c310100,Jon Stewart has some strong opinions about journalists who covered a party instead of Baltimore.,15,2018
5541074b643933002c310100,Jon Stewart has some strong opinions about journalists who covered a party instead of Baltimore.,16,2123
5541074b643933002c310100,Jon Stewart has some strong opinions about journalists who covered a party instead of Baltimore.,18,1950
5541074b643933002c310100,Jon Stewart has some strong opinions about journalists who covered a party instead of Baltimore.,19,2022
5541074b643933002c310100,Jon Stewart has some strong opinions about journalists who covered a party instead of Baltimore.,19,2002
5541074b643933002c310100,"As Baltimore protested, mainstream press partied. Jon Stewart had something to say about that.",25,2009
5541074b643933002c310100,Jon Stewart has some strong opinions about news networks' coverage of Baltimore.,29,2127
55410bf5643265001c340100,Meet the 5 girls behind Ethiopia's first teen brand: Yegna. They are a huge hit.,3,2042
55410bf5643265001c340100,"The girl band 'Yegna' is making such a difference in Ethiopia, even their elders look up to them.",7,1982
55410bf5643265001c340100,See the Ethiopian girl band that's changing the way young girls think of themselves,9,2088
55410bf5643265001c340100,"These girls are making such a difference in Ethiopia, even their elders look up to them.",9,1999
55410bf5643265001c340100,The radio show in Ethiopia that's changing the way girls think of themselves,11,2062
55411e74643265001cac0100,She runs 8 restaurants like it's no big deal because that's how she rolls.,2,2081
55411e74643265001cac0100,How did a tree hugger end up with 8 restaurants? By treating people well.,3,1929
55411e74643265001cac0100,She hated how she was treated as a cook so she opened her own diner.,4,2081
55411e74643265001cac0100,It's one of the most popular diners on the block for a really good reason.,4,2037
55411e74643265001cac0100,"They'd never ask their bros if they could run 8 diners, so don't ask her.",6,2023
55411e74643265001cac0100,She hated authority until she became boss. Here's how she treats her employees.,16,2041
554121cb643933000c400200,"A cute ad shows time passing, roles changing. This is for the millions caring for aging parents.",5,2073
554121cb643933000c400200,Millions of Americans are caring for their aging parents. What does that look like?,7,2076
554121cb643933000c400200,"An adorable ad shows a father looking after his daughter. Decades later, the roles are reversed.",9,1999
554121cb643933000c400200,75% of adults think it's their responsibility to care for an aging parent. What does that look like?,10,2006
554121cb643933000c400200,Are you part of the sandwich generation? An adorable ad shows what that's like.,10,1991
554121cb643933000c400200,An adorable ad shows a father looking after his daughter. But those roles will change over time.,14,2054
55412fb1643933000cce0200,This monkey has never been photographed before. Until now.,4,1980
55412fb1643933000cce0200,Some people thought this monkey was extinct. He took 1 photo and proved them all wrong.,5,2079
55412fb1643933000cce0200,They took a camera into the swamp forest to look for a super rare monkey. Here's what they found.,13,2044
55412fb1643933000cce0200,"They spent 4 days in the swamp looking for a creature many thought extinct. On day 5, they found it.",23,2037
55413048643265002c840200,"Francis comes out against the gender pay gap, one again claiming the title of 'Cool Pope.'",1,2011
55413048643265002c840200,Cool Pope is at it again. Francis comes out against the gender pay gap.,2,2074
55413048643265002c840200,Pope Francis says it's 'pure scandal' that women don't get paid as much as men.,2,2033
55413048643265002c840200,"This month, the pope said women should be given more authority. Now he's out supporting equal pay.",6,2047
55413048643265002c840200,"Pope Francis speaks up about the gender pay gap, and thinks women should be paid the same as men.",8,1981
5541323d643265002cbc0200,What if there was a very simple way to prevent most heroin overdoses? There is.,5,2004
5541323d643265002cbc0200,Here's an incredibly effective effort in Baltimore to save the lives of drug users.,7,2001
5541323d643265002cbc0200,"There's a simple fix to save the life of an overdosed heroin user, and it can be given by anybody.",11,2067
5541323d643265002cbc0200,Being addicted to a particular drug should not be a death sentence. Ask her.,11,2018
5541323d643265002cbc0200,"When heroin users overdose, their friends and family can keep them from dying. Here's how.",15,2086
5541358d643933000c3c0300,Feel like something is holding you back? Maybe there's another way to look at it.,5,1980
5541358d643933000c3c0300,An artist gets some devastating news. What his doctor said is an inspirational lesson for us all.,7,2090
5541358d643933000c3c0300,Everyone has a 'shake'. What matters is how we use it.,9,2030
5541358d643933000c3c0300,How a neurological condition led to one artist making some pretty cool things - with coffee cups.,10,2065
5541358d643933000c3c0300,What happens when an artist's hand starts to shake? A lesson for us all.,12,2003
55414789313638001c520000,An Egyptian taboo says it's not ok to say your mom's name in public. Is it time to change that?,10,2041
55414789313638001c520000,A cultural taboo in Egypt actually has people forgetting their mom's real name.,20,2023
55414789313638001c520000,Moms aren't very visible in Egypt. Their sons won't even speak their names in public.,28,2036
55414789313638001c520000,There's a big taboo in Egypt that it's not okay to publicly say your mom's name. Here's why.,29,2048
55414789313638001c520000,These Arab men get uncomfortable when asked to speak their mother's name. It's a big no-no.,31,2000
55414789313638001c520000,There's a big taboo in Egypt that it's not ok to speak your mother's name in public. Here's why.,35,2021
55414bc5313638002c7a0000,See the Ethiopian girl band that's changing the way young girls think of themselves.,3,1962
55414bc5313638002c7a0000,See the Ethiopian girl band that's changing the way young girls think of themselves.,4,2040
55414bc5313638002c7a0000,See the Ethiopian girl band that's changing the way young girls think of themselves,5,2070
55414bc5313638002c7a0000,See the Ethiopian girl band that's changing the way young girls think of themselves.,7,2075
55414bc5313638002c7a0000,See the Ethiopian girl band that's changing the way young girls think of themselves.,7,1987
55414bc5313638002c7a0000,See the Ethiopian girl band that's changing the way young girls think of themselves.,11,2015