Headline,Attention,,FALSE
"If You Know Anyone Who Is Afraid Of Gay People, Here's A Cartoon That Will Ease Them Back To Reality",1,1,TRUE
"SCIENCE FACT: Gay Science, Like Straight Science, Is Really Just Plain Old Fact Science",0,2,FALSE
Why Yoko Ono Is The Only Thing Standing Between New York And Catastrophic Gas Fracking,1,3,TRUE
New York's Last Chance To Preserve Its Water Supply,0,4,FALSE
It's Easy To Become Homeless. It's Almost Impossible To Get Back.,1,5,TRUE
"If You're Homeless For A Month, There's A Good Chance You'll Be Homeless For Life",0,6,FALSE
"Thousands Of Protesters Are About To Descend On Washington, D.C. Here's Why.",1,7,TRUE
Could This Be The Most Important Protest Of 2013?,0,8,FALSE
How An Insurance Company Bought Its Very Own Senator,1,9,TRUE
How Much Does It Cost To Buy Off A Politician? About The Price Of A Used Car.,0,10,FALSE
Conan O'Brien Does Some Investigative Journalism. The Result Is Hilarious.,1,11,TRUE
Hypnotic: 82 Seconds That Prove The Media Is Just A Gigantic 10-Year-Old,0,12,FALSE
I Wouldn't Mind Getting Sent To This Principal's Office,1,13,TRUE
A Dispatch From The Front Lines In The Fight Against Bullying,0,14,FALSE
The Dirty Secret In Every Restaurant Menu,1,15,TRUE
What Happens When You Combine Financial Desperation With Your Steak?,0,16,FALSE
The Mind-Boggling Stupidity Of The Sequester Explained In Plain English,1,17,TRUE
So Congress Just Punked Itself. Again.,0,18,FALSE
A Comedian Silences A Room For 9 Minutes. It's Not An Awkward Silence.,1,19,TRUE
A Comedian Goes 9 Minutes Without A Laugh — On Purpose,0,20,FALSE
Can You Imagine Going Through Something Like This When You Were In High School?,1,21,TRUE
I'll Bet This Isn't What You Picture When You Hear The Phrase 'Illegal Immigrant',0,22,FALSE
The Real Reason They Still Play 'Mrs. Robinson' On The Radio,1,23,TRUE
The Real Reason They Still Play 'Mrs. Robinson' On The Radio,0,24,FALSE
A Terrified Child Genius Saves His Own Life With Engineering Skills,1,25,TRUE
You Have 50 Seconds To Make A Suit Of Armor. GO!,0,26,FALSE
Candy Has Less Sugar Than A Sandwich?,1,27,TRUE
Candy Has Less Sugar Than A Sandwich?,0,28,FALSE
I Guess These Models Don't Sell Products Quite As Well,1,29,TRUE
These Models Are Making People Get Their Checkbooks Out,0,30,FALSE
There Is Actually One Golden Rule To Prevent Sexual Assault,1,31,TRUE
10 Tips GUARANTEED To Prevent Rape,0,32,FALSE
A Stand-Up Comedian Sums Up The Gay Rights Debate In 30 Seconds,1,33,TRUE
A Stand-Up Comedian Gives A Hilarious Crash Course On The Gay Rights Debate,0,34,FALSE
The Chart That Might Just Bring Forth The Apocalypse,1,35,TRUE
Things America Is Less Gooder At: Basic Scientific Comprehension,0,36,FALSE
EPIC MASHUP: The Women Of Mad Men Sing For Their Freedom,1,37,TRUE
If I Had To Deal With What These Women Deal With I Would Be Mad Too,0,38,FALSE
This Preacher Attacks Gay Marriage. And It Makes Me Want To Marry Him.,1,39,TRUE
"It Doesn't Matter If You Are For Or Against Marriage Equality, You Will Love Some Part Of This Video",0,40,FALSE
7 Ways To Make Sure You Don't Hate Your Life And Actually Enjoy It And Stuff,1,41,TRUE
The Perfect Thing To Do When Your Spouse Cheats On You Or Your Cat Explodes,0,42,FALSE
The Top 8 Ways To Be 'Traditionally Married' According To The Bible,1,43,TRUE
The Top 8 Ways To Be 'Traditionally Married' According To The Bible,0,44,FALSE
"What Do You Get With 2 Guys, 1 Girl, And 200 Condoms?",1,45,TRUE
200 Condoms Were Harmed In The Making Of This Video,0,46,FALSE
2 Years Ago Gabby Giffords Was Shot In The Head. Now She's Got Something Important To Say.,1,47,TRUE
Optimism About Gun Violence From The Woman Who Knows Far Too Much About Gun Violence,0,48,FALSE
Why It's Great To Grow Up In Scandinavia,1,49,TRUE
Why It's Great To Grow Up In Countries With Really Cool Accents,0,50,FALSE
What A Wonderful World It'd Be If More People Would Just Commit Narcissistic And Antisocial Behavior,1,51,TRUE
Daily Show Contributor’s Epic Takedown Of The Blank White Page,0,52,FALSE
Finally: A Mode Of Transportation That Helps Clean The Air As You Use It,1,53,TRUE
This Is The Most X-Treme Way Of Fighting Pollution I’ve Ever Seen,0,54,FALSE
One Conspiracy Theory That's Actually Worth Your Time,1,55,TRUE
Would You Let Someone Steal Your Stuff And Sell It Overseas? Because That's What's Been Happening.,0,56,FALSE
I Guarantee You'll Never See Any Of These Kids Interviewed On Fox,1,57,TRUE
"If Obama Was Inspired From Dreams From His Father, He Should Be Extra Motivated By This",0,58,FALSE
Soledad O'Brien Clashes With Anti-Gay Interview Guest,1,59,TRUE
"CNN's Best Journalist In Action. By The Way, They're Getting Rid Of Her.",0,60,FALSE
A Bunch Of Bullies Thought It Would Be Funny To Pummel This Kid. They Aren't Laughing Now.,1,61,TRUE
This Bullied Kid Went Through Hell So Your Kids Won't Have To,0,62,FALSE
"Here's A Magazine Saying ""Sorry We're Not Sorry"" For Being Racist",1,63,TRUE
Popular Business Magazine Warns That The Minorities Care About Fancy Houses Now,0,64,FALSE
Those Idiots From “Jackass” Have Nothing On This Air Force Vet,1,65,TRUE
Meet The Man Who’ll Save At Least A Few Of Your Lives One Day,0,66,FALSE
"A Very ""Shocking"" 98 Seconds. That Joke (Although Terrible) Will Make WAY More Sense After Watching.",1,67,TRUE
"If You Enjoy The Ol' Night Sky, You Should Get Your Fill ASAP. It Genuinely Won't Be There For Long.",0,68,FALSE
The Most Beautiful Way To Stop A Bully I've Ever Seen,1,69,TRUE
The Most Beautiful Way To Stop A Bully I've Ever Seen,0,70,FALSE
"These Workers Just Want Money, And You Won’t Believe What They Did To Get Some",1,71,TRUE
"Money Can’t Buy Happiness, But Maybe It’ll Get These Workers To Stop Singing",0,72,FALSE
Meet The 13 Year-Old Who's Making Most Scientists Look Pretty Stupid,1,73,TRUE
"Genius Inventor Cracks Secret Of Trees To Harness Solar Power. Oh, And He’s 13.",0,74,FALSE
When Did Sex Become A Sin? This Woman Can Tell You.,1,75,TRUE
"If Sex Is Sacred, Why Are We So Scared To Talk About It?",0,76,FALSE
A Joke About Male Genitalia That Even Hillary Clinton Would Laugh At,1,77,TRUE
"Finally, An Answer To The Question: Do Feminist D**k Jokes Exist?",0,78,FALSE
Racists Spray-Paint A Comedian's Car. They Shouldn't Have Done That.,1,79,TRUE
"An 'Arab' Filmmaker Drives His Car Into Cardboard Twin Towers. Trust Me, You'll Be On His Side.",0,80,FALSE
The National Holiday We Used To Celebrate In November Until Thanksgiving Came Along,1,81,TRUE
"11,000 People You Should Really Be Thankful For On Thanksgiving",0,82,FALSE
The. Most Astounding Fact. EVER.,1,83,TRUE
The. Most Astounding Fact. EVER.,0,84,FALSE
This Guy Has Gotten More Confessions Out Of People Than The Frickin Pope,1,85,TRUE
Shhh. This Video Has A Bunch Of Secrets.,0,86,FALSE
Love It: An NFL Player Who Genuinely Respects Women,1,87,TRUE
This 2-Time Super Bowl Champ Is Dancing For Women's Rights. Will You Join Him?,0,88,FALSE
The CEO Of The NRA Attacks Himself In The Most Reasonable Super Bowl Ad Of 2013,1,89,TRUE
The NRA's CEO Attacks The NRA's Biggest Fan For Being Unreasonable,0,90,FALSE
"If This Video Makes You Uncomfortable, Then You Make Me Uncomfortable",1,91,TRUE
"If This Video Makes You Uncomfortable, Then You Make Me Uncomfortable",0,92,FALSE
This Is The Only Rational Thing To Do When A Hateful Jerk With A Sign Shows Up On Your Street,1,93,TRUE
This Is The Only Rational Thing To Do When A Hateful Jerk With A Sign Shows Up On Your Street,0,94,FALSE
"If You Watch This And Make It Through With Dry Eyes, Let's Not Be Friends",1,95,TRUE
Aaron Swartz Said 'The Revolution Will Be A/B Tested' To This Woman. He Was Right.,0,96,FALSE
Fox News Haters Will Love This Poll Result. So Will Fox News.,1,97,TRUE
Here's 2012's Most Trusted Media Outlet. And Least Trusted Media Outlet. (They're The Same.),0,98,FALSE
"Americans Are Better Than Any Other Country At This One, Totally F*cked Up Thing",1,99,TRUE
Are You Genetically Predisposed To Going To Prison?,0,100,FALSE
How Would A Lobbyist Describe His Job To A Child?,1,101,TRUE
How Would A Lobbyist Describe His Job To A Child?,0,102,FALSE
CNN Pundit Politely Tells Anti-Gay Interview Guest That He Is An Idiot,1,103,TRUE
Don't Let Gays In Boy Scouts!' Says A Man Who Knows Nothing About The Boy Scouts,0,104,FALSE
Can You Guess What Happens 34 Times A Day In America?,1,105,TRUE
This Life-Changing Event Happens To 34 Americans Every Day. Can You Guess What It Is?,0,106,FALSE
"WTF New York? No One Should Ever, EVER Make Art Like This.",1,107,TRUE
Here Is Some Art That You Won't Want Life To Imitate,0,108,FALSE
"Forget Crop Circles, The U.S. Military Does Even Weirder Stuff In The Middle Of Nowhere",1,109,TRUE
These Cool-Looking Things DEFINITELY Don't Call To Mind A Hellish War The U.S. Wages With Robots,0,110,FALSE
Mark Zuckerberg Wants To Hire You. You Just Have To Learn This One Thing.,1,111,TRUE
How Kids Can Convince Their Parents That They Should Spend More Time In Front Of The Computer,0,112,FALSE
"See The Teacher’s Resignation Video That 280,000 People Have Already Watched",1,113,TRUE
"With A Videotaped Resignation, This Teacher Angrily Busts An Already Busted Educational System",0,114,FALSE
This School Totally Understands The Difference Between Learning And Education,1,115,TRUE
Would You Let These Guys Design A School?,0,116,FALSE
Just One More Very Good Reason To Raise The Minimum Wage,1,117,TRUE
"In A Fight Between Minimum Wage And The Glass Ceiling, Everyone Loses",0,118,FALSE
"An Unemployed Teen Walks 10 Miles To A Job Interview, But Gets Hired Before He Gets There",1,119,TRUE
A Determined Teen Walks 10 Miles In The Snow To A job Interview. The Result Is Incredible.,0,120,FALSE
Dumbledore Is Gay. Harry Potter Has This To Say.,1,121,TRUE
"First He Was Harry Potter, Now He's Helping To End Teen Suicide",0,122,FALSE
Watch A Lesbian Attack The Word 'Gay',1,123,TRUE
"Acceptance And Tolerance Are 2 Different Things. One Changes The World, The Other Just Rots There.",0,124,FALSE
I Can’t Believe This Is From A Television Show,1,125,TRUE
Why You Should Treat Everyone Like Your Mother,0,126,FALSE
15-Year-Old Bypasses The Awkward Teen Phase And Skips Straight To Genius,1,127,TRUE
Just…Wow…Wow…Wow! Did I Say Wow Already?,0,128,FALSE
¿Cómo Se Dice ‘Nada’ En Español?,1,129,TRUE
"En Vez De ‘Sí Se Puede,’ Ya Es ‘Sí Se Shhhhhhhhh’?",0,130,FALSE
Watch A Smart Guy Stump A Religious Bigot With Her Own Religion,1,131,TRUE
Believe Homosexuality's An Abomination? Do I Ever Have A Daughter To Sell Into Slavery For You!,0,132,FALSE
How To Disarm A Tea Partier With Nothing But Words,1,133,TRUE
I Had More Inclusive Tea Parties Than This When I Was In My Terrible 2’s,0,134,FALSE
A Woman Who Struggles To Speak Tells You A Story That’ll Rock Your World,1,135,TRUE
The Best ‘First Time’ Story You’ll Ever Hear.,0,136,FALSE
"What 99.5% Of people In America Will Never Experience, Despite The Hype",1,137,TRUE
"By The Time You’re 18 In America You Would Have Seen 200,000 Murders",0,138,FALSE
There's A New Pope? YAY! He Said Something Awful? BOO!,1,139,TRUE
"Say What You Will About The New Pope, He Sure Doesn't Seem To Be A Fan Of Equality",0,140,FALSE
"Every Time A Politician Tries To Defund Planned Parenthood, I Think Of This Brave Woman",1,141,TRUE
This Brave Woman Has More Than Two Things To Get Off Her Chest,0,142,FALSE
The Crazy Reason Fewer Americans Are Adopting,1,143,TRUE
Why Is This A Political Story? I Just See Beautiful Kids.,0,144,FALSE
"BOOM, ROASTED: Here's Why You Don't Ask A Feminist To Hawk Your Sexist Product",1,145,TRUE
"BOOM, ROASTED: Here's Why You Don't Ask A Feminist To Hawk Your Sexist Product",0,146,FALSE
Why Homophobia Is Not An Acceptable Life Choice,1,147,TRUE
What Kind Of World Does Homophobia Create?,0,148,FALSE
Teachers Aren't The Problem. They Are The Solution. And So Are You.,1,149,TRUE
You Can Blame Teachers. You Can Blame Parents. You Can Blame Students. OR You Could Fix Things.,0,150,FALSE
"I Expect This Kind Of Logic From My 4 Year Old, But From A Senator? Not So Much.",1,151,TRUE
Senator Uses 2nd Grade Logic To Defend Not Doing Anything About Climate Change And Gets A Time Out,0,152,FALSE
This NBA Star Got Really Angry When 2 Lesbians Got Married. He Had A Good Reason Though.,1,153,TRUE
You Will Not Believe What This NBA Star Had To Say About Lesbians,0,154,FALSE
"If You Think Twilight Was An Awesome Movie, Please Never Click This",1,155,TRUE
"WANTED: Angsty, Mentally Abusive, Controlling, Sexist Teen Vampire For Long Stakes On The Beach ",0,156,FALSE
The Most Powerful Photo Of Martin Luther King Jr. I've Ever Seen,1,157,TRUE
The Most Powerful Memories Of Martin Luther King Jr.,0,158,FALSE
Gabby Giffords Says More In Her Struggle With 72 Words Than Most People Do In A Lifetime,1,159,TRUE
Gabby Giffords Returns To Congress To Say 72 Incredibly Moving And Powerful Words,0,160,FALSE
"This Guy Endured An Incredible Trauma. Now, At 90, He's Thriving. Here's His Secret.",1,161,TRUE
Meet One Of The Most Incredible 90-Year Olds Living Today,0,162,FALSE
The Most Ingenious Way To Come Out To Your Parents In The History Of The Universe,1,163,TRUE
The Most Inventive Way To Come Out To Your Parents In The History Of The Universe,0,164,FALSE
What Would Cause A Group Of 8-Year-Olds To Riot?,1,165,TRUE
Why Do Our Children Have To Fight Our Battles? Because We're Not Doing It.,0,166,FALSE
The Odds Say That Some Guys In The NFL Are Gay. Here's One Of Them.,1,167,TRUE
"That Guy Who Just Intercepted That Pass? Yeah, He's Gay.",0,168,FALSE
Imagine Wanting To Kill Everything That Lives In The Ocean. Now That Dream Is A Reality.,1,169,TRUE
What Kind Of Animal Is 10% Tuna?,0,170,FALSE
"If Conservatives Knew The Truth About Ronald Reagan, They Probably Wouldn't Invoke His Name So Much",1,171,TRUE
"So Ronald Reagan, Gerald Ford And Jimmy Carter Walk Into An NRA Bar...",0,172,FALSE
This Is Not An Acceptable Solution To Child Abuse,1,173,TRUE
I Don't Think Toy Soldiers Are Going To Cut It,0,174,FALSE
CHART: Why Nearly Half Of Today's Kids Won't Be Able To Look At Their Parents' Wedding Photos,1,175,TRUE
CHART: What Conservatives Wish Liberals Understood About The American Family,0,176,FALSE
Valentine's Day Has Gone From Murder And Violence To Chocolates And Spending,1,177,TRUE
Animal Sacrifice? Hitting Women With Pieces Of The Dead Animal? The OLD Valentine's Day Sucks!,0,178,FALSE
This Woman's Eyes Burn When She Drinks Water. Which Would Be Weird If Not For–,1,179,TRUE
"Would You Let Your Kids Drink This? Apparently, A Governor Is Game To Consider It.",0,180,FALSE
This Is What A Video Looks Like When Thousands Of People Make It Together,1,181,TRUE
"Videos Are Hard To Make. Unless 10,000 People Help You Out.",0,182,FALSE
This Is What Happens When We Kill Without Caring,1,183,TRUE
How Drone Strikes Create More Terrorists Than They Kill,0,184,FALSE
The Military Budget Has Just Shot The Science Budget In The Head,1,185,TRUE
I Wish The Government At Least PRETENDED To Care About Something Other Than Military Spending,0,186,FALSE
The End Of The Nature Vs. Nurture Debate,1,187,TRUE
"If You're Reading This Sentence Right Now, You Probably Won The Lottery Of Life",0,188,FALSE
Here's The Chart That Most Republicans DON'T Want You To See,1,189,TRUE
"Hey There, GOP - You Look Mighty Uncomfortable On That Fence",0,190,FALSE
You Won't Believe What This Cop Did When The Cameras Weren't Rolling,1,191,TRUE
"This Guy Had 99 Problems, But Then A Cop Gave Him A 100",0,192,FALSE
"Meet One Of The 11,000,000 People Who Might Make You Uncomfortable, But Really Shouldn't",1,193,TRUE
This Is One Of The Most Patriotic Videos About Being An American I've Ever Seen. Even If He's Not American.,0,194,FALSE
Colin Powell's Quote About Gay Marriage Is Chock-Full Of Common Sense And Decency,1,195,TRUE
Former Member Of The Bush Administration Comes Down On The Right Side Of History,0,196,FALSE
Caught On Tape: Our Planet Is Literally Falling Apart,1,197,TRUE
What Made This Glacier Retreat More In 10 Years Than It Did In A Century?,0,198,FALSE
Possibly The Worst Thing That Can Be Done To A Child,1,199,TRUE
The Lifeless Body Is A Metaphor,0,200,FALSE
The Future Of Humanity Relies On Women Doing This,1,201,TRUE
WTF: Women Are 50% Of The Population But They're Only 20% In The Computer Lab?,0,202,FALSE
"Afghanistan In The 1960s. Prepare To Be Very, Very Surprised.",1,203,TRUE
The Afghanistan That We Know Today Looks NOTHING Like The Afghanistan From The 1960s,0,204,FALSE
This Is Why Women Have The Right To Complain About Their Paycheck,1,205,TRUE
This Is Why Women Have The Right To Complain About Their Paycheck,0,206,FALSE
The Google Maps Revelation That Is Blowing My Mind,1,207,TRUE
The Google Maps Version Of Journalism. It's Pretty Awesome.,0,208,FALSE
Exactly How Gay Is Your State?,1,209,TRUE
Exactly How Gay Is Your State?,0,210,FALSE
"Dick Cheney, Laura Bush, and Colin Powell Just Hopped In Bed With Barack Obama",1,211,TRUE
Is This An Ad Featuring Democrats And Republicans Agreeing On Something Super Important?,0,212,FALSE
Watch 1 Of The Best TV Shows Ever Give Liberals Their Swagger Back,1,213,TRUE
Return Of The L Word,0,214,FALSE
9 Of 10 People Who Go Here Die. Some Of Them Shouldn't Have Gone In The First Place.,1,215,TRUE
How Many Governors Have Killed An Innocent Man? The Answer May Surprise You.,0,216,FALSE
10 Amazing Honeymoon Spots That May Not Last As Long As Your Marriage,1,217,TRUE
10 Amazing Honeymoon Spots That May Not Last As Long As The Average Marriage,0,218,FALSE
The Map That Shows Where It's Cool To Be Who You Are,1,219,TRUE
The Map That Shows Where It's Cool To Be Who You Are,0,220,FALSE
"This Is How The U.S. Would Look, If It Turned All Its Money Into Land ",1,221,TRUE
Why Playing Real Life Monopoly Is More Like A Game Of 'Sorry!’,0,222,FALSE
I Thought God Hated Women Until I Saw This.,1,223,TRUE
God Is On The Phone. She Doesn't Sound Happy.,0,224,FALSE
Why Would Anyone Want To Put George Takei In A Prison Camp?,1,225,TRUE
Remember That One Time The U.S. Military Put George Takei In A Prison Camp Because Of His Race?,0,226,FALSE
Why Is CNN Getting Rid Of Its Best Journalist?,1,227,TRUE
You Know That One Actual Journalist CNN Has? They're Letting Her Go.,0,228,FALSE
How To Take Down A Little Word With A Lot Of Power,1,229,TRUE
Why Everybody Should Have A Personal Jihad,0,230,FALSE
Trayvon Martin Died Exactly 1 Year Ago. What Do We Have To Show For It?,1,231,TRUE
"It Doesn't Really Feel Like A Year, Does It?",0,232,FALSE
We're Shelling Out $83 Billion A Year For This?,1,233,TRUE
"If Big Banks Are So Indispensable, Why Can't They Make Money On Their Own? ",0,234,FALSE
Are You Falling For The Biggest Trick Designed To Get Your Cash?,1,235,TRUE
"Introducing ‘50 Shades Of Green’, In Which Powerful Corporations Have Their Way With The Environment",0,236,FALSE
America's Old Nemesis Rears Its Ugly Head,1,237,TRUE
"When People Are Hungry, They Die. Can We Get 50 Million Americans Off Death Row, Please?",0,238,FALSE
What Would It Take For You To Never Use A Plastic Bottle Again?,1,239,TRUE
Hopefully This Video Won't Make Any Sense In The Future — Not That It Makes Much Sense Now,0,240,FALSE
A Politician Attacks Gay People Using Pretend Science. Real Science Corrects HIm.,1,241,TRUE
The Internet Hereby Welcomes The Latest Politician To Attack Gay People To Factcheckistan,0,242,FALSE
These Gay Dads Wanted To Give A Speech On Marriage Equality And What They Got Instead Was Hilarious,1,243,TRUE
The One Time I'm OK With A Heckler Ruining A Speech Advocating Marriage Equality,0,244,FALSE
This Gay Mormon Spent 1 Year Recording His Friends Reacting To Him Coming Out. How'd It Go?,1,245,TRUE
This Guy Is Mormon. He's Also Gay. How Will His Friends And Family React When He Tells Them?,0,246,FALSE
"Just This Once, Money Actually Is The Answer",1,247,TRUE
"Don't Worry, The Good Guys Get Super PACs Too",0,248,FALSE
Bill Nye Is Willing To Make A Deal With People Who Don't Believe In Evolution,1,249,TRUE
Bill Nye Isn't Worried About People Who Don't Believe In Evolution. He's Worried About Their Kids.,0,250,FALSE
One Of The Most Racist Things A Supreme Court Justice Has Ever Said,1,251,TRUE
The One Where A Supreme Court Justice Acts Like An Internet Troll,0,252,FALSE
These Are Some Of The Toughest (But Important) Photos I’ve Seen This Week,1,253,TRUE
These Wolves Are About To Find Out What Happened To The Dodo Bird,0,254,FALSE
This Is What Happens To Straight Kids When Gay Parents Get Married?,1,255,TRUE
You Will Not Believe What I Heard Gay Marriage Is Going To Do To Straight People,0,256,FALSE
Two Abortion Protesters Decided To Yell At This Guy's Wife. They Probably Shouldn't Have Done That.,1,257,TRUE
Emotional Husband’s Powerful Confrontation With Abortion Protestors,0,258,FALSE
Methinks The Anti-Gay Politician Doth Protest Too Much,1,259,TRUE
Why Does It Take A Scandal To Get People To Be Who They Are?,0,260,FALSE
Someone Wants To Tell You You’re Beautiful. Let Them!,1,261,TRUE
Join The Movement That Thinks You’re Beautiful,0,262,FALSE
Why The U.S. Healthcare System Makes Even Less Sense Than You Thought,1,263,TRUE
Ever Wonder How Those Exorbitantly High Healthcare Costs Get So Exorbitant To Begin With?,0,264,FALSE
How Poor People Became The McDonald’s Hamburger Meat Of The American Economy,1,265,TRUE
"Remember The Military Industrial Complex? It Grew A Newer, Creepier Head, And It's Coming For You.",0,266,FALSE
"Gross, Is That Blood? Nah, It's Just Paint. THAT'S Blood.",1,267,TRUE
Remember That Time We Got Shot With Tear Gas? I Painted It.,0,268,FALSE
One Man Destroys The Need For Paper Money In A Single Interview,1,269,TRUE
Find Out Why You're Worth At Least $100 An Hour,0,270,FALSE
This Is What Happens When A Journalist Forces A Banker To Actually Answer A Question,1,271,TRUE
Irish Journalist Goes Old School On An Evasive Banker,0,272,FALSE
Here’s The Ad That Muslims Across America Wish You Would See,1,273,TRUE
A Bunch Of People Decided To Fight Hate With Beautiful Art,0,274,FALSE
The Unbelievable Loophole In U.S. Child Labor Law,1,275,TRUE
Meet The Kids Whom U.S. Child Labor Laws Failed To Protect,0,276,FALSE
Which Current War Has The United States Been Losing Since The 1970s?,1,277,TRUE
Drug War Update: The Drugs Won,0,278,FALSE
This Really Offends Me About Child Offenders,1,279,TRUE
"Where Will These 2,570 Kids All Spend Their 50th Birthday?",0,280,FALSE
What Happens When You Suddenly Identify With The Unpopular Kid At The Back Of The Class? This.,1,281,TRUE
Watch The Unpopular Kid At The Back Of The Class Become Poetry,0,282,FALSE
You Call It Food. I Call It Poison.,1,283,TRUE
Why Powdered Doughnuts Are The New Crack Cocaine,0,284,FALSE
MUST WATCH: A Politician Loses It And Restores My Faith In Humanity,1,285,TRUE
A Politician Asks For Forgiveness And Genuinely Means It,0,286,FALSE
Does The Label On The Left Confuse You? Here’s Why.,1,287,TRUE
What If Our Food Labels Didn’t Confuse The Heck Out Of Us?,0,288,FALSE
Here’s Why We All Really Need To Be Tipping At Least 20%,1,289,TRUE
Would You Work This Hard For $5 An Hour? Plus Tips?,0,290,FALSE
Here’s One Way To Humiliate A Bunch Of Bigots. And It’s Hilarious.,1,291,TRUE
The Time Talk Radio Turned On It’s Racist Listeners. And It Was Amazing.,0,292,FALSE
The Crazy-High Cost Of Being A Working Parent,1,293,TRUE
20 States Where A Year Of Child Care Costs More Than A Year Of College,0,294,FALSE
Half Of All The World’s Diseases Come From This One Substance That You Definitely Ingested Today,1,295,TRUE
The Guy Behind The Segway Has Invented Something New. And It’s Way Cooler Than A Scooter.,0,296,FALSE
Meet A Woman Who'll Make You Furious That She Calls Herself An American,1,297,TRUE
Meet The Woman Who Gave Mitt Romney His Stance On Immigration,0,298,FALSE
"If You Think 1 Canadian Dude Is Actually 180,000 Hispanic People, You Might Be Kinda Sorta Racist",1,299,TRUE
Why Martin Luther King Jr. Would Still Be Fighting For Voting Rights If He Were Alive Today,0,300,FALSE
The Schoolhouse Rock Parody That Is Equal Parts Painfully Accurate And Funny,1,301,TRUE
"Learning About The Government Is Too Depressing For Kids, Even When It Looks Like This",0,302,FALSE
You Won't Believe What Saved The Lives Of 11 Children In 11 Seconds In Sandy Hook,1,303,TRUE
"11 Kids, 11 Seconds, And 1 Mind Blowing Hopeful Fact About The Sandy Hook Tragedy",0,304,FALSE
Think This Actress Is Just Another Pretty Face? HAH! So Wrong.,1,305,TRUE
I Wish More Celebrities Were This Open And Honest About Feminism,0,306,FALSE
"There's Something Rotten In Your Fridge, But It's Made Of Plastic",1,307,TRUE
It's Not Easy To Live Sustainably. It IS Easy To Just Do This ONE Thing.,0,308,FALSE
Just One More Sad Example Of What Kind Of Non-News 24 Hour News Networks Consider 'Newsworthy',1,309,TRUE
OF COURSE The Media Stopped Covering The Sequester As Soon As It Started To Really Matter,0,310,FALSE
I Bet This Man Has Embarrassed A Few Police Officers Who Have Tried To Arrest Him,1,311,TRUE
The Professor Of Dirt Is About To Prove Just How Dirty Your City Is,0,312,FALSE
Remember Those Troubled Kids In School? Turns Out They Weren't Actually Troubled.,1,313,TRUE
Teamwork And Leadership Are Overrated — There Is Definitely An 'I' In 'Team',0,314,FALSE
The Man In The Sweater Who Never Mentioned The Most Important Thing In His Life,1,315,TRUE
Is It Possible To Teach Morality Without Talking Religion? Everyone's Favorite Minister Thought So.,0,316,FALSE
You Haven't Been Allowed To Hear This American's Voice For Almost 3 Years; Here's What He Has To Say,1,317,TRUE
Meet The Nobel Peace Prize Nominee Who Has Been Jailed Without A Trial For Years — In The U.S.?!,0,318,FALSE
Watch A Feminist Senator Teach A U.S. General How To Do His Damn Job,1,319,TRUE
Watch A US Senator Slap Some Sense Into The US Military,0,320,FALSE
A Grandstanding Senator Decided To Tell A Cop How To Do His Job. Big Mistake.,1,321,TRUE
Grandstanding Senator's NRA Talking Points No Match For Actual Law Enforcement Experience,0,322,FALSE
"Bully Calls News Anchor Fat, News Anchor Destroys Him On Live TV",1,323,TRUE
"Bully Calls News Anchor Fat, News Anchor Destroys Him On Live TV",0,324,FALSE
WINNER: The Most Depressingly Dumb Book Cover of 2013!,1,325,TRUE
"Sexy, Sexy, Sex: Now Coming To Classic Literature Near You",0,326,FALSE
The Taliban Just Got Owned By A 15-Year-Old Girl,1,327,TRUE
The Taliban Tried To Silence This 15-Year-Old Girl By Shooting Her In The Head. It Didn't Work.,0,328,FALSE
The Straight Woman's Worst Nightmare Just Got Real Lesbiany,1,329,TRUE
The Scary Thing About Lesbians,0,330,FALSE
It's Disgusting What People Consider Beautiful Nowadays,1,331,TRUE
Killing An Elephant To Make A Trinket Is Beyond Stupid,0,332,FALSE
This Future Map Of The United States Is Way Cooler Than Any Current Map Of The United States,1,333,TRUE
MAP: This Is What Americans Look Like On Speed,0,334,FALSE
What Would Happen If The U.S. Eliminated The Penny? Let's Ask A Country That Actually Did.,1,335,TRUE
Why Is Canada Deliberately Getting Rid Of Good Luck?,0,336,FALSE
WATCH: That Awkward Moment When Anti-Immigrant Protesters Realize They're Illegal Too,1,337,TRUE
That Awkward Moment When Anti-Immigrant Protesters Realize They're Illegal Too,0,338,FALSE
This Is The Most Depressing Version Of Google Maps I’ve Ever Seen,1,339,TRUE
MAP: What Does Income Inequality Look Like In Your City?,0,340,FALSE
This Renewable Energy Idea Is So Obvious I Smacked My Face,1,341,TRUE
Is This Alt Energy Generator Too Close To A Human Hamster Wheel?,0,342,FALSE
1 In 3 Women Need You To Watch This.  The Other 2 In 3 Women Would Prefer You To Watch It Too.,1,343,TRUE
A World Leader Would Like You To Do Something Other Than Celebrate Valentine's Day This Year,0,344,FALSE
"If You Watch One Moment From The State Of The Union, Make It This One",1,345,TRUE
"Like The President Said, They Deserve A Vote",0,346,FALSE
"If You’re Afraid Of The Unknown, You’ve Already Lost",1,347,TRUE
Are You Curious Enough To Eat A Worm?,0,348,FALSE
The Cutest Way EVER To Tell Someone They Should Be Ashamed Of Having Sexual Organs,1,349,TRUE
"Playtex Runs Ads Targeting Middle School Boys, Because, Ya Know, Dudes Need Tampons?",0,350,FALSE
There's Some Things About Women That I Didn't Think I'd Want To Know. This Is One Of Them.,1,351,TRUE
Do We Need Laws To Protect Women From Violence? Ask This Chart.,0,352,FALSE
"People Get Tired Of Hearing The Word Awesome. But In My Defense, Seriously, This Kid Is Awesome.",1,353,TRUE
"What Do Robert Frost, Space Jam, And Journey Have In Common? Just Ask The President.",0,354,FALSE
Pissed That A Girl Won't Sleep With You? You're Probably Not As 'Nice' As You Think.,1,355,TRUE
Attention 'Nice Guys' Of The Internet: No One Owes You Sex,0,356,FALSE
Watch A Real Person Correct An Elected Official On How Democracy Should Actually Function,1,357,TRUE
2 Members Of Congress Debate Whether Accepting Legalized Bribes Is Cool. Righteous Honesty Prevails.,0,358,FALSE
Why Oregon Just Became The Best State To Have Sex In,1,359,TRUE
Having An Abortion? Better Move To Oregon.,0,360,FALSE
WTF: Fox News Spends 4 Minutes Calling Wildly Successful Women Fat And Lazy,1,361,TRUE
"Adele Just Won A Grammy, So Of Course Fox News Is Talking About How Fat She Is",0,362,FALSE
The Truth About Angry Feminists,1,363,TRUE
I'm Not Angry Because I'm A Feminist. I'm A Feminist Because I'm Angry.,0,364,FALSE
The One Totally Stupid Thing That Will Decide The Fate Of Our Entire Economy,1,365,TRUE
"Your Life Expectancy Is Lower Than Someone In Puerto Rico, South Korea, And Jordan.",0,366,FALSE
Obama Doesn't Mince Words When It Comes To Gays In Boy Scouts,1,367,TRUE
"If I Didn't Know Any Better, I'd Say Obama Is Tired Of The Boy Scouts Banning Gays",0,368,FALSE
These Girls Have Seen Their Own Potential. They're Going To Do Amazing Things With It.,1,369,TRUE
Bring Your Daughter To Work Day Just Got A 21st Century Upgrade,0,370,FALSE
Artistic Depiction Of Climate Change Freaks The Heck Out Of People On The Street,1,371,TRUE
This Art Project Will Make You Turn Your Head,0,372,FALSE
Psychic Reveals His Greatest Trick. It's Actually Kind Of Terrifying.,1,373,TRUE
This Psychic's 'Gift' Is About To Blow Your Mind,0,374,FALSE
Talented Documentarian Makes Mushrooms Into The Most Fascinating Thing on The Planet For 2 Minutes,1,375,TRUE
Talented Documentarian Makes Mushrooms Seem Like The Most Fascinating Thing On The Planet,0,376,FALSE
"If This Video Goes Viral, The Internet Could Be In Huge Trouble",1,377,TRUE
Just A Reminder To Stop Every Once In Awhile And Zoom In On The Flowers,0,378,FALSE
Some Strange Things Are Happening To Astronauts Returning To Earth,1,379,TRUE
Advice For Saving The Earth From Some Of The Only People Who Have Left It,0,380,FALSE
Looking At This Map For 5 Seconds Will Change How You Think About Race,1,381,TRUE
Cosmetics Salesmen Will Find This Map Very Helpful. Neo-Nazis Won't.,0,382,FALSE
Bullies Called Him Pork Chop. He Took That Pain With Him And Then Cooked It Into This.,1,383,TRUE
"If You Were Ever Bullied, I've Got Something Beautiful To Show You",0,384,FALSE
Harry Potter's Last Great Spoiler Is One Warner Bros Will Do Anything To Protect,1,385,TRUE
Meet Harry Potter’s Scary New Foe: The-Document-Which-Must-Not-Be-Read,0,386,FALSE
The Most Amazing Act Of Heroism Ever Committed In Swim Trunks,1,387,TRUE
WATCH: A Group Of Beachgoers Restore Your Faith In Humanity,0,388,FALSE
"The Only Man In History With The Right To Say ""I Told You So"" To The Entire Planet",1,389,TRUE
Nickola Tesla Exactly Predicted Our Energy Crisis 100 YEARS AGO,0,390,FALSE
Take Your iPhone From Dead To 100% In 30 Seconds Using Science,1,391,TRUE
FINALLY! A Battery I Can Throw In The Trash,0,392,FALSE
You’ll Never Believe What These Adults Found In This Ball Pit,1,393,TRUE
INSPIRING! Two Strangers Take Out Their False Teeth In A Ball Pit,0,394,FALSE
WTF? Princeton Professor Profoundly Offended By Intellectuals,1,395,TRUE
WATCH: Princeton Professor Profoundly Offended By Intellectuals,0,396,FALSE
MAP: Definitive Proof That We Don’t All Live In The Same Democracy,1,397,TRUE
A Detailed Map Proving That Florida Needs To Get Its Act Together,0,398,FALSE
"Tom Felton Disarmed Dumbledore, Yet He Can Barely Watch This. Are You Stronger Than Him?",1,399,TRUE
"When You Ask Tom Felton To Do This, His Face Does That",0,400,FALSE
See A 17-Year-Old Girl’s Laser-Sharp And Laid Back Take-Down Of An Annoyingly Popular Reality Show,1,401,TRUE
How Exactly Does Punishing Fat People Go With Your Pledge To Love Your Body?,0,402,FALSE
Meet The Worst Spy Ever,1,403,TRUE
Meet The Tackiest Creature In The Animal Kingdom,0,404,FALSE
Why 'Jeopardy' Champions May Be The Dumbest People Alive,1,405,TRUE
Why 'Jeopardy' Champions May Be The Dumbest People Alive,0,406,FALSE
"Hi, I'd Like To Register A Complaint. I Only Got One Vote, But I'm Very Rich. What Gives?",1,407,TRUE
"Hi, I'd Like To Register A Complaint. I Only Got One Vote, But I'm Very Rich. What Gives?",0,408,FALSE
Elizabeth Warren Continues To Be The Senator We All Hoped She Would,1,409,TRUE
Elizabeth Warren Shows The Big Banks What A Working Senator Looks Like,0,410,FALSE
WATCH: The TEDxTalk That Knocked Me Down A Peg Or Two,1,411,TRUE
What Your Reaction To Celebrity Gossip Says About You,0,412,FALSE
A Hidden Camera Show Goes To Texas. They Did Not Expect To Find This.,1,413,TRUE
A Hidden Camera Show Is Baffled When They Can't Find Any Bigots In Texas,0,414,FALSE
The 3 Happiest Words In Many Parts Of The World Are The 3 Deadliest In Others,1,415,TRUE
"In Some Countries, The Odds Are 50/50 Someone Wants To Kill You",0,416,FALSE
9 Out Of 10 Americans Are Completely Wrong About This Mind-Blowing Fact,1,417,TRUE
"Meet The Person Who Has No Clue How Money Really Works. Ok, Stop Looking In The Mirror Now.",0,418,FALSE
"Ladies, Let Me Tell You What To Think About Women's History Month",1,419,TRUE
"Ladies Need To Learn More About Women's History Month, So They Can Appreciate The Month We Gave Them",0,420,FALSE
I Honestly Didn't Think A Video About Birds Would Make Me Cry. I Was Wrong.,1,421,TRUE
A Short Video About Birds That's Guaranteed To Break Your Heart,0,422,FALSE
This Is Exactly How Desperate We Are To Get Oil Out Of The Ground,1,423,TRUE
What Would Someone From 200 Years Ago Think Of This Thing We Now Do To Get Oil Out Of The Ground?,0,424,FALSE
This Is Why It's A Bad Idea To Be Racist In 2013. Or Ever.,1,425,TRUE
This Is Why It's The Worst Time In History To Be A Racist,0,426,FALSE
Watch A Nervous Mom Make An Heroic Phone Call While Her Kid Naps,1,427,TRUE
Watch This Mom Check “Gun Control Advocacy” Off Of Her To-Do List,0,428,FALSE
I Bet A Lot More People Would Become Librarians If They Got To Do It Like This,1,429,TRUE
Why Would A Librarian Need To Know How To Sail?,0,430,FALSE
Trying To Get Richer? Here's Why You Can Pretty Much Give Up Now.,1,431,TRUE
Where The Hell Is All The Money America Made In The Past 20 Years?,0,432,FALSE
A Depressing Map Of The US That Will Make You Not Want To Have Babies,1,433,TRUE
MAP: Why You Should Move To Canada To Have Your Baby,0,434,FALSE
What Do These Celebrities Hate More Than Paparazzi?,1,435,TRUE
"Yoko Ono, Sean Lennon, Joseph Gordon Levitt, Liv Tyler, Susan Sarandon, Fred Armisen...",0,436,FALSE
Germ Warfare? Laughable. We Have A Virus On Earth That Could Literally Destroy The Everything.,1,437,TRUE
"If You Start Coughing, BE CAREFUL! It Might Literally Be The End Of The World.",0,438,FALSE
There's A Reason This Is Still My Favorite Internet Video Of All Time,1,439,TRUE
A Brilliant Speech From 1940 That's Somehow Even More Relevant Today,0,440,FALSE
Watch The Kindest Smackdown I've Ever Seen,1,441,TRUE
How 1 Conversation Can Make You Smarter,0,442,FALSE
Elizabeth Warren Asks The Most Obvious Question Ever And Stumps A Bunch Of Bank Regulators,1,443,TRUE
"Elizabeth Warren Nails Bank Regulators To The Wall, Asks Them When Was Last Time They Did Their Job",0,444,FALSE
I've Never Met A 15-Year-Old And Thought 'She's Gonna Run The World One Day.' Yet Here We Are.,1,445,TRUE
"A Teen Girl Who Loves Fashion? And She's A Feminist?! Stop, My Head Is Exploding!",0,446,FALSE
Why Is The NRA Defending The Rights Of African Warlords?,1,447,TRUE
How The NRA Is Making It Easier For African Warlords To Get AK-47s,0,448,FALSE
An Open Letter From Jesus To Everyone Who Is Scared Of Gay People,1,449,TRUE
An Open Letter From Jesus To Everyone Who Is Scared Of Gay People,0,450,FALSE
ALL KINDS OF WRONG: CNN Pays A Touching Trubute To The Rapists Who Attacked A 15 Year Old Girl,1,451,TRUE
The One Where CNN Feels The Need To Sympathize With Sexual Predators,0,452,FALSE
Newbie Senator Mansplains The Constitution To Second-Longest-Serving Woman Senator. Justice Ensues.,1,453,TRUE
Mansplain-y New Senator Gets Nailed By Lady Senator Who Was Elected While He Was In Diapers,0,454,FALSE
Why Your Part In The Steubenville Tragedy Is Bigger Than You Think It Is,1,455,TRUE
Want To Prevent Tragedies Like Steubenville? Stop Letting Them Happen.,0,456,FALSE
This Is Why I’m Afraid Of My Couch,1,457,TRUE
There Could Be Something In Your Home Trying To Kill You Right Now,0,458,FALSE
"B.P. Didn't Actually Clean Up The Oil They Spilled, They Just Covered It Up For A Few Years",1,459,TRUE
I Guess We Shouldn't Be Surprised That An Evil Oil Company Acted Evilly,0,460,FALSE
The 1 Thing That Actually Deserves The Death Penalty,1,461,TRUE
This Beautiful Video Wants To End Something Horrible,0,462,FALSE
Did AIDS Just Get Cured By A Bunch Of Gamers?,1,463,TRUE
A Group Of Gamers May Have Unlocked The Cure To AIDS,0,464,FALSE
Stop Turning Everything I Do Into A Political Statement!,1,465,TRUE
"Once Upon A Time, There Wasn’t 'Liberal' Beer Or 'Conservative' Beer, There Was Just … BEER",0,466,FALSE
NAILED IT: Watch A Really Smart Comedian Destroy A Really Dumb Idea,1,467,TRUE
Stephen Colbert Celebrates The End Of Racism — And The Continuation Of Ignorance,0,468,FALSE
How Science Allowed A Woman To See The Light,1,469,TRUE
"Bless Australia For Giving Us Kangaroos, Crocodile Dundee ... And THE BIONIC EYE?",0,470,FALSE
"Why Is It Okay To Show Women Being Tortured On Screen, But Not Doing THIS?",1,471,TRUE
Ryan Gosling And I Would Like To Know Why THIS Gets A Lower MPAA Rating Than THAT,0,472,FALSE
Offensive Things You Might Say That You Didn’t Realize Were Offensive,1,473,TRUE
"No, I Don’t Fake Tan. Yes, My Dad Is White. And Yes, Questions Like This Can Be Annoying.",0,474,FALSE
The Tattoo That Misogynist Jerks Think Every Girl Has On Her Thighs,1,475,TRUE
"This Evidence Would Never Ever Hold Up In Court (Oh Wait, It Has)",0,476,FALSE
These Soldiers Served Their Country. Then THIS Happened?,1,477,TRUE
The US Doesn't Want You To Know What It's Doing To Our Vets. It's Pretty Bad.,0,478,FALSE
"The Argument To Overturn The CA Gay Marriage Ban Is So Easy A Kid Could Make It. Oh Wait, He Did.",1,479,TRUE
What Do 2 Gay Guys And A Conservative Supreme Court Justice Have In Common?,0,480,FALSE
Want To Hear A Genius Ruin Politics And Religion In 5 Sentences?,1,481,TRUE
"If You Call It ""Flip-Flopping"" One More Time, Carl Sagan Is Gonna Be Pissed",0,482,FALSE
Hillary Breaks Down Gay Marriage So People With Extra-Thick Heads Can Understand,1,483,TRUE
Can We Hurry Up And Just Elect Hillary As President Yet?,0,484,FALSE
Tiny And Terrifying: Why Fate Doesn't Stand A Chance Against These Kids,1,485,TRUE
Meet The Cutest People Ever To Spit In The Face Of Fate,0,486,FALSE
The Mysterious Early Death Of A Sexless One-Of-Kind 100-Year-Old,1,487,TRUE
What Kind Of Environment Could Have Caused Lonesome George’s Sexless Existence?,0,488,FALSE
The Love Story Disney Wished It Made,1,489,TRUE
An Amazingly Ordinary Love Story,0,490,FALSE
These Are Literally The Smallest Apartments You'll Ever See,1,491,TRUE
"These People Aren't Vampires, So Why Are They Living In Coffins?",0,492,FALSE
"The Argument To Overturn The CA Gay Marriage Ban Is So Easy A Kid Could Make It. Oh Wait, He Did.",1,493,TRUE
"The Argument To Overturn The CA Gay Marriage Ban Is So Easy A Kid Could Make It. Oh Wait, He Did.",0,494,FALSE
The Most Baller Way To Keep Kids Safe,1,495,TRUE
How One American City Is Investing In Its Youth,0,496,FALSE
"This Map Won’t Tell You Where You Are, But It Will Tell You How Much NRA Money Is In Your State",1,497,TRUE
MAP: How Much NRA Money Is In Your State?,0,498,FALSE
Watch This Bride Dump Her Very Important Groom At The Altar,1,499,TRUE
"With This Ring, McDonald's, I Thee Wed",0,500,FALSE
Why Gardening Is The Most Therapeutic And Defiant Act A Person Can Do,1,501,TRUE
Happy Spring! Here’s An Insanely Inspiring Video About Things That Grow.,0,502,FALSE
You Won't Believe What The Happiest Man Alive Does For A Living,1,503,TRUE
How To Be The Happiest Person On Earth,0,504,FALSE
The People With The Most Power In The World Actually Believe This Really Horrible Thing,1,505,TRUE
The Simplest Way To Think Your Way Out Of Wall Street's Awful Economic Dogma,0,506,FALSE
"These Christians Are Advocating The Government Do Something, And I'm Actually Not Outraged. At All.",1,507,TRUE
Why The Jobs Crisis Isn't Just Some God Of Economics Testing Our Faith In Fiscal Austerity,0,508,FALSE
I Would Hire Any Of These Kids In A Heartbeat. To Be My Boss.,1,509,TRUE
Fate Says These Kids They Won't Amount To Anything. Good Thing They Aren't Listening.,0,510,FALSE
The Single Greatest Gift For A Woman,1,511,TRUE
How Did 3 Geniuses Combine Purses With Saving The Planet?,0,512,FALSE
I Don't Like Being Lied To. Neither Did This Documentary Crew.,1,513,TRUE
Thank Goodness B.P. Cleaned Up Their Oil Spill. Now These Lovely Birds Can … Keep Dying?,0,514,FALSE
The Mysterious Early Death Of A Sexless One-Of-A-Kind 100-Year-Old,1,515,TRUE
The Mysterious Early Death Of A Sexless One-Of-A-Kind 100-Year-Old,0,516,FALSE
These Journalists Are Going To Be in SOOOOOOO Much Trouble For Doing This...,1,517,TRUE
The Liberal Journalists Even Republicans Would Love,0,518,FALSE
Meet The Students Who Launched The Mother Of All PR Campaigns,1,519,TRUE
The “ism” that desperately needs some love,0,520,FALSE
"If My Dentist Caught Me Showing People This, He'd Slap Me In The Face",1,521,TRUE
"Is That A Soda In Your Pocket, Or Are You Just Happy To See An Early Grave?",0,522,FALSE
Possibly The Most Devastating Response I've Ever Seen In An Immigration Debate,1,523,TRUE
Live Immigration Debate Goes Viral When Back-To-Back Questions Get Spectacularly Demolished,0,524,FALSE
SWOON: Watch This Star Calmly Blow Apart Any Argument That We Can't Solve Poverty In One Generation,1,525,TRUE
Why Is This Rockstar Calling Himself An 'Insufferable Little Jumped-Up Jesus'?,0,526,FALSE
"And One Of These Days, Someone Will Realize This Is Racist",1,527,TRUE
You're Telling Me They Couldn't Find An Actual Native American To Put On This Cover?,0,528,FALSE
Why Women (And Men) Love This Picture So Much,1,529,TRUE
Something REALLY Sexy Is Happening At This Store,0,530,FALSE
Remember Sandy Hook? Apparently The Senate Doesn't.,1,531,TRUE
The NRA Claims It's Latest Victim. Say Goodbye To Background Check Reform.,0,532,FALSE
WTF: Why You're Way More Likely To Get Arrested At The End Of An Officer's Shift,1,533,TRUE
So Messed Up: Why You're Way More Likely To Get Arrested At The End Of An Officer's Shift,0,534,FALSE
Remember Sandy Hook? Apparently The Senate Doesn't.,1,535,TRUE
"Say What You Will About The NRA, But They Sure Do Scare The Hell Out Of Senators",0,536,FALSE
"A Very Un-Sexy, Sexy Teen Thriller",1,537,TRUE
And You Thought The 'I Know What You Did Last Summer' Franchise Couldn't Get Any Sexier,0,538,FALSE
Remember Sandy Hook? Apparently The Senate Doesn't.,1,539,TRUE
Remember Sandy Hook? Apparently The Senate Doesn't.,0,540,FALSE
Remember Sandy Hook? Apparently The Senate Doesn't.,1,541,TRUE
Remember Sandy Hook? Apparently The Senate Doesn't.,0,542,FALSE
An Open Letter To All Dudes Who Have Ever Had A Drunk Girl Passed Out On Their Couch,1,543,TRUE
"SCIENCE FACT: If There's A Drunk Girl Passed Out On Your Couch, That Doesn't Mean She's Into You",0,544,FALSE
Hey Bros: Check Out What This Bro Did When He Found A Drunk Girl Passed Out On HIs Bro Couch,1,545,TRUE
"The Shortest PSA On How To Handle Drunk Girls Passed Out On Your Couch, EVER",0,546,FALSE
About To Start An Argument Over Israel and Palestine? Watch This Video First. ,1,547,TRUE
This Guy Lives In A War Zone. So What's He Smiling About?,0,548,FALSE
"Are You Kidding Me, America? How Is This Even Still An Issue?",1,549,TRUE
Why Can't The United States Supreme Court Be As Cool As The Supreme Court Of Mexico?,0,550,FALSE
"Never Thought I'd Say This, But These Eggs Eat Poo And They're Gorgeous",1,551,TRUE
Human Waste + Science = Art?,0,552,FALSE
People All Across The World Are Demanding This One Thing That The U.N. Says They Can't Have,1,553,TRUE
SHOCKER: Actual Humans Living Under Corrupt Leaders Want More Than Just Being Not-Starving,0,554,FALSE
Should A Parent Listen To Their Kid In This Situation?,1,555,TRUE
Would You Sacrifice This Much For Your Kid's Education?,0,556,FALSE
A Head-Slappingly Simple Strategy That Might Just Reduce The Crime Rate,1,557,TRUE
A Strategy To Combat Crime That McGruff Wished He Thought Of,0,558,FALSE
Advice From Parents On Preparing For That Horrible Day You Know Is Coming,1,559,TRUE
A Pair Of Brothers Make Their Parents Cry. And It’s Beautiful.,0,560,FALSE
"Never Thought I'd Say This, But These Eggs Eat Poo And They're Gorgeous",1,561,TRUE
I Can't Take My Eyes Off Of This Beautiful... Sewage Treatment Plant?,0,562,FALSE
"This 9-Year-Old Has Blown Away The Minds Of Millions, Will You Be Next?",1,563,TRUE
"Does Your Life Need More Meaning? Here, This 9-Year-Old Can Help.",0,564,FALSE
The Olympic Marathon Runner Who Outran His Own Murder,1,565,TRUE
Meet The Man Who Outran Death To Make The Olympics,0,566,FALSE
Obamacare Has 48 Million Fans Who Just Don’t Know It Yet,1,567,TRUE
Obamacare Has 48 Million Fans Who Just Don’t Know It Yet,0,568,FALSE
"Starbucks CEO Serves A Grande Cup Of ""Shut The Hell Up"" To Anti-Gay Marriage Activist",1,569,TRUE
67 Seconds Of Starbucks CEO Standing Up For Gay Marriage,0,570,FALSE
This Supreme Court Justice Just Asked A Rhetorical Question That Might Tear Down Prop 8,1,571,TRUE
This Supreme Court Justice Might Be The Deciding Vote On Prop 8. His Quote Makes Me Very Hopeful.,0,572,FALSE
This Girl's Middle School Photography Project Will Steal Your Breath Away,1,573,TRUE
This Girl Makes Me Want To Dump My Thanksgiving Dinner On Columbus' Head ,0,574,FALSE
"If Gay Marriage Isn't Constitutional, Neither Is Straight Marriage If You're Older Than 55",1,575,TRUE
What's The Point Of Getting Married If We Aren't Going To Have A Ton Of Kids?' Asked NOBODY,0,576,FALSE
"What The Craziest Thing About The Fact That Humans Exist? I Don’t Know, But I Bet It’s In Here.",1,577,TRUE
How Do You Go From An Amoeba To A Global Superpower? Like This.,0,578,FALSE
"She Had One Year To Live, And This Is How She Did It",1,579,TRUE
Doctors Could Have Prolonged Her Life. She Chose To Live It Instead.,0,580,FALSE
I’ve Never Had A Pie Chart Make Me Gasp Before,1,581,TRUE
"This Isn't A Pie Chart, It’s A Big Fat Raspberry",0,582,FALSE
Did The Supreme Court Just Legalize Gay Marriage? Well... Sort Of.,1,583,TRUE
The Supreme Court Did What They're Paid To Do. Talk About Stuff. Here's The Abbreviated Version.,0,584,FALSE
"MUST WATCH: The 0-Emission, Air-Powered Car Big Oil Doesn’t Want You To Know About",1,585,TRUE
"MUST WATCH: The 0-Emission, Air-Powered Car Big Oil Doesn’t Want You To Know About",0,586,FALSE
Why Going Off The Grid Isn’t Just For Conspiracy Theorists Anymore,1,587,TRUE
Don't Want To Go Solar To Save The Environment? Go Solar To Save The Wallet.,0,588,FALSE
This Isn’t Just A Car: It’s The End Of Gasoline As We Know It,1,589,TRUE
The Future Of The Auto Industry Is Right Between Your Nostrils,0,590,FALSE
"When Your Carbon Footprint Needs A Commercial, Your ‘Feet’ Are Too Damn Big",1,591,TRUE
NERD ALERT: The Climate Action Superhero You Didn’t Know You Were Waiting For,0,592,FALSE
"This Doctor Had A Breakdown, Saw A Therapist, And Ended Up Changing Lives",1,593,TRUE
"This Doctor Had A Breakdown, Saw A Therapist, And Ended Up Changing My Life",0,594,FALSE
A Supermodel Hemorrhages During Childbirth And Turns Her Experience Into An International Campaign,1,595,TRUE
See What Can Happen When A Safe Place To Give Birth Isn’t A Guarantee,0,596,FALSE
Check Out The Idea That's Got This Guy's Seal Of Approval,1,597,TRUE
A Very Playful Clean Energy Idea,0,598,FALSE
"Some Ideas About Our Economy That Are Bound To Make The Wall Street Journal Very, Very Upset",1,599,TRUE
A Few Bold Ideas That Might Just Solve Climate Change And Unemployment At The Same Time,0,600,FALSE
"OMG. Google ""Tucker Carlson"" And ""Gay Marriage""",1,601,TRUE
10 Democratic Senators To The Right Of Tucker Carlson,0,602,FALSE
Why Do Men Think THIS Is OK?,1,603,TRUE
The Gross Stuff Men Say To Women,0,604,FALSE
Pin This Up In Your Mind. Then You'll Never Forget It.,1,605,TRUE
Psst! I Just Solved All Wars.,0,606,FALSE
Jennifer Lawrence Summarizes Everything That’s Wrong With Our Culture Today In 1 Sentence,1,607,TRUE
What Could Hollywood Do To Change The Lives Of Half The Population?,0,608,FALSE
You Won’t Believe What This Guy Does In His Spare Time,1,609,TRUE
SHUDDER: Can We Deport This Guy Instead?,0,610,FALSE
How To Eat To Live Instead Of Living To Overeat,1,611,TRUE
How To Eat To Live Instead Of Living To Overeat,0,612,FALSE
These Canadians Seem To Have A Better Sense Of America's Mistakes Than Americans Do,1,613,TRUE
This Is The Way The World Ends: Not With A Bang But With A REALLY Awkward Phone Call,0,614,FALSE
How To Eat To Live Instead Of Living To Overeat,1,615,TRUE
Why The Cheesecake Factory Is Conspiring Against You,0,616,FALSE
"OMG. Google ""Tucker Carlson"" And ""Gay Marriage""",1,617,TRUE
"Ten Democratic Senators Shamed After Googling ""Tucker Carlson"" And ""Gay Marriage""",0,618,FALSE
In Case You Missed It: Why Everyone Is Posting Those Pink Equal Signs on Facebook This Week!,1,619,TRUE
Support For Gay Marriage + A Little Creativity On Facebook = These Kick-Ass Profile Pics,0,620,FALSE
"OMG. Google ""Tucker Carlson"" And ""Gay Marriage""",1,621,TRUE
"OMG. Google ""Tucker Carlson"" And ""Gay Marriage""",0,622,FALSE
Watch Sophia Change Blanche’s Mind About Gay Marriage In Less Than A Minute,1,623,TRUE
‘The Golden Girls’ Take On Gay Marriage,0,624,FALSE
"It's Been A Long Week. Need A Hug? Yeah, You Need A Hug.",1,625,TRUE
These Troops Are About To Go To War. And This Lady Is There To Hug Them.,0,626,FALSE
"Forget 'God-Given Rights.' In America, It's 'However-Much-Money-You-Happen-To-Have'-Given Rights.",1,627,TRUE
"Forget 'God-Given Rights.' In America, It's 'However-Much-Money-You-Happen-To-Have'-Given Rights.",0,628,FALSE
Watch A Preacher Attack Gay Marriage And Totally Change His Mind On The Spot,1,629,TRUE
Watch A Preacher Attack Gay Marriage And Totally Change His Mind On The Spot,0,630,FALSE
The New Pope Just Kissed A Muslim Woman's Foot; Watch The World React,1,631,TRUE
MUSLIM FEET: Why The New Pope Goes Where No Pope Has Gone Before,0,632,FALSE
"Congressman 'Accidentally' Uses Horrific Racial Slur, Apologizes, And Is Still Racist",1,633,TRUE
"NEW RULE: You Aren't Allowed To Blame Your Daddy When You Say Something Horribly Racist, Congressman",0,634,FALSE
"Congressman 'Accidentally' Uses Horrific Racial Slur, Apologizes, And Is Still Racist",1,635,TRUE
Would You Forgive A Congressman For Being Horribly Racist If He Grew Up On A Farm? Me Neither.,0,636,FALSE
Congressman 'Accidentally' Uses Horrific Racial Slur And Hasn't Resigned. YET.,1,637,TRUE
Congressman Says Something Awful Enough To Actually 'Apologize' For,0,638,FALSE
Why Don't More Moms Talk To Their Daughters Like This Famous Actress Talks To Hers?,1,639,TRUE
How Complimenting Yourself Creates Positive Change In Other People,0,640,FALSE
Can We Clone This Adorable 5-Year-Old? She Really Has Her Sh*T Together.,1,641,TRUE
"Boys, There's ONE Thing You Have To Do If You Want To Marry This Girl",0,642,FALSE
This Girl Has Some Demands For Her Future Husband — IF She Gets Married,1,643,TRUE
This 5-Year-Old Girl Isn't Interested In Marriage. Unless...,0,644,FALSE
"It's Hard To Visualize Billions Or Trillions Of Dollars. After You See This, You Won't Want To.",1,645,TRUE
What Has Enough Money To Remake The Statue Of Liberty Out Of Dollar Bills?,0,646,FALSE
This Girl Has Some Demands For Her Future Husband — IF She Gets Married,1,647,TRUE
Here's One Little Girl Who WON'T Be Getting Her Relationship Advice From That Bella Twilight Lady,0,648,FALSE
There's Something Odd About This 'Traditional Marriage' Propaganda Video,1,649,TRUE
This 'Traditional Marriage' Propaganda Film Goes Too Far,0,650,FALSE
This Girl Has Some Demands For Her Future Husband — IF She Gets Married,1,651,TRUE
"Boys, There's ONE Thing You Have To Do If You Want To Marry This Girl",0,652,FALSE
"A Gay Soldier Is Being Singled Out And Prosecuted, But That's Not Even The Craziest Part",1,653,TRUE
What If The Characters In 'Mr. Smith Goes To Washington' Were Gay?,0,654,FALSE
Here's Why We Can't Have Nice Things,1,655,TRUE
HBO's Game Of Thrones Really Needs To Stop Letting Congresscritters Write Their Scripts,0,656,FALSE
Watch A Lesbian Stage An Intervention With Straight People,1,657,TRUE
What's The Most Important Question You Can Ever Ask A Straight Person?,0,658,FALSE
An Open Letter From A Badass Lesbian To Some Sad Straight People,1,659,TRUE
Watch A Lesbian Stage An Intervention With Scared Straight People,0,660,FALSE
Watch A Lesbian Dress Down Straight Ignorance And Then Drop The Proverbial Microphone,1,661,TRUE
An Open Letter To Sad Scared Straight People From A Lesbian With Some Serious Showmanship,0,662,FALSE
Watch A Lesbian Dress Down Straight Ignorance And Then Drop The Proverbial Microphone,1,663,TRUE
Watch A Lesbian Dress Down Straight Ignorance And Then Drop The Proverbial Microphone,0,664,FALSE
Dear Straight People: We Have To Talk,1,665,TRUE
Watch A Lesbian Stage An Intervention With Straight People,0,666,FALSE
This Graphic Of Adam Lanza's Home Arsenal Is Devastating,1,667,TRUE
This Is What The Sandy Hook Killer's Arsenal Looked Like,0,668,FALSE
Everyone Said This Couldn't Be Done. See How This Guy Did It In Under 7 Hours. ,1,669,TRUE
When This Guy Takes On A Remote Canyon Like A Ninja He Leaves The Rest Of Humanity Inspired ,0,670,FALSE
The Most Honest Cable Company In The World Has A Message For You. It's Not Good.,1,671,TRUE
The One Where Your Cable Company Offers To Punch You In The Face And Tells You To Say Thank You,0,672,FALSE
Your Cable Company Has Been Keeping A Really Sketchy Secret From You For Like Forever,1,673,TRUE
The One Where Your Cable Company Stops Talking About You Behind Your Back,0,674,FALSE
The Invisible Bike Helmet That You'll Have To (Not) See To Believe,1,675,TRUE
Meet The Women Who Invented Invisibility,0,676,FALSE
The Most Honest Cable Company In The World Has A Message For You. It's Not Good.,1,677,TRUE
The Most Honest Cable Company In The World Has A Message For You. It's Not Good.,0,678,FALSE
Your Cable Company Has Been Keeping A Really Sketchy Secret From You Since Forever,1,679,TRUE
Your Cable Company Has Been Keeping A Really Sketchy Secret From You Since Forever,0,680,FALSE
I Can't Wait To See The Obama Administration's Reply To This Amazing And Totally Ridiculous Petition,1,681,TRUE
"If This White House Petition Works, We Might FINALLY Get Somewhere In Congress",0,682,FALSE
The Most Honest Cable Company In The World Has A Message For You. A Really Jerky Message.,1,683,TRUE
The Most Honest Cable Company In The World Doesn't Think You'll Share This,0,684,FALSE
OMG. Exxon LITERALLY Just Spilled Oil In Your Backyard. Not Joking.,1,685,TRUE
"An Oil Company Spilled Massive Amounts Of Oil Again. This Time, It Is LITERALLY In Your Backyard.",0,686,FALSE
"If I Could Marry This Speech, I’d Be Buying A Wedding Dress Right Now ",1,687,TRUE
You Think You Know Inspiration? You Ain’t Heard Nothing Yet!,0,688,FALSE
World’s Largest Online Retailer Takes A Controversial Stand In The Least Controversial Way Possible,1,689,TRUE
World’s Largest Online Retailer Takes A Controversial Stand In The Least Controversial Way Possible,0,690,FALSE
A Photographer Asked People What They’d Like To Say To The World. Their Answers Will Blow You Away.,1,691,TRUE
Ink That Makes You Think,0,692,FALSE
So ... What Genius Thought It’d Be A Good Idea To Strip A City Of Its Democracy?,1,693,TRUE
Why Is The Fate Of Detroit In The Hands Of A Law Firm In Cleveland?,0,694,FALSE
World’s Largest Online Retailer Takes A Controversial Stand In The Least Controversial Way Possible,1,695,TRUE
Watch Amazon Do Society A Favor By Including All Of It,0,696,FALSE
The Canadian Project That Might Ruin Our Future,1,697,TRUE
How Some Filthy Rich Dudes Are Trying to Make The Rest Of Us...Filthy,0,698,FALSE
So ... What Genius Thought It’d Be A Good Idea To Strip A City Of Its Democracy?,1,699,TRUE
Why Is The Fate Of Detroit In The Hands Of A Law Firm In Cleveland?,0,700,FALSE
The Only Thing ‘Unnatural’ About Gay Marriage Is That There Aren’t Enough Ads Out There Like This,1,701,TRUE
Watch Amazon Take A Controversial Stand In The Least Controversial Way Possible,0,702,FALSE
"North Korea Would Ban This Video If They Could. Lucky For Us, They Can't.",1,703,TRUE
What Do You Do When North Korea Threatens To Punish Your Family When You Escape?,0,704,FALSE
This 9-Year-Old Kid Has More Wisdom In His 'Star Wars' Pajamas Than I Will Obtain In A Lifetime,1,705,TRUE
My Hospital Roommate Wears 'Star Wars' Pajamas. He's Going To Die. That's OK.,0,706,FALSE
You Won’t Believe What These Muslims Are Protesting About,1,707,TRUE
Muslim America Rocks — We Just Don’t Hear About It Often,0,708,FALSE
You Will Not Believe What It Takes To Escape North Korea,1,709,TRUE
How To Escape North Korea,0,710,FALSE
North Korea Doesn't Want You To See This And They'll Be Really Furious If You Share It,1,711,TRUE
North Korea Doesn't Want You To See This And They'll Be Really Furious If You Share It,0,712,FALSE
The Terrible Talking Point That Every Politician Uses,1,713,TRUE
The Truth Behind Everyone’s Favorite Immigration Talking Point,0,714,FALSE
"Air, People! This Car Runs Entirely On AIR!",1,715,TRUE
"MUST WATCH: The Pollution-Free, Air-Powered Car That’s Telling A Whole Industry To Go Kiss Its ‘Gas’",0,716,FALSE
This Adorable Kid Just Wants To Take A Girl On A Date. So Why Is That Such A Big Deal?,1,717,TRUE
"If You Can See Past The Super-Adorable Kid, There’s A Really Great Message Here",0,718,FALSE
"I Don’t Know Anything About Soccer, But This Is The Most Inspiring Goal I’ve Ever Seen",1,719,TRUE
These High School Athletes Were Winners Long Before The Game Ended,0,720,FALSE
This Is One Woman No Man (Or Building) Will Mess With Again,1,721,TRUE
What Should Both Violent Men And Property Owners Be Afraid Of? This Woman.,0,722,FALSE
The Risk Of Drowning Has Never Looked So Appealing,1,723,TRUE
"Uh-Oh, Earth. I Think This Gal’s Got A Little Crush On You",0,724,FALSE
You Won’t Believe What The Chinese Government Did To These 26 Million Children,1,725,TRUE
Meet The Man Who Took On The Chinese Government. And Won.,0,726,FALSE
"History May Not Remember This Speech, But I Guarantee That You Will",1,727,TRUE
This Speech On Gay Marriage Made 4 Years Ago Will Have You Cheering Right Now,0,728,FALSE
This Guy Says Plants Can Change People. So What If He Plants A Garden In A Gang-Ridden Neighborhood?,1,729,TRUE
Would You Eat Food Off The Sidewalks Of Los Angeles?,0,730,FALSE
How Kids Are Playing With Something Far More Dangerous Than Guns Every Day At School,1,731,TRUE
Why Giving Kids Forks And Knives Can Help Save Their Lives,0,732,FALSE
The Surprising And Creepy Place Where Men Still Act Like They Own Women,1,733,TRUE
Walking Down The Street Shouldn’t Feel Like A Game Of Dodgeball,0,734,FALSE
George Washington Took This Little Secret To His Grave.,1,735,TRUE
This Is Fish Porn. And It's Really Dirty.,0,736,FALSE
Our Nation's Capital Has A Secret. And It's Dirtier Than You Can Possibly Imagine.,1,737,TRUE
I Got A Fever And The Only Prescription Is To Make It Rain... Fish.,0,738,FALSE
DC's Dirty Little Secret About Fish And Sex.,1,739,TRUE
DC Has A Secret And It Has Everything To Do With Fish And Sex.,0,740,FALSE
The Mainstream Media Is Too Busy Covering War To Show You THIS,1,741,TRUE
Why Is This Kid Riding A Bomb?!,0,742,FALSE
Our Nation's Capital Has A Secret. And It's Dirtier Than You Can Possibly Imagine.,1,743,TRUE
SECRET: Fishing Is Like Sex...,0,744,FALSE
A Bunch Of Nerds Got Tired Of Cyberbullies So They Used Their Powers Of Science To Fight Them,1,745,TRUE
You Know Who Bullies Pick On? Nerds. You Know Who Stops Bullies With Science? Nerds.,0,746,FALSE
A Bunch Of Nerds Got Tired Of Cyberbullies So They Used Their Powers Of Science To Fight Them,1,747,TRUE
A Bunch Of Nerds Got Tired Of Cyberbullies So They Used Their Powers Of Science To Fight Them,0,748,FALSE
"They Had Polio And The Black Plague, We've Got This To Deal With",1,749,TRUE
"""Damn It."" -The Present. ""Sorry About That!"" -The Past.",0,750,FALSE
The Little Girl's Toy That Thousands Of Grown-Ass Men Can't Wait To Play With.,1,751,TRUE
What Happens When A Bunch Of Dudes Get Down With My Little Pony?,0,752,FALSE
What Lots Of Teachers Think But Are Scared To Say,1,753,TRUE
Who Ever Heard Of Parents Getting Homework?,0,754,FALSE
The Little Girl's Toy That Thousands Of Grown-Ass Men Can't Wait To Play With.,1,755,TRUE
The Little Girl's Toy That Thousands Of Grown-Ass Men Can't Wait To Play With.,0,756,FALSE
This Is A Spiritual Practice Everyone Should Get Behind,1,757,TRUE
"If Everyone Did This, We’d DEFINITELY Be Living In A More Peaceful World",0,758,FALSE
"If You Like Big Ideas, Then This Guy Has Got THE BIGGEST Idea You've Ever Heard",1,759,TRUE
You Don't Want To Miss This Psychedelic Anthem About The Power Of A Good Idea,0,760,FALSE
"They Had Polio And The Black Plague, We've Got This To Deal With",1,761,TRUE
I Rarely Want To Help Geniuses This Much,0,762,FALSE
Rape Culture Is Alive And Well In America Because Of These 6 Things,1,763,TRUE
The Infographic That Makes You Sick And Angry (In That Order),0,764,FALSE
The People We Love And Read About Are The Same People Destroying America,1,765,TRUE
The Hidden Cost Of Being Rich And Famous? You Start Ruining The Whole Country.,0,766,FALSE
One Of The Wrongest Harry Potter Related Anti-Abortion Signs You'll Ever See,1,767,TRUE
A Person Who Clearly Never Read The Harry Potter Books Has A Dumb Question,0,768,FALSE
"The One Word You Can’t Put On Your Package, If You Want It Delivered On Time",1,769,TRUE
This Is Bias. Proved With Numbers.,0,770,FALSE
"Only One Major City Wasn't Rioting The Day Martin Luther King Jr. Was Shot, And This Is Why",1,771,TRUE
45 Years Ago We Lost Martin Luther King Jr. To Bigotry. Only One City Remained Calm. Here's Why.,0,772,FALSE
Meet The Woman Who Has A 20% Chance Of Living Because Of One Company's Greed,1,773,TRUE
That Horrible Moment When Corporate Greed Stands In The Way Of Fighting Cancer,0,774,FALSE
"Only One Major City Wasn't Rioting The Day Martin Luther King Jr. Was Shot, And This Is Why",1,775,TRUE
Martin Luther King Was Murdered For The Power Of His Words. This Brought Some Of That Power Back.,0,776,FALSE
Jon Stewart Pins Down The Right Wing Media With Their Own Words,1,777,TRUE
Jon Stewart Pins Down The Media With Their Own Words,0,778,FALSE
An Iraq War Veteran Provides A Shocking Demonstration With His Weapon,1,779,TRUE
I Bet This Weird Gray Torso Thing Wishes There Were Background Checks,0,780,FALSE
Finally: A Kid’s Show That Isn’t Peddling Obesity And Actually Respects Kids,1,781,TRUE
This Hiptastic Children’s Show Makes Me Want To Be A Kid Again,0,782,FALSE
"It's Hard Enough Convincing Some Women They Need Feminism, So When A Dude Gets It...",1,783,TRUE
Waitaminute! Why Does This MAN Need Feminism?,0,784,FALSE
It's Annoying When Rock Stars Complain About Their Fans. But Not When They Do It Like This.,1,785,TRUE
I Wish This Brilliant Rocker Was Still Around Today Telling People Not To Buy His Album,0,786,FALSE
Are These REALLY The Most Dangerous People In America?,1,787,TRUE
Take A Look At These American Trespassers,0,788,FALSE
I Hate When Rock Stars Complain About Their Fans. But Not When They Do It Like This.,1,789,TRUE
This Rock Star Suffered From Severe Depression. But That's Not Why He Hated These Fans.,0,790,FALSE
8 Things Women Want That Most Men Take For Granted,1,791,TRUE
What Women Want Is So Much More Than A Terrible Film Starring Mel-Effing-Gibson,0,792,FALSE
Rapper Brags About Being Arrested. Because He Was Arrested For Doing Something Really Good.,1,793,TRUE
"Yes, This Is Actually What Rap Music Is Like In Minnesota",0,794,FALSE
Watch Roger Ebert Tell A Sanctimonious White Dude To Shut His Preachy Race-Obsessed Pie Hole,1,795,TRUE
The One Where Roger Ebert Tells A Sanctimonious White Dude To Stop Telling Asians How To Act Asian,0,796,FALSE
See The Video That Got This Terrific Tree Hugger Fired,1,797,TRUE
Meet The Coolest Tree Hugger Ever,0,798,FALSE
"WTF: Lindsay Lohan Might Never Go To Jail, But These Hardworking Kids Totally Will?",1,799,TRUE
"WTF: Lindsay Lohan Might Never Go To Jail, But These Hardworking Kids Totally Will?",0,800,FALSE
Watch An Anti-Tax Lobbyist Get Schooled On How Science Works By A 19-Year-Old College Kid,1,801,TRUE
Watch An Anti-Tax Lobbyist Get Schooled On How Science Works By A 19-Year-Old College Kid,0,802,FALSE
This Rock Star's Odd Request Was Actually Totally Brilliant,1,803,TRUE
This Rock Star Suffered From Severe Depression. But That's Not Why He Hated These Fans.,0,804,FALSE
Teacher Caught On Camera Making A Student Cry. It’s Actually Pretty Amazing.,1,805,TRUE
This Teacher Is Pushing His Kids Around. That’s Why They Love Him So Much.,0,806,FALSE
Remember Sandy Hook? Apparently The Senate Doesn't.,1,807,TRUE
Remember Sandy Hook? Apparently The Senate Doesn't.,0,808,FALSE
I Can Barely Wait For A Bus. This Woman Has Waited Her Entire Life.,1,809,TRUE
Could You Keep Waiting For Your Child To Come Home After Everyone Else Has Given Up?,0,810,FALSE
College Kid Forced To Remind Know-It-All Economist That He's Actually Not A Scientist,1,811,TRUE
Watch An Anti-Tax Lobbyist Get Schooled On How Science Works By A 19-Year-Old College Kid,0,812,FALSE
This Would Almost Be Funny If It Wasn't Spreading Lies And Homophobia,1,813,TRUE
Being Gay Causes Breast Cancer' And Other Lies Being Spread By Anti-Gay Pastors,0,814,FALSE
College Kid Forced To Remind Know-It-All Economist That He's Actually Not A Scientist,1,815,TRUE
College Kid Forced To Remind Wall Street Journal Economist That He's Actually Not A Scientist,0,816,FALSE
The Scariest Horror Film Of The Year Is Actually A Documentary,1,817,TRUE
Are You Unlucky Enough To Be Witnessing The Death Of America's Middle Class?,0,818,FALSE
College Kid Forced To Remind Know-It-All Economist That He's Actually Not A Scientist,1,819,TRUE
College Kid Forced To Remind Know-It-All Economist That He's Actually Not A Scientist,0,820,FALSE
How Do You Handle Gay Football Players In The NFL? Here's Archie Bunker's Wise 42-Year-Old Lesson.,1,821,TRUE
"We May Not Call Them La-Dee-Dahs Anymore, But Why Do We Think The Same Way About Gay Athletes? ",0,822,FALSE
Can You Guess What All These Incredible Women Have In Common?,1,823,TRUE
See How Moms Across The World Are Supporting Each Other,0,824,FALSE
"This Filmmaker Could Have Been Killed At Any Moment, But He Kept The Camera Rolling Anyway",1,825,TRUE
"This Filmmaker Could Have Been Killed At Any Moment, But He Kept The Camera Rolling Anyway",0,826,FALSE
Mad Respect For These Hardworking Moms Who Are Taking Care Of The World,1,827,TRUE
"It's Not Mother's Day, But I'm Celebrating These Moms Anyway",0,828,FALSE
A Young Boy Goes Missing And One Person Waits An Entire Lifetime For His Return,1,829,TRUE
How Long Could You Wait To See Your Baby Again?,0,830,FALSE
A Young Boy Goes Missing And One Person Waits An Entire Lifetime For His Return,1,831,TRUE
A Young Boy Goes Missing And One Person Waits An Entire Lifetime For His Return,0,832,FALSE
Could We Make College Free? You Bet Your Ass We Could.,1,833,TRUE
Could America Create A Doomsday Device And Educate All Americans At The Same Time?,0,834,FALSE
Check Out This Hilarious But Real Prank A Bank Pulled On Men,1,835,TRUE
"This Might Look Like An Episode Of 'Punk'd,' But It's Real",0,836,FALSE
Do You Know Which College Majors Have The Highest And Lowest Employment Rates?,1,837,TRUE
Teachers: Still Hot After All These Years,0,838,FALSE
"Wow, The Newest Anti-Gay-Marriage Arguments Are Getting Even Crazier",1,839,TRUE
Jesus Was Definitely Anti-Gay-Marriage Because He Was An Early Biologist?,0,840,FALSE
What’s The Most Quietly Despised One-Fifth Of America Nobody’s Talking About?,1,841,TRUE
Guess Which Socially Vilified Group Needs An Extreme Makeover?,0,842,FALSE
America Put This Famous Gay Space Dude In Jail When He Was 5 Years Old. Now He's On Broadway?,1,843,TRUE
He Went To Jail At Age 5. Then He Went To Space. Now He's On Broadway?!?,0,844,FALSE
America Is #1 In A Lot Of Things. This Shouldn’t Be One Of Them.,1,845,TRUE
America Is #1 In A Lot Of Things. Why Is THIS One Of Them?,0,846,FALSE
America Put This Famous Gay Space Dude In Jail When He Was 5 Years Old. Now He's Going Where?,1,847,TRUE
Everything You Wanted To Know About Gay Broadway Space Prisoners-Of-War But Were Afraid To Ask,0,848,FALSE
America Is #1 In A Lot Of Things. This Shouldn’t Be One Of Them.,1,849,TRUE
The War On Drugs Is Over. Guess Who Won?,0,850,FALSE
Now Here’s A President Who Gets Kids,1,851,TRUE
What’s This Kid Going To Do When He Grows Up? He’s Already President.,0,852,FALSE
America Put This Famous Gay Space Dude In Jail When He Was 5 Years Old. Now He's Going Where?,1,853,TRUE
America Put This Famous Gay Space Dude In Jail When He Was 5 Years Old. Now He's Going Where?,0,854,FALSE
Now Here’s A President Who Gets Kids,1,855,TRUE
Now Here’s A President Who Gets Kids,0,856,FALSE
"Man Lands In America, He Wasn't Born Here, But We Let Him Stay. Do You Know His Name?",1,857,TRUE
Ka-Pow! What's Your Answer To The Superman Question?,0,858,FALSE
"Here's How Immigration Works, And I Still Don't Get It",1,859,TRUE
Want To Work In America? Go Back In Time And Get In Line At Ellis Island,0,860,FALSE
This Rapper Just Schooled Us All. Incredible.,1,861,TRUE
The Hottest Beat Ever Dropped In Science Class,0,862,FALSE
"This Might Be Why I Thought ""Harry Potter"" Was Written By A Dude For So Long",1,863,TRUE
"We've Elected Women And Put Them In Space, So Why Is It So Hard To Find Them HERE?",0,864,FALSE
"If You Enjoy When Rich People Fail, You’ll Love This Chart",1,865,TRUE
The Biggest Financial Busts In History In One Easy-To-Read Chart,0,866,FALSE
"This Doctor Went Underwater, And She Emerged Sopping Angry",1,867,TRUE
How Much Longer Until Mermaids Are Bugging Us To Use Our Bathtubs?,0,868,FALSE
"If Every State Did This One Thing, More Women Would Be Alive Today",1,869,TRUE
Here's How We Can Make Sure That Having A Gun Doesn't Mean Someone Innocent Dies,0,870,FALSE
This Man Thought He Was Going To Die. His Daughter Was Thinking Something Else Entirely.,1,871,TRUE
When’s Too Soon To Give Your Child A Cell Phone? Depends On If You Want To Live Or Not.,0,872,FALSE
The Random Internet Quote Guaranteed To Give You The Chills,1,873,TRUE
This Amazing Quote Really Puts It All In Perspective,0,874,FALSE
Hello Africa. Have You Picked Yourself Off The Floor Yet?,1,875,TRUE
My Big Fat Gay African Traditional Wedding,0,876,FALSE
"Like Being A Woman In America Isn't Hard Enough, Now We Have To Worry About This?",1,877,TRUE
"If Every State Did This One Thing, More Women Would Be Alive Today",0,878,FALSE
One Comedian Picks On Adele. Then Another Comedian Turns It Into A (NSFW) Teaching Moment.,1,879,TRUE
Joan Rivers Picks On Adele. Then This Comedian Turns It Into A (NSFW) Teaching Moment.,0,880,FALSE
What Do Facebook And Wal-Mart Have In Common?,1,881,TRUE
Why Getting Things For Free Can Actually Be Dangerous,0,882,FALSE
Watch The Best TV Show Ever Destroy American Educational Policy In Less Than 2 Minutes,1,883,TRUE
If This Is What’s Really Going Down In Schools... We. Are. SCREWED.,0,884,FALSE
"When This Guy Stopped Worrying About Looking Normal, He Became Superhuman",1,885,TRUE
"When This Guy Stopped Worrying About Looking Normal, He Became Superhuman",0,886,FALSE
Seeing A Woman Say Things Like This About Other Women… You Bet I Get The Warm 'N' Fuzzies,1,887,TRUE
"Be Cool, Everyone. This Is A Woman Speaking Her Mind. ",0,888,FALSE
"If Homophobes And Bigots Are Getting You Down, Give Yourself A Pick-Me-Up",1,889,TRUE
Something Tells Me The Next 2 Minutes Of This Video Are Going To Be Very Enjoyable,0,890,FALSE
There Is Bravery In This World. A 9-Year-Old Kid In Star Wars Pajamas Taught Me That.,1,891,TRUE
The Best Part About Being Sick Is That You Get All The Free Ice Cream You Want. The Worst Part Is-,0,892,FALSE
This 9-Year-Old Kid Has More Wisdom In His 'Star Wars' Pajamas Than I Will Obtain In A Lifetime,1,893,TRUE
My Hospital Roommate Wears 'Star Wars' Pajamas. He's Going To Die. That's OK.,0,894,FALSE
That Thing They Teach You About In Health Class Isn't Nearly As Dangerous As It Used To Be,1,895,TRUE
F*ck AIDS. Ferreal.,0,896,FALSE
This 9-Year-Old Kid Has More Wisdom In HIs 'Star Wars' Pajamas Than I Will Obtain In A Lifetime,1,897,TRUE
This 9-Year-Old Kid Has More Wisdom In HIs 'Star Wars' Pajamas Than I Will Obtain In A Lifetime,0,898,FALSE
We Couldn't Decide Wether Or Not To Accuse Google Of Not Caring About Your Privacy In This Headline,1,899,TRUE
Google Might Be Cool With Letting The Government Spy On You. We Aren't Sure Because They Won't Say.,0,900,FALSE
We Couldn't Decide Wether Or Not To Accuse Google Of Not Caring About Your Privacy In This Headline,1,901,TRUE
Google May Or May Not Be Game To Give All Your Private Info To The Feds. We Have No Idea Either Way.,0,902,FALSE
"What Does It Mean To NOT Be A Girl? Everything, apparently. ",1,903,TRUE
What Group Of People Is So Powerful No One Wants To Be In It?,0,904,FALSE
"I Can't Believe Kids Aren't ALREADY Learning This In School. No Wait, Yes I Can.",1,905,TRUE
1 Simple Lesson Plan That Could Make The World A Safer Place For Everyone,0,906,FALSE
Does Anyone Have Mark Zuckerberg's Cell Number? Something Awful Might Happen To Your Facebook Stuff.,1,907,TRUE
Does Anyone Have Mark Zuckerberg's Cell Number? Something Awful Might Happen To Your Facebook Stuff.,0,908,FALSE
Say Hello To The Hospital That's Going Out Of Its Way To Discriminate Against A Gay Couple,1,909,TRUE
Can You Imagine Getting Arrested For Refusing To Leave You Partner's Bedside? This Man Was.,0,910,FALSE
"I Can't Believe Kids Aren't ALREADY Learning This In School. No Wait, Yes I Can.",1,911,TRUE
Stop Teaching Kids About Sex After Marriage And Start Teaching Them About Sex After 'Yes'!,0,912,FALSE
Elizabeth Warren Forced To Lecture Bank Regulator Like He's A Child Who Did Something Awful,1,913,TRUE
Senator Warren Raised 2 Kids AND Knows Everything About Bank Regulation. Which Explains This Video.,0,914,FALSE
"Hey, Bank Regulators: If You Are Gonna Be Questioned By Senator Warren, Don't Ever Say This",1,915,TRUE
"If You Go Into Senator Warren's Banking Hearing, You Better Bring Something To Reduce The Swelling",0,916,FALSE
Watch A Bank Regulator Squirm As Senator Warren Holds Him Accountable For His Awful Words,1,917,TRUE
The One Where Senator Warren Has To Teach An Awful Bank Regulator How To Do His Damn Job,0,918,FALSE
Sigh. Elizabeth Warren Embarrasses Bank Regulators To Their Faces. Again.,1,919,TRUE
"Hey, Bank Regulators: If You Are Gonna Be Questioned By Senator Warren, Don't Ever Say This",0,920,FALSE
Sigh. Elizabeth Warren Embarrasses Some Bank Regulators To Their Faces. Again.,1,921,TRUE
Sigh. Elizabeth Warren Embarrasses Some Bank Regulators To Their Faces. Again.,0,922,FALSE
Sigh. Elizabeth Warren Embarrasses Some Bank Regulators To Their Faces. Again.,1,923,TRUE
Confused Bank Regulators: 'We Might Not Help Average Americans.' Senator Warren: 'Wrong Answer.',0,924,FALSE
" If You Hate It When Companies Get Away With Not Paying Taxes, Here's A Way To Vent Productively",1,925,TRUE
This Is Way More Fun Than Paying Your Taxes. It's Also Way More Horrifying.,0,926,FALSE
A Terrified Child Genius Saves His Own Life With Engineering Skills,1,927,TRUE
A Child Genius Using His Engineering Skills To Save His Own Life,0,928,FALSE
" If You Hate It When Companies Get Away With Not Paying Taxes, Here's A Way To Vent Productively",1,929,TRUE
You Remember Space Invaders? There's A New Version With A Way Scarier Real Life Villain.,0,930,FALSE
" If You Hate It When Companies Get Away With Not Paying Taxes, Here's A Way To Vent Productively",1,931,TRUE
You Remember Space Invaders? There's A New Version With A Way Scarier Real Life Villain.,0,932,FALSE
" If You Hate It When Companies Get Away With Not Paying Taxes, Here's A Way To Vent Productively",1,933,TRUE
"Don't Worry, You Can Play This Game At Work. All Your Bosses Do.",0,934,FALSE
I Dare You To Watch This And Hold Back The 'Hoo-ah!',1,935,TRUE
Lost Everything? Patriotism Is About To Storm Through Your Door.,0,936,FALSE
I'm Finding It Really Hard To Say Something Nice About This Horribly Well-Designed Map,1,937,TRUE
"If I Spilled My Coffee On You Every Other Day, Would You Be Calm About It?",0,938,FALSE
I Dare You To Watch This And Hold Back The 'Hoo-ah!',1,939,TRUE
"If Every American Had An Ounce Of This Talent, Courage, And Patriotism...",0,940,FALSE
"If You Hate It When Companies Get Away With Not Paying Taxes, Here's A Way To Vent Productively",1,941,TRUE
"If You Hate It When Companies Get Away With Not Paying Taxes, Here's A Way To Vent Productively",0,942,FALSE
This Is Why Journalism Has Sucked For The Past 20 Years,1,943,TRUE
Why Good Journalists Get Fired And Bad Journalists Get Promoted,0,944,FALSE
"If You Can Guess How Much BP Paid In Taxes In 2010, I'll Pay You Double What They Paid",1,945,TRUE
"If You Hate It When Corporations Get Away With Not Paying Taxes, Here's A Way To Vent Productively",0,946,FALSE
This Is What Bigoted People Sounded Like Less Than 10 Years Ago,1,947,TRUE
"You (Yes, YOU) Are Responsible For Turing This Behavior Into Political Suicide",0,948,FALSE
Go Ahead. Try To Watch This And Hold Back A 'Hoo-ah!',1,949,TRUE
Watch A Bunch Of Soldiers Invade Our Own Country. For A Good Reason.,0,950,FALSE
Go Ahead. Try To Watch This And Hold Back A 'Hoo-ah!',1,951,TRUE
A Bunch Of American Solders Are Invading Our Own Country. For This.,0,952,FALSE
What The End Of Your Day Would Look Like If These People Had Their Way,1,953,TRUE
The Answer That Could Bring World Peace. Or Get One Lady New Shoes.,0,954,FALSE
Watch This Mother Take Down The Gun Lobby In Less Than A Minute,1,955,TRUE
I Tuned In For The President. I Walked Away With A Broken Heart.,0,956,FALSE
"This Scottish Crap Might Save The Lives Of 50,830 Americans Every Year",1,957,TRUE
Test Your ___! Test Your ___! Test Your ___!,0,958,FALSE
Watch A Bunch Of American Soldiers Invade Our Own Country. For A Good Reason.,1,959,TRUE
Watch A Bunch Of American Soldiers Invade Our Own Country. For A Good Reason.,0,960,FALSE
One Key Difference Between Being Gay And Trying To Poison Your Neighbor’s Cat,1,961,TRUE
Why It Could Be A Sin To Cook Somebody A Nice Dinner,0,962,FALSE
"If BP Made $36 Billion In 2010, And Their Tax Rate Is 35%, How Big Was Their Tax Bill?",1,963,TRUE
"POP QUIZ: If BP Made $36 Billion In 2010, And Their Tax Rate Is 35%, How Big Was Their Tax Bill?",0,964,FALSE
"When You Ask People Who Their Favorite Superhero Is, A Pattern Starts To Emerge...",1,965,TRUE
"Good News, Fans Of Kick-Ass Lady Superheroes!",0,966,FALSE
Do You Know The REAL Feminist History Of One Of The Toughest Lady Superheroes Of All Time?,1,967,TRUE
Do You Know The REAL Feminist History Of One Of The Toughest Superheroes Of All Time?,0,968,FALSE
This Is Why Journalism Has Sucked For The Past 20 Years,1,969,TRUE
Your News Has More In Common With Your High School Prom King Than With Reality,0,970,FALSE
This Is What Bigoted People Sounded Like Less Than 10 Years Ago,1,971,TRUE
Remember What Homophobic People Used To Be Able To Say On Television?,0,972,FALSE
Watch A Bunch Of American Soldiers Invade Our Own Country. For A Good Reason.,1,973,TRUE
Watch A Bunch Of American Soldiers Invade Our Own Country. For A Good Reason.,0,974,FALSE
2 People Described The Same Person To A Forensic Artist And This Is What Happened,1,975,TRUE
"You Don't Need A Man To Tell You You're Beautiful. A Forensic Artist, Though… ",0,976,FALSE
She Thought She Was Alone Until She Shared Her Music With The World,1,977,TRUE
The Album That Did A Heckuva Lot More Than Just Sell Copies,0,978,FALSE
Guess What? I Just Discovered The Trick To Paying No Taxes!,1,979,TRUE
Guess What? I Just Discovered The Trick To Paying No Taxes!,0,980,FALSE
This Guy Was A Slave. In 1998. In America. I'm Not Joking.,1,981,TRUE
"At Least Slavery Doesn't Happen In The United States Anymore? Right? Wait, What?",0,982,FALSE
2 People Described The Same Person To A Forensic Artist And This Is What Happened,1,983,TRUE
How Did This Artist Draw 7 Women Perfectly Without Ever Seeing Their Faces?,0,984,FALSE
Why You’re Being Smart For Not Liking This Little Girl,1,985,TRUE
Scam alert! Look Before You “Like” Facebook Users.,0,986,FALSE
This Guy Takes On The Topic That’s Got So Many Of Us Stark Raving Squeamish,1,987,TRUE
Find Out The Reason Strom Thurmond Was So Ornery,0,988,FALSE
I Wish All The People Who Love Gay Rights Would Just Stop Talking On Friday,1,989,TRUE
How To Get Gay People To Stop Talking About Equal Rights (And Straight Supporters Too),0,990,FALSE
She Has Two Fathers And It Makes Her So Happy She’s Singing About It,1,991,TRUE
A Wonderful Song About A Kid Who Has Two Fathers,0,992,FALSE
"What’s This Straight, White Dude Carrying That Made Him A Hero To Many?",1,993,TRUE
"This Straight, White Dude Is Standing Under Something That Makes Me Really Hopeful",0,994,FALSE
"The 1 Chart That Most Sane, Reasonable Folk, And Taco Bell, Will Be Really Happy About",1,995,TRUE
CHART: Proof Americans Have More Common Sense Than Ever Before,0,996,FALSE
CHART: Proof Americans Have More Common Sense Than Ever Before,1,997,TRUE
"This Is What Happens After Decades Of A Ridiculous, Non-Sensical War",0,998,FALSE
"Want Another Reason To Turn Off Fox News? You’re Welcome 
",1,999,TRUE
Behind Organized Hate’s Playbook,0,1000,FALSE
Her Parents Are Cool And Sometimes Strict And Definitely Both Dads,1,1001,TRUE
"2 Dads, 2 Kids, 1 Sweet Little Song",0,1002,FALSE
"If You Watch This Video, You Probably Won’t Need To Turn On Fox News For A Few Months",1,1003,TRUE
Behind Organized Hate’s Playbook,0,1004,FALSE
"Mr. Rogers Said, 'Look For The Helpers.' They’re Hard To Find In This Video.",1,1005,TRUE
Would You Get Involved If You Saw Someone Suffering Like This?,0,1006,FALSE
The Future Of Marriage Equality In One Stunning Chart,1,1007,TRUE
CHART: The Incredible Rise Of Gay Marriage,0,1008,FALSE
If You Saw Someone Bullying A Kid For Being Gay Would You Speak Out? Me Too. Unless It's Friday.,1,1009,TRUE
If You Saw Someone Bullying A Kid For Being Gay Would You Speak Out? Me Too. Unless It's Friday.,0,1010,FALSE
"Just When You’re Beaten Down For Being Different, Something  Amazing Happens",1,1011,TRUE
The Painful Way To Become Facebook Famous,0,1012,FALSE
If You Saw Someone Bullying A Kid For Being Gay Would You Speak Out? Me Too. Unless It's Friday.,1,1013,TRUE
If You Think Gay People Should Have Equal Rights Under The Law You Should Stop Talking,0,1014,FALSE
"Keeping Track Of How Many Lives Rap Music Has Saved? If So, Add This Girl To Your List.",1,1015,TRUE
"Keeping Track Of How Many Lives Rap Music Has Saved? If So, Add This Girl To Your List.",0,1016,FALSE
Only A Kid Could Write To A Homeless Shelter And Get This Great Response,1,1017,TRUE
Advice From The Homeless For The Little Kid Who Wants To Help Them,0,1018,FALSE
If You Saw Someone Bullying A Kid For Being Gay Would You Speak Out? Me Too. Unless It's Friday.,1,1019,TRUE
If You Saw Someone Bullying A Kid For Being Gay Would You Speak Out? Me Too. Unless It's Friday.,0,1020,FALSE
New Zealand’s 8-Minute Long PSA On Preventing Rape Is The Most Powerful Thing You’ll See Today,1,1021,TRUE
"When You Play This Party Video Backwards, It Reveals A Secret Message",0,1022,FALSE
"Sometimes Corporate Tax Breaks Are Cartoonishly Unfair. This Time, For Instance.",1,1023,TRUE
Guess What? I Discovered The Secret To Paying No Taxes!,0,1024,FALSE
"If ‘Lolita’ Were Ever To ‘Hitchhike’ With A ‘Stranger’ To An ‘Animal Farm,’ It Would Look Like This",1,1025,TRUE
This Is What A Crowdsourced Library Looks Like,0,1026,FALSE
"Ohhhh, So THIS Is What A Grown-Up Government’s Supposed To Look Like",1,1027,TRUE
This Group Solved The Global Income Inequality Crisis So You Won’t Have To,0,1028,FALSE
This Is What It Looks Like When Education Becomes Exploitation,1,1029,TRUE
Being An NCAA Athlete Is Hot. Being Exploited For Your Work Is Not.,0,1030,FALSE
These Talented Artists Said Everything By Saying Almost Nothing At All,1,1031,TRUE
The Future Of Advocacy Just Gently Caressed Your Eyeballs,0,1032,FALSE
You Know What The Founding Fathers Said About Your Right To Bear Arms? This.,1,1033,TRUE
"So, Um, THESE Were The Guns The Founding Fathers Were Talking About. Just FYI.",0,1034,FALSE
"Sometimes Corporate Tax Breaks Are Cartoonishly Unfair. This Time, For Instance.",1,1035,TRUE
Guess What? I Discovered The Trick To Paying No Taxes!,0,1036,FALSE
You Know What The Founding Fathers Said About Your Right To Bear Arms? This.,1,1037,TRUE
You Know What The Founding Fathers Said About Your Right To Bear Arms? This.,0,1038,FALSE
This Is What Happens When A Diet Ad Goes Rogue,1,1039,TRUE
Diet Ads You’ve Been Busted,0,1040,FALSE
The City Of Boston Sings The Most Heartfelt Rendition Of The National Anthem I've Ever Heard,1,1041,TRUE
The City Of Boston Sings The National Anthem To America. It's Beautiful.,0,1042,FALSE
The City Of Boston Sings The Most Heartfelt Rendition Of The National Anthem I've Ever Heard,1,1043,TRUE
The City Of Boston Sings The Most Heartfelt Rendition Of The National Anthem I've Ever Heard,0,1044,FALSE
I Have A Really Secret Way To Help Protect Gay Kids From Bullying,1,1045,TRUE
4 Out Of 5 Gay Kids Have Been Victims Of Bullying And Violence. Here's Something You Can Do To Help.,0,1046,FALSE
"I Have A Really Secret Way To Help Protect Gay Kids From Bullying
",1,1047,TRUE
Shhhh. This Kid Needs Your Help With Some Bullies.,0,1048,FALSE
This New Zealand Politician Unleashes One Of The Funniest Gay Marriage Speeches On Record,1,1049,TRUE
"Find Out Why This Politician Said ‘Big Gay Rainbow’ In A Real, Live Floor Debate",0,1050,FALSE
Meet The Horrifying Demon That Has Crept Into Our School System,1,1051,TRUE
Why Macaroni Art Could Threaten The Careers Of Countless College Professors,0,1052,FALSE
The Future Of Marriage Equality In 1 Stunning Chart,1,1053,TRUE
CHART: The Incredible Rise Of Gay Marriage,0,1054,FALSE
Here's Why You Don't Mess With A Feminist And Her Laptop,1,1055,TRUE
Why I Never Want To See Another Article Asking Where All The Feminists Have Gone,0,1056,FALSE
Jon Stewart Rips Into CNN For Lying About The Boston Marathon,1,1057,TRUE
People Who Watch CNN Know Less About The Boston Marathon Than People Who Haven't Even Heard Of It,0,1058,FALSE
A Right-Wing Bully Bullies A Bunch Of Gay Teens To Stop Them From Stopping Bullying,1,1059,TRUE
A Right-Wing Bully Bullies A Bunch Of Gay Teens To Stop Them From Stopping Bullying,0,1060,FALSE
"How The Boston Bomber Was Identified, Arrested, Got A Tan And Disappeared In Just A Few Hours
",1,1061,TRUE
WTF Happened In Boston The Day After The Bombings? A Handy Guide To The Arrest Clusterf$&k.,0,1062,FALSE
A Right-Wing Bully Bullies A Bunch Of Gay Teens To Stop Them From Stopping Bullying,1,1063,TRUE
A Right-Wing Bully Bullies A Bunch Of Gay Teens To Stop Them From Stopping Bullying,0,1064,FALSE
Being Homeless Isn't Necessarily The Worst Living Situation,1,1065,TRUE
Being Homeless Isn't Necessarily The Worst Living Situation,0,1066,FALSE
"A Whole Country Decided To Legalize Gay Marriage. In Response, They Got What They Deserved.",1,1067,TRUE
This Is My Favorite Song Sung By A Legislative Branch Of Government Celebrating Gay Marriage EVER,0,1068,FALSE
"A Lawyer, A Wizard, And A Vampire All Walk Into An Infographic...",1,1069,TRUE
"If ‘Lolita’ Were Ever To ‘Hitchhike’ With A ‘Stranger’ To An ‘Animal Farm,’ It Would Look Like This",0,1070,FALSE
These Talented Artists Said Everything By Saying Almost Nothing At All,1,1071,TRUE
The Fine Art Of Popular Dissent,0,1072,FALSE
This Is What Happens When You Allow Gay People To Get Married In Your Country,1,1073,TRUE
This Is What Happens When You Allow Gay People To Get Married In Your Country,0,1074,FALSE
This Video About Mind Blowing Brain Theories Might Just Blow Your Mind,1,1075,TRUE
How The Brain Is Like The Human Version Of Peacock Feathers,0,1076,FALSE
"This Is How The World Doesn't End, Not With A Whimper, But With The Click Of Your Camera Lens?",1,1077,TRUE
"This Is Not How The World Will End. At Least, Not If These People Can Help It. ",0,1078,FALSE
"If You're A Human Being, You're Going To Want To See This",1,1079,TRUE
What Do 1 Billion People Do Once A Year?,0,1080,FALSE
"If You're A Human Being, You're Going To Want To See This",1,1081,TRUE
What Do 1 Billion People Do EVERY Year?,0,1082,FALSE
"If You Watch Hilary Swank Push A Whiny Senator, $1 Will Go To Punching Malaria In The Face",1,1083,TRUE
"If You Watch Hilary Swank Annoy A Whiny Senator, You'll Help Punch Malaria In The Face",0,1084,FALSE
Why You Shouldn't Want To Know Any More About The Boston Marathon Bombers,1,1085,TRUE
What's Better Than Reading All About The Boston Bombing Suspects?,0,1086,FALSE
Would You Sleep In An Apartment Furnished Like This?,1,1087,TRUE
Sometimes Having An Apartment Is Just As Bad As Being Homeless,0,1088,FALSE
How A Talk Show Host Found Out The Hard Way There Are Some Things Bob Costas Won’t Joke About,1,1089,TRUE
Bob Costas Has A Bone To Pick With The Masters,0,1090,FALSE
The Feds Will Not Be Cutting Your Social Security. They'll Just Be Decreasing Your Benefits By 10%.,1,1091,TRUE
Will The Government Cut Your Social Security? It Depends On How You Define Cuts.,0,1092,FALSE
The Feds Will Not Be Cutting Your Social Security. They'll Just Be Decreasing Your Benefits By 10%.,1,1093,TRUE
The Feds Will Not Be Cutting Your Social Security. They'll Just Be Decreasing Your Benefits By 10%.,0,1094,FALSE
"The One Where The Weather Lady Starts Telling The Truth. A Little Too Much Truth, Frankly.",1,1095,TRUE
The One Where The Weather Lady Freaks Out On Live TV,0,1096,FALSE
"The One Where The Weather Lady Starts Telling The Truth. A Little Too Much Truth, To Be Honest.",1,1097,TRUE
The One Where The Weather Lady Starts Telling The Truth.,0,1098,FALSE
"The One Where The Weather Lady Starts Telling The Truth. A Little Too Much Truth, To Be Honest.",1,1099,TRUE
"The One Where The Weather Lady Starts Telling The Truth. A Little Too Much Truth, To Be Honest.",0,1100,FALSE
"I Can't Believe What The Government Is Planning To Do To Your Poor, Gentle, Sweet, Old Grandma",1,1101,TRUE
"I Can't Believe What The Government Is Planning To Do To Your Sweet, Gentle, Old Grandma",0,1102,FALSE
"I Can't Believe What The Government Is Planning To Do To Your Poor, Gentle, Sweet, Old Grandma",1,1103,TRUE
"I Can't Believe What The Government Is Planning To Do To Your Poor, Gentle, Sweet, Old Grandma",0,1104,FALSE
The Most Passive Aggressive Way To Cure Malaria Using Elizabeth Banks I Have Ever Seen,1,1105,TRUE
"A Bearded Lady, A Supermodel, Jerky Puppies, Competitive Eating And Malaria Walk Into A Bar",0,1106,FALSE
The Most Passive Aggressive Way To Cure Malaria Using Elizabeth Banks I Have Ever Seen,1,1107,TRUE
The Most Passive Aggressive Way To Cure Malaria Using Elizabeth Banks I Have Ever Seen,0,1108,FALSE
"This Desert Miracle Can Only Mean One Of Two Things: Engineers Rule, Or There Are Wizards Afoot",1,1109,TRUE
"This Wild Invention Brings A Whole New Meaning To The Phrase ‘Make It Rain’
",0,1110,FALSE
The Most Passive Aggressive Way To Cure Malaria Using Elizabeth Banks I Have Ever Seen,1,1111,TRUE
"What Do A Bearded Lady, A Supermodel, Jerky Puppies, Competitive Eating And Malaria Have In Common?",0,1112,FALSE
The Most Passive Aggressive Way To Cure Malaria Using A Famous Actress I Have Ever Seen,1,1113,TRUE
"You Know What You Get When You Mix A Famous Actress, A Bearded Lady, And Some Stupidly Cute Puppies?",0,1114,FALSE
The Most Passive Aggressive Way To Cure Malaria Using Elizabeth Banks I Have Ever Seen,1,1115,TRUE
The Most Passive Aggressive Way To Cure Malaria Using Elizabeth Banks I Have Ever Seen,0,1116,FALSE
"Why Was This Second-Year Med Student Deprived Of 1,138 Rights Most Americans Have?",1,1117,TRUE
"How To Improve Our Quality Of Life, One Gay Marriage At A Time",0,1118,FALSE
Watch Men Playing The Coldest Major Professional Sport Warm Your Heart By Doing The Right Thing,1,1119,TRUE
"The NHL Just Made A Bold Statement On Society. NBA, NFL, MLB, Are You Listening?",0,1120,FALSE
"If There Are 2 Things I Learned From 'Star Trek,' It's This, And Also Tribbles Are A Pain In The A**",1,1121,TRUE
What We Can Learn From One Of The Greatest Science Fiction Shows Of All Time,0,1122,FALSE
"If You Watch Hilary Swank Annoy A Whiny Senator, A Charity Will Punch Malaria In The Face",1,1123,TRUE
"If You Watch Hilary Swank Push A Whiny Senator, A Charity Will Punch Malaria In The Face",0,1124,FALSE
Do You Know What’s Being Largely Overlooked In The Marriage Equality Debate?,1,1125,TRUE
"Why Was This Second-Year Med Student Deprived Of 1,138 Rights Most Americans Have?",0,1126,FALSE
The Real Reason The Star Trek Franchise Is Still Making Buckets Of Money,1,1127,TRUE
"If There Are 2 Things We Learned From 'Star Trek,' It's This, And Also Tribbles Don't Make Good Pets",0,1128,FALSE
"Two Years Ago, President Obama Quietly Signed A Radical Media Bill. It’s About To Go Live.",1,1129,TRUE
Why There May Be Fewer Terrible Songs Coming Out Of Your Radio In The Near Future,0,1130,FALSE
"If You Watch Hilary Swank Annoy A Whiny Senator, You Will Be Helping Punch Malaria In The Face",1,1131,TRUE
"If You Watch Hilary Swank Annoy A Whiny Senator, You Will Be Helping Punch Malaria In The Face",0,1132,FALSE
If You Do THIS To Kids You Will Make More Money,1,1133,TRUE
The Surprising Connection Between Good Preschools And Your Paycheck,0,1134,FALSE
Somebody Looked At This And Thought It Was OK To Sell. What On Earth Were They Thinking?!,1,1135,TRUE
Somebody Looked At This And Thought It Was OK To Sell. WTF Were They Thinking?!,0,1136,FALSE
Simon Cowell Is Caught On Tape Laughing At A Boy Who Has Cerebral Palsy,1,1137,TRUE
"This Boy’s Goal Is To Bring The World Some Joy. Mission Accomplished, Kid.",0,1138,FALSE
"If You Want A Raise, I'd Try Getting This For All The Kids In Your Neighborhood",1,1139,TRUE
If You Do THIS To Kids You Will Make More Money,0,1140,FALSE
If You Do THIS To Kids You Will Make More Money,1,1141,TRUE
"If You Want A Raise, I'd Try Getting This For All The Kids In Your Neighborhood",0,1142,FALSE
Guess How Much Money The Senators Who Voted Against Background Checks Got From The NRA?,1,1143,TRUE
"The Senate Has Some Bosses, And I'm Pretty Sure We Aren't Them",0,1144,FALSE
A Women Lost Both Of Her Legs At The Boston Marathon. She Just Found A Reason To Smile.,1,1145,TRUE
A Women Lost Both Of Her Legs At The Boston Marathon. She Just Found A Reason To Smile.,0,1146,FALSE
The Most Physically Damaging Thing Fox News Has Ever Done,1,1147,TRUE
Fox News Accidentally Ruins Years Of Climate Change Research With Bad Journalism,0,1148,FALSE
"Well, That Pretty Much Disproves Everything I Thought I Knew About The Human Body",1,1149,TRUE
Swimming At The North Pole In A Speedo? Talk To This Man First.,0,1150,FALSE
Why Is A Successful Actress Like Sophia Bush Living On $1.50 A Day?,1,1151,TRUE
Think You Could Live On $1.50 A Day? Prove It.,0,1152,FALSE
You Will Not Believe What It Cost The NRA To Make Sure Background Checks Got Killed,1,1153,TRUE
"Say What You Will About The NRA, They Sure Do Pay Their Employ- Er, I Mean, Senators Well",0,1154,FALSE
The Very Games Of Thronesy History Of The Vatican,1,1155,TRUE
The Deeply Confusing History of The Pope’s Hometown,0,1156,FALSE
"The Completely Obvious Way To Solve Homelessness
",1,1157,TRUE
"The Incredible Reason Why This Man Feels Human Again
",0,1158,FALSE
"If You Can Read This, You're One Of The 83 People In The World Who Can ",1,1159,TRUE
"The World, In A Nutshell, According To The Worst Disney Song Ever",0,1160,FALSE
Chimpanzees Freed After 30 Years Of Testing. Brace Yourself For Smiles.,1,1161,TRUE
Just Wait Until The Part When They Hug Each Other,0,1162,FALSE
You Will Not Believe What It Cost The NRA To Make Sure Background Checks Got Killed,1,1163,TRUE
You Will Not Believe What It Cost The NRA To Make Sure Background Checks Got Killed,0,1164,FALSE
Here's A LIttle Chart To Help You Imagine The World Living As One (Hundred),1,1165,TRUE
Who Would You Be Standing Next To?,0,1166,FALSE
This Is What Happens When A Judge Sentences A Man To Dress Up Like A Woman,1,1167,TRUE
Is This Iran’s Real Secret Weapon?,0,1168,FALSE
If You Do THIS To Kids You Will Make More Money,1,1169,TRUE
If You Do THIS To Kids You Will Make More Money,0,1170,FALSE
One Song Every Woman And Girl Should Have On Her iPod,1,1171,TRUE
This Amazing Song Is The Newest Addition To My Feminist Playlist,0,1172,FALSE
This Is What Happens When Bigots Put Ads On Buses,1,1173,TRUE
We Need An Ad For THIS? What’s Wrong With Us?,0,1174,FALSE
Here’s A Very Important Story That The Mainstream Media Isn’t Really Covering,1,1175,TRUE
Meet The Folks Who Are On The Frontlines Of The Battle To Save Public Education,0,1176,FALSE
So this is what you do when you leave the NBA,1,1177,TRUE
What's This Star Athlete Doing Hanging Out With Elephants?,0,1178,FALSE
You Will Not Believe What It Cost The NRA To Make Sure Background Checks Got Killed,1,1179,TRUE
You Will Not Believe What It Cost The NRA To Make Sure Background Checks Got Killed,0,1180,FALSE
You Will Not Believe What It Cost The NRA To Make Sure Background Checks Got Killed,1,1181,TRUE
You Will Not Believe What It Cost The NRA To Make Sure Background Checks Got Killed,0,1182,FALSE
Homelessness And Hunger COULD Be Solved Through Charity If America Didn't Get In The Way,1,1183,TRUE
America Is Accidentally But Consistently Destroying Charities,0,1184,FALSE
An Anti-Gay Scoutmaster Gets A Hard Life Lesson From A Straight Boy Scout And A Gay News Anchor,1,1185,TRUE
"The Boy Scout Motto Is 'Always Be Prepared.' Clearly, The Anti-Gay Scoutmaster Didn't Get The Memo.",0,1186,FALSE
An Anti-Gay Scoutmaster Gets A Hard Life Lesson From A Straight Boy Scout And A Gay News Anchor,1,1187,TRUE
An Anti-Gay Scoutmaster Gets A Hard Life Lesson From A Straight Boy Scout And A Gay News Anchor,0,1188,FALSE
The One Cause That Has The Tea Party And Progressives Marching Side By Side,1,1189,TRUE
Why Would Anyone Run A 5k Dressed As A $100 Bill?,0,1190,FALSE
The One Cause That Has The Tea Party And Progressives Marching Side By Side,1,1191,TRUE
The One Cause That Has The Tea Party And Progressives Marching Side By Side,0,1192,FALSE
An Anti-Gay Scoutmaster Gets A Hard Life Lesson From A Straight Eagle Scout And A Gay News Anchor,1,1193,TRUE
An Anti-Gay Scoutmaster Gets Fact Checked On Reality By A Straight Eagle Scout And A Gay News Anchor,0,1194,FALSE
"Young Child Dies In Tragic Accident At The Mall. No Wait, Unknown Hero Appears Out Of Nowhere And Saves Him.",1,1195,TRUE
Kid’s Accident Almost Caught On Camera. Unknown Hero Catches Boy Instead.,0,1196,FALSE
"After This, You’ll Never Look At The Ocean The Same Way Again",1,1197,TRUE
Extreme City Makeover: Mother Earth Edition,0,1198,FALSE
After This You’ll Never Look At The Ocean The Same Way Again,1,1199,TRUE
These Images Of Our Future Are Exactly Why I’m Investing In Jet-Skis,0,1200,FALSE
"If You Watch Hilary Swank Annoy A Whiny Senator, You Will Be Helping Punch Malaria In The Face",1,1201,TRUE
"If You Watch Hilary Swank Annoy A Whiny Senator, You'll Be Helping Tell Malaria To Go The Hell Away",0,1202,FALSE
"After This, You’ll Never Look At The Ocean The Same Way Again",1,1203,TRUE
After This You’ll Never Look At The Ocean The Same Way Again,0,1204,FALSE
"Move Over Pussy Riot, These Pakistani Dudes Might Die For Doing This",1,1205,TRUE
Find This Under 'Exhibit A' In The 'How To Piss Off A Dictator' Handbook,0,1206,FALSE
Three Pakistani Guys Pull A Prank So Hard They Might Die For It,1,1207,TRUE
Is This Is How You Give The Middle Finger In Pakistan?,0,1208,FALSE
You’ll Be Shocked At What Exists In One Of The Richest Areas In The World,1,1209,TRUE
There’s One Huge Problem In Google And Facebook’s Backyard,0,1210,FALSE
There’s One Huge Problem In Google And Facebook’s Back Yard,1,1211,TRUE
There’s One Huge Problem In Google And Facebook’s Back Yard,0,1212,FALSE
Three Guys Pull A Prank So Hard They Might Die For It,1,1213,TRUE
Three Guys Pull A Prank So Hard They Might Die For It,0,1214,FALSE
This Is What Democracy Looks Like When A Nerd Does It,1,1215,TRUE
This Is What Democracy Looks Like When A Nerd Does It,0,1216,FALSE
What Happens When A Diehard Homophobe Meets Neil Patrick Harris?,1,1217,TRUE
Neil Patrick Harris Is Homophobe Kryptonite. Stephen Colbert Puts Him To The Test.,0,1218,FALSE
Representative Brian Sims Brings The House Down With A Single Sentence About Abortion,1,1219,TRUE
Representative Brian Sims Reminds Anti-Abortion Senators How To Do Their Jobs,0,1220,FALSE
If I Had To Deal With What These Women Dealt With I Would Be Mad Too,1,1221,TRUE
FANCY PANTS MASHUP: The Women Of Mad Men Sing For Their Freedom,0,1222,FALSE
A Girl Gets Attacked At School For Being STRAIGHT?!,1,1223,TRUE
Maybe Being Heterosexual Is Just A Phase?,0,1224,FALSE
If I Had To Deal With What These Women Deal With I Would Be Mad Too,1,1225,TRUE
If I Had To Deal With What These Women Deal With I Would Be Mad Too,0,1226,FALSE
A Girl Gets Attacked At School For Being STRAIGHT?!,1,1227,TRUE
A Girl Gets Attacked At School For Being STRAIGHT?!,0,1228,FALSE
The People Who Approved These Ads Have A Lot Of Explaining To Do,1,1229,TRUE
"Here's How Sexist Advertising Affects Ladies. But Do You Know How It Affects Dudes, Too?",0,1230,FALSE
The People Who Approved These Ads Have A Lot Of Explaining To Do,1,1231,TRUE
"Here's How Sexist Advertising Affects Women. But Do You Know How It Affects Men, Too?",0,1232,FALSE
A Girl Gets Attacked At School For Being STRAIGHT?!,1,1233,TRUE
A Girl Gets Bullied At School For Being STRAIGHT?!,0,1234,FALSE
The People Who Approved These Ads Have A Lot Of Explaining To Do,1,1235,TRUE
The People Who Approved These Ads Have A Lot Of Explaining To Do,0,1236,FALSE
The Politicians Who Committed Political Suicide For Gun Control Have One Thing In Common,1,1237,TRUE
Why American Politicians Fail On Gun Control Time After Time,0,1238,FALSE
If I Had To Deal With What These Women Deal With I Would Be Mad Too,1,1239,TRUE
If I Had To Deal With What These Women Deal With I Would Be Mad Too,0,1240,FALSE
CNN's Coverage Of A National Tragedy Is So Awful Even These Comedians Can't Keep A Straight Face,1,1241,TRUE
Everything You Need To Know About CNN's Boston Coverage In One Horrifying Hilarious Video,0,1242,FALSE
This Guy Has Gotten More Confessions Out Of People Than Da Frickin' Pope,1,1243,TRUE
This Guy Has Gotten More Confessions Out Of People Than The Friggin' Pope,0,1244,FALSE
This Guy Has Gotten More Confessions Out Of People Than Da Frickin' Pope,1,1245,TRUE
This Guy Has Gotten More Confessions Out Of People Than A Frickin' Priest,0,1246,FALSE
This Guy Has Gotten More Confessions Out Of People Than The Frickin' Pope,1,1247,TRUE
This Guy Has Gotten More Confessions Out Of People Than The Frickin' Pope,0,1248,FALSE
"He's 7' Tall, Blocks Like A Boss, And Just Said 3 Small Words That Made Him A Civil Rights Superstar",1,1249,TRUE
"He's 7' Tall, Blocks Like A Boss, And Just Said 3 Small Words That Made Him A Civil Rights Superstar",0,1250,FALSE
A Congressman Decided To Insult A 4-Star General And Then Tried To Walk Out. HAHAHA.,1,1251,TRUE
A Congressman Taking Money From A Defense Contractor Tried To Shame A 4-Star General. Didn't Work.,0,1252,FALSE
A Bunch Of People In Israel Were Asked What They'd Wish For. Their Answers May Surprise You.,1,1253,TRUE
What Do The Israelis And The Palestinians Really Want? This.,0,1254,FALSE
Can You Guess How Long This Veteran Has Been On The Streets?,1,1255,TRUE
Can Someone On The Internet Please Explain Why We Can’t Find This Veteran A Home?,0,1256,FALSE
A Bunch Of People In Jerusalem Were Asked What They'd Wish For. Their Answers May Surprise You.,1,1257,TRUE
Here's Something You Don't See In Jerusalem Every Day...,0,1258,FALSE
"If You Could Have 1 Wish, Would It Be More Awesome Than What These Guys Said?",1,1259,TRUE
A Bunch Of People In Jerusalem Were Asked What They'd Wish For. Guess How Many Said Peace?,0,1260,FALSE
"If You Could Have 1 Wish, Would It Be More Awesome Than What These Folks Said?",1,1261,TRUE
"If You Could Have 1 Wish, Would It Be More Awesome Than What These Folks Said?",0,1262,FALSE
"If You Could Have One Wish, Would It Be More Awesome Than What These Guys Said?",1,1263,TRUE
"If You Could Have One Wish, Would It Be More Awesome Than What These Guys Said?",0,1264,FALSE
From Honorably Discharged To Absolutely Nothing: An American Tragedy,1,1265,TRUE
Inside A Slow-Motion Tragedy We Can All Tackle Together,0,1266,FALSE
"Some Jerks Freaked Out About A Gay NBA Player, So The President And The Internet Responded Like This",1,1267,TRUE
"If An NBA Player Being Gay Makes You Panic, Then This Will Give You A Heart Attack",0,1268,FALSE
Mind Blown: The Surprising Truth About The Color Pink,1,1269,TRUE
Mind Blown: The Surprising Truth About The Color Pink,0,1270,FALSE
This Waitress Is About To Get A $500 Tip. Watch Her Reaction.,1,1271,TRUE
This Waitress Is About To Get A $500 Tip. Watch Her Reaction.,0,1272,FALSE
"A Seriously Scary Thing Is Scheduled To Happen In New York This November
",1,1273,TRUE
Think New Yorkers Are Cranky Now? Wait Until They’re Living Over A Giant Pipeline Of Dangerous Gas,0,1274,FALSE
An Interviewer Asks An Expert What We Can Do To Stay Safer. Her Answer Is Not What I Expected.,1,1275,TRUE
Here's Your Invitation To Play The Save-The-World Symphony.,0,1276,FALSE
Here’s The Secret Behind All Your Actions That I’m Betting You’re Too Afraid To Watch,1,1277,TRUE
"The Video Our Future Robot Leaders Can Never Understand
",0,1278,FALSE
Some Big Things Are Hiding Right In Front Of You. And In You.,1,1279,TRUE
Want To See The World Around You? Are You Sure?,0,1280,FALSE
"A Seriously Scary Thing Is Scheduled To Happen In New York This November
",1,1281,TRUE
Think New Yorkers Are Cranky Now? Wait Until They’re Living Over A Giant Pipeline Of Dangerous Gas,0,1282,FALSE
An Interviewer Asks An Expert What We Can Do To Stay Safer. Her Answer Is Not What I Expected.,1,1283,TRUE
An Interviewer Asks An Expert What We Can Do To Stay Safer. Her Answer Is Not What I Expected.,0,1284,FALSE
A Seriously Scary Thing Is Scheduled To Happen In New York This November,1,1285,TRUE
A Seriously Scary Thing Is Scheduled To Happen In New York This November,0,1286,FALSE
This Poem Is Like A Prayer. And This Prayer Belongs In Every Public School.,1,1287,TRUE
This Poem Is Like A Prayer. And This Prayer Belongs In Every Public School.,0,1288,FALSE
I Never Thought I'd Get Shivers From A Homemade Helicopter,1,1289,TRUE
I Really Hope This Homemade Helicopter Can Fly,0,1290,FALSE
Everything You Know About Sugar Is About To Be Blown Away,1,1291,TRUE
Put Your Sugar In Perspective,0,1292,FALSE
"If You Use This Awful Racial Slur, You Should Probably Resign. Even If You Dine With Black People.",1,1293,TRUE
This Woman Is Sorry She Said Something Racist. In Her Defense She's Eaten Turkey With Black People?,0,1294,FALSE
Everything You Know About Sugar Is About To Be Blown Away,1,1295,TRUE
Everything You Know About Sugar Is About To Be Blown Away,0,1296,FALSE
"If You Use This Awful Racial Slur, You Should Probably Resign. Even If You Dine With Black People.",1,1297,TRUE
"If You Use This Awful Racial Slur, You Should Probably Resign. Even If You Know Some Black People.",0,1298,FALSE
"14 Books The Giant Nerds At Upworthy Are Reading And Shamelessly Promoting, As If You Care",1,1299,TRUE
"If You Like Upworthy, Then You May Want To Know What The Nerds Who Work Here Are Reading And Stuff",0,1300,FALSE
People Turn To The Internet For Answers. Their Questions Will Make You Cry.,1,1301,TRUE
"Lesson #3,456 In What The Internet Can Teach Us About Ourselves",0,1302,FALSE
"This Girl Lost Her Mom, Her Grandma And Her Hearing. So Why Is This Rock Band Playing Her A Song?",1,1303,TRUE
Sign Language Won't Take Away Her Pain. Only The President And Congress Can Do That.,0,1304,FALSE
3 Words I Wish I'd Heard When My Boyfriend Cheated On Me,1,1305,TRUE
3 Words I Wish I'd Heard When My Boyfriend Cheated On Me,0,1306,FALSE
"Are We Ready For A Lady President? But I Mean, Like, Are We REALLY?",1,1307,TRUE
"Are We Ready For A Lady President? But I Mean, Like, Are We REALLY?",0,1308,FALSE
"Welcome To The Oval Office, Madam President",1,1309,TRUE
"Welcome To The Oval Office, Madam President",0,1310,FALSE
"In Case You Missed It, A Seriously Scary Thing Is Scheduled To Happen To This City In November",1,1311,TRUE
"One Of The Biggest Threats To New York City Is Being Built Underneath It As We Speak
",0,1312,FALSE
People Turn To The Internet For Answers. Their Questions Will Make You Cry.,1,1313,TRUE
People Turn To The Internet For Answers. Their Questions Will Make You Cry.,0,1314,FALSE
"In Case You Missed It, A Seriously Scary Thing Is Scheduled To Happen To New York City In November",1,1315,TRUE
"In Case You Missed It, A Seriously Scary Thing Is Scheduled To Happen To New York City In November",0,1316,FALSE
"In Case You Missed It, A Seriously Scary Thing Is Scheduled To Happen To New York City In November",1,1317,TRUE
"In Case You Missed It, A Seriously Scary Thing Is Scheduled To Happen To New York City In November",0,1318,FALSE
"This Girl Lost Her Mom, Her Grandma And Her Hearing. So Why Is This Rock Band Playing Her A Song?",1,1319,TRUE
"This Girl Lost Her Mom, Her Grandma And Her Hearing. So Why Is This Rock Band Playing Her A Song?",0,1320,FALSE
A Senator Stages An Intervention With Some Other Senators Because Of Cheesy Poofs?,1,1321,TRUE
Al Franken: Cheesy Poof Denier. Because Big Coal.,0,1322,FALSE
Senator Franken Forced To Use Kid's Analogy To Help Other Senators Understand That Science Is Real,1,1323,TRUE
Senator Franken Resorts To Using A Child's Analogy To Help Senators Understand How Science Works,0,1324,FALSE
Senator Franken Forced To Use Kid's Analogy To Help Other Senators Understand That Science Is Real,1,1325,TRUE
Senator Franken Forced To Use Kid's Analogy To Help Other Senators Understand That Science Is Real,0,1326,FALSE
"I Have To Confess, I Would Have Probably Admitted To Murdering A Child Too If This Happened To Me",1,1327,TRUE
"I Have To Confess, I Would Have Probably Admitted To Murdering A Child Too If This Happened To Me",0,1328,FALSE
The Classy Way To  Take On People Who Hate You,1,1329,TRUE
Watch: Amazing Video Of Muslims Converting People In New York.,0,1330,FALSE
The Classy Way To Take On People Who Hate You,1,1331,TRUE
The Classy Way To Take On People Who Hate You,0,1332,FALSE
This Parody Of Fox News Is Actually More Responsible About Fact-Checking Than The Real Fox News,1,1333,TRUE
This Parody Of Fox News Is Actually More Responsible About Fact-Checking Than The Real Fox News,0,1334,FALSE
This Parody Of Fox News Is Actually More Responsible About Fact-Checking Than The Real Fox News,1,1335,TRUE
This Parody Of Fox News Is Actually More Responsible About Fact-Checking Than The Real Fox News,0,1336,FALSE
Here’s What The Little Guys Can Do That The Big Guys Just Can’t,1,1337,TRUE
"Give Me 6 Minutes, And I’ll Make You A Forever Believer In Community Radio",0,1338,FALSE
Imagine If A Company Patented Your Fingers And Sued You If You Tried To Use Them. Imagine No More.,1,1339,TRUE
"If Someone Tried To Patent Oxygen, I'm Pretty Sure I'd Do Everything Possible To Suffocate That Idea",0,1340,FALSE
These Artists Figured Out An Awe-Inspiring Way To Celebrate Mother's Day. Want To Join In?,1,1341,TRUE
You've Never Seen Mother's Day Like This Before,0,1342,FALSE
What’s It Like To Leave Your Culture Behind And Be Unwelcome In Your New Home?,1,1343,TRUE
Immigrant Voices: What It Was Like Coming To America,0,1344,FALSE
Creepy Corporation Does Something So Cartoonishly Evil That We Have To Make A Dr. Evil Reference,1,1345,TRUE
"It's Rare That I Imagine A CEO Petting HIs Creepy Cat In A Volcano Lair, But This Company Is Special",0,1346,FALSE
"When The Internet Goes Down, This Powerful Channel Is Still Up And Running",1,1347,TRUE
Here’s What The Little Guys Can Do That The Big Guys Just Can’t,0,1348,FALSE
How Al Gore Could Have Won The 2000 Presidential Election With Ease,1,1349,TRUE
How Mr. Squash Became Mayor Of Plantville,0,1350,FALSE
"Guess Who Is Responsible For 25% Of The American Diet?
",1,1351,TRUE
"It’s Going To Hurt A Lot More If We NEVER Get Stung By Bees Again
",0,1352,FALSE
"You Think You Don’t Need To See This Hand-Washing Video. But You Do.
",1,1353,TRUE
You Know Those Annoying People Who Use 7 Paper Towels In The Bathroom? This Is For Them.,0,1354,FALSE
Creepy Corporation Does Something So Cartoonishly Evil That We Have To Make A Dr. Evil Reference,1,1355,TRUE
"Remember That Time When A Company Bought The Rights To Your DNA? Yea, That Already Happened.",0,1356,FALSE
Your Body Was Just Patented By A Corporation. You. Your Specific Body. I'm Not Joking.,1,1357,TRUE
This Corporation Just Bought The Rights To Your DNA. Seriously.,0,1358,FALSE
"You Won't Believe The Effect The Internet's Having On Your Brain. Actually, You Will.",1,1359,TRUE
Could Watching This Video Repair The Damage It's Doing To You?,0,1360,FALSE
What Do Hidden Cameras Reveal About Humanity? Something Amazing.,1,1361,TRUE
This Will Make Your Day Better,0,1362,FALSE
A Truly Great Woman Reads An Homage To Her Favorite Body Part,1,1363,TRUE
Why Is This Woman So In Love With Her Hips?,0,1364,FALSE
"I Just Learned How To Use A Paper Towel Properly For The First Time In My Life 
",1,1365,TRUE
"I Just Learned How To Use A Paper Towel Properly For The First Time In My Life 
",0,1366,FALSE
Creepy Corporation Does Something So Cartoonishly Evil That We Have To Make A Dr. Evil Reference,1,1367,TRUE
Creepy Corporation Does Something So Cartoonishly Evil That We Have To Make A Dr. Evil Reference,0,1368,FALSE
Because Your Mom Probably Doesn't Want Chocolate And A Coupon Book,1,1369,TRUE
"This Is An Infinitely Better Present Than Chocolates, Flowers, And A Coupon Book",0,1370,FALSE
Corporation Does Something So Cartoonishly Awful That We Have To Make A Dr. Evil Reference,1,1371,TRUE
Awful Corporation Does Something So Cartoonishly Awful That We Have To Make A Dr. Evil Reference,0,1372,FALSE
American Attitudes Towards These People Have Changed Since Never,1,1373,TRUE
"Americans Sure Treated Foreigners Differently 100 Years Ago, Depending On How You Define Different",0,1374,FALSE
Awful Corporation Does Something So Cartoonishly Creepy That We Have To Make A Dr. Evil Reference,1,1375,TRUE
Corporation Does Something So Cartoonishly Awful That We Have To Make A Dr. Evil Reference,0,1376,FALSE
An Awful Corporation Does Something So Cartoonishly Creepy That We Have To Make A Dr. Evil Reference,1,1377,TRUE
An Awful Corporation Does Something So Cartoonishly Creepy That We Have To Make A Dr. Evil Reference,0,1378,FALSE
You Won't Believe Who Is A Bigger Threat To America Than Osama Bin Laden,1,1379,TRUE
I Would Really Love It If Congress Stopped Trying To Kill All Of Us,0,1380,FALSE
Definitive Proof That There's No Such Thing As Boy Toys Or Girl Toys (Until You're Over 18),1,1381,TRUE
A Super Simple Guide To Buying Toys For Boys And Girls,0,1382,FALSE
Last I Checked The Bible Doesn't Say Anything About Memorizing Trivial Quotes. It Does Say This.,1,1383,TRUE
The Cliff Notes On Jesus Christ In The Bible,0,1384,FALSE
Watch These Straight People Answer A Question Gay People Have Been Asked For Years,1,1385,TRUE
Straight People: We're Just Born This Way!,0,1386,FALSE
"We Don't Teach Kids Chemistry In Gym Class, So Why On Earth Would We Teach This In Science Class?",1,1387,TRUE
The Most Important Reason We Don't Play Dodgeball In Chemistry Class,0,1388,FALSE
Watch These Straight People Answer A Question Gay People Have Been Asked For Years,1,1389,TRUE
Watch These Straight People Answer A Question Gay People Have Been Asked For Years,0,1390,FALSE
I Needed A Reason To Cheer Today And Here It is,1,1391,TRUE
This Is What America Looks Like And It Made Me Want To Stand Up And Cheer,0,1392,FALSE
The Scariest Math Problem I've Ever Seen. Can You Solve It?,1,1393,TRUE
One Of These Things Is Not Like The Other One,0,1394,FALSE
I Needed A Reason To Cheer Today And Here It is,1,1395,TRUE
Watch A Bunch Of American Soldiers Invade Our Own Country. For A Good Reason.,0,1396,FALSE
I Needed A Reason To Cheer Today And Here It is,1,1397,TRUE
I Needed A Reason To Cheer Today And Here It is,0,1398,FALSE
Watch A Bunch Of American Soldiers Invade Our Own Country. For A Good Reason.,1,1399,TRUE
Watch A Bunch Of American Soldiers Invade Our Own Country. For A Good Reason.,0,1400,FALSE
"Meet Dale. Gay People Make Him Uncomfortable. Ironically, He Makes Everyone Else Uncomfortable.",1,1401,TRUE
Your Scared Heterosexual And You!,0,1402,FALSE
"Meet Dale. Gay People Make Him Uncomfortable. Ironically, He Makes Everyone Else Uncomfortable.",1,1403,TRUE
"If Gay People Scare You, Then You Are Doing It Wrong",0,1404,FALSE
This Is Dale. This Is Dale's Raging Homophobia. This Is Everyone Else Judging Dale. Bad Dale.,1,1405,TRUE
"Meet Dale. Gay People Make Him Uncomfortable. Ironically, He Makes Everyone Else Uncomfortable.",0,1406,FALSE
This Is Dale. This Is Dale's Raging Homophobia. This Is Everyone Else Judging Dale. Bad Dale.,1,1407,TRUE
Meet Dale. Gay People Scare Him. George Takei Makes Him Panic.,0,1408,FALSE
"Meet Dale. Gay People Make Him Uncomfortable. Ironically, He Makes Everyone Else Uncomfortable.",1,1409,TRUE
"Meet Dale. Gay People Make Him Uncomfortable. Ironically, He Makes Everyone Else Uncomfortable.",0,1410,FALSE
"Gay People Make Him Uncomfortable. Ironically, He Makes Everyone Else Uncomfortable.",1,1411,TRUE
"Gay People Make Him Uncomfortable. Ironically, He Makes Everyone Else Uncomfortable.",0,1412,FALSE
Student Freaks Out In Front Of His Class And Says What We're All Thinking About Our Education System,1,1413,TRUE
"Student Freaks Out After Realizing His Class Isn't About Learning, But About Checking Off Lists",0,1414,FALSE
Student Freaks Out In Front Of His Class And Says What We're All Thinking About Our Education System,1,1415,TRUE
Student Freaks Out In Front Of His Class And Says What We're All Thinking About Our Education System,0,1416,FALSE
Mesmerizing Photographs Of Soldiers' Faces Before And After A War,1,1417,TRUE
Can You Spot The Differences In A Face That Has Seen A War?,0,1418,FALSE
"The Earth-Shatteringly Amazing Speech That’ll Change The Way You Think About Adulthood
",1,1419,TRUE
Some Advice For Getting Through The Frustrating Moments Of Adulthood,0,1420,FALSE
"An Earth-Shatteringly Amazing Speech That Is Sure To Crash Your Pity Party
",1,1421,TRUE
"The Earth-Shatteringly Amazing Speech That’ll Change The Way You Think About Adulthood
",0,1422,FALSE
"The Last Time This Awful Thing Happened, We Didn't Even Exist",1,1423,TRUE
"Congratulations, World! We're #1 In The Most Disturbing Thing EVER! WEE!",0,1424,FALSE
The Earth-Shatteringly Amazing Speech That’ll Change The Way You Think About Adulthood,1,1425,TRUE
The Earth-Shatteringly Amazing Video That Is Sure To Crash Your Pity Party,0,1426,FALSE
America's Moms Have Looked Around And Found A Few Completely Unacceptable Things,1,1427,TRUE
Meet The Moms Who Aren't Taking Any Crap,0,1428,FALSE
Definitive Proof That There's No Such Thing As Boy Toys Or Girl Toys (Until You're Over 18),1,1429,TRUE
Definitive Proof That There's No Such Thing As Boy Toys Or Girl Toys (Until You're Over 18),0,1430,FALSE
Mesmerizing Photographs Of Soldiers' Faces Before And After A War,1,1431,TRUE
Mesmerizing Photographs Of Soldiers' Faces Before And After A War,0,1432,FALSE
How Much Does It Cost To Make Congress Ignore Something 91% Of Americans Support?,1,1433,TRUE
The United States Senate Has Over 8 Million Reasons To Be Ashamed,0,1434,FALSE
Senator Uses Logic To Suggest That Maybe We Shouldn't Let Banks Rob Your Kids. Awesome Bill Ensues.,1,1435,TRUE
Senator Uses Logic To Suggest That Maybe We Shouldn't Let Banks Rob Your Kids. Awesome Bill Ensues.,0,1436,FALSE
Your Mom Went Through Hell For You. So The Least You Could Do Is Watch This.,1,1437,TRUE
I Can't Believe What My Mom Did For Me,0,1438,FALSE
Your Mom Went Through Hell For You. So The Least You Could Do Is Watch This.,1,1439,TRUE
My Mom Went Through Hell For Me. So The Least I Can Do Is Send Her This.,0,1440,FALSE
Some People Are Going To Get Really Mad When They See This Picture. It Just Makes Me REALLY Happy.,1,1441,TRUE
"Move Along Haters, Nothing To See Here",0,1442,FALSE
Some People Are Going To Get Really Mad When They See This Picture. It Just Makes Me REALLY Happy.,1,1443,TRUE
Some People Are Going To Get Really Mad When They See This Picture. It Just Makes Me REALLY Happy.,0,1444,FALSE
The Incredible Way This Beaten Woman Is Fighting Back,1,1445,TRUE
The Incredible Way This Beaten Woman Is Fighting Back,0,1446,FALSE
It Doesn't Take A Rocket Scientist To Understand How Much This Epic Song Rocks. Especially IN SPACE.,1,1447,TRUE
It Doesn't Take A Rocket Scientist To Understand How Much This Epic Song Rocks. Especially IN SPACE.,0,1448,FALSE
The Final Act Of The Departing Commander Of The International Space Station Truly Rocked,1,1449,TRUE
"Well, That's Never Happened Before. IN SPACE.",0,1450,FALSE
The Final Act Of The Departing Commander Of The International Space Station Truly Rocked,1,1451,TRUE
I Was Unaware That They Took The Old 1980s MTV Channel Up Into Space,0,1452,FALSE
The Final Act Of The Departing Commander Of The International Space Station Truly Rocked,1,1453,TRUE
The Final Act Of The Departing Commander Of The International Space Station Truly Rocked,0,1454,FALSE
"I Think I Speak For Everyone When I Say, 'Please Keep Your Genitals Out Of Our Toy Stores.' Okay?",1,1455,TRUE
"Why Toys 'For Boys' And Toys 'For Girls' Makes No Sense
",0,1456,FALSE
FLOWCHART: Definitive Proof That There's No Such Thing As Boy Or Girl Toys (Until You're Over 18),1,1457,TRUE
"FLOWCHART: I Think I Speak For Everyone When I Say, 'Keep Your Privates Of Our Toy Stores.' Okay?",0,1458,FALSE
Here’s How Much It Costs To Block A Bill That 91% Of Americans Support,1,1459,TRUE
How Much Does It Cost To Make Congress Ignore Something 91% Of Americans Support?,0,1460,FALSE
What Do Prisoners Want? I'll Give You A Hint: Every American Child Gets It For Free.,1,1461,TRUE
"We Already Threw One Book At Them, Why Can't We Do It Again?",0,1462,FALSE
"What Happens When Congress Needs To Use Something They Accidentally Cut Funding To?
",1,1463,TRUE
America Is Living Under A Budget Designed To Be So Awful That It Would Never Be Enacted? Sweet.,0,1464,FALSE
"I Think I Speak For Everyone When I Say, 'Please Keep Your Genitals Out Of Our Toy Stores.' Okay?",1,1465,TRUE
FLOWCHART: When It's Okay For Boys To Play With Dolls And Girls To Play With Cars,0,1466,FALSE
What Do Prisoners Want? I'll Give You A Hint: Every American Child Gets It For Free.,1,1467,TRUE
What Do Prisoners Want? I'll Give You A Hint: Every American Child Gets It For Free.,0,1468,FALSE
"In Case You Missed It, Here's When It's Okay For Boys To Play With Dolls And Girls To Play With Cars",1,1469,TRUE
"In Case You Missed It, Here's When It's Okay For Boys To Play With Dolls And Girls To Play With Cars",0,1470,FALSE
What Happens When Congress Needs To Use Something They Accidentally Cut Funding To?,1,1471,TRUE
What Happens When Congress Needs To Use Something They Accidentally Cut Funding To?,0,1472,FALSE
Listen Gay People: You're ALREADY Equal!,1,1473,TRUE
The 'National Marriage Organization' Is Setting The Record 'Straight' About 'Gay Marriage',0,1474,FALSE
Would Mark Zuckerberg Have Your Back In An Internet Fist Fight?,1,1475,TRUE
Would Mark Zuckerberg Have Your Back In An Internet Fist Fight?,0,1476,FALSE
This Kid Was Bullied A LOT. He Could Have Told His Teacher Or His Principal. He Had Bigger Plans.,1,1477,TRUE
This Kid Was Bullied A LOT. He Could Have Told His Teacher Or His Principal. He Had Bigger Plans.,0,1478,FALSE
"It May Look Like Graffiti, But It's Actually A Ridiculously Concise Indictment Of The Media",1,1479,TRUE
"This Is A Bleak View Of Corporate News. In Other News, It's A Pretty Accurate One.",0,1480,FALSE
Gay People Can Legally Get Married In Every State In The Union. There's Just One Catch.,1,1481,TRUE
The National Marriage Organization Is Fighting The Gay Agenda With Bulletproof Logic,0,1482,FALSE
The Secret Psychology That Shopping Malls Use To Trick You Into Spending Money,1,1483,TRUE
The Devious Tricks That Shopping Malls Use To Mess With Your Brain,0,1484,FALSE
Hear The Incredible David Foster Wallace Speak About His Own Ambitions,1,1485,TRUE
Hear The Incredible David Foster Wallace Speak About His Own Ambitions,0,1486,FALSE
How Does The Worst Human Being Of Retail Sleep At Night? Not So Great After This Goes Viral.,1,1487,TRUE
Even Better Than Humiliating The Most Despicable CEO In Retail? Improving The World While Doing So.,0,1488,FALSE
Did This Billionaire Just Say What I Think He Said?,1,1489,TRUE
What Dirty Secret Did This Knight Just Reveal About His Virgin?,0,1490,FALSE
30 Classic Dr. Seuss Quotes That Will Change Your Life. Again.,1,1491,TRUE
The Greatest Quotes By Dr. Seuss Never Get Old,0,1492,FALSE
"OK, Let's Make A Deal. You Take A Look At This, And You Can Skip Today's Flossing.",1,1493,TRUE
"Chew On This, If You Want To Live",0,1494,FALSE
"Think Gay Parents Are Different Than Straight Parents? Watch This, Then We'll Talk.",1,1495,TRUE
This Is Really Going To Make You Want Two Dads,0,1496,FALSE
Here's A Home Video That Wouldn't Have Been Possible 20 Years Ago,1,1497,TRUE
Tell Me What It's Gonna Be Like Now That You Two Are Going To Be Grandpas',0,1498,FALSE
The Mildly NSFW Reaction 2 Gay Dads Had Upon Getting The Best News They'd Ever Heard From Their Son,1,1499,TRUE
The Mildly NSFW Reaction 2 Gay Dads Had Upon Getting The Best News They'd Ever Heard From Their Son,0,1500,FALSE
The Punishment For Blowing The Whistle On Government Corruption Is Horrific,1,1501,TRUE
Trying To Uncover Government Corruption? You May Have To Finish Your Investigation From Prison.,0,1502,FALSE
"When His Dad Beat His Mom, He Was Powerless To Stop Him. He's Not Powerless Now.",1,1503,TRUE
"A Starship Captain. A Superhero. A Knight. Before All That, He Was A Scared Little Boy.",0,1504,FALSE
"We Don't Teach Kids Music In Gym Class, So Why On Earth Would We Teach This In Science Class?",1,1505,TRUE
"We Don't Teach Kids Art In Gym Class, So Why On Earth Would We Teach This In Science Class?",0,1506,FALSE
"We Don't Teach Kids German In Gym Class, So Why On Earth Would We Teach This In Science Class?",1,1507,TRUE
"We Don't Teach Kids French In Gym Class, So Why On Earth Would We Teach This In Science Class?",0,1508,FALSE
His Dad Beat His Mom. He Tried To Stop Him. But He Was Only 5. So He's Speaking Out Now.,1,1509,TRUE
"When It Comes To Ending Violence Against Women, Here's One Man Who Would Like To 'Make It So'",0,1510,FALSE
Here's All The Awful Things Feminism Hasn't Caused. YET.,1,1511,TRUE
Here's All The Awful Things Feminism Hasn't Caused. YET.,0,1512,FALSE
Here's All The Awful Things Feminism Hasn't Caused. YET.,1,1513,TRUE
Here's All The Awful Things Feminism Hasn't Caused. YET.,0,1514,FALSE
His Dad Beat His Mom. He Tried To Stop Him. But He Was Only 5. So He's Speaking Out Now.,1,1515,TRUE
His Dad Beat His Mom. He Tried To Stop Him. But He Was Only 5. So He's Speaking Out Now.,0,1516,FALSE
Folks Are Mad At A Famous Actress For Taking Care Of Herself. You Won't Believe Why.,1,1517,TRUE
Folks Are Mad At A Famous Actress For Taking Care Of Herself. You Won't Believe Why.,0,1518,FALSE
They Were Happily Married For 16 Years. Paid Taxes. Never Had A Parking Ticket. So We Deported Him.,1,1519,TRUE
They Were Happily Married For 16 Years. Paid Taxes. Never Had A Parking Ticket. So We Deported Him.,0,1520,FALSE
A Kid Falls Off HIs Skateboard And The World Is WAY Better Off For It,1,1521,TRUE
It's A Good Thing This Kid Totally Biffed It Off His Skateboard,0,1522,FALSE
A Kid Wipes Out On His Skateboard And The World Is WAY Better Off For It,1,1523,TRUE
A Skateboarding Kid Eats Pavement And The World Is WAY Better Off For It,0,1524,FALSE
The Zombie Bill That Could Destroy Your Right To Privacy,1,1525,TRUE
The Zombie Bill That Could Destroy Your Right To Privacy,0,1526,FALSE
"Ask Yourself, What Would You Do If A White Nationalist Said This In Front Of You?",1,1527,TRUE
Raise Your Hand If You Would Tell This Guy That Slaves Should Be Grateful To Their Masters,0,1528,FALSE
A White Dude Stood Up And Said Some Stuff He Really Shoulda Worn A Hood For,1,1529,TRUE
A White Dude Stood Up And Said Some Stuff He Really Shoulda Worn A Hood For,0,1530,FALSE
A White Dude Stood Up And Said Some Stuff He Really Shoulda Worn A Hood For,1,1531,TRUE
A White Dude Stood Up And Said Some Stuff He Really Shoulda Worn A Hood For,0,1532,FALSE
Why Hacking The Government Is Far More Awesome Than You Think,1,1533,TRUE
I'm Actually Comfortable With These People Hacking The Government,0,1534,FALSE
A White Dude Stood Up And Said Some Stuff He Really Shoulda Worn A Hood For,1,1535,TRUE
This Guy Is Really Sad That Everyone Won't Hear Him Out About The Awesomeness That Is White Power,0,1536,FALSE
Why Hacking The Government Is Far More Awesome Than You Think,1,1537,TRUE
Why Hacking The Government Is Far More Awesome Than You Think,0,1538,FALSE
I'm Actually Comfortable With These People Hacking The Government,1,1539,TRUE
I'm Actually Comfortable With These People Hacking The Government,0,1540,FALSE
Meet The Happiest Man To Call HImself A Christian Who Is In No Way A Christian At All,1,1541,TRUE
Know How White People Always Save African People In Movies? They Just Make Everything Worse In This.,0,1542,FALSE
"If 9 Out Of 10 People Get This Song Stuck In Their Head, It Will Save Their Lives",1,1543,TRUE
Quick! Share This With Everyone You Love And/Or Want To Torture!,0,1544,FALSE
A Bunch Of Happy White People Who Think They Speak For God Go To Uganda And Totally Misrepresent Him,1,1545,TRUE
Some Perky People Who Don't Understand Christianity Go To Africa And Do Awful Things In Its Name,0,1546,FALSE
A Bunch Of Happy White People Who Think They Speak For God Go To Uganda And Totally Misrepresent Him,1,1547,TRUE
A Bunch Of Happy White People Who Think They Speak For God Go To Uganda And Totally Misrepresent Him,0,1548,FALSE
People Always Threaten To Move To Canada When They Don't Get What They Want. Think Twice About That.,1,1549,TRUE
"Dear Canadians, We Know We Are Bad At The Environment, But You Are Not A Special Snow Flake",0,1550,FALSE
I'm Tired Of Drug Users Living It Up On The Tax Payer Dime. Time To Make Them Give Back.,1,1551,TRUE
"You Can Lock Up Drug Users All You Want, But You Might As Well Burn Your Wallet While You Are There",0,1552,FALSE
Tell Me More About How Immigrants Are Destroying Our Country,1,1553,TRUE
"The Most Reasonable Argument For Sane Immigration Policies I've Ever Heard. Also, The Most Rhymed.",0,1554,FALSE
All The Men In This Video Are Awful. Thankfully All The Women In This Video Are Amazing.,1,1555,TRUE
Women Earn 78¢ On Every $1 Compared To These Men. So Some Women Are Gonna Do Something About That.,0,1556,FALSE
America Knows War. They Are War Masters.' — A Guy America Is Trying To Kill.,1,1557,TRUE
America's Secret Military Makes 'Mission: Impossible' Look Like Child's Play,0,1558,FALSE
Why America Needs To Behave Better If We Want To Be The Greatest Nation On The Planet,1,1559,TRUE
America Is Sick Of Mass Killings. So Is Pakistan. So Is Yemen.,0,1560,FALSE
"If You Like 'Mission: Impossible,' You'll LOVE This Movie. The Problem Is, This One Isn't Fiction.",1,1561,TRUE
America Knows War. They Are War Masters.' — A Guy America Is Trying To Kill.,0,1562,FALSE
You Think I Should Move To Canada If I Don't Like It Here? No Way. That Place Is Scary.,1,1563,TRUE
"You Know Who Is Bad At Taking Care Of The Earth? The USA. You Know Who Is Worse? Canada, Eh?",0,1564,FALSE
Watch A Bunch Of Misogynists Say Dumb Things And Then Lose,1,1565,TRUE
How A Bunch Of Women Have Started Fighting Back Against A Culture That Does Its' Best To Ignore Them,0,1566,FALSE
You Think I Should Move To Canada If I Don't Like It Here? No Way. That Place Is Scary.,1,1567,TRUE
You Think I Should Move To Canada If I Don't Like It Here? No Way. That Place Is Scary.,0,1568,FALSE
"Most Of The Men In This Video Are Awful. Thankfully, The Women In This Video Are Wonderful.",1,1569,TRUE
"Most Of The Men In This Video Are Awful. Thankfully, The Women In This Video Are Amazing.",0,1570,FALSE
The Kind Of Girl-On-Girl Love That Everyone Can Agree On,1,1571,TRUE
"Oh Snap, Is My Favorite TV Star Building An Army Of…Young Girls?",0,1572,FALSE
Here's The Sexiest Homage You'll Ever Hear To An Inanimate Object.,1,1573,TRUE
"Move Over, John Keats. Grecian Urns Are SO 1820.",0,1574,FALSE
Best Way To Answer A Question. Hands Down.,1,1575,TRUE
"BOOM: How You Hope to Have Any Question Answered, Every Time.",0,1576,FALSE
Ten Cents Can’t Buy Anything These Days. Or Can It?,1,1577,TRUE
How Amazing Would It Be If Food Workers Didn’t Have To Struggle To Feed Their Families?,0,1578,FALSE
"They May Look Ordinary, But 16 Million Kids Have A Secret. And It Hurts. ",1,1579,TRUE
Some Of The 16 Million America Kids In Pain Could Live In Your Neighborhood. Do You Want To Help?,0,1580,FALSE
"The State Of The World Is The Question, And GIRLS Are The Answer",1,1581,TRUE
Can One Small Investment REALLY Change the Future of Humanity?,0,1582,FALSE
MUST SEE: A Teen Pregnancy PSA That Goes Where No Campaign Has Gone Before,1,1583,TRUE
MUST SEE: A Teen Pregnancy PSA That Goes Where No Campaign Has Gone Before,0,1584,FALSE
Please Don’t Call Her A Monster.  She Is A Mother.,1,1585,TRUE
DAMN.  You Will Remember This Voice For The Rest Of Your Life.,0,1586,FALSE
These Homophobic Signs Just Got Pretty Gay,1,1587,TRUE
Step 1: Put Down The Sign. Step 2: Apply Cold Water To Burn.,0,1588,FALSE
"5/16 Of These People Are Never Convicted Of… Hang On, What?",1,1589,TRUE
Step 1. Watch This. Step 2. Feel Empowered By These Kick Ass Women,0,1590,FALSE
Why We Need More Adult Films In Theaters,1,1591,TRUE
Find Out Why An Oscar-Winning Film Director Wants More Adult Films In Theaters,0,1592,FALSE
This Is What It Looks Like When A Pro Athlete Gives Out Her Contact Info To Any Gay Kid In Need,1,1593,TRUE
This Is What It Looks Like When A Gay Pro Athlete Gives Out Her Contact Info To Any Gay Kid In Need,0,1594,FALSE
You Think I Should Move To Canada If I Don't Like It Here? No Way. That Place Is Scary.,1,1595,TRUE
You Think I Should Move To Canada If I Don't Like It Here? No Way. That Place Is Dangerous.,0,1596,FALSE
"Most Of The Men In This Video Are Slightly Awful. Thankfully, The Women In This Video Are Wonderful.",1,1597,TRUE
"Most Of The Men In This Video Are Awful. Thankfully, The Women In This Video Are Wonderful.",0,1598,FALSE
This Will Change The Way You Look At Your MP3 Player. Guaranteed.,1,1599,TRUE
Here's The Sexiest Homage You'll Ever Hear To An Inanimate Object.,0,1600,FALSE
Tonight’s Top Story: Bill O’ Reilly And Anderson Cooper Are More Alike Than You Think,1,1601,TRUE
Tonight’s Top Story: Bill O’ Reilly And Anderson Cooper Are More Alike Than You Think,0,1602,FALSE
I Bet You Wouldn't Let Aliens Treat Your Mother This Way,1,1603,TRUE
"ET Go Home, This Is MY Planet To Destroy",0,1604,FALSE
"Bitch, Please.  I’m A Momma.  I got this.",1,1605,TRUE
Give Me The Highs.  Give Me The Lows.  Give Me Motherhood.,0,1606,FALSE
This Beautiful Woman’s Day Is About To Get Crapped On… HARD.,1,1607,TRUE
This Beautiful Woman Is Going To Wish It Was Raining Cats And Dogs.,0,1608,FALSE
Do The Cops Really Wonder Why We Say ‘Fuck The Police’?,1,1609,TRUE
I Thought Knowing The Difference Between A Taser And A Gun Was Basic Cop Stuff,0,1610,FALSE
"What Being ""One Of THOSE Girls"" Means In America Today",1,1611,TRUE
"Hoping For A Future Where I Can Be Naked, Drunk, AND Safe.",0,1612,FALSE
An Awkward Kid Grows Up Into A Force Of Nature With A Wonderfully Positive Message.,1,1613,TRUE
"What Do A Street Sign In Moscow, A Mailbox In Chicago And The Great Wall Of China Have In Common?",0,1614,FALSE
Obamacare Explained. In 90 Seconds. By Nurses.,1,1615,TRUE
Nurses Explain How Obamacare Will Affect Your Future,0,1616,FALSE
Whoa. Guess Some Things Haven’t Changed Much Since The ‘80s,1,1617,TRUE
We’re Not Equal Yet - Just Ask Oprah,0,1618,FALSE
Want To Travel The World? Look At Map To See The Countries You May Want To Avoid.,1,1619,TRUE
You Think America Has An Immigration Problem? Try The Whole World.,0,1620,FALSE
Take A Deep Breath And Try Not To Cough Up A Lung,1,1621,TRUE
Would You Like Your Gas Mask In White Or Original Camo?,0,1622,FALSE
"Enh, Who Needs Lungs Anyway?",1,1623,TRUE
"Enh, Who Needs Lungs Anyway?",0,1624,FALSE
RIP Amazing Rock Star Teenager Who Punched Cancer In The Face With Love On The Way Out,1,1625,TRUE
RIP Amazing Rock Star Teenager Who Punched Cancer In The Face With Love On The Way Out,0,1626,FALSE
"A Beautiful Eulogy For A Kid Who Died Of Cancer, But Went Out Fighting",1,1627,TRUE
"Dear Cancer: This Kid Wasn't Afraid Of You, And His Legacy Will Defeat You",0,1628,FALSE
This Kid Just Died. What He Left Behind Is Wonderful.,1,1629,TRUE
"If You Take Your Life For Granted, You Should Watch This Story About A Kid Who Is No Longer With Us",0,1630,FALSE
Why We Need More Adult Films In Theaters,1,1631,TRUE
Why We Need More Adult Films In Theaters,0,1632,FALSE
This Kid Just Died. What He Left Behind Is Wonderful.,1,1633,TRUE
RIP Amazing Rock Star Teenager Who Punched Cancer In The Face With Love On The Way Out,0,1634,FALSE
This Kid Just Died. What He Left Behind Is Wonderful.,1,1635,TRUE
We Lost This Kid 80 Years Too Early. I'm Glad He Went Out With A Bang.,0,1636,FALSE
This Kid Just Died. What He Left Behind Is Wonderful.,1,1637,TRUE
"If You Know You Are Gonna Die Before You Turn 19, You Might As Well Do This",0,1638,FALSE
Why We Need More Adult Films In Theaters,1,1639,TRUE
Find Out Why An Oscar-Winning Film Director Wants More Adult Films In Theaters,0,1640,FALSE
This Kid Just Died. What He Left Behind Is Amazing.,1,1641,TRUE
This Kid Just Died. What He Left Behind Is Beautiful.,0,1642,FALSE
This Kid Just Died. What He Left Behind Is Wondtacular.,1,1643,TRUE
This Kid Just Died. What He Left Behind Is Wondtacular.,0,1644,FALSE
Colbert's Graduation Speech Rips On Everything From Immigration To Safety. The Students Loved It.,1,1645,TRUE
Stephen Colbert Tells College Graduates That He Hates And Fears Them. They Quickly Forgive Him.,0,1646,FALSE
"Would You Rather Be A Jerk To Everyone, Or A Nobody? This Graduation Speech Makes It Really Obvious.",1,1647,TRUE
"Are You A Nobody? Great! According To This College Graduation Speech, You're Officially Not A Jerk.",0,1648,FALSE
"If You're Curious What Neil deGrasse Tyson Would Be Like As Your Dad,
Watch His Graduation Speech",1,1649,TRUE
"If You Mess With Human Curiosity, You're Going To Hear About It From Neil deGrasse Tyson",0,1650,FALSE
"If You Want To Be Able To Pay For Childcare, You Need To Start Saving Money When You Turn 16",1,1651,TRUE
"If You're 16, It's Time To Start Planning For Your Future Child's Preschool Education Fund. For Real.",0,1652,FALSE
The Illuminati Have Been Lowering Their Standards For Membership Lately,1,1653,TRUE
That Time Bono Called Matt Damon A Nerd And Hit Him With A 2x4,0,1654,FALSE
How Did This Famous Nerd Sneak Into A Secret Meeting Of The Illuminati?,1,1655,TRUE
How Do You Say Nerd In Irish?,0,1656,FALSE
We Have Found Out Who Is In The Illuminati. The Other Thing We Found Out: They Are Weird.,1,1657,TRUE
Why The Illuminati Think Matt Damon Is A Wanker,0,1658,FALSE
We Snuck A Camera Into An Illuminati Meeting And This Is What We Found Out,1,1659,TRUE
The Illuminati Are Coming For Your Toilets,0,1660,FALSE
We Snuck A Camera Into An Illuminati Meeting And This Is What We Found Out,1,1661,TRUE
The Illuminati Sure Have Been Lowering Their Standards For Membership Lately,0,1662,FALSE
We Have Found Out Who Is In The Illuminati. The Other Thing We Found Out: They Are Weird.,1,1663,TRUE
We Have Found Out Who Is In The Illuminati. The Other Thing We Found Out: They Are Weird.,0,1664,FALSE
"SHOTS OF AWE: Why You Have To Reconfigure Your Mind To Accomodate Awe, Wonder, And Rapture",1,1665,TRUE
"SHOTS OF AWE: Why You Have To Reconfigure Your Mind To Accomodate Awe, Wonder, And Rapture",0,1666,FALSE
"Sorry Kids, But Mommy And Daddy Can't Afford A Car Because The Government Hung Them Out To Dry",1,1667,TRUE
"Sorry Kids, But Mommy And Daddy Can't Afford Breakfast Because The Government Hung Them Out To Dry",0,1668,FALSE
SHOTS OF AWE: Why You Have To Reconfigure Your Mind To Experience The Most Meaningful Moments In Life,1,1669,TRUE
"AWETASTIC: Why You Have To Reconfigure Your Mind To Accomodate Awe, Wonder, And Rapture",0,1670,FALSE
The Argument Against The Stop-And-Frisk Policy Gets An Upgrade Courtesy Of A Hip Hop Icon,1,1671,TRUE
Why Stop At Illegally Detaining And Frisking Innocent People? Let's Get Racist About It!,0,1672,FALSE
The World's Greatest Boyfriend Died At Age 18 — Then The Internet Made Him Immortal,1,1673,TRUE
The World's Greatest Boyfriend Died At Age 18 — Then The Internet Made Him Immortal,0,1674,FALSE
"One Of The Most Patriotic Things I've Ever Seen Doesn't Involve Guns, God, Or Glory",1,1675,TRUE
One Woman And An Army Of Paintbrushes Are Making Sure We Never Forget Our Army Of Fallen Heroes,0,1676,FALSE
"One Of The Most Patriotic Things I've Ever Seen Doesn't Involve Guns, God, Or Glory",1,1677,TRUE
"One Of The Most Patriotic Things I've Ever Seen Doesn't Involve Guns, God, Or Glory",0,1678,FALSE
The Most Inspiring And Heartfelt Reason To Make Hilariously Inappropriate Jokes Ever,1,1679,TRUE
"This Kid's Body Is Kind Of A Jerk. Thankfully, His Brain Has Figured Out How To Ignore That.",0,1680,FALSE
Which 7-Letter-Word Is NOT A 4-Letter-Word (Despite What Some Politicians Would Like You To Think)?,1,1681,TRUE
The Founding Fathers Probably Would Have Hated To See America NOT Moving In Which Direction?,0,1682,FALSE
9 Places Where No Woman Has Ever Been,1,1683,TRUE
Check Out Some Of The World’s Most Crowded Sausage Fests,0,1684,FALSE
Which 7-Letter-Word Is NOT A 4-Letter-Word (Despite What Some Politicians Would Like You To Think)?,1,1685,TRUE
Which 7-Letter-Word Is NOT A 4-Letter-Word (Despite What Some Politicians Would Like You To Think)?,0,1686,FALSE
"For Every 3 Friends You Have, Statistically Only 1 Of You Is Actually Happy",1,1687,TRUE
"For Every 3 Friends You Have, Statistically Only 1 Of You Is Actually Happy",0,1688,FALSE
"If This Happened To Your Body, You'd Be Making Inspirational Yet Crass Jokes Too",1,1689,TRUE
"If This Happened To Your Body, You'd Be Making Inspirational Yet Crass Jokes Too",0,1690,FALSE
"If This Happened To Your Body, You'd Be Making Inspirational Yet Crass Jokes Too",1,1691,TRUE
"If This Happened To Your Body, You'd Be Making Inspirational Yet Crass Jokes Too",0,1692,FALSE
The Bluntest Speech In The History Of The Universe Lays It All Out For Graduates Before They All Die,1,1693,TRUE
The Guy Who Directed 'The Avengers' Tells A Bunch Of Parents That Their Kids Are All Going To Die,0,1694,FALSE
Have You Heard Of The Recent IRS Scandal? Because They Kinda Covered Up A Much Bigger One.,1,1695,TRUE
You've Heard Of This Recent IRS Scandal? It's Not Nearly As Bad As The One That Got Covered Up.,0,1696,FALSE
"This Kid's Body Is A Nightmare. Thankfully, He Has His Epic Sense Of Humor To Keep Him Awake.",1,1697,TRUE
"This Kid's Body Is A Nightmare. Thankfully, He Has His Epic Sense Of Humor To Keep Him Awake.",0,1698,FALSE
The Bluntest Speech In The History Of The Universe Lays It All Out For Some Kids Before They All Die,1,1699,TRUE
The Bluntest Speech In The History Of The Universe Lays It Out For College Kids Before They All Die,0,1700,FALSE
Behold The Bluntest And Deadliest Graduation Speech In The History Of The Known Universe,1,1701,TRUE
"The Bluntest Graduation Speech In The History Of The Universe: Oh God, Oh God, We're All Gonna Die!",0,1702,FALSE
"Behold The Bluntest, Funniest, And Deadliest Graduation Speech In The History Of The Known Universe",1,1703,TRUE
Behold The Bluntest And Deadliest Graduation Speech In The History Of The Known Universe,0,1704,FALSE
Thousands Of Students Have A Very Simple Question That Nobody Seems To Want To Answer,1,1705,TRUE
"These Teenagers Are Begging For Their High Schools. Is This What You Wanted, America?",0,1706,FALSE
A PERFECT Answer To A Super-Duper Annoying Question,1,1707,TRUE
"So, What Kind Of Asian Are You? ",0,1708,FALSE
This Proves It: Teenagers Know Everything. Adults Are Morons.,1,1709,TRUE
This Proves It: Teenagers Know Everything. Adults Are Morons.,0,1710,FALSE
Which 7-Letter-Word Is NOT A 4-Letter-Word (Despite What Some Politicians Would Like You To Think)?,1,1711,TRUE
Which 7-Letter-Word Is NOT A 4-Letter-Word (Despite What Some Politicians Would Like You To Think)?,0,1712,FALSE
What Really Important Thing For Women Do These 5 Dudes Think Isn't Really That Important?,1,1713,TRUE
Which 7-Letter-Word Is NOT A 4-Letter-Word (Despite What Some Politicians Would Like You To Think)?,0,1714,FALSE
"When Told 'You Can't' Do Something, Just Remember This Beautiful Clip",1,1715,TRUE
A Beautiful Example Of Things Women Have Changed Throughout History,0,1716,FALSE
Which 7-Letter-Word Is NOT A 4-Letter-Word (Despite What Some Politicians Would Like You To Think)?,1,1717,TRUE
Which 7-Letter-Word Is NOT A 4-Letter-Word (Despite What Some Politicians Would Like You To Think)?,0,1718,FALSE
"If You Think Only Women Get Hysterical Over Nothing, You Haven't Seen These 4 Dudes On Fox News Yet",1,1719,TRUE
"If You Think Only Women Get Hysterical Over Nothing, You Haven't Seen These 4 Dudes On Fox News Yet",0,1720,FALSE
A Fan Asked Patrick Stewart A Question He Doesn't Always Get. I Wasn't Expecting This Answer.,1,1721,TRUE
I'm Not Crying. That's Just Space Rain On My Face.,0,1722,FALSE
A Fan Asked Patrick Stewart A Question He Doesn't Always Get. I Wasn't Expecting This Answer.,1,1723,TRUE
The Time I Really Felt Like Giving Patrick Stewart A Giant Hug For Being A Wonderful Human Being,0,1724,FALSE
A Fan Asked Patrick Stewart A Question He Doesn't Always Get. I Wasn't Expecting This Answer.,1,1725,TRUE
A Fan Asked Patrick Stewart A Question He Doesn't Always Get. I Wasn't Expecting This Answer.,0,1726,FALSE
A Fan Asked Patrick Stewart A Question He Doesn't Always Get. I Wasn't Expecting This Answer.,1,1727,TRUE
A Fan Asked Patrick Stewart A Question He Doesn't Always Get. I Wasn't Expecting This Answer.,0,1728,FALSE
A Brave Fan Asks Patrick Stewart A Question He Doesn't Usually Get And Is Given A Beautiful Answer,1,1729,TRUE
A Fan Asked Patrick Stewart A Question He Doesn't Always Get. I Wasn't Expecting This Answer.,0,1730,FALSE
Fan Asks Patrick Stewart A Question He Doesn't Always Get. I Wasn't Expecting This Beautiful Answer.,1,1731,TRUE
Fan Asks Patrick Stewart A Question He Doesn't Always Get. I Wasn't Expecting This Beautiful Answer.,0,1732,FALSE
A Brave Fan Asks Patrick Stewart A Question He Doesn't Usually Get And Is Given A Stunning Answer,1,1733,TRUE
A Brave And Vulnerable Fan Asks Patrick Stewart An Unusual Question And Gets An Awe-Inspiring Answer,0,1734,FALSE
A Brave Fan Asks Patrick Stewart A Question He Doesn't Usually Get And Is Given A Beautiful Answer,1,1735,TRUE
A Brave Fan Asks Patrick Stewart An Unusual Question And Is Given A Raw And Emotional Answer,0,1736,FALSE
They Reduced Driving Speed By 22%.  And They Did It By Making Speed Cameras Fantabulous.,1,1737,TRUE
"Forget Powerball, You Can Win The Lottery Just By Driving Your Car!",0,1738,FALSE
Imagine A World Where Speeders Get Tickets And People Who Obey The Law Get AWESOME,1,1739,TRUE
"Imagine Obeying Speed Limits For Fun?  Yes, Please.",0,1740,FALSE
"Dan Savage Is Controversial, But I Challenge You To Argue With The Advice He’s Giving These Kids",1,1741,TRUE
"If You Have Kids, Want Kids, Or Know Someone Who Does, You Should Hear This Advice For Gay People",0,1742,FALSE
You Need To See What These Women Are Afraid Of,1,1743,TRUE
"First I Was All, ‘OMG, Enough Sheryl Sandberg!’ Then I Saw This And Was All, ‘Ohhh, I Get It.’",0,1744,FALSE
"If You Are A Woman, Love A Woman, Or Are Raising A Woman, Do Her A Favor And Watch This",1,1745,TRUE
You Need To See What These Women Are Afraid Of,0,1746,FALSE
"If Everyone Heard This Advice For Closeted Gay People, There Might Be A Lot Fewer Tears In The World",1,1747,TRUE
"Advice For Gay Kids That Every Straight Parent Should Hear, Too",0,1748,FALSE
Why You Should Stop Instagramming Your Food And Start Instagramming Its Packaging,1,1749,TRUE
Why You Should Stop Instagramming Your Food And Start Instagramming Its Packaging,0,1750,FALSE
PLOT TWIST: Fox News Anchor Lays Epic Smackdown On Fox News Anchors For Homophobia and Misogyny,1,1751,TRUE
Fox News Anchor Takes On Fox News Anchors For Homophobia And Misogyny In Some Epic Fox Newsception,0,1752,FALSE
PLOT TWIST: What Happens When Fox News Is So Misogynistic They Even Cross The Line With Fox News?,1,1753,TRUE
PLOT TWIST: What Happens When Fox News Becomes So Misogynistic They Even Infuriate Fox News?,0,1754,FALSE
OMG: Fox Newswoman Lays Epic Smackdown On Fox Newsmen For Blatant Misogyny,1,1755,TRUE
PLOT TWIST: Fox Newswoman Lays Epic Smackdown On Fox Newsmen For Blatant Misogyny,0,1756,FALSE
OMG: Fox Newswoman Lays Epic Smackdown On Fox Newsmen For Blatant Misogyny,1,1757,TRUE
OMG: Fox Newswoman Lays Epic Smackdown On Fox Newsmen For Blatant Misogyny,0,1758,FALSE
"Obama's Speech Writer/Stand-Up Comedian Gives A Graduation Speech. Not Surprisingly, It's Badass.",1,1759,TRUE
"Obama's Speech Writer/Stand-Up Comedian Gives A Graduation Speech. Not Surprisingly, It's Badass.",0,1760,FALSE
"This Guy May Curse A Lot, But You Would Too If You Knew This Much About Girls Toys",1,1761,TRUE
"This Guy May Curse A Lot, But You Would Too If You Knew This Much About Girls Toys",0,1762,FALSE
"There's A Good Reason This Guy Talked Back To His Teacher, Walked Out, And Got An F",1,1763,TRUE
"This Guy May Curse A Lot, But You Would Too If You Knew This Much About Barbie Dolls",0,1764,FALSE
"There's A Good Reason This Guy Talked Back To His Teacher, Walked Out, And Got An F",1,1765,TRUE
This Is Why Barbie May Be Poisoning Your Thoughts,0,1766,FALSE
"There's A Good Reason This Guy Talked Back To His Teacher, Walked Out, And Got An F",1,1767,TRUE
"There's A Great Reason This Kid Talked Back To His Fake Teacher, Walked Out, And Got An F",0,1768,FALSE
"There's A Good Reason This 18-Year-Old Kid Talked Back To His 'Teacher', Walked Out, And Got An F",1,1769,TRUE
"There's A Good Reason This 18-Year-Old Kid Lectured His 'Teacher', Walked Out, And Got An F",0,1770,FALSE
7 Wonderful People Share Something You Should Know Before It's Too Late,1,1771,TRUE
What Skipping The Star Wars Prequels And Saving Your Own Life Have In Common,0,1772,FALSE
"BOOM: ""The Daily Show"" Puts Another Debate To Rest",1,1773,TRUE
So We're Profiling Conservatives Now? I For One Can't Wait!,0,1774,FALSE
"BOOM: ""The Daily Show"" Puts Another Debate To Rest",1,1775,TRUE
"BOOM: ""The Daily Show"" Puts Another Debate To Rest",0,1776,FALSE
"The Absolute Best Summary Of Why The World's Middle Class Got Screwed, And How We Can Fight Back",1,1777,TRUE
Working People And Students Did Not Cause This Damned Economy To Crash,0,1778,FALSE
Seven Wonderful People Share Secrets That Are Killing Them. This Could Change Your Life.,1,1779,TRUE
Seven Wonderful People Share Secrets That Are Killing Them. This Could Change Your Life.,0,1780,FALSE
These Wonderful People Share Secrets That Are Killing Them. This Could Change Your Life.,1,1781,TRUE
These Wonderful People Share Secrets That Are Killing Them. This Could Change Your Life.,0,1782,FALSE
"What Happened To Our Jobs, Schools, Roads, And Bridges In One Incredible Clip",1,1783,TRUE
"What Happened To Our Jobs, Schools, Roads, And Bridges In One Incredible Clip",0,1784,FALSE
"The Absolute Best Summary Of Why The World's Middle Class Got Screwed, And What We Can Do About It",1,1785,TRUE
"The Absolute Best Summary Of Why The World's Middle Class Got Screwed, And What We Can Do About It",0,1786,FALSE
A Nice Lady With A Fancy British Accent Explains Why Your Fear Of Immigrants Might Be Misplaced,1,1787,TRUE
A Nice Lady With A Fancy British Accent Explains Why Your Fear Of Immigrants Might Be Misplaced,0,1788,FALSE
"Next Time Someone Tells You That Immigrants Are Destroying Our Country, Show Them This",1,1789,TRUE
The One Where A Nice British Lady Cusses You Out Because Math Is Important,0,1790,FALSE
"Ellen Talks About The Best Thing That Ever Happened To Her, Which Coincidentally Was Also The Worst",1,1791,TRUE
Ellen Added Something To The TV Landscape—And In Doing So Changed The World,0,1792,FALSE
"When Trying To Make A Living Turned Into A Nightmare, This Woman Changed It Back Into A Dream",1,1793,TRUE
"Think Lawmakers Don't Affect You? As My Mother Used To Say, 'You've Got Another Thing Coming, Mister!'",0,1794,FALSE
"When Trying To Make A Living Turned Into A Nightmare, This Woman Changed It Back Into A Dream",1,1795,TRUE
"Think Lawmakers Don't Affect You? As My Mother Used To Say, 'You've Got Another Thing Coming, Mister!'",0,1796,FALSE
Listen To A Nice White Lady Explain Who Is At Fault For All Our Immigration Problems,1,1797,TRUE
"Next Time Someone Tells You That Immigrants Are Destroying Our Country, Show Them This",0,1798,FALSE
"Next Time Someone Tells You That Immigrants Are Destroying Our Country, Show Them This",1,1799,TRUE
"Next Time Someone Tells You That Immigrants Are Destroying Our Country, Show Them This",0,1800,FALSE
How This Guy's Not-So-Glamorous Childhood In The Great Outdoors Turned Him Into A Glamorous Rap Star,1,1801,TRUE
How Rapping In The Great Outdoors Turned This Duo Into Hugely Famous Hip Hop Artists,0,1802,FALSE
An Amazing Thing Happened When A Sporting Goods Store And A Fortune Cookie Had A Baby...,1,1803,TRUE
I dare you to kick off those mental training wheels and make your next bike ride this inspiring.,0,1804,FALSE
See The Film That PBS Is Too Scared To Show,1,1805,TRUE
"They Make Oil, Lycra, Carpet Cleaner, Toilet Tissue. Oh, And Maybe The End Of Democracy.",0,1806,FALSE
"Hey, Employers! Here's Why You Might Want To Hire People Who Bomb Their Interviews.",1,1807,TRUE
"Hey, Employers! Here's Why You Might Want To Hire People Who Bomb Their Interviews.",0,1808,FALSE
The Doctor Said His Son Should Be Committed.  He Chose To Commit To His Son Instead.,1,1809,TRUE
"Disability, Schmissability.  This Father-Son Duo Has Got This.",0,1810,FALSE
"Congratulations, You're Having A Baby! Now, About That Time Off Thing...",1,1811,TRUE
"Congratulations, You're Having A Baby! Now, About That Time Off Thing...",0,1812,FALSE
The Most Sexist And Disturbingly Hilarious Pro-Gay Marriage Video I've Ever Seen,1,1813,TRUE
"The Most Sexist, Misogynistic, Crass, Profane, And Beautiful Gay Wedding Video I've Ever Seen",0,1814,FALSE
"Something Google, Yahoo, Facebook, And Instagram Are Doing Better At Than The Entire United States",1,1815,TRUE
Taking Time Off When You Have Kids Means That A Lot Less Kids Die,0,1816,FALSE
"You Don't Have To Wear A Fedora, But You DO Have To Be A Decent Human Being",1,1817,TRUE
"Not Only Do You Look Fedorable, But You're Also A Good Person",0,1818,FALSE
"Um, If Canada Said, ""No Thank You,"" That Probably Means It’s Really Bad",1,1819,TRUE
"Um, If Canada Said, ""No Thank You,"" That Probably Means It’s Really Bad",0,1820,FALSE
The Most Sexist And Disturbingly Hilarious Pro-Gay Marriage Video I've Ever Seen,1,1821,TRUE
The Most Sexist And Disturbingly Hilarious Pro-Gay Marriage Video I've Ever Seen,0,1822,FALSE
This Hilarious Lashing of PBS by Stephen Colbert Was Brought to You by the Letter “C” for Censorship,1,1823,TRUE
"You Just Know Bert & Ernie Could Be Next To Go If Stephen Colbert Can’t Change PBS’ Mind
",0,1824,FALSE
"You Don't Have To Wear A Fedora, But You DO Have To Be A Decent Human Being",1,1825,TRUE
"You Don't Have To Wear A Fedora, But You DO Have To Be A Decent Human Being",0,1826,FALSE
"Legislator Wants To Make Sure WITCH DOCTORS Get A Fair Hearing In Science Class. No, I'm Not Joking.",1,1827,TRUE
Raise Your Hand if You Think Witch Doctoring Should Be Part Of The Core Science Curriculum,0,1828,FALSE
This Is An Ass-Off-The-Couch Kind Of Video.  Just An Invitation To Rock Your Inner Buddha.,1,1829,TRUE
I Dare You To Kick Off Those Mental Training Wheels And Make Your Next Bike Ride This Inspiring,0,1830,FALSE
The Cape That Does A Hell Of A Lot More Than Flap In The Breeze,1,1831,TRUE
"When Childhood Illnesses Make Life Terrible For These Kids, One Thing Always Makes Them Smile Again",0,1832,FALSE
1 Minute And 45 Seconds That’ll Make You Think Twice About Poverty,1,1833,TRUE
Where Do You Think Poverty Is Growing? You’re Probably Wrong,0,1834,FALSE
This Is An Ass-Off-The-Couch Kind Of Video.  Just An Invitation To Rock Your Inner Buddha.,1,1835,TRUE
This Is An Ass-Off-The-Couch Kind Of Video.  Just An Invitation To Rock Your Inner Buddha.,0,1836,FALSE
"Um, If Canada Said, ""No Thank You,"" That Probably Means It’s Really Bad",1,1837,TRUE
"Um, If Canada Said, ""No Thank You,"" That Probably Means It’s Really Bad",0,1838,FALSE
That Time A Legislator Seriously Demanded That Wizardry And Magic Be Part Of The Science Curriculum,1,1839,TRUE
Raise Your Hand if You Think Magic Spells Should Be Part Of The Core Science Curriculum,0,1840,FALSE
A 9-Year-Old Asks McDonald’s CEO A Simple Question. She’s Not Lovin’ His Response.,1,1841,TRUE
A 9-Year-Old Asks McDonald’s CEO A Simple Question. She’s Not Lovin’ His Response.,0,1842,FALSE
That Time A Legislator Seriously Demanded That Wizardry And Magic Be Part Of The Science Curriculum,1,1843,TRUE
That Time A Legislator Seriously Demanded That Wizardry And Magic Be Part Of The Science Curriculum,0,1844,FALSE
"A Homeless Man Is Asked To Speak His Mind. Put Your Empathy Hat On, Things Are Getting Real",1,1845,TRUE
"This Homeless Man Is A Person, But Not Everyone Sees Him That Way. And He Can't Take It Anymore",0,1846,FALSE
"A Prison Ignored The Most Obvious Cries For Help, And The Result Is Devastating",1,1847,TRUE
"A Prison Ignored The Most Obvious Cries For Help, And The Result Is Devastating",0,1848,FALSE
A Politician Learned The Hard Way What It’s Like To Actually Live On Government Handouts,1,1849,TRUE
Hey Politicians – Don’t Walk A Mile In My Shoes. Eat For A Week On My Budget,0,1850,FALSE
"Next Time Someone Says You Can't Do Something, Here's Proof You Shouldn't Stop Trying.",1,1851,TRUE
"How Do You Respond To The Doc Who Says You'll Be A Vegetable? Smile, Nod, Then Prove Him SO Wrong.",0,1852,FALSE
"We Tell The World When Our Kids Get Bumps And Bruises, But Why Are We Silent If This Happens?",1,1853,TRUE
"We Tell The World When Our Kids Get Bumps And Bruises, But Why Are We Silent If This Happens?",0,1854,FALSE
Doctors Said He'd Be A Vegetable. He Said Bullsh*t.,1,1855,TRUE
Doctors Said He'd Be A Vegetable. He Said Bullsh*t.,0,1856,FALSE
WHOA: 9-Year-Old Proves THAT Even 'Failing' Schools Are Capable Of Producing Ridiculously Smart Kids,1,1857,TRUE
Chicago Public Schools' Loudest Advocate Still Needs A Booster Seat,0,1858,FALSE
Guess What Natural Wonder Of The World Is Getting Destroyed Now,1,1859,TRUE
It’s One Of Richest Ecosystems In The World. And It’s Under Attack.,0,1860,FALSE
WHOA: 9-Year-Old Proves THAT Even 'Failing' Schools Are Capable Of Producing Ridiculously Smart Kids,1,1861,TRUE
"If A 9-Year-Old Could Stand Up For His School, Why Couldn't A Room Of Officials?",0,1862,FALSE
Think Australia Can’t Do Worse Than A Giant Hole In The Ozone Layer? Think Again.,1,1863,TRUE
"It’s A Good Thing Pixar Uses Graphics, Because Nemo And Dori’s Home Is About To Be Destroyed",0,1864,FALSE
Australia Is Trying To Destroy The Number One Reason I’d Go There,1,1865,TRUE
Australia Is Trying To Destroy The Number One Reason I’d Go There,0,1866,FALSE
You Know Those Relationships That You Stay In Too Long? Yeah -- Here’s Another One.,1,1867,TRUE
"Poisonous Fish, Exploding Mountaintops, And Kids With Asthma? WTF?!",0,1868,FALSE
"Just A Guess, But If You’ve Been Breathing Lately, This Video Might Pertain To You",1,1869,TRUE
"Just A Guess, But If You’ve Been Breathing Lately, This Video Might Pertain To You",0,1870,FALSE
"Just A Guess, But If You’ve Been Breathing Lately, This Video Might Pertain To You",1,1871,TRUE
"Poisonous Fish, Exploding Mountaintops, And Kids With Asthma? WTF?! 
",0,1872,FALSE
Dear Mr. Senator: Harry Potter Is A Fiction Book. Not Science Curriculum.,1,1873,TRUE
Dear Mr. Senator: Harry Potter Is A Fiction Book. Not Science Curriculum.,0,1874,FALSE
"If Someone Tried To Teach My Children This In Science Class, I'd Do More Than Cast A Spell On Them",1,1875,TRUE
"If Someone Tried To Teach My Children This In Science Class, I'd Do More Than Sacrifice A Chicken",0,1876,FALSE
2 Lesbians Went To A Macklemore Concert And This Is What They Got,1,1877,TRUE
When I Say Macklemore Do You Immediately Think Of 2 Lesbians? You Will Now.,0,1878,FALSE
2 Lesbians Went To A Macklemore Concert And This Is What They Got,1,1879,TRUE
"If I Were A Lesbian Going To A Macklemore Concert, This Is How I Would Propose To My Girlfriend",0,1880,FALSE
Macklemore Just Caused A Lesbian Wedding To Be Planned,1,1881,TRUE
That TIme Watching 2 Lesbians Made Me Cry A Little,0,1882,FALSE
2 Lesbians Went To A Macklemore Concert And This Is What They Got,1,1883,TRUE
2 Lesbians Went To A Macklemore Concert And This Is What They Got,0,1884,FALSE
" When Facebook 'Likes' Meet Real Life, Things Get...Complicated",1,1885,TRUE
"If Armchair Activism Were An Actual Olympic Sport, This Would Be A Great Way To Advertise It",0,1886,FALSE
Watch A Real Life Modern Family Form in Three Minutes and 31 Seconds,1,1887,TRUE
Watch A Real Life Modern Family Form in Three Minutes and 31 Seconds,0,1888,FALSE
Girl On Girl: Not As Sexy As It Sounds,1,1889,TRUE
This Girl Is Here To Remind You That Most Women Kick Butt!,0,1890,FALSE
"Best Explanation Of Religion I Have Ever Heard, And I'm Practically An Atheist",1,1891,TRUE
"I Don't Usually Drink Religion, But When I Do, I'll Have What This Bishop Is Having.",0,1892,FALSE
"In Their Yearbook, They're ""Cutest Couple"", But In My Book, They're ""Most Inspiring""",1,1893,TRUE
"In Their Yearbook, They're ""Cutest Couple"", But In My Book, They're ""Most Inspiring""",0,1894,FALSE
"Nearly 4 Billion Was Spent On This Unjust War. Not Iraq or Afghanistan, The Other One.",1,1895,TRUE
WARNING: The Video You're About To Watch Contains A Serious Substance Known As Injustice,0,1896,FALSE
"Nearly 4 Billion Was Spent On This Unjust War. Not Iraq or Afghanistan, The Other One",1,1897,TRUE
"Here Is Something That Can Stop You From Getting A Job, But Won't Stop You From Becoming President
",0,1898,FALSE
America Has Been Waiting Hundreds Of Years For It. This Breakup Needs To Happen.,1,1899,TRUE
What Life Would Look Like If The Two Biggest Celebrities In America Were Sexy Lounge Singers,0,1900,FALSE
Watch A Kid At A Dinner Table Accidentally Destroy One Of His Mother's Lifelong Beliefs,1,1901,TRUE
A Kid's Accidental Dinnertime Argument Makes His Mother Start Crying,0,1902,FALSE
Know Anyone That Thinks Racial Profiling Is Exaggerated? Watch This And Tell Me When Your Jaw Drops.,1,1903,TRUE
Know Anyone That Thinks Racial Profiling Is Exaggerated? Watch This And Tell Me When Your Jaw Drops.,0,1904,FALSE
Imagine The Most Graphic Horror Movie You've Ever Seen… This Is Worse.  And It's Real.,1,1905,TRUE
The Truth About The Life Of This Lil' Guy Is Cold-Blooded,0,1906,FALSE
"Take A Look At These Men’s Faces. They Might Not Be Here Tomorrow.
",1,1907,TRUE
See The Faces Of The Guantanamo Hunger Strike,0,1908,FALSE
"This Teacher Teaches Amazing Lessons, Even When She Isn't In Front of A Classroom.",1,1909,TRUE
"This Teacher Teaches Amazing Lessons, Even When She Isn't In Front of A Classroom.",0,1910,FALSE
Is This For Real? A Woman Becomes The *Property* Of Her Husband's Family If He Dies?,1,1911,TRUE
E-Q-U-A-L-I-T-Y. There's Another Word I Wouldn't Mind Aretha Franklin Spelling.,0,1912,FALSE
"Nobody Knows About This Little Town, But You Should Before It's Literally Wiped Off The Map Forever",1,1913,TRUE
What If We Woke Up Tomorrow And Little Communities Like This Were Gone Forever?,0,1914,FALSE
"Nobody Knows About This Little Town, But You Should Before It's Literally Wiped Off The Map Forever",1,1915,TRUE
"Nobody Knows About This Little Town, But You Should Before It's Literally Wiped Off The Map Forever",0,1916,FALSE
"Nobody Knows About This Little Town, But You Should Before It's Literally Wiped Off The Map Forever",1,1917,TRUE
"Nobody Knows About This Little Town, But You Should Before It's Literally Wiped Off The Map Forever",0,1918,FALSE
"This Unjust War Costs Us Nearly $4 Billion Every Year. No Not Iraq or Afghanistan, The Other One.",1,1919,TRUE
"To Say There Isn't Injustice Here Is Is As Big A Lie As Saying ""I Didn't Inhale"" 
",0,1920,FALSE
"This Unjust War Costs Us Nearly $4 Billion Every Year. No Not Iraq or Afghanistan, The Other One",1,1921,TRUE
"This Unjust War Costs Us Nearly $4 Billion Every Year. No Not Iraq or Afghanistan, The Other One",0,1922,FALSE
"In Their Yearbook, They're ""Cutest Couple"", But In My Book, They're ""Most Inspiring""",1,1923,TRUE
"In Their Yearbook, They're ""Cutest Couple"", But In My Book, They're ""Most Inspiring""",0,1924,FALSE
"In Their Yearbook, They're ""Cutest Couple"", But In My Book, They're ""Most Inspiring""",1,1925,TRUE
"In Their Yearbook, They're ""Cutest Couple"", But In My Book, They're ""Most Inspiring""",0,1926,FALSE
There’s A Very Special Relationship Between These Billionaires And These Food Stamp Recipients,1,1927,TRUE
New Jobs Numbers? Why Are We Counting New Jobs? Even The Ones We Have Don’t Pay.,0,1928,FALSE
It's A Bird! It's A Plane! It's ... It's ... It's So Adorable I Might Start Crying.,1,1929,TRUE
It's A Bird! It's A Plane! It's ... It's ... It's So Adorable I Might Start Crying.,0,1930,FALSE
This Guy Must Be Pretty Special If All These Famous Folks Are Changing Their Names,1,1931,TRUE
Some People Are OK With Truthiness. I Prefer TRUTH.,0,1932,FALSE
Every US Agency Probably Wants This Man Dead. So You Should Hear What He Says Before That Happens.,1,1933,TRUE
You Won't Believe Who The NSA Spies On More Than Russia. Meet INSERT YOUR NAME HERE.,0,1934,FALSE
This Guy Had Access To Every Secret The US Government Holds Dear. He's Sharing 1 Of Them With You.,1,1935,TRUE
What Country Does The United States Spy On More Than Any Other? Hint: You Probably Live In It.,0,1936,FALSE
"An Ex-CIA Dude Just Pissed Off Everyone In The Government, So Watch This Before He Disappears",1,1937,TRUE
"A Secret Government Agency Is Watching You Watch This. Also, Apparently, Everything Else You Do. ",0,1938,FALSE
"An Ex-CIA Dude Just Pissed Off Everyone In The Government, So Watch This Before He 'Disappears'",1,1939,TRUE
"An Ex-CIA Dude Just Pissed Off Everyone In The Government, So Watch This Before He Is 'Disappeared'",0,1940,FALSE
"An Ex-CIA Dude Just Enraged Everyone In The Government, So Watch This Before He 'Disappears'",1,1941,TRUE
"An Ex-CIA Dude Just Enraged Everyone In The Government, So Watch This Before He 'Disappears'",0,1942,FALSE
"An Ex-CIA Dude Just Enraged Everyone In The Government, So Watch This Before He 'Disappears'",1,1943,TRUE
If You Are Going To Give Away The Government's Most Horrible Secret About Spying On Americans...,0,1944,FALSE
"An Ex-CIA Dude Just Enraged Everyone In The Government, So Watch This Before He 'Disappears'",1,1945,TRUE
"An Ex-CIA Dude Just Enraged Everyone In The Government, So Watch This Before He 'Disappears'",0,1946,FALSE
"I'd Like To Think I'm An Informed Straight Ally, But I'm Embarrassed I Didn't Know This",1,1947,TRUE
"They Call It The 'Defense Of Marriage Act,' So Why Is It Tearing This Couple Apart? ",0,1948,FALSE
"I'd Like To Think I'm An Informed Straight Ally, But I'm Embarrassed I Didn't Know This",1,1949,TRUE
"I'd Like To Think I'm An Informed Straight Ally, But I'm Embarrassed I Didn't Know This",0,1950,FALSE
"I'd Like To Think I'm An Informed Straight Ally, But I'm Embarrassed I Didn't Know This",1,1951,TRUE
"They Call It The 'Defense Of Marriage Act,' So Why Is It Tearing This Couple Apart? ",0,1952,FALSE
Ever Been Called A Hipster Or Know Someone Who Has? Toughen Up And Watch This Video.,1,1953,TRUE
"Feel Like Getting All Riled Up About Race And Hipsters? Watch This.
",0,1954,FALSE
This Guy Must Be Pretty Special If All These Famous Folks Are Changing Their Names,1,1955,TRUE
"I Don’t Care What Anyone Says, A Soldier Who Stands Up For The Truth Is My Hero",0,1956,FALSE
This Guy Must Be Pretty Special If All These Famous Folks Are Changing Their Names,1,1957,TRUE
This Guy Must Be Pretty Special If All These Famous Folks Are Changing Their Names,0,1958,FALSE
"Stephen Colbert Ridicules A Paper For Firing It's Photojournalists. Yes, There's An App For That.",1,1959,TRUE
Replace Skilled Artists With Apps?  Colbert Burns Industry For Hairbrained Tactics.,0,1960,FALSE
"Here's How Telling Your Black Friend They're ""Not Really Black"" Gets You Made Fun Of On Television",1,1961,TRUE
Know Someone Who Thinks Black People Shouldn't Eat Bagels? Have Them Hear This Woman Out.,0,1962,FALSE
The Way This Gay Video Blogger Answers A Close-Minded Question Is Absolutely Hilarious,1,1963,TRUE
The Way This Gay Video Blogger Answers A Close-Minded Question Is Absolutely Hilarious,0,1964,FALSE
Stupid Law Says No Gay Marriage? Google Says Challenge Accepted.,1,1965,TRUE
Stupid Law Says No Gay Marriage? Google Says Challenge Accepted.,0,1966,FALSE
"Your Marriage Is Against The Bible,' They Said To A Man And A Woman 50 Years Ago (Yes, Really!)",1,1967,TRUE
"Your Marriage Is Against The Bible,' They Said To A Man And A Woman 50 Years Ago (Yes, Really!)",0,1968,FALSE
"VIDEO: ""I've Seen Vegetables That Look Like They're Having A Nervous Breakdown""",1,1969,TRUE
"WATCH: Now I Know The Link Between Black Beans, BBQ, And The Black Panthers",0,1970,FALSE
Meet The Growing Movement Of Kick Ass Women Who Will No Longer Stay Silent,1,1971,TRUE
Wanted: Kick Ass Women. Mission: Kick Sexism's Ass. (Mission Accomplished?),0,1972,FALSE
Move Over Adele: This Lady Wins The 'Songs That Make Me Cry' Award,1,1973,TRUE
Super Awesome Granny Tickles The Ivories—And The Heartstrings—For Equality,0,1974,FALSE
"Do You Know Someone Who Doesn't Think Sexism Exists? Maybe These 25,000 Women Will Change Their Mind",1,1975,TRUE
WOW: The Growing Movement Of Kick Ass Women Who Will No Longer Stay Silent,0,1976,FALSE
A Bus Full Of Rude British Complainers Won't Let Facts Stop Their Angry Rant,1,1977,TRUE
These British People Want To Stop Giving Out Foreign Aid,0,1978,FALSE
Move Over Adele: This Lady Wins The 'Songs That Make Me Cry' Award,1,1979,TRUE
Move Over Adele: This Lady Wins The 'Songs That Make Me Cry' Award,0,1980,FALSE
Ever Come Across A Grouchy Drive-Thru Worker? This Comedian's Set Totally Nails Why.,1,1981,TRUE
Crappy Meal: Man Rakes Former Employer Over The Deep Fryer Recapping His Past In Fast Food,0,1982,FALSE
It Takes A Radical Movement In America To Get What Every Other Developed Country Doesn’t Think Twice About,1,1983,TRUE
It Takes A Radical Movement In America To Get What Every Other Developed Country Doesn’t Think Twice About,0,1984,FALSE
Let The Daily Show Sum Up The NSA Scandal In Less Tham 5 Minutes,1,1985,TRUE
That Guy Sitting In Jon Stewart's Seat Nails Why You SHOULD Be Paranoid About The NSA,0,1986,FALSE
"You're Probably A Part Of This Crowd, And Thats Why Corporate America Is Scared Of You",1,1987,TRUE
Wanted: People To Revolutionize The Economy. Hipster Beard Not Necessary.,0,1988,FALSE
They Replaced Black People With White To Make You See This Differently. Did It Work?,1,1989,TRUE
Do You Think People Will See This Issue Differently Because Their Skin Is White?,0,1990,FALSE
He Made A Choice. He Took A Life. He Made Another Choice. He's Saving A Community.,1,1991,TRUE
He Was Looking At The Man In The Mirror And He Did Change His Ways. See How.,0,1992,FALSE
Oooooh! Swish! Misogynistic Predictions For The Future Of Women's Fashion According To 1939.,1,1993,TRUE
"According To 1939, The Future Of Men's Fashion Will Consist Of Giving Candy To Pretty Girls",0,1994,FALSE
The First Time This Kid Played Harmonica He Earned $80. You'll Be Floored By What He Did With It.,1,1995,TRUE
"Tell Me, If This Kid And His Harmonica Are The Future Of America... We Win, Right?",0,1996,FALSE
"What Do You Get When You Take A City And Add 12,000 Lemon Trees?",1,1997,TRUE
How Just One Tree Is Helping San Francisco Gain Independence,0,1998,FALSE
Yo Let's Put These Quotes On The Cover Of Cosmo,1,1999,TRUE
Yo Let's Put These Quotes On The Cover Of Cosmo,0,2000,FALSE
He Said WHAT Is A Weapon Of War?,1,2001,TRUE
He Said WHAT Is A Weapon Of War?,0,2002,FALSE
"You're Probably A Part Of This Crowd, And Thats Why Corporate America Is Scared Of You",1,2003,TRUE
"You're Probably A Part Of This Crowd, And Thats Why Corporate America Is Scared Of You",0,2004,FALSE
The Knowledge I Gained At School Doesn't Compare To What I Lost,1,2005,TRUE
See Me After Class: Is Debt The Only Major Being Offered These Days?,0,2006,FALSE
He Said WHAT Is A Weapon Of War?,1,2007,TRUE
He Said WHAT Is A Weapon Of War?,0,2008,FALSE
Why Is This Artist Telling You To Throw Away Your Phone? And So Beautifully?,1,2009,TRUE
SPOTTED! Soul Man In An Army Helmet Telling You How To Find Humanity In Your Digital Life,0,2010,FALSE
The First Time This Kid Played Harmonica He Earned $80. You'll Be Floored By What He Did With It.,1,2011,TRUE
The First Time This Kid Played Harmonica He Earned $80. You'll Be Floored By What He Did With It.,0,2012,FALSE
You Know The Name Of One Of These Athletes But The Other Two Are The Ones You Should Remember,1,2013,TRUE
"I Agree With This Superstar, Love Watching These Two Brothers Bond Over Disability",0,2014,FALSE
"There Is No Way That You Built Something This Cool In High School. No Way. 
",1,2015,TRUE
There Is No Way That You Built Something THIS Cool In High School. No Way.,0,2016,FALSE
The First Time This Kid Played Harmonica He Earned $80. You'll Be Floored By What He Did With It.,1,2017,TRUE
The First Time This Kid Played Harmonica He Earned $80. You'll Be Floored By What He Did With It.,0,2018,FALSE
You Know The Name Of One Of These Athletes But The Other Two Are The Ones You Should Remember,1,2019,TRUE
You Know The Name Of One Of These Athletes But The Other Two Are The Ones You Should Remember,0,2020,FALSE
"This Actress Will Make You Laugh, But The Photoshop Job Hollywood Pulled On Her Will Make You Cry
",1,2021,TRUE
"Someone Taught Fox How To Use Photoshop, And The Results Are Predictably Horrible",0,2022,FALSE
You Know The Name Of One Of These Athletes But The Other Two Are The Ones You Should Remember,1,2023,TRUE
You Know The Name Of One Of These Athletes But The Other Two Are The Ones You Should Remember,0,2024,FALSE
The Knowledge I Gained In School Doesn't Even Compare To What I Lost,1,2025,TRUE
The Knowledge I Gained In School Doesn't Even COMPARE To What I Lost,0,2026,FALSE
"When Faced With His Brother’s Disability, This Big Brother Decides To Run With It.",1,2027,TRUE
"I Agree With This Superstar, Love Watching These Two Brothers Bond Over Disability",0,2028,FALSE
"Those Billionaires Were Pretty Slick With Their Crude Lie, And We're Too Thick To Notice",1,2029,TRUE
Those Billionaires Were Pretty Slick With Their Crude Lie. Are We Too Thick To Notice?,0,2030,FALSE
TABOO ALERT: People Feel Really Awkward If You Bring This Up. Especially If You've Tried It.,1,2031,TRUE
TABOO ALERT: This TED Talk Exposes A Silent Killer,0,2032,FALSE
Move Over Adele: This Lady Wins The 'Songs That Make Me Cry' Award,1,2033,TRUE
Move Over Adele: This Lady Wins The 'Songs That Make Me Cry' Award,0,2034,FALSE
There Is No Way That You Built Something This Cool In High School. No Way,1,2035,TRUE
There Is No Way That You Built Something THIS Cool In High School. No Way,0,2036,FALSE
Hold Up. Are HAMBURGERS Really The Answer To Global Warming?!,1,2037,TRUE
Hold Up. Are HAMBURGERS Really The Answer To The Climate Disaster?!,0,2038,FALSE
The Knowledge I Gained In School Doesn't Even Compare To What I Lost,1,2039,TRUE
Ouch: The Knowledge I Gained In School Doesn't Even COMPARE To What I Lost,0,2040,FALSE
How To Feel So Much Better About How You Live Your Life In Eleven Words,1,2041,TRUE
Eleven Words That Will Give You A Fiercer Way To Look At Adversity and Knuckleheads,0,2042,FALSE
"What Do You Get When You Take A City And Add 12,000 Lemon Trees?",1,2043,TRUE
"What Do You Get When You Take A City And Add 12,000 Lemon Trees?",0,2044,FALSE
Some High Schoolers Built A Car. You Won't Guess What It's Powered By,1,2045,TRUE
"This Car Doesn't Just Look Cool, It's Got An Amazing Story, Too",0,2046,FALSE
Hold Up. Are HAMBURGERS Really The Answer To Global Warming?!,1,2047,TRUE
Hold Up. Are HAMBURGERS Really The Answer To Global Warming?!,0,2048,FALSE
Hold Up. Are HAMBURGERS Really The Answer To Saving The Planet?!,1,2049,TRUE
HOLD UP. How Are HAMBURGERS The Answer To Saving The Planet!?,0,2050,FALSE
"Oh, So In Scotland They Actually DON'T Promote Rape Culture?",1,2051,TRUE
"If The Steubenville Football Team Had Seen This Video, Maybe We'd Be Short One Injustice.",0,2052,FALSE
I Wish I'd Seen This At 3 Years Old Instead Of 30. I'd Be A Better Person Today.,1,2053,TRUE
"Republican? Democrat? Screw That, I'm With The Kindness Party.",0,2054,FALSE
"Oh, So In Scotland They Actually DON'T Promote Rape Culture?",1,2055,TRUE
"I Hate That This Ad Even Has To Exist — But Now I'm Pretty Sure We Need It In America, Too.",0,2056,FALSE
The Scientific Reality That's Completely Sobering And Totally Empowering At The Same Time,1,2057,TRUE
This Beautiful Place Is Home To Unspeakable Violence — And All The Love Humanity Is Capable Of.,0,2058,FALSE
I Wish I'd Seen This At 3 Years Old Instead Of 30. I'd Be A Better Person Today.,1,2059,TRUE
I Wish I'd Seen This At 3 Years Old Instead Of 30. I'd Be A Better Person Today.,0,2060,FALSE
This MIT Professor Has Her Sassy Pants On And She's Not Letting Mark Zuckerberg Off The Hook.,1,2061,TRUE
It's Up To Parents And Politicians To Reclaim Our Privacy Rights Before It's Too Late.,0,2062,FALSE
"Jeez, What Can't Kickstarter Do?! This Project Is Literally Out Of This World.",1,2063,TRUE
"Never Quite Made It To Space Camp? Here's Your Next Best Option (And It's Way More Affordable, Too!)",0,2064,FALSE
SOON: We May Actually Know Everything About Everything,1,2065,TRUE
SOON: We May Actually Know Everything About Everything,0,2066,FALSE
Some Racist Bullies Picked A Fight With An 11-Year-Old Kid And Lost In Glorious Patriotic Fashion,1,2067,TRUE
"If You Are Going To Be Racist To An 11-Year-Old, At Least Try To Get The Facts Straight, Bully Dude",0,2068,FALSE
Some Racist Bullies Picked A Fight With An 11-Year-Old Kid And Lost In Glorious Patriotic Splendor,1,2069,TRUE
Some Racist Bullies Picked A Fight With An 11-Year-Old Kid And Lost In Glorious Patriotic Splendor,0,2070,FALSE
What Do Your Salad And This Illegal Cure For Depression Have In Common?,1,2071,TRUE
"Ughhh, These Stupid Regulations Have Put A Revolutionary Cure For Depression At A Stand Still.",0,2072,FALSE
This MIT Professor Has Her Sassy Pants On And She's Not Letting Mark Zuckerberg Off The Hook.,1,2073,TRUE
This MIT Professor Has Her Sassy Pants On And She's Not Letting Mark Zuckerberg Off The Hook.,0,2074,FALSE
This Woman Feels Like She's Making A Political Statement Every Time She Orders A Cup Of Coffee.,1,2075,TRUE
I Guarantee This Will Be The Most Enlightening Shopping Trip You'll Ever Watch A Video Of.,0,2076,FALSE
What Do Your Salad And This Illegal Cure For Depression Have In Common?,1,2077,TRUE
"Here's How The War On Drugs Could Be Preventing Cures For Depression, Anxiety and Addiction.",0,2078,FALSE
This MIT Professor Has Her Sassy Pants On And She's Not Letting Mark Zuckerberg Off The Hook.,1,2079,TRUE
This MIT Professor Has Her Sassy Pants On And She's Not Letting Mark Zuckerberg Off The Hook.,0,2080,FALSE
Want To Know How Adolescent Girls Are The Most Powerful Catalyst For Change In The World? Watch This,1,2081,TRUE
Want To Know How Adolescent Girls Are The Most Powerful Catalyst For Change In The World? Watch This,0,2082,FALSE
NSFW: Things America Desperately Needs To Learn From Sweden,1,2083,TRUE
"Sexual Liberation, An Aversion To Conflict, And Other Things America Could Learn From Sweden",0,2084,FALSE
What Do Your Salad And This Illegal Cure For Depression Have In Common?,1,2085,TRUE
What Do Your Salad And This Illegal Cure For Depression Have In Common?,0,2086,FALSE
Here's One Minute Of Things A Girl Can't Do. As If We Needed More.,1,2087,TRUE
"If You're Sick Of Being Told The Things, You Can't Do, Because You're A Girl, Raise Your Hand.",0,2088,FALSE
"Women Everywhere Are Asked The Same Question, Their Answers Are More Alike Than You'd Think",1,2089,TRUE
"Women Everywhere Are Asked The Same Question, Their Answers Are More Alike Than You'd Think",0,2090,FALSE
Here's One Minute Of Things A Girl Can't Do. As If We Needed More.,1,2091,TRUE
Here's One Minute Of Things A Girl Can't Do. As If We Needed More.,0,2092,FALSE
"I Will Never Be As Funny As This Guy, But He's So Right On With What It Means To Be A Dad",1,2093,TRUE
Louis CK's Hilarious And Brutally Honest Message About Being A Father,0,2094,FALSE
All Of The Kids In This Video Are Alive (But The Mom Will Bring You To Tears Over What She Lost),1,2095,TRUE
"I Will Never Complain About My Kids Again. Okay, I Totally Will...",0,2096,FALSE
All Of The Kids In This Video Are Alive (But The Mom Will Bring You To Tears Over What She Lost),1,2097,TRUE
What Does A Sour Gallon Of Milk Have To Do With The Best Years Of Parenting?,0,2098,FALSE
These Kids Don't Want iPods Or Toys. What They Want -- And Don't Have -- Is Beyond Sad.,1,2099,TRUE
We'd Travel To The Ends Of The Earth For Our Kids. What Do You Do When You're Not Allowed?,0,2100,FALSE
These Kids Don't Want iPods Or Toys. What They Want -- And Don't Have -- Is Beyond Sad.,1,2101,TRUE
These Kids Don't Want iPods Or Toys. What They Want -- And Don't Have -- Is Beyond Sad.,0,2102,FALSE
All Of The Kids In This Video Are Alive (But The Mom Will Bring You To Tears Over What She Lost),1,2103,TRUE
All Of The Kids In This Video Are Alive (But The Mom Will Bring You To Tears Over What She Lost),0,2104,FALSE
These Kids Don't Want iPods Or Toys. What They Want -- And Don't Have -- Is Beyond Sad.,1,2105,TRUE
These Kids Don't Want iPods Or Toys. What They Want -- And Don't Have -- Is Beyond Sad.,0,2106,FALSE
Stephen Fry Takes A Firm Stance On Grammar. He Doesn't Go The Way You'd Think.,1,2107,TRUE
"If Me Write Bad Makes You Fussy, Maybe No Problemo?",0,2108,FALSE
"She's Fierce. She's Blunt. And Sadly, She's Also Right.",1,2109,TRUE
"She's Fierce. She's Blunt. And Sadly, She's Also Right.",0,2110,FALSE
"OMG, Oprah Just Blew The Lid Off Of Love In A Really Spectacular Way",1,2111,TRUE
"Cultural Shift Or Social Revolution, Whatevs.  53% Of People Support It.",0,2112,FALSE
These Parents Are Modeling Tolerance For Their Children Just Like We All Should,1,2113,TRUE
"Parenting Is About More Than Genitals.  Maybe Education Should Be, Too?",0,2114,FALSE
What These Two Pranksters Did To Homeless People Will Make You Say Wow,1,2115,TRUE
"Two Guys, A Videocamera, And Some Bananas. It's Not What You Think.",0,2116,FALSE
"Who Knew Tween Girls Were Capable Of This. Oh, Wait, I Did And I Hope They Know, Too. ",1,2117,TRUE
"Talking About Boys, Texting, Shopping, Changing The World... Yep, Tween Girls Are Busy These Days. ",0,2118,FALSE
"She's Not Just Destined For Greatness, She's Destined To Do Great Things For Women",1,2119,TRUE
"Remember When Math Was ""Too Hard"" For The Ladies?  Not So Much.",0,2120,FALSE
"She's Fierce. She's Blunt. And Sadly, She's Also Right.",1,2121,TRUE
"She's Fierce. She's Blunt. And Sadly, She's Also Right.",0,2122,FALSE
"Meet The Woman Who Made It Possible To Swim Around Google Earth
",1,2123,TRUE
"I Thought I Couldn't Breathe Underwater. Turns Out I Can’t Breathe WITHOUT Water.
",0,2124,FALSE
"Holy Crap! If $31 Trillion Doesn't Get Our Attention, Maybe The Lack Of Oxygen Will? ",1,2125,TRUE
"No big deal: It’s Just $31 Trillion In Our Global Economy
",0,2126,FALSE
These Parents Are Modeling Tolerance For Their Children Just Like We All Should,1,2127,TRUE
Wow.  These Parents Have The Right Focus - Their Kids. But Why Don't The Schools?,0,2128,FALSE
KAPOW: Oprah Just Bit The Head Off Of The Anti-Gay Marriage Bat,1,2129,TRUE
KAPOW: Oprah Just Bit The Head Off Of The Anti-Gay Marriage Bat,0,2130,FALSE
"What A Snarky, In Yo' Face Comedian Had To Say To One 'Politician' About Life In A Working Family",1,2131,TRUE
FLASHBACK: Roseanne Lays The Smackdown On A Lawmaker Who Doesn't Understand Working People,0,2132,FALSE
"WOW: This Retireee Had A $4000 Utility Bill, AndThese 'Thugs' Came Just In Time To Help",1,2133,TRUE
"A $4000 Utility Bill, An 87-Year-Old Woman, And Some Union 'Thugs' — What Paying It Forward Means",0,2134,FALSE
"Some Rude British People Try To Protest Government Spending, But Confuse Themselves Before They Can",1,2135,TRUE
"Some Rude British People Try To Protest Government Spending, But Confuse Themselves Before They Can",0,2136,FALSE
1939's Misogynistic Predictions Of How The Women Of The Future Will 'Catch' Men,1,2137,TRUE
1939's Misogynistic Predictions Of How The Women Of The Future Will 'Catch' Men,0,2138,FALSE
Politician Whips Out His 'Man Brain' In Public. He Probably Shouldn't Have Done That.,1,2139,TRUE
This Politician Really Shouldn't Have Whipped His 'Man Brain' Out In Public,0,2140,FALSE
"Watch A Politician Claim His Brain Is Better Than Lady Brains, Then Fail A Really Basic Math Lesson",1,2141,TRUE
"Watch A Politician Claim His Man Brain Is Better Than Lady Brains, Then Fail A Basic Math Lesson",0,2142,FALSE
"Watch A Politician Claim His Brain Is Better Than Lady Brains, Then Fail A Really Basic Math Lesson",1,2143,TRUE
"Watch A Politician Claim His Brain Is Better Than Lady Brains, Then Fail A Really Basic Math Lesson",0,2144,FALSE
Watch An Angry Army General Deliver Scathing Dress Down To Sexist Troops,1,2145,TRUE
I’ve Never Heard A Military General Talk Like This In Public.  I Kinda Like It...,0,2146,FALSE
Watch An Angry Army General Deliver Scathing Dress Down To Sexist Troops,1,2147,TRUE
Watch An Angry Army General Deliver Scathing Dress Down To Sexist Troops,0,2148,FALSE
"These Dads Are Proof That Being Brave And Tough Doesn't Always Look How You Think It Will
",1,2149,TRUE
These Dads Kick Ass For Equality. Gently And Kindly.,0,2150,FALSE
BOOM: Watch A Furious Army General Deliver A Scathing Dress Down To Sexist Soldiers,1,2151,TRUE
BOOM: Watch An Enraged Army General Deliver A Scathing Dress Down To Sexist Soldiers,0,2152,FALSE
These Dads Kick Ass For Equality. Gently And Kindly.,1,2153,TRUE
"Gay Dads, Gay Kids, Me Crying Heart-Warmy Tears In My Living Room",0,2154,FALSE
How This Guy Manages To Be Insulting By Acting As Nice As He Possibly Can Is Genius,1,2155,TRUE
How This Clip Manages To Anger By Acting As Nice As Possible Is Genius,0,2156,FALSE
An All To Familiar Experience In 2013... The Frightening Thing Is This Clip Was Created In 1990.,1,2157,TRUE
"It All Started Before A TV Show In The 90's, 9/11, And That Sidewalk In 2012. Will It Ever Stop?",0,2158,FALSE
These Dads Are Proof That Being Brave And Tough Doesn’t Always Look How You Think It Will,1,2159,TRUE
These Dads Kick Ass For Equality. Gently And Kindly.,0,2160,FALSE
These Dads Are Proof That Being Brave And Tough Doesn’t Always Look How You Think It Will,1,2161,TRUE
These Dads Are Proof That Being Brave And Tough Doesn’t Always Look How You Think It Will,0,2162,FALSE
"If You Do This With Your Kids Everyday, I Guarantee They'll Be The Most Beautifullest Human Beings",1,2163,TRUE
PRECIOUS! I Wanted To See These Little Kids Break Into Cute Fist-Bumping After They Said These Words,0,2164,FALSE
"If This Doesn't Make You Laugh, Email Me. I’m Making A List Of Grouchy People.",1,2165,TRUE
Can You Resist This Man’s Powers?,0,2166,FALSE
Watch This Dude Infect People At A Bus Stop And See If You're Susceptible,1,2167,TRUE
"If We Were All A Little More Like This Nut Job, The World Would Be A Better Place",0,2168,FALSE
SAY IT LOUD: Do This With Your Kids Everyday And They'll Be The Most Beautifullest Human Beings Ever,1,2169,TRUE
"If You Do This With Your Kids Everyday, I Guarantee They'll Be The Most Beautifullest Human Beings",0,2170,FALSE
Something You REALLY Should Know Before Heading To Walmart To Save A Few Pennies,1,2171,TRUE
"If Any Other Company Depended On Taxpayers To Stay Alive, It Would Be Front Page News",0,2172,FALSE
"That Cheap Stuff You Just Bought At Walmart? Turns Out, It Cost $6000 More Than You Thought",1,2173,TRUE
"Walmart Is A Socialist Company. There, I Said It.",0,2174,FALSE
"That Cheap Stuff You Just Bought At Walmart? Turns Out, It Cost $6000 More Than You Thought",1,2175,TRUE
"That Cheap Stuff You Just Bought At Walmart? Turns Out, It Cost $6000 More Than You Thought",0,2176,FALSE
"We're Teaching Kids History, But We're Leaving This Entire Bit Out?",1,2177,TRUE
"Let's Add ""The Civil War Was About States Rights"" To The List Of Lies My Teacher Told Me",0,2178,FALSE
Maybe The Coolest Car Commercial You'll Ever See,1,2179,TRUE
Find Out Why This Car's Look Might Be The Least Cool Thing About It.,0,2180,FALSE
"Waaaaaiiiit, Shouldn't My Lunch Be Worth More Than Where It Came From?",1,2181,TRUE
"Hey, Wheels Off! The Future Of Food Doesn't Include Your Car Eating My Lunch!",0,2182,FALSE
He Was Asked A Pretentious Question. His Answer Shows The Problem With The Way America Functions.,1,2183,TRUE
This Guy Gives An Interviewer His Comeuppance & Sums Up The Way Politics Works—With Boston Charm.,0,2184,FALSE
"When You Hear The Surprise In This Australian Commercial, I Guarantee A Smile",1,2185,TRUE
A Future Mom And Dad Prove That The Best Gift A Kid Can Get Is Parents Like These,0,2186,FALSE
"I Don't Really Want To Eat Stuff That WON'T DIE, And Neither Does Stephen Colbert",1,2187,TRUE
Back From The Dead: Could This Frankenfood Be In Your Lunch Today?,0,2188,FALSE
"We're Teaching Kids History, But We're Leaving This Entire Bit Out?",1,2189,TRUE
"We're Teaching Kids History, But We're Leaving This Entire Bit Out?",0,2190,FALSE
This Pleasantly Surprising Commercial From Down Under Has A Twist That Makes Me Think,1,2191,TRUE
"If Only All Couples Would React The Way These Aussies Do, The World Would Be Better Off",0,2192,FALSE
He Was Asked A Pretentious Question. His Answer Shows The Problem With The Way America Functions.,1,2193,TRUE
He Was Asked A Pretentious Question. His Answer Shows The Problem With The Way America Functions.,0,2194,FALSE
"OMG, What Is It About Women That Only 7% Of Them Can Get This Right?",1,2195,TRUE
"OMG, What Is It About Women That Only 7% Of Them Can Get This Right?",0,2196,FALSE
File This Under ‘Seriously Brilliant’ And ‘Why Didn’t We Think Of That Before?’,1,2197,TRUE
Fleeing From Disaster? Just Look For The Friendly Metal Giant Nearest You.,0,2198,FALSE
What 3-Letter-Word Can Be Used For Dragonflies But Not Peanut Butter?,1,2199,TRUE
Yay or Nay: That Dragonfly Is So Gay (Words Matter!),0,2200,FALSE
I Would Be Thrilled -- Like You Wouldn't Believe --To See These People Out Of A Job,1,2201,TRUE
Lions And Tigers And Squeeze Cages — Oh My?,0,2202,FALSE
He Was Asked A Pretentious Question. His Answer Shows The Problem With The Way America Functions.,1,2203,TRUE
He Was Asked A Pretentious Question. His Answer Shows The Problem With The Way America Functions.,0,2204,FALSE
"Waaaaaiiiit, Shouldn't My Lunch Be Worth More Than Where It Came From?",1,2205,TRUE
"Waaaaaiiiit, Shouldn't My Lunch Be Worth More Than Where It Came From?",0,2206,FALSE
"He Doesn't Always Tell The Best Jokes, But This Comedian's Spot On With His Seriously Scary Rant",1,2207,TRUE
"He Doesn't Always Tell The Best Jokes, But This Comedian's Spot On With His Seriously Scary Rant",0,2208,FALSE
"WATCH: This Woman's Choices Are No One's Business. What Happens To Her, Though? Everyone's Business.",1,2209,TRUE
"WATCH: This Woman's Choices Are No One's Business. What Happens To Her, Though? Everyone's Business.",0,2210,FALSE
People Like These Are Usually Ignored When Others Pass Them By. I Dare You To Ignore Them Now.,1,2211,TRUE
You Can't Help But See The Joy In These People Now That They're No Longer Ignored,0,2212,FALSE
Did This Congressman Just Imply What I Think He Did About Boy Fetuses?,1,2213,TRUE
"I Have Heard Some Insane Anti-Abortion Arguments, But This One Takes The Cake.",0,2214,FALSE
People Like These Are Usually Ignored When Others Pass Them By. I Dare You To Ignore Them Now.,1,2215,TRUE
People Like These Are Usually Ignored When Others Pass Them By. I Dare You To Ignore Them Now.,0,2216,FALSE
People Like These Are Usually Ignored When Others Pass Them By. I Dare You To Ignore Them Now.,1,2217,TRUE
People Like These Are Usually Ignored When Others Pass Them By. I Dare You To Ignore Them Now.,0,2218,FALSE
Did This Congressman Just Imply What I Think He Did About Boy Fetuses?,1,2219,TRUE
Watch A Congressman Who Wants To Control Women's Biology Fail To Understand Biology At All,0,2220,FALSE
Gay Marriage Destroys America? This Couple Prove The Complete Opposite,1,2221,TRUE
"Gay Couple To Terrorists: You Can Bomb Everything You Want, We're Still Going To Be Here
",0,2222,FALSE
Watch This Hilarious Comedian Bash The Freakilicious Food That Won't Take 'NO' For An Answer,1,2223,TRUE
Watch This Hilarious Comedian Bash The Freakilicious Food That Won't Take 'NO' For An Answer,0,2224,FALSE
"HEY, PSSST: If You Catch This Guy's Disease, You'll Want To Give It To Someone You Love. Or Just Met.",1,2225,TRUE
He's Helped Thousands Across His City. Like Batman. But In A Hawaiian Shirt.,0,2226,FALSE
This Politician Proves That Money In Politics Is (Quite Literally) A Dirty Business,1,2227,TRUE
URGENT: Politicians Will Strip Unless We End Corruption. Probably.,0,2228,FALSE
An Artist Takes Bits And Pieces Of Hate And Turns Them Into Something Beautiful,1,2229,TRUE
"True Art Takes Foaming Hatred, Reduces It To Bits, And Turns It Into Something Beautiful. Come See.",0,2230,FALSE
"If Your Friends Are Using This 3-Letter-Word, You May Need To Stage An Intervention",1,2231,TRUE
"If Your Friends Are Using This 3-Letter-Word, You May Need To Stage An Intervention",0,2232,FALSE
Are You One Of Those Selfish Genius Types? Stop Being So Greedy With Them Brains.,1,2233,TRUE
"Hey, YOU! Stop It With The Idea Hogging. Share Your Brains With The World.",0,2234,FALSE
"SCANDAL: Politician Goes To Strip Club And... Well, I Was Definitely Not Expecting That.",1,2235,TRUE
"SCANDAL: Politician Goes To Strip Club And... Well, I Was Definitely Not Expecting That.",0,2236,FALSE
You Won't Believe This Video Was Shot In America,1,2237,TRUE
"Most People Don't Put ""Human Rights Abuse"" On Their Grocery List. Yet Here We Are",0,2238,FALSE
"SCANDAL: Politician Goes To Strip Club And... Well, I Was Definitely Not Expecting That.",1,2239,TRUE
"SCANDAL: Politician Goes To Strip Club And... Well, I Was Definitely Not Expecting That.",0,2240,FALSE
This Pale Blue Dot Has Never Sounded So Cool,1,2241,TRUE
Rivers Of Blood Have Never Sounded So Romantic,0,2242,FALSE
"If A Picture Can Be Worth A Thousand Words, This One Is Worth $1.2 Trillion",1,2243,TRUE
"If Sequestration Sounds Like A Funny Word, That's Because Congress Doesn't Speak American",0,2244,FALSE
"In 30 Minutes These Protesters ""Get Disappeared"" In Plain Sight. That Was Their Plan",1,2245,TRUE
"They Told This Art It Could Be Anything, So It Turned Into A Protest",0,2246,FALSE
Did You Know Babies Could Commit Crimes? These Folks Didn't Either,1,2247,TRUE
Did You Know Babies Could Commit Crimes? These Folks Didn't Either,0,2248,FALSE
"There May Be 50 Ways To Leave Your Lover, But Here Are 4 To Be A Real Man.",1,2249,TRUE
"There May Be 50 Ways To Leave Your Lover, But Here Are 4 To Be A Real Bro.",0,2250,FALSE
"This Man Has Gone Viral. And He Won't Stop Until You Do, Too",1,2251,TRUE
"His Favorite Song Must Be ""Fever"", The Way He Gives And Gets It. All Day Long.",0,2252,FALSE
Meet A Family With 9 Adopted Kids Whose Love Will Leave You Speechless,1,2253,TRUE
One Of The Most Amazing Family of Soul Ninja’s You Will Ever Meet.  Huggles Required.,0,2254,FALSE
WOW: How One Black Man Trolled A Racist With Love And Ended Up Defeating The KKK,1,2255,TRUE
This Guy Was Trolling KKK Members Before Trolling On The Internet Was A Thing,0,2256,FALSE
Holy Crap! Am I The Only One Who Thinks My Lunch Should Be Worth More Than Where It Came From?,1,2257,TRUE
HOLD ON. Why Isn't My Lunch Worth MORE Than Where It Came From!?,0,2258,FALSE
Simplest Description of PTSD Ever Told In Two And Half Minutes,1,2259,TRUE
A Vivid Description Of The Day The Ghost Began To Haunt Him,0,2260,FALSE
Are You One Of Those Selfish Genius Types? Stop Being So Greedy With Them Brains.,1,2261,TRUE
Are You One Of Those Selfish Genius Types? Stop Being So Greedy With Them Brains.,0,2262,FALSE
WOW: How One Black Man Trolled A Racist With Love And Ended Up Defeating The KKK,1,2263,TRUE
WOW: How One Black Man Trolled A Racist With Love And Ended Up Defeating The KKK,0,2264,FALSE
"Don't Laugh, But A Single Artist Just Totally Outshined An Army Of Government Planners
",1,2265,TRUE
"Don't Laugh, But A Single Artist Just Totally Outshined An Army Of Government Planners
",0,2266,FALSE
To Think We Didn’t Name This Man’s Horror Till A Few Year’s Ago,1,2267,TRUE
These Black And White Images Will Haunt You Just Like This Man’s Memories,0,2268,FALSE
Meet A Family With 9 Adopted Kids Whose Love Will Leave You Speechless,1,2269,TRUE
"Parents Make INCREDIBLE Leap Of Faith, Their Love Might Change Your View Of Family",0,2270,FALSE
The Best Instruction Manual For Raising Kids Has Finally Been Written — By These Kids,1,2271,TRUE
"What Do A Girl Scientist, A Boy Doctor, And Kid President Have In Common? These 3 Requests.",0,2272,FALSE
The Secrets That Those Who Own Everything Don't Want Us To Know,1,2273,TRUE
Did You Know That The Coal Companies Once Had A Larger Army Than The Federal Government?,0,2274,FALSE
The Secrets That Those Who Own Everything Don't Want Us To Know,1,2275,TRUE
The Secrets That Those Who Own Everything Don't Want Us To Know,0,2276,FALSE
People Thought He Was A Monster And Wanted Him To Die. I’m Glad He’s Alive To Tell His Story.,1,2277,TRUE
Your Opinion On A Life Or Death Issue Might Change After You Watch This Video,0,2278,FALSE
People Thought He Was A Monster And Wanted Him To Die. I’m Glad He’s Alive To Tell His Story.,1,2279,TRUE
People Thought He Was A Monster And Wanted Him To Die. I’m Glad He’s Alive To Tell His Story.,0,2280,FALSE
Stephen Colbert Says Good-Bye To His Mother On-Air. It's Funny And It's Heartbreaking.,1,2281,TRUE
Stephen Colbert's Mom Raised A Son Who Knew Exactly How To Say Good-Bye,0,2282,FALSE
Watch A Jerktacular U.S. Immigration Officer Deport A Lady He Probably Shouldn't Be Deporting. EVER.,1,2283,TRUE
Watch A Jerktacular U.S. Immigration Officer Deport A Lady He Probably Shouldn't Be Deporting.,0,2284,FALSE
Remember Those ‘Work From Home’ Ads? You’re Already Doing It. Surprise!,1,2285,TRUE
I’m All Hopped Up On Using My Mouse Clicks For Good. What Are You Gonna Do With  Yours?,0,2286,FALSE
"When The Boss Said, 'Dance For Your Day Off' He Didn't Expect To Be Handed His Lunch",1,2287,TRUE
"If This Was 'Dancing With The Stars,' They'd All Get A 10 Except The Boss Dude",0,2288,FALSE
"When The Boss Said 'Dance For Your Day Off,' He Didn't Expect To Be Handed His Lunch",1,2289,TRUE
"When The Boss Said 'Dance For Your Day Off,' He Didn't Expect To Be Handed His Lunch",0,2290,FALSE
Semi-NSFW: Things America Desperately Needs To Learn From Sweden,1,2291,TRUE
"If The Prime Minister Of Sweden Actually Has To Deal With This, Consider Me Impressed",0,2292,FALSE
"Typical Teen, Atypical Body. Watch How She Handles That Combo. ",1,2293,TRUE
"What If You Could Hear Every Sound Around You, But No One Could Hear You?",0,2294,FALSE
Don’t Believe In Working For Free? Too late.,1,2295,TRUE
"Remember Those ‘Work From Home’ Ads? Well, You’re Already Doing It. Surprise!",0,2296,FALSE
"Typical Teen, Atypical Body. Watch How She Handles That Combo. ",1,2297,TRUE
"Typical Teen, Atypical Body. Watch How She Handles That Combo. ",0,2298,FALSE
"The Secrets A Teen Carried Nearly Killed Her, So She Did The Only Thing She could With Them.",1,2299,TRUE
" 'Be The Change You Want To See.' It's An Inspiring Quote, But In Action, It's Life Altering. ",0,2300,FALSE
The Reality Of Who Actually Works For Minimum Wage Will Shock You,1,2301,TRUE
Women Are Finally Getting A Bigger Piece Of This Pie...Too Bad That Pie Is Only Worth $7.55,0,2302,FALSE
I never expected a 14-year-old's speech on gay rights to leave me speechless,1,2303,TRUE
I never expected a 14-year-old's speech on gay rights to leave me speechless,0,2304,FALSE
"The Secrets A Teen Carried Nearly Killed Her, So She Did The Only Thing She could With Them",1,2305,TRUE
"The Secrets A Teen Carried Nearly Killed Her, So She Did The Only Thing She could With Them",0,2306,FALSE
"If Intersectionality Had A YouTube Account, This Would Probably Be Its First Post.",1,2307,TRUE
"If Intersectionality Had A YouTube Account, This Would Probably Be Its First Post.",0,2308,FALSE
WTF! We Could Save Lives AND Money. Tell Me Again Why This Is A Problem?,1,2309,TRUE
WTF! We Could Save Lives AND Money. Tell Me Again Why This Is A Problem?,0,2310,FALSE
"This Pop Star Just Brought Genocide To Los Angeles, And I Can't Look Away",1,2311,TRUE
Most Music Videos These Days Are All Skin And Liquor. This One Is Revolutionary And A Nail-biter,0,2312,FALSE
Stephen Fry Takes A Firm Stance On Grammar. He Doesn't Go The Way You'd Think.,1,2313,TRUE
Stephen Fry Takes A Firm Stance On Grammar. He Doesn't Go The Way You'd Think.,0,2314,FALSE
"G.I. Joe Is A Big Fat Lie, And This Girl Knows His Secret.",1,2315,TRUE
"G.I. Joe Is A Big Fat Lie, And This Girl Knows His Secret.",0,2316,FALSE
What If We Could Harness The Power Of A Song Getting Stuck In Your Head?,1,2317,TRUE
If Music Changes People And People Change The World... Let's Do This!,0,2318,FALSE
It's Crazy How Just One Heckler Encouraged So Many People To Help Out This Stranger.,1,2319,TRUE
Sometimes Getting Involved In Other People's Business Is The Right Thing To Do.,0,2320,FALSE
You'll Never Guess What TIME Magazine Said About Homosexuality In 1966.,1,2321,TRUE
You'll Never Guess What TIME Magazine Said About Homosexuality In 1966.,0,2322,FALSE
"G.I. Joe Is A Big Fat Lie, And This Girl Knows His Secret.",1,2323,TRUE
"G.I. Joe Is A Big Fat Lie, And This Girl Knows His Secret.",0,2324,FALSE
This Man Says The Most Perfect Thing About Why He Gave Up On Trying To 'Cure' Gay People,1,2325,TRUE
"Finally, A Cure For People Trying To Cure Gay People",0,2326,FALSE
This Man Says The Most Perfect Thing About Why He Gave Up On Trying To 'Cure' Gay People,1,2327,TRUE
This Man Says The Most Perfect Thing About Why He Gave Up On Trying To 'Cure' Gay People,0,2328,FALSE
Pro-Gun Protester Tries To Shut Up Father Of Gun Victim. It Does Not Work.,1,2329,TRUE
Pro-Gun Protester Tries To Shut Up Father Of Gun Victim. It Does Not Work.,0,2330,FALSE
"It’s A Classic Love Story, Except There Was No Blushing Bride And They Never Made It Down The Aisle",1,2331,TRUE
Meet Bill. He Died 7 Weeks Before He’d Have Been Legally Allowed To Marry The Love Of His Life.,0,2332,FALSE
This Comedian Shows These Real Journalists That They Never Should Have Underestimated Him,1,2333,TRUE
One Of These Hosts Is Professional. Hint: It Isn't The Three Who Are Currently Hosting This Show,0,2334,FALSE
"When The Most Professional Person On Your Show Is The Guest, It's Time To Pack It In",1,2335,TRUE
Comedian Russell Brand Shows These Real Journalists That They Never Should Have Underestimated Him,0,2336,FALSE
"She Had A ‘Pretty Woman’ Moment At A Dress Shop, But Her Response Is Way Better Than Julia Roberts’",1,2337,TRUE
"How To Feel Beautifully Confident, Even When Some Jerk Tells You You Shouldn't",0,2338,FALSE
This Is What Happened Across The Street From The Westboro Baptist Church This Week-End,1,2339,TRUE
You Know Those Horrible Westboro Demonstrations? This Is The Opposite Of That.,0,2340,FALSE
"Fox News Spends 6 Minutes Describing Why Mr. Rogers Was An 'Evil Evil Man'
",1,2341,TRUE
Fox News Has Determined Why Our Country Is In The Toilet — It's Mr. Rogers' Fault,0,2342,FALSE
Who Doesn't Like A Little Gratuitous Nudity To Go With Their Violence Towards Women?,1,2343,TRUE
"If You're A Woman In A Video Game, Your Chances Of Getting Killed Just Skyrocketed",0,2344,FALSE
Children In Every Country Except Brazil Are Terrified To Have Chemotherapy. This Is Brazil's Way.,1,2345,TRUE
Batman Is Here To Lend A Hand To Children With Cancer,0,2346,FALSE
The Three Adorable Things That James Gandolfini Was Afraid Of — You May Remember Him Differently Now,1,2347,TRUE
Everybody's Favorite Mafia Boss Talks About Why It's Okay To Be Scared,0,2348,FALSE
The Reality Of Who Actually Works For Minimum Wage Will Shock You,1,2349,TRUE
The Reality Of Who Actually Works For Minimum Wage Will Shock You,0,2350,FALSE
What Would You Do If You Lived 7000 Miles Away From Your Young Son? Probably This.,1,2351,TRUE
What Would You Do If You Lived 7000 Miles Away From Your Young Son? Probably This.,0,2352,FALSE
"As Far As Heartwarming Commercials Go, This One Is Tearjerktacular",1,2353,TRUE
I Never Thought A Skype Ad Would Make Me Tear Up And Yet Hear We Are,0,2354,FALSE
These Kids Are So Excited About Math That It's Almost Like They Forgot They're In School,1,2355,TRUE
Don't You Wish You Had A Teacher Who Took Your 7th Grade Class From Boring To MATHTASTIC?,0,2356,FALSE
"Even If A Company Weren't Sponsoring This, It Would Have Still Made Us Cry",1,2357,TRUE
"I'm Not Crying, That's Just 7000 Miles Between A Father And His Young Son In My Eye",0,2358,FALSE
Ladies: Did You Know 'The Wizard Of Oz' Is Actually A Cautionary Tale For You?,1,2359,TRUE
Ladies: Did You Know 'The Wizard Of Oz' Is Actually A Cautionary Tale For You?,0,2360,FALSE
Ladies: Did You Know 'The Wizard Of Oz' Is Actually A Cautionary Tale For You?,1,2361,TRUE
Ladies: Did You Know 'The Wizard Of Oz' Is Actually A Cautionary Tale For You?,0,2362,FALSE
"What's Got These 7th Graders Drooling? It's Not Braces, And It's Not Justin Beiber ...",1,2363,TRUE
"What's Got These 7th Graders Drooling? It's Not Braces, And It's Not Justin Beiber ...",0,2364,FALSE
Who Doesn't Like A Little Gratuitous Nudity To Go With Their Violence Towards Women?,1,2365,TRUE
Who Doesn't Like A Little Gratuitous Nudity To Go With Their Violence Towards Women?,0,2366,FALSE
What Did This Mom Do To Her Daughter To Get A Complete Stranger To Call Her A Nasty Word?,1,2367,TRUE
This Mom Says She's Trying To Do What's Best For Her Daughter. Do You Agree?,0,2368,FALSE
Sometimes A Joke About A Serious Topic Is So On Point You Have To Applaud It,1,2369,TRUE
How Different Would The World Be With Men Doing This One Thing That Women Usually Do?,0,2370,FALSE
"As Far As Heartwarming Commercials Go, This One Is Heartacular",1,2371,TRUE
"As Far As Heartwarming Commercials Go, This One Is Heartacular",0,2372,FALSE
This Teenaged Girl Just Took High School Science Fairs To A WHOLE New Level,1,2373,TRUE
Science Fair Projects Have Been Taken To A WHOLE New Level... Thanks To This Teenager.,0,2374,FALSE
"Someone Gave A Guy A Megaphone, And You'll Be Awed By What He Did With It",1,2375,TRUE
"Someone Gave A Guy A Megaphone, And You'll Be Awed By What He Did With It",0,2376,FALSE
What's Worse Than Finding Dried Toothpaste In Your Sink? Here's Some Facts.,1,2377,TRUE
What's Worse Than Finding Dried Toothpaste In Your Sink? Here's Some Facts.,0,2378,FALSE
That Awkward Moment When Someone Proves That You'll Only Ever Be A Bitch,1,2379,TRUE
"Wait, We Got The Right To Vote And The Right To Work, But Not The Right To Succeed? All Righty Then.",0,2380,FALSE
This Kid Thinks We Could Save So Many Lives If Only It Was Okay To Say 4 Words.,1,2381,TRUE
MUST WATCH: You Need To Hear What This Stand-Up Comic Isn't Making Jokes About,0,2382,FALSE
We'll Look Back At This In 10 Years Time And Be Embarrassed As Hell It Even Existed,1,2383,TRUE
5 Minutes That'll Remind You That The Prop 8 Road Has Been FAR TOO LONG,0,2384,FALSE
You Will Not Believe What Vital Thing We Spend Less Money On A Year Than Potato Chips,1,2385,TRUE
"Is My Math Really Bad, Or Do These Numbers Really Add Up To Common Sense?
",0,2386,FALSE
When Is A Confession Not A Confession? When Someone Holds A Lighter To Your Private Parts.,1,2387,TRUE
When Is A Confession Not A Confession? When Someone Holds A Lighter To Your Unmentionables.,0,2388,FALSE
Isn't It Sad When We Have To View A Fifty Year Old Video To Figure Out How To Make Progress?,1,2389,TRUE
Isn't It Sad When We Have To View A Fifty Year Old Video To Figure Out How To Make Progress?,0,2390,FALSE
Sometimes A Joke About A Serious Topic Is So On Point You Have To Applaud It,1,2391,TRUE
Sometimes A Joke About A Serious Topic Is So On Point You Have To Applaud It,0,2392,FALSE
That Awkward Moment When Someone Proves That You'll Only Ever Be A B*tch,1,2393,TRUE
That Awkward Moment When Someone Proves That You'll Only Ever Be A B*tch,0,2394,FALSE
The Little-Known Change That Is Going To Affect Our Media For Decades To Come,1,2395,TRUE
"How To Get Your Agenda In Front Of 100,000 People A Day, For Free",0,2396,FALSE
This Kid Thinks We Could Save So Many Lives If Only It Was Okay To Say 4 Words,1,2397,TRUE
This Kid Thinks We Could Save So Many Lives If Only It Was Okay To Say 4 Words,0,2398,FALSE
This Teacher Made Her 3rd Grade Kids Hate Each Other For The Best Reason Imaginable,1,2399,TRUE
Watch This Teacher Make Her 3rd Grade Kids Hate Each Other For The Best Reason Imaginable,0,2400,FALSE
Vets Share Painful Memory From Nearly 40 Years Ago. It’s Not The War Story You Think It Is.,1,2401,TRUE
"No Matter Your Stance On War, Have You Ever Heard A “Thank You” More Appreciated?",0,2402,FALSE
"If A Graffiti Artist and A History Teacher Had A Baby, It Would Be This Video",1,2403,TRUE
Time To GET DEEP. What Do The Wall And Flower Symbolize? (Don’t Worry Answers Provided),0,2404,FALSE
What's Worse Than Finding Dried Toothpaste In Your Sink? Facing These Facts.,1,2405,TRUE
What's Worse Than Finding Dried Toothpaste In Your Sink? Here's Some Facts.,0,2406,FALSE
An Unforgettable Act Of Forgiveness In 1 Minute,1,2407,TRUE
"If Someone Murdered Your Daughter, Could You Do What This Man Does? ",0,2408,FALSE
"These Facts Scare The Crap Out Of Me. And They Should Scare The Crap Out Of You, Too.",1,2409,TRUE
"These Facts Scare The Crap Out Of Me. And They Should Scare The Crap Out Of You, Too.",0,2410,FALSE
"What Happens When You Combine A Racist and A Strong Black Man? A Stunning Moment, That's What.",1,2411,TRUE
"What Happens When You Combine A Racist and A Strong Black Man? A Stunning Moment, That's What.",0,2412,FALSE
"Grab Your Kleenex, Pull Up A Chair, And Be Prepared To Be Inspired By This Nine Year Old",1,2413,TRUE
"Grab Your Kleenex, Pull Up A Chair, And Be Prepared To Be Inspired By This Nine Year Old",0,2414,FALSE
Is This Horrifying? Yes. Did It Save A Few Lives? You Be The Judge.,1,2415,TRUE
Would There Be Less Accidents In The U.S. Workplace If Our Government Did This?,0,2416,FALSE
We'll Look Back At This In 10 Years Time And Be Embarrassed As Hell It Even Existed,1,2417,TRUE
"Here We Go Again, Gay People Demanding ""Human Rights"" This and ""Equality"" That 
",0,2418,FALSE
This Kid Thinks We Could Save So Many Lives If Only It Was Okay To Say 4 Words.,1,2419,TRUE
This Kid Thinks We Could Save So Many Lives If Only It Was Okay To Say 4 Words.,0,2420,FALSE
AIDS-Related Problem Goes Unsolved For 10 Years – So Some Gamers Solved It in 3 Weeks,1,2421,TRUE
GEEK UP! Internet Gamers Solve 10-Year Old AIDS-Related Challenge. How They Beat It Is Beautiful!,0,2422,FALSE
"These Facts Scare The Bejeezus Out Of Me. And They Should Scare The Bejeezus Out Of You, Too.",1,2423,TRUE
"These Facts Scare The Bejeezus Out Of Me. And They Should Scare The Bejeezus Out Of You, Too.",0,2424,FALSE
What Did A Mom Do To Her Daughter To Get This Complete Stranger To Call Her A Nasty Word?,1,2425,TRUE
What Did A Mom Do To Her Daughter To Get A Complete Stranger To Call Her A Bad Word?,0,2426,FALSE
"If A Graffiti Artist and A History Teacher Had A Baby, It Would Be This Video",1,2427,TRUE
"If A Graffiti Artist and A History Teacher Had A Baby, It Would Be This Video",0,2428,FALSE
"Hi Supreme Court, Let This Justice Explain How You’ve Made A HUGE Mistake With The Voting Rights Act",1,2429,TRUE
"Civil Rights Defenders Won This Fight In 1965. This Justice Explains How It’s Been Undone In 2013.
",0,2430,FALSE
"Civil Rights Defenders Won This Fight In 1965. This Justice Explains How It’s Been Undone In 2013.
",1,2431,TRUE
"How Can This Law Have Served It’s Purpose When The Problem So OBVIOUSLY Still Exists?
",0,2432,FALSE
"That's Weird, Why Isn’t The Media Reporting On The Most Exciting Media News In Years?",1,2433,TRUE
"That's Weird, Why Isn’t The Media Reporting On The Most Exciting Media News In Years?",0,2434,FALSE
"If You Are Wondering What The Gay Agenda Looks Like, Here Ya Go. Bring Your Kleenex. You're Welcome.",1,2435,TRUE
"If You Are Wondering What The Gay Agenda Looks Like, Here Ya Go. Bring Your Kleenex. You're Welcome.",0,2436,FALSE
This Girl In High School Just Took Science Fairs To A WHOLE New Level,1,2437,TRUE
This Teen Just Took High School Science Fairs To A WHOLE New Level,0,2438,FALSE
"One City Is About To Make Its Schools So Dangerous, People Are Refusing Food In Protest",1,2439,TRUE
Can You Imagine Anything Worse For Schools Than Teacher Layoffs? It’s Happening Right Now.,0,2440,FALSE
"If You Are Wondering What The Gay Agenda Looks Like, Here Ya Go. Bring Your Kleenex. You're Welcome.",1,2441,TRUE
"If You Are Wondering What The Gay Agenda Looks Like, Here Ya Go. Bring Your Kleenex. You're Welcome.",0,2442,FALSE
Stop Collecting Used Books To Send To Developing Countries. Start Supporting This Instead.,1,2443,TRUE
How To Turn A Classroom In A Developing Nation Into A World-Class Library,0,2444,FALSE
Here's The First Marriage Proposal On TV After DOMA Was Ruled Unconstitutional. You're Welcome.,1,2445,TRUE
"If You Think This Is A Threat To Your Marriage, You Are Doing It Wrong",0,2446,FALSE
Fox News Spends 6 Minutes Describing Why Mr. Rogers Was An 'Evil Evil Man',1,2447,TRUE
Fox News Spends 6 Minutes Describing Why Mr. Rogers Was An 'Evil Evil Man',0,2448,FALSE
"If You Are Wondering What The Gay Agenda Looks Like, Here Ya Go. Bring Your Kleenex. You're Welcome.",1,2449,TRUE
This Is What The Gay Agenda Looks Like. It's Less Scary And Way More Lovely Than You Can Imagine.,0,2450,FALSE
A Brave Fan Asks Patrick Stewart An Unusual Question And Is Given A Raw And Emotional Answer,1,2451,TRUE
A Brave Fan Asks Patrick Stewart A Question He Doesn't Usually Get And Is Given A Wonderful Answer,0,2452,FALSE
Michele Bachmann Has Some Thoughts On The DOMA Ruling. Nancy Pelosi Has 2 Words For Her.,1,2453,TRUE
Nancy Pelosi Has 2 Words For Michele Bachmann. They Are Perfect.,0,2454,FALSE
Michele Bachmann Has Some Thoughts On The DOMA Ruling. Nancy Pelosi Has 2 Words For Her.,1,2455,TRUE
Michele Bachmann Has Some Thoughts On The DOMA Ruling. Nancy Pelosi Has 2 Words For Her.,0,2456,FALSE
"Photographer Sick of Fashion, Reframes His Idea Of Beauty –– With Gorgeous Results",1,2457,TRUE
"Photographer Sick of Fashion, Reframes His Idea Of Beauty –– With Gorgeous Results",0,2458,FALSE
Oh SNAP! How 23 Words From One Female Senator Silenced A Room Full Of Anti-Choicers,1,2459,TRUE
"The 23 Words That Summarized What Was REALLY At The Core Of The Anti-choice Bill
",0,2460,FALSE
Spend A Few Minutes With This Guy And I Promise You'll Feel Better,1,2461,TRUE
A Lot Of People Give Up In Tough Situations. Not Him.,0,2462,FALSE
"Ugh, It’s So Hard To Hear The Way They Were Treated After Such A Godawful War",1,2463,TRUE
"Ugh, It’s So Hard To Hear The Way They Were Treated After Such A Godawful War",0,2464,FALSE
"After You Watch Ellen's Wedding Video, You''ll Wonder, 'What's Law Got To Do With It?'",1,2465,TRUE
"After You Watch Ellen's Wedding Video, You''ll Wonder, 'What's Law Got To Do With It?'",0,2466,FALSE
"This Could Easily Be Shown On TV, And That Scares The Crap Out Of Me",1,2467,TRUE
"Why Does It Feel Like This Infomercial Is Trying To Get Me Killed?
",0,2468,FALSE
"This Could Easily Be Shown On TV, And That Scares The Crap Out Of Me",1,2469,TRUE
"This Could Easily Be Shown On TV, And That Scares The Crap Out Of Me",0,2470,FALSE
"One City Is About To Make Its Schools So Dangerous, People Are Refusing Food In Protest",1,2471,TRUE
"Hey What Are You Doing With Your Summer Vacation? Oh, Just Fasting.
",0,2472,FALSE
"If You Give A Kid A Book, He'll Learn A Few Things. Give A Kid This, And You’re Changing The World. ",1,2473,TRUE
"Delivering Gifts To Kids Around The World? Is This Santa, Or The Best Idea In Education In Years?",0,2474,FALSE
The Most Improbable Family Portrait I've Ever Seen,1,2475,TRUE
The Most Improbable Family Portrait I've Ever Seen,0,2476,FALSE
The Age-Old Problem Of How To Get Textbooks To Kids All Over The World Has Just Been Solved,1,2477,TRUE
Struggling To Provide Opportunities In The Developing World? There’s An App For That!,0,2478,FALSE
"If You Were Looking At The Beautiful Picture This Guy Is Looking At, You'd Have This Reaction Too",1,2479,TRUE
"If You Were Looking At The Beautiful Picture This Guy Is Looking At, You'd Have This Reaction Too",0,2480,FALSE
"For A Country That Emphasizes Family Values, We’re Trying Awfully Hard To Break These Families Up",1,2481,TRUE
"I Love My Country, But Sometimes I Hate The Way It Treats People",0,2482,FALSE
Children Are Terrified To Have Chemotherapy In Every Country Except Brazil. This Is Brazil's Way.,1,2483,TRUE
Children Are Terrified To Have Chemotherapy In Every Country Except Brazil. This Is Brazil's Way.,0,2484,FALSE
Words Like Good And Will Don't Belong Together If This Is The Kind Of Thing They Do,1,2485,TRUE
"If You Put The Word 'Good' In Your Name, Don't You Have An Obligation To NOT Be Bad?",0,2486,FALSE
One Columnist's Shockingly Simple Advice To A Girl Suffering From Sexist Name Calling,1,2487,TRUE
One Columnist's Shockingly Simple Advice To A Girl Suffering From Sexist Name Calling,0,2488,FALSE
Dan Savage's Shockingly Simple Advice To A Girl Suffering From Sexist Name Calling,1,2489,TRUE
One Columnist's Shockingly Simple Advice To A Girl Suffering From Sexist Name Calling,0,2490,FALSE
I’m So Sorry My Country Is Breaking Up Your Family,1,2491,TRUE
Since When Is Separating Families An American Value?,0,2492,FALSE
Sometimes We Inspire Our Kids In Ways We Don't Even Realize,1,2493,TRUE
Sometimes We Inspire Our Kids In Ways We Don't Even Realize,0,2494,FALSE
"Sorry, We Broke You, And There’s No Legal Way To Put You Back Together",1,2495,TRUE
"Sorry, We Broke You, And There’s No Legal Way To Put You Back Together",0,2496,FALSE
Here's How DOMA Is Like That Awkward Person At The End Of A Party Who Just Won't Leave,1,2497,TRUE
Here's How DOMA Is Like That Awkward Person At The End Of A Party Who Just Won't Leave,0,2498,FALSE
I'm Actually Comfortable With These People Hacking The Government,1,2499,TRUE
I'm Actually Comfortable With These People Hacking The Government,0,2500,FALSE
I'm Actually Comfortable With These People Hacking The Government,1,2501,TRUE
I'm Actually Comfortable With These People Hacking The Government,0,2502,FALSE
"What's The Dumbest Thing You Could Say To A Congresswoman Who Lost Her Legs In Battle? Um, THIS.",1,2503,TRUE
"What's The Dumbest Thing You Could Say To A Congresswoman Who Lost Her Legs In Battle? Um, THIS.",0,2504,FALSE
Watch An 83-Year-Old World War ll Vet Shave Off About 50 Years In 15 Seconds,1,2505,TRUE
"Which Footage Is More Moving — World War Ll Pilot Surviving A Plane Crash, Or That Same Pilot Seeing It For The First Time 50 Years Later? 
",0,2506,FALSE
Elite Food Experts Talk About Lunchables. It's Kinda Crazy.,1,2507,TRUE
What Happens When 2 Elite Foodies Hit Up A Regular Old Grocery Store?  Lunchables Happen.,0,2508,FALSE
Are You Afflicted With The Human Condition? This Quick Quiz Will Tell You.,1,2509,TRUE
"YOU GUYS, You are NOT The Only One Who Feels How You Feel Right Now",0,2510,FALSE
The Supreme Court Did WHAT!? The Terrifying Ruling No One's Talking About.,1,2511,TRUE
Why Is Everyone So Silent On The Supreme Court Ruling That Messed With Our Right To Remain Silent?,0,2512,FALSE
"What's The Dumbest Thing You Could Say To A Congresswoman Who Lost Her Legs In Battle? Um, THIS.",1,2513,TRUE
"What's The Dumbest Thing You Could Say To A Congresswoman Who Lost Her Legs In Battle? Um, THIS.",0,2514,FALSE
The Supreme Court Did WHAT!? The Terrifying Ruling No One's Talking About.,1,2515,TRUE
Is Knowing The Bill Of Rights REALLY Necessary To Be Protected By Them?,0,2516,FALSE
The Supreme Court Did WHAT!? The Terrifying Ruling No One's Talking About.,1,2517,TRUE
The Supreme Court Did WHAT!? The Terrifying Ruling No One's Talking About.,0,2518,FALSE
"I Hate To Be The Bearer Of Bad News, But There’s Some Unseemly Sh*t Happening In Iceland, Folks",1,2519,TRUE
How Can Such A Tiny Country Keep Killing Such Ginormous Animals?,0,2520,FALSE
"I Think I’m Supposed To Be Turned On By This, But I’m Super Grossed Out Instead",1,2521,TRUE
Watching This Couple Eat Sexy Foods On The Beach Is Decidedly Unsexy,0,2522,FALSE
Listen To A Guy Describe How He Got ‘Fixed’ While In Prison. It’s Not What You Think.,1,2523,TRUE
Prison Drama Isn’t Always A Bad Thing,0,2524,FALSE
"No Job, No Money, No Problem: This Restaurant Is Happy To Serve You",1,2525,TRUE
"No Job, No Money, No Problem: This Restaurant Is Happy To Serve You",0,2526,FALSE
Listen To A Guy Describe How He Got ‘Fixed’ While In Prison. It’s Not What You Think.,1,2527,TRUE
Listen To A Guy Describe How He Got ‘Fixed’ While In Prison. It’s Not What You Think.,0,2528,FALSE
Your Yogurt Has More Sugar Than A Coke (And Some Other Sneaky Food Stuff You Didn’t Know),1,2529,TRUE
Peek Inside The Most Fiercely Competitive Industry There Is. (It’s Not What You Think.),0,2530,FALSE
"On Mother's Day, She Was On The Bathroom Floor, Hungover, And Pregnant. ",1,2531,TRUE
"Alcoholism, Bulimia, And Drug Addiction Taught This Woman That Life Is Brutiful",0,2532,FALSE
"On Mother's Day, She Was On The Bathroom Floor, Hungover, And Pregnant",1,2533,TRUE
"On Mother's Day, She Was On The Bathroom Floor, Hungover, And Pregnant",0,2534,FALSE
This Is Why The 2014 World Cup Is A Bad Idea,1,2535,TRUE
"When I'm Feeling Poor And Hungry, All I Want From My Government Is Some... Soccer?",0,2536,FALSE
"Having A Near-death Experience Is Hard, But The Beauty With Which This Woman Talks About It...Oof.
",1,2537,TRUE
"Everyone Has Their Own Ways Of Dealing With Death. Egg Salad, Poetry, Commercials...
",0,2538,FALSE
" I Would Have Answered ""superhero"" To This Question. John Lennon's Answer Was Much Better.",1,2539,TRUE
What We All Need To Remember When Contemplating Our Goals In Life. Thanks John Lennon.,0,2540,FALSE
I'M IN LOVE: If I Get These Tattooed On My Boobs Does It Defeat The Purpose?,1,2541,TRUE
"FOR  A BETTER CAUSE: Put Me On Display, In This Way, Any Day. ",0,2542,FALSE
The Response To Censorship That Will Blow Your F*cking Mind.,1,2543,TRUE
"Fuck. There, I Cursed In My Headline. This Video Is Why I Think Thats Totally Ok.",0,2544,FALSE
"Even Though It's All About Women, The Men At The End Of The Video Inspire Me. ",1,2545,TRUE
"Even Though It's All About Women, The Men At The End Of The Video Inspire Me. ",0,2546,FALSE
I'm Willing To Bet You've Never Been To The Moon. Here's What It Feels Like.,1,2547,TRUE
"What Could Possibly Make Neil Armstrong Feel So Small? You'd Be Surprised.
",0,2548,FALSE
"A lot Of Us Assumed It Was Over, But We Were Incredibly Wrong.",1,2549,TRUE
"Are We Post-Racial? Ohhh, Ohhh Let Me Answer This Question!",0,2550,FALSE
I'M IN LOVE: If I Get These Tattooed On My Boobs Does It Defeat The Purpose?,1,2551,TRUE
I'M IN LOVE: If I Get These Tattooed On My Boobs Does It Defeat The Purpose?,0,2552,FALSE
Why You Shouldn't Get Too Wrapped Up In Your Own Personal Life,1,2553,TRUE
A Video That Will Make You Want To Pick Up The Phone And Call Your Childhood BFF,0,2554,FALSE
Words Like Good And Will Don't Belong Together If This Is The Kind Of Thing They Do,1,2555,TRUE
Words Like Good And Will Don't Belong Together If This Is The Kind Of Thing They Do,0,2556,FALSE
Taking Ten Minutes Out Of Your Day To Call An Old Friend Won't Kill You,1,2557,TRUE
Taking Ten Minutes Out Of Your Day To Call An Old Friend Won't Kill You,0,2558,FALSE
The Most Beautiful Sounding Middle Finger To Islamist Rebels I've Ever Heard.,1,2559,TRUE
The Most Beautiful Sounding Middle Finger To Islamist Rebels I've Ever Heard.,0,2560,FALSE
Listen To A Guy Describe How He Got ‘Fixed’ While In Prison. It’s Not What You Think.,1,2561,TRUE
Listen To A Guy Describe How He Got ‘Fixed’ While In Prison. It’s Not What You Think.,0,2562,FALSE
"I Thought America Valued Freedom Of Assembly. So... What's Happening Here? 
",1,2563,TRUE
Top Tip On How To Avoid Getting Arrested In America: Never Stand Up For What You Believe In,0,2564,FALSE
I Thought America Valued Freedom Of Assembly. So... What's Happening Here?,1,2565,TRUE
I Thought America Valued Freedom Of Assembly. So... What's Happening Here?,0,2566,FALSE
This Video Celebrating Pride Is Like A Unicorn Leaping Into A Pool Full Of Skittles,1,2567,TRUE
This Video Celebrating Pride Is Like A Unicorn Leaping Into A Pool Full Of Skittles,0,2568,FALSE
This Video Celebrating Pride Is Like A Unicorn Leaping Into A Pool Full Of Skittles,1,2569,TRUE
This Video Celebrating Pride Is Like A Unicorn Leaping Into A Pool Full Of Skittles,0,2570,FALSE
This Video Celebrating Pride Is Like A Unicorn Leaping Into A Pool Full Of M&M's,1,2571,TRUE
This Celebration Of Pride Is Like A Unicorn Leaping Out Of A Pool Full Of Skittles,0,2572,FALSE
I'm Actually Comfortable With These People Hacking The Government,1,2573,TRUE
I'm Actually Comfortable With These People Hacking The Government,0,2574,FALSE
I'm Actually Comfortable With These People Hacking The Government,1,2575,TRUE
I'm Actually Comfortable With These People Hacking The Government,0,2576,FALSE
Here's Some Retro Advertising Actually Makes A Lot More Sense For Kids Than What's Around Today,1,2577,TRUE
"Moms And Dads, Step Away From The Bedazzled Princess Unicorn Toys - There ARE Other Options",0,2578,FALSE
Here's Some Retro Advertising That Makes A Lot More Sense For Kids Than What's Around Today,1,2579,TRUE
Someone Seemed To Have The Right Idea 20 Years Ago - So Why Not Bring It Back?,0,2580,FALSE
Coke's REALLY Cool New Idea To Be Eco-Friendlier,1,2581,TRUE
These Folks Are Recycling Their Soda Bottles By Eating Them,0,2582,FALSE
Coke's Newest Bottle Is Made Of Ice,1,2583,TRUE
Coke's Newest Bottle Is Made Of Ice,0,2584,FALSE
"Google Failed Big Time, But These Kids Made It All Right Again",1,2585,TRUE
"Potentially Saving Lives, Changing The Face Of Google … What CAN’T These Kids Do?",0,2586,FALSE
It Only Took Rachel Maddow 48 Seconds To Dismantle An Anti-Gay Zealot's Flawed Ideas On Marriage,1,2587,TRUE
Out-Of-Touch-Guys: Gay Marriage Is Will Destroy Straight Marriage. Rachel Maddow: Bless Your Hearts.,0,2588,FALSE
It Only Took Rachel Maddow 48 Seconds To Dismantle An Anti-Gay Zealot's Flawed Ideas On Marriage,1,2589,TRUE
It Only Took Rachel Maddow 48 Seconds To Dismantle An Anti-Gay Zealot's Flawed Ideas On Marriage,0,2590,FALSE
This Adorable 6-Year-Old Won A Case That Will Change The Lives Of Thousands,1,2591,TRUE
"A Potty's A Potty, Right? It Should Be That Simple For This 6-Year-Old.",0,2592,FALSE
It Only Took Rachel Maddow 48 Seconds To Dismantle An Anti-Gay Zealot's Flawed Ideas On Marriage,1,2593,TRUE
It Only Took Rachel Maddow 48 Seconds To Dismantle An Anti-Gay Fanatic's Flawed Ideas On Marriage,0,2594,FALSE
It Only Took Rachel Maddow 48 Seconds To Shut Down An Anti-Gay Zealot's Flawed Ideas On Marriage,1,2595,TRUE
It Only Took Rachel Maddow 48 Seconds To Debunk An Anti-Gay Zealot's Flawed Ideas On Marriage,0,2596,FALSE
It Only Took Rachel Maddow 48 Seconds To Tear Down An Anti-Gay Zealot's Flawed Ideas On Marriage,1,2597,TRUE
It Only Took Rachel Maddow 48 Seconds To Debunk An Anti-Gay Zealot's Flawed Ideas On Marriage,0,2598,FALSE
It Only Took Rachel Maddow 48 Seconds To Tear Down An Anti-Gay Zealot's Flawed Ideas On Marriage,1,2599,TRUE
It Only Took Rachel Maddow 48 Seconds To Tear Down An Anti-Gay Zealot's Horrible Ideas On Marriage,0,2600,FALSE
It Only Took Rachel Maddow 48 Seconds To Tear Down An Anti-Gay Zealot's Flawed Ideas On Marriage,1,2601,TRUE
It Only Took Rachel Maddow 48 Seconds To Tear Down An Anti-Gay Zealot's Outdated Ideas On Marriage,0,2602,FALSE
"The Stock Market Is Up, And I'd Prefer Not To Cheer...Kthanxbye",1,2603,TRUE
Why We Could Really Use A Modern-Day 'New Deal' Right About Now,0,2604,FALSE
"The Recovery Is Over! Stock Market Is Up! Life Is Great! Wait, What?",1,2605,TRUE
"The Stock Market Is Up, And I'd Prefer Not To Cheer...Kthanxbye",0,2606,FALSE
Why In The World Did This Adorable Little Girl Have To Fight So Darn Hard Just To Just A Bathroom?,1,2607,TRUE
This Adorable 6-Year-Old Won A Case That Will Change The Lives Of Thousands,0,2608,FALSE
"Wow, This Elementary School Was Horrible To A Little Girl. What She Did About It Was Equalitastic.",1,2609,TRUE
This Court Case Is A Huge Victory For Equal Rights. And It's About ... Bathrooms?,0,2610,FALSE
"The Recovery Is Over! Stock Market Is Up! Life Is Great! Wait, What?",1,2611,TRUE
"The Recovery Is Over! Stock Market Is Up! Life Is Great! Wait, What?",0,2612,FALSE
"The Recovery Is Over! Stock Market Is Up! Life Is Great! Wait, What?",1,2613,TRUE
"The Recovery Is Over! Stock Market Is Up! Life Is Great! Wait, What?",0,2614,FALSE
Frederick Douglas Was Asked To Speak At A July 4 Celebration. It Didn't Go So Well...,1,2615,TRUE
Frederick Douglas Was Asked To Speak At A July 4 Celebration. It Didn't Go So Well...,0,2616,FALSE
"Wow, This Elementary School Was Horrible To A Little Girl. What She Did About It Was Equalitastic.",1,2617,TRUE
"Wow, This Elementary School Was Horrible To A Little Girl. What She Did About It Was Equalitastic.",0,2618,FALSE
"Look, I Get It. Girls Like Pink. That's Only Because You Forgot To Show Them Something Way Cooler.",1,2619,TRUE
"Instead Of Giving Your Daughter A Doll, Why Don't You Give Her Super Giant Brain Powers AND A Doll",0,2620,FALSE
"Wow, This Elementary School Was Horrible To A Little Girl. What She Did About It Was Equalitastic.",1,2621,TRUE
"Every Once In A While, A Court Makes A Badass Ruling And Bathroom Users Rejoice",0,2622,FALSE
Frederick Douglas Was Asked To Speak At A July 4 Celebration. It Didn't Go So Well...,1,2623,TRUE
Frederick Douglas Was Asked To Speak At A July 4 Celebration. It Didn't Go So Well...,0,2624,FALSE
"Hey, Look! It's The Same People Who Are Blocking The Same Rights Again And AGAIN.",1,2625,TRUE
I Am So Sick Of Seeing The Same People Blocking The Same Rights Over And Over Again,0,2626,FALSE
6 Overused Sentences That I Wish Always Had These Twist Endings,1,2627,TRUE
6 Overused Sentences That I Wish Always Had These Twist Endings,0,2628,FALSE
Socialized Medicine: You Keep Using That Word. I Do Not Think It Means What You Think It Means.,1,2629,TRUE
Can We Get The People Fighting Over Health Care A Time Machine? They're Stuck In 2009.,0,2630,FALSE
"A Famous Actress Called 'Cut' On This Scene. Watch, As It's A Scene Millions Of Women Recognise.",1,2631,TRUE
"If A Famous Actress Calls 'Cut' And Gets Ignored, What Does That Mean For Other Women?
",0,2632,FALSE
"Google Failed Big Time, But These Kids Made It All Right Again",1,2633,TRUE
How Did These Kids Make Their Invisible Town Visible? Hint: It Wasn’t A Magic Trick.,0,2634,FALSE
"Look, I Get It. Girls Like Pink. That's Only Because You Forgot To Show Them Something Way Cooler.",1,2635,TRUE
"Look, I Get It. Girls Like Pink. That's Only Because You Forgot To Show Them Something Way Cooler.",0,2636,FALSE
Watch A Bunch Of Little Girls Sing A Power Ballad Shattering What Little Girls Are Supposed To Like,1,2637,TRUE
"My Daughter Will Sing Like A Queen When She Shatters Gender Stereotypes. No, Not That Queen.",0,2638,FALSE
The Most Heartwarming Use Of Duct Tape You'll Ever See,1,2639,TRUE
"After Life Wipes You Out, You'll Wish You Had A Friend Like This. And Duct Tape. ",0,2640,FALSE
"The Recovery Is Over! Stock Market Is Up! Life Is Great! Wait, What?",1,2641,TRUE
"The Recovery Is Over! Stock Market Is Up! Life Is Great! Wait, What?",0,2642,FALSE
Bill Nye The Science Guy Explains The Basics Of Something You Should Really Know,1,2643,TRUE
Bill Nye The Science Guy Explains The Basics Of Something You Should Really Know,0,2644,FALSE
Who Knew That Pam And Tara Making Out On True Blood Actually Helped Change The World,1,2645,TRUE
"When Bob And Lee Moved To Wisteria Lane, Who Knew They Were Helping To Change The World",0,2646,FALSE
"Google Failed Big Time, But These Kids Made It All Right Again",1,2647,TRUE
"Google Failed Big Time, But These Kids Made It All Right Again",0,2648,FALSE
A Cartoon Shows Us In Two Minutes Just How Wrong Something Men Have Been Doing For Centuries Is,1,2649,TRUE
Watch: A FEMINIST Episode Of A *Pretty Sexist* Cartoon? We Can All Learn A Little Bit From This.,0,2650,FALSE
This Gay Pride Video Makes Me As Happy As Riding A Candy Colored Unicorn On A Road Made Of Rainbows,1,2651,TRUE
This Celebration Of Pride Is Like A Unicorn Leaping Over A Cloud Made Of Star Spangled Cotton Candy,0,2652,FALSE
Dog Tries To Save Owner After Cops Handcuff Him. What Ensues Is Heartbreaking.,1,2653,TRUE
Did These Cops Really Need To Shoot This Man's Dog?,0,2654,FALSE
Watch A Bunch Of Little Girls Sing A Power Ballad Shattering What Little Girls Are Supposed To Like,1,2655,TRUE
Watch A Bunch Of Little Girls Sing A Power Ballad Shattering What Little Girls Are Supposed To Like,0,2656,FALSE
"Wow, This Elementary School Was Horrible To A Little Girl. What She Did About It Was Wonderful.",1,2657,TRUE
"Wow, This Elementary School Was Horrible To A Little Girl. What She Did About It Was Equalitastic.",0,2658,FALSE
We All Made Mistakes In Middle School. We Just Have To Make Sure We Learn From Them.,1,2659,TRUE
What Would You Say If You Had The Chance To Chat With 7th-Grade You?,0,2660,FALSE
"Look, I Get It. Girls Like Pink. That's Only Because You Forgot To Show Them Something Way Cooler.",1,2661,TRUE
Forget About The Glass Ceiling. It's Time To Shatter The Pink Aisle Of Gender Toy Awfulness.,0,2662,FALSE
6 Overused Sentences That I Wish Always Had These Twist Endings,1,2663,TRUE
6 Overused Sentences That I Wish Always Had These Twist Endings,0,2664,FALSE
"Look, I Get It. Girls Like Pink. That's Only Because You Forgot To Show Them Something Way Awesomer.",1,2665,TRUE
"Look, I Get It. Girls Like Pink. That's Only Because You Forgot To Show Them Something Way Cooler.",0,2666,FALSE
Bill Nye The Science Guy Explains The Basics Of Something You Should Really Know,1,2667,TRUE
Bill Nye The Science Guy Explains The Basics Of Something You Should Really Know,0,2668,FALSE
1 In 3 Women Will Experience This At Some Point ... Unless We Do Something About It,1,2669,TRUE
"I Know You Know Violence Against Women Is Bad, But I Want You To Know What You Can Do About It",0,2670,FALSE
"Look, I Get It. Girls Like Pink. That's Only Because We Failed To Show Them Something Way More Epic.",1,2671,TRUE
I Get It. Girls Like Pink. That's Only Because We Failed To Show Them The Far Better Alternative.,0,2672,FALSE
"Look, I Get It. Girls Like Pink. That's Only Because We Failed To Show Them Something Way More Epic.",1,2673,TRUE
"Look, I Get It. Girls Like Pink. That's Only Because We Failed To Show Them Something Way More Epic.",0,2674,FALSE
"A Famous Actress Called 'Cut' On This Scene. Watch, As It's A Scene Millions Of Women Recognise.",1,2675,TRUE
"A Famous Actress Called 'Cut' On This Scene. Watch, As It's A Scene Millions Of Women Recognise.",0,2676,FALSE
This Gay Pride Video Makes Me As Happy As Riding A Candy Colored Unicorn On A Road Made Of Rainbows,1,2677,TRUE
This Gay Pride Video Makes Me As Happy As Riding A Candy Colored Unicorn On A Road Made Of Rainbows,0,2678,FALSE
What This 14-Year Old Can Do With Only A Picture And Junks Scraps Is MacGyverrific,1,2679,TRUE
"With Only A Picture, A Dream and Junk Scraps One Boy Strives To Feed His Village",0,2680,FALSE
Who Knew That Pam And Tara Making Out On True Blood Actually Helped Change The World,1,2681,TRUE
"We're Here, We're Queer, And Yay! America Is Getting Used To It!",0,2682,FALSE
What Goes Through A Soldier’s Mind During An Attack? Might Not Be What You Expect.,1,2683,TRUE
Something You Should Watch Before You BBQ,0,2684,FALSE
"Rapper Makes A Reference On Needing To Use A Fist In A Way You Wouldn't Imagine
",1,2685,TRUE
"HOT CELEB TRENDS: Tuxedos, White Ties and Reflecting Thoughtfully On Workers Rights",0,2686,FALSE
A Simple Joke About A Super Obvious Problem In Hollywood Said In A Refreshingly Sly Way,1,2687,TRUE
"This TV Character Is Speaking Fluent Onion—Or, When What You're Saying Couldn't Have More Layers",0,2688,FALSE
"A Famous Actress Called 'Cut' On This Scene. Watch, As It's A Scene Millions Of Women Recognize.",1,2689,TRUE
"A Famous Actress Called 'Cut' On This Scene. Watch, As It's A Scene Millions Of Women Recognize.",0,2690,FALSE
These Women Paint A Vivid Picture Of What Fairness Should Look Like When Leading A Country,1,2691,TRUE
These Women Are Getting This Part Of The World To Embrace Another 'L' Word: Leader,0,2692,FALSE
"If A 14-Year Old In Africa Can Build These With Scraps, Imagine What We Could Do In America?",1,2693,TRUE
"If He Can Build An Energy Source With Scraps, What's Stopping A Huge Country like America?",0,2694,FALSE
WTF?!? Doctors Prove Life Possible Without A Pulse Or A Heartbeat.,1,2695,TRUE
"Docs Keep Man Alive With Spare Parts From Home Depot – Inspector Gadet, Is That You?",0,2696,FALSE
Who Knew That Callie And Arizona Making Out On 'Grey's Anatomy' Actually Helped Change The World,1,2697,TRUE
Who Knew That Emily And Maya Making Out On 'Pretty Little Liars' Actually Helped Change The World,0,2698,FALSE
Musician Wyclef Makes A Reference On Needing To Use A Fist In A Way You Wouldn't Imagine,1,2699,TRUE
Rapper Makes A Reference On Needing To Use A Fist In A Way You Wouldn't Imagine,0,2700,FALSE
Chef Cooks Up Yummy Meals For Less Than A Dollar But His Life Lessons Are Delicious,1,2701,TRUE
Chef Cooks Up Yummy Meals For Less Than A Dollar But His Life Lessons Are Delicious,0,2702,FALSE
These Women Paint A Vivid Picture Of What Fairness Should Look Like When Leading A Country,1,2703,TRUE
These Women Paint A Vivid Picture Of What Fairness Should Look Like When Leading A Country,0,2704,FALSE
This Film Will Speak To You Only Because It Doesn’t Say One Word,1,2705,TRUE
What Would This Combat Zone Be Like Without The Combat?,0,2706,FALSE
"Presenting 'The Realest 2 Minutes I've Seen On The News In A Long Time', Starring Levar Burton",1,2707,TRUE
"If You're Black, Live In America And Get Pulled Over, Stick Your Hands Out The Window.'",0,2708,FALSE
Know An American Who Thinks We're Equal? Show Them What This Guy Does When He's Stopped By A Cop.,1,2709,TRUE
"Presenting 'The Realest 2 Minutes I've Seen On The News In A Long Time', Starring Levar Burton",0,2710,FALSE
A Simple Joke About A Super Obvious Problem In Hollywood Said In A Refreshingly Sly Way,1,2711,TRUE
A Simple Joke About A Super Obvious Problem In Hollywood Said In A Refreshingly Sly Way,0,2712,FALSE
Meet The Doctor Who Thinks We've Got America's Biggest Health Problem Backwards,1,2713,TRUE
"He's Talking About Revolutionary Science, But This Is Really An Apology To A Patient He Failed",0,2714,FALSE
"The Next Time Someone Talks About Starving Kids In Africa, Show Them This",1,2715,TRUE
"These People Were Hungry For A Better Food System, So They Went Ahead And Made One",0,2716,FALSE
What Would Suburbia Look If It Had The Same Water Resources As Africa?,1,2717,TRUE
What Would Suburbia Look If It Had The Same Water Resources As Africa?,0,2718,FALSE
A Famous Actress Called 'Cut' On This Awful Scene. A Scene Millions Of Women Recognize.,1,2719,TRUE
"A Famous Actress Called 'Cut' On This Scene. Watch, As It's A Scene Millions Of Women Recognize.",0,2720,FALSE
These Folks Are Taking That Whole 'An Injury To One Is An Injury To All' Thing Quite Literally,1,2721,TRUE
These Folks Are Taking That Whole 'An Injury To One Is An Injury To All' Thing Quite Literally,0,2722,FALSE
This Young Man’s Performance Is Like A Gorgeous Yelp Review Of The Millenial Generation,1,2723,TRUE
‘We Hate Our Government But Love Our Country’ … And Other Incredible Words About Young Americans,0,2724,FALSE
Know An American Who Thinks We're Equal? Show Them What This Guy Does When He's Stopped By A Cop.,1,2725,TRUE
Know An American Who Thinks We're Equal? Show Them What This Guy Does When He's Stopped By A Cop.,0,2726,FALSE
This Comedian Is So Funny You Wont Realize You Heard Something Meaningful Until She Takes Her Bow,1,2727,TRUE
"The ""Chow Like Cho Diet"" Will Give You Some Food For Thought About The Real Hollywood",0,2728,FALSE
What Would Suburbia Look If It Had The Same Water Resources As Africa?,1,2729,TRUE
Is This What Suburbia Would Look If It Had The Same Water Resources As Africa?,0,2730,FALSE
"Here's Beautiful Proof That We Don't Always Get The ""Be A Good Person"" Thing Right The First Time",1,2731,TRUE
"Some Beautiful Proof That We Don't Always Get The ""Be A Good Person"" Thing Right The First Time",0,2732,FALSE
Meet The Doctor Who Thinks We've Got America's Biggest Health Problem Backwards,1,2733,TRUE
Meet The Doctor Who Thinks We've Got America's Biggest Health Problem Backwards,0,2734,FALSE
6 Overused Creepy Sentences That I Wish Always Had These Surprise Endings,1,2735,TRUE
6 Overused Sentences That I Wish Always Had These Surprise Endings,0,2736,FALSE
"The True Story Of A Man With No Heart. Literally, No Heart.",1,2737,TRUE
"The True Story Of A Man With No Heart. Literally, No Heart.",0,2738,FALSE
This Is What Happens When A Bunch Of Old Dudes Try To Take Away Women's Rights In The Dark Of Night,1,2739,TRUE
This Is What Happens When A Bunch Of Old Dudes Try To Take Away Women's Rights In The Dark Of Night,0,2740,FALSE
This Is What Happens When A Bunch Of Old Dudes Try To Take Away Women's Rights In The Dark Of Night,1,2741,TRUE
This Is What Happens When A Bunch Of Old Dudes Try To Take Away Women's Rights In The Dark Of Night,0,2742,FALSE
This Film Will Speak To You Only Because It Doesn’t Say One Word,1,2743,TRUE
This Film Will Speak To You Only Because It Doesn’t Say One Word,0,2744,FALSE
Try NOT Wanting To Be A Better Person – After Meeting This Man,1,2745,TRUE
"Oh Great. After Seeing What This Guy Is Like, I Guess I Should Be A Better Person.",0,2746,FALSE
This Is Literally Just A Video Of A Bunch Of Super Happy People. Watch It And Just TRY Not To Smile.,1,2747,TRUE
"There’s A Lot Left To Do, But Let’s Just Smile And Hug Each Other For A Moment, Shall We?",0,2748,FALSE
He Said He'd Never Been Out Of His Wheelchair For Long. What He Did When He Got Out Was Astounding.,1,2749,TRUE
A Man With Cerebral Palsy Shows Us What Determination Looks Like,0,2750,FALSE
"In The Worst Moment Of Her Life She Turned To YouTube For Help, And It Worked. ",1,2751,TRUE
It Isn't Just For Status Updates: Social Media Changed This Woman’s Life,0,2752,FALSE
"WTF? 47% Of High School Kids Have Done ""It,"" But Only A Third of High School Freshman Can Do This?",1,2753,TRUE
"Even If You Don't Have Kids, An Important Issue Affecting Children Will Affect You, Too",0,2754,FALSE
"In The Worst Moment Of Her Life She Turned To YouTube For Help, And It Worked",1,2755,TRUE
"In The Worst Moment Of Her Life She Turned To YouTube For Help, And It Worked",0,2756,FALSE
"The Next Time One Of My Kids Tells Me, ""I Can't,"" I'm Showing Them The Video Of What This Guy Did",1,2757,TRUE
"The Next Time One Of My Kids Tells Me, ""I Can't,"" I'm Showing Them The Video Of What This Guy Did",0,2758,FALSE
Great. How Has The Government Lost Track Of 60 Billion Dollars This Time??,1,2759,TRUE
Great. How Has The Government Lost Track Of 60 Billion Dollars This Time??,0,2760,FALSE
"If Mr. Burns From 'The Simpsons' Ran A Company Meeting, It Would Probably Go A Little Something Like This",1,2761,TRUE
"If Mr. Burns From 'The Simpsons' Ran A Company Meeting, It Would Probably Go A Little Something Like This",0,2762,FALSE
Watch An Artist Turn One City’s Garbage Into Trashtacular Art,1,2763,TRUE
Here’s Some Art That’ll Make You Think (And Pinch Your Nose),0,2764,FALSE
Westboro Baptist Church May Have Met Their Match... And She's 5 Years Old.,1,2765,TRUE
She Could Have Been Selling Prune Juice For Her Cause And I Still Would Have Bought Five Glasses.,0,2766,FALSE
A Flash Mob That Did Way More Than Just Confuse And Startle The People Around It.,1,2767,TRUE
The Way These Middle Schoolers Said Thank You To Their Retiring Principal Makes Me Want To Dance,0,2768,FALSE
If You Ever Hear Anyone Doing This In Public Please Do More Than Ask Them To Quiet Down.,1,2769,TRUE
If You Ever Hear Anyone Doing This In Public Please Do More Than Ask Them To Quiet Down.,0,2770,FALSE
Ever Seen The Clip Where Muhammad Ali Uppercutted America? Here It Is.,1,2771,TRUE
This Fight Muhammad Ali Took On Outside The Ring Was Just As Impressive As His Title Fights,0,2772,FALSE
"Thanks, Lesbians - How Will I Ever Top This Marriage Proposal?",1,2773,TRUE
"Everyone Loves A Good Flashmob, Everyone Loves A Good marriage Proposal. Ready? Same Time.",0,2774,FALSE
THE LAST LAUGH: This Woman Became Exactly What She Was Told She Couldn't Be.,1,2775,TRUE
She Didn't Let Aged Advice Stop Her. Now She's Giving Age Old Advice That'll Make You Never Stop.,0,2776,FALSE
"I Always Wondered If Those Doctors On Tv Were Hazardous To My Health, And This Doc Confirms It",1,2777,TRUE
Rapping Doctor Says That All The Doctors On Tv Are Sucka MDs,0,2778,FALSE
"SHE GETS IT: I, Too, Have Five To Seven Days, Of Every Month, That I Hate My Boyfriend.",1,2779,TRUE
"What Do You Mean Super Or Maxi? IF YOU LOVE ME, YOU'LL JUST GO BUY ME SOME!!!",0,2780,FALSE
"A Mother Is Looking For Her Son, She Finds Him In The Scariest  Place.",1,2781,TRUE
"It's 10:00pm, Do You Know Where Your Brothers Are?",0,2782,FALSE
Watch An Artist Turn One City’s Garbage Into Trashtacular Art,1,2783,TRUE
Watch An Artist Turn One City’s Garbage Into Trashtacular Art,0,2784,FALSE
OMG!!! This Veterinarian Essentially Tortures Himself To Shed Light On A Dangerous Habit.,1,2785,TRUE
"For The Love Of Dog, This Veterinarian Essentially Roasts Himself",0,2786,FALSE
I Doubt His Parents Thought Sending Their Gay Kid To A Christian School Would Have These Results,1,2787,TRUE
I Doubt His Parents Thought Sending Their Gay Kid To A Christian School Would Have These Results,0,2788,FALSE
Think About This Video Before You Ever Say 'It’ll Only Take A Minute.',1,2789,TRUE
Think About This Video Before You Ever Say 'It’ll Only Take A Minute.',0,2790,FALSE
Exposing A Room Full Of Bigots Has Never Sounded So Good (Or More Hilarious),1,2791,TRUE
Have We Already Forgotten The Lessons Borat Taught Us?,0,2792,FALSE
"So If Her Parents Had Given Up, They Never Would Have Seen This ",1,2793,TRUE
Your Special Child May Be Way More Special Than You Even Realize,0,2794,FALSE
Homosexuality Has Spread To Our Cereal And This Host Has Had Enough!,1,2795,TRUE
I Knew I Saw That Fruit Loops Toucan At The Gay Bar The Other Night,0,2796,FALSE
I'd Be Careful About Taking My Kids To A Park With Such A Nasty Secret,1,2797,TRUE
Aren't National Parks Supposed To Be Full Of Things You CAN'T Buy In Line At 7/11?,0,2798,FALSE
"I Always Wondered If Those Doctors On Tv Were Hazardous To My Health, And This Doc Confirms It",1,2799,TRUE
"I Always Wondered If Those Doctors On Tv Were Hazardous To My Health, And This Doc Confirms It",0,2800,FALSE
Dustin Hoffman Breaks Down Crying Trying To Explain Something That Every Woman Already Knows,1,2801,TRUE
Dustin Hoffman Breaks Down Crying Trying To Explain Something That Every Woman Already Knows,0,2802,FALSE
Dustin Hoffman Breaks Down Crying Trying To Explain Something That Every Woman Already Knows,1,2803,TRUE
Dustin Hoffman Breaks Down Crying Trying To Explain Something That Every Woman Already Knows,0,2804,FALSE
"Why You Should Totally Eat That Leftover Pasta. Yes, You. I'm Talking To You!",1,2805,TRUE
"Why You Should Totally Eat That Leftover Pasta. Yes, You. I'm Talking To You!",0,2806,FALSE
Dustin Hoffman Breaks Down Crying Trying To Explain Something That Every Woman Sadly Already Knows,1,2807,TRUE
Dustin Hoffman Breaks Down Crying Trying To Explain Something That All Woman Sadly Already Realized,0,2808,FALSE
"If I Ever Hit On A Straight Guy, I Would Want Him To Be Just Like This Comedian ",1,2809,TRUE
It's Always Nice To See A Straight Guy Lay Down Some Gay Common Sense,0,2810,FALSE
Dustin Hoffman Breaks Down Crying Explaining Something That Every Woman Sadly Already Experienced,1,2811,TRUE
Dustin Hoffman Breaks Down Crying Explaining Something That Every Woman Sadly Already Experienced,0,2812,FALSE
The Kind Of Marriage Proposal That Makes You Want To Go Out And Fall In Lesbian Love,1,2813,TRUE
The Kind Of Marriage Proposal That Makes You Want To Go Out And Fall In Lesbian Love,0,2814,FALSE
"If You Think We Haven’t Come A Long Way, Watch How Ridiculous Men Were 40 Years Ago",1,2815,TRUE
Freshest Cross-Body Block A Marathon Has EVER Seen,0,2816,FALSE
"If This Sweet Project Won Second Place At The Science Fair, First Place Must’ve Been A Time Machine",1,2817,TRUE
The One Time I Admit A Fifteen-Year Old Is Waaay Smarter Than Me,0,2818,FALSE
"If You Think We Haven’t Come A Long Way, Watch How Ridiculous Men Were 40 Years Ago",1,2819,TRUE
On The Right Track: Meet The Boston Marathoner Who Changed That Course For Female Runners Forever,0,2820,FALSE
"If You Think We Haven’t Come A Long Way, Watch How Ridiculous Men Were 40 Years Ago",1,2821,TRUE
"If You Think We Haven’t Come A Long Way, Watch How Ridiculous Men Were 40 Years Ago",0,2822,FALSE
The Kind Of Marriage Proposal That Makes You Want To Go Out And Fall In Lesbian Love,1,2823,TRUE
The Kind Of Marriage Proposal That Makes You Want To Go Out And Fall In Lesbian Love,0,2824,FALSE
Can An Animated Movie Trailer Show How Much The Times Are Changing?,1,2825,TRUE
Can An Animated Movie Trailer Show How Much The Times Are Changing?,0,2826,FALSE
Profiles In Courage: Floor Speeches Against DOMA Way Back In ‘96,1,2827,TRUE
WATCH: Your Duly Elected Representatives Standing Up For Their Principles Before It Was Cool,0,2828,FALSE
"A Famous Actress Called 'Cut' On This Scene. Watch, As It's A Scene Millions Of Women Recognize.",1,2829,TRUE
A Famous Actress Called 'Cut' In This Terrifying Scene. A Scene Millions Of Women Recognize.,0,2830,FALSE
The So-Called 'Women's Issue' That Affects Millions Of So-Called 'Manly Men' Too,1,2831,TRUE
That Thing You Think Of When Someone Says 'Body Image' Is Only Half-Right At Best,0,2832,FALSE
"The Next Time Someone Tells You To Be Afraid Of Socialized Medicine, Show Them Why They're Wrong",1,2833,TRUE
WATCH: The People Who Invented Health Care Are Basically Telling Us We're Doing It Wrong,0,2834,FALSE
"If They Think They Can Silence This Female Rapper, Just Look At What She Does To Defy Them",1,2835,TRUE
"She Gets Death Threats For Her Music … So Why Does She Keep Going?
",0,2836,FALSE
"This Comedian Gives The Best 60-Second Piece Of Advice To Liberals, Conservatives, And Human Beings",1,2837,TRUE
"Step 1. Step Away From Your Political Wolfpacks Step 2. Listen To This Comedian For 60 Seconds
",0,2838,FALSE
Step 1: Ask Other Nations What They Think Of Our Health Care. Step 2: Apply Cold Water To The Burn.,1,2839,TRUE
WATCH: These Taiwanese Policymakers Are Calling Out American Health Care,0,2840,FALSE
Being Told To Eat Healthy Is Meaningless If You Can't Compare Foods. Here's A Good Method.,1,2841,TRUE
"Here's A Video To Help You Judge Your Food, Which Is Okay Because Food Doesn't Have Feelings",0,2842,FALSE
There's A Reason This Guy Should Be Named Father Of The Decade,1,2843,TRUE
The Most Mundane Details Of This Dad's Life Are What Make Him Amazing,0,2844,FALSE
This Comedian Is So Funny You Won't Realize You Heard Something Meaningful Until She Takes Her Bow,1,2845,TRUE
This Comedian Is So Funny You Won't Realize You Heard Something Meaningful Until She Takes Her Bow,0,2846,FALSE
Every Night This Dad Falls Asleep In Front Of The TV. There's A Beautiful Reason Why That's Awesome.,1,2847,TRUE
Every Night This Dad Falls Asleep In Front Of The TV. There's A Beautiful Reason Why That's Awesome.,0,2848,FALSE
Can An Animated Movie Trailer Show How Much The Times Are Changing?,1,2849,TRUE
Can An Animated Movie Trailer Show How Much The Times Are Changing?,0,2850,FALSE
"The Next Time You Hear Someone Say That Americans Are Lazy, Show Them This",1,2851,TRUE
The Top Reason We're All Stressed To The Max Is Right Here,0,2852,FALSE
This New Zealander Wants To Mess With Texas (For A Very Good Reason),1,2853,TRUE
This New Zealander Wants To Mess With Texas (For A Very Good Reason),0,2854,FALSE
Every Night This Dad Falls Asleep In Front Of The TV. There's A Beautiful Reason Why.,1,2855,TRUE
Every Night This Dad Falls Asleep In Front Of The TV. There's A Great Reason Why That's Awesome.,0,2856,FALSE
"Why You Should Totally Eat That Leftover Pasta. Yes, You. I'm Talking To You!",1,2857,TRUE
"Why You Should Totally Eat That Leftover Pasta. Yes, You. I'm Talking To You!",0,2858,FALSE
This Is Hands Down The Grossest National Park I've Ever Seen,1,2859,TRUE
This Is Hands Down The Grossest National Park I've Ever Seen,0,2860,FALSE
Ever Seen The Clip Where Muhammad Ali Uppercut America? Here It Is.,1,2861,TRUE
Ever Seen The Clip Where Muhammad Ali Uppercut America? Here It Is.,0,2862,FALSE
"The Next Time You Hear Someone Say That Americans Are Lazy, Show Them This",1,2863,TRUE
"The Next Time You Hear Someone Say That Americans Are Lazy, Show Them This",0,2864,FALSE
Can An Animated Movie Trailer Show How Much The Times Are Changing?,1,2865,TRUE
Can An Animated Movie Trailer Show How Much The Times Are Changing?,0,2866,FALSE
"Do You Understand These Two Words? Here, Let Stephen Fry Break It Down To You.
",1,2867,TRUE
"Let Britain Show You How To Send A Message To Your Leaders
",0,2868,FALSE
How Facebooking About Brazil Could Get The Olympics And The World Cup Canceled,1,2869,TRUE
Why Facebooking About Brazil Could Get The Olympics Canceled (Or Better),0,2870,FALSE
"Calling Them ""Girls"" Was Their First Mistake. What Happens Next Is A Great Moment In Fierceness.",1,2871,TRUE
"After This Verbal Beatdown Of A Corporate Big Wig, The Only Thing Missing Was Two Snaps And A Circle",0,2872,FALSE
I'm Not Sure I Could Do What This Actress Did—In Front Of A Police Car—In A Foreign Country...,1,2873,TRUE
I'm Not Sure I Could Do What This Actress Did—In Front Of A Police Car—In A Foreign Country...,0,2874,FALSE
"Sexists Think Women Are Bad At Math, But Do They Really Think We Don't Know 77 Is Less Than 100?",1,2875,TRUE
"Sexists Think Women Are Bad At Math, But Do They Really Think We Don't Know 77 Is Less Than 100?",0,2876,FALSE
"When You Hear Someone Say 'Fat,' They Have No Idea What They're Talking About",1,2877,TRUE
The Easiest Way To Remember Which Kind Of Fat To Eat,0,2878,FALSE
"Chris Rock Gives The Best 60-Second Piece Of Advice To Liberals, Conservatives, And Human Beings",1,2879,TRUE
"Chris Rock Gives The Best 60-Second Piece Of Advice To Liberals, Conservatives, And Human Beings",0,2880,FALSE
"I Cannot Believe The Men Are Doing This In Front Of Our Eyes
",1,2881,TRUE
"As A Woman Who Regularly Protests, The Fact This Isn’t A Bigger Issue Makes Me So Mad
",0,2882,FALSE
The Country She Lives In Send Her Death Threats For Doing Something Nicki Minaj Does Daily,1,2883,TRUE
"She Won’t Stay Inside And Be Silent, And That Angers A Lot Of Men In Her Country
",0,2884,FALSE
"Chris Rock Gives The Best 60-Second Piece Of Advice To Liberals, Conservatives, And Human Beings",1,2885,TRUE
"Chris Rock Gives The Best 60-Second Piece Of Advice To Liberals, Conservatives, And Human Beings",0,2886,FALSE
"Calling Them ""Girls"" Was Their First Mistake. What Happens Next Is A Great Moment In Fierceness.",1,2887,TRUE
"Calling Them ""Girls"" Was Their First Mistake. What Happens Next Is A Great Moment In Fierceness.",0,2888,FALSE
Think We Haven’t Come A Long Way? Watch How Ridiculous Men Were Just 40 Years Ago.,1,2889,TRUE
"If You Think We Haven’t Come A Long Way, Watch How Ridiculous Men Were 40 Years Ago",0,2890,FALSE
This Is By Far The Grossest National Park I've Ever Seen,1,2891,TRUE
This Is Hands Down The Most Unnatural National Park I've Ever Seen,0,2892,FALSE
This New Zealander Really Wants To Mess With Texas (For A Very Good Reason),1,2893,TRUE
This Guy Wants To Mess With Texas (For A Very Good Reason),0,2894,FALSE
WATCH: Your Duly Elected Representatives Standing Up For Their Principles Before It Was Cool,1,2895,TRUE
Profiles In Courage: Floor Speeches Against DOMA Way Back In ‘96,0,2896,FALSE
"The School In This Commercial May Be Fake, But The Reason It Exists Is All Too Real",1,2897,TRUE
"The School In This Commercial May Be Fake, But The Reason It Exists Is All Too Real",0,2898,FALSE
Oliver Stone Has Some Disturbing Questions He’d Like To Ask You,1,2899,TRUE
Oliver Stone’s Response To The NSA Make Me Feel Like We’re In Orwell’s 1984. And That’s The Point.,0,2900,FALSE
"Sick Of Paying Rent? Just Build Your Own Tiny Palace, Like These Guys Did.",1,2901,TRUE
"Sick Of Paying Rent? Just Build Your Own Tiny Palace, Like These Guys Did.",0,2902,FALSE
Congressman Responds Like A Real Person Would After Getting Really Inane Letter From His Coworkers,1,2903,TRUE
Congressman Responds Like A Real Person Would After Getting Fact-Challenged Letter From Coworkers,0,2904,FALSE
Congressman Responds Like A Real Person Would After Getting A Really Inane Letter From His Coworkers,1,2905,TRUE
Congressman Responds Like A Real Person Would After Getting A Really Inane Letter From His Coworkers,0,2906,FALSE
The Only Time It’s OK To Make A Kid Cry In Front Of His Entire School Is Right Here,1,2907,TRUE
A Bunch Of Middle Schoolers Actually Raised Their Hands And Volunteered For Something?!,0,2908,FALSE
Happens Every Time: Watching This Dude Kill It On The Dance Floor Makes My Heart Burst Open,1,2909,TRUE
Happens Every Time: Watching This Dude Kill It On The Dance Floor Makes My Heart Burst Open,0,2910,FALSE
"A Little Kid Talks To Paris Hilton... Wait, Where Are You Going? I Promise Its A Good Thing.",1,2911,TRUE
What Do @ParisHilton And @CharlieSheen Have In Common With Brazilian Children?,0,2912,FALSE
Congressman Responds Like A Real Person Would After Getting A Really Inane Letter From His Coworkers,1,2913,TRUE
Congressman Responds Like A Real Human Would After Getting A Really Inane Letter From His Coworkers,0,2914,FALSE
The Most Dangerous Sea Creatures In The World Are On This Graphic,1,2915,TRUE
Wipe The Fog From Your Goggles: That Ain’t A Fish Swimming Next To You,0,2916,FALSE
Happens Every Time: Watching This Dude Kill It On The Dance Floor Makes My Heart Burst Open,1,2917,TRUE
Happens Every Time: Watching This Dude Kill It On The Dance Floor Makes My Heart Burst Open,0,2918,FALSE
Congressman Responds Like Real Human Person Would After Getting An Absurd Letter From His Coworkers,1,2919,TRUE
Congressman Responds Like A Real Human Person Would After Getting A Dumb Letter From His Coworkers,0,2920,FALSE
The Only Time It’s OK To Make A Kid Cry In Front Of His Entire School Is Right Here,1,2921,TRUE
The Only Time It’s OK To Make A Kid Cry In Front Of His Entire School Is Right Here,0,2922,FALSE
"She Said She Doesn't Want Any ""Yo-Baby"" Attention. See How She Avoids It.",1,2923,TRUE
DUH: Want To Know Something About Muslims ... Ask A Muslim,0,2924,FALSE
"A Little Kid Talks To Charlie Sheen... Wait, Where Are You Going? I Promise Its A Good Thing.",1,2925,TRUE
"A Little Kid Talks To A D-List Celebrity... Wait, Where Are You Going? I Promise Its A Good Thing.",0,2926,FALSE
A 12-Year-Old Egyptian Boy Flabbergasts An Interviewer. They Weren't Expecting A Political Genius.,1,2927,TRUE
A 12-Year-Old Egyptian Boy Flabbergasts An Interviewer. They Weren't Expecting A Political Genius.,0,2928,FALSE
Watch A Pro Wrestler Make All These Kids Smile While He Body Slams Their Worst Fears,1,2929,TRUE
"These Kids Are Worried About Their Future, So This Pro Wrestler Decided To Give Them Hope In The Ring",0,2930,FALSE
"This Woman Doesn't Believe In God, But Her View On Life & Death Is Absolutely Heavenly",1,2931,TRUE
"This Playwright Just Convinced Me That I Am A Flower, And I Think You Are Too",0,2932,FALSE
This Comedian Just Pointed Out What Dudes Never Think Of When Asking A Woman Out.,1,2933,TRUE
This Comedian Just Pointed Out What Dudes Never Think Of When Asking A Woman Out.,0,2934,FALSE
This Comedian Just Pointed Out What Dudes Never Think Of When Asking A Woman Out,1,2935,TRUE
This Comedian Just Pointed Out What Dudes Never Think Of When Asking A Woman Out,0,2936,FALSE
This Comedian Just Pointed Out What Dudes Never Think Of When Asking A Woman Out,1,2937,TRUE
This Comedian Just Pointed Out What Dudes Never Think Of When Asking A Woman Out,0,2938,FALSE
HALLELUJAH: Here Are All Of The Things I've Wanted To Yell Down The Self Help-Aisle,1,2939,TRUE
"Customers Aren't Always Right, Especially When They're Trying To Buy Something They've Had All Along",0,2940,FALSE
HALLELUJAH: Here Are All Of The Things I've Wanted To Yell Down The Self Help-Aisle,1,2941,TRUE
HALLELUJAH: Here Are All Of The Things I've Wanted To Yell Down The Self Help-Aisle,0,2942,FALSE
Bette Midler Didn’t Know This Was Going To Be Caught On Tape. That Makes This Even More Amazing.,1,2943,TRUE
Bette Midler Gives Private Performance Over Cell Phone For Woman's Last Wish. Beautiful.,0,2944,FALSE
1960s Letter From NASA To Aspiring Astronaut Reveals Why No Woman Has Walked On The Moon,1,2945,TRUE
"Houston, We Had A Lady Problem",0,2946,FALSE
Bette Midler Didn’t Know This Was Going To Be Caught On Tape. That Makes This Even More Amazing.,1,2947,TRUE
Bette Midler Didn’t Know This Was Going To Be Caught On Tape. That Makes This Even More Amazing.,0,2948,FALSE
"A Little Kid Talks To Charlie Sheen... Wait, Where Are You Going? I Promise Its A Good Thing.",1,2949,TRUE
"Little Kids Talk To Charlie Sheen... Wait, Where Are You Going? I Promise Its A Good Thing.",0,2950,FALSE
A Twist On A Classic Song Tells You Everything You Need To Know About The Terrifying Abortion Bill,1,2951,TRUE
A Twist On A Classic Song Tells You Everything You Need To Know About The Terrifying Abortion Bill,0,2952,FALSE
1960s Letter From NASA To Aspiring Astronaut Reveals Why No Woman Has Walked On The Moon,1,2953,TRUE
"Old NASA Letter Basically Says Tells Aspiring Astronaut, ""Space Is No Place For A Lady",0,2954,FALSE
"A Little Kid Talks To Charlie Sheen... Wait, Where Are You Going? I Promise Its A Good Thing.",1,2955,TRUE
"A Little Kid Talks To Charlie Sheen... Wait, Where Are You Going? I Promise Its A Good Thing.",0,2956,FALSE
"A Little Kid Talks To Charlie Sheen... Wait, Where Are You Going? I Promise Its A Good Thing.",1,2957,TRUE
"A Little Kid Talks To Charlie Sheen... Wait, Where Are You Going? I Promise Its A Good Thing.",0,2958,FALSE
A Twist On A Grade School Song Tells Everything You Need To Know About The Terrifying Abortion Bill,1,2959,TRUE
A Twist On A Classic Song Tells You Everything You Need To Know About The Horrifying Abortion Bill,0,2960,FALSE
"Please, Do NOT Warn Your Children About This Stranger Posing As An Ice Cream Man",1,2961,TRUE
This Guy Wants To Lure Your Children Over To His Fake Ice Cream Truck. If You’re Lucky.,0,2962,FALSE
A Twist On A Grade School Song Tells Everything You Need To Know About The Terrifying Abortion Bill,1,2963,TRUE
A Twist On A Grade School Song Tells Everything You Need To Know About The Terrifying Abortion Bill,0,2964,FALSE
"In Case You Missed It, Here's What The Trayvon Martin Case Was About (Aside From Attempted Justice)",1,2965,TRUE
"In Case You Missed It, Here's What The Trayvon Martin Case Was About (Aside From Attempted Justice)",0,2966,FALSE
"In Case You Missed It, Here's What The Trayvon Martin Case Was About (Aside From Attempted Justice)",1,2967,TRUE
"In Case You Missed It, Here's What The Trayvon Martin Case Was About (Aside From Attempted Justice)",0,2968,FALSE
"In Case You Missed It, Here's What The Trayvon Martin Case Was About (Aside From Attempted Justice)",1,2969,TRUE
"In Case You Missed It, Here's What The Trayvon Martin Case Was About (Aside From Attempted Justice)",0,2970,FALSE
"In Case You Missed It, Here's What The Trayvon Martin Case Was About (Aside From Attempted Justice)",1,2971,TRUE
"In Case You Missed It, Here's What The Trayvon Martin Case Was About (Aside From Attempted Justice)",0,2972,FALSE
When Hanging Out With A 9-Year-Old Tanzanian Boy Doesn’t Look Like A Feed The Children Campaign,1,2973,TRUE
What’s More Compelling Than Footage Of A Child Soldier In Africa? How About Movie Reviews?,0,2974,FALSE
"In Case You Missed It, Here's What The Trayvon Martin Case Was About (Aside From Attempted Justice)",1,2975,TRUE
Imagine If This Man Had Walked Down The Wrong Street On The Wrong Night Wearing The Wrong Thing,0,2976,FALSE
Imagine If This Man Had Walked Down The Wrong Street On The Wrong Night Wearing The Wrong Thing,1,2977,TRUE
"In Case You Missed It, Here's What The Trayvon Martin Case Was About (Aside From Attempted Justice)",0,2978,FALSE
"In Case You Missed It, Here's What You May Not Realize About The Whole Trayvon Martin Thing",1,2979,TRUE
"In Case You Missed It, Here's What You Don't Get About The Whole Trayvon Martin Trial",0,2980,FALSE
The One Where McDonald's Makes An Employee Budget Planner And It Blows Up In Their Faces,1,2981,TRUE
"If You Follow This Budget Planner From McDonald's, Happy Meals Might Be Your Only Way To Eat",0,2982,FALSE
Its Not A Hymn For Hoodies. Its A Reminder Of The Biggest Question About This Whole Mess,1,2983,TRUE
"We Should Stand Our Ground. For Justice, As We Listen To These Words.",0,2984,FALSE
Its Not A Hymn For Hoodies. Its A Reminder Of The Biggest Question About This Whole Mess,1,2985,TRUE
Its Not A Hymn For Hoodies. Its A Reminder Of The Biggest Question About This Whole Mess,0,2986,FALSE
The One Where McDonald's Makes An Employee Budget Planner And It Blows Up In Their Faces,1,2987,TRUE
The One Where McDonald's Makes An Employee Budget Planner And It Blows Up In Their Faces,0,2988,FALSE
Its Not A Hymn For Hoodies. Its A Reminder Of The Biggest Question About This Whole Mess,1,2989,TRUE
Its Not A Hymn For Hoodies. Its A Reminder Of The Biggest Question About This Whole Mess,0,2990,FALSE
I Can't Believe I Live In A Country Where Children Are Saying What I Just Heard This Pundit Say,1,2991,TRUE
"I Bet If All Of Your Neighbors Were Alligators, You Would Know How This Host Feels",0,2992,FALSE
Don't Think American Cinema Revolves Around Men? Take A Look Here.,1,2993,TRUE
Don't Think American Cinema Revolves Around Men? Take A Look Here.,0,2994,FALSE
CNBC Hosts Decide To Teach Senator Warren How Regulations Work. Probably Shouldn't Have Done That.,1,2995,TRUE
CNBC Hosts Lecture Senator Warren On How Bank Regulations Work. Probably Shouldn't Have Done That.,0,2996,FALSE
I Can't Believe I Live In A Country Where Children Are Saying What I Just Heard This Pundit Say,1,2997,TRUE
"If I Heard My Child Say What Melissa Harris Perry's Daughter Said To Her, I Would Be Shocked",0,2998,FALSE
Don't Think American Cinema Revolves Around Men? Take A Look Here.,1,2999,TRUE
Don't Think American Cinema Revolves Around Men? Take A Look Here.,0,3000,FALSE
I Can't Believe I Live In A Country Where Children Are Saying What I Just Heard This Pundit Say,1,3001,TRUE
I Can't Believe I Live In A Country Where Children Are Saying What I Just Heard This Pundit Say,0,3002,FALSE
Forget Everything You Learned In Economics. You Were Lied To.,1,3003,TRUE
Forget Everything You Learned In Economics. You Were Lied To.,0,3004,FALSE
Forget Everything You Learned In Economics. You Were Lied To.,1,3005,TRUE
Forget Everything You Learned In Economics. You Were Lied To.,0,3006,FALSE
Forget Everything You Learned In Economics. You Were Lied To.,1,3007,TRUE
Forget Everything You Learned In Economics. You Were Lied To.,0,3008,FALSE
Why Do We Need To Keep Convincing People This Is A Real Disease?,1,3009,TRUE
"We Might Not Hold Relays Or Fundraisers For This, But It's No Less A Disease",0,3010,FALSE
The Most Beautiful Answer To A Rude Question That Gets Asked All The Time,1,3011,TRUE
These Hardworking People Make Something That Can't Be Measured In Dollars,0,3012,FALSE
Being A Cab Driver In A Big City Has To Be Tough. This Guy's Just A Bit Tougher.,1,3013,TRUE
"If You've Ever Been In A Cab In Any Big City, You'll Understand What Makes This Guy Tick",0,3014,FALSE
"Most Forget An Item Or Two On Their Grocery List, But Here's The MOST Important Thing To Remember",1,3015,TRUE
Meet The Edward Snowden Of Supermarkets. (He's Looking For Asylum In The Dairy Aisle.),0,3016,FALSE
Forget Everything You Learned In Economics. You Were Lied To.,1,3017,TRUE
Forget Everything You Learned In Economics. You Were Lied To.,0,3018,FALSE
Put A Cape On This Guy Because The Way He Fights His Demons Is Super Human,1,3019,TRUE
Put A Cape On This Guy Because The Way He Fights His Demons Is Super Human,0,3020,FALSE
CNBC Hosts Decide To Teach Senator Warren How Regulation Works. Probably Shouldn't Have Done That.,1,3021,TRUE
CNBC Hosts Decide To Teach Senator Warren How Regulation Works. Probably Shouldn't Have Done That.,0,3022,FALSE
"Most Forget An Item Or Two On Their Grocery List, But Here's The MOST Important Thing To Remember",1,3023,TRUE
"Most Forget An Item Or Two On Their Grocery List, But Here's The MOST Important Thing To Remember",0,3024,FALSE
A Perspective On George Zimmerman That Every Person Should Hear,1,3025,TRUE
A Perspective On George Zimmerman That Every Person Should Hear,0,3026,FALSE
Put A Cape On This Guy Because The Way He Fights This Monster Is Superhuman,1,3027,TRUE
Put A Cape On This Guy Because The Way He Fights This Beast Is Superhuman,0,3028,FALSE
How Can Our Kids Accept Diversity If These Books Are What We Use To Raise Them?,1,3029,TRUE
How Can Our Kids Accept Diversity If These Books Are What We Use To Raise Them?,0,3030,FALSE
What Stevie Wonder Did For Trayvon Just Made My Heart Skip A Beat,1,3031,TRUE
It's Looking Like Florida Isn't The Sunshine Of Stevie Wonder's Life,0,3032,FALSE
"I’d Like A Bag Of Fries, A Coke, And This Massive Injustice Sorted Out By The Time I Pick It Up
",1,3033,TRUE
"Can You Give Me Cheese Burger, A Coke, And A Side Of Fairness. Hold The Injustice.
",0,3034,FALSE
"This Is The Story Of A Kid Who Only Wanted A Dime, But Got A Life Lesson He Won’t Forget Instead",1,3035,TRUE
"You Can’t Decide What You Want People To Remember You By, Which Is Why This Story Is So Wonderful
",0,3036,FALSE
How Did It Not Dawn On The Police That This Woman Was The Victim Of A Hate Crime?,1,3037,TRUE
"To The Court, Its Case Closed. To A Mother's Heart, Its Being Closed-Minded.",0,3038,FALSE
What Stevie Wonder Did For Trayvon Just Made My Heart Skip A Beat,1,3039,TRUE
What Stevie Wonder Did For Trayvon Just Made My Heart Skip A Beat,0,3040,FALSE
"I’d Like A Bag Of Fries, A Coke, And This Massive Injustice Sorted Out By The Time I Pick It Up",1,3041,TRUE
"You May Think You're Too Good For A Big Mac, But I Don't Think You're Above Supporting These Workers",0,3042,FALSE
"Why Are We Always Trying To Stop The People Who Want To HELP Our Country?
",1,3043,TRUE
"The White House Explains Why They're Keen On Changing These Peoples Lives For The Better
",0,3044,FALSE
I Don’t Think Eminem Realizes He’s Become A Science Teacher,1,3045,TRUE
"Anything That Encourages Kids To Consider Being A Rapper Alongside A Brain Surgeon Is Amazing
",0,3046,FALSE
"I’d Like A Bag Of Fries, A Coke, And This Massive Injustice Sorted Out By The Time I Pick It Up",1,3047,TRUE
"I’d Like A Bag Of Fries, A Coke, And This Massive Injustice Sorted Out By The Time I Pick It Up",0,3048,FALSE
You Won't Believe The Drugs Kids Are On These Days,1,3049,TRUE
You Won't Believe The Drugs Kids Are On These Days,0,3050,FALSE
Why Is This Unsigned Country Singer Getting So Much Attention For The Love Interest In His Video?,1,3051,TRUE
"A Country Crooner, Some Whiskey And Unrequited Love. Sounds Typical, Right? It Isn't.",0,3052,FALSE
So You're Telling Me This TV Character From 1960 Gets The Constitution But The NSA Doesn't?,1,3053,TRUE
It's A Huge Problem When I'm Siding With The Sheriff Of Mayberry Over The American Government,0,3054,FALSE
Why Is This Unsigned Country Singer Getting So Much Attention For The Love Interest In His Video?,1,3055,TRUE
Why Is This Unsigned Country Singer Getting So Much Attention For The Love Interest In His Video?,0,3056,FALSE
"An Actor Makes A Great Point About Discounting New Ideas, Especially Based On Color",1,3057,TRUE
"They Told Him He Couldn't Be A Hero. He Proved They Weren't Just Out-Of-Date, But Out Of This World.",0,3058,FALSE
Why Do We Need To Keep Convincing People This Is A Real Disease?,1,3059,TRUE
Why Do We Need To Keep Convincing People This Is A Real Disease?,0,3060,FALSE
How Did It Not Dawn On The Police That This Woman Was The Victim Of A Hate Crime? Really??,1,3061,TRUE
How Did It Not Dawn On The Police That This Woman Was The Victim Of A Hate Crime? Really??,0,3062,FALSE
An Actor's Profound Superhero Story Will Have You Saying Don't Judge A Comic Book By Its Color,1,3063,TRUE
An Actor's Profound Superhero Story Will Have You Saying Don't Judge A Comic Book By Its Color,0,3064,FALSE
The Government Wants You To Be Ready For Zombies.,1,3065,TRUE
"The Government Wants You To Be Ready For Zombies. And They Have A Good Reason, Too.",0,3066,FALSE
How Can Our Kids Accept Diversity If These Books Are What We Use To Raise Them?,1,3067,TRUE
How Can Our Kids Accept Diversity If These Books Are What We Use To Raise Them?,0,3068,FALSE
A Witty (And Sinister) Look At The Not-Too-Distant Future Of Tourism,1,3069,TRUE
A Witty (And Sinister) Look At The Not-Too-Distant Future Of Tourism,0,3070,FALSE
It's A Shame That We Need To Keep Convincing People This Is A Real Disease,1,3071,TRUE
Why Do We Need To Keep Convincing People This Is A Serious Disease?,0,3072,FALSE
"If You Came Here And Saw This Much Excess, You Would Be Livid Too.",1,3073,TRUE
The Kind Of Room Service That Will Make Your Hotel Stay Even Better,0,3074,FALSE
This Unsigned Country Singer Is Getting A Lot Of Attention For The Love Interest In His Video...,1,3075,TRUE
Why Is This Unsigned Country Singer Getting So Much Attention For The Love Interest In His Video?,0,3076,FALSE
Think She’s Owed An Apology? No Woman Deserves This Taken Away From Her.,1,3077,TRUE
OMG! Mother Recounts Shame That Drove Her To A Dirty Toilet Stall.,0,3078,FALSE
This Guy Sees How Dirty Our Cleaning Habits Are. Do you?,1,3079,TRUE
This Guy Sees How Dirty Our Cleaning Habits Are. Do you?,0,3080,FALSE
A Witty (And Sinister) Look At The Not-Too-Distant Future Of Tourism,1,3081,TRUE
A Witty (And Sinister) Look At The Not-Too-Distant Future Of Tourism,0,3082,FALSE
"As A Man, I’m Disgusted That We Could Demean Women This Way. Disgusted.",1,3083,TRUE
"As A Man, I’m Disgusted That We Could Demean Women This Way. Disgusted.",0,3084,FALSE
"Whether You're For War Or Against It, Here's How It Changes The People Who Fight",1,3085,TRUE
100 Reasons We Can’t Take Our Troops For Granted,0,3086,FALSE
"You Can Forget One Or Two Things On The Grocery List, But You NEED To Remember This",1,3087,TRUE
Ever Wonder Why It Takes So Damn Long To Get To The Milk At The Grocery Store?,0,3088,FALSE
‘Can You Have Sex?’ Guess Who Hates Hearing That Question The Most?,1,3089,TRUE
"People With Disabilities Are Laughing At YOU, But You’ll Want To Laugh WITH Them",0,3090,FALSE
"Why It’s Dangerous To Treat Corporations Like People, Explained In One Minute (With Cool Animation)",1,3091,TRUE
"Why It’s Dangerous To Treat Corporations Like People, Explained In One Minute (With Cool Animation)",0,3092,FALSE
"Life In Plastic May Be Fantastic For Barbie, But It's Not So Great For The Rest Of Us",1,3093,TRUE
"Life In Plastic May Be Fantastic For Barbie, But It's Not So Great For The Rest Of Us",0,3094,FALSE
"Joel Was So Close To Being Trayvon, He Almost Didn’t Get To Write This",1,3095,TRUE
"Joel Was So Close To Being Trayvon, He Almost Didn’t Get To Write This Poem",0,3096,FALSE
"It's Rare That The Daily Show Slips Out Of Satire And Into Anger. This Is One Of Those Times. 
",1,3097,TRUE
"The Daily Show Want To Rename Florida. I Think Their Name Rings Far, Far Truer.
",0,3098,FALSE
It's Rare That The Daily Show Slips Out Of Satire And Into Anger. This Is One Of Those Times.,1,3099,TRUE
"That OMG-WTF-Humanity Anger You're Feeling? Let The Daily Show Put It Into Words For You
",0,3100,FALSE
It's Rare That The Daily Show Slips Out Of Satire And Into Anger. This Is One Of Those Times.,1,3101,TRUE
It's Rare That The Daily Show Slips Out Of Satire And Into Anger. This Is One Of Those Times.,0,3102,FALSE
"Terrorists Bomb A City Council Meeting, But You've Never Heard Of The City",1,3103,TRUE
Why We Can't Just Shoot Our Way Out Of A Terrorist War,0,3104,FALSE
Scientists Need To Stop Pretending That Reversing Climate Change Is 'Fun',1,3105,TRUE
Scientists Need To Stop Pretending That Reversing Climate Change Is 'Fun',0,3106,FALSE
The Difference Between Global Warming Skeptics And Normal People,1,3107,TRUE
"Until I Have Proof That The Roof Is On Fire, I'm Going To Go Ahead And Keep Burning Alive",0,3108,FALSE
It's Important To Remember How Bad Governments USED To Be,1,3109,TRUE
"It's Hard To Believe, But There Used To Be A Worse Way To 'Elect A President'",0,3110,FALSE
A Holocaust Survivor's Compassionate Message To The German Population,1,3111,TRUE
"A Holocaust Survivor Has Nothing But Love, Peace, And Good Advice For Germany",0,3112,FALSE
Here's The Infographic Your Gas Station Doesn't Want You To See,1,3113,TRUE
Here's The Infographic Your Gas Station Doesn't Want You To See,0,3114,FALSE
‘Can You Have Sex?’ Guess Who Hates Hearing That Question The Most?,1,3115,TRUE
‘Can You Have Sex?’ Guess Who Hates Hearing That Question The Most?,0,3116,FALSE
Extended Forecast: A 100% Chance Of These 2 Kids Kicking Major Butt In Life,1,3117,TRUE
These Kids Dream So Hard You’ll See Stars,0,3118,FALSE
Here's The Infographic Your Gas Station Doesn't Want You To See,1,3119,TRUE
Here's The Infographic Your Gas Station Doesn't Want You To See,0,3120,FALSE
"Hate To Say It, But You’ve Got It All Wrong About Video Games",1,3121,TRUE
"Hate To Say It, But You’ve Got It All Wrong About Video Games",0,3122,FALSE
"A Debate Over A ""Controversial"" Ad Just Got Owned By A Bunch Of Kids",1,3123,TRUE
"So A Debate Over A ""Controversial"" Ad Just Got Owned By A Bunch Of Kids",0,3124,FALSE
Here's The Infographic Your Gas Station Doesn't Want You To See,1,3125,TRUE
Here's The Infographic Your Gas Station Doesn't Want You To See,0,3126,FALSE
"Think Trayvon's Record Said Something About His Character?  Well, Get A Load Of This.",1,3127,TRUE
"Hey, People With Records Are No Good And Deserve To Die...Unless They're White",0,3128,FALSE
MUST WATCH: The Video CNBC TRIED To Hide From The Internet. They Probably Shouldn't Have Done That.,1,3129,TRUE
MUST WATCH: The Video CNBC Is Trying To Hide From The Entire Internet,0,3130,FALSE
"Think Trayvon's Record Said Something About His Character?  Well, Get A Load Of This.",1,3131,TRUE
"Think Trayvon's Record Said Something About His Character?  Well, Get A Load Of This.",0,3132,FALSE
MUST WATCH: The Video CNBC Tried To Hide From The Internet. They Probably Shouldn't Have Done That.,1,3133,TRUE
MUST WATCH: The Video CNBC Tried To Hide From The Internet. They Probably Shouldn't Have Done That.,0,3134,FALSE
"Think Trayvon's Record Said Something About His Character?  Well, Get A Load Of This.",1,3135,TRUE
"Think Trayvon's Record Said Something About His Character?  Well, Get A Load Of This.",0,3136,FALSE
95 Young Adult Books To Read This Summer Instead Of Reading 'Harry Potter' AGAIN,1,3137,TRUE
95 Young Adult Books To Read This Summer Instead Of 'Twilight',0,3138,FALSE
"The Hardest Decision For This Soldier Was Not On The Battlefield, But On His Own Driveway",1,3139,TRUE
"The Hardest Decision For This Soldier Was Not On The Battlefield, But On His Own Driveway",0,3140,FALSE
"Some Of These People Have Done Horrible Things, But What We Are Doing To Them Should Be A Crime",1,3141,TRUE
The Human Rights Issue In This Country That Most People Don't Care About,0,3142,FALSE
The Worlds Most Belovedly Annoying Song Gets Remixed By Kids In Cambodia,1,3143,TRUE
"How Gangnam Style Is Helping Kids In A Slum Of Phnom Penh, Cambodia",0,3144,FALSE
95 Young Adult Books To Read This Summer Instead Of Reading 'Harry Potter' AGAIN,1,3145,TRUE
95 Young Adult Books To Read This Summer Instead Of Reading 'Harry Potter' AGAIN,0,3146,FALSE
A Huge Hunger Strike For Human Rights Is Happening In America Right Now In The Most Unlikely Place,1,3147,TRUE
A Huge Hunger Strike For Human Rights Is Happening In America Right Now In The Most Unlikely Place,0,3148,FALSE
The Worlds Most Belovedly Annoying Song Gets Remixed By Kids In Cambodia,1,3149,TRUE
The Worlds Most Belovedly Annoying Song Gets Remixed By Kids In Cambodia,0,3150,FALSE
Here's The Infographic Your Gas Station Doesn't Want You To See,1,3151,TRUE
Here's The Infographic Your Gas Station Doesn't Want You To See,0,3152,FALSE
Here's The Infographic Your Gas Station Really Doesn't Want You To See,1,3153,TRUE
Here's The Infographic Your Gas Station Doesn't Want You To See,0,3154,FALSE
"Meet The Wannabe New Barbie, No Longer Burdened With Those Unattainable Alien-Like Legs",1,3155,TRUE
"Meet The Wannabe New Barbie, No Longer Burdened With Those Unattainable Alien-Like Legs",0,3156,FALSE
"If this is how the nice kids think, imagine how the not-so-nice ones feel ",1,3157,TRUE
Holy Crap. What Are We Accidentally Teaching Our Kids?,0,3158,FALSE
"If this is how the nice kids think, imagine how the not-so-nice ones feel ",1,3159,TRUE
"If this is how the nice kids think, imagine how the not-so-nice ones feel ",0,3160,FALSE
"If this is how the nice kids think, imagine how the not-so-nice ones feel ",1,3161,TRUE
"If this is how the nice kids think, imagine how the not-so-nice ones feel ",0,3162,FALSE
One Girl Had A Mission To Show Everyone They Were Beautiful. Here's Her Story.,1,3163,TRUE
One Girl Had A Mission To Show Everyone They Were Beautiful. Here's Her Story.,0,3164,FALSE
"By The Time He’s Done Brushing His Teeth, This Kid Will Be Dead. It's Pretty Cool.  ",1,3165,TRUE
What Ends Up Killing This Kid In The End? Only Time Will Tell.,0,3166,FALSE
"By The Time He’s Done Brushing His Teeth, This Kid Will Be Dead. It's Pretty Cool.",1,3167,TRUE
"By The Time He’s Done Brushing His Teeth, This Kid Will Be Dead. It's Pretty Cool.",0,3168,FALSE
Those Teachers Enjoying 3 Months Of Paid Time Off? Let's Put That Into Perspective...,1,3169,TRUE
Those Teachers Enjoying 3 Months Of Paid Time Off? Let's Put That Into Perspective...,0,3170,FALSE
Meet 4 Kenyan Women Who Want You To Keep Your 'Poverty Porn' To Yourself,1,3171,TRUE
What's Unusual About The Messaging For This African Charity?,0,3172,FALSE
"If You Know Nothing About Keystone XL, Here's An Adorable Animation You Should Watch",1,3173,TRUE
"If You Know Nothing About Keystone XL, Here's An Adorable Animation You Should Watch",0,3174,FALSE
The Real Number Of Hours Teachers Work In One Eye-Opening Graphic,1,3175,TRUE
The Real Number Of Hours Teachers Work In One Eye-Opening Graphic,0,3176,FALSE
When's The Last Time You Heard Someone Being This Candid About What Happened To American Families?,1,3177,TRUE
One Of These Broadcast Legends Tackles Our Problems Head-On. The Other Makes Us Laugh About Them.,0,3178,FALSE
A Little Girl's Moment Of Courage Captured On Camera Is The Reason We Need To Look After Each Other,1,3179,TRUE
A Little Girl's Moment Of Courage Captured On Camera Is The Reason We Need To Look After Each Other,0,3180,FALSE
"She Did Well In School And Had Plans To Be A Doctor, So The U.S. Gov’t Took The Next Logical Step",1,3181,TRUE
"This Teen Wants To Help Cancer Patients, So OBVIOUSLY Deporting Her Totally Makes Sense",0,3182,FALSE
"She Did Well In School And Had Plans To Be A Doctor, So The U.S. Gov’t Took The Next Logical Step",1,3183,TRUE
"She Did Well In School And Had Plans To Be A Doctor, So The U.S. Gov’t Took The Next Logical Step",0,3184,FALSE
Watch A Religious Man Eloquently Explain What Everyone Missed About The Trayvon Martin Case,1,3185,TRUE
Watch A Religious Man Eloquently Explain What Most Of Us Missed About The Trayvon Martin Case,0,3186,FALSE
A Wrestler Who Can't Walk And His Best Friend Who Can't See Decided To Blow Your Mind,1,3187,TRUE
A Wrestler Who Can't Walk And His Best Friend Who Can't See Decided To Blow Your Mind,0,3188,FALSE
"He Has No Legs. HIs Best Friend Is Blind. Between Them, They Win At Everything They Touch.",1,3189,TRUE
He Was Hit By A Train And Got Up. What More Do You Need To Know?,0,3190,FALSE
Watch A Preacher Succinctly Explain What Everyone Missed About The Trayvon Martin Case,1,3191,TRUE
Watch A Preacher Succinctly Explain What Everyone Missed About The Trayvon Martin Case,0,3192,FALSE
I'm Actually Comfortable With These People Hacking The Government,1,3193,TRUE
I'm Actually Comfortable With These People Hacking The Government,0,3194,FALSE
Meet 4 Kenyan Women Who Want You To Keep Your 'Poverty Porn' To Yourself,1,3195,TRUE
Meet 4 Kenyan Women Who Want You To Keep Your 'Poverty Porn' To Yourself,0,3196,FALSE
"He Has No Legs. HIs Best Friend Is Blind. Together, They Win At Everything They Set Their Minds To.",1,3197,TRUE
"He Has No Legs. HIs Best Friend Is Blind. Together, They Win At Everything.",0,3198,FALSE
Everything You Need To See To Convince You That Global Warming Is Happening (In 13 Seconds),1,3199,TRUE
Everything You Need To See To Convince You That Global Warming Is Happening (In 13 Seconds),0,3200,FALSE
Meet 4 Kenyan Women Who Want You To Keep Your 'Poverty Porn' To Yourself,1,3201,TRUE
Meet 4 Kenyan Women Who Want You To Keep Your 'Poverty Porn' To Yourself,0,3202,FALSE
The Men Who Fought This Law Wore White Robes. The Folks Dismantling It Wear Black Ones.,1,3203,TRUE
FAST FACTS: Learn About The 148-Year Journey Of The Voting Rights Act In Only 3 Minutes,0,3204,FALSE
"Why Did This Police Chief Apologize For Something He Didn’t Do, 50 Years After It’d Happened?",1,3205,TRUE
"Why Did This Police Chief Apologize For Something He Didn’t Do, 50 Years After It’d Happened?",0,3206,FALSE
"Brown Bear, Brown Bear, What Do You See? I See Louis C.K. Sticking Up For Me.",1,3207,TRUE
"Brown Bear, Brown Bear, What Do You See? I See Louis C.K. Sticking Up For Me.",0,3208,FALSE
"You Know That Stupid, Sexist Music Video That Robin Thicke Made? This One Is More Disturbing.",1,3209,TRUE
"You Know That Stupid, Sexist Music Video That Robin Thicke Made? This One Is More Disturbing.",0,3210,FALSE
"If You Know Nothing About Keystone XL, Here's An Adorable Animation You Should Watch",1,3211,TRUE
"If You Know Nothing About Keystone XL, Here's An Adorable Animation You Should Watch",0,3212,FALSE
Your Ketchup Has A Terrible Secret It's Keeping All Bottled Up,1,3213,TRUE
Sugar Is Hiding So Well These Days You'd Think It's A Horcrux,0,3214,FALSE
Why Do All The Girls That Save The Day Only Look A Certain Way?,1,3215,TRUE
Why Do All The Girls That Save The Day Only Look A Certain Way?,0,3216,FALSE
"If You Know Nothing About Keystone XL, Here's An Adorable Animation You Should Watch",1,3217,TRUE
"If You Know Nothing About Keystone XL, Here's An Adorable Animation You Should Watch",0,3218,FALSE
"Yes, What You're Seeing Here Are ACTUAL Alternatives To Health Care Reform.",1,3219,TRUE
"Yes, What You're Seeing Here Are ACTUAL Alternatives To Health Care Reform.",0,3220,FALSE
Everything You Need To See To Convince You That Global Warming Is Happening (In 13 Seconds),1,3221,TRUE
Everything You Need To See To Convince You That Global Warming Is Happening (In 13 Seconds),0,3222,FALSE
A Classic Scene From 'It's A Wonderful Life' That Is Just As Relevant Today,1,3223,TRUE
"If You've Tried To Buy A House In The Last 5 Years, You Might Be Cheering For George Bailey Right Here",0,3224,FALSE
"Yes, What You're Seeing Here Are ACTUAL Alternatives To Health Care Reform.",1,3225,TRUE
"Yes, What You're Seeing Here Are ACTUAL Alternatives To Health Care Reform.",0,3226,FALSE
The Government Has A Sexy Little Music Video They'd Prefer You Don't Watch. EVER.,1,3227,TRUE
The Government Has A Sexy Little Music Video They'd Prefer You Didn't Watch,0,3228,FALSE
Stephen Fry Confesses Into a Webcam What He Really Feels About Being Gay,1,3229,TRUE
Stephen Fry Confesses Into a Webcam What He Really Feels About Being Gay,0,3230,FALSE
The Difference Between Global Warming Skeptics And Normal People,1,3231,TRUE
The Logical Conclusion For A Global Warming Skeptic Vs. What They Actually Do,0,3232,FALSE
"For Someone Who 'Lives' Online, This Poet’s Rant Was A Good Reminder To Keep My IRL Friends Close",1,3233,TRUE
"For Someone Who 'Lives' Online, This Poet’s Rant Was A Good Reminder To Keep My IRL Friends Close",0,3234,FALSE
The Most Anti-Gay Airline In The Entire World Has A New Safety Video,1,3235,TRUE
The Most Anti-Gay Airline In The Entire World Has A New Safety Video,0,3236,FALSE
Rachel Maddow Connects The Dots. Only The Dots Are Women’s Rights. And They’re Disappearing.,1,3237,TRUE
When Are These Legislators Going To Stop Exploiting Their Power At The Expense Of Women?,0,3238,FALSE
Finally – A Graph That Explains Why We’re Not Getting Anywhere On Climate Change,1,3239,TRUE
Finally – A Graph That Explains Why We’re Not Getting Anywhere On Climate Change,0,3240,FALSE
"The Good News Is, We Know What The Problem Is. The Bad News Is, WTF?",1,3241,TRUE
"The Good News Is, We Know What The Problem Is. The Bad News Is, WTF?",0,3242,FALSE
Why Anger Often Replaces The Many Other Emotions That Men Have,1,3243,TRUE
"As A Teenager, The Worst Thing To Be Called Was A Girl. As An Adult, I'm Seeing What A Problem That Is",0,3244,FALSE
Watch And Learn: How To Roll Down Your Window And Deliver A Fantastic Response To An A**hole,1,3245,TRUE
This Parks And Rec Star Totally Got The Last Word When She Was Disrespected At A Red Light,0,3246,FALSE
"Armed With A Glass Of Water And Some Cold-Hard Facts, This Guy Blows Up The Debate On Islam",1,3247,TRUE
"Meet Islam’s Most Eloquent Defender
",0,3248,FALSE
"It Might Look Like A Bunch Of Scribbles, But It’s Actually Packed With Buckets Of Wisdom",1,3249,TRUE
"It Might Look Like A Bunch Of Scribbles, But It’s Actually Packed With Buckets Of Wisdom",0,3250,FALSE
"I’ll Puke If One More Politician Swears The Children Are The Future, And This Infographic Is Why",1,3251,TRUE
I Don’t Think The College System Is Supposed To Function Like A Pair Of Cement Shoes,0,3252,FALSE
"It Might Look Like A Bunch Of Scribbles, But It’s Actually Packed With Buckets Of Wisdom",1,3253,TRUE
"It Might Look Like A Bunch Of Scribbles, But It’s Actually Packed With Buckets Of Wisdom",0,3254,FALSE
"If Men Have So Much Power In The World, How Is This 'Boy Crisis' Even A Thing?",1,3255,TRUE
"Nobody Fits A Mold, So Why Should We Expect Half The Population To Fill One?",0,3256,FALSE
Parents Claim To Have Eyes On The Backs Of Their Heads. Remember That Kids Have Eyes On The Front.,1,3257,TRUE
One Of The Few Times Saying 'They're Always Watching You' Isn't Creepy,0,3258,FALSE
"Compassion And Empathy Are Nice And All, But Sometimes, They Don't Do A Thing",1,3259,TRUE
"Compassion And Empathy Are Nice And All, But Sometimes, They Don't Do A Thing",0,3260,FALSE
Men: The More Powerful Sex Or The More Repressed Sex?,1,3261,TRUE
Men: The More Powerful Sex Or The More (Emotionally) Repressed One?,0,3262,FALSE
"Compassion And Empathy Are Nice And All, But Sometimes, They Don't Do A Thing",1,3263,TRUE
"Compassion And Empathy Are Nice And All, But Sometimes, They Don't Do A Thing",0,3264,FALSE
The Problem Facing Young Men That Needs To Become A Household Conversation,1,3265,TRUE
The Problem Facing Young Men That Needs To Become A Household Conversation,0,3266,FALSE
Consider This Trashy Fact Before Digging Into Your Next Seafood Feast,1,3267,TRUE
What Do You Have To Do With The Junk In Not-So-Free Willy's Trunk?,0,3268,FALSE
Apparently There Is A Question That A Large Majority Of Adults Are Incredibly Afraid To Ask,1,3269,TRUE
The Kind Of Game You Might Just Lose Because You Were Trying To Be Nice,0,3270,FALSE
Apparently There Is A Question That A Large Majority Of Adults Are Incredibly Afraid To Ask,1,3271,TRUE
Apparently There Is A Question That A Large Majority Of Adults Are Incredibly Afraid To Ask,0,3272,FALSE
Consider This Trashy Fact Before Digging Into Your Next Seafood Feast,1,3273,TRUE
Consider This Trashy Fact Before Digging Into Your Next Seafood Feast,0,3274,FALSE
What Could Make An Entire Room Full Of Football Players So Emotional?,1,3275,TRUE
If A Football Coach Can Make ME Feel So Emotional...,0,3276,FALSE
Burglars In Your House? Here Are Some Things You Can Do While You Wait For Them To Leave,1,3277,TRUE
Here Are Some Things You Can Do While You Wait For Burglars To Leave Your House,0,3278,FALSE
Burglars In Your House? Here Are Some Things You Can Do While You Wait For Them To Leave,1,3279,TRUE
Burglars In Your House? Here Are Some Things You Can Do While You Wait For Them To Leave,0,3280,FALSE
Don’t Make The Mistake I Made. Read Title Carefully. He’s Not A Coffee Maker.,1,3281,TRUE
"He Won’t Help You Carry Someone You Love, But He’ll Do Most Of The Work",0,3282,FALSE
Apparently There Is A Question That A Large Majority Of Adults Are Incredibly Afraid To Ask,1,3283,TRUE
Apparently There Is A Question That A Large Majority Of Adults Are Incredibly Afraid To Ask,0,3284,FALSE
Some College Seniors Get Drunk and Jaded. This One Got Inspired And Arrested.,1,3285,TRUE
How One Ordinary Guy Took On The U.S. Government And Helped Inspire A Movement,0,3286,FALSE
"A Muslim Scholar Writes A Book About Jesus, And This Newscaster's Brain Explodes",1,3287,TRUE
"A Muslim Scholar Writes A Book About Jesus, And This Newscaster's Brain Explodes",0,3288,FALSE
Missed Obama’s Major Announcement On Climate Change? Shoulda Been Watching Jon Stewart.,1,3289,TRUE
Missed Obama’s Major Announcement On Climate Change? Shoulda Been Watching Jon Stewart.,0,3290,FALSE
An Awful Tabloid Decided To Review Her Lady Parts Instead Of Her Music. So She Responded Awesomely.,1,3291,TRUE
An Awful Tabloid Decided To Review Her Lady Parts Instead Of Her Music. So She Responded Awesomely.,0,3292,FALSE
Because The Way We've Been Talking About Gettin' It On Is Turnin' Me Off,1,3293,TRUE
Because The Way We've Been Talking About Gettin' It On Is Turnin' Me Off,0,3294,FALSE
Here's Something You May Scroll Past Because You Wouldn't Want To See The Horrifying Reality,1,3295,TRUE
"Blood Is Water, Bombs Are Toys, And Children Are Doctors. Unbelievable.",0,3296,FALSE
Watch A Retired Teacher Shatter What's Left Of A Politician's Mayoral Campaign In Under 2 Minutes,1,3297,TRUE
Retired Teacher Asks Sexting Politician The Question We All Wish He'd Answer. Accountability Ensues.,0,3298,FALSE
A Celebrity Couple Are Hounded By Paparazzi As They Walk Down The Street. Their Response Is Superb.,1,3299,TRUE
A Celebrity Couple Are Hounded By Paparazzi And Decide To Respond In A Wonderful Way.,0,3300,FALSE
Watch A Retired Teacher Shatter What's Left Of A Politician's Mayoral Campaign In Under 2 Minutes,1,3301,TRUE
Watch A Retired Teacher Shatter What's Left Of A Politician's Mayoral Campaign In Under 2 Minutes,0,3302,FALSE
Because The Way We've Been Talking About Gettin' It On Is Turnin' Me Off,1,3303,TRUE
Because The Way We've Been Talking About Gettin' It On Is Turnin' Me Off,0,3304,FALSE
A Celebrity Couple Are Hounded By Paparazzi As They Walk Down The Street. Their Response Is Superb.,1,3305,TRUE
A Celebrity Couple Are Hounded By Paparazzi As They Walk Down The Street. Their Response Is Superb.,0,3306,FALSE
You'd Think He's Creepy If I Told You What He Did. So I'll Let Him Explain.,1,3307,TRUE
I Never Would've Watched This Video Had I Not Thought It Said 'Coffee Maker'. But I'm Glad I Did.,0,3308,FALSE
A Geek Mom Asked A Celebrity Nerd To Give Her Baby Geek Some Wisdom. Set Phasers To Heartwarming.,1,3309,TRUE
The Nerdy Kid From Star Trek Just Beamed Tears Onto My Face With His Inspiring Words For A Baby Geek,0,3310,FALSE
What Advice Could Make A Locker Room Full Of Football Players So Emotional?,1,3311,TRUE
What Advice Has A Locker Room Full Of Football Players Overcome With Emotion?,0,3312,FALSE
You Can See Her Groundbreaking Joy In Every Note She Sings,1,3313,TRUE
"Euphony: (n.) Wonderful Sounds. Now That You Know, You Can Describe These Trailblazing Ladies Right.",0,3314,FALSE
"If This Unconventional Educator Had His Way, No Student Would Ever Be Uniform Again",1,3315,TRUE
To Act Against Conformity Is To Keep The World An Interesting And Amazing Place,0,3316,FALSE
Anyone Could Make This Mistake. The Fact It Happens All The Time Is Frightening.,1,3317,TRUE
Anyone Could Make This Mistake. The Fact It Happens All The Time Is Frightening.,0,3318,FALSE
You Can See Her Groundbreaking Joy In Every Note She Sings,1,3319,TRUE
This Pioneer For Women Uses Her Heart As Much Her Lungs To Make Beautiful Music,0,3320,FALSE
This Is What It Looks Like When The King Of The Of Nerds Gives Your Infant Daughter A Pep Talk,1,3321,TRUE
A Geek Mom Asked A Celebrity Nerd To Give Her Baby Geek Some Wisdom. Set Phasers To Heartwarming.,0,3322,FALSE
"If You Still Don't Think We Need Feminism, You Should Know These Girls Were Bullied For These Signs",1,3323,TRUE
"If You Still Don't Think We Need Feminism, You Should Know These Girls Were Bullied For These Signs",0,3324,FALSE
Because The Way We've Been Talking About Gettin' It On Is Turnin' Me Off,1,3325,TRUE
Because The Way We've Been Talking About Gettin' It On Is Turnin' Me Off,0,3326,FALSE
This Is What It Looks Like When The King Of The Nerds Gives Your Infant Daughter A Pep Talk,1,3327,TRUE
This Is What It Looks Like When The King Of The Nerds Gives Your Infant Daughter A Pep Talk,0,3328,FALSE
Her Dad Thinks Being Gay Was Her Choice. The Words She Said Back? Couldn't Have Chosen Them Better.,1,3329,TRUE
Her Dad Thinks Being Gay Was Her Choice. The Words She Said Back? Couldn't Have Chosen Them Better.,0,3330,FALSE
"If You Still Don't Think We Need Feminism, You Should Know These Girls Were Bullied For These Signs",1,3331,TRUE
"If You Still Don't Think We Need Feminism, You Should Know These Girls Were Bullied For These Signs",0,3332,FALSE
They Ate At 50 Schools In The Name Of Progress. Bless Their Souls.,1,3333,TRUE
They Ate At 50 Schools In The Name Of Progress. Bless Their Souls.,0,3334,FALSE
Because The Way We've Been Talking About Gettin' It On Is Turnin' Me Off,1,3335,TRUE
Because The Way We've Been Talking About Gettin' It On Is Turnin' Me Off,0,3336,FALSE
Some Geek Boys Called These Geek Girls 'Fake.' They Won't Make That Mistake Again.,1,3337,TRUE
"Hey, Cool. A Music Video About My Life. Featuring People I Want To Be Friends With.",0,3338,FALSE
INFOGRAPHIC: How Could This Happen To 28% Of Kids On Our Watch?,1,3339,TRUE
How To Help A Quarter Of Kids Have A Better Life,0,3340,FALSE
"If You Still Don't Think We Need Feminism, You Should Know These Girls Were Bullied For These Signs",1,3341,TRUE
"If You Still Don't Think We Need Feminism, You Should Know These Girls Were Bullied For These Signs",0,3342,FALSE
"Stephen Colbert's Scathing, Hilarious Response To McDonald's McMinimum Wage Budget",1,3343,TRUE
"HILARIOUS! Instead Of Raising Wages, McDonald's Offers A McBudget.",0,3344,FALSE
Meet 7 Families That Will Make You Believe You Can Do So Much More With Your Groceries,1,3345,TRUE
Meet 7 Families That Will Make You Believe You Can Do So Much More With Your Groceries,0,3346,FALSE
"Give Me One Minute Of Your Time And I Guarantee You'll Think Differently About Your Trash Forever
",1,3347,TRUE
It Takes Less Than A Minute To Change How You Look At Your Trash,0,3348,FALSE
"Stephen Colbert's Scathing, Hilarious Response To McDonald's McMinimum Wage Budget",1,3349,TRUE
"Stephen Colbert's Scathing, Hilarious Response To McDonald's McMinimum Wage Budget",0,3350,FALSE
A Celebrity Couple Are Hounded By Paparazzi As They Walk Down The Street. Their Response Is Superb.,1,3351,TRUE
A Celebrity Couple Are Hounded By Paparazzi As They Walk Down The Street. Their Response Is Superb.,0,3352,FALSE
"If You Still Don't Think We Need Feminism, You Should Know These Girls Were Bullied For These Signs",1,3353,TRUE
"If You Still Don't Think We Need Feminism, You Should Know These Girls Were Bullied For These Signs",0,3354,FALSE
A Celebrity Couple Are Hounded By Paparazzi As They Walk Down The Street. Their Response Is Superb.,1,3355,TRUE
A Celebrity Couple Are Hounded By Paparazzi As They Walk Down The Street. Their Response Is Superb.,0,3356,FALSE
"If You Still Don't Think We Need Feminism, You Should See The Signs These Girls Were Bullied For",1,3357,TRUE
"If You Still Don't Think We Need Feminism, You Should Know These Girls Were Bullied For Their Signs",0,3358,FALSE
Can You Believe Some Condescending Geek Guys Think These Brilliant Geek Girls Aren't 'Real'?,1,3359,TRUE
"I'd List All The Nerdy Stuff I Like, But Oh Wait — I've Got Nothing To Prove",0,3360,FALSE
This Country Killed A 16-Year-Old American Boy And Wouldn't Explain Why. Guess Which One.,1,3361,TRUE
Once Upon A Time A Country Killed A 16-Year-Old American Boy And Wouldn't Say Why. Guess Which One.,0,3362,FALSE
These Photos Make A Thought-Provoking Point About Something You Probably Just Did A Few Seconds Ago,1,3363,TRUE
These Photos Make A Thought-Provoking Point About Something You Probably Just Did A Few Seconds Ago,0,3364,FALSE
The Way We've Been Talking About Gettin' It On Is Turnin' Me Off,1,3365,TRUE
Because The Way We've Been Talking About Gettin' Down Is Turnin' Me Off,0,3366,FALSE
WOW! Best Use Of Ad Space I Have Ever Seen.,1,3367,TRUE
Probably The Coolest Way To Squeeze Every Available Resource I’ve Ever Seen,0,3368,FALSE
Some Geek Boys Called These Geek Girls 'Fake.' They Won't Make That Mistake Again.,1,3369,TRUE
"Don't Let The Dulcet Tones Fool You, These Girls Have Had ENOUGH Of Being Called 'Fake'",0,3370,FALSE
Desmond Tutu Would Rather Go To Hell Than Not Have This Heaven,1,3371,TRUE
Desmond Tutu Thinks That What We're Fighting Against Here Is As Important As Apartheid.,0,3372,FALSE
"I'd Ask You To Like This Photo If You Agree With It, But Then I Think That Proves The Photo Right",1,3373,TRUE
"I'd Ask You To Like This Photo If You Agree With It, But Then I Think That Proves The Photo Right",0,3374,FALSE
The Fact That I Thought These Were Real Should Scare Us All,1,3375,TRUE
The Fact That I Thought These Were Real Almost Made Me Give Up On Life.,0,3376,FALSE
What World Do We Live In When Even An Act Of Kindness Faces This Kind of Discrimination?,1,3377,TRUE
What World Do We Live In When Even An Act Of Kindness Faces This Kind of Discrimination?,0,3378,FALSE
Some Geek Boys Called These Geek Girls 'Fake.' They Won't Make That Mistake Again.,1,3379,TRUE
Some Geek Boys Called These Geek Girls 'Fake.' They Won't Make That Mistake Again.,0,3380,FALSE
Some Geek Boys Called These Geek Girls 'Fake.' They Certainly Won't Be Making That Mistake Again.,1,3381,TRUE
Some Geek Boys Called These Geek Girls 'Fake.' They Certainly Won't Be Making That Mistake Again.,0,3382,FALSE
This Country Killed A 16-Year-Old American Boy And Wouldn't Explain Why. Guess Which One.,1,3383,TRUE
This Country Killed A 16-Year-Old American Boy And Wouldn't Explain Why. Guess Which One.,0,3384,FALSE
The Fact That These Are Fake Is Hilarious. The Fact We Thought They Were Real Is Disturbing.,1,3385,TRUE
The Fact That You Thought These Were Real Should Scare Us All,0,3386,FALSE
The Fact That These Are Fake Is Hilarious. The Fact We Thought They Were Real Is Disturbing.,1,3387,TRUE
The Fact That This Is Fake Is Hilarious. The Fact We Thought It Was Real Is Disturbing.,0,3388,FALSE
What Happens When You Give A Teacher Superpowers? You Probably Aren't Expecting This.,1,3389,TRUE
What Happens When You Give A Teacher Superpowers? You Probably Aren't Expecting This.,0,3390,FALSE
You Know How This Is Going To End The Whole Way Through. And That Spoils Nothing.,1,3391,TRUE
"You May Have Seen Every Movie Made, But I Guarantee You Haven't Seen This One",0,3392,FALSE
What Happens When You Give A Teacher Superpowers? This Might Not Be What You Expect.,1,3393,TRUE
What Happens When You Give A Teacher Superpowers? This Might Not Be What You Expect.,0,3394,FALSE
The Fact That These Ads Are Fake Is Hilarious. That Everyone Thought They Are Real Is Disconcerting.,1,3395,TRUE
The Fact That These Ads Are Fake Is Hilarious. That Everyone Thought They Are Real Is Disconcerting.,0,3396,FALSE
A Country Killed A 16-Year-Old American Boy And Wouldn't Explain Why. Guess Which One.,1,3397,TRUE
This Country Killed A 16-Year-Old American Boy And Wouldn't Explain Why. Guess Which One.,0,3398,FALSE
Liam Neeson Is Here To Remind Us Pain Doesn't Go Away Just Because You Don't See It,1,3399,TRUE
"We All Want To Make This Invisible Problem Visible So We Can End It. Here Look, Liam Neeson Agrees.",0,3400,FALSE
"When A Parent Plans To Raise A Boy Into A Man And It Doesn’t Go As Planned, What Happens Next?",1,3401,TRUE
"When A Parent Plans To Raise A Boy Into A Man And It Doesn’t Go As Planned, What Happens Next?",0,3402,FALSE
Someone Has To Stop All These White People From Ruining Everything,1,3403,TRUE
What Is It Gonna Take To Get White Leaders To Stand Up And Condemn These White Thugs?,0,3404,FALSE
Some Facts That Would Really Help Next Time Your Uncle Wants To Talk About Welfare Fraud,1,3405,TRUE
Six Facts About One Social Program That Might Surprise You,0,3406,FALSE
"If White People Don't Deal With This Issue, Then It's All Their Fault When It Happens Again",1,3407,TRUE
Why Don't More White People Speak Out About White On White Crime,0,3408,FALSE
Dear White People: You Are An Embarrassment To The Rest Of The White People,1,3409,TRUE
I'm Tired Of Being Scared That White People Could Riot At Any Moment,0,3410,FALSE
Dear White People: You Need To Do Something About Some Of Your Scarier White People,1,3411,TRUE
People Should Stop Being So Afraid Of White People. They Aren't As Scary As You Think.,0,3412,FALSE
"Liam Neeson Is Waking Us Up To The Painful Truth About Our Children That We Can't See
",1,3413,TRUE
Liam Neeson Wants Us To Turn This Invisible Painful Truth About Our Children Visible,0,3414,FALSE
Dear White People: You Need To Do Something About Some Of Your Scarier White People,1,3415,TRUE
Dear White People: You Need To Do Something About Some Of Your Scarier White People,0,3416,FALSE
Liam Neeson Is Waking Us Up To The Painful Truth About Our Children That We Can't See,1,3417,TRUE
Liam Neeson Is Waking Us Up To The Painful Truth About Many Children That We Can't See,0,3418,FALSE
Dear White People: You Need To Do Something About Some Of Your Angrier White People,1,3419,TRUE
Dear White People: You Need To Do Something About Some Of Your Scarier White People,0,3420,FALSE
A Mom Had Plans To Raise Her Boy Into A Man. But That Didn't Quite Work Out.,1,3421,TRUE
A Mom Had Plans To Raise Her Boy Into A Man. But That Didn't Quite Work Out.,0,3422,FALSE
"When Someone Comes Out, What Do You Do When You Want To Know What’s Wrong With You?",1,3423,TRUE
Hearing 'You’re Not Alone' When Someone Comes Out Is Important. Especially Under Some Circumstances.,0,3424,FALSE
Dear White People: Could You Please Do Something About Your Scarier White People?,1,3425,TRUE
Dear White People: Could You Please Do Something About Your More Ragetacular White People?,0,3426,FALSE
Dear White People: Could You Please Do Something About Your Scarier White People?,1,3427,TRUE
Dear White People: You Need To Do Something About Some Of Your Scarier White People,0,3428,FALSE
This Dude Just Used Jelly Beans To Convince Me To Really Live My Life To The Fullest,1,3429,TRUE
This Jelly Bean Analogy Of My Life Makes Me Hungry For More Adventures,0,3430,FALSE
"When Someone Comes Out, What Do You Do When You Want To Know What’s Wrong With You?",1,3431,TRUE
"When Someone Comes Out, What Do You Do When You Want To Know What’s Wrong With You?",0,3432,FALSE
Usually Tampon Ads Give Me Cramps And A Headache. This One Makes Me Smile.,1,3433,TRUE
Usually Tampon Ads Give Me Cramps And A Headache. This One Makes Me Smile.,0,3434,FALSE
Is There Even A 'Right' Way To React When Your Dad Tells You He's Gay?,1,3435,TRUE
Is There Even A 'Right' Way To React When Your Dad Tells You He's Gay?,0,3436,FALSE
This Dude Just Used Jelly Beans To Convince Me To Live My Life To The Fullest,1,3437,TRUE
This Dude Just Used Jelly Beans To Convince Me To Live My Life To The Fullest,0,3438,FALSE
"You've Probably Already Seen The Ending, But You'll Never Guess How It Ends",1,3439,TRUE
"You've Probably Already Seen The Ending, But You'll Never Guess How It Ends",0,3440,FALSE
"View Of Two Lives On The Same Planet, But In Different Worlds",1,3441,TRUE
What Happens When Worlds Collide? It’s Not So Bad.,0,3442,FALSE
Know Someone Who Has More Likes Than Friends? This Man Has A Few Words For You.,1,3443,TRUE
Your Real Life Friends Will Enjoy This Passionate Plea,0,3444,FALSE
Know Someone Who Has More Likes Than Friends? This Man Has A Few Words For Them.,1,3445,TRUE
More iChat Than Eye Contact?,0,3446,FALSE
Know Someone Who Has More Likes Than Friends? This Man Has A Few Words For Them.,1,3447,TRUE
Know Someone Who Has More Likes Than Friends? This Man Has A Few Words For Them.,0,3448,FALSE
"Watch One Community's Response To Fear, Terror, And Hatred - You'll Be In Tears",1,3449,TRUE
Watch How One Community Turns A Message Of Hate Into One Of Love,0,3450,FALSE
Split Screen Look At Growing Up Rich Vs. Growing Up Poor,1,3451,TRUE
Two Lives. Same Planet. Completely Different Worlds.,0,3452,FALSE
"Sticks And Stones May Break Her Bones, But Words Can Always Hurt Her",1,3453,TRUE
"Sticks And Stones May Break Her Bones, But Words Can Always Hurt Her",0,3454,FALSE
This Little Girl's Words Will Take You To A Dark Place So We Can See The Light,1,3455,TRUE
"Sticks And Stones May Break Her Bones, But Words Can Always Hurt Her",0,3456,FALSE
"Pixar Doesn't Make NSA Adverts, But If They Did, They'd Look Like These 20 Seconds",1,3457,TRUE
"Pixar Doesn't Make NSA Adverts, But If They Did, They'd Look Like These 20 Seconds",0,3458,FALSE
500 Young Folks Went To Turkey To Get Riled Up. Now It's Your Turn.,1,3459,TRUE
500 Young Folks Went To Turkey To Get Riled Up. Now It's Your Turn.,0,3460,FALSE
Could Learning This Convoluted Dance Really Be A Matter Of Life And Death?,1,3461,TRUE
Could Learning This Convoluted Dance Really Be A Matter Of Life And Death?,0,3462,FALSE
A Quick Remedy If You've Lost Hope In The Ones Fighting For Our Future,1,3463,TRUE
A Quick Remedy If You've Lost Hope In The Ones Fighting For Our Future,0,3464,FALSE
"If You Want To Be Inspired By Failure, Here's The Graduation Speech For You",1,3465,TRUE
Being Nice Is Kind Of Hard. So You Might Want To Start Working On It Now.,0,3466,FALSE
A Quick Remedy If You've Lost Hope In The Ones Fighting For Our Future,1,3467,TRUE
A Quick Remedy If You've Lost Hope In The Ones Fighting For Our Future,0,3468,FALSE
"At McDonald's, The Food Is Not Quite Real. Now, The Paychecks Aren't Either.",1,3469,TRUE
Rent: $600. Food: $200. Getting Paid With A Debit Card That Charges Huge Fees? Priceless.,0,3470,FALSE
Could Learning This Convoluted Dance Really Be A Matter Of Life And Death?,1,3471,TRUE
Could Learning This Convoluted Dance Really Be A Matter Of Life And Death?,0,3472,FALSE
"It's Heartbreaking To See People Complain About the First Half Of This Test, But Not The Second",1,3473,TRUE
"Next Time You Complain About Your Neighbors, Make Sure It's For The Right Reason


",0,3474,FALSE
"I Think Many Women Will Agree With What She Thinks Is The Worst Thing We Do To Girls
",1,3475,TRUE
Girls Shouldn't Feel Guilty For Being Born A Girl. Yet Why Are So Many Made To Feel That Way?,0,3476,FALSE
Could Learning This Convoluted Dance Really Be A Matter Of Life And Death?,1,3477,TRUE
Could Learning This Convoluted Dance Really Be A Matter Of Life And Death?,0,3478,FALSE
Could Learning This Convoluted Dance Really Be A Matter Of Life And Death?,1,3479,TRUE
Could Learning This Convoluted Dance Really Be A Matter Of Life And Death?,0,3480,FALSE
"When The Police Think These Boys Are Dealing Drugs By High-Fiving In Public, Something's Not Right",1,3481,TRUE
"Reality Check: Their Job Is To Protect People, Not Demonize Them
",0,3482,FALSE
"Turns Out, Learning This Convoluted Dance Could Be A Matter Of Life And Death",1,3483,TRUE
Could Learning This Convoluted Dance Really Be A Matter Of Life And Death?,0,3484,FALSE
"At This Spelling Bee, They Could Not Have Asked Him To Spell A Harder Word",1,3485,TRUE
"At This Spelling Bee, They Could Not Have Asked Him To Spell A Harder Word",0,3486,FALSE
"At This Spelling Bee, They Could Not Have Asked Him To Spell A Harder Word",1,3487,TRUE
"At This Spelling Bee, They Could Not Have Asked Him To Spell A Harder Word",0,3488,FALSE
"If This Reality Is So Obvious To Kids, Why Can't Adults Act On It?",1,3489,TRUE
"If This Reality Is So Obvious To Kids, Why Can't Adults Act On It?",0,3490,FALSE
"When Humanity Throws This Kind Of Party, The Confetti Is Killer",1,3491,TRUE
This Particular Circle Of Life Is Getting A Big X Drawn Through It,0,3492,FALSE
Few Things More Beautiful Than These Two Women Singing These 22 Words,1,3493,TRUE
Few Things More Beautiful Than These Two Women Singing These 22 Words,0,3494,FALSE
When A Message In A Bottle Is Also A Death Threat,1,3495,TRUE
When A Message In A Bottle Is Also A Death Threat,0,3496,FALSE
"When You Have Common Sense Like This Guy, Who Needs To Argue With Homophobes?",1,3497,TRUE
A Gay Author Has The Common Sense To Share If You Have The Good Sense To Listen To Him,0,3498,FALSE
Watch This Guy Totally Misspell Father At A Spelling Bee For A Totally Beautiful Reason,1,3499,TRUE
Watch This Guy Totally Misspell Father At A Spelling Bee For A Totally Beautiful Reason,0,3500,FALSE
"You May Think It's Healthy, But This Food's Got Some Tricks Up Its Husk",1,3501,TRUE
"You May Think It's Healthy, But This Food's Got Some Tricks Up Its Husk",0,3502,FALSE
"If This Reality Is So Obvious To Kids, Why Can't Adults Act On It?",1,3503,TRUE
"If This Reality Is So Obvious To Kids, Why Can't Adults Act On It?",0,3504,FALSE
"An Infographic About Malaria That Made Me Happy. No, I'm Not A Psychopath.",1,3505,TRUE
Progress Or Not Enough? You Be The Judge Of How One Disease Is Being Fought,0,3506,FALSE
"He Didn't Do Anything Out Of The Ordinary, But Society Makes It Feel Like He Did.",1,3507,TRUE
"He Didn't Do Anything Out Of The Ordinary, But Society Makes It Feel Like He Did.",0,3508,FALSE
"An Infographic About Malaria That Made Me Happy. No, I'm Not A Psychopath.",1,3509,TRUE
"An Infographic About Malaria That Made Me Happy. No, I'm Not A Psychopath.",0,3510,FALSE
"Turns Out, Learning This Dance Could Be A Matter Of Life And Death",1,3511,TRUE
"Which Is More Of A Pickle: Being A Teen, Or Critters Facing Climate Change?",0,3512,FALSE
Martin Luther King Had An Amazing Way With Words. Here's A Powerful Example That's Rarely Seen.,1,3513,TRUE
Martin Luther King Had An Amazing Way With Words. Here's A Powerful Example That's Rarely Seen.,0,3514,FALSE
"When You Have Common Sense Like This Guy, Who Needs To Argue With Homophobes?",1,3515,TRUE
"When You Have Common Sense Like This Guy, Who Needs To Argue With Homophobes?",0,3516,FALSE
"When You Have Common Sense Like This Guy, Who Needs To Argue With Homophobes?",1,3517,TRUE
"When You Have Common Sense Like This Guy, Who Needs To Argue With Homophobes?",0,3518,FALSE
Loneliness Explained So Vibrantly You Will Need To Tell Someone,1,3519,TRUE
Loneliness Explained So Vibrantly You Will Need To Tell Someone,0,3520,FALSE
"Do These Kids Have Special Truth Vision, Or Are The Rest Of Us Just In Denial?",1,3521,TRUE
"Do These Kids Have Special Truth Vision, Or Are Adults Just In Denial?",0,3522,FALSE
Dear Advertising Agencies: These Are What Your Ads For Women Look Like,1,3523,TRUE
Dear Advertising Agencies: These Are What Your Ads For Women Look Like,0,3524,FALSE
Dear Advertising Agencies: These Are What Your Ads For Women Look Like,1,3525,TRUE
Dear Advertising Agencies: These Are What Your Ads For Women Look Like,0,3526,FALSE
Loneliness Explained So Vibrantly You Will Need To Tell Someone,1,3527,TRUE
Loneliness Explained So Vibrantly You Will Need To Tell Someone,0,3528,FALSE
Dear Advertising Agencies: These Are What Your Ads For Women Look Like,1,3529,TRUE
Dear Advertising Agencies: These Are What Your Ads For Women Look Like,0,3530,FALSE
"No Matter How Nonjudgmental You Are, This Guy Has You Beat",1,3531,TRUE
Is The Ability To See A Disadvantage In Modern Society? I'm Starting To Think So.,0,3532,FALSE
So Humans Can Be Murderers From Thousands Of Miles Away Now?,1,3533,TRUE
So Humans Can Be Murderers From Thousands Of Miles Away Now?,0,3534,FALSE
Loneliness Illustrated So Vibrantly You Will Need To Tell Someone,1,3535,TRUE
OMG! Loneliness Explained So Beautifully You Will Need To Tell Someone,0,3536,FALSE
Dear Advertising Agencies: These Are What Your Ads For Women Look Like,1,3537,TRUE
Dear Advertising Agencies: These Are What Your Ads For Women Look Like,0,3538,FALSE
"Imagine Being Hunted By Rabid Dogs, Except They Are Humans ",1,3539,TRUE
People Are Not Rabid Dogs. So Why Are They Acting Like It?,0,3540,FALSE
Would You Be Able To Guess The Top Five Happiest Careers In The U.S.?,1,3541,TRUE
What Keeps Employees From Bashing In Their Copy Machines With Baseball Bats?,0,3542,FALSE
Why College Students Will Soon Be Screwed As Soon As They Graduate,1,3543,TRUE
Why College Students Will Soon Be Screwed As Soon As They Graduate,0,3544,FALSE
"When People Are Described As ‘Rabid Dogs,’ There Is Definitely Something Wrong",1,3545,TRUE
"When People Are Described As ‘Rabid Dogs,’ There Is Definitely Something Wrong",0,3546,FALSE
"This Boy Lays Out An Experience Most White People Will Never Have To Worry About
",1,3547,TRUE
This Boy Lays Out An Experience Most White People Will Never Have To Fear,0,3548,FALSE
You Should Know That Waste Isn't Just Throwing Things Away,1,3549,TRUE
You Should Know That Waste Isn't Just Throwing Things Away,0,3550,FALSE
They Can’t Escape From Her Tearful Plea For Help ... Because She’s Standing Right In Front Of Them,1,3551,TRUE
She's Standing Right In Front Of The Politician She Hopes Will Listen To Her Tearful Plea,0,3552,FALSE
"Rihanna Just Got Remixed By Some 3rd Graders, Who Want To Send A Message To Their Parents",1,3553,TRUE
"Rihanna Just Got Remixed By Some 3rd Graders, Who Want To Send A Message To Their Parents",0,3554,FALSE
How Waste Isn't Just Throwing Things Away,1,3555,TRUE
You Need To Know Why Waste Isn't Just About Throwing Things Away,0,3556,FALSE
The Amount Of Skeletons In This Trailer Aren't The Most Alarming Part Of What You're About To See,1,3557,TRUE
"I Don't Like Being This Angry, But This Time Being Furious Is For The Birds",0,3558,FALSE
"When People Are Described As ‘Rabid Dogs,’ There Is Definitely Something Wrong",1,3559,TRUE
"When People Are Described As ‘Rabid Dogs,’ There Is Definitely Something Wrong",0,3560,FALSE
A Shark Video That Actually Makes Me Fear For Humanity,1,3561,TRUE
A Shark Video That Actually Makes Me Fear For Humanity,0,3562,FALSE
What's The Word For When Your Government Does Something That Makes You Want To Vomit?,1,3563,TRUE
The US Government Scares A Man Into Shutting His Business Down And That's Not Even The Worst Part,0,3564,FALSE
"Rihanna Just Got Remixed By Some 3rd Graders, Who Want To Send A Message To Their Parents",1,3565,TRUE
A California School District Has A Bada** Plan For Getting Kids To School On Time,0,3566,FALSE
"Rihanna Just Got Remixed By Some 3rd Graders, Who Want To Send A Message To Their Parents",1,3567,TRUE
"Rihanna Just Got Remixed By Some 3rd Graders, Who Want To Send A Message To Their Parents",0,3568,FALSE
A Rapper Just Used His Rap Music Video To Tell The World Something He's Had To Hide Until Now,1,3569,TRUE
This Artist A Damn Good Argument For Why His Music Has A Right To Exist,0,3570,FALSE
One Of These Things Is Not Like The Others' Shouldn't Have Come To Mind When I Viewed A Class Photo,1,3571,TRUE
"The World Would Be A Better Place With Less Of The 'Before' And More Of The ""After'",0,3572,FALSE
A Classist In Switzerland Made A Big Mistake. HUGE.,1,3573,TRUE
Apparently There's No Term For 'Black Billionaire' In Switzerland,0,3574,FALSE
A Classist In Switzerland Made A Big Mistake. HUGE.,1,3575,TRUE
A Classist In Switzerland Made A Big Mistake. HUGE.,0,3576,FALSE
5 Embarrassing Things That I Would Hate To Have In My Obituary,1,3577,TRUE
5 Things You’d Never Guess Are Deadlier Than Sharks,0,3578,FALSE
A Rapper Just Used His Rap Music Video To Tell The World Something He's Had To Hide Until Now,1,3579,TRUE
A Rapper Just Used His Music Video To Tell The World Something He's Been Afraid Say Until Now,0,3580,FALSE
A Classist In Switzerland Made A Big Mistake. HUGE.,1,3581,TRUE
A Classist In Switzerland Made A Big Mistake. HUGE.,0,3582,FALSE
"Jesus Is Back! He's Here, He's teamed up with Moses And Their Protesting For Human Rights",1,3583,TRUE
Jesus And Moses Are Teaming Up To Fight For Human Rights,0,3584,FALSE
Watch What Happens When Hilarious Ladies Turn The Tables On Misogymercials,1,3585,TRUE
Dear Panderscending Advertising Agencies: This Is What Your Ads For Women Look Like,0,3586,FALSE
These Hilarious Women Got Together To Make Fun Of Mansplaining Jerkmercials,1,3587,TRUE
"When Commercials Mansplain Women's Issues, They Deserve To Be Made Fun Of",0,3588,FALSE
Dear Condescending Advertising Agencies: This Is What Your Ads For Women Look Like,1,3589,TRUE
Dear Advertising Agencies: This Is What Your Ads For Women Look Like,0,3590,FALSE
"I'm Not Religious, But This Time I Think We Should Listen To Jesus",1,3591,TRUE
The Real Question About Deportation Is - Would We Kick Moses Out?,0,3592,FALSE
Dear Condescending Advertising Agencies: This Is What Your Ads For Women Look Like,1,3593,TRUE
Dear Condescending Advertising Agencies: This Is What Your Ads For Women Look Like,0,3594,FALSE
"I'm Not Religious, But This Time I Think We Should Listen To Jesus",1,3595,TRUE
"Is this Santa? No, It's Moses, And He Is In BIG Trouble With The Authorities",0,3596,FALSE
"I'm Not Religious, But This Time I Think We Should Listen To Jesus",1,3597,TRUE
"I'm Not Religious, But This Time I Think We Should Listen To Jesus",0,3598,FALSE
A Silly Science Project Gives A Frightening Look At Our Future (And Barbie's),1,3599,TRUE
"Puzzled By Our Frightening Forecast? Barbie's Here To—Oh Wait, She Melted.",0,3600,FALSE
"Watch A Talk Show Host Get Amazingly Profound. Seriously, Just Watch HIm For 3 Minutes.",1,3601,TRUE
"Watch A Talk Show Host Get Amazingly Profound. Seriously, Just Watch HIm For 3 Minutes.",0,3602,FALSE
"Hey, Mansplaining Advertising Agencies: This Is What Your Ads For Women Look Like",1,3603,TRUE
Dear Advertising Agencies: If Your Ads For Women Look Like This You're Making Misogymercials,0,3604,FALSE
A Silly Science Project Gives A Frightening Look At Our Future (And Barbie's),1,3605,TRUE
A Silly Science Project Gives A Frightening Look At Our Future (And Barbie's),0,3606,FALSE
Many Women Will Agree With What She Says Is The Worst Thing We Do To Girls,1,3607,TRUE
Is What She Says The Worst Thing We Do To Girls?,0,3608,FALSE
Here's The Worst Thing We Do To Girls. Many Women Will Agree With Her.,1,3609,TRUE
Many Women Will Agree With What She Says Is The Worst Thing We Do To Girls,0,3610,FALSE
Here's The Worst Thing We Do To Girls. Many Women Will Agree With Her.,1,3611,TRUE
Here's The Worst Thing We Do To Girls. Many Women Will Agree With Her.,0,3612,FALSE
You Might Not Get Their Names But You’ll Get No Better Introduction,1,3613,TRUE
"The Real, Black And White Cost Of War",0,3614,FALSE
A Silly Science Project Gives A Frightening Look At Our Future (And Barbie's),1,3615,TRUE
A Silly Science Project Gives A Frightening Look At Our Future (And Barbie's),0,3616,FALSE
"When The History Books Look Back On Us, They'll See We Had The Opportunity To End 3 Awful Epidemics.",1,3617,TRUE
Good News For People Sick Of Bad News For Sick People,0,3618,FALSE
7 Super Compelling Reasons To Choose Our Future Over So-Called Fortune,1,3619,TRUE
7 Super Compelling Reasons To Choose Our Future Over So-Called Fortune,0,3620,FALSE
A 7-month-old Boy Just Got Put On Trial - When He Left He Was A Different Person,1,3621,TRUE
A 7-month-old Boy Just Got Put On Trial - When He Left He Was A Different Person,0,3622,FALSE
Watch The Daily Show Supersize The Hilarity Of Our Minimum Wage Dispute,1,3623,TRUE
Watch The Daily Show Supersize The Hilarity Of Our Minimum Wage Dispute,0,3624,FALSE
A Science Project Gives A Frightening Look At Our Future (And Barbie's),1,3625,TRUE
A Science Project Gives A Frightening Look At Our Future—And Barbie's,0,3626,FALSE
The Most Heartbreaking Reason To Leave Your Front Door Unlocked I've Ever Heard,1,3627,TRUE
It Takes Guts To Be This Raw And Open And Raw And Open And Raw And Open,0,3628,FALSE
Here's What One Woman Thinks Is The Worst Thing We Do To Girls. Many Women Will Agree With Her.,1,3629,TRUE
Here's What One Feminist Thinks Is The Worst Thing We Do To Girls.,0,3630,FALSE
The Most Heartbreaking Reason To Leave Your Front Door Unlocked I've Ever Heard,1,3631,TRUE
A Beautiful Love Story Takes A Horrible Turn For The Better,0,3632,FALSE
The Most Heartbreaking Reason To Leave Your Front Door Unlocked I've Ever Heard,1,3633,TRUE
The Most Heartbreaking Reason To Leave Your Front Door Unlocked I've Ever Heard,0,3634,FALSE
"If Immigrants Scare You, Then Here's 3 Simple Facts To Calm Your Panicked Brain",1,3635,TRUE
3 Simple Facts That Could Lead To A Whole Lot Of Reform,0,3636,FALSE
"Oh, Shoot. What's The Controversial Construction These People Are So Against?",1,3637,TRUE
"We Know How The Oil Companies Feel About This One, But What About The People?",0,3638,FALSE
The Most Honest And Heartbreaking Reason To Leave Your Front Door Unlocked I've Ever Heard,1,3639,TRUE
The Most Honest And Heartbreaking Reason To Leave Your Front Door Unlocked You've Ever Heard,0,3640,FALSE
The Most Honest And Heartbreaking Reason To Leave Your Front Door Unlocked I've Ever Heard,1,3641,TRUE
The Most Honest And Heartbreaking Reason To Leave Your Front Door Unlocked I've Ever Heard,0,3642,FALSE
Watch The Daily Show Supersize The Hilarity Of Our Minimum Wage Dispute,1,3643,TRUE
Watch The Daily Show Supersize The Hilarity Of Our Minimum Wage Dispute,0,3644,FALSE
The Beer/Marijuana Commercial That Is Making Adults Everywhere Rethink Their Position,1,3645,TRUE
"Finally, A Way To Look At Marijuana That Even My Mom Approves Of",0,3646,FALSE
"No Matter How Nonjudgmental You Are, This Guy Has You Beat",1,3647,TRUE
"No Matter How Nonjudgmental You Are, This Guy Has You Beat",0,3648,FALSE
"If You Don’t Say, 'Holy S***' Once Over The Next Three Minutes, I’ve Failed",1,3649,TRUE
"If You Don’t Say, 'Holy S***' Once Over The Next Three Minutes, I’ve Failed",0,3650,FALSE
What Do The First 1000 Days Of A Child's Life Have To Do With Anything?,1,3651,TRUE
What Do The First 1000 Days Of A Child's Life Have To Do With Anything?,0,3652,FALSE
Bill Nye Has Been Busting His Ass For Science — Now I Finally Know Why,1,3653,TRUE
Bill Nye Has Been Busting His Ass For Science — Now I Finally Know Why,0,3654,FALSE
7 Signs You Are A Bad-Ass Woman,1,3655,TRUE
7 Signs You Are A Bad-Ass Woman,0,3656,FALSE
The Arrogance Of People Who Are Comfortable Will Never Fail To Shock Me,1,3657,TRUE
This Economist's Ideas Are So Not My Cup Of Tea That They're Actually Coffee,0,3658,FALSE
"If You Don’t Say, 'Holy S***' Once Over The Next Three Minutes, I’ve Failed",1,3659,TRUE
"If You Don’t Say, 'Holy Crap' At Least Once, I’ve Failed",0,3660,FALSE
You Might Not Get Their Names But You’ll Get No Better Introduction,1,3661,TRUE
You Might Not Get Their Names But You’ll Get No Better Introduction,0,3662,FALSE
Watch The Daily Show Supersize The Hilarity Of Our Minimum Wage Dispute,1,3663,TRUE
Watch The Daily Show Supersize The Hilarity Of Our Minimum Wage Dispute,0,3664,FALSE
"If This Doesn't Piss You Off, Then I'll Wait For The Day You Dial 911 To Say I Told You So",1,3665,TRUE
"If This Doesn't Piss You Off, Then I'll Wait For The Day You Dial 911 To Say I Told You So",0,3666,FALSE
Watch The Daily Show Supersize The Hilarity Of Our Minimum Wage Dispute,1,3667,TRUE
Watch The Daily Show Supersize The Hilarity Of Our Minimum Wage Dispute,0,3668,FALSE
"Hate Your Job? Turns Out, That's Pretty Common. There's A Big Reason Why.",1,3669,TRUE
"Work Sucks! Always Will! Wait, What?!",0,3670,FALSE
Watch The Daily Show Supersize The Hilarity Of Our Minimum Wage Dispute,1,3671,TRUE
Watch The Daily Show Supersize The Hilarity Of Our Minimum Wage Dispute,0,3672,FALSE
8 Signs You Might Hug Trees A Little Too Tightly,1,3673,TRUE
8 Signs You Might Hug Trees A Little Too Tightly,0,3674,FALSE
The Great Jobs That This Country Had In The 1950's And 1960's Didn't Just 'Happen',1,3675,TRUE
"What The Heck Is A Union, Anyway?",0,3676,FALSE
"One Of The Highest Paid Jobs You Can Get Out Of College Is One I've Never Even Thought Twice About
",1,3677,TRUE
Some Surprising Reasons Why ‘Made In The USA’ Just Isn't Really A Thing,0,3678,FALSE
They Thought $8 Would Shut Her Up. Because $8 Is SO Much Money?,1,3679,TRUE
They Thought $8 Would Shut Her Up,0,3680,FALSE
8 Signs You Might Hug Trees A Little Too Tightly,1,3681,TRUE
8 Signs You Might Hug Trees A Little Too Tightly,0,3682,FALSE
"Next Time I'm The Mayor Of NYC, I Hope I Don't Get Shamed As Badly As The Daily Show Shamed This Guy",1,3683,TRUE
The Mayor Of NYC Thinks That His Program To Unfairly Judge Citizens Is Being Unfairly Judged,0,3684,FALSE
8 Signs You Might Hug Trees A Little Too Tightly,1,3685,TRUE
8 Signs You Might Hug Trees A Little Too Tightly,0,3686,FALSE
"If Immigrants Terrify You, Then Here's 3 Simple Facts To Calm Your Frightened Brain",1,3687,TRUE
"If Immigrants Scare You, Then Here's 3 Important Facts To Calm Your Panicked Brain",0,3688,FALSE
"When The History Books Look Back On Us, They'll See We Had The Opportunity To End 3 Awful Epidemics.",1,3689,TRUE
"When The History Books Look Back On Us, They'll See We Had The Opportunity To End 3 Awful Epidemics.",0,3690,FALSE
"If This Doesn't Piss You Off, Then I'll Wait For The Day You Dial 911 To Say I Told You So",1,3691,TRUE
"If This Doesn't Piss You Off, Then I'll Wait For The Day You Dial 911 To Say I Told You So",0,3692,FALSE
8 Awkward Things You Might Do If You've Truly Gone Green,1,3693,TRUE
8 Ways To Tell If You've Been Hugging Too Many Trees,0,3694,FALSE
If You Love Oil Companies... Just Kidding. Here's The Latest Truly Awful Thing They've Done.,1,3695,TRUE
If You Love Oil Companies... Just Kidding. Here's The Latest Truly Awful Thing They've Done.,0,3696,FALSE
7 Ways To Tell If You Are A Bad-Ass Woman,1,3697,TRUE
7 Ways To Tell If You Are A Bad-Ass Woman,0,3698,FALSE
"When Future Generations Look Back On Us, They'll Say We Had The Opportunity To End 3 Awful Epidemics",1,3699,TRUE
"In The Future, They'll Say We Had The Opportunity To End 3 Awful Epidemics.",0,3700,FALSE
A Child Shouldn't Be Saying Sorry To Her Mom For Costing Her Money,1,3701,TRUE
"Forget The American Dream, How Do These Families Make It Through To Tomorrow?",0,3702,FALSE
8 Awkward Things You Might Do If You've Truly Gone Green,1,3703,TRUE
8 Awkward Things You Might Do If You've Truly Gone Green,0,3704,FALSE
How Did We Get to A Point Where A Child Is Saying Sorry To Her Mom For Costing Her Money?,1,3705,TRUE
Americas' Children Are Upset And Apologizing To Their Parents For Costing Them Money,0,3706,FALSE
Imagine If There Was A Town In The USA Where You Couldn't Get Water. It's Not Imaginary Anymore.,1,3707,TRUE
"Dear Oil Companies, Have You Tried NOT Being Cartoonishly Evil For LIke 5 Minutes? Just Sayin'. ",0,3708,FALSE
"God May Work In Mysterious Ways, But Come On Folks, Don't Get Carried Away",1,3709,TRUE
"God May Work In Mysterious Ways, But Come On Folks, Don't Get Carried Away",0,3710,FALSE
Have You Had Your Smile Today?,1,3711,TRUE
Have You Had Your Smile Today?,0,3712,FALSE
How Did We Get to A Point Where A Child Is Saying Sorry To Her Mom For Costing Her Money?,1,3713,TRUE
How Did We Get to A Point Where A Child Is Saying Sorry To Her Mom For Costing Her Money?,0,3714,FALSE
"Next Time I'm The Mayor Of NYC, I Hope I Don't Get Shamed As Badly As The Daily Show Shamed This Guy",1,3715,TRUE
The Daily Show' Treats Mayor Bloomberg To Some Accountability Ice Cream With Reality Sprinkles,0,3716,FALSE
"Ashton Kutcher, Who's 35, Is Telling Teens What He Finds Sexy. Find Out Why.",1,3717,TRUE
"Ashton Kutcher, Who's 35, Is Telling Teens What He Finds Sexy. Find Out Why.",0,3718,FALSE
"I've Met Babies Named Hennessy Before, So Why Did This Judge Just Order This Kids Name Changed?",1,3719,TRUE
"I've Met Babies Named Hennessy Before, So Why Did This Judge Just Order This Kids Name Changed?",0,3720,FALSE
"Ashton Kutcher Just Told A Bunch Of Teenagers How To Be Sexy, In The Best Way",1,3721,TRUE
"Ashton Kutcher Just Told A Bunch Of Teenagers How To Be Sexy, In The Best Way",0,3722,FALSE
"Ashton Kutcher Just Told A Bunch Of Teenagers How To Be Sexy, In The Smartest Way Ever",1,3723,TRUE
"Ashton Kutcher Just Told A Bunch Of Teenagers How To Be Sexy, In The Smartest, Sexiest Way Ever",0,3724,FALSE
"I Never Want To Hear Any Child Say What These Kids Do To Their Parents. Ever.
",1,3725,TRUE
"Can Someone Explain Why These Children Are The Ones Saying Sorry?
",0,3726,FALSE
The Police Want To Use Assault Vehicles. In America. To Fight 'Terrorists.' WHAT?!?,1,3727,TRUE
The Police Want To Use Assault Vehicles. In America. To Fight 'Terrorists.' WHAT?!?,0,3728,FALSE
"Next Time I'm The Mayor Of NYC, I Hope I Don't Get Shamed As Badly As The Daily Show Shamed This Guy",1,3729,TRUE
"Next Time I'm The Mayor Of NYC, I Hope I Don't Get Shamed As Badly As The Daily Show Shamed This Guy",0,3730,FALSE
People Shouldn't Die Just Because A Loved One Can’t Walk Fast Enough,1,3731,TRUE
"It’s Got A Cool Name, It’s Locally Made, And It Saves Lives. Heck Yeah!
",0,3732,FALSE
"Everybody Poops, But 2.6 Billion People Do It In A Really Crappy Way",1,3733,TRUE
"Everybody Poops, But 2.6 Billion People Do It In A Really Crappy Way",0,3734,FALSE
"It’s Got A Cool Name, It’s Locally Made, And It Saves Lives. Heck Yeah! 
",1,3735,TRUE
"It’s Got A Cool Name, It’s Locally Made, And It Saves Lives. Heck Yeah! ",0,3736,FALSE
What Happens When ‘I Can’t’ Isn’t Part of A Child's Vocabulary Is Pretty Darn Cool,1,3737,TRUE
Fulfilling Your Potential Takes An Amazing Attitude and Spirit. Arms Are Optional.,0,3738,FALSE
2 Million Women Are Suffering And We Are Too Embarrassed To Talk About It,1,3739,TRUE
"It’s Almost Entirely Preventable, Yet 2 Million Women Are Quietly Suffering",0,3740,FALSE
Want To Know The Most Important Thing You Can Teach Your Child? This Guy Is Going To Show You.,1,3741,TRUE
"When A Child Believes There's Nothing In Life He Can't Do, The Outcome Is Pretty Darn Incredible ",0,3742,FALSE
What Is Labor Day To You?,1,3743,TRUE
When's The Last Time You Saw A Video That Celebrates America's Workers?,0,3744,FALSE
"It’s Got A Cool Name, It’s Locally Made, And It Saves Lives. Heck Yeah!",1,3745,TRUE
"What If We Could Prevent People From Having To Ride To The Hospital In A Wheelbarrow?
",0,3746,FALSE
Having An Amazing Attitude Is a Requirement For Success. Arms Are Totally Optional.,1,3747,TRUE
You Don't Need Arms To Be Incredible In Life. This Guys Proves It.,0,3748,FALSE
The Daily Show Completely Nails Bloomberg's Hypocrisy In 2 Wonderful Minutes,1,3749,TRUE
"Why We Should Stop & Frisk White Business Men In Wall Street, As Told By The Daily Show",0,3750,FALSE
Having An Amazing Attitude Is a Requirement For Success. Arms Are Totally Optional.,1,3751,TRUE
Having An Amazing Attitude Is a Requirement For Success. Arms Are Totally Optional.,0,3752,FALSE
Having An Amazing Attitude Is a Requirement For Success. Arms Are Totally Optional.,1,3753,TRUE
Having An Amazing Attitude Is a Requirement For Success. Arms Are Totally Optional.,0,3754,FALSE
There Is Something So Satisfying About Watching The Daily Show Nail This Outrageous Hypocrisy,1,3755,TRUE
There Is Something So Satisfying About Watching The Daily Show Nail This Outrageous Hypocrisy,0,3756,FALSE
Having An Amazing Attitude Is A Requirement For Success. Two Other Things Are Totally Optional.,1,3757,TRUE
Having An Amazing Attitude Is A Requirement For Success. Limbs Are Entirely Optional.,0,3758,FALSE
"I'm Doing The Best I Can At This Parenting Thing. And I Acknowledge That You Are, Too.",1,3759,TRUE
"Alright Parents, Let's Just Acknowledge That We're All Doing Our Best Already",0,3760,FALSE
The Controversial Mass Text That You Should Absolutely Not Be Mad About,1,3761,TRUE
The Only Spam I Am Willing To Have Sent Directly To My Phone,0,3762,FALSE
"I've Met Babies Named Hennessy Before, So Why Did This Judge Just Order This Kids Name Changed?",1,3763,TRUE
"I've Met Babies Named Hennessy Before, So Why Did This Judge Just Order This Kids Name Changed?",0,3764,FALSE
The Controversial Mass Text That You Should Absolutely Not Be Mad About,1,3765,TRUE
"Your Phone Is Trying To Help You Be A Hero These Days, And Here Is How",0,3766,FALSE
The Things This 4-Year-Old Is Doing Are Cute. The Reason He's Doing Them Is Heartbreaking.,1,3767,TRUE
The Things This 4-Year-Old Is Doing Are Cute. The Reason He's Doing Them Is Heartbreaking.,0,3768,FALSE
There Is Something So Satisfying About Watching The Daily Show Nail This Outrageous Hypocrisy,1,3769,TRUE
There Is Something So Satisfying About Watching The Daily Show Nail This Outrageous Hypocrisy,0,3770,FALSE
The Things This 4-Year-Old Is Doing Are Cute. The Reason He's Doing Them Is Heartbreaking.,1,3771,TRUE
Why One Organization Went Out Of Its Way To Get A Cute-As-Heck 4-Year-Old His First Kiss,0,3772,FALSE
"The Simplest, Most Brilliant Way to Save Gas That I Have Ever Seen",1,3773,TRUE
How To Keep Your Kids Happy And Save A Ton Of Gas And Aggravation,0,3774,FALSE
"When Detroit Failed To Find A Connection, This 25-Year Old Took It To the Streets",1,3775,TRUE
Meet A Young Leader Whose Putting Some Heart And Soul Back Into Motown,0,3776,FALSE
Looking For Close-Minded Folk In The Deep South? Look Somewhere Other Than This Small Kentucky Town.,1,3777,TRUE
Looking For Close-Minded Folk In The Deep South? You'll Have To Look Somewhere Other Than This Town.,0,3778,FALSE
The Things This 4-Year-Old Is Doing Are Cute. The Reason He's Doing Them Is Heartbreaking.,1,3779,TRUE
The Things This 4-Year-Old Is Doing Are Cute. The Reason He's Doing Them Is Heartbreaking.,0,3780,FALSE
"If Strangers Are Staring At You In The Subway, Do What This Kid Did. Keep Singing. ",1,3781,TRUE
Stare At Hime All You Want. He's Enjoying Himself.,0,3782,FALSE
"If You Can't Pass This Simple Online Test, Stop Having Sex Immediately",1,3783,TRUE
"If My Parents Did This, I Never Would've Been Born",0,3784,FALSE
"The Simplest, Most Brilliant Way to Save Gas That I Have Ever Seen",1,3785,TRUE
"The Simplest, Most Brilliant Way to Save Gas That I Have Ever Seen",0,3786,FALSE
The Absolutely Genius Thought That Sparked A Computer Dynasty (And An Ashton Kutcher Movie),1,3787,TRUE
The Absolutely Genius Thought That Sparked A Computer Dynasty (And An Ashton Kutcher Movie),0,3788,FALSE
"He Got Mad As Hell When His City Couldn't Connect, Then Did Something Marvelous About It",1,3789,TRUE
When The 'New Era Of Detroit' Didn't Arrive He Decided To Hit The Road,0,3790,FALSE
Meet 5 Women Who Took Advantage Of A Law You Should Know More About,1,3791,TRUE
Title What Now? Taking Advantage Of The Law That's Apparently Not Just About Sports.,0,3792,FALSE
There Is Something So Satisfying About Watching The Daily Show Nail This Outrageous Hypocrisy,1,3793,TRUE
There Is Something So Satisfying About Watching The Daily Show Nail This Outrageous Hypocrisy,0,3794,FALSE
The Middle Class Was Built On Hard Work And Looking Out For Each Other,1,3795,TRUE
When's The Last Time You Saw A Video That Celebrates America's Workers?,0,3796,FALSE
​There Aint No Blurred Lines With These Teens Views On Robin Thicke's Controversial Song,1,3797,TRUE
​There Aint No Blurred Lines With These Teens Views On Robin Thicke's Controversial Song,0,3798,FALSE
My Father-In-Law Asked Me This Very Same Question Once At A Labor Day Barbecue,1,3799,TRUE
My Father-In-Law Asked Me This Very Same Question Once At A Labor Day Barbecue,0,3800,FALSE
Meet 5 Women Who Took Advantage Of A Law We Should All Know More About,1,3801,TRUE
Meet 5 Women Who Took Advantage Of A Law We Should All Know More About,0,3802,FALSE
WHAT?!? The Police Want To Use Assault Vehicles? In America? To Fight 'Terrorists?',1,3803,TRUE
WHAT?!? The Police Want To Use Assault Vehicles. In America. To Fight 'Terrorists.',0,3804,FALSE
Watch A Dude Say Something To All Women That All Dudes Should Really Hear,1,3805,TRUE
A Dude Calls Out Some Other Dudes For Assuming That Being Nice Dudes Means Women Owe Dudes Something,0,3806,FALSE
"An 11-Year-Old Girl With Much Bigger Problems Than 'Do You Wear Boxers, Briefs, Or Tighty Whities?'",1,3807,TRUE
The Clip That Definitely Should Get Your Undewear In A Bunch,0,3808,FALSE
"If A 'Nice Guy' Says These Two Words To You And Means Them, Revoke His Nice Guy Card",1,3809,TRUE
Just Because You Are Nice To A Girl Doesn't Mean She Owes You Something,0,3810,FALSE
"An 11-Year-Old Girl With Much Bigger Problems Than 'Do You Wear Boxers, Briefs, Or Tighty Whities?'",1,3811,TRUE
"If 'Gentlemen Prefer Hanes,' Then I'd Rather Be A Brute",0,3812,FALSE
"When Both Sides Of The Marijuana Debate Use Actual Facts, Things Get Very Interesting",1,3813,TRUE
"When Both Sides Of The Marijuana Debate Use Actual Facts, Things Get Very Interesting",0,3814,FALSE
Watch A Dude Say Something To All Women That All Dudes Should Really Hear,1,3815,TRUE
Watch A Dude Say Something To All Women That All Dudes Should Really Hear,0,3816,FALSE
"If A 'Nice Guy' Says These Two Words To You And Means Them, You Should Revoke His Nice Guy Card",1,3817,TRUE
"If A 'Nice Guy' Says These Two Words To You And Means Them, Then Maybe It's Time To Change His Title",0,3818,FALSE
"When This Guy Explains Why Women Won't Sleep With Him, You May Roll Your Eyes. But 2 Minutes In...",1,3819,TRUE
"When This Guy Explains Why Women Won't Sleep With Him, You May Roll Your Eyes. But 2 Minutes In...",0,3820,FALSE
"When This Guy Explains Why Women Won't Date Him, You May Roll Your Eyes. But 2 Minutes In...",1,3821,TRUE
"When This Guy Explains Why Women Won't Go Out With Him, You May Roll Your Eyes. But 2 Minutes In...",0,3822,FALSE
Meet 5 Women Who Took Advantage Of A Law We Should All Know More About,1,3823,TRUE
Meet 5 Women Who Took Advantage Of A Law We Should All Know More About,0,3824,FALSE
"A Disney Princess​ Sings About Men, But Not In The Normal-Boring-Love Way",1,3825,TRUE
"Guys, What Happened To Ariel? She's All Like Empowered And Stuff
",0,3826,FALSE
Meet 5 Women Who Took Advantage Of A Law We Should All Know More About,1,3827,TRUE
Meet 5 Women Who Took Advantage Of A Law We Should All Know More About,0,3828,FALSE
Why Is The Middle Class Disappearing? Here Are Some Clues.,1,3829,TRUE
The Great Jobs That This Country Had In The 1950's And 1960's Didn't Just 'Happen',0,3830,FALSE
Beyonce Makes Her Interviewer Uncomfortable In The Best Way. He Handles It Like A Champ.,1,3831,TRUE
Beyonce Makes Her Interviewer Uncomfortable In The Best Way. He Handles It Like A Champ.,0,3832,FALSE
In Which A 'Missundaztood' Pop Star Makes Perfect Sense About Gay Marriage,1,3833,TRUE
"We Can't Stop Talking About Gay And Straight Yet, But I Look Forward To A Future Where We Will",0,3834,FALSE
A Bunch Of Bad Predictions And One Really Important Prediction Will Get You Thinking About 2015,1,3835,TRUE
In 2015 We'll See These Celebrities For The Fortune-Tellers They Are,0,3836,FALSE
"A Disney Princess​ Sings About Men, But Not In The Normal-Predictable-Lame-Love Way",1,3837,TRUE
"A Disney Princess​ Sings About Men, But Not In The Normal-Predictable-Lame-Love Way",0,3838,FALSE
Neil Gaiman Casually Encapsulates A Piece Of Every Book Lover's Soul In One Epic Quote,1,3839,TRUE
"Here's Your Literary ""YES, THIS"" Moment For The Day (And Every Day)",0,3840,FALSE
Beyonce Makes Her Interviewer Uncomfortable In The Best Way. He Handles It Like A Champ.,1,3841,TRUE
"Beyonce Is Normally A Class Act, So Why Is She Giggling Her Way Through This Interview?",0,3842,FALSE
In Which A 'Missundaztood' Pop Star Makes Perfect Sense About Gay Marriage,1,3843,TRUE
In Which A 'Missundaztood' Pop Star Makes Perfect Sense About Gay Marriage,0,3844,FALSE
You'd Never Have Expected Comedians To Take On Such A Horrible Topic In Such A Great Way,1,3845,TRUE
You'd Never Have Expected Comedians To Take On Such A Horrible Topic In Such A Great Way,0,3846,FALSE
Here's The Most Perfect Quote About How To Make A Bad Thing A Little Better,1,3847,TRUE
BAD DAY FIXER OF THE DAY: One Quote That Everybody Who's Ever Needed An Escape Can Identify With,0,3848,FALSE
We Already Knew Costco Was A Great Company. Here's Something That Makes Them Fabulous.,1,3849,TRUE
We Already Knew Costco Was A Great Company. Here's Something That Makes Them Fabulous.,0,3850,FALSE
"The 2,200 Missing People In Arizona No One Seems To Give A Shit About
",1,3851,TRUE
"The 2,200 Missing People In Arizona No One Seems To Care About
",0,3852,FALSE
Meet 5 Women Who Took Advantage Of A Law We Should All Know More About,1,3853,TRUE
Meet 5 Women Who Took Advantage Of A Law We Should All Know More About,0,3854,FALSE
"A Religious Advisor Berates This Lady For 2 Minutes So He Can Feel One With God. Makes Sense, Right?",1,3855,TRUE
"A Religious Advisor Berates This Lady For 2 Minutes So He Can Feel One With God. Makes Sense, Right?",0,3856,FALSE
The Sly Little Thought That Gives Birth To Mad Geniuses,1,3857,TRUE
The Sly Little Thought That Gives Birth To Mad Geniuses,0,3858,FALSE
The Brilliant Reenactment Of The Trayvon Martin Murder That Every American Should Watch,1,3859,TRUE
MUST WATCH: Here's 26 Really Valid Reasons We Shouldn't Stop Talking About Trayvon Martin. YET.,0,3860,FALSE
I Wasn't Expecting To Get Emotional When This Sitcom Star Started Talking About His Fame,1,3861,TRUE
I Wasn't Expecting To Get Emotional When This Sitcom Star Started Talking About His Fame,0,3862,FALSE
You'd Never Have Expected Comedians To Take On Such A Horrible Topic In Such A Great Way,1,3863,TRUE
You'd Never Have Expected Comedians To Take On Such A Horrible Topic In Such A Great Way,0,3864,FALSE
Here Is The Best Anti-Photoshop Protest That I Have Ever Seen,1,3865,TRUE
The Best Challenge Against Photoshopping Perfection That I Have Ever Seen,0,3866,FALSE
Step Away Form Your Comfort And Hear These Real Stories About Escaping Bullets And Warzones,1,3867,TRUE
Step Away Form Your Comfort And Hear These Real Stories About Escaping Bullets And Warzones,0,3868,FALSE
Here's The Best Anti-Photoshop Protest You Won't See On The Cover Of A Magazine,1,3869,TRUE
Here Is The Best Anti-Photoshop Protest That I Have Ever Seen,0,3870,FALSE
I Wasn't Expecting To Get Emotional When This Sitcom Star Started Talking About His Fame,1,3871,TRUE
I Wasn't Expecting To Get Emotional When George Costanza Started Talking About His Fame,0,3872,FALSE
The Brilliant Reenactment Of The Zimmerman Murder That Every American Should Watch,1,3873,TRUE
The Brilliant Reenactment Of The Zimmerman Murder That Every American Should Watch,0,3874,FALSE
They Are Human Beings Trying To Survive. Why Do Some People Have Trouble Seeing That?,1,3875,TRUE
They Are Human Beings Trying To Survive. Why Do Some People Have Trouble Seeing That?,0,3876,FALSE
"I Would Never Work At This Place. Oh Wait. Um... Yup, My Bad! I Would TOTALLY Work At This Place.",1,3877,TRUE
"I Would Never Work At This Place. Oh Wait. Um... Yup, My Bad! I Would TOTALLY Work At This Place.",0,3878,FALSE
"Daughter Stages Her Own Fake Wedding, To Give Her Father The Greatest Moment Of His Life",1,3879,TRUE
This Dad Had One Final Wish Before His Cancer Takes Him - His Daughter Made It Happen,0,3880,FALSE
Watch How One Company Went From Being The Worst Place To Work To The Best In Under 3 Minutes,1,3881,TRUE
"This Is Both The Best And Worst Office Job To Have Ever, Depending On How Long You Stick Around",0,3882,FALSE
The Brilliant Reenactment Of The Zimmerman Murder That Every American Should Watch,1,3883,TRUE
The Brilliant Reenactment Of The Zimmerman Murder That Every American Should Watch,0,3884,FALSE
We Love This British Actor. We Love Him Even More After He Held Up These Bits Of Paper.,1,3885,TRUE
Sherlock Star Makes It Known That He's Pissed At the British Government,0,3886,FALSE
"In A Messed Up Country That Always Makes The Headlines, Here's One Thing The Media Hasn't Covered",1,3887,TRUE
"In A Country That Makes Headlines For All The Wrong Reasons, One Thing The Media Doesn't Cover",0,3888,FALSE
A Woman Is One Of The Most Important People In Movie History And You've Never Even Heard Of Her,1,3889,TRUE
Watching This Made Me Think — Is There A Woman Who Successfully Made Fire Before Prometheus?,0,3890,FALSE
"I Can't Believe This History Maker Was Forgotten, But Then I Remember She Was A Woman In The 1800s",1,3891,TRUE
A Woman Is One Of The Most Important People In Movie History And You've Never Even Heard Of Her,0,3892,FALSE
"In A Messed Up Country That Always Makes The Headlines, Here's One Thing The Media Hasn't Covered",1,3893,TRUE
"In A Messed Up Country That Always Makes The Headlines, Here's One Thing The Media Hasn't Covered",0,3894,FALSE
Don’t Want To Be Like Everyone Else? Then Watch This Wildly Popular Viral Video Everyone’s Watching.,1,3895,TRUE
Good News For People Who Want To Fit In. Great News For Everyone Else.,0,3896,FALSE
"This Is The Nerdiest, Most Swaggalicious Science Experiment Ever",1,3897,TRUE
"Students Push Science To The Limit, With Music",0,3898,FALSE
This Is Possibly The Worst Place To Work I've Ever Seen Or Possibly The Best. I Can't Decide Which.,1,3899,TRUE
This Is Possibly The Worst Place To Work I've Ever Seen Or Possibly The Best. I Can't Decide Which.,0,3900,FALSE
Man I Loved Me Some Chicken McNuggets … Until This Guy Put Them Under A Microscope,1,3901,TRUE
Man I Loved Me Some Chicken McNuggets … Until This Guy Put Them Under A Microscope,0,3902,FALSE
Man I Loved Me Some Chicken McNuggets … Until This Guy Put Them Under A Microscope,1,3903,TRUE
Man I Loved Me Some Chicken McNuggets … Until This Guy Put Them Under A Microscope,0,3904,FALSE
You've Never Heard Of This Woman And She's Basically The Most Important Person In Movie History,1,3905,TRUE
You've Never Heard Of This Woman And She's Basically The Most Important Person In Movie History,0,3906,FALSE
"Vaginas Prove Too Much For One University, Get Banned",1,3907,TRUE
"Don't They Know Banning Vaginas Will Only Draw More Attention?
",0,3908,FALSE
"They Tried To Make This Popstar Dress And Sing A Certain Way. She Refuses, And Sends This Message.",1,3909,TRUE
"They Tried To Make This Popstar Dress And Sing A Certain Way. She Refuses, And Sends This Message.",0,3910,FALSE
Read The Powerful Words That This Soldier Used To Tell The World Who She Truly Is,1,3911,TRUE
Read The Brave Request She Made To The World That All Human Beings Deserve,0,3912,FALSE
This Is Possibly The Worst Place To Work I've Ever Seen Or Possibly The Best. I Can't Decide Which.,1,3913,TRUE
Watch How One Company Went From Being The Worst Place To Work To The Best In Under 3 Minutes,0,3914,FALSE
This Is Possibly The Worst Place To Work I've Ever Seen Or It May Be The Best. I Can't Decide Which.,1,3915,TRUE
This Is Possibly The Worst Place To Work I've Ever Seen Or Maybe The Best. I Can't Decide Which.,0,3916,FALSE
"What Maine, North Dakota, And Wyoming Are Doing Better Than New York And California",1,3917,TRUE
Infographics Reveal That Locavores Are Not The Big-City Foodies We Thought They Were,0,3918,FALSE
4 Demands From the 1963 March On Washington Still Haven’t Been Met,1,3919,TRUE
"After Martin Luther King Jr. Said ‘I Have A Dream,’ Did America Just Go To Sleep?",0,3920,FALSE
What’s It Like To Take Pictures In A Country Where Cameras Were Outlawed?,1,3921,TRUE
The Bravest Photographers In Afghanistan Might Be The Ones Working After The Troops Are Gone,0,3922,FALSE
"They Tried To Make This Popstar Dress And Sing A Certain Way. She Refused, And Said These Words.",1,3923,TRUE
They Tried To Make This Popstar Dress And Sing A Certain Way. She Refused And Took A Stand.,0,3924,FALSE
"You've Never Heard Of This Woman, And She's Basically The Most Important Person In Movie History",1,3925,TRUE
"You've Never Heard Of This Woman, And She's One Of The Most Important People In Movie History",0,3926,FALSE
I Wasn't Expecting To Get Emotional When This Sitcom Star Started Talking About His Fame,1,3927,TRUE
I Wasn't Expecting To Get Emotional When This Sitcom Star Started Talking About His Fame,0,3928,FALSE
"You've Never Heard Of This Woman, And She's Basically The Most Important Person In Movie History",1,3929,TRUE
You've Never Heard Of This Woman But She's One Of The Most Important People In The History Of Movies,0,3930,FALSE
"What A Beach-Bumming, Couch-Surfing Dudebro Can Teach Us About Food Stamps",1,3931,TRUE
How To Catch A Straw Man,0,3932,FALSE
"They Were Married For 19 Years Until Oregon Cancelled Their Vows. Yea, They're Fighting Back.",1,3933,TRUE
You Don't Tell 2 People Who Love Each Other This Much That Their Marriage Doesn't Count. Otherwise–,0,3934,FALSE
Just Because Our Kids Won't End Up Doing These Awful 'Jobs' Doesn't Mean We Should Ignore Them,1,3935,TRUE
Just Because Our Kids Won't End Up Doing These Awful 'Jobs' Doesn't Mean We Should Ignore Them,0,3936,FALSE
Just Because Our Kids Won't End Up Doing These Awful 'Jobs' Doesn't Mean We Should Ignore Them,1,3937,TRUE
Just Because Our Kids Won't End Up Doing These Awful 'Jobs' Doesn't Mean We Should Ignore Them,0,3938,FALSE
"This Is The Nerdiest, Most Swaggalicious Science Experiment Ever",1,3939,TRUE
"This Is The Nerdiest, Most Swaggalicious Science Experiment Ever",0,3940,FALSE
Good News For People Who Want To Fit In. Great News For Those That Won’t.,1,3941,TRUE
Good News For People Who Want To Fit In. Great News For Those That Won’t.,0,3942,FALSE
Probably Shouldn't Tell A Couple They Can't Stay Married Right Before Their 20th Wedding Anniversary,1,3943,TRUE
For Their 20th Wedding Anniversary They Will Be Fighting The State To Remain Legally Married,0,3944,FALSE
A Fancy Actor Comes Out Of The Closet In The Most Unique Way Possible By Picking A Fight With Russia,1,3945,TRUE
"If You Come Out Of The Closet, You Might As Well Pick A Fight With Russia While You're Doing It",0,3946,FALSE
"An Incredible Lesson About Love That Comes From A Guy. Yes, A Teenage Guy.",1,3947,TRUE
"An Incredible Lesson About Love That Comes From A Guy. Yes, A Teenage Guy.",0,3948,FALSE
7 Moronic Things People Have Said To Me About A Possible Wonder Woman Movie (Now With Bonus Rage),1,3949,TRUE
"There Are 15 Batman Movies, 10 Superman Movies, And 7 Reasons To Make A Wonder Woman Movie",0,3950,FALSE
A 14-Year-Old Explains Food Labeling In Language Even Condescending Middle Aged TV Hosts Should Get,1,3951,TRUE
A 14-Year-Old Explains Food Labeling So That You And I And Even Condescending TV Hosts Can Get It,0,3952,FALSE
"Yeah, It’s Gonna Be Another 50 Years On Those Civil Rights You Ordered
",1,3953,TRUE
"America Might Still Need Another Civil Rights March On Washington
",0,3954,FALSE
What’s It Like To Take Pictures In A Country Where Cameras Were Outlawed?,1,3955,TRUE
Being A Photographer Is A Job That’s Both A Century Old And Brand New … In Afghanistan,0,3956,FALSE
"Thanks To This Infographic, We Can Finally Stop Talking About Food As A Fancy-Pants Issue",1,3957,TRUE
"What Maine, North Dakota, And Wyoming Are Doing Better Than New York And California",0,3958,FALSE
"An Incredible Lesson About Love That Comes From A Guy. Yes, A Teenage Guy.",1,3959,TRUE
"An Incredible Lesson About Love That Comes From A Guy. Yes, A Teenage Guy.",0,3960,FALSE
Watch An Actor Come Out Of The Closet AND Pick A Fight With A Homophobic President The Same Time,1,3961,TRUE
Watch An Actor Come Out Of The Closet AND Pick A Fight With Russia's President At The Same Time,0,3962,FALSE
Watch An Actor Come Out Of The Closet AND Pick A Fight With A Homophobic President The Same Time,1,3963,TRUE
Watch An Actor Come Out Of The Closet AND Pick A Fight With A Homophobic President The Same Time,0,3964,FALSE
Watch An Actor Come Out Of The Closet AND Pick A Fight With A Homophobic President The Same Time,1,3965,TRUE
Watch An Actor Come Out Of The Closet AND Pick A Fight With A Homophobic President The Same Time,0,3966,FALSE
"Parents Joke About Their Kids Ending Up In Counseling One Day, But What If We Took That Seriously?",1,3967,TRUE
"Parents Joke About Their Kids Ending Up In Counseling One Day, But What If We Took That Seriously?",0,3968,FALSE
Your Unhealthy Love For Public Health In 14 Images,1,3969,TRUE
14 Ways You Reveal You Unhealthy Obsession With Public Health,0,3970,FALSE
The Science Presentation That Would've Kept Me Awake In High School,1,3971,TRUE
The Science Presentation That Would've Kept Me Awake In High School,0,3972,FALSE
A Funny Spoof On How One Huge Corporation's Been Fooling Us This Whole Time,1,3973,TRUE
A Funny Spoof On How One Huge Corporation's Been Fooling Us This Whole Time,0,3974,FALSE
Identities Of Terrorists Who Hijacked School Bus Revealed ... What The Hell?!,1,3975,TRUE
Identities Of Terrorists Who Hijacked School Bus Revealed ... What The Hell?!,0,3976,FALSE
Bad News For People Who Hate Obama: You May've Been Cheering For Him This Whole Time,1,3977,TRUE
Bad News For People Who Hate Obama: You May've Been Cheering For Him This Whole Time,0,3978,FALSE
He’s Worked At Burger King For 8 Years. Guess How Much He Makes.,1,3979,TRUE
"He’s Got 3 Kids, Works 2 Jobs, And Makes Barely Enough To Survive. 
",0,3980,FALSE
"The Reason Why She Lives In A Shelter Should Make You Very Upset
",1,3981,TRUE
What If You Worked Full-Time And Still Couldn’t Afford To Move Your Daughter Out Of The Shelter?,0,3982,FALSE
"Are People Aware Police Are Experimenting On Our Children Like This? 
",1,3983,TRUE
Police Are Now Experimenting With Our Kids In Some Really Bizarre Ways,0,3984,FALSE
Everyone Should Know What This Cop Has Done,1,3985,TRUE
Everyone Should Know What This Cop Has Done,0,3986,FALSE
An Invisible Nordic Guy Has Some Uncomfortable Truths About America For You,1,3987,TRUE
15 Comic Panels That Should Make Every American Feel Meh About Our Priorities,0,3988,FALSE
An Invisible Nordic Guy Has Some Uncomfortable American Truths For You,1,3989,TRUE
An Invisible Nordic Guy Has 15 Comic Panels That'll Make You Feel Meh About Our National Priorities,0,3990,FALSE
Anyone Else Aware Police Were Pulling These Kind Of Experiments On Our Children?,1,3991,TRUE
Anyone Else Aware Police Were Pulling These Kind Of Experiments On Our Children?,0,3992,FALSE
"Hard To Believe The Woman At The End Of This Video Is The Same Woman As At The Beginning
",1,3993,TRUE
A Brave Woman With AIDS Allows Us To Witness Her Incredible Recovery,0,3994,FALSE
"I Knew Looks Could Be Deceiving, I Just Didn't Know They Could Be SO Deceiving",1,3995,TRUE
"Sweet Baby Zeus' Thunderpants, Looks Can Be Deceiving",0,3996,FALSE
Don't Think Looks Can Be Deceiving? Take A Peek At This Guy.,1,3997,TRUE
People Who Assume He 'Can't' Will Hear His Rockin' Vengeance When He 'Does',0,3998,FALSE
A Funny Spoof On How One Huge Corporation's Been Fooling Us This Whole Time,1,3999,TRUE
A Funny Spoof On How One Huge Corporation's Been Fooling Us This Whole Time,0,4000,FALSE
"Dear Religious Extremists: The Cameras Are Staying, And That's Final.",1,4001,TRUE
"Dear Religious Extremists: The Cameras Are Staying, And That's Final.",0,4002,FALSE
A Funny Spoof On How One Huge Corporation's Been Fooling Us This Whole Time,1,4003,TRUE
A Funny Spoof On How One Huge Corporation's Been Fooling Us This Whole Time,0,4004,FALSE
Some Couples You Just Don't Mess With. Especially Not Right Before Their 20th Wedding Anniversary.,1,4005,TRUE
Some Couples You Just Don't Mess With. Especially Not Right Before Their 20th Wedding Anniversary.,0,4006,FALSE
Some Couples You Just Don't Mess With. Especially Not Right Before Their 20th Wedding Anniversary.,1,4007,TRUE
Some Couples You Just Don't Mess With. Especially Not Right Before Their 20th Wedding Anniversary.,0,4008,FALSE
Don't Think Looks Can Be Deceiving? Take A Peek At This Guy.,1,4009,TRUE
Don't Think Looks Can Be Deceiving? Take A Peek At This Guy.,0,4010,FALSE
They Thought It Couldn't Happen To Them. Now They're Doing What They Can So It Won't Happen To You.,1,4011,TRUE
They Thought It Couldn't Happen To Them. Now They're Doing What They Can So It Won't Happen To You.,0,4012,FALSE
A Funny Spoof On How One Huge Corporation's Been Fooling Us This Whole Time,1,4013,TRUE
A Funny Spoof On How One Huge Corporation's Been Fooling Us This Whole Time,0,4014,FALSE
"When I Saw That This Was A List Of Things Made In China, I Didn't Expect To Be So Shocked",1,4015,TRUE
"If I Had A Nickel For All Of The Items Now Made In China, I'd Have To Start Making Nickels In China",0,4016,FALSE
They Thought It Couldn't Happen To Them. Now They're Doing What They Can So It Won't Happen To You.,1,4017,TRUE
They Thought It Couldn't Happen To Them. Now They're Doing What They Can So It Won't Happen To You.,0,4018,FALSE
Think Looks Can't Be Deceiving? Take A Peek At This Astonishing Guy.,1,4019,TRUE
Think Looks Can't Be Deceiving? Take A Peek At This Astonishing Guy.,0,4020,FALSE
Hugh Jackman Gives Us A Much-Needed History Lesson And A Wake-Up Call,1,4021,TRUE
Hugh Jackman Gives Us A Much-Needed History Lesson And A Wake-Up Call,0,4022,FALSE
We Have Found The Easiest Way To Get Congress To Do Something About Climate Change EVER,1,4023,TRUE
We Have Found The Easiest Way To Get Congress To Do Something About Climate Change EVER,0,4024,FALSE
Why I’m Pretty Much Nerding Out Over This Incredibly Inspiring Technology,1,4025,TRUE
Why I’m Pretty Much Nerding Out Over This Incredibly Inspiring Technology,0,4026,FALSE
Meet The Nuns Who Are Taking Names And Fighting Back,1,4027,TRUE
Meet The Nuns Who Are Taking Names And Fighting Back,0,4028,FALSE
Meet The Nuns Who Are Taking Names And Fighting Back,1,4029,TRUE
Meet The Nuns Who Are Taking Names And Fighting Back,0,4030,FALSE
"If You Think Race Isn’t An Issue Anymore, Boy Have I Got An Infographic For You",1,4031,TRUE
"If You Think Race Isn’t An Issue Anymore, Boy Have I Got An Infographic For You",0,4032,FALSE
"If You Were Bullied And Decided To Become A Sixth-Grade Metalhead, You Would Be These Fantastic Kids",1,4033,TRUE
"If You Were Bullied And Decided To Become A Sixth-Grade Metalhead, You Would Be These Fantastic Kids",0,4034,FALSE
I Didn't Think I Was Going To Like The Actor Behind 'The Most Interesting Man.' I Was Mistaken.,1,4035,TRUE
Here's A Guy Who Figured Out How To Use His Sudden Fame The Right Way,0,4036,FALSE
A Hilarious And Beautiful Song About All The Crazy Sh*t Women Do To Look Good,1,4037,TRUE
"A Song Called 'The Armpit Song' Is, Meaningful, Beautiful, And About So Much More Than That",0,4038,FALSE
"This Is Probably The Funniest, Most Effective Way To Deal With People Who Ignore Science Facts Ever",1,4039,TRUE
"This Is Probably The Funniest, Most Effective Way To Deal With People Who Ignore Science Facts Ever",0,4040,FALSE
A Late Night Comedian Makes An Amusing Point About The Fairness Of Men Paying For Date Night,1,4041,TRUE
A Late Night Comedian Makes An Amusing Point About The Fairness Of Women Paying For Date Night,0,4042,FALSE
"This Is Probably The Funniest, Most Effective Way To Deal With People Who Ignore Science Facts Ever",1,4043,TRUE
"This Is Probably The Funniest, Most Effective Way To Deal With People Who Ignore Science Facts Ever",0,4044,FALSE
"If You Were Bullied And Decided To Channel It In A Fantastic Way, You Would Be These Kids",1,4045,TRUE
"You Might Of Decided To Become A Sixth-Grade Metalhead If You Were Bullied, Too",0,4046,FALSE
Meet The Defiant Nuns Who Are Taking Names And Fighting Back,1,4047,TRUE
Meet The Defiant Nuns Who Are Taking Names And Fighting Back,0,4048,FALSE
"If 287,000 Women Had Been Given A Few More Choices About Their Sex Lives They’d Still Be Alive",1,4049,TRUE
I’m Lucky To Live Somewhere Where I Have Choices About My Maternal Health. 222 Million Don’t.,0,4050,FALSE
"If You Were Bullied And Decided To Channel It In A Fantastic Way, You Would Be These Kids",1,4051,TRUE
"If You Were Bullied And Decided To Channel It In A Fantastic Way, You Would Be These Kids",0,4052,FALSE
"If 287,000 Women Had Been Given A Few More Choices About Their Sex Lives They’d Still Be Alive",1,4053,TRUE
"If 287,000 Women Had Been Given A Few More Choices About Their Sex Lives They’d Still Be Alive",0,4054,FALSE
This Rapper Schools Us On Who We Have To Thank For That 5 O'Clock Feeling,1,4055,TRUE
This Rapper Schools Us On Who We Have To Thank For That 5 O'Clock Feeling,0,4056,FALSE
Diana Saw A Huge Problem In Her Community And Did Something No One Else Knew How To Do,1,4057,TRUE
Why This Big Problem In Her Community Only Inspired Her To Make Things Better,0,4058,FALSE
WARNING: This Guy Will Rip Your Heart Out Within 3 Minutes Talking About Kids,1,4059,TRUE
This Is What It Means To Be A Black Child In America,0,4060,FALSE
"If You Were Bullied And Decided To Channel It In A Fantastic Way, You Would Be These Kids",1,4061,TRUE
"If You Were Bullied And Decided To Channel It In A Fantastic Way, You Would Be These Kids",0,4062,FALSE
They Thought It Couldn't Happen To Them. And Then It Did.,1,4063,TRUE
They Thought It Couldn't Happen To Them. And Then It Did.,0,4064,FALSE
"If You Have To Talk To Your Kids This Way, I'm Sorry On Behalf Of Humanity",1,4065,TRUE
The Horrible Thing About 37% Of Americans Might Have To Teach Their Children,0,4066,FALSE
Hard Time Visualizing The Importance Of Medical Research? Here's A Simple (And Shocking) Lesson.,1,4067,TRUE
A Brave And Astonishing Lesson On The Importance Of Medical Research,0,4068,FALSE
The Science Presentation That Would've Kept Me Awake In High School,1,4069,TRUE
MIC DROP: Can't Fall Asleep During This Science Class,0,4070,FALSE
Watch A Gut-Wrenching Moment A Father Sees His Son For the First Time After He Is Thought To Be Dead,1,4071,TRUE
Watch A Gut-Wrenching Moment A Father Sees His Son For the First Time After He Is Thought To Be Dead,0,4072,FALSE
Watch A Gut-Wrenching Moment A Father Sees His Son For the First Time After He Is Thought To Be Dead,1,4073,TRUE
Watch A Gut-Wrenching Moment A Father Sees His Son For the First Time After He Is Thought To Be Dead,0,4074,FALSE
"Meanwhile, In The Peaceful Little Kingdom Of Denmark, The Citizens Were Happy, Healthy, And On Time",1,4075,TRUE
They Just Can’t Get Enough Bicycling! See What Those Zany Danes Are Up To.,0,4076,FALSE
The Epic Animated Story Of How A Ton Of Dimes And A Badass Scientist (Almost) Eradicated A Disease,1,4077,TRUE
The Epic Animated Story Of How A Ton Of Dimes And A Badass Scientist (Almost) Eradicated A Disease,0,4078,FALSE
Science Has Been Lying To You About Some Fundamental Truths,1,4079,TRUE
"How A Story Can Change The Way You Feel About The Whole World
",0,4080,FALSE
"Racial Profiling, Please Meet My Friend, Common Sense. You Two Need To Talk.",1,4081,TRUE
"Racial Profiling, Please Meet My Friend, Common Sense. You Two Need To Talk.",0,4082,FALSE
"Bullying And Rape Culture Have A New Enemy, And He Is … A Fraternity Brother",1,4083,TRUE
"The Hardest Bullies To Stand Up To Are The Ones Who You Call Brother
",0,4084,FALSE
This Rapper Schools Us On Who We Have To Thank For That 5 O'Clock Feeling,1,4085,TRUE
A Rapper's Verses Tell Us Who We Have To Thank — For That 5 O'Clock Feeling,0,4086,FALSE
You Have Electricity Because Of Guys Like These,1,4087,TRUE
Forget 'Dirty Jobs' — Check Out These Dudes Who LASSO POWER WHILE IN THE AIR,0,4088,FALSE
"If You Have To Tell Your Kids This Stuff, Then You Probably Aren't A White Person",1,4089,TRUE
"If You Have To Tell Your Kids This Stuff, Then You Probably Aren't A White Person",0,4090,FALSE
Hear One Of The Biggest Triumphs Of Modern History Told In 4 Minutes,1,4091,TRUE
The Epic Animated Story Of How A Ton Of Dimes And A Badass Scientist (Almost) Eradicated A Disease,0,4092,FALSE
You Know Those Power Lines That Stretch On Forever When You're Driving Across The Countryside?,1,4093,TRUE
The Incredible Things That These People Do So You Can Turn On Your Lights,0,4094,FALSE
WATCH: Celebrities Wasting Money To Make The World A Better Place,1,4095,TRUE
WATCH: Celebrities Wasting Money To Make The World A Better Place,0,4096,FALSE
"His Demonstration Is Incredibly Simple, In The Completely Fascinating, Heartbreaking, Oh-My-God Way",1,4097,TRUE
"For Those Who Suffer The Same Disease, He Gives An Incredibly Intimate And Profound Demonstration",0,4098,FALSE
"If You Were Bullied And Decided To Channel It In A Fantastic Way, You Would Be These Kids",1,4099,TRUE
"If You Were Bullied And Decided To Channel It In A Fantastic Way, You Would Be These Kids",0,4100,FALSE
"Who Doesn't Like To Watch Half-naked Girls Dancing? These Guys, After They See Why It's Happening",1,4101,TRUE
"Who Doesn't Like To Watch Half-naked Girls Dancing? These Guys, After They See Why It's Happening",0,4102,FALSE
These Marvelous Boys Were Bullied And Decided To Channel It In A Fantastic Way.,1,4103,TRUE
"If You Were Bullied Like These Kids And Decided To Channel It Into This, You'd Also Be Fantastic ",0,4104,FALSE
Superhuman Navigation Skills? Risky Sexual Behavior? Your Native Language Might Be To Blame.,1,4105,TRUE
Superhuman Navigation Skills? Risky Sexual Behavior? Your Native Language Might Be To Blame.,0,4106,FALSE
Kevin Spacey Predicts The Future. Mainstream Media Could Be In Serious Trouble.,1,4107,TRUE
Kevin Spacey Explains How Traditional Media Is Losing Its Stranglehold On Content,0,4108,FALSE
Stephen Fry Drops A Whale Of A Final Remark On The Catholic Church During A Debate,1,4109,TRUE
"Oh, The Crappy Arguments People Try To Pull On Stephen Fry...",0,4110,FALSE
"His Demonstration Is Incredibly Simple, In The Completely Fascinating, Heartbreaking, Oh-My-God Way",1,4111,TRUE
"His Demonstration Is Incredibly Simple, In The Completely Fascinating, Heartbreaking, Oh-My-God Way",0,4112,FALSE
You Know Those Power Lines That Stretch On Forever When You're Driving Across The Countryside?,1,4113,TRUE
You Know Those Power Lines That Stretch On Forever When You're Driving Across The Countryside?,0,4114,FALSE
"What If The Women In Your Life Had No Choice But To Keep Having Babies, Even If It Killed Them?",1,4115,TRUE
"Their Shelves Were Empty, And Women Were Dying",0,4116,FALSE
Holy Crap! They've Already Saved 20 Million Lives. That Deserves Way More Than Applause.,1,4117,TRUE
We Should Totally Thank These People For Making Our World Waaaay Less Deadly,0,4118,FALSE
How The Future Might Look If We Don't Push For Gun Control,1,4119,TRUE
How The Future Might Look If We Don't Push For Gun Control,0,4120,FALSE
Is 'The Next Jimi Hendrix' Too Subtle For How Talented This Kid Is?,1,4121,TRUE
Is 'AC/DC As Kids From Harlem' Descriptive Enough For How Talented These Kids Are?,0,4122,FALSE
At 5pm A Man's Daughter Was Sick. By 7pm She Was Dead. Her Killer Is Now Being Cleaned Up.,1,4123,TRUE
At 5pm A Man's Daughter Was Sick. By 7pm She Was Dead. Her Killer Is Now Being Defeated.,0,4124,FALSE
A Hilarious And Beautiful Song About All The Crazy Sh*t Women Do To Look Good,1,4125,TRUE
A Hilarious And Beautiful Song About All The Crazy Sh*t Women Do To Look Good,0,4126,FALSE
"What Two Sticks, A Nail And A Bucket Can Do That Test Tubes And Scientific Tests Can't",1,4127,TRUE
"When Some Sticks And A Bucket Are The Strongest Weapons Against Deadly Killers
",0,4128,FALSE
This Woman Saw A Huge Problem In Her Community And Did Something No One Else Knew How To Do,1,4129,TRUE
"This Woman Saw A Ginormous Problem, And, Well, She's Pretty Much Saving The Day",0,4130,FALSE
I Never Thought About My Cell Phone This Way. Did You?,1,4131,TRUE
Why We Need More Cell Phones In The World,0,4132,FALSE
WATCH: Celebrities Wasting Money To Make The World A Better Place,1,4133,TRUE
How Celebrities Wasting Money Makes The World A Better Place,0,4134,FALSE
"How Can Two Sticks, A Nail And A Bucket Solve A Problem Test Tubes And Scientific Tests Can't?",1,4135,TRUE
"What Can Two Sticks, A Nail And A Bucket Do Better Than Test Tubes And Scientific Tests?",0,4136,FALSE
At 5pm A Man's Daughter Was Sick. By 7pm She Was Dead. Her Killer Is Now Being Cleaned Up.,1,4137,TRUE
At 5pm A Man's Daughter Was Sick. By 7pm She Was Dead. Her Killer Is Now Being Cleaned Up.,0,4138,FALSE
You Know Those Power Lines That Stretch On Forever When You're Driving Across The Countryside?,1,4139,TRUE
You Know Those Power Lines That Stretch On Forever? Here Are The People Who Actually Hang Them.,0,4140,FALSE
The Warning Label That We Never Knew We Needed Until We Saw It,1,4141,TRUE
A Good Idea That We Actually Came Up With Decades Ago But Forgot To Keep Using,0,4142,FALSE
"His Fraternity Gave Him The Same Bland, Empty Lecture On Drinking … Here’s His Response",1,4143,TRUE
"His Fraternity Gave Him The Same Bland, Empty Lecture On Drinking … Here’s His Response",0,4144,FALSE
"After I Saw This, I Put Down My Phone And Didn’t Pick It Up For The Rest Of The Day",1,4145,TRUE
"If You Ever Feel Panicked When Your Phone Is At 20% Battery, This Might Help",0,4146,FALSE
Pretty Much The Next Jimi Hendrix — Is That Too Subtle For How Talented I Think This Kid Is?,1,4147,TRUE
Pretty Much The Next Jimi Hendrix — Is That Too Subtle For How Talented I Think This Kid Is?,0,4148,FALSE
"How Can Two Sticks, A Nail And A Bucket Solve A Problem Test Tubes And Scientific Tests Can't?",1,4149,TRUE
"How Can Two Sticks, A Nail And A Bucket Solve A Problem Test Tubes And Scientific Tests Can't?",0,4150,FALSE
"At 5 P.M., A Girl Got Sick. By 7 P.M., She Was Dead. Her Killer Is Now Being Cleaned Up.",1,4151,TRUE
"At 5 P.M., A Young Woman Got Sick. By 7 P.M., She Was Dead. Her Killer Is Now Being Cleaned Up.",0,4152,FALSE
"If We Legalize Weed In America, We'll Have To Deal With A Lot More Of These People",1,4153,TRUE
"If We Legalize Weed In America, We'll Have To Deal With A Lot More Of These People",0,4154,FALSE
"At First I Was All, “Shut UP, David Blaine!” But By The Time He Started Crying, I Was A Fan. ",1,4155,TRUE
"He Performs Life-Threatening Stunts For A Living, But This Speech Brought Him To Tears",0,4156,FALSE
"How Can Two Sticks, A Nail And A Bucket Solve A Problem Test Tubes And Scientific Tests Can't?",1,4157,TRUE
"The Incredible Thing Two Sticks, A Nail And A Bucket Can Do To Save Lives",0,4158,FALSE
Hahahaha! So﻿ true – 12 Statements Veterans Are Pretty Damn Tired Of Hearing.,1,4159,TRUE
Aaaarrrggghhh – 12 Statements Veterans Are Pretty Damn Tired Of Hearing.,0,4160,FALSE
A Ginormous Energy Company Picked A Fight With College Kids. They Probably Shouldn't Have Done That.,1,4161,TRUE
Once Upon A Time Some College Kids Chased An Energy Company Out Of Town,0,4162,FALSE
"A Ginormous Energy Company Picked A Fight With College Kids And Really, Really, Regretted It",1,4163,TRUE
Dear Ginormous Greedy Energy Company. Check. Your Move.,0,4164,FALSE
Remember These Incredible Facts The Next Time You Sleep In On A Saturday,1,4165,TRUE
Remember These Incredible Facts The Next Time You Sleep In On A Saturday,0,4166,FALSE
Remember These Facts The Next Time You Sleep In On A Saturday,1,4167,TRUE
Remember These Historical Facts The Next Time You Sleep In On A Saturday,0,4168,FALSE
What’s Schizophrenia Like? A Woman Who Hears Voices Explains It Beautifully.,1,4169,TRUE
"Talking To The Voices In Her Head Helped Her Get Better, Now She’s Helping Others",0,4170,FALSE
"HAHAHA, So﻿ True! 12 Statements Veterans Are Pretty Damn Tired Of Hearing.",1,4171,TRUE
12 Statements Veterans Are Pretty Damn Tired Of,0,4172,FALSE
"Yes, Right, This Radio Host Host Makes Sense. Maternity Leave Is A Ridiculous Concept. Oh, Wait...",1,4173,TRUE
"Yes, Right, This Radio Host Host Makes Sense. Maternity Leave Is A Ridiculous Concept. Oh, Wait...",0,4174,FALSE
What’s Schizophrenia Like? A Woman Who Hears Voices Explains It Beautifully.,1,4175,TRUE
What’s Schizophrenia Like? A Woman Who Hears Voices Explains It Beautifully.,0,4176,FALSE
"At First I Was All, “Really, David Blaine?” But By The Time He Started Crying, I Was A Fan.",1,4177,TRUE
"At First I Was All, “Whatever, David Blaine,” But By The Time He Started Crying, I Was A Fan.",0,4178,FALSE
"Yes, Right, This Radio Host Host Makes Sense. Maternity Leave Is A Ridiculous Concept. Oh, Wait...",1,4179,TRUE
"Yes, Right, This Radio Host Host Makes Sense. Maternity Leave Is A Ridiculous Concept. Oh, Wait...",0,4180,FALSE
Remember These Facts The Next Time You Sleep In On A Saturday,1,4181,TRUE
Remember These Facts The Next Time You Sleep In On A Saturday,0,4182,FALSE
Rep. John Lewis Joined Fast Food Workers On Strike And This Is What He Said,1,4183,TRUE
One Of The Original Icons Of The Civil Rights Movement Joins Striking Fast Food Workers,0,4184,FALSE
"This Radio Show Host Makes Sense. Maternity Leave Is A Ridiculous Concept. Oh, Wait...",1,4185,TRUE
"This Radio Show Host Makes Sense. Maternity Leave Is A Ridiculous Concept. Oh, Wait...",0,4186,FALSE
Hilarious Examples Of People Who Can’t Think For Themselves,1,4187,TRUE
Hilarious Examples Of People Who Can’t Think For Themselves,0,4188,FALSE
Science Has Been Lying To You About Some Fundamental Truths,1,4189,TRUE
Science Has Been Lying To You About Some Fundamental Truths,0,4190,FALSE
"His Fraternity Gave Him The Same Bland, Empty Lecture On Drinking … Here’s His Response",1,4191,TRUE
"His Fraternity Gave Him The Same Bland, Empty Lecture On Drinking … Here’s His Response",0,4192,FALSE
A Greedy Old Power Company Decided To Pick A Fight With Some Young Organized 20-Somethings. Whoops.,1,4193,TRUE
A Greedy Old Power Company Decided To Pick A Fight With Some Young Organized 20-Somethings. Whoops.,0,4194,FALSE
Some College Kids Figured Out How To Cut Energy Companies Out Of Our Lives. They Are Not Amused.,1,4195,TRUE
Some College Kids Figured Out How To Cut Energy Companies Out Of Our Lives. They Are Not Amused.,0,4196,FALSE
This Is What Happens When A Congressman Joins With Fast Food Workers To Make Some Change,1,4197,TRUE
This Is What Happens When A Congressman Joins With Fast Food Workers To Make Some Change,0,4198,FALSE
"Do You Remember the Female Avenger? This Little Girl Does, And She Has Something To Say About It. ",1,4199,TRUE
"Do You Remember the Female Avenger? This Little Girl Does, And She Has Something To Say About It. 
",0,4200,FALSE
"If You Recognize Yourself In This Video, It’s Time To Do Something About It
",1,4201,TRUE
"When Did We Turn Into A Bunch Of Soulless, Addicted Techbots?",0,4202,FALSE
Some College Kids Figured Out How To Cut Energy Companies Out Of Our Lives. They Are Not Amused.,1,4203,TRUE
Some Organized Folks Figured Out How To Cut Energy Companies Out Of Our Lives. They Are Not Amused.,0,4204,FALSE
Some College Kids Figured Out How To Cut Energy Companies Out Of Our Lives. They Are Not Amused.,1,4205,TRUE
Some College Kids Figured Out How To Cut Energy Companies Out Of Our Lives. Guess Who Is Not Amused?,0,4206,FALSE
Some College Kids Figured Out How To Cut Energy Companies Out Of Our Lives. They Are Not Amused.,1,4207,TRUE
A Overzealous Power Company Tried To Take Advantage Of An Entire Town. Whoops.,0,4208,FALSE
"It Kills 3 People A Minute, But That's Not Stopping This Group Of Heroes",1,4209,TRUE
Holy Crap! They've Already Saved 20 Million Lives. That Deserves Way More Than Applause.,0,4210,FALSE
This Woman Saw A Huge Problem In Her Community And Did Something No One Else Knew How To Do,1,4211,TRUE
"Her Community Needed Some Serious Help, So She Took On The Challenge",0,4212,FALSE
"The Most Powerful Weapon In The World Is The One That 897 Million People Don’t Have
",1,4213,TRUE
"The Most Powerful Weapon In The World That I Wish Every Man, Woman, And Child Had Access To",0,4214,FALSE
A Bunch Of Young Punks Just Managed To Make A Giant Corporation Freak Out Big Time,1,4215,TRUE
A Bunch Of Young Punks On A Bus Just Managed To Make A Giant Corporation Freak Out Big Time,0,4216,FALSE
"The Most Powerful Weapon In The World Is The One 775 Million People Don’t Know How To Use
",1,4217,TRUE
The Most Powerful Weapon In The World Is The One That 897 Million People Don’t Have,0,4218,FALSE
A Bunch Of Young Punks Just Managed To Make A Giant Monolithic Corporation Freak Out Big Time,1,4219,TRUE
A Bunch Of Regular Folks Just Managed To Make A Giant Corporation Freak Out Big Time,0,4220,FALSE
A Bunch Of Young Punks Just Managed To Make A Giant Monolithic Corporation Freak Out Big Time,1,4221,TRUE
A Giant Monolithic Corporation Is Trying To Bully A City Into Paying More For Dirtier Power. Whoops.,0,4222,FALSE
The One Where The Doctors Do Miraculous Things Inside A Blow-Up Tent While A War Is Going On Outside,1,4223,TRUE
A Doctor Describes What It’s Like Working Inside An Inflatable Tent In The Middle Of A War,0,4224,FALSE
His Piano Playing Is Beautiful. I’m Glad He Has Somewhere To Play It Now.,1,4225,TRUE
"For These Homeless Families, One Key Makes All The Difference In The World",0,4226,FALSE
"The Most Powerful Weapon In The World Is The One 775 Million People Don’t Know How To Use 
",1,4227,TRUE
"The Most Powerful Weapon In The World Is The One 775 Million People Don’t Know How To Use 
",0,4228,FALSE
A Bunch Of Young Punks Just Made A Giant Monolithic Corporation Freak Out Big Time,1,4229,TRUE
A Bunch Of Young Rabblerousers Just Made A Giant Monolithic Corporation Freak Out Big Time,0,4230,FALSE
"When Everything In Syria Is An Emergency Room, A 'Normal' Hospital Visit Looks Like This",1,4231,TRUE
"In Syria, One Of The Only Hospitals Is Actually A Tent",0,4232,FALSE
A Bunch Of Young Punks Just Made A Giant Corporation Freak Out Big Time And They're Doing It Again,1,4233,TRUE
A Bunch Of Young Punks Just Made A Giant Corporation Freak Out Big Time And They're Doing It Again,0,4234,FALSE
A Bunch Of Young Geniuses Just Made A Corrupt Corporation Freak Out Big Time. Time For Round Two.,1,4235,TRUE
Some Young Geniuses Made A Corrupt Corporation Freak Out Big Time. They Are Coming Back For Seconds.,0,4236,FALSE
The Things This Dude Is Saying About Why Your Job Is Better Than It Used To Be Are Fact,1,4237,TRUE
The Things This Dude Is Saying About Why Your Job Is Better Than It Used To Be Are Truthy Truths,0,4238,FALSE
A Bunch Of Young Geniuses Just Made A Corrupt Corporation Freak Out Big Time. Time For Round Two.,1,4239,TRUE
A Bunch Of Young Geniuses Just Made A Corrupt Corporation Freak Out Big Time. Time For Round Two.,0,4240,FALSE
A Bunch Of Young Geniuses Just Made A Corrupt Corporation Freak Out Big Time. Time For Round Two.,1,4241,TRUE
A Bunch Of Young Geniuses Just Made A Corrupt Corporation Freak Out Big Time. Time For Round Two.,0,4242,FALSE
One Man Got To Hear These Words From His Sons Before They Died On 9/11,1,4243,TRUE
One Man Got To Hear These Words From His Sons Before They Died On 9/11,0,4244,FALSE
I Never Thought I'd See The Day Where Even Broad Daylight Is Too Dangerous For Love,1,4245,TRUE
I Never Thought I'd See The Day Where Even Broad Daylight Is Too Dangerous For Love,0,4246,FALSE
It's Like Working Overtime And Not Getting Paid For It,1,4247,TRUE
It's Like Busting Your Ass AND Getting A Pay Cut,0,4248,FALSE
It's Like Working Overtime And Not Getting Paid For It,1,4249,TRUE
It's Like Working Overtime And Not Getting Paid For It,0,4250,FALSE
"A Beautiful, Animated Reminder Of What You Can Do To Save A Life",1,4251,TRUE
"Be Inspired To Save A Life By, Er, The Red Line Along The Bottom Of A YouTube Video",0,4252,FALSE
​Sorry Pregnant Lady: You Can't Give Birth Here Because You're Poor,1,4253,TRUE
​Sorry Pregnant Lady: You Can't Give Birth Here Because You're Poor,0,4254,FALSE
"When A Whole Country Is An Emergency Room, A 'Normal' Hospital Visit Looks Like This",1,4255,TRUE
"When Everything In Syria Is An Emergency Room, A 'Normal' Hospital Visit Looks Like This",0,4256,FALSE
"Here's A Way To Find Out Exactly How Much Money You Should Be Earning, But Probably Aren't",1,4257,TRUE
Ever Wish You Could See Just How Much You SHOULD Be Making?,0,4258,FALSE
"What Killed 30,000 Children In 3 Months Has These Celebrities Saying The F-Word",1,4259,TRUE
I Learned About A Whole Other F-Word And I Think I'm Better For It,0,4260,FALSE
"Hey Science, You're Great - But Two Sticks, A Nail And A Bucket Solve A Problem Better Than You",1,4261,TRUE
How Can Two Sticks And A Bucket Solve A Problem Test Tubes Better Than Test Tubes And Science Labs?,0,4262,FALSE
"A Beautiful, Animated Reminder Of What You Can Do To Save A Life",1,4263,TRUE
"A Beautiful, Animated Reminder Of What You Can Do To Save A Life",0,4264,FALSE
​Sorry Pregnant Lady: You Can't Give Birth Here Because You're Poor,1,4265,TRUE
​Sorry Pregnant Lady: You Can't Give Birth Here Because You're Poor,0,4266,FALSE
A Beautifully Animated Reminder Of What You Can Do To Save A Life,1,4267,TRUE
"A Beautiful, Animated Reminder Of What You Can Do To Save A Life",0,4268,FALSE
"If You Happen To Know A Teacher, Here's Something That Will Make Their Day",1,4269,TRUE
"What If Lesson Plans And Other Resources For Teachers Were Shareable, Open Source, And Free?",0,4270,FALSE
"These Doctors Don't Give A Damn About Your Politics Or Wealth, They Just Want To Do Their Job",1,4271,TRUE
"These Doctors Don't Give A Damn About Your Politics Or Wealth, They Just Want To Do Their Job",0,4272,FALSE
"Here's An F-Word That's Okay To Say Around Children, But Really Hard To Explain To Them",1,4273,TRUE
"Here's An F-Word That's Okay To Say Around Children, But Really Hard To Explain To Them",0,4274,FALSE
You'll Never Guess Where A Quarter Of The World's Prison Population Is,1,4275,TRUE
You'll Never Guess Where A Quarter Of The World's Prison Population Is,0,4276,FALSE
This Is What Happens When You Come Across A Straight Politician Who Knows His Gay Stuff,1,4277,TRUE
Holy Equality! A Straight Male Politician Gets It Right.,0,4278,FALSE
What This Straight Male Christian Politician Just Said About Gays Knocked My Socks Off,1,4279,TRUE
This Is What Happens When You Come Across A Straight Politician Who Knows His Gay Stuff,0,4280,FALSE
One Country's Ingeniously Successful Scheme To Get People To Adopt Unwanted Mutts,1,4281,TRUE
One Country's Ingeniously Successful Scheme To Get People To Adopt Unwanted Mutts,0,4282,FALSE
Imagine If Everyone Copied Their Genius Plan To Save A Puppy,1,4283,TRUE
Imagine If Everyone Copied Their Genius Plan To Save A Puppy,0,4284,FALSE
"She Swam From Cuba To Florida, Walked Up Onto The Beach And Told Everyone 2 Things To Never Forget",1,4285,TRUE
"I Wish I Could Push Myself As Far As She Just Did. Oh Wait, Apparently I Can ",0,4286,FALSE
Looks Like Oregon Has The Right Idea About How To Make Our Country Safer,1,4287,TRUE
These Filmmakers Have America's Gun Policies In Their Crosshairs,0,4288,FALSE
You'll Never Guess Where A Quarter Of The World's Prison Population Is,1,4289,TRUE
You'll Never Guess Where A Quarter Of The World's Prison Population Is,0,4290,FALSE
"Hands Down, The Quickest Way To Kick Start The Economy Is To Do Something Very Simple",1,4291,TRUE
Quick Guess: Who Would Be Helped By Raising The Minimum Wage?,0,4292,FALSE
I Never Would Have Guessed Where A Quarter Of The World's Prison Population Is,1,4293,TRUE
I Never Would Have Guessed That 25% Of The World's Prison Population Is Here,0,4294,FALSE
Dustin Hoffman Breaks Down Crying Explaining Something That Every Woman Sadly Already Experienced,1,4295,TRUE
Dustin Hoffman Breaks Down Crying Explaining Something That Every Woman Sadly Already Experienced,0,4296,FALSE
Alyssa Milano Made A Sex Tape And It's Really Important That You Watch It. I'm Not Joking.,1,4297,TRUE
The Most Informative And Salacious Educational Video About Syria Involving Celebrity Sex Ever Made,0,4298,FALSE
A Boy Came Out On Facebook. His Mother Found Out And Decides To Leave A Letter.,1,4299,TRUE
The World Would Be A Drastically Different Place If All Mom's Said These Words To Their Gay Child,0,4300,FALSE
A Sports Commentator Proves That A 'Maybe' Does Not A Job Make,1,4301,TRUE
It's Time We All Pay Attention To The Most Important Thing In Football — And It's Not The Score,0,4302,FALSE
I Just Love It When Jerks Get Called Out The Way This Jerkface Is Being Called Out,1,4303,TRUE
You Don't Have To Play Sports To Agree With What This Host Is So Angry About,0,4304,FALSE
The World Would Be A Drastically Different Place If All Mom's Said These Words To Their Child.,1,4305,TRUE
The World Would Be A Drastically Different Place If All Mom's Said These Words To Their Child.,0,4306,FALSE
One Country's Plan To Save Unwanted Dogs Is Pure Genius,1,4307,TRUE
One Country's Plan To Save Unwanted Dogs Is Pure Genius,0,4308,FALSE
Her Dad Thinks Being Gay Was Her Choice. The Words She Said Back? Couldn't Have Chosen Them Better.,1,4309,TRUE
Her Dad Thinks Being Gay Was Her Choice. The Words She Said Back? Couldn't Have Chosen Them Better.,0,4310,FALSE
Dustin Hoffman Breaks Down Crying Explaining Something That Every Woman Sadly Already Experienced,1,4311,TRUE
Dustin Hoffman Breaks Down Crying Explaining Something That Every Woman Sadly Already Experienced,0,4312,FALSE
Cable News Host Takes On Morally Complex Issue With Exceeding Care,1,4313,TRUE
Cable News Host Takes On Morally Complex Issue With Exceeding Care,0,4314,FALSE
"If We Legalize Weed In America, We'll Have To Deal With A Lot More Of These People",1,4315,TRUE
"If We Legalize Weed In America, We'll Have To Deal With A Lot More Of These People",0,4316,FALSE
Stephen Fry's Bone-Crushing Final Remark In A Debate Against The Catholic Church,1,4317,TRUE
Stephen Fry's Bone-Crushing Final Remark In A Debate Against The Catholic Church,0,4318,FALSE
Here's How To Fit Saving The World Into Your Busy Schedule,1,4319,TRUE
The Armchair Advocate's Guide To 24 Hours Of Giving,0,4320,FALSE
A Journalist Was Asked By Her Network To Cover Paris Hilton. She Did This Instead.,1,4321,TRUE
Fellow 'Journalists' Try To Bully Her Into Covering A Paris Hilton Story. It Doesn't Work.,0,4322,FALSE
"She Probably Won't Win A Grammy, But Her Music Literally Saves Lives",1,4323,TRUE
"Imma Let You Finish, But Her Lifesaving Music Is The Best Of All Time",0,4324,FALSE
A Journalist Was Asked By Her Network To Cover Paris Hilton. She Did This Instead.,1,4325,TRUE
A Journalist Stands Up To Her Network After Being Asked To Cover Paris Hilton. Incredible.,0,4326,FALSE
Got 2 Minutes? I’ve Got A Video That’ll Explain The Sh*tstorm That Is Syria Right Now,1,4327,TRUE
Got 2 Minutes? I’ve Got A Video That’ll Explain The Sh*tstorm That Is Syria Right Now,0,4328,FALSE
When She Realized Her Students Were Suicidal This Teacher Changed Her Curriculum,1,4329,TRUE
When She Realized Her Students Were Suicidal This Teacher Changed Her Curriculum,0,4330,FALSE
Why The One Thing You Should Buy Right Now For Kids In Need Is Actually A Camera,1,4331,TRUE
Why Buying Cameras For Kids In Need Is A Fantabulous Idea,0,4332,FALSE
Her Dad Thinks Being Gay Was Her Choice. The Words She Said Back? Couldn't Have Chosen Them Better.,1,4333,TRUE
Her Dad Thinks Being Gay Was Her Choice. The Words She Said Back? Couldn't Have Chosen Them Better.,0,4334,FALSE
Half Of Us Did This Illegal Act After We Graduated College. It's Not Okay.,1,4335,TRUE
There's A Word For What This Is... What's It Called Again? Oh Yeah — Slavery.,0,4336,FALSE
An Amazing Thing Happened When An Indian American Comedian Got Sick Of Jokes About His Race,1,4337,TRUE
"That A+ Moment When A Comedian Calls Out Racist, Outdated Jokes During A Roast",0,4338,FALSE
You Know How People Say Everyone In America Should Know English? How About This American Language?,1,4339,TRUE
You Know How People Say Everyone In America Should Know English? How About This American Language?,0,4340,FALSE
Meet Anthony. He’s About To Educate Us On One Of The Most Perplexing And Obvious Signs Of Autism.,1,4341,TRUE
Meet Anthony. He’s About To Educate Us On One Of The Most Perplexing And Obvious Signs Of Autism.,0,4342,FALSE
Over The Years It Has Had Over 80 Names But Now It Has Become A Four Letter Word,1,4343,TRUE
Reason #89789 That PTSD Is Nothing To Mess With,0,4344,FALSE
"That A+ Moment When A Comedian Calls Out Racist, Outdated Jokes During A Roast",1,4345,TRUE
"That A+ Moment When A Comedian Calls Out Racist, Outdated Jokes During A Roast",0,4346,FALSE
What Happens When A Really Powerful Idea Takes Off: Some Companies Are Getting Nervous ...,1,4347,TRUE
What Happens When A Really Powerful Idea Takes Off: Working People Are Waking Up!,0,4348,FALSE
The Quickest Way To Kick Start The Economy Is To Do Something Very Simple,1,4349,TRUE
The Quickest Way To Kick Start The Economy Is To Do Something Very Simple,0,4350,FALSE
"You Wouldn't Want This To Happen To Your Baby, But It Happens To A Thousand Babies Every Single Day.",1,4351,TRUE
"You Wouldn't Want This To Happen To Your Baby, But It Happens To A Thousand Babies Every Single Day.",0,4352,FALSE
"See What Racism Looks Like When It's So Overt, It's Written Into The Rule Book",1,4353,TRUE
I Wonder If Some Schools Would Be Happier If Certain Kids Just Shaved Their Heads...,0,4354,FALSE
The Conflict In Syria Explained In About 2 Minutes,1,4355,TRUE
Got 2 Minutes? Wanna Understand The Front Page Of Your Newspaper? Here's The Video For You,0,4356,FALSE
"She Swam From Cuba To Florida, Walked Up Onto The Beach And Told Everyone 2 Things To Never Forget",1,4357,TRUE
"She Swam From Cuba To Florida, Walked Up Onto The Beach And Told Everyone 2 Things To Never Forget",0,4358,FALSE
"You Wouldn't Want This To Happen To Your Baby, But It Happens To A Thousand Babies Every Single Day.",1,4359,TRUE
"You Wouldn't Want This To Happen To Your Baby, But It Happens To A Thousand Babies Every Single Day.",0,4360,FALSE
Half Of Us Did This Illegal Act After We Graduated College. It's Not Okay.,1,4361,TRUE
Half Of Us Did This Illegal Act After We Graduated College. It's Not Okay.,0,4362,FALSE
WATCH: A 2 Minute Video That'll Bring You Up To Speed On Syria,1,4363,TRUE
WATCH: A 2 Minute Video That'll Bring You Up To Speed On Syria,0,4364,FALSE
I Don’t Care How Nice Your Couch Is. Please Don’t Do This Torturous Thing To Your Cat.,1,4365,TRUE
I Don’t Care How Nice Your Couch Is. Please Don’t Punish Your Cat So Horrifically For Being A Cat.,0,4366,FALSE
Meet Anthony. He’s About To Educate Us On One Of The Most Perplexing And Obvious Signs Of Autism.,1,4367,TRUE
This Kid Will Educate You On One Of The Most Perplexing And Obvious Signs Of Autism.,0,4368,FALSE
"Over The Years, It Has Had Over 80 Names But Now It Has Become A Four-Letter Word",1,4369,TRUE
"Over The Years, It Has Had Over 80 Names But Now It Has Become A Four-Letter Word",0,4370,FALSE
Half Of Us Did This Illegal Act After We Graduated College. It's Really Not Okay.,1,4371,TRUE
"Half Of Us Performed This Illegal Action After We Graduated College. Seriously, It's Not Okay.",0,4372,FALSE
What This Guy Did Back In The Day Was Heinous. How He Decided To Make Amends Is Honorable.,1,4373,TRUE
What This Guy Did Back In The Day Was Heinous. How He Decided To Make Amends Is Honorable.,0,4374,FALSE
"WHOA: Attention Walmart Shoppers, There's A Flash Mob On Aisle 4",1,4375,TRUE
"WHOA: Attention Walmart Shoppers, There's A Flash Mob On Aisle 4",0,4376,FALSE
I KIlled A Man',1,4377,TRUE
I KIlled A Man',0,4378,FALSE
"See What Racism Looks Like When It's So Overt, It's Written Into The Rule Book",1,4379,TRUE
"See What Racism Looks Like When It's So Overt, It's Written Into The Rule Book",0,4380,FALSE
WATCH: A 2 Minute Video That'll Bring You Up To Speed On Syria,1,4381,TRUE
WATCH: A 2 Minute Video That'll Bring You Up To Speed On Syria,0,4382,FALSE
"We Know How Much Teens Love Selfies, But There's A Certain Type They Shouldn't Take",1,4383,TRUE
"We Know How Much Teens Love Selfies, But There's A Certain Type They Shouldn't Take",0,4384,FALSE
Half Of Us Are Victims Of This Illegal Act After We Graduate College. It's Really Not OK.,1,4385,TRUE
Half Of Us Are Victims Of This Illegal Act After College. It's Really Not OK.,0,4386,FALSE
Half Of Us Are Victims Of This Illegal Act After We Graduate College. It's Really Not OK.,1,4387,TRUE
Half Of Us Are Victims Of This Illegal Act After We Graduate College. It's Really Not OK.,0,4388,FALSE
An Epic Example Of How Big The Actual Problem Is,1,4389,TRUE
A Problem Big Enough To Hold A Dance Party Inside,0,4390,FALSE
He Just Came Up With The Worst Idea In The History Of The Internet. It Involves Your Bank Account.,1,4391,TRUE
He Just Came Up With The Worst Idea In The History Of The Internet. It Involves Your Bank Account.,0,4392,FALSE
He Just Came Up With The Worst Idea In The History Of The Internet. It Involves Your Bank Account.,1,4393,TRUE
He Just Came Up With The Worst Idea In The History Of The Internet. It Involves Your Bank Account.,0,4394,FALSE
Looks Like Oregon Has The Right Idea About How To Make Our Country Safer,1,4395,TRUE
"An Oregon Man Is Putting Recent American Tragedies In The Hot Seat, To Ask How We'll Be Remembered",0,4396,FALSE
The. Most. Astounding. Fact. EVER.,1,4397,TRUE
The Most Astounding Fact EVER,0,4398,FALSE
That Time A Big Fancy Corporate Shill Realized His Entire Life Was A Horrible Lie,1,4399,TRUE
That Time A Big Fancy Corporate Shill Realized His Entire Life Was A Horrible Lie,0,4400,FALSE
Our Decision To Head Into Syria Gets The Stewart Treatment,1,4401,TRUE
"As Our Syria Involvement Unfolds, Stewart Wants To Talk About Our D*ck Measuring Ribbon Process",0,4402,FALSE
Looks Like Oregon Has The Right Idea About How To Make Our Country Safer,1,4403,TRUE
What's Over 5 Thousand And Climbing Since The Sandy Hook Shooting? I'll Let These Folks Tell You,0,4404,FALSE
A Movie Just As Frightening As 'The Birds' ... But Real.,1,4405,TRUE
"Beauty And Splendor Are Being Erased Forever On A Remote Island, And The Culprit Doesn't Have A Clue",0,4406,FALSE
"A Simple Gesture Shows The Goodness In People, And That's All It Really Takes",1,4407,TRUE
How In The World Are Basketball And Beer Making Me Tear Up?,0,4408,FALSE
"20 Years Ago We Thought Of It As Sci-fi, And Now 162 Countries Can Stare Me In The Face",1,4409,TRUE
"20 Years Ago We Thought Of It As Sci-fi, And Now 162 Countries Can Stare Me In The Face",0,4410,FALSE
The Incredible Inspiration One Man Gave Us In The Last Hour Of His Life,1,4411,TRUE
"It's Shocking To See Some Of This Footage Again, But So Worth It To Learn About A True Hero",0,4412,FALSE
He Just Came Up With The Worst Idea In The History Of The Internet. It Involves Robbing You.,1,4413,TRUE
"Meet John Wooley. The Big Cable Companies Hired Him To Screw- Er, Show You A ""Better"" Internet.",0,4414,FALSE
The Incredible Inspiration One Man Gave Us In The Last Hour Of His Life,1,4415,TRUE
The Incredible Inspiration One Man Gave Us In The Last Hour Of His Life,0,4416,FALSE
What This Guy Did Back In The Day Was Shameful. How He Decided To Make Amends Is Gut-Wrenching.,1,4417,TRUE
What This Guy Did Back In The Day Was Shameful. How He Decided To Make Amends Is Gut-Wrenching.,0,4418,FALSE
I Have A Favor To Ask. Listen To This Beautiful Story About Strippers. You'll Thank Me Later.,1,4419,TRUE
I Have A Favor To Ask. Listen To This Beautiful Story About Strippers. You'll Thank Me Later.,0,4420,FALSE
"By The Year 2020, Almost Half Of The Workforce Will Be Made Up Of These People",1,4421,TRUE
What Managers And Team Leaders Need To Know About Millennials,0,4422,FALSE
A Senator Takes A Moment To Get Real With You About What You Are Up Against,1,4423,TRUE
A Senator Tells A Room Full Of People What We Already Know About Our Broken System,0,4424,FALSE
"A Boy Makes Anti-Muslim Comments In Front Of An American Soldier. Bad Idea, Dude.",1,4425,TRUE
"Do Americans Have A Problem with Muslims? If So, Can They Listen To The Soldier Here Speak?",0,4426,FALSE
This Is Where My Neighbor's Children Do Their Homework',1,4427,TRUE
It's Cute That They Thought We Wouldn't Notice Them Trying To Rip Us Off,0,4428,FALSE
Our Decision To Head Into Syria Gets The Stewart Treatment,1,4429,TRUE
Our Decision To Head Into Syria Gets The Stewart Treatment,0,4430,FALSE
Two Minutes Of Inspiration And Courage From An Amazing Senator,1,4431,TRUE
Two Minutes Of Inspiration And Courage From An Amazing Senator,0,4432,FALSE
A Boy Makes Anti-Muslim Comments In Front Of An American Soldier. The Soldiers Reply = Priceless.,1,4433,TRUE
"A Boy Makes Anti-Muslim Comments In Front Of An American Soldier. Bad Idea, Dude.",0,4434,FALSE
The UN Has Declared This The Gravest Refugee Crisis In A Generation - Do You Know What It Is?,1,4435,TRUE
The UN Has Declared This The Gravest Refugee Crisis In A Generation - Do You Know What It Is?,0,4436,FALSE
"Watch The Moment Russell Brand Rips Into A Big, Famous Sponsor With A Terrible Past",1,4437,TRUE
Russell Brand Delivers His Brand Of Controversy To A Brand With A Terrible Past,0,4438,FALSE
Two Minutes Of Inspiration And Courage From An Amazing Senator,1,4439,TRUE
Two Minutes Of Inspiration And Courage From An Amazing Senator,0,4440,FALSE
Louis CK Outlines Why Our Kid's Might Not Feel Special On Their Special Days,1,4441,TRUE
Louis CK Breaks Down Why Our Experiences Might Be Easily Forgettable,0,4442,FALSE
This Kid Found Something We Should All See,1,4443,TRUE
Another Thing To Add To The List Of Things To Fear Alongside Sharks And Drowning,0,4444,FALSE
Louis CK Outlines Why Our Kid's Might Not Feel Special On Their Special Days,1,4445,TRUE
Louis CK Outlines Why Our Kid's Might Not Feel Special On Their Special Days,0,4446,FALSE
"Jimmy Kimmel Puts One Over On The Entire World, And The Biggest Sucker Was The News Cycle",1,4447,TRUE
"Jimmy Kimmel Puts One Over On The Entire World, And The Biggest Sucker Was The News Cycle",0,4448,FALSE
"Anyone Ever Tell You To ""Laugh It Off?"" Here's The Best Way To Do Just That.",1,4449,TRUE
These Comedians Are Going To Prevent A Horrible Disease One Joke At A Time,0,4450,FALSE
Jimmy Kimmel Duped The Entire World — And The Biggest Sucker Was The News Cycle,1,4451,TRUE
"Jimmy Kimmel Put One Over On The Entire World, And The Biggest Sucker Was The News Cycle",0,4452,FALSE
A Kid Found Something We Should All See,1,4453,TRUE
A Kid Found Something We Should All See,0,4454,FALSE
"Anyone Ever Tell You To ""Laugh It Off?"" Here's The Best Way To Do Just That.",1,4455,TRUE
"Anyone Ever Tell You To ""Laugh It Off?"" Here's The Best Way To Do Just That.",0,4456,FALSE
When A Gay Guy Gets Nabbed By The Sexual Orientation Police,1,4457,TRUE
You Just Can’t Be Gay Enough For Some People,0,4458,FALSE
"When This Guy Explains Why Women Won't Date Him, You May Roll Your Eyes. But 2 Minutes In...",1,4459,TRUE
"When This Guy Explains Why Women Won't Date Him, You May Roll Your Eyes. But 2 Minutes In...",0,4460,FALSE
This Guy Is Going To Show You One Of The Most Important Things You Can Teach Your Kids,1,4461,TRUE
This Guy Is Going To Show You One Of The Most Important Things You Can Teach Your Kids,0,4462,FALSE
"A Boy Tries To Commit Suicide At Age 15, Then Becomes An Awesome Role Model At 41",1,4463,TRUE
"A Boy Tries To Commit Suicide At Age 15, Then Becomes An Awesome Role Model At 41",0,4464,FALSE
"A Gay Kid Tries To Commit Suicide At Age 15, Then Becomes An Awesome Role Model At 41",1,4465,TRUE
"A Kid Tries To Commit Suicide At Age 15, Then Becomes An Awesome Role Model At 41",0,4466,FALSE
"A Gay Kid Tries To Commit Suicide At Age 15, Then Becomes A Really Awesome Role Model At 41",1,4467,TRUE
"A Boy Tries To Commit Suicide At Age 15, Then Becomes An Awesome Role Model At 41",0,4468,FALSE
"A Gay Kid Tries To Kill Himself At Age 15, Then Becomes A Really Awesome Role Model At 41",1,4469,TRUE
"A Gay Kid Tries To Commit Suicide At Age 15, Then Becomes A Really Awesome Role Model At 41",0,4470,FALSE
"Remember That Movie 'The Birds'? This One Is Just As Scary, But Real.",1,4471,TRUE
"Remember That Movie 'The Birds'? This One Is Just As Scary, But Real.",0,4472,FALSE
A Comedian Rises From The Dead To Explain Why We're Going To Invade Syria,1,4473,TRUE
Q: Why Some Countries Are So Good At War? A: Because They Get A Lot Of Practice.,0,4474,FALSE
Watch Our ‘First World Problems’ Dumped On Someone Else,1,4475,TRUE
Watch Our ‘First World Problems’ Dumped On Someone Else,0,4476,FALSE
Watch Our ‘First World Problems’ Dumped On Someone Else,1,4477,TRUE
Watch Our ‘First World Problems’ Dumped On Someone Else,0,4478,FALSE
Here It Is: Your Monetary Incentive To Not Let Those Leftovers Get Moldy,1,4479,TRUE
Here It Is: Your Monetary Incentive To Not Let Those Leftovers Get Gross,0,4480,FALSE
"On September 11, 2001, A 12-Year-Old Kid Learned A Hard Lesson. It's Time You Learned More About It.",1,4481,TRUE
"That Day Had No Black Or White, Because Under That Rubble Everyone Was Gray",0,4482,FALSE
"To You, What These Friends Do Will Be Amazing. To Them Its No Big Deal.",1,4483,TRUE
"To You, What These Friends Do Will Be Amazing. To Them Its No Big Deal.",0,4484,FALSE
"On September 11, 2001, A 12-Year-Old Kid Learned A Hard Lesson",1,4485,TRUE
"On September 11th, A 12-Year-Old Kid Learned A Hard Lesson That We Should All Have Learned By Now",0,4486,FALSE
ACK! I Don't Know If I Can Throw Away Last Week's Pasta Now.,1,4487,TRUE
ACK! I Don't Know If I Can Throw Away Last Week's Pasta Now.,0,4488,FALSE
"To You, What These Friends Do Will Be Amazing. To Them Its No Big Deal.",1,4489,TRUE
"To You, What These Friends Do Will Be Amazing. To Them Its No Big Deal.",0,4490,FALSE
"Remember That Movie 'The Birds'? This One Is Just As Scary, But Real.",1,4491,TRUE
"Remember That Movie 'The Birds'? This One Is Just As Scary, But Real.",0,4492,FALSE
This Guy Is Going To Show You One Of The Most Important Things You Can Teach Your Kids,1,4493,TRUE
Requirement For An Incredible Life: An Amazing Attitude. Entirely Optional: Extremities.,0,4494,FALSE
You THINK You've Heard All The Usual Body Positive Messages Before. But This One Has Dinosaurs!,1,4495,TRUE
You THINK You've Heard All The Usual Body Positive Messages Before. But This One Has Dinosaurs!,0,4496,FALSE
Why We're Going To Invade Syria Is Explained Perfectly By — A Dead Comedian?,1,4497,TRUE
Why We're Going To Invade Syria Is Explained Perfectly By — George Carlin? Isn't He Dead?,0,4498,FALSE
"What Provides 250,000 Jobs And Is Literally Disappearing Before Our Eyes?",1,4499,TRUE
"Welcome To The Future, Where Life Jackets Are Obsolete And Life Is Generally Awkward",0,4500,FALSE
What You Should Know About The Chemical That Syria Is Bombing Children With,1,4501,TRUE
What You Should Know About The Chemical That Syria Is Bombing Children With,0,4502,FALSE
Brain-Cancer Patient Tries Stand-Up For The First Time. He Destroys.,1,4503,TRUE
Brain-Cancer Patient Tries Stand-Up For The First Time. He Destroys.,0,4504,FALSE
Getting Stabbed In The Baby But Not See A Schlong' Is Possibly The Best Phrase I've Heard This Week,1,4505,TRUE
Who Cares If He's An Undead Demigod Warlock Were-Bear?! Fair Is Fair.,0,4506,FALSE
What Provides A Quarter Million Jobs And Is Literally Disappearing Before Our Eyes?,1,4507,TRUE
"What Provides 250,000 Jobs And Is Actually Disappearing Before Our Eyes?",0,4508,FALSE
What He Says Can Make You Laugh. Or Just Change Your Life.,1,4509,TRUE
What He Says Can Make You Laugh. Or Just Change Your Life.,0,4510,FALSE
The Three Little Words That Could Help Keep Your Loved Ones Alive,1,4511,TRUE
The Three Little Words That Could Help Keep Your Loved Ones Alive,0,4512,FALSE
The American Dream Is No Longer Where You Think It Is,1,4513,TRUE
When Did You Last Visit Your Local Library? Meet Some Folks Who'll Inspire You To Go Back.,0,4514,FALSE
"Orange, Black, Pink ... Does It Really Matter The Color Of The Uniform When The Prisoner Is A Mom?",1,4515,TRUE
"Orange, Black, Pink ... Does It Really Matter The Color Of The Uniform When The Prisoner Is A Mom?",0,4516,FALSE
"I'm Sorry, I Couldn't See You Behind Of All Of Those Boobs, Main Character Saying An Important Line",1,4517,TRUE
"You Know, These Ladies Really Have A Point About Something Most Of Us Don't Even Notice",0,4518,FALSE
"Orange, Black, Pink ... Does It Really Matter The Color Of The Uniform When The Prisoner Is A Mom?",1,4519,TRUE
"Orange, Black, Pink ... Does It Really Matter The Color Of The Uniform When The Prisoner Is A Mom?",0,4520,FALSE
A Simple Joke About A Super Obvious Problem In Hollywood Said In A Refreshingly Sly Way,1,4521,TRUE
A Simple Joke About A Super Obvious Problem In Hollywood Said In A Refreshingly Sly Way,0,4522,FALSE
Watch A Musician Give The Coolest Science Lecture This Side Of Anywhere,1,4523,TRUE
I Guarantee You've Never Seen A Science Lecture Quite Like This Before,0,4524,FALSE
"She Was Going To Introduce The President Of The United States. Instead, She Got A Standing Ovation.",1,4525,TRUE
"She Was Going To Introduce The President Of The United States. Instead, She Got A Standing Ovation.",0,4526,FALSE
Ever Wonder What A Double Standard Within A Double Standard Looks Like?,1,4527,TRUE
Let's All Shoot Each Other Some Love. Literally!,0,4528,FALSE
"She Was Going To Introduce The President Of The United States. Instead, She Got A Standing Ovation.",1,4529,TRUE
"She Was Going To Introduce The President Of The United States. Instead, She Got A Standing Ovation.",0,4530,FALSE
Going To The Doctor Should Not Be This Funny,1,4531,TRUE
Going To The Doctor Should Not Be This Funny,0,4532,FALSE
Watch A Musician Give The Coolest Science Lecture This Side Of Anywhere,1,4533,TRUE
Watch A Musician Give The Coolest Science Lecture This Side Of Anywhere,0,4534,FALSE
She Tried To Kill Herself And It Didn't Work. See How She Made All That Into Something Beautiful.,1,4535,TRUE
Could You Turn Your Ugliest Days Into Your Most Beautiful? These People Can. And Did.,0,4536,FALSE
Every Silly Talking Point About Healthcare Debunked In One Rapid Fire Epically Reasonable Rant,1,4537,TRUE
Every Silly Talking Point About Healthcare Debunked In One Rapid Fire Epically Reasonable Rant,0,4538,FALSE
A Debate Between An Atheist And A Christian Has Quite A Surprising Result,1,4539,TRUE
A Debate Between An Atheist And A Christian Has Quite A Surprising Result,0,4540,FALSE
A Debate Between An Atheist And A Christian Has Quite A Surprising Result,1,4541,TRUE
A Debate Between An Atheist And A Christian Has Quite A Surprising Result,0,4542,FALSE
"If You Think Healthcare Doesn't Need Reform, You Probably Should Watch This",1,4543,TRUE
"If You Think Healthcare Doesn't Need Reform, You Probably Should Watch This",0,4544,FALSE
Badass Reporter Stands Up To Religious Leader. My New Hero.,1,4545,TRUE
Badass Reporter Stands Up To Religious Leader. My New Hero.,0,4546,FALSE
Why Is One Fast Food Restaurant Paying Double The Minimum Wage?,1,4547,TRUE
How Much Would You Pay To Make Sure The Employees Weren’t Spitting In The Hamburgers?,0,4548,FALSE
"After Working Hard Their Entire Lives, Don't They Deserve More?",1,4549,TRUE
"Martin Luther King Died Working For Justice In Memphis, But There's Still More To Be Done",0,4550,FALSE
His Beautiful Philosophies About Life Will Make You Feel Okay That We’re Running Out Of Oil,1,4551,TRUE
Why Do You Say ‘We’re Going To Run Out Of Oil’ Like It’s A Bad Thing?,0,4552,FALSE
Don't You Love It When Your Family And Friends Surprise You In The Aisle Of A Home Depot?,1,4553,TRUE
"I Hope When Such A Big Moment Happens To Me, There Are Cartwheeling Children Involved",0,4554,FALSE
One Of My Favorite Authors Says There's Something We Should Remove From All Classrooms,1,4555,TRUE
Wouldn't It Be Great If We Could Make Education Better For All Kids Without Spending A Dime?,0,4556,FALSE
This Is Not Like Any Other Mother And Child Reunion You Have Ever Seen,1,4557,TRUE
This Is Not Like Any Other Mother And Child Reunion You Have Ever Seen,0,4558,FALSE
This Man Kept A Secret For Most Of His Life. Not The Kind Of Secret You're Probably Thinking...,1,4559,TRUE
Can You Really Define What An American Is?,0,4560,FALSE
"The Definitive, Reasonable, Fact-Checked Debunking Of Every Silly Healthcare Reform Talking Point",1,4561,TRUE
"The Definitive, Reasonable, Fact-Checked Debunking Of Every Silly Healthcare Reform Talking Point",0,4562,FALSE
Girls Don't Run The World. But They Should.,1,4563,TRUE
Girls Don't Run The World,0,4564,FALSE
How Could The Plastic Surgery She Had Be About More Than Beauty?,1,4565,TRUE
Why In The World Would Someone Get Plastic Surgery For Someone Else?,0,4566,FALSE
"John Green Said, And I Quote, ""But First I Have To Blow Your Mind.""",1,4567,TRUE
Who Pays The Most In Taxes For The Least Amount Of Healthcare? HINT: Rhymes With Shamerica.,0,4568,FALSE
Are You Happy And In Love? Here’s Why That Makes You So Sad.,1,4569,TRUE
One Man’s Plan To Extend Life Forever Is Pretty Bold. But At Least He’s Trying.,0,4570,FALSE
"Beautiful Flash Mob Of Marriage Proposal Adorableness, Aisle 10",1,4571,TRUE
"Beautiful Flash Mob Of Marriage Proposal Adorableness, Aisle 10",0,4572,FALSE
This Is Not Like Any Other Mother And Child Reunion You Have Ever Seen,1,4573,TRUE
This Is Not Like Any Other Mother And Child Reunion You Have Ever Seen,0,4574,FALSE
"Before He Dies, What This Guy Does For His Child Is Beautiful",1,4575,TRUE
A Zombie Touched My Heart Without Eating It,0,4576,FALSE
"Beautiful Flash Mob Of Marriage Proposal Adorableness, Aisle 10",1,4577,TRUE
"Beautiful Flash Mob Of Marriage Proposal Adorableness, Aisle 10",0,4578,FALSE
This Man Kept A Secret For Most Of His Life. Not The Kind Of Secret You're Probably Thinking...,1,4579,TRUE
This Man Kept A Secret For Most Of His Life. Not The Kind Of Secret You're Probably Thinking...,0,4580,FALSE
"After Working Hard Their Entire Lives, Don't They Deserve More?",1,4581,TRUE
"After Working Hard Their Entire Lives, Don't They Deserve More?",0,4582,FALSE
His First 4 Sentences Are Interesting. The 5th Blew My Mind. And Made Me A Little Sick.,1,4583,TRUE
What First-World Country Pays The Most In Taxes For Healthcare?  WRONG.,0,4584,FALSE
His First 4 Sentences Are Interesting. The 5th Blew My Mind. And Made Me A Little Sick.,1,4585,TRUE
His First 4 Sentences Are Interesting. The 5th Blew My Mind. And Made Me A Little Sick.,0,4586,FALSE
Here's A Women's Rights Issue That You May Not Have Heard About,1,4587,TRUE
Here's A Women's Rights Issue That You May Not Have Heard About,0,4588,FALSE
His First 4 Sentences Are Interesting. The 5th Blew My Mind. And Made Me A Little Sick.,1,4589,TRUE
His First 4 Sentences Are Interesting. The 5th Blew My Mind. And Made Me A Little Sick.,0,4590,FALSE
See How A Bunch Of Students Got Vaginas Banned At Their University,1,4591,TRUE
See How A Bunch Of Students Got Vaginas Banned At Their University,0,4592,FALSE
Listen To These People Talk About Living On The Edge And Then Tell Me Why We Can't Change Things,1,4593,TRUE
Listen To These People Talk About Living On The Edge And Then Tell Me Why We Can't Change Things,0,4594,FALSE
Here's How To Make Working Moms Happy,1,4595,TRUE
Here's How To Make Working Moms Happy,0,4596,FALSE
Ever Wonder What A Double Standard Within A Double Standard Looks Like?,1,4597,TRUE
Ever Wonder What A Double Standard Within A Double Standard Looks Like?,0,4598,FALSE
An NBC Panel Suggests We Stop Talking About Banks Being Evil. Barney Frank's Response? Priceless.,1,4599,TRUE
"When You Hear NBC Hosts Talking About The Poor, Poor Bankers, You Know Something's Up",0,4600,FALSE
The Genius Idea One Pizza Owner Had That May Have Encouraged You To Study Harder At School,1,4601,TRUE
"Hey Kids, Do You Want Free Pizza AND Straight A's? This Pizza Owner Has A Genius Idea To Help You.",0,4602,FALSE
They Were The Last Ones To March With MLK. See What They're Up To Now.,1,4603,TRUE
"After Working Hard Their Entire Lives, Don't They Deserve More?",0,4604,FALSE
Humans Are Horrible. You'll Probably Agree When You See The Same Thing I Did.,1,4605,TRUE
Humans Are Horrible. You'll Probably Agree When You See The Same Thing I Did.,0,4606,FALSE
The Simple Act Of Kindness That You'll Remember Next Time You're Talking To A Waiter In A Restaurant,1,4607,TRUE
"The Act Of Kindness I'd Do If I Had A Spare $200. But Hey, I'll Just Smile At This In The Meantime.",0,4608,FALSE
"After 6 Years, This Is How She Reunited With Her Mother",1,4609,TRUE
"After 6 Years, This Is How She Reunited With Her Mother",0,4610,FALSE
The Reason We're All Safer on The Job In One Image,1,4611,TRUE
The Reason You're Much More Likely To Come Home From Work In One Piece Today,0,4612,FALSE
"After 6 Years, This Is How She Reunited With Her Mother",1,4613,TRUE
This Is Not Like Any Other Mother And Child Reunion You Have Ever Seen,0,4614,FALSE
The Reason We're All Safer on The Job In One Image,1,4615,TRUE
The Reason We're All Safer on The Job In One Image,0,4616,FALSE
The Reason We're All Safer on The Job In One Image,1,4617,TRUE
The Reason We're All Safer on The Job In One Image,0,4618,FALSE
"If You Don't Think Teachers Do Enough On The Job, Have I Got A Graphic For You",1,4619,TRUE
Perhaps We Should Let The Pentagon Raise Money From Bake Sales And Use Their Budget For Schools?,0,4620,FALSE
"If You Don't Think Teachers Do Enough On The Job, Have I Got A Graphic For You",1,4621,TRUE
"If You Don't Think Teachers Do Enough On The Job, Have I Got A Graphic For You",0,4622,FALSE
"If You Don't Think Teachers Do Enough On The Job, Have I Got A Graphic For You",1,4623,TRUE
"If You Don't Think Teachers Do Enough On The Job, Have I Got A Graphic For You",0,4624,FALSE
Patton Oswalt's Tale Of Catastrophic Failure Is Hilarious. And Surprisingly Inspiring.,1,4625,TRUE
Patton Oswalt Bombed Horrifically Onstage So The Rest Of Us Don't Have To,0,4626,FALSE
What If Congress Saw What It Really Feels Like To Be Us?,1,4627,TRUE
What If Congress Saw What It Really Feels Like To Be Us?,0,4628,FALSE
"Watch A Man Playing Piano In His Wrecked House After The Colorado Floods, For A Very Good Reason",1,4629,TRUE
"Watch A Man Playing Piano In His Wrecked House After The Colorado Floods, For A Very Good Reason",0,4630,FALSE
"Watch A Man Playing Piano In His House After The Floods, For A Heartbreaking Reason",1,4631,TRUE
"Watch A Man Playing Piano In His Wrecked House After The Floods, For A Beautiful Reason",0,4632,FALSE
God Has A Soul Mate Waiting ... As Long As You're Okay With Bending The Rules A Bit...,1,4633,TRUE
Love God? Ever Asked Yourself If You're Allowed To Love Anyone Else?,0,4634,FALSE
A Soul Mate Is Waiting As Long As You're Okay With Bending The Rules A Bit,1,4635,TRUE
He Has A Soul Mate Waiting ... As Long As You're Okay With Bending The Rules A Bit...,0,4636,FALSE
"If You Listen To What These New Yorkers Say And Are Not Angry, You Live In Another World From Me",1,4637,TRUE
"If You Listen To What These New Yorkers Say And Are Not Angry, You're Probably Rich",0,4638,FALSE
"13 People Were Just Murdered In DC, So The Chief Medical Officer Said What She Felt We Need To Hear",1,4639,TRUE
"When Trauma Surgeons Start To Lecture Us About ""Senseless Trauma"" You Know Something Needs To Change",0,4640,FALSE
One Of The Best Points I've Ever Heard Was Made In A Single Word,1,4641,TRUE
And Now Presenting: A Perfectly Political Punchline.,0,4642,FALSE
A Soul Mate Is Waiting As Long As You're Okay With Bending The Rules A Bit,1,4643,TRUE
A Soul Mate Is Waiting As Long As You're Okay With Bending The Rules A Bit,0,4644,FALSE
One Of The Best Points I've Ever Heard Was Made In A Single Word,1,4645,TRUE
One Of The Best Points I've Ever Heard Was Made In A Single Word,0,4646,FALSE
One Of The Best Comebacks I've Ever Heard Was Made In A Single Word,1,4647,TRUE
One Of The Best Points I've Ever Heard Was Made In A Solitary Word,0,4648,FALSE
¿Puedes Hablar El Lenguaje Del Amor?,1,4649,TRUE
¿Puedes Hablar El Lenguaje Del Amor?,0,4650,FALSE
The Shocking Thing A Father Opts To Do To His Daughter Because He Is So Poor,1,4651,TRUE
The Shocking Thing A Father Opts To Do To His Daughter Because He Is So Poor,0,4652,FALSE
She Runs The Bravest Barbershop I've Ever Seen,1,4653,TRUE
What She Thought Was The End Of Her Life Was Kind Of Just The Beginning,0,4654,FALSE
The Shocking Thing A Father Opts To Do To His Daughter Because He Is So Poor,1,4655,TRUE
The Shocking Thing A Father Opts To Do To His Daughter Because He Is So Poor,0,4656,FALSE
"BULLSEYE: Geena Davis Tells Hollywood Where To Stick Its Ageist, Sexist Representations Of Women",1,4657,TRUE
"BULLSEYE: Geena Davis Tells Hollywood Where To Stick Its Ageist, Sexist Representations Of Women",0,4658,FALSE
"A Young Thief Gets Caught And Gets Exactly What He Deserves
",1,4659,TRUE
A Shop Owner Deals With A Thief And Gets Exactly What He Deserves,0,4660,FALSE
Try Not To Fall In Love With A Little Thief After This One,1,4661,TRUE
Watch The Magnificient Way A Doctor Learns To Pay Up,0,4662,FALSE
"Man Finally Gets Dream Job. But To Others, It Could Be A Nightmare. ",1,4663,TRUE
How Much Would You Pay For A Smile? How's 5 Bucks Sound?,0,4664,FALSE
"Barack And Joe Want Your Money, But It's For Something Totally Awesome",1,4665,TRUE
And Now For A Kickstarter Moment With The Prez And His Wingman,0,4666,FALSE
Try To Watch Their Answers To A Beautiful Question And Not Smile. I Dare You.,1,4667,TRUE
An Inspiring Question We Need To Ask (And Act On) Way More Often.,0,4668,FALSE
"OK, So This Guy Somehow Found The Key To Happiness. But It's Still Really Hard To Believe. ",1,4669,TRUE
You COULD Walk Right Past Him. But I Wouldn't Recommend It.,0,4670,FALSE
A Young Thief Gets Caught And Gets Exactly What He Deserves,1,4671,TRUE
A Young Thief Gets Caught And Gets Exactly What He Deserves,0,4672,FALSE
I Can Guarantee In One Minute Your Respect For This Kid Will Multiply,1,4673,TRUE
"Middle School And Rehab Should Never Go Together, But For Jacob, It Has",0,4674,FALSE
A Bold and Beautiful Reason To Talk To Each Other In The Elevator,1,4675,TRUE
A Vibrant Reminds To Get Out There And Find Them,0,4676,FALSE
"OK, So He Somehow Found The Key To Happiness. But It's Still Really Hard To Believe. ",1,4677,TRUE
"OK, So He Somehow Found The Key To Happiness. But It's Still Really Hard To Believe. ",0,4678,FALSE
"OK, So This Guy Somehow Found The Key To Happiness. But It's Still Really Hard To Believe. ",1,4679,TRUE
"OK, So This Guy Somehow Found The Key To Happiness. But It's Still Really Hard To Believe. ",0,4680,FALSE
Who's Entitled To Overtime Pay In One Simple Graphic,1,4681,TRUE
"If You Work Past 8 Hours A Day Or 40 Hours A Week, You Might Be Entitled To Extra Pay",0,4682,FALSE
"Watch This Family Sweetly, And Lovingly Totally Destroy One Of The Worst Stereotypes Of Christians",1,4683,TRUE
"Watch This Family Sweetly, And Lovingly Totally Destroy One Of The Worst Stereotypes Of Christians",0,4684,FALSE
Aspiring Chef Gives It All Up To Work The Streets. He Gets Exactly What He Deserves.,1,4685,TRUE
Aspiring Chef Gives It All Up To Work The Streets. He Gets Exactly What He Deserves.,0,4686,FALSE
"Who's Entitled To Overtime Pay, In One Simple Graphic",1,4687,TRUE
"Who's Entitled To Overtime Pay, In One Simple Graphic",0,4688,FALSE
"Who's Entitled To Overtime Pay, In One Simple Graphic",1,4689,TRUE
"Who's Entitled To Overtime Pay, In One Simple Graphic",0,4690,FALSE
"Free Range, Organic, Fair Trade Are Good Questions, But Here's One That Will Blow You Away",1,4691,TRUE
Eva Longoria Would Like You To Ask One Question About Your Food,0,4692,FALSE
The Incredibly Valid Reason These Best Friends Have For Not Calling Their Relationship A 'Bromance',1,4693,TRUE
The Incredibly Valid Reason These Best Friends Have For Not Calling Their Relationship A 'Bromance',0,4694,FALSE
Watch These Straight People Answer A Question Gay People Have Been Asked For Years,1,4695,TRUE
Straight People: We're Just Born This Way!,0,4696,FALSE
Rachel Maddow Takes Us Through 50 Years Of Mass Shootings. The Trend She Uncovers Is Devastating.,1,4697,TRUE
"1949, 1966, 1984, 1986, 1991, 1999 ... And Then There's The Other Half.",0,4698,FALSE
"Ok, Ok I Got One - A Muslim And A Jew Walk Into A Bar…What Do They Demand?",1,4699,TRUE
"We Can All Agree That Iran, Israel And The US Need Peace. These Two Comedians Are Stepping Up",0,4700,FALSE
Something Amazing Is Happening On A New York Street Corner. And Almost No One's Noticed ... Yet.,1,4701,TRUE
"Something Amazing Is Taking Place In New York City, But Most People Haven't Even Noticed ... Yet. ",0,4702,FALSE
America's Best Christian Makes A Valid Point About This Country's Contradiction,1,4703,TRUE
"Can ""The Frosty Olympics Of Hate Is Sponsored By Coca Cola"" Be The Official Tagline?",0,4704,FALSE
They Gave Him A Medal For His Service And Asked Him To Give A Speech. One Thank-You Is Unexpected.,1,4705,TRUE
They Gave Him A Medal For His Service And Asked Him To Give A Speech. One Thank-You Is Unexpected.,0,4706,FALSE
"After 12 People Were Murdered In DC On Monday, Their Trauma Doctor Said Exactly What Was On Her Mind",1,4707,TRUE
"After 12 People Were Murdered In DC On Monday, Their Trauma Doctor Said Exactly What Was On Her Mind",0,4708,FALSE
Know Someone Who Has More Likes Than Friends? This Man Has A Few Words For Them.,1,4709,TRUE
Know Someone Who Has More Likes Than Friends? This Man Has A Few Words For Them.,0,4710,FALSE
"A Kickass Actress Says ‘Screw You, Hollywood’ With An Amazing Plan To Do What They Won’t",1,4711,TRUE
"To Change A Racist, Sexist, Billion-Dollar Industry, Sometimes You Gotta Do Things Yourself",0,4712,FALSE
What Happens If You Say NO To How Fashion Orders You To Be?,1,4713,TRUE
They're Absolutely And Totally Overdue For A Comeback This Season,0,4714,FALSE
"Help, My Emotions Have Been Stirred By This Moving Tale Of Self-Acceptance And Can't Get Up!",1,4715,TRUE
"Help, My Emotions Have Been Stirred By This Moving Tale Of Self-Acceptance And Can't Get Up!",0,4716,FALSE
"He Was Asked An Arrogant Question. His Great Answer Shows The Problem With How The U.S. Functions.
",1,4717,TRUE
This Guy Gives An Interviewer His Comeuppance & Sums Up The Way Politics Works—With Boston Charm.,0,4718,FALSE
Liam Neeson Is Waking Us Up To The Painful Truth About Our Children That We Can't See,1,4719,TRUE
Liam Neeson Is Waking Us Up To The Painful Truth About Our Children That We Can't See,0,4720,FALSE
4 Out Of 5 Doctors Recommend This Comic. (Side Effects: Worry-Free Sexin' And Not Getting Pregnant.),1,4721,TRUE
Anyone Against Women Taking Emergency Contraception Needs A Healthy Dose Of SCIENCE,0,4722,FALSE
What Happens If You Say NO To How Fashion Orders You To Be?,1,4723,TRUE
What Happens If You Say NO To How Fashion Orders You To Be?,0,4724,FALSE
"I'd Never Say A Pop Stars Music Video Is Crucial To Watch, But I'm Making An Exception Now ",1,4725,TRUE
A Pop Star Records A Beautiful Song For A Critical Issue. Let The Images Explain It All.,0,4726,FALSE
"You Never See The Faces Of the Couple, But The Doctors Facial Expression Says It All",1,4727,TRUE
"You Never See The Faces Of the Couple, But The Doctors Facial Expression Says It All",0,4728,FALSE
"If You Hadn't Heard Of This Little Girl Either, Ask Yourself Why That Is",1,4729,TRUE
"If You Hadn't Heard Of This Little Girl Either, Ask Yourself Why That Is",0,4730,FALSE
What Happens If You Say NO To How Fashion Orders You To Be?,1,4731,TRUE
What Happens If You Say NO To How Fashion Orders You To Be?,0,4732,FALSE
"She Lived Through A Tornado, Homelessness, And Losing Her Family. But Now, She Just Wants One Thing",1,4733,TRUE
"She Lived Through A Tornado, Homelessness, And Losing Her Family. But Now, She Just Wants One Thing",0,4734,FALSE
"That Whole ""Democracy"" Thing? This Scientist Explains The Most Important Thing We Need For It",1,4735,TRUE
"Quiet Now, Brian Cox Is Giving Some Science Real Talk",0,4736,FALSE
What Happens If You Say NO To How Fashion Orders You To Be?,1,4737,TRUE
What Happens If You Say NO To How Fashion Orders You To Be?,0,4738,FALSE
Help! My Emotions Have Been Stirred By This Moving Tale Of Self-Acceptance And Can't Get Up!,1,4739,TRUE
"Help, My Emotions Have Been Stirred By This Moving Tale Of Self-Discovery And Can't Get Up!",0,4740,FALSE
4 Out Of 5 Doctors Recommend This Comic. (Side Effects: Worry-Free Sexin' And Not Getting Pregnant.),1,4741,TRUE
4 Out Of 5 Doctors Recommend This Comic. (Side Effects: Worry-Free Sexin' And Not Getting Pregnant.),0,4742,FALSE
Anyone In Your Life Acting A Bit Too Self-Important? Show Them This Graph,1,4743,TRUE
Anyone In Your Life Acting A Bit Too Self-Important? Show Them This Graph,0,4744,FALSE
I Can Guarantee In One Minute Your Respect For This Kid Will Multiply,1,4745,TRUE
I Can Guarantee In One Minute Your Respect For This Kid Will Multiply,0,4746,FALSE
I Didn't Realize How Much We Needed To Examine Ourselves Until This Actress Spelled It Out,1,4747,TRUE
Solidarity Is For Everyone But Those Who Really Need It,0,4748,FALSE
Check Out Why Samuel L Jackson Just Yelled At A Store Full Of Angry Parents,1,4749,TRUE
Check Out Why Samuel L Jackson Just Yelled At A Store Full Of Angry Parents,0,4750,FALSE
"Their Government Isn't Thinking Straight, So These Italian Lawmakers Stopped BEING Straight.",1,4751,TRUE
"Their Government Isn't Thinking Straight, So These Italian Lawmakers Stopped BEING Straight.",0,4752,FALSE
"Meet The Man Who Fights Crime Like He’s A Real Life Batman
",1,4753,TRUE
"Think Masked Crusaders Are Only For Movies? Meet A Father Taking It To The Streets
",0,4754,FALSE
When A Father Gets Fed Up With The System Watch What Happens,1,4755,TRUE
"When Night Falls, This Father Transforms",0,4756,FALSE
"Their Government Isn't Thinking Straight, So These Italian Lawmakers Stopped BEING Straight.",1,4757,TRUE
"Their Government Isn't Thinking Straight, So These Italian Lawmakers Stopped BEING Straight.",0,4758,FALSE
"If Wars Were Funded This Way, The President Would Get A Definite Answer From The American People",1,4759,TRUE
Barack And Joe Would Get A Definite Answer From The American People If Wars Were Funded This Way,0,4760,FALSE
Here's What You Say To Quiet Some LGBT B.S.,1,4761,TRUE
Here's What You Say To Quiet Some LGBT B.S.,0,4762,FALSE
"A Dutch Guy Is Disgusted By America, But He Has A Hell Of A Point",1,4763,TRUE
"A Dutch Guy Is Disgusted By America, But He Has A Hell Of A Point",0,4764,FALSE
"If Merriam-Webster Defined ""Amazeballs"", I'm Pretty Sure Diana Nyad Would Be It",1,4765,TRUE
"If Merriam-Webster Defined ""Amazeballs"", I'm Pretty Sure Diana Nyad Would Be It",0,4766,FALSE
Here's What You Say To Quiet Some LGBT B.S.,1,4767,TRUE
Here's What You Say To Quiet Some LGBT B.S.,0,4768,FALSE
Something I Hear About All The Time But Only Now Understand,1,4769,TRUE
Something I Hear About All The Time But Only Now Understand,0,4770,FALSE
A Bunch Of Government Officials Were Told That Gay People Were Inappropriate. So They Did This.,1,4771,TRUE
A Government Wants To Make It O.K. To Hate On Gays. Some Of Its Representatives Have A Better Idea.,0,4772,FALSE
"The President Wants Your Money, But It's For Something Totally AWESOME",1,4773,TRUE
Funding America's Plans For Syria ... With Kickstarter?,0,4774,FALSE
This List Totally Fooled Me Into Thinking Playboy Might Actually Care About Women,1,4775,TRUE
"The 'How To Party With The Ladies' List Playboy Didn't Write, But You'll Wish They Did",0,4776,FALSE
What Happens When An Old Woman Says NO To How Fashion Orders Her To Be?,1,4777,TRUE
What Happens When An Old Woman Says NO To How Fashion Orders Her To Be?,0,4778,FALSE
"Our Politicians Are So Desperate For Our Support, They're Willing To Stoop This Low",1,4779,TRUE
"Thank You Mr. President, But You're Not Getting My Money ... Not This Time.",0,4780,FALSE
"Everything She Says Is Perfect, But I Wish She Never Had A Reason To Say It In The First Place",1,4781,TRUE
"Rapists Cause Rape, Not Being A ""Slut"" – Hear, Listen To Why That's The Truth",0,4782,FALSE
"Our Politicians Are So Desperate For Our Support, They're Willing To Stoop This Low",1,4783,TRUE
"Our Politicians Are So Desperate For Our Support, They're Willing To Stoop This Low",0,4784,FALSE
"A Girl Is Hit By A Car And Is Dying. The Response She's Met With Is A Shrug And ""Not My Problem.""",1,4785,TRUE
This Girl Was Hit By A Car In England And Is Dying. So Why Is Nobody Saving Her Life?,0,4786,FALSE
"Our Politicians Are So Desperate For Our Support, They're Willing To Stoop This Low",1,4787,TRUE
"Our Politicians Are So Desperate For Our Support, They're Willing To Stoop This Low",0,4788,FALSE
"If This Doesn't Piss You Off, Then I'll Wait For The Day You Dial 911 To Say, 'I Told You So'",1,4789,TRUE
"If This Doesn't Piss You Off, Then I'll Wait For The Day You Dial 911 To Say, 'I Told You So'",0,4790,FALSE
Martin Luther King Jr. Had An Amazing Way With Words. Here's A Powerful Example That's Rarely Seen.,1,4791,TRUE
Martin Luther King Jr. Had An Amazing Way With Words. Here's A Powerful Example That's Rarely Seen.,0,4792,FALSE
And The Winner For 'Biggest Hint That Hollywood Is Twisted' Is...,1,4793,TRUE
Every Year A Different Person Wins. But Somehow It's All The Same.,0,4794,FALSE
"Our Politicians Are So Desperate For Our Support, They're Willing To Stoop This Low",1,4795,TRUE
"Our Politicians Are So Desperate For Our Support, They're Willing To Stoop This Low",0,4796,FALSE
"Turns Out, Learning This Dance Could Be A Matter Of Life And Death",1,4797,TRUE
"Turns Out, Learning This Dance Could Be A Matter Of Life And Death",0,4798,FALSE
I'm Sorry ... Immigrants Contribute HOW MUCH Money To This Country?,1,4799,TRUE
"According To This, The Mexican Border Is Basically The New Ellis Island. How Do You Feel About That?",0,4800,FALSE
What Brings This Farmer To Tears Is Worth Three Minutes Of Your Time,1,4801,TRUE
Try To Hold Your Applause When This Rocker Finally Settles Down,0,4802,FALSE
Doing This To Kids Is Like Helping A Person Who Is Drowning By Setting Them On Fire,1,4803,TRUE
Doing This To Kids Is Like Helping A Person Who Is On Fire By Drowning Them,0,4804,FALSE
"She's Trying To Make It In Hollywood, But What She's Uncovering Is Pretty Troublesome
",1,4805,TRUE
That Thing Where You Tell Someone To Just Be More Black And Hope They Go With It,0,4806,FALSE
And The Winner For 'Biggest Hint That Hollywood Is Twisted' Is...,1,4807,TRUE
And The Winner For 'Biggest Hint That Hollywood Is Twisted' Is...,0,4808,FALSE
Teaching This Awful Thing To Kids Is Like Helping A Person Who Is On Fire By Drowning Them,1,4809,TRUE
Doing This To Kids Is Like Helping A Person Who Is On Fire By Drowning Them,0,4810,FALSE
Disabled Teen Faced Impossible Odds Entering College. Until …,1,4811,TRUE
"Brittle Bones Disease? Psh, These College Kids Got It Under Control. ",0,4812,FALSE
These Are The Faces Of Sexual Assault That You May Not Have Expected To See,1,4813,TRUE
"When He Told Someone, Instead Of Providing Support They Replied: ""Men Can't Get Raped"" ",0,4814,FALSE
These Ads Are Supposed To Scare You Away From Health Insurance. They'll Make You Laugh Instead.,1,4815,TRUE
How Out Of Touch With The World Do You Have To Be To Make These Ads?,0,4816,FALSE
Why People In Other Countries Wouldn't Get The Premise Of 'Breaking Bad',1,4817,TRUE
Why People In Other Countries Wouldn't Get The Premise Of 'Breaking Bad',0,4818,FALSE
And The Winner For 'Biggest Hint That Hollywood Is Twisted' Is...,1,4819,TRUE
And The Winner For 'Biggest Hint That Hollywood Is Twisted' Is...,0,4820,FALSE
The Surprising Story Of How One Of The Most Famous Women In Our Culture Came To Be,1,4821,TRUE
How 'We Can Do It' Grew From Wartime Propaganda To A Feminist Symbol,0,4822,FALSE
Why People In Other Countries Wouldn't Get The Premise Of 'Breaking Bad',1,4823,TRUE
Why People In Other Countries Wouldn't Get The Premise Of 'Breaking Bad',0,4824,FALSE
The Surprising Story Of How One Of The Most Famous Women In Our Culture Came To Be,1,4825,TRUE
The Surprising Story Of How One Of The Most Famous Women In Our Culture Came To Be,0,4826,FALSE
Teaching This Awful Way To Children Is Like Helping A Person Who Is On Fire By Drowning Them,1,4827,TRUE
"Let's Have A Frank Discussion About How We Are Making It Impossible For Children To Learn, Shall We?",0,4828,FALSE
"You Will Not Believe What This CEO Said About Black People. Never Mind, You Probably Will.",1,4829,TRUE
You Know When Someone Says Something So Rude And Idiotic And Terrible It Makes Your Face All Hot?,0,4830,FALSE
"A Girl Is Hit By A Car And Is Dying. The Response She's Met With Is A Shrug And ""Not My Problem.""",1,4831,TRUE
"A Girl Is Hit By A Car And Is Dying. The Response She's Met With Is A Shrug And ""Not My Problem.""",0,4832,FALSE
Teaching To Children In This Awful Way Is Like Helping A Person Who Is On Fire By Drowning Them,1,4833,TRUE
Teaching To Children Like This Is Akin To Helping A Person Who Is On Fire By Drowning Them,0,4834,FALSE
The Surprising Story Of How One Of The Most Famous Women In Our Culture Came To Be,1,4835,TRUE
The Surprising Story Of How One Of The Most Famous Women In Our Culture Came To Be,0,4836,FALSE
"Just When You Think A Billionaire Has Said The Most Out Of Touch Thing Ever, Another Wins The Crown",1,4837,TRUE
"Just When You Think A Banking CEO Has Said The Most Out Of Touch Thing Ever, Another Is Crowned King",0,4838,FALSE
Jon Stewart's 2 Sickening Loopholes For Cutting Employee Healthcare,1,4839,TRUE
Jon Stewart's 2 Sickening Loopholes For Cutting Employee Healthcare,0,4840,FALSE
Why People In Other Countries Wouldn't Get The Premise Of 'Breaking Bad',1,4841,TRUE
Why Folks Outside The U.S. Might Not Get The Premise Behind An Emmy-Award-Winning Show,0,4842,FALSE
"You Will Not Believe What This CEO Said About Black People. Never Mind, You Probably Will.",1,4843,TRUE
"Just When You Think A Billionaire Has Said The Most Out Of Touch Thing Ever, Another Wins The Crown",0,4844,FALSE
"You Will Not Believe What This Billionaire Said About Black People. Never Mind, You Probably Will.",1,4845,TRUE
"You Will Not Believe What This Billionaire Said About Black People. Never Mind, You Probably Will.",0,4846,FALSE
His Friends Know He Is About To Die. See How They Say Goodbye.,1,4847,TRUE
A Single Image That Shows How Close These Teams Can Get,0,4848,FALSE
That Time A Billionaire Said Something So Profoundly Awful That We Had To Fact Check His Face,1,4849,TRUE
That One Time A CEO Said Something So Profoundly Idiotic That We Had To Fact Check His Face,0,4850,FALSE
The 2 Ridiculous Loopholes That Make ObamaCare Obsolete For Evil Corporations,1,4851,TRUE
Why Pay For Employee Healthcare When These 2 Loopholes Make It Optional?,0,4852,FALSE
Why People In Other Countries Wouldn't Get The Premise Of 'Breaking Bad',1,4853,TRUE
Why People In Other Countries Wouldn't Get The Premise Of 'Breaking Bad',0,4854,FALSE
That One Time A CEO Said Something So Profoundly Awful And Dumb That We Had To Fact Check His Face,1,4855,TRUE
That One Time A CEO Said Something So Profoundly Awful And Dumb That We Had To Fact Check His Face,0,4856,FALSE
How Could A Group Of College Kids Do This To An Incoming Freshman? Because They're Geniuses.,1,4857,TRUE
College Kids Do Something To Incoming Freshman No One Expected,0,4858,FALSE
I'm Sorry ... People With Funny Accents Contribute HOW MUCH Money To This Country?,1,4859,TRUE
People With Funny Accents May Know The Next Steve Jobs?,0,4860,FALSE
"What Do Chips, Deodorant, And Tacos All Have In Common? Besides All Being Awesome...",1,4861,TRUE
"Kid President Was Made Possible By Something We All Have, And All Can Use",0,4862,FALSE
The Best Response For When Anyone Calls Young People Today Lazy,1,4863,TRUE
The Best Response For When Anyone Calls Young People Today Lazy,0,4864,FALSE
There Are Many Hands That Touch Our Food. These Will Make You Sick.,1,4865,TRUE
There Are Many Hands That Touch Our Food. These Will Make You Sick.,0,4866,FALSE
"He Didn't Do Anything Out Of The Ordinary, But Society Makes It Feel Like He Did",1,4867,TRUE
"He Didn't Do Anything Out Of The Ordinary, But Society Makes It Feel Like He Did",0,4868,FALSE
Miley Cyrus Points Out Something Wrong With America — And She's Absolutely Right,1,4869,TRUE
A Starlet Points Out Something That's SO Wrong With America — And She's Absolutely Right,0,4870,FALSE
At First I Thought He Was Making Fun Of Himself. Then I Realized He Was Warning Me.,1,4871,TRUE
"He Isn't A Superhero, But His Superpower Is Tellin' It Like It Is.",0,4872,FALSE
"I Didn't Think I Would Have Anything In Common With This Kid, But Boy Was I Wrong",1,4873,TRUE
A Rapper Reveals What His Biggest Inspiration Is — And Its High School?,0,4874,FALSE
The Things This 4-Year-Old Is Doing Are Cute. The Reason He's Doing Them Is Heartbreaking.,1,4875,TRUE
The Things This 4-Year-Old Is Doing Are Cute. The Reason He's Doing Them Is Heartbreaking.,0,4876,FALSE
It Takes Some People A Lifetime To Go Through All That She Went Through By The End Of Freshman Year,1,4877,TRUE
It Takes Some People A Lifetime To Go Through All That She Went Through By The End Of Freshman Year,0,4878,FALSE
Watch This Guy Misspell 'Father' At A Spelling Bee For A Beautiful Reason,1,4879,TRUE
Watch This Guy Misspell 'Father' At A Spelling Bee For A Beautiful Reason,0,4880,FALSE
He Breathes The Value Of Life Into Education,1,4881,TRUE
We Need More Living Examples For Our The Future ... Of Living Examples.,0,4882,FALSE
"She's Not From Here, So Why Does She Sound Like That?",1,4883,TRUE
"She's Not From Here, So Why Does She Sound Like That?",0,4884,FALSE
"I'm Not A Fan Of Shaming People, But In This Case I'm All For It. Kids Shouldn't Suffer.",1,4885,TRUE
"Eh, Who Needs Breakfast? Apparently Not 210,000 Kids Who Might Not Get It Pretty Soon. ",0,4886,FALSE
Something Every Teacher Should Watch. And Student. And Person.,1,4887,TRUE
"The Cause Of, And Solution To, Life's Biggest Problem",0,4888,FALSE
Something Every Teacher Should Watch. And Student. And Person.,1,4889,TRUE
It's About Time Someone Put Some Desire Back Into Classrooms,0,4890,FALSE
Some Find This Law Apocalyptic And Controversial. I Think It's Adorable And Cute.,1,4891,TRUE
You Don't Have To Choose Between Understanding Obamacare And Looking At Cute Animal Pictures.,0,4892,FALSE
Something To Think About Before You Take That Next Pill,1,4893,TRUE
"You Need To Know What Superbugs Are, And You Need To Know How You're Creating Them.",0,4894,FALSE
The Anti-Sale That'll Make You Rethink Your Trip To The Grocery Store,1,4895,TRUE
The Anti-Sale That'll Make You Rethink Your Trip To The Grocery Store,0,4896,FALSE
"Corporate America, You've Officially Been Schooled",1,4897,TRUE
"Corporate America, You've Officially Been Schooled",0,4898,FALSE
"If Geography And Cocaine Had A Child, You'd Get Some Of These Maps",1,4899,TRUE
"Straight Lines Are Curved Lines? I Don't Totally Understand These Maps, But I Love Them.",0,4900,FALSE
"Take A Look At This Man. If He Is Your Boss, Please Quit Immediately.",1,4901,TRUE
At Least Your Boss Has Never Given You The Middle Finger (I Hope),0,4902,FALSE
Legendary Actor Danny Glover Is ​​Getting Too Tired Of This Shit,1,4903,TRUE
Legendary Actor Danny Glover Is ​​Getting Too Tired Of This Shit,0,4904,FALSE
The Most Inspiring Yet Depressing Yet Hilarious Yet Horrifying Yet Heartwarming Grad Speech Ever,1,4905,TRUE
The Most Inspiring Yet Depressing Yet Hilarious Yet Horrifying Yet Heartwarming Grad Speech Ever,0,4906,FALSE
Why Are There So Many People Sitting In This Waiting Room At 4 AM?,1,4907,TRUE
Why Are There So Many People Sitting In This Waiting Room At 4 AM?,0,4908,FALSE
"She's Not From Here, So Why Does She Sound Like That?",1,4909,TRUE
She Knows She And Her Family Belong Just Where They Are,0,4910,FALSE
This Kid Is Laughing At A Photosynthesis Joke. Find Out Why. Thank Me Later.,1,4911,TRUE
This Was A Face Made During A Science Class. A Very Special Science Class,0,4912,FALSE
This Is The Most Inspiring Yet Depressing Yet Hilarious Yet Horrifying Yet Heartwarming Grad Speech,1,4913,TRUE
This Is The Most Inspiring Yet Depressing Yet Hilarious Yet Horrifying Yet Heartwarming Grad Speech,0,4914,FALSE
"What Requires 10 Areas Of Expertise, Pays Six Figures, And Has To Be Done By One Person?",1,4915,TRUE
"Wait, Mom ... You Want HOW MUCH In Back Pay?",0,4916,FALSE
"73% Of Americans Want This To Happen, But Think They Don't",1,4917,TRUE
The Completely Mathematical Reason You Need To Change Most Of Your Ideas On Immigration Reform,0,4918,FALSE
"He Was Like Them Once, And He's Making Sure They Go On A Better Path",1,4919,TRUE
He Was Like Them Once. He's Making Sure They Go On The Same Path He Did.,0,4920,FALSE
Step 1. Get Job. Step 2. Work Hard. Step 3. Receive Paycheck So Tiny Colbert Makes Fun Of It,1,4921,TRUE
The United States Of ‘Sorry ’Bout Your Luck.’ Can’t We Do Better?,0,4922,FALSE
These Are The Hardest Working People We Never Thank Enough. Some Celebrities Show Us How It’s Done.,1,4923,TRUE
Who Is The Person That Made Your Life Better As A Kid? A Bunch Of Celebrities Tell Us Theirs.,0,4924,FALSE
Imagine If You Turned Up To Your Job And These 16 Words Were Said To You,1,4925,TRUE
Imagine If You Turned Up To Your Job And These 16 Words Were Said To You,0,4926,FALSE
These Are The Faces Of Sexual Assault That You May Not Have Expected To See,1,4927,TRUE
These Are The Faces Of Sexual Assault That You May Not Have Expected To See,0,4928,FALSE
These Are The Hardest Working People We Never Thank Enough. Some Celebrities Show Us How It’s Done.,1,4929,TRUE
These Are The Hardest Working People We Never Thank Enough. Some Celebrities Show Us How It’s Done.,0,4930,FALSE
"What Requires 10 Areas Of Expertise, Would Pay Six Figures, And Has To Be Done By One Person?",1,4931,TRUE
"What Job Is Worth $133,368 A Year But Doesn't Pay A Dime?",0,4932,FALSE
6 No-Brainer Things We Could Be Doing To Kick-Start This Country,1,4933,TRUE
6 Simple Yet Brilliant Things We Could Be Doing To Kick-Start This Country,0,4934,FALSE
"Greetings, Corporate America. You've Officially Been Schooled.",1,4935,TRUE
"Hi, Corporate America. You've Officially Been Schooled.",0,4936,FALSE
6 No-Brainer Things We Could Be Doing To Kick-Start This Country,1,4937,TRUE
6 No-Brainer Things We Could Be Doing To Kick-Start This Country Right Now,0,4938,FALSE
"Corporate America, Consider Yourself Schooled. You're Welcome.",1,4939,TRUE
"Hi There, Corporate America. Prepare To Be Schooled.",0,4940,FALSE
The American Dream Is Only Available For A Select Group - But Not If This Happens,1,4941,TRUE
"​Until This Becomes A Reality, Dreamers Will Keep On Dreaming",0,4942,FALSE
"Move Over, Adele: This Lady Wins The 'Songs That Make Me Cry' Award",1,4943,TRUE
"Move Over, Adele: This Lady Wins The 'Songs That Make Me Cry' Award",0,4944,FALSE
WATCH: A Gay Friendly Pasta Commercial — Because Tolerance Shouldn't Be So Hard,1,4945,TRUE
Equality Is Served Piping Hot In This Gay-Friendly Pasta Commercial,0,4946,FALSE
WATCH: A Gay Friendly Pasta Commercial — Because Tolerance Shouldn't Be So Hard,1,4947,TRUE
WATCH: A Gay Friendly Pasta Commercial — Because Tolerance Shouldn't Be So Hard,0,4948,FALSE
WATCH: A Gay Friendly Pasta Commercial — Because Tolerance Shouldn't Be So Hard,1,4949,TRUE
WATCH: A Gay Friendly Pasta Commercial — Because Tolerance Shouldn't Be So Hard,0,4950,FALSE
A Man Who Clearly Hasn't Seen Senator Warren In Action Tries To One Up Her. Good Luck With That.,1,4951,TRUE
A Man Who Clearly Hasn't Seen Senator Warren In Action Tries To One Up Her. Good Luck With That.,0,4952,FALSE
A CEO Who Clearly Hasn't Seen Senator Warren In Action Tries To One Up Her.,1,4953,TRUE
Don't Debate This Senator Without Knowing Actual Facts. Otherwise She'll Have To Lend You Some.,0,4954,FALSE
A CEO Tried To Give A Senator A Math Lesson. She Explained How Math Actually Works.,1,4955,TRUE
This Senator Does Her Homework. The CEO She Is Holding Accountable? Not So Much.,0,4956,FALSE
WATCH: A Gay Pasta Commercial — Because Tolerance Shouldn't Be So Hard,1,4957,TRUE
Watch A Gay Pasta Commercial — Because Acceptance Shouldn't Be So Tough,0,4958,FALSE
A Simple Joke About A Super Obvious Problem In Hollywood Said In A Refreshingly Sly Way,1,4959,TRUE
A Simple Joke About A Super Obvious Problem In Hollywood Said In A Refreshingly Sly Way,0,4960,FALSE
The Top 6 Things We Could Be Doing To Kick-Start This Country,1,4961,TRUE
Here Are The Secrets To Getting Our Country Back On Track,0,4962,FALSE
The American Dream Is Only Available For A Select Group - But Not If This Happens,1,4963,TRUE
They've Grown Up And Studied Here – Can They Have A Shot At The Living Here Too?,0,4964,FALSE
The American Dream Is Only Available For A Select Group - But Not If This Happens,1,4965,TRUE
The American Dream Is Only Available For A Select Group - But Not If This Happens,0,4966,FALSE
A CEO Tried To Give Senator Warren A Math Lesson. So She Had To Explain How Math Actually Works.,1,4967,TRUE
A CEO Tried To Give Senator Warren A Math Lesson. So She Had To Explain How Math Actually Works.,0,4968,FALSE
"If This Were A Career, It Would Require 10 Areas Of Expertise And Pay Six Figures",1,4969,TRUE
"If This Were A Career, It Would Require 10 Areas Of Expertise And Pay Six Figures",0,4970,FALSE
So That’s What It Looks Like When A Journalist Refuses To Let Politicians Off The Hook,1,4971,TRUE
Behold: The Least Elegant Attempt To Dodge A Question I’ve Ever Seen,0,4972,FALSE
So That’s What It Looks Like When A Journalist Refuses To Let Politicians Off The Hook,1,4973,TRUE
So That’s What It Looks Like When A Journalist Refuses To Let Politicians Off The Hook,0,4974,FALSE
These Photos Of A Mom Dressing Her Kid As Legendary Women Instead Of A Disney Princess Are Kick- Ass,1,4975,TRUE
"Keep Your Disney Princesses, This Daughter Has Real Role Models She Looks Up To",0,4976,FALSE
Three Teenage Girls Have A Question For One Brilliant Comedian. No One's Disappointed.,1,4977,TRUE
A Grown Woman Answers Some Questions In Just A Really Great Way,0,4978,FALSE
The Cartoonish Farce That Is The Government Shutdown Explained In Less Than 4 Minutes,1,4979,TRUE
Who Is Responsible For The Shutdown And What Is In This Dude's Mouth?,0,4980,FALSE
The Cartoonish Farce That Is The Government Shutdown Explained In Less Than 4 Minutes,1,4981,TRUE
The Cartoonish Farce That Is The Government Shutdown Explained In Less Than 4 Minutes,0,4982,FALSE
See The 5 Kick-Ass Women This Mom Dressed Her Daughter Up As Instead Of A Disney Princess,1,4983,TRUE
"You Can Keep Your Disney Princesses, This Mom Has A Better Idea For Her Daughters Role Models",0,4984,FALSE
"These Dancing Teens Are Defying Expectations, Statistics, And Maybe A Few Laws Of Physics
",1,4985,TRUE
"In A City Where Becoming A Statistic Seems Like Fate, Some Incredible Teens Are Bursting Through",0,4986,FALSE
I Just Want To Know Who’s Been Hiding These Numbers From Us All Along?,1,4987,TRUE
"You Thought The Mormons Moved To Utah For Religion, But It Was Really For The Fuel Savings",0,4988,FALSE
The Cartoonish Farce That Is The Government Shutdown Explained In Less Than 4 Minutes,1,4989,TRUE
The Cartoonish Farce That Is The Government Shutdown Explained In Less Than 4 Minutes,0,4990,FALSE
Witness Class Warfare Like You've Never Seen It: Billionaire Vs. Billionaire,1,4991,TRUE
Witness Class Warfare Like You've Never Seen It: Billionaire Vs. Billionaire,0,4992,FALSE
A Dad Scolds His Homophobic Daughter In This Beautiful Letter,1,4993,TRUE
You're Never Too Old To Get In Trouble With Your Dad. How It's Happening This Time Is ... Different.,0,4994,FALSE
"The Beat Makes Me Wanna Shake My Booty, But The Lyrics Make Me Downright Angry",1,4995,TRUE
Some People Are So Sick Of Other People Being Mistreated They Went And Made A Song About It,0,4996,FALSE
Conan O'Brien Was A Great Boss Until The Government Shutdown Gave Him An Idea,1,4997,TRUE
Conan O'Brien Was A Great Boss Until The Government Shutdown Gave Him An Idea,0,4998,FALSE
"These Dancing Teens Are Defying Expectations, Statistics, And Maybe A Few Laws Of Physics ",1,4999,TRUE
Center Stage? Dirty Dancing? Save The Last Dance? They Won’t Stack Up After This Movie’s Out.,0,5000,FALSE
I Just Want To Know Who’s Been Hiding These Numbers From Us All Along?,1,5001,TRUE
"If You Love Smog, International Conflict, And Price Spikes, Find Yourself A Different Infographic",0,5002,FALSE
42 Ridiculous Maps That Are More Accurate Than The One You're Used To,1,5003,TRUE
42 Ridiculous Maps That Are More Accurate Than The One You're Used To,0,5004,FALSE
Corporate Media Tried To Stop The Little Guys. So The Little Guys Called In Some Friends.,1,5005,TRUE
"If You Hate Mainstream Media, You Can’t Just Walk Outside And Build Your Own. Or Can You? ",0,5006,FALSE
A Straight Guy Finally Gets What It's Like To Be Gay,1,5007,TRUE
A Straight Guy Finally Gets What It's Like To Be Gay,0,5008,FALSE
See The 5 Kick-Ass Women This Mom Dressed Her Daughter Up As Instead Of A Disney Princess,1,5009,TRUE
See The 5 Kick-Ass Women This Mom Dressed Her Daughter Up As Instead Of A Disney Princess,0,5010,FALSE
Corporate Media Tried To Stop The Little Guys. So The Little Guys Called In Some Friends.,1,5011,TRUE
Corporate Media Tried To Stop The Little Guys. So The Little Guys Called In Some Friends.,0,5012,FALSE
What Might Happen If The Government Stayed Shut Down For A Little Too Long,1,5013,TRUE
The Most Epic Frat House Ever Is Available On Craigslist,0,5014,FALSE
"We've Gone From Over 100 Countries Down To 4. This Is A Good Thing, I Swear.",1,5015,TRUE
"We've Gone From Over 100 Countries Down To 4. This Is A Good Thing, I Swear.",0,5016,FALSE
The Craigslist Ad That Will Make The Government Shutdown Seem Hilarious,1,5017,TRUE
A Craigslist Ad That Makes A Bold Statement About What's Going On In DC,0,5018,FALSE
"How ""Obamacare"" Is Its Own Worst Enemy",1,5019,TRUE
"How ""Obamacare"" Is Its Own Worst Enemy",0,5020,FALSE
"This Declaration About Politicians Is Too Mean To Be True, But ... Well ... It Basically Is.",1,5021,TRUE
A Statement About Politicians To Unite Us In Wake Of All The B.S. Happening In DC,0,5022,FALSE
These Comments About Politics Are Too Mean To Be True. But They ARE True.,1,5023,TRUE
Who's Decision Is It Anyway? Theirs Or Ours?,0,5024,FALSE
These Comments About Politics Are Too Mean To Be True. But They ARE True.,1,5025,TRUE
These Comments About Politics Are Too Mean To Be True. But They ARE True.,0,5026,FALSE
A Straight Guy Gets What It's Like To Be Gay,1,5027,TRUE
A Guy Gets What It's Like To Be Gay,0,5028,FALSE
Want An Honest Look At How Motherhood Changes Women's Bodies? Here You Go!,1,5029,TRUE
Wouldn't It Be Cool If All Tabloids Showed What Women Really Look Like After Giving Birth?,0,5030,FALSE
Want An Honest Look At How Motherhood Changes Women's Bodies? Here You Go!,1,5031,TRUE
Want An Honest Look At How Motherhood Changes Women's Bodies? Here You Go!,0,5032,FALSE
"Before You Hit The Drive-Through With Your Kids, Watch This Video. It Might Make You Think Twice.",1,5033,TRUE
Serving Up An Order Of Truth: $2 Billion In Marketing To Our Kids Is Too Much For Me,0,5034,FALSE
"Before You Hit The Drive-Through With Your Kids, Watch This Video. It Might Make You Think Twice.",1,5035,TRUE
"Before You Hit The Drive-Through With Your Kids, Watch This Video. It Might Make You Think Twice.",0,5036,FALSE
"Portugal's Radical Treatment Of Drugs — Are You Watching, America?",1,5037,TRUE
Could You Spend $1 Million On Illegal Drugs Per Year? Me Neither. But How About $41.3 BILLION?,0,5038,FALSE
"Before You Hit The Drive-Through With Your Kids, Watch This Video. It Might Make You Think Twice.",1,5039,TRUE
"Before You Hit The Drive-Through With Your Kids, Watch This Video. It Might Make You Think Twice.",0,5040,FALSE
These Comments About Politics Are Too Mean To Be True. But They ARE True.,1,5041,TRUE
These Comments About Politics Are Too Mean To Be True. But They ARE True.,0,5042,FALSE
You Might Want To Put The Brakes On Your Next Trip To The Fast Food Drive-Through. Here's Why.,1,5043,TRUE
It's Hard To Resist Doing Something When Companies Spend $2 Billion Convincing You It's A Good Idea,0,5044,FALSE
A Senator Gets Mad About The Shutdown And Starts Naming Names. About Time.,1,5045,TRUE
Don't Like It When The Government Shuts Down? Maybe You Should Start Saying What She Is Saying.,0,5046,FALSE
These Comments About Politics Are Too Mean To Be True. But They ARE True.,1,5047,TRUE
These Comments About Politics Are Too Mean To Be True. But They ARE True.,0,5048,FALSE
"Corporate America, Consider Yourself Schooled. You're Welcome.",1,5049,TRUE
"Corporate America, Consider Yourself Schooled. You're Welcome.",0,5050,FALSE
"Everything I Want Miley Cyrus To Hear About Herself, From The Last TV Host I Expected",1,5051,TRUE
Oh I Just Love It When Wendy Williams Gets Angry For Good Reason And Put Someone In Check,0,5052,FALSE
"If You've Ever Heard These 10 Stupid Arguments, You're Not Alone",1,5053,TRUE
Climate Change Deniers Are Left Without An Iceberg To Stand On,0,5054,FALSE
A Severely Intimate View Into Where Your Food Comes From,1,5055,TRUE
"If Our Food Could Talk, It Would Probably Try To Sue Us",0,5056,FALSE
She Turned Up To Her Job And Someone Had The Nerve To Say These 12 Words To Her,1,5057,TRUE
She Turned Up To Her Job And Someone Had The Nerve To Say These 12 Words To Her,0,5058,FALSE
Ban Ki-moon Says Something About Ladies That We Already Planned On Doing,1,5059,TRUE
Ban Ki-moon Says Something About Ladies That We Already Planned On Doing,0,5060,FALSE
I Don't Think You Are Supposed To Something That Gross With Butter,1,5061,TRUE
I Don't Think You Are Supposed To Something That Gross With Butter,0,5062,FALSE
"These Parents Lost A Son, And That Made Them Fight For Others",1,5063,TRUE
Hate And The Cold Winds Of Wyoming Claimed One Son 15 Years Ago,0,5064,FALSE
I Need You To Watch This Weirdo Rub A Stick Of Butter On A Tree. For A Really Good Reason.,1,5065,TRUE
I Need You To Watch This Weirdo Rub A Stick Of Butter On A Tree. For A Really Good Reason.,0,5066,FALSE
One Of The Highest-Paid Jobs You Can Get Out Of College Is One I've Never Even Thought Twice About,1,5067,TRUE
One Of The Highest-Paid Jobs You Can Get Out Of College Is One I've Never Even Thought Twice About,0,5068,FALSE
SNEAK PEEK: The Documentary That The NFL Would Rather You Skip,1,5069,TRUE
Meet The Doctor Who Tackled The NFL's Biggest Scandal,0,5070,FALSE
"Apparently, This Is Your Brain On Football ",1,5071,TRUE
"Apparently, This Is Your Brain On Football ",0,5072,FALSE
What Do All These Faces Have In Common? They Belong To One Woman Who Fought Back.,1,5073,TRUE
A Heartbreaking Year Of Staggering Courage,0,5074,FALSE
You Should Watch This Weirdo Rub A Stick Of Butter On A Tree. For A Really Good Reason.,1,5075,TRUE
I Need You To Watch This Weirdo Rub A Stick Of Butter On A Tree. For A Really Good Reason.,0,5076,FALSE
You Should Watch This Strange Man Rub A Stick Of Butter On A Tree. I'm Not Joking.,1,5077,TRUE
I Need You To Watch This Weirdo Rub A Stick Of Butter On A Tree. For A Really Good Reason.,0,5078,FALSE
You Should Watch This Strange Man Rub A Stick Of Butter On A Tree. For A Really Good Reason.,1,5079,TRUE
I Need You To Watch This Weirdo Rub A Stick Of Butter On A Tree. For A Really Good Reason.,0,5080,FALSE
The Woman Who Has As Close To A Super Power As We Can Get,1,5081,TRUE
"The Overwhelming Power Of Love, Told Through The Story Of One Woman's House",0,5082,FALSE
"Who've Got This? Ladies, We've Got This.",1,5083,TRUE
UN Leader Ban Ki-moon Says Something About Ladies That We Already Planned On Doing,0,5084,FALSE
A Girl Breaks Down Crying Explaining Something That Too Many Women Have Experienced,1,5085,TRUE
A Girl Breaks Down Crying Explaining Something That Too Many Women Have Experienced,0,5086,FALSE
What Does Your Life Expectancy Have To Do With Your Zip Code? Everything.,1,5087,TRUE
What Does Your Children's Life Expectancy Have To Do With Your Zip Code? This.,0,5088,FALSE
"See One City’s Sweet Plan To Plant About A Zillion Lemon Trees. That’s A Lotta Zest.
",1,5089,TRUE
"One City’s Plan For Streets That Smell Sweeter Than Lemon-Scented Pine Sol
",0,5090,FALSE
The Wheels On The Bus Come To A Screeching Freaking Halt,1,5091,TRUE
This Is What They Call 'Furlough' In Washington,0,5092,FALSE
Try Walking Around In New York Or San Francisco In One Of These Hats,1,5093,TRUE
"Some Perspective On A Certain Baseball Team, Care Of Common Sense",0,5094,FALSE
It Only Took A Minute For All These Man Tears To Start Flowing,1,5095,TRUE
What A Special Gift To Find On Your Doorstep,0,5096,FALSE
"If You Don't Believe That This Is A Real Thing, Then We Need To Talk About How Real Things Work",1,5097,TRUE
My Favorite Thing About Science Is This,0,5098,FALSE
"When They Called Him A Terrorist And Broke His Jaw, I Bet They Didn't Expect This Response ",1,5099,TRUE
"If Everyone Took The Advice Of A Man Who Was Beaten For Wearing A Turban, We'd Live In A Safer World",0,5100,FALSE
A Two-Minute Lesson For The Next Time You Face 'Incredible Odds',1,5101,TRUE
Don't You Miss When Life Lessons Could Be Wrapped Up This Snuggly?,0,5102,FALSE
Science Has Been Misleading You About Some Fundamental Truths,1,5103,TRUE
Science Has Been Misleading You About Some Fundamental Truths,0,5104,FALSE
How A Disease That Hasn't Made News In 60 Years Could Make Headlines In The Next 10,1,5105,TRUE
How A Disease That Hasn't Made News In 60 Years Could Make Headlines In The Next 10,0,5106,FALSE
This Little Girl In The Photo Captures How I Feel About The UN Leader Ban Ki-moon's Point Here,1,5107,TRUE
"Hey Ladies, We Got This – And We Have The Backing From The UN Leader, Too.",0,5108,FALSE
The Woman Who Has As Close To A Super Power As We Can Get,1,5109,TRUE
So Many Kids Fall Through The Cracks  — Meet The Woman Making Sure That Doesn't Happen On Her Watch,0,5110,FALSE
The Woman Who Has As Close To A Super Power As We Can Get,1,5111,TRUE
The Woman Who Has As Close To A Super Power As We Can Get,0,5112,FALSE
The Most Obvious Thing About Science That I Shouldn't Ever Have To Ever Explain Ever,1,5113,TRUE
"Watch This If You Believe That Science Is A Real Thing. Also, Watch This If You Don't.",0,5114,FALSE
The Debt Ceiling And Budget Battles Are Just A Screen. You Read That Right.,1,5115,TRUE
Some Of Your Paycheck Goes To Something Every Week Thay They Want To Get Rid Of,0,5116,FALSE
"He's A Fraud, A Murderer, And Sorely Mistaken - We Gave THIS Guy A National Holiday?",1,5117,TRUE
"He's A Fraud, A Murderer, And Sorely Mistaken - We Gave THIS Guy A National Holiday?",0,5118,FALSE
Watch This Incredible Young Woman Render Jon Stewart Speechless,1,5119,TRUE
Many Teens Can’t Wait For School To Get Out. This One Just Wants In.,0,5120,FALSE
The Wheels On The Bus Come To A Screeching Freaking Halt,1,5121,TRUE
The Wheels On The Bus Come To A Screeching Freaking Halt,0,5122,FALSE
The Wheels On The Bus Come To A Screeching Freaking Halt,1,5123,TRUE
The Wheels On The Bus Come To A Screeching Freaking Halt,0,5124,FALSE
I Kinda Want All Girls To Play This As Their Motivational Music For School Every Morning,1,5125,TRUE
The Growing Epidemic Of Girls Getting An Education,0,5126,FALSE
Why You'll Get Kittens When You Click On This (Just Kidding. It's About Something That Matters).,1,5127,TRUE
Why You'll Get Kittens When You Click On This (Just Kidding. It's About Something That Matters).,0,5128,FALSE
"Over The Past Few Decades, A Lot Of Brave People Have Embraced Who They Are. Here's To Them.",1,5129,TRUE
A Lot Of Brave People Have Embraced Who They Are. Here's To Them.,0,5130,FALSE
"Over The Past Few Decades, A Lot Of Brave People Have Embraced Who They Are. Here's To Them.",1,5131,TRUE
"Over The Past Few Decades, A Lot Of Brave People Have Embraced Who They Are. Here's To Them.",0,5132,FALSE
"If You Were Stranded On A Desert Island … Well, Let’s Put It This Way: You Wouldn't Want Their Help.",1,5133,TRUE
"No Doubt These People Are Hard-Working, But Is This Really Part Of The Job?",0,5134,FALSE
I Get It. You Don't Think Climate Change Is Man Made. That's Sort Of Irrelevant Because Of This.,1,5135,TRUE
You'd Make This Face Too If You Knew What Hank Green Knew,0,5136,FALSE
You’ll Be Amazed How Just A Song Could Break Through To This Woman With Alzheimer’s,1,5137,TRUE
You’ll Be Amazed How Just A Song Could Break Through To This Woman With Alzheimer’s,0,5138,FALSE
A Woman Is About To Change The History Of Money In America,1,5139,TRUE
The Leaders Of Our Banks No Longer Need To Look Like The Mascot From Monopoly,0,5140,FALSE
You’ll Be Amazed How Just A Song Could Break Through To This Woman With Alzheimer’s,1,5141,TRUE
You’ll Be Amazed How Music Breaks Through To This Woman With Alzheimer’s,0,5142,FALSE
I Get It. You Don't Think Climate Change Is Man Made. That's Sort Of Irrelevant Because Of This.,1,5143,TRUE
I Get It. You Don't Think Climate Change Is Man Made. That's Sort Of Irrelevant Because Of This.,0,5144,FALSE
The Vice Principal Wanted A School Full Of Kids Like Him. So How In The World Did This Happen?,1,5145,TRUE
How Much Is A Kid's Future Worth? I Think The Answer Is More Than A Simple Mistake.,0,5146,FALSE
"The Daily Show Hires A Hostage Negotiator To Talk To A GOP Strategist. It Is Television Gold.​​​​
",1,5147,TRUE
America Is So Screwed That Even Hostage Negotiators Can't Sort This Shutdown Mess Out,0,5148,FALSE
"This Daily Show Reporter Loses His Cool When He's Confronted With Stupidity, Naturally",1,5149,TRUE
"If I Were To Put My Trust In Anyone Fixing The Government Shutdown, It Would Be In The Daily Show ",0,5150,FALSE
Further Proof That Being Born A White Man Is A Bit Like Hitting The Lottery,1,5151,TRUE
Why Equal Pay For Equal Work Means Everything To Women Of Color,0,5152,FALSE
"Secession, 2013: Bill Moyers On The Extreme Threat To Our Democracy",1,5153,TRUE
"Diapers, Check. Pacifiers, Check. Baby Food, Check. OK, Now Let's Go Sit At Our Desks In Congress.",0,5154,FALSE
Your Unhealthy Love For Public Health In 14 Images,1,5155,TRUE
Your Unhealthy Love For Public Health In 14 Images,0,5156,FALSE
I Never Want To Hear Any Child Say What These Kids Say To Their Parents. Ever.,1,5157,TRUE
I Never Want To Hear Any Child Say What These Kids Say To Their Parents. Ever.,0,5158,FALSE
Think Looks Can't Be Deceiving? Take A Peek At This Astonishing Guy.,1,5159,TRUE
Think Looks Can't Be Deceiving? Take A Peek At This Astonishing Guy.,0,5160,FALSE
"The Wheels On The Bus Come To A Screeching, Jolting Halt",1,5161,TRUE
The Wheels On The Bus Come To A Screeching Halt,0,5162,FALSE
Some Couples You Just Don't Mess With. Especially Not Right Before Their 20th Wedding Anniversary.,1,5163,TRUE
Some Couples You Just Don't Mess With. Especially Not Right Before Their 20th Wedding Anniversary.,0,5164,FALSE
Think That Pat-Down At The Airport Was Random? You May Have Googled One Of These Six Words.,1,5165,TRUE
Here's How The US Government Is Tracking Your Every Move Right Now,0,5166,FALSE
"Heaven Caught On Tape. More Beautiful Than You Imagined, Closer Than You’d Expect.",1,5167,TRUE
"Heaven Caught On Tape. More Beautiful Than You Imagined, Closer Than You’d Expect.",0,5168,FALSE
"The Cyborg Arm From 'Terminator' Is Finally Here, But They Forgot To Make It Evil",1,5169,TRUE
Unbelievable Cyborg Arm Technology Is Here. See What 'Terminator' Got Right.,0,5170,FALSE
The Female Body Part That Wasn't Actually Discovered Until 1998,1,5171,TRUE
The Female Body Part That Wasn't Actually Discovered Until 1998,0,5172,FALSE
She Didn't Think Her Girlfriend Was Romantic Enough. She Seems To Have Spoken Too Soon.,1,5173,TRUE
"She Brought A Bus, A Band, A Ton Of People, And A Giant Sign. Then She Asked The Big Question.",0,5174,FALSE
Here Are 5 Fact-Checked Things About The Place You Live That You May Not Have All The Facts About,1,5175,TRUE
I Get It. You Don't Think Global Warming Is Man Made. It's Still A Real Thing Though.,0,5176,FALSE
"Heaven Caught On Tape. More Beautiful Than You Imagined, Closer Than You’d Expect.",1,5177,TRUE
"Heaven Caught On Tape. More Beautiful Than You Imagined, Closer Than You’d Expect.",0,5178,FALSE
There's Something Shocking That Your Boss Can Do To You In Michigan And 35 Other States,1,5179,TRUE
There's Something Shocking That Your Boss Can Do To You In Michigan And 35 Other States,0,5180,FALSE
"If You Know A Girl Who’s Ever Felt Invisible Or Unheard, Please Show Her This",1,5181,TRUE
250 Million Girls Are About To Tell You Why This Moment’s Important.,0,5182,FALSE
Know A Girl Who’s Ever Felt Invisible? Please Show Her This.,1,5183,TRUE
Know A Girl Who’s Ever Felt Invisible Or Unheard? Please Show Her This.,0,5184,FALSE
There's Something Shocking That Your Boss Can Do To You In Michigan And 34 Other States,1,5185,TRUE
There's Something Shocking That Your Boss Can Do To You In Michigan And 34 Other States,0,5186,FALSE
New York And California Are Conspicuously Absent From One Ranking Of Coolness,1,5187,TRUE
New York And California Are Conspicuously Absent From One Ranking Of Coolness,0,5188,FALSE
What An Orangutan Says To This Little Girl Is A Message We All Need To Know About,1,5189,TRUE
What An Orangutan Says To This Little Girl Is A Message We All Need To Know About,0,5190,FALSE
This Place Gets Five Stars Without Even Tasting The Food,1,5191,TRUE
Don't Need To Taste The Food Here To Make My Reservation,0,5192,FALSE
If You Know Someone Whose Life Revolves Around Facebook And Twitter You Might Want To Share This,1,5193,TRUE
For Those Of Us Who Spend Way Too Much Time Online,0,5194,FALSE
Congress Did Something So Spectacularly Creepy That It's Too Unbelievable To Make Up,1,5195,TRUE
The GOP Made A Rule That Their Boss Couldn't End The Shutdown. Or Almost Anyone Else. Not Joking.,0,5196,FALSE
Congress Did Something So Spectacularly Creepy That It's Too Unbelievable To Make Up,1,5197,TRUE
Congress Did Something So Spectacularly Creepy That It's Too Unbelievable To Make Up,0,5198,FALSE
Congress Did Something So Spectacularly Creepy That It's Too Unbelievable To Make Up,1,5199,TRUE
Congress Did Something So Spectacularly Creepy That It's Too Unbelievable To Make Up,0,5200,FALSE
We Get A Day Off Every Year In Honor Of A Man Who Gave Thousands Of People A Permanent Vacation,1,5201,TRUE
We Get A Day Off Every Year In Honor Of A Man Who Gave Thousands Of People A Permanent Vacation,0,5202,FALSE
"Bernie Sanders Is Pissed, And For Good Reason",1,5203,TRUE
What Blackmail Means To One Passionate Senator,0,5204,FALSE
This Guy Just Won A Nobel Prize. He Has Something To Say About The USA That You Should Hear.,1,5205,TRUE
This Guy Just Won A Nobel Prize. He Has Something To Say About The USA That You Should Hear.,0,5206,FALSE
Think That Pat-Down At The Airport Was Random? You May Have Googled One Of These Six Words.,1,5207,TRUE
Think That Pat-Down At The Airport Was Random? You May Have Googled One Of These Six Words.,0,5208,FALSE
Think That Pat-Down At The Airport Was Random? You May Have Googled One Of These Six Words.,1,5209,TRUE
Think That Pat-Down At The Airport Was Random? You May Have Googled One Of These Six Words.,0,5210,FALSE
Just An Average Night In DC. Try Not To Throw Up.,1,5211,TRUE
"Meanwhile, In Washington...",0,5212,FALSE
Just An Average Night In DC. Try Not To Throw Up.,1,5213,TRUE
An Average Night In DC Takes A Turn For The Disgusting,0,5214,FALSE
Just An Average Night In DC. Try Not To Throw Up.,1,5215,TRUE
"Yeah, That Just About Covers Everything I Hate About Politics",0,5216,FALSE
Just An Average Night In DC. Try Not To Throw Up.,1,5217,TRUE
Just An Average Night In DC. Try Not To Throw Up.,0,5218,FALSE
A Lobbyists And A Congressman Walk Into A Restaurant. See What Happens Next.,1,5219,TRUE
Watch A Lobbyist And A Congressman Literally Stuff Each Other’s Faces,0,5220,FALSE
A Lobbyists And A Congressman Walk Into A Restaurant. See What Happens Next.,1,5221,TRUE
A Lobbyists And A Congressman Walk Into A Restaurant. See What Happens Next.,0,5222,FALSE
That Awkward Moment You Realise America Is Way More Sexist Than You Could Have Imagined,1,5223,TRUE
That Awkward Moment You Realise America Is Way More Sexist Than You Could Have Imagined,0,5224,FALSE
"See This Daily Show Reporter Lose His Cool When He's Confronted With Stupidity, Naturally",1,5225,TRUE
"See This Daily Show Reporter Lose His Cool When He's Confronted With Stupidity, Naturally",0,5226,FALSE
The Dirty Little Secret That Fast Food Companies Don't Want You To Know,1,5227,TRUE
"If Fast Food Joints Actually Paid Better, Taxpayers Would Save $7 Billion",0,5228,FALSE
That Awkward Moment When You Realise America Is Way More Sexist Than You Could Have Imagined,1,5229,TRUE
That Awkward Moment When You Realise America Is Almost As Sexist As It Was Before Bras Were Burning,0,5230,FALSE
"Even If You're A Fan Of The Tea Party, This Will Make You Laugh",1,5231,TRUE
"Even If You're A Fan Of The Tea Party, This Will Make You Laugh",0,5232,FALSE
The Dirty Little Secret That Fast Food Companies Don't Want You To Know,1,5233,TRUE
The Dirty Little Secret That Fast Food Companies Don't Want You To Know,0,5234,FALSE
"Even If You're A Fan Of The Tea Party, This Will Make You Laugh",1,5235,TRUE
"Even If You're A Fan Of The Tea Party, This Will Make You Laugh",0,5236,FALSE
Debt Collection Agency Unleashes New Scheme To Get Us To Pay Up. And It’s Working.,1,5237,TRUE
Woman’s Experience With Debt Collection Leaves Her In Tears. And Indebted Forever.,0,5238,FALSE
"What They're Trying To Do To This Man Is Rough, But What He Says At The End Is Devastating",1,5239,TRUE
Does The Future Of Our Cities Look A Lot Like Detroit?,0,5240,FALSE
"We've All Done This Without Thinking And It May Ruin Our Chances At A Happy, Wealthy Life ",1,5241,TRUE
"Why This Guy Says You're Unfocused, Hyperactive and Potentially Fabulous ",0,5242,FALSE
One Of The World's Most Despised Groups Is Shocking The Country With Some Cut-Throat Awesomeness,1,5243,TRUE
Debt Collection Agency Unleashes New Scheme To Get Us To Pay Up. And It’s Working.,0,5244,FALSE
One Of The World's Most Despised Groups Is Shocking The Country With Some Cut-Throat Awesomeness,1,5245,TRUE
Do You Hate Collection Agencies? So Does This Collection Agency.,0,5246,FALSE
Why're We Afraid Of Talking Religion And Politics Over Dinner But Cool With This Offhand Mention?,1,5247,TRUE
Why're We Afraid Of Talking Religion And Politics Over Dinner But Cool With This Offhand Mention?,0,5248,FALSE
7 Ways To Tell If You Are A Bad-Ass Woman,1,5249,TRUE
7 Ways To Tell If You Are A Bad-Ass Woman,0,5250,FALSE
"What They're Trying To Do To This Man Is Rough, But What He Says At The End Is Devastating",1,5251,TRUE
"What They're Trying To Do To This Man Is Rough, But What He Says At The End Is Devastating",0,5252,FALSE
Watch A Student Totally Nail Something About Women That I've Been Trying To Articulate For 37 Years,1,5253,TRUE
Watch A Student Totally Nail Something About Women That I've Been Trying To Articulate For 37 Years,0,5254,FALSE
"Need Your Faith In Humanity Restored? Meet ""Doctor Feelgood.""",1,5255,TRUE
Even Apocalyptic Sandstorms Can’t Seem To Stop These People From Doing Their Thang.,0,5256,FALSE
10 Reasons Why Global Warming Is A BIG FAKE,1,5257,TRUE
10 Reasons Why Global Warming Is A BIG FAKE (Sarcasm),0,5258,FALSE
The Female Body Part That Wasn't Actually Discovered Until 1998,1,5259,TRUE
The Female Body Part That Wasn't Discovered (For Real) Until 1998,0,5260,FALSE
Watch Oprah Get Confused When An Amazing Woman Talks About How She Doesn't Believe In God,1,5261,TRUE
Everything You And Oprah Wanted To Know About Atheists But Were Afraid To Ask,0,5262,FALSE
Oprah Tries To Tell An Atheist What To Think. The Atheist Responds Like A Christian. Or Any Human.,1,5263,TRUE
"If You Think Atheists Have No Morals, You Probably Need To Watch This",0,5264,FALSE
Here Are 5 Fact-Checked Things About The Place You Live That You May Not Have All The Facts About,1,5265,TRUE
Here Are 5 Things About The Place You Live That You May Not Have All The Facts About,0,5266,FALSE
"A Guide To Making The Internet Suck Less, By A Kid Who Will Probably Be President
",1,5267,TRUE
Listen To This Real Talk From A Kid President Who Tells Us The Best Way To Use The Internet,0,5268,FALSE
"A Guide To Making The Internet Suck Less, By A Kid Who Will Hopefully Be President One Day",1,5269,TRUE
"A Guide To Making The Internet Suck Less, By A Kid Who Will Hopefully Be President One Day",0,5270,FALSE
Watch Oprah Get Confused When An Amazing Woman Talks About How She Doesn't Believe In God,1,5271,TRUE
Oprah Tries To Tell An Atheist What To Think. The Atheist Responds Like A Christian. Or Any Human.,0,5272,FALSE
Watch Oprah Get Confused When An Amazing Woman Talks About How She Doesn't Believe In God,1,5273,TRUE
Watch Oprah Get Confused When An Amazing Woman Talks About How She Doesn't Believe In God,0,5274,FALSE
"A Congressman Throws An Embarrassing Tantrum At A Science Fair — It's Cool, You Didn't Vote For Him",1,5275,TRUE
DRAMATIZATION: A Congressman Throws An Embarrassing Tantrum At A Science Fair,0,5276,FALSE
"This Aggressive, Rude, Negative, Anti-Motivational Speech Is The Best Thing I've Ever Heard",1,5277,TRUE
Insulting Is The New Motivational Technique — Somehow It's Really Effective,0,5278,FALSE
The Study Every Democrat Should Know About,1,5279,TRUE
Does Democracy Still Work In America?,0,5280,FALSE
"One Of The World’s Most Hated Groups Found Her, Took Her Money, And Left Her In Tears (Of Happiness)",1,5281,TRUE
"One Of The World’s Most Hated Groups Found Her, Took Her Money, And Left Her In Tears (Of Happiness)",0,5282,FALSE
The Reason He Throws His Wrestling Match Is Pretty Damn Spectacular,1,5283,TRUE
"He Lost His Father In Iraq.  Well, Dad, You Would Be So Freakin' Proud",0,5284,FALSE
This Kids Logic Will Convince You To ​​Delete Candy Crush From Your Phone And Hand Over Your Socks,1,5285,TRUE
"This Boy Has An Idea To Make The World A Little Bit Better – It Involves Your, Erm, Socks",0,5286,FALSE
The Eye-Opening Study Every American Needs To See,1,5287,TRUE
Why Democrats Might Be Betting On The Wrong Horse,0,5288,FALSE
Psst. You. It's Totally Okay To Feel Low Right Now. Here's Something That Might Help.,1,5289,TRUE
Why A Late-Night Trip To A Taco Truck Might Be The Best Thing You Can Do For Yourself,0,5290,FALSE
This Video Will Make You As Uncomfortable As An Open-Backed Hospital Gown Does.,1,5291,TRUE
"Um, Gynecological Sock Puppets? Time To Add One More Thing To Your List Of Biggest Fears. ",0,5292,FALSE
"In A Crazy Twist, Someone Figured Out How To Make McDonald’s Execs Sick To Their Stomachs",1,5293,TRUE
"Finally, Someone Figured Out How To Make McDonald’s Feel As Bad As They Usually Make Everyone Else Feel ",0,5294,FALSE
"In A Crazy Twist, Someone Figured Out How To Make McDonald’s Execs Sick To Their Stomachs",1,5295,TRUE
"This Is One Pissed Off, Embarrassed Fast Food Clown ",0,5296,FALSE
"If You Have Ever Felt Alone, You’ll Understand What These Kids Find In The Boxes",1,5297,TRUE
What This Band Of Outcasts Find In A Few Boxes Is Just What They Needed,0,5298,FALSE
This Kids Logic Will Convince You To ​​Delete Candy Crush From Your Phone And Hand Over Your Socks,1,5299,TRUE
"This Kids Logic May Convince You To ​​Delete Candy Crush Off Your Phone And, Er, Give Him Your Socks",0,5300,FALSE
The Response He Received Spells Out A Much Bigger Problem That Hollywood Still Has,1,5301,TRUE
The Response He Received Spells Out A Much Bigger Problem That Hollywood Still Has,0,5302,FALSE
My Father-In-Law Says We Should Not Bail Out Detroit. I Think I'll Send Him This.,1,5303,TRUE
Why Detroit Going Bankrupt Should Terrify All Of Us,0,5304,FALSE
"A Photographer Convinces Strangers To Do Something Really Odd, And They Totally Love It",1,5305,TRUE
"A Photographer Convinces Strangers To Do Something Really Odd, And They Totally Love It",0,5306,FALSE
"There's One Thing Almost Every TV Wife Has In Common, And It's Not That They're Naggy Buzzkills",1,5307,TRUE
Why I Almost Always Find Myself Rooting For TV Wives In Antihero Dramas,0,5308,FALSE
"One Of The World’s Most Hated Groups Found Her, Took Her Money, And Left Her In Tears (Of Happiness)",1,5309,TRUE
"They Found Her, Took Her Money, And Left Her In Tears. But It's Actually A Pretty Happy Story. ",0,5310,FALSE
The Real Cost Of The Tea Party's Shenanigans In One Horrifying Graphic,1,5311,TRUE
The Real Cost Of The Tea Party's Shenanigans In One Horrifying Graphic,0,5312,FALSE
The Real Cost Of The Tea Party's Shenanigans In One Horrifying Graphic,1,5313,TRUE
The Real Cost Of The Tea Party's Shenanigans In One Horrifying Graphic,0,5314,FALSE
My Father-In-Law Says We Should Not Bail Out Detroit. I Think I'll Send Him This.,1,5315,TRUE
My Father-In-Law Says We Should Not Bail Out Detroit. I Think I'll Send Him This.,0,5316,FALSE
A Television Journalist Loses His Cool And Confronts Someone Responsible For The Shutdown,1,5317,TRUE
A Television Journalist Loses His Cool And Confronts Someone Responsible For The Shutdown,0,5318,FALSE
Most People Would Get Mad When Told They Couldn't Do Something. She Decided To Make A Pretty Point.,1,5319,TRUE
Maybe You Noticed Something About All The New Faces On This Comedy Show - You're Not The Only One.,0,5320,FALSE
"A Photographer Convinces Strangers To Do Something Really Odd, And They Totally Love It",1,5321,TRUE
"A Photographer Convinces Strangers To Do Something Really Odd, And They Totally Love It",0,5322,FALSE
Watch What Happens When This Surgeon Decides To Take The Dollars Out Of His Healthcare,1,5323,TRUE
That Time The Surgeon Decides To Take The Dollars Out Of Healthcare,0,5324,FALSE
This Video Will Make You As Uncomfortable As An Open-Backed Hospital Gown Does,1,5325,TRUE
This Video Will Make You As Uncomfortable As An Open-Backed Hospital Gown Does,0,5326,FALSE
How To Not Talk About Rape On TV. Brought To You By A Dude Who Should Never Talk About Rape On TV.,1,5327,TRUE
How To Not Talk About Rape On TV. Brought To You By A Dude Who Should Never Talk About Rape On TV.,0,5328,FALSE
"I'm Not Saying She Deserved To Be Raped, BUT' Is Possibly The Worst Way To Begin A Sentence. Ever.",1,5329,TRUE
"I'm Not Saying She Deserved To Be Raped, BUT' Is Possibly The Worst Way To Begin A Sentence. Ever.",0,5330,FALSE
Watch What Happens When This Surgeon Decides To Take The Dollars Out Of His Healthcare,1,5331,TRUE
Watch What Happens When This Surgeon Decides To Take The Dollars Out Of His Healthcare,0,5332,FALSE
Something Sickening Is Happening To Some Of Our School Children And You Probably Have No Idea,1,5333,TRUE
Something Disturbing Is Happening To School Children And You Probably Have No Idea,0,5334,FALSE
She Did Everything She Was Supposed To Do. The Least These 2 Dudes Could Do Is Show Some Sympathy.,1,5335,TRUE
She Did Everything She Was Supposed To Do. The Least These 2 Dudes Could Do Is Show Some Sympathy.,0,5336,FALSE
Teen Tries To Develop Cancer Test. Adults Scoff. Teen Shrugs And Does It Anyway.,1,5337,TRUE
"Teen Wants To Beat Cancer, But First He Has To Beat Boneheaded Adults",0,5338,FALSE
His Mom Made A Mistake He Will Never Be Able To Forget,1,5339,TRUE
"A Child Should Never Have To Call Their Parents In Jail. And Yet, Here We Are.",0,5340,FALSE
"It's Not Perfect, But A Couple Teens Put Together The Most Authentic Obamacare Pitch I've Seen",1,5341,TRUE
There Are Teens Who Don't Ever Think About Health Care. And Then There Are Teens Who Rap About It.,0,5342,FALSE
"If You Have Kids, Then You Know What She's Going Through",1,5343,TRUE
She Can't Afford To Not Afford Her Daughter's Health,0,5344,FALSE
"I'm Not Saying She Deserved To Be Raped, BUT' Is Possibly The Worst Way To Begin A Sentence. Ever.",1,5345,TRUE
"I'm Not Saying She Deserved To Be Raped, BUT' Is Possibly The Worst Way To Begin A Sentence. Ever.",0,5346,FALSE
She Did Everything She Was Supposed To Do. The Least These Cops Could Do Is Show Some Sympathy.,1,5347,TRUE
She Did Everything She Was Supposed To Do. The Least These Jerks Can Do Is Show Some Sympathy.,0,5348,FALSE
This Science Nerd Will Totally Judge You If You Don't Learn These 5 Fact-Checked Things About Earth,1,5349,TRUE
This Science Nerd Will Totally Judge You If You Don't Learn These 5 Fact-Checked Things About Earth,0,5350,FALSE
"Toddlers Aren't Normally This Profound, Last Time I Checked",1,5351,TRUE
"If My Toddler Ever Says This, I'm Sending Them To College Early",0,5352,FALSE
Teen Tries To Develop Cancer Test. Adults Scoff. Teen Shrugs And Does It Anyway.,1,5353,TRUE
Teen Tries To Develop Cancer Test. Adults Scoff. Teen Shrugs And Does It Anyway.,0,5354,FALSE
"Sure It's Not Perfect, But A Couple Teens Made The Most Authentic Obamacare Pitch I've Seen",1,5355,TRUE
"It's Not Perfect, But A Couple Teens Put Together The Most Authentic Obamacare Pitch I've Seen",0,5356,FALSE
Teen Tries To Develop Cancer Test. Adults Scoff. Teen Shrugs And Does It Anyway.,1,5357,TRUE
Teen Tries To Develop Cancer Test. Adults Scoff. Teen Shrugs And Does It Anyway.,0,5358,FALSE
"The One Thing Teachers Always Forced You To Do May Have Ruined Your Chance At A Happy, Wealthy Life ",1,5359,TRUE
"We've All Done This At School And It May Ruin Our Chances At A Happy, Wealthy Life ",0,5360,FALSE
This Video Will Make You As Uncomfortable As An Open-Backed Hospital Gown Does.,1,5361,TRUE
This Video Will Make You As Uncomfortable As An Open-Backed Hospital Gown Does.,0,5362,FALSE
"The One Thing Teachers Always Forced You To Do May Have Ruined Your Chance At A Happy, Wealthy Life ",1,5363,TRUE
"The One Thing Teachers Always Forced You To Do May Have Ruined Your Chance At A Happy, Wealthy Life ",0,5364,FALSE
"They Said He Was ‘Evil’ And ‘Bad,’ But He’s Actually Really, Really Astonishingly Good",1,5365,TRUE
"A Hauntingly Beautiful Movie About A Man Who Was Hidden Away For 10 Years Too Long
",0,5366,FALSE
"They Said He Was ‘Evil’ And ‘Bad,’ But He’s Actually Really, Really Astonishingly Good",1,5367,TRUE
"They Said He Was ‘Evil’ And ‘Bad,’ But He’s Actually Really, Really Astonishingly Good",0,5368,FALSE
"The One Thing Teachers Always Forced You To Do May Have Ruined Your Chance At A Happy, Wealthy Life ",1,5369,TRUE
"The One Thing Teachers Always Forced You To Do May Have Ruined Your Chance At A Happy, Wealthy Life ",0,5370,FALSE
"The One Thing Teachers Always Forced You To Do May Have Ruined Your Chance At A Happy, Wealthy Life",1,5371,TRUE
"The One Thing Teachers Always Forced You To Do May Have Ruined Your Chance At A Happy, Wealthy Life ",0,5372,FALSE
What Do You Get When You Fill A School With Students That Have Been To Jail?,1,5373,TRUE
What Happens To A School Day When Most Of Your Students Used To Be In Jail?,0,5374,FALSE
"No Matter How Hard Your Kids Have It, They Got It Easier Than These Kids",1,5375,TRUE
Everyone Else Gave Up On These Kids. But He Picked Them Up And Made Them Undroppable,0,5376,FALSE
A Straight Guy Gets What It's Like To Be Gay,1,5377,TRUE
A Straight Guy Gets What It's Like To Be Gay,0,5378,FALSE
What Happens When Folks Who Are Unemployed Actually Stop Looking For Work?,1,5379,TRUE
What Happens When Folks Who Are Unemployed Actually Stop Looking For Work?,0,5380,FALSE
A 2-Year-Old Gets Totally Profound In A Way Most Adults Don't,1,5381,TRUE
A 2-Year-Old Gets Totally Profound In A Way Most Adults Don't,0,5382,FALSE
"Sure It's Not Perfect, But A Couple Teens Made The Most Authentic Obamacare Pitch I've Seen",1,5383,TRUE
Don't Blame Me If Your Humming The Chorus By The End Of This Video,0,5384,FALSE
Four College Kids Decided To Try Living Like 1.1 Billion People Do Every Day,1,5385,TRUE
Four College Kids Decided To Try Living Like 1.1 Billion People Do Every Day,0,5386,FALSE
"Watch Statistics Transform Into People You Know And Understand, Right Before Your Very Eyes
",1,5387,TRUE
An 11-Year-Old Bombing Survivor And Other Syrians Have These Messages To Share With Us,0,5388,FALSE
A Toddler Gets Totally Profound In A Way Most Adults Don't,1,5389,TRUE
A 2-Year-Old Gets Totally Profound In A Way Most Grown-Ups Don't,0,5390,FALSE
Would You Expect These Results To Appear When You Google 'Women'?,1,5391,TRUE
Would You Expect These Results To Appear When You Google 'Women'?,0,5392,FALSE
Those Who Want To Take Away Our Safety Nets Don't Want You To See This,1,5393,TRUE
Those Who Want To Take Away Our Safety Nets Don't Want You To See This,0,5394,FALSE
"I Got The Subway Earlier, And A Woman Was Being Tortured Right Next To Me",1,5395,TRUE
"I Got The Subway Earlier, And A Woman Was Being Tortured Right Next To Me",0,5396,FALSE
Ever Hear About The Lady That Spilled Coffee On Herself And Got Mcdonalds To Pay Her $3 Million?,1,5397,TRUE
Ever Hear About The Lady That Spilled Coffee On Herself And Got Mcdonalds To Pay Her $3 Million?,0,5398,FALSE
Try Walking Around In New York Or San Francisco In One Of These Hats,1,5399,TRUE
Try Walking Around In New York Or San Francisco In One Of These Hats,0,5400,FALSE
A Dude Is Living Under Sea For 31 Days So He Can Show The World What's Disappearing,1,5401,TRUE
The Big Mission These Explorers Are Taking To Save Our Seas,0,5402,FALSE
Ever Hear About The Lady That Spilled Coffee On Herself And Got Mcdonalds To Pay Her $3 Million?,1,5403,TRUE
Ever Hear About The Lady That Spilled Coffee On Herself And Got Mcdonalds To Pay Her $3 Million?,0,5404,FALSE
A Dude Is Living Under Sea For 31 Days So He Can Show The World What's Disappearing,1,5405,TRUE
A Dude Is Living Under Sea For 31 Days So He Can Show The World What's Disappearing,0,5406,FALSE
The Kind Of Wedding That Makes You Want To Throw Rice At Your Monitor,1,5407,TRUE
The Kind Of Wedding That Makes You Want To Throw Rice At Your Monitor,0,5408,FALSE
A Dude Is Living Under Sea For 31 Days So He Can Show The World What's Disappearing,1,5409,TRUE
A Dude Is Living Under Sea For 31 Days So He Can Show The World What's Disappearing,0,5410,FALSE
Congress: I Think You Could Learn A Thing Or Two Watching These Teachers Solve Problems,1,5411,TRUE
Congress: I Think You Could Learn A Thing Or Two Watching These Teachers Solve Problems,0,5412,FALSE
"They Openly Told Everyone All It Was Fake, And They STILL Bought Everything. Unbelievable.",1,5413,TRUE
Proof People Will Buy Anything They See On The News. See What I Did There?,0,5414,FALSE
His Mom Made A Horrible Mistake He Will Never Be Able To Forget,1,5415,TRUE
His Mom Made A Mistake He Will Never Be Able To Forget,0,5416,FALSE
See The Music Video Parody That Deserves Both A VMA And A Nobel Prize,1,5417,TRUE
Watch A Music Video Parody That Deserves Both A VMA And A Presidential Medal,0,5418,FALSE
"Watch As The Statistics Transform Into People You Instantly Understand, Right Before Your Eyes ",1,5419,TRUE
"Watch Far-Away Statistics Transform Into Real People You Can Understand, No Translation Needed",0,5420,FALSE
"They Openly Told Everyone All It Was Fake, And They STILL Bought Everything. Unbelievable.",1,5421,TRUE
"They Openly Told Everyone All It Was Fake, And They STILL Bought Everything. Unbelievable.",0,5422,FALSE
7 Cowardly Words From A Totally Sexist Stranger Sparked This Courageous Response,1,5423,TRUE
7 Cowardly Words From A Totally Sexist Stranger Sparked This Courageous Response,0,5424,FALSE
7 Cowardly Words From A Totally Sexist Stranger Sparked This Courageous Response,1,5425,TRUE
7 Cowardly Words From A Totally Offensive Dude Sparked This Courageous Response,0,5426,FALSE
The Most Delightful Two And A Half Minutes You'll Have Today Will Happen Right ... Now.,1,5427,TRUE
The Sweetest Two And A Half Minutes You'll Spend Today Will Happen Right ... Now.,0,5428,FALSE
There's A Secret That These People Keep Every Day They Go To Work,1,5429,TRUE
There's A Secret That These People Keep Every Day They Go To Work,0,5430,FALSE
"This Fat Woman Loves A Skinny Dude. If You Have A Problem With That, You May Be Part Of The Problem.",1,5431,TRUE
Everything You Think You Know About Beauty Is A Silly Myth Perpetuated By Awful Magazines,0,5432,FALSE
A Teacher Walks Into A School With Powerful Weapons And Hands Them Out To Every Kid In The Joint,1,5433,TRUE
How Broken Is Our Education System? Some Teens Were Asked To Raise Their Hands If They Had Dreams.,0,5434,FALSE
She Can't Imagine A Worse Way To Start A Date,1,5435,TRUE
She Can't Imagine A Worse Way To Start A Date,0,5436,FALSE
The Thing That Could Have Kept Her Life From Being A Living Hell? She Wants To Share With You.,1,5437,TRUE
The Thing That Could Have Kept Her Life From Being A Living Hell? She Wants To Share With You.,0,5438,FALSE
They Were All Told It Was Fake But They STILL Thought It Was Real. Then They Bought Everything.,1,5439,TRUE
They Were All Told It Was Fake But They STILL Thought It Was Real. Then They Bought Everything.,0,5440,FALSE
The Most Delightful Two And A Half Minutes You'll Have Today Will Happen Right ... Now.,1,5441,TRUE
The Most Delightful Two And A Half Minutes You'll Have Today Will Happen Right ... Now.,0,5442,FALSE
The Thing That Could Have Kept Her Life From Being A Living Hell? She Wants To Share With You.,1,5443,TRUE
The Thing That Could Have Kept Her Life From Being A Living Hell? She Wants To Share With You.,0,5444,FALSE
"Don't Worry, This Is Only A Movie! Except It's Not and We're All Going To Die.",1,5445,TRUE
"Don't Worry, This Is Only A Movie! Except It's Not and We're All Going To Die.",0,5446,FALSE
A Kid Walks Into A Church And Asks For Something No Human Should Ever Have To Ask For,1,5447,TRUE
"Teens Ask For A Lot Of Things, But What One Is Pleading For Is Legit ... And Truly Gut Wrenching",0,5448,FALSE
When Budget Cuts Kill People: The 6th Grader Who Paid For Budget Cuts With Her Life.,1,5449,TRUE
Head's Up: These Are The Things That Happen When Budgets Are Cut.,0,5450,FALSE
When Budget Cuts Kill People: The 6th Grader Who Paid For Budget Cuts With Her Life.,1,5451,TRUE
When Budget Cuts Kill People: The 6th Grader Who Paid For Budget Cuts With Her Life.,0,5452,FALSE
She Works At McDonald's And Called Its Help Line. You Won't Believe What They Told Her To Do.,1,5453,TRUE
Tired Of People Getting Public Assistance? Call McDonald's Help Line And Tell THEM.,0,5454,FALSE
This Fast-Food Company Created A 'Help' Line For Its Workers. You'll Never Guess What They Told Her To Do.,1,5455,TRUE
She Works At McDonald's And Called Its Help Line. You Won't Believe What They Told Her To Do.,0,5456,FALSE
The King Of The Internet Nerds Is Angry. For A Really Good Reason.,1,5457,TRUE
"If You Don't Care About NSA Spying Because You Have Nothing To Hide, You Totally Missed The Point",0,5458,FALSE
She Works At McDonald's And Called Its Help Line. You Won't Believe What They Told Her To Do.,1,5459,TRUE
She Works At McDonald's And Called Its Help Line. You Won't Believe What They Told Her To Do.,0,5460,FALSE
Hilarious Beer Commercial No Brewery Wants You To See,1,5461,TRUE
A Hangover Cure Beer Companies Do Not Want You To See,0,5462,FALSE
How Our Current Food System Is (Literally) Breaking Our Hearts,1,5463,TRUE
How A Healthy Diet These Days Includes A Concerned Letter To Your Congressional Representative,0,5464,FALSE
Hilarious Beer Commercial No Brewery Wants You To See,1,5465,TRUE
Hilarious Beer Commercial No Brewery Wants You To See,0,5466,FALSE
Some People Wanted To Help Make Our Country Better. So We're Apparently Going To Put Them In Jail.,1,5467,TRUE
Some People Wanted To Help Make Our Country Better. So We're Apparently Going To Put Them In Jail.,0,5468,FALSE
"When 280,000 People Are Attacked Each Month At A Place That Should Be Safe, We've Got A Problem",1,5469,TRUE
"Bullying: A Really Common Word. But If You Knew These Statistics, Would It Concern You More? ",0,5470,FALSE
"Westboro Baptist Church Planned To Disrupt Fallen Soldier’s Funeral. Whoops, Wrong Town.",1,5471,TRUE
"Westboro Baptist Church Planned To Disrupt Fallen Soldier’s Funeral. Sorry, Wrong Town.",0,5472,FALSE
"Need A Halloween Costume? Why Not Go As This FBI Lady, 'Cause What She's Gonna Say Is Terrifying. ",1,5473,TRUE
"Need A Halloween Costume? Why Not Go As This FBI Lady, 'Cause What She's Gonna Say Is Terrifying. ",0,5474,FALSE
An Apple A Day Does A Hell Lot More Than Keep The Doctor Away,1,5475,TRUE
An Apple A Day Does A Hell Lot More Than Keep The Doctor Away,0,5476,FALSE
"If You Had 30 Pizzas, You'd Probably Throw A Pizza Party For Your Friends, Right? Not These Guys.",1,5477,TRUE
"If You Had 30 Pizzas, You'd Probably Throw A Pizza Party For Your Friends, Right? Not These Guys.",0,5478,FALSE
This Is For All My Homies Out There Who Say Health Is Just About The Choices You Make,1,5479,TRUE
This Is For All My Homies Out There Who Say Health Is Just About The Choices You Make,0,5480,FALSE
I'm Willing To Wager That You've Never Thought To Fight Homophobia Like This,1,5481,TRUE
I'm Willing To Wager That You've Never Thought To Fight Homophobia Like This,0,5482,FALSE
50 Journalists Asked This Guy The Same Dumb Question About Women. His Response? Totally Justified.,1,5483,TRUE
50 Journalists Asked This Guy The Same Dumb Question About Women. His Response? Totally Justified.,0,5484,FALSE
"How The War On Drugs Stacks Up Against Countries That Treat Drugs Like Sane, Rational Humans ",1,5485,TRUE
A Violent Criminal Who Doesn't Do Drugs Is SOOO Much Less Likely To Get Caught,0,5486,FALSE
"We've Gotten Used To Hearing About This Kind Of Violence, But Let's Not Forget The Impact Of It",1,5487,TRUE
"When 280,000 People Are Attacked Each Month At A Place That Should Be Safe, We've Got A Problem",0,5488,FALSE
50 Journalists Asked This Guy The Same Dumb Question About Women. His Response? Totally Justified.,1,5489,TRUE
50 Journalists Asked This Guy The Same Dumb Question About Women. His Response? Totally Justified.,0,5490,FALSE
Stop What You're Doing And Watch The Most Meaningful Candid Interview Of The Decade,1,5491,TRUE
Watch A Brilliant British Comic Give The Most Meaningful Interview Of His Career,0,5492,FALSE
"If You're One Of The .01% Of The Population That Can Pass This Test, Then I Still Think You’re Lying",1,5493,TRUE
"How Aware Are You Of Your Surroundings? If You're Like Me, The Answer Is Terrifyingly Oblivious. ",0,5494,FALSE
50 Journalists Asked This Guy The Same Dumb Question About Women. His Response? Totally Justified.,1,5495,TRUE
50 Journalists Asked This Guy The Same Obnoxious Question About Women. His Response? Justified.,0,5496,FALSE
50 Reporters Asked This Guy The Same Dumb Question About Women. His Response? Totally Justified.,1,5497,TRUE
50 Journalists Asked This Guy The Same Dumb Question About Women. His Response? Totally Justified.,0,5498,FALSE
Life For Millions Of People Goes A Little Something Like This,1,5499,TRUE
Life For Millions Of People Goes A Little Something Like This,0,5500,FALSE
I'm Willing To Bet That You've Never Thought To Fight Homophobia Like These Guys Decided To,1,5501,TRUE
I'm Willing To Bet That You've Never Thought To Fight Homophobia Like These Guys Decided To,0,5502,FALSE
"Life For Millions Of People Goes Something Like This. The Song Is Wonderful, But The Reality Is Raw.",1,5503,TRUE
Life For Millions Of People Goes A Little Something Like This. Sing Along If You Feel It.,0,5504,FALSE
Bet You've Never Thought Of Fighting Homophobia Like These Guys Decided To,1,5505,TRUE
Bet You've Never Thought Of Fighting Homophobia Like These Guys Decided To,0,5506,FALSE
Like. Totally. Whatever. If You Know Someone Who Uses Those Words Show Them This Video.,1,5507,TRUE
"A Wonderful Reminder To Speak Up, Speak Loud And Well, You Know...",0,5508,FALSE
Like. Totally. Whatever. If You Know Someone Who Uses Those Words Show Them This Video.,1,5509,TRUE
"Like, You’ll Totally Get This Dude But Whatever",0,5510,FALSE
"Thankfully, You Can Easily Avoid Ending Up Like The Mom In This Video",1,5511,TRUE
A Huge Problem That Is Beyond Easy To Fix,0,5512,FALSE
Like. Totally. Whatever. If You Know Someone Who Uses Those Words Show Them This Video.,1,5513,TRUE
Like. Totally. Whatever. If You Know Someone Who Uses Those Words Show Them This Video.,0,5514,FALSE
Like. Totally. Whatever. If You Know Someone Who Uses These Words Show Them This Video.,1,5515,TRUE
Like. Totally. Whatever. This Poet Has Something To Say To You.,0,5516,FALSE
"It Happens To A Family Every 21 Minutes, Yet No One Is Talking About It",1,5517,TRUE
"It Happens To A Family Every 21 Minutes, Yet No One Is Talking About It",0,5518,FALSE
"If You Were Wondering What Racism Looks Like, It's Bearded, 5'8"", And Dumb Enough To Talk On Camera",1,5519,TRUE
"How To Know If You Are Racist: When Asked If You Are Racist, You Don't Know How To Answer.",0,5520,FALSE
An Internet Troll Thought He Could Shame Her Into Silence. Here's Why That Didn’t Work Out.,1,5521,TRUE
"These Three Words Get Feminists Fired Up, But Maybe Not In The Way You Think",0,5522,FALSE
"If You Were Wondering What Racism Looks Like, It's Bearded, 5'8"", And Dumb Enough To Talk On Camera",1,5523,TRUE
"If You Were Wondering What Racism Looks Like, It's Bearded, 5'8"", And Dumb Enough To Talk On Camera",0,5524,FALSE
"If You Were Wondering What Racism Looks Like, It's Bearded, 5'8"", And Dumb Enough To Talk On Camera",1,5525,TRUE
"If You Were Wondering What Racism Looks Like, It's Tacky, Creepy, And Dumb Enough To Talk On Camera",0,5526,FALSE
"If You Were Wondering What Racism Looks Like, It's Bearded, 5'8"", And Dumb Enough To Talk On Camera",1,5527,TRUE
"If You Were Wondering What Racism Looks Like, It's Bearded, 5'8"", And Dumb Enough To Talk On Camera",0,5528,FALSE
"I Don't Quite Know What These People Are Doing For Their Jobs, But I'd Work 1 Week And Retire",1,5529,TRUE
"I Don't Quite Know What These People Are Doing For Their Jobs, But I'd Work 1 Week And Retire",0,5530,FALSE
"One Mother Did Something Illegal to Help Her Kids, And This Cop Was Totally, Unexpectedly Cool",1,5531,TRUE
"A Mom With No Options Left Committed A Crime, But This Cop Decided Not To Arrest Her",0,5532,FALSE
He's Speaking. She's Playing. And I'm Just Over Here Trying To Pick My Jaw Off The Floor.,1,5533,TRUE
He's Speaking. She's Playing. And I'm Just Over Here Trying To Pick My Jaw Off The Floor.,0,5534,FALSE
"One Mother Did Something Illegal to Help Her Kids, And This Cop Was Totally, Unexpectedly Cool",1,5535,TRUE
"One Mother Did Something Illegal to Help Her Kids, And This Cop Was Totally, Unexpectedly Cool",0,5536,FALSE
"When You Try And Ban Women From Driving, You'll Get Support Like This Song Instead",1,5537,TRUE
Ban Women From Driving? Yeah Good Luck With That – Especially Now When They Have A Song Like This,0,5538,FALSE
Congresswoman Is Confronted By Reality And Proceeds To Pretend It Doesn't Exist,1,5539,TRUE
"Congresswoman's Wiring Malfunctions On Live TV, Causes Her To Repeat Irrelevant Thing Repeatedly",0,5540,FALSE
When You Ban Women From Driving They'll Not Only Defy You – But Record Songs Like This Too,1,5541,TRUE
When You Ban Women From Driving They'll Not Only Defy You – But Record Songs Like This Too,0,5542,FALSE
Do You Really Mean To Tell Me You Don't Like The Way I Have Sex? 'Cause That's All I'm Hearing.,1,5543,TRUE
NEWS FLASH: Vaginas Don't Offend Us. And Calling Us Names Just Makes Us Try Harder.,0,5544,FALSE
"The First Week You Try To Join This Club Will Be Awkward, But It's All Worth It, Men",1,5545,TRUE
See What Cause Men Are Getting Hairy For,0,5546,FALSE
"The First Week You Try To Join This Club Will Be Awkward, But It's All Worth It, Men",1,5547,TRUE
"The First Week You Try To Join This Club Will Be Awkward, But It's All Worth It, Men",0,5548,FALSE
L. Ron Hubbard's Great-Grandson Spills The Inside Dirt On How Scientology Works. Whoa.,1,5549,TRUE
This Guy Is Not A Big Fan Of Scientology. Family Can Be Soooo Critical.,0,5550,FALSE
"If You Have One Of These Jobs, You Are Getting Paid Way Less Than You Think",1,5551,TRUE
What If I Told You That You Could Pay Twice As Much For Half The Salary? Too Late.,0,5552,FALSE
Want People To Listen When You Speak? Pay Attention To This Guy.,1,5553,TRUE
Four Minutes For Those Who Have Something To Say But Feel No One Is Listening,0,5554,FALSE
The Reason This Guy Is So Pissed Is The Same Reason Intelligent Conversation Is Hard To Find,1,5555,TRUE
"When He Beats Around The Bush It's Maddening. But When He Does The Opposite, That's Just Lovely.",0,5556,FALSE
Why The War On Women Is Like All The Other American Wars That Never Seem To End,1,5557,TRUE
Why The War On Women Is Like All The Other American Wars That Never Seem To End,0,5558,FALSE
Like. Totally. Whatever. If You Know Someone Who Uses These Words Show Them This Video.,1,5559,TRUE
"The Dude Is Pissed. And Unfortunately, We Can All Recognize The Reason Why.",0,5560,FALSE
"The Dude Is Pissed. And Unfortunately, We Can All Recognize The Reason Why.",1,5561,TRUE
"The Dude Is Pissed. And Unfortunately, We Can All Recognize The Reason Why.",0,5562,FALSE
To All The Haters And Internet Trolls — Here's A Hilarious Song Just For You,1,5563,TRUE
To All The Haters And Internet Trolls — Here's A Hilarious Song Just For You,0,5564,FALSE
Do You Really Mean To Tell Me You Don't Like The Way I Have Sex? 'Cause That’s All I’m Hearing.,1,5565,TRUE
Do You Really Mean To Tell Me You Don't Like The Way I Have Sex? 'Cause That’s All I’m Hearing.,0,5566,FALSE
"A Song For Every Time You See A Sexist, Racist Or Homophobic Comment Online",1,5567,TRUE
Dear Haters And Internet Trolls — Here's A Song Just For You,0,5568,FALSE
"A Song To Play Every Time You See A Sexist, Racist Or Homophobic Comment Online",1,5569,TRUE
"A Song For Every Time You See A Sexist, Racist Or Homophobic Comment Online",0,5570,FALSE
The Photos A Husband Took Of His Wife That Capture Love And Loss Beautifully,1,5571,TRUE
"​In 26 Photos, A Husband Captures His Wife's Final Moments Fighting Breast Cancer",0,5572,FALSE
"If Siri Had No Language Filter, Here Is The Conversation We Would Have.",1,5573,TRUE
"If Siri Had No Language Filter, Here Is The Conversation We Would Have.",0,5574,FALSE
"How 'We, The People' Became 'We, The Corporations' In Under 4 Minutes",1,5575,TRUE
How Corporations Have Been Kinda Trying To Become 'People' For Almost 200 Years,0,5576,FALSE
"How 'We, The People' Became 'We, The Corporations' In Under 4 Minutes",1,5577,TRUE
"How 'We, The People' Became 'We, The Corporations' In Under 4 Minutes",0,5578,FALSE
"How 'We, The People' Became 'We, The Corporations' In Under 4 Minutes",1,5579,TRUE
"How 'We, The People' Became 'We, The Corporations' In Under 4 Minutes",0,5580,FALSE
Can Somebody Please Explain How This Isn't Illegal?,1,5581,TRUE
Can Somebody Please Explain How This Isn't Illegal?,0,5582,FALSE
A Summary Of McMinimum Wages And McWelfare In One Hilarious Clip,1,5583,TRUE
A Summary Of McMinimum Wages And McWelfare In One Hilarious Clip,0,5584,FALSE
Listen To The Best (And Maybe Only?) Rap Song About Gardening,1,5585,TRUE
"A Rap Song That’ll Make You Want To Put Gloves On, Get On Your Knees, And Get Dirty",0,5586,FALSE
This Is What Happens When You Let Politicians Write Their Own Rules,1,5587,TRUE
What Happens When You Let Politicians Write Their Own Rules?,0,5588,FALSE
"If You've Heard Someone Say Love The Sinner, Hate The Sin, You Should Share This With Them",1,5589,TRUE
"If You've Heard Someone Say Love The Sinner, Hate The Sin, You Should Share This With Them",0,5590,FALSE
Listen To The Best (And Maybe Only?) Rap Song About Gardening,1,5591,TRUE
Listen To The Best (And Maybe Only?) Rap Song About Gardening,0,5592,FALSE
These Kids Finally Say What They Really Think About Mom.  And Her Reaction? Priceless.,1,5593,TRUE
These Kids Finally Say What They Really Think About Mom.  And Her Reaction? Priceless.,0,5594,FALSE
"Ironically, The First Thing I Wanted To Do After These Comedians Made Fun Of Me Was To Tweet It",1,5595,TRUE
"These Comedians Are All Strung Out On The Same Sick, Fun & Hilariously Sad Addiction - Are You Too?",0,5596,FALSE
Watch These 4 Girls Destroy The Female Stereotype Like The Monsters They Are,1,5597,TRUE
Watch These 4 Girls Destroy The Female Stereotype Like The Monsters They Are,0,5598,FALSE
I Think This Is What People Mean When They Call Our Teachers ‘Heroes’,1,5599,TRUE
I Think This Is What People Mean When They Call Our Teachers ‘Heroes’,0,5600,FALSE
"If You Can Manage To NOT Have To Live Through One Of These, You Are Lucky Indeed!",1,5601,TRUE
Oh My! The Horrors That We Face At Work Are Spoooooky!,0,5602,FALSE
See Why We Have An Absolutely Ridiculous Standard Of Beauty In Just 37 Seconds,1,5603,TRUE
See Why We Have An Absolutely Ridiculous Standard Of Beauty In Just 37 Seconds,0,5604,FALSE
How To Tell If Your Halloween Costume Is A Crime Against Humanity For The Reals,1,5605,TRUE
How To Tell If Your Halloween Costume Is A Crime Against Humanity For The Reals,0,5606,FALSE
Didn’t Expect The Most Eloquent Dissection Of A Soldier’s Burden To Come From George Carlin,1,5607,TRUE
I Miss This Guy. Who Else Would Else Could Break Down Such A Big Problem So Eloquently?,0,5608,FALSE
Didn’t Expect The Most Eloquent Dissection Of A Soldier’s Burden To Come From George Carlin,1,5609,TRUE
Didn’t Expect The Most Eloquent Dissection Of A Soldier’s Burden To Come From George Carlin,0,5610,FALSE
Count Yourself Lucky Detroit.  This Dude Has Got Your Back.,1,5611,TRUE
Count Yourself Lucky Detroit.  This Dude Has Got Your Back.,0,5612,FALSE
When You See What This Restaurant Serves You Won't Need A Food Review To Go,1,5613,TRUE
What They Find In A Restaurant They Should Be Served At Home,0,5614,FALSE
5 Halloween Posters That Hit A Little Too Close To Home...,1,5615,TRUE
"If You Can Manage To NOT Have To Live Through One Of These, You Are Lucky Indeed!",0,5616,FALSE
"The Difference Between Men And Women, According To The World’s Biggest Search Engine",1,5617,TRUE
"The Difference Between Men And Women, According To The World’s Biggest Search Engine",0,5618,FALSE
"When One Hour Of Work Can't Afford To Buy The Sandwich You Just Made, There Is Something Wrong Here",1,5619,TRUE
"When One Hour Of Work Can't Afford To Buy The Sandwich You Just Made, There Is Something Wrong Here",0,5620,FALSE
"A Dad Used To Say That Word. Until He Met His Son. 
",1,5621,TRUE
"A Dad Used To Say That Word. Until He Had A Son With Down’s Syndrome. 
",0,5622,FALSE
Know A White Person Planning On Dressing Up Like A Black Person This Year?,1,5623,TRUE
Is The Last Item On Your Halloween List Black Face Paint?,0,5624,FALSE
How To Tell If Your Halloween Costume Is A Crime Against Common Sense And Decency For The Reals,1,5625,TRUE
How To Tell If Your Halloween Costume Is A Crime Against Common Sense And Decency. For The Reals.,0,5626,FALSE
The 6-Letter Insult Certain Parents Stop Using Immediately,1,5627,TRUE
A Powerful Spoken Word Performance About One Word You Should Never Speak,0,5628,FALSE
He's Speaking. She's Playing. And I'm Just Over Here Trying To Pick My Jaw Up Off The Floor.,1,5629,TRUE
"If You Watch This 6 Minute Video, I Guarantee Your Day Will Shine A Little Brighter ",0,5630,FALSE
I Haven’t Seen Education Trashed This Badly Since The Taliban Was Running Things,1,5631,TRUE
Why Thousands Of Motivated Kids Had To Cut Class To Defend Their Education,0,5632,FALSE
A Celebrity Translates The One Question Reporters Won't Stop Asking Her. She's Right — They're Rude.,1,5633,TRUE
She’s Got A Best-Selling Novel And Her Own TV Show. So Why Can’t She Escape This Insulting Question?,0,5634,FALSE
Ever Look At The Sexy Costumes Women Wear And Think They Don't Go Far Enough?,1,5635,TRUE
Are You All Ready For The Sexiest Halloween We've Ever Had?,0,5636,FALSE
Ever Look At The Sexy Costumes Women Wear And Think They Don't Go Far Enough?,1,5637,TRUE
Ever Look At The Sexy Costumes Women Wear And Think They Don't Go Far Enough?,0,5638,FALSE
"70 Years Ago, She Dreamt Of Freedom. 30 Years Ago, They Threw Her In Jail. She's Still Fighting.",1,5639,TRUE
An Egyptian Octogenarian On Why There Is Hope For Her Revolution,0,5640,FALSE
Have You Ever Looked At The Sexy Costumes Women Wear And Think They Don't Go Far Enough?,1,5641,TRUE
Have You Ever Looked At The Sexy Costumes Women Wear And Think They Don't Go Far Enough?,0,5642,FALSE
A Group Of Women Had Something Taken From Them By A Company. Now They're Fighting Back.,1,5643,TRUE
I Didn't Realize It Was Asking To Much To Use Your Own Genetic Data To Survive Cancer,0,5644,FALSE
One Company Decided Not To Share What It Took From Breast Cancer Patients,1,5645,TRUE
One Company Decided Not To Share What It Took From Breast Cancer Patients,0,5646,FALSE
The Food Stamp Scandals That Nobody Is Talking About On Either Side,1,5647,TRUE
The Food Stamp Scandals That Nobody Is Talking About On Either Side,0,5648,FALSE
Why The War On Women May Never End,1,5649,TRUE
Why The War On Women May Never End,0,5650,FALSE
"The Difference Between Men And Women, According To The World’s Biggest Search Engine",1,5651,TRUE
"The Frustrating Between Men And Women, According To The World’s Biggest Search Engine",0,5652,FALSE
"If You Live In One Of These States, The Impact Of Washington's Shenanigans Is Huge",1,5653,TRUE
"That One Time When The Country Needed Jobs And Congress Was All, 'Let's Go The Other Way!'",0,5654,FALSE
"Ironically, The First Thing I Wanted To Do After These Comedians Made Fun Of Me Was To Tweet It",1,5655,TRUE
"Ironically, The First Thing I Wanted To Do After These Comedians Made Fun Of Me Was To Tweet It",0,5656,FALSE
"One Look At This Graphic And You Might Think Women Aren't Creative, Literate, Or Intelligent",1,5657,TRUE
"Ohaithere, Network Television. Nice Gig You've Got Going There. But We Need To Talk...",0,5658,FALSE
A Celebrity Translates The One Question Reporters Won't Stop Asking Her. She's Right — They're Rude.,1,5659,TRUE
A Celebrity Translates The One Question Reporters Won't Stop Asking Her. She's Right — They're Rude.,0,5660,FALSE
"The Upsetting Difference Between Men And Women, According To The World’s Biggest Search Engine",1,5661,TRUE
"The Upsetting Difference Between Men And Women, According To The World’s Biggest Search Engine",0,5662,FALSE
I Couldn't Be More Impressed By A Group Of Students Cutting Class,1,5663,TRUE
"Oh, The Irony Of A Group Of Students Cutting Class To Save Their School",0,5664,FALSE
The Top 4 Arguments For And Against Raising The Minimum Wage,1,5665,TRUE
"The Top 4 Arguments For And Against Raising The Minimum Wage, By Robert Reich",0,5666,FALSE
"A Company Decided To Keep What It Took From Cancer Patients, And They're Going To Get Away With It",1,5667,TRUE
"A Company Decided To Keep What It Took From Cancer Patients, And They're Going To Get Away With It",0,5668,FALSE
A Catalog That Believes Reality Can Sell Clothes Better Than Photoshop,1,5669,TRUE
A Catalog That Believes Reality Can Sell Clothes Better Than Photoshop,0,5670,FALSE
It Looks Like Something You Should Never See. Meet A Medical Advancement That Is Hard to Forget.,1,5671,TRUE
"Right Now, A Lot Of Lives Depend On These Lunch Boxes. What They Want To Do Next? Woah.",0,5672,FALSE
"What He Has To Say About Detroit, Makes Me Want To Move There",1,5673,TRUE
What Makes A Businessman Stay In A City That Is Broke?,0,5674,FALSE
"A Woman Was Going To Jump Off A Bridge, Until A Passing Bus Driver Did Something Wonderfully Heroic ",1,5675,TRUE
What Would You Do If Someone Was About To Jump Off A Bridge? A Bus Driver Just Found Out,0,5676,FALSE
It Looks Like Something You Should Never See. Meet A Medical Advancement That Is Hard to Forget.,1,5677,TRUE
It Looks Like Something You Should Never See. Meet A Medical Advancement That Is Hard to Forget.,0,5678,FALSE
It Looks Like Something You Should Never See. Meet A Medical Advancement That Is Hard to Forget.,1,5679,TRUE
It Looks Like Something You Should Never See. Meet A Medical Advancement That Is Hard to Forget.,0,5680,FALSE
"A Bus Driver Just Saw A Terrible Situation On His Route, And Hit The Breaks To Save A Woman's Life",1,5681,TRUE
"A Bus Driver Just Saw A Terrible Situation On His Route, And Hit The Breaks To Save A Woman's Life",0,5682,FALSE
"You've Commiserated With Her, Judged Her Hair, And Questioned Her. Now Get To Know Her. ",1,5683,TRUE
"You've Commiserated With Her, Judged Her Hair, And Questioned Her. Now Get To Know Her. ",0,5684,FALSE
What Some Kids Do Because They're Hungry. I Have No Words,1,5685,TRUE
Some Muppets Live In Trash Cans. Some Are Addicted To Cookies. And Some Have Real Problems.,0,5686,FALSE
"One Look At This Graphic And You Might Think Women Aren't Creative, Literate, Or Intelligent",1,5687,TRUE
"One Look At This Graphic And You Might Think Women Aren't Creative, Literate, Or Intelligent",0,5688,FALSE
What Some Kids Do Because They're Hungry. I Have No Words,1,5689,TRUE
What Some Kids Do Because They're Hungry. I Have No Words,0,5690,FALSE
A Song About Not Letting Women Drive Cars Just Became A Hit Single,1,5691,TRUE
A Song About Not Letting Women Drive Cars Just Became A Hit Single,0,5692,FALSE
Here Are The Top 4 Arguments For And Against Raising The Minimum Wage,1,5693,TRUE
What Are The Top 4 Arguments For And Against Raising The Minimum Wage?,0,5694,FALSE
Every Time I Hear This Guy Talk It's Like A Love Letter To A City,1,5695,TRUE
Every Time I Hear This Guy Talk It's Like A Love Letter To A City,0,5696,FALSE
Something Truly Messed Up Just Happened In Congress And You Totally Haven't Heard A Word About It,1,5697,TRUE
A Bi-Partisan Congress Just Made It Easier For Banks To Bi-Partisanly Rob Us All,0,5698,FALSE
This Is Why You Are Probably Broke And Stuff,1,5699,TRUE
This Is Why You Are Probably Broke And Stuff,0,5700,FALSE
What You Never Thought You'd Hear On Sesame Street,1,5701,TRUE
She's Not A Cookie-Addict. She Doesn't Live In A Trash Can. But Kami Has Bill Clinton's Attention.,0,5702,FALSE
Every Time I Hear This Guy Talk It's Like A Love Letter To A City,1,5703,TRUE
Every Time I Hear This Guy Talk It's Like A Love Letter To A City,0,5704,FALSE
This Is Why You Are Maybe Broke And Stuff,1,5705,TRUE
This Is Why You Are Probably Broke And Stuff,0,5706,FALSE
Something Truly Messed Up Just Happened In Congress And You Probably Haven't Heard A Word About It,1,5707,TRUE
Something Truly Messed Up Just Happened In Congress And You Probably Know Nothing About It,0,5708,FALSE
The 6-Letter Insult Certain Parents Stop Using Immediately,1,5709,TRUE
Sometimes It Takes A Child To Stop You From Using One Particular 6-Letter Word,0,5710,FALSE
I Thought We Lived In A Country That Put Kids And Families First?,1,5711,TRUE
Families Like These Are Getting Tired Of Being Kicked Around,0,5712,FALSE
"The 6-Letter Insult Certain Parents Stop Using Immediately 
",1,5713,TRUE
The 6-Letter Insult Certain Parents Stop Using Immediately,0,5714,FALSE
The 6-Letter Insult Certain Parents Stop Using Immediately,1,5715,TRUE
The 6-Letter Insult Certain Parents Stop Using Immediately,0,5716,FALSE
We Use It Everyday ... Even Though It's Just As Dangerous As Cigarettes,1,5717,TRUE
It's A Shame We Are So Dependent On Such An Unhealthy Jerk-Wad,0,5718,FALSE
No Mother Should EVER Have To Make Such A Powerful Speech About Her Son,1,5719,TRUE
Why A Law That Enables Self-Defense Is One Of The Most Dangerous Of Our Time,0,5720,FALSE
"After Tragedy Hits, This Guy Wants To Do The Last Thing I'd Expect",1,5721,TRUE
How A Surfer Kept His Love For The Ocean Alive Even After Hurricane Sandy Destroyed His Home,0,5722,FALSE
No Mother Should EVER Have To Make Such A Powerful Speech About Her Son,1,5723,TRUE
No Mother Should EVER Have To Make Such A Powerful Speech About Her Son,0,5724,FALSE
"After Tragedy Hits, He Wants To Do The Last Thing I'd Expect",1,5725,TRUE
An Ironworker In Breezy Point Wants To Do Exactly The Last Thing I’d Expect After Hurricane Sandy,0,5726,FALSE
"After Tragedy Hits, He Wants To Do The Last Thing You'd Expect",1,5727,TRUE
"After Tragedy Hits, He Wants To Do The Last Thing I'd Expect",0,5728,FALSE
Watch Kerry Washington Play Every Black Woman Alive Right Now On SNL,1,5729,TRUE
"Oprah, Michelle Obama And Beyonce And No One On SNL To Play Them",0,5730,FALSE
Watch Kerry Washington Play Every Black Woman Alive Right Now On SNL,1,5731,TRUE
Watch Kerry Washington Play Every Black Woman Alive Right Now On SNL,0,5732,FALSE
Watch A Teenager Bring His Class To Tears ... Just By Saying A Few Words.,1,5733,TRUE
Watch A Teenager Bring His Class To Tears ... Just By Saying A Few Words.,0,5734,FALSE
Something Truly Screwed Up Just Happened In Congress And You Probably Haven't Heard A Word About It,1,5735,TRUE
A Bipartisan Congress Just Voted To Let Banks Ruin Us And You Probably Haven't Heard A Word About It,0,5736,FALSE
Watch An Entire Team of Teenaged Football Players Do Something Very Unexpected,1,5737,TRUE
Watch An Entire Team of Teenaged Football Players Do Something Very Unexpected,0,5738,FALSE
"​She's A Photographer Who Captures Humanity — Yet So Many Only View Her Work In One Way
",1,5739,TRUE
"Hear One Woman Explain What It Means To Be Labeled A ""Black Photographer""",0,5740,FALSE
"How The War On Drugs Stacks Up Against Countries That Treat Drugs Like Sane, Rational Humans",1,5741,TRUE
America Goes Toe To Toe With Countries Without A 'War On Drugs.' The Result Isn't Encouraging.,0,5742,FALSE
​She's A Photographer Who Captures Humanity — Yet So Many Only View Her Work In Only One Way,1,5743,TRUE
​She's A Photographer Who Captures Humanity — Yet So Many Only View Her Work In Only One Way,0,5744,FALSE
"Something Very Insane Just Happened In Congress, And You Probably Haven't Heard A Word About It",1,5745,TRUE
"Something Way Insane Just Happened In Congress, And You Probably Haven't Heard A Word About It",0,5746,FALSE
"Something Really Insane Just Happened In Congress, And You Probably Haven't Heard A Word About It",1,5747,TRUE
"Something Really Insane Just Happened In Congress, And You Probably Haven't Heard A Word About It",0,5748,FALSE
"If One Of These People Were My Mother Or Father, I'd Have To Lock Myself Up",1,5749,TRUE
"If One Of These People Were My Mother Or Father, I'd Have To Lock Myself Up",0,5750,FALSE
The Photos A Husband Took Of His Wife That Capture Love And Loss Beautifully,1,5751,TRUE
The Photos A Husband Took Of His Wife That Capture Love And Loss Beautifully,0,5752,FALSE
"Watch What This 10-Year-Old Means To A 1,000 Pedophiles",1,5753,TRUE
The Most Terrifying Thing In Your Child's Bedroom Isn't The Hamper,0,5754,FALSE
"What's In A Name? According To This Guy, An Entire Lifetime Of Harsh Truth.",1,5755,TRUE
To Those Who Think Muslim American Is A Paradox,0,5756,FALSE
"Watch What This 10-Year-Old Means To A 1,000 Pedophiles",1,5757,TRUE
"Watch What This 10-Year-Old Means To A 1,000 Pedophiles",0,5758,FALSE
A Husband Took These Photos Of His Wife And Captured Love And Loss Beautifully,1,5759,TRUE
A Husband Took These Photos Of His Wife And Captured Love And Loss Beautifully,0,5760,FALSE
"Growing Up, He Was Told That Folks Making His Clothes Were 'Being Taken Care Of.' He Had No Idea.",1,5761,TRUE
We Have Incredible Power Because Of Where We Live. Maybe We Could Actually Use It To Fix Things?,0,5762,FALSE
A Group Of First-Time Filmmakers Just Created Something Incredible,1,5763,TRUE
"If Washington Is Bought, Who Sold It? ",0,5764,FALSE
"Growing Up, He Was Told That Folks Making His Clothes Were 'Being Taken Care Of.' He Had No Idea.",1,5765,TRUE
"Growing Up, He Was Told That Folks Making His Clothes Were 'Being Taken Care Of.' He Had No Idea.",0,5766,FALSE
We Use 4 Of These A Day And They're Kind Of The Worst,1,5767,TRUE
See How We Use 4 Of These A Day And Why They're Kind Of The Worst,0,5768,FALSE
I Couldn't Be More Impressed By A Group Of Students Cutting Class,1,5769,TRUE
I Couldn't Be More Impressed By A Group Of Students Cutting Class,0,5770,FALSE
"Growing Up, He Was Told That Folks Making His Clothes Were 'Being Taken Care Of.' He Had No Idea.",1,5771,TRUE
"Growing Up, He Was Told That Folks Making His Clothes Were 'Being Taken Care Of.' He Had No Idea.",0,5772,FALSE
"A Comedian Explains Why Photos Of Topless Girls Next To The News Isn't Right
",1,5773,TRUE
"If You Think This Is A Ban On Topless Girls, Have You Heard Of The Internet?",0,5774,FALSE
Parents Are Supposed To Protect Their Kids. What These Parents Did Is Unspeakable.,1,5775,TRUE
Would You Believe Me If I Told You About A Tradition Where Parents Sell Their Kids Into Slavery?,0,5776,FALSE
"This Rap Song Is About Girls And Money, But Not In The Way You Think",1,5777,TRUE
"This Awesome Song Is About Ladies And Money, But Not In The Way You Think",0,5778,FALSE
"This Rap Song Is About Girls And Money, But Not In That Way",1,5779,TRUE
"This Rap Song Is About Girls And Money, But Not In That Way",0,5780,FALSE
Moms And Dads Are Supposed To Protect Their Kids. What These Parents Did Is Unspeakable.,1,5781,TRUE
This Matters Because No Parent Should Ever Sell Their Kids For Sex,0,5782,FALSE
A Man's Words Challenge What Everyone Should Consider Normal These Days,1,5783,TRUE
A Man's Words Challenge What Everyone Should Consider Normal These Days,0,5784,FALSE
Moms And Dads Are Supposed To Protect Their Kids. What These Parents Did Is Unspeakable.,1,5785,TRUE
Moms And Dads Are Supposed To Protect Their Kids. What These Parents Did Is Unspeakable.,0,5786,FALSE
A Scarily Accurate Parody That Shows The Reality Of Fake Companies Created To Hide Corrupt Profits,1,5787,TRUE
"Traffickers, War Lords, And Arms Dealers Pleased To Finally Get The Support They Need",0,5788,FALSE
Moms And Dads Are Supposed To Protect Their Kids. What These Parents Did Is Unspeakable.,1,5789,TRUE
Moms And Dads Are Supposed To Protect Their Kids. What These Parents Did Is Unspeakable.,0,5790,FALSE
All It Takes Is 30 Seconds For This 6-Year-Old To Go From Adorable Child To Psychopathic Hit Man,1,5791,TRUE
Watch An Adorable And Precocious 6-Year-Old Threaten A Tattle-Tale At Her Tea Party,0,5792,FALSE
This Video Goes From Ordinary To Breathlessly Disturbing At 30 Seconds,1,5793,TRUE
This Video Goes From Ordinary To Breathlessly Disturbing At 30 Seconds,0,5794,FALSE
All It Takes Is 30 Seconds For This 6-Year-Old To Go From Adorable Child To Psychopathic Hit Man,1,5795,TRUE
All It Takes Is 30 Seconds For This 6-Year-Old To Go From Adorable Child To Killy McKilliston,0,5796,FALSE
All It Takes Is 30 Seconds For This 6-Year-Old To Go From Adorable Child To Psychopathic Hit Man,1,5797,TRUE
All It Takes Is 30 Seconds For This 6-Year-Old To Go From Adorable Child To Psychopathic Hit Man,0,5798,FALSE
This Video Goes From Ordinary To Breathlessly Disturbing At 30 Seconds,1,5799,TRUE
This Video Goes From Ordinary To Breathlessly Disturbing At 30 Seconds,0,5800,FALSE
This Video Goes From Ordinary To Breathlessly Disturbing At 30 Seconds,1,5801,TRUE
This Video Goes From Ordinary To Disturbing At 30 Seconds,0,5802,FALSE
"Hate To Break It To You, But There’s No 'Type Of Woman' Who Gets One Of These",1,5803,TRUE
"Hate To Break It To You, But There’s No 'Type Of Woman' Who Gets One Of These",0,5804,FALSE
Surprise! Here's Another Way That Millionaires Get To Screw Us All.,1,5805,TRUE
"When You Hear Trash Talk About Fixing Something That's Not Broken, It's Time To Pay Attention",0,5806,FALSE
"If We Paid These Women What They're Worth, There'd Be A Lot Of Dudes Crying About Pay Inequality",1,5807,TRUE
A Fairer Reality Would Pay If You Were In The Family Way,0,5808,FALSE
A Rap Song About Girls And Money That Your Daughter Should See,1,5809,TRUE
A Rap Song About Girls And Money That Your Kids Should See,0,5810,FALSE
A Scarily Accurate Parody That Shows The Reality Of Fake Companies Created To Hide Corrupt Profits,1,5811,TRUE
"Do You Want To Deal Guns, Drugs Or Women, AND Save Your Money? Look No Further!",0,5812,FALSE
Why The 'War On Drugs' Looks Even Stupider When You See What Other Countries Do,1,5813,TRUE
How Our 'War On Drugs' Compares To Countries That Treat Drugs With Compassion,0,5814,FALSE
What Should Have Been A Beautiful Kiss On A Skating Rink Has Never Been More Chilling,1,5815,TRUE
What Should Have Been A Beautiful Kiss On A Skating Rink Has Never Been More Chilling,0,5816,FALSE
"I'm Freaked Out By Fellow Travelers With Germs, But I Had No Idea There's Something Even Worse.",1,5817,TRUE
Why Airports With No Paid Sick Leave For Staff Are Endangering Us All,0,5818,FALSE
Two Sentences Repeated Over And Over Get Funnier Every Single Time,1,5819,TRUE
Two Sentences Repeated Over And Over Get Funnier Every Single Time,0,5820,FALSE
A 5-Year-Old Girl Asked A Lesbian If She Was A Dude. She Responded The Awesomest Way Possible.,1,5821,TRUE
Coming Out Of The Closet Is Hard. Even For Straight People.,0,5822,FALSE
"What Would Happen If We Paid Moms $113,000 Dollars A Year?",1,5823,TRUE
Allowance Would Certainly Get More Lucrative,0,5824,FALSE
A 4-Year-Old Girl Asked A Lesbian If She Was A Dude. She Responded The Awesomest Way Possible.,1,5825,TRUE
A 4-Year-Old Girl Asked A Lesbian If She Was A Dude. She Responded The Awesomest Way Possible.,0,5826,FALSE
"If You Take Any Of This Advice, You’ll Probably Feel More Grateful And Less Gross On Thanksgiving",1,5827,TRUE
"This Thanksgiving, Celebrate The Harvest, Not Some Imperialistic Men In Funny Hats",0,5828,FALSE
How The Grinch Is About To Steal From Millions This Holiday,1,5829,TRUE
"Rudolph, With Your Nose So Bright, Won't You Help Grinches In Congress See What's About To Happen?",0,5830,FALSE
The One Where An Old White Couple Tries To Rap And Actually Pulls It Off,1,5831,TRUE
These Old White Folks Are Rapping So You Don't Have To Live With Them. You're Welcome.,0,5832,FALSE
"I'm Freaked Out By Fellow Travelers With Germs, But I Had No Idea There's Something Even Worse.",1,5833,TRUE
"I'm Freaked Out By Fellow Travelers With Germs, But I Had No Idea There's Something Even Worse.",0,5834,FALSE
"If You Take Any Of This Advice, You’ll Probably Feel More Grateful And Less Gross On Thanksgiving",1,5835,TRUE
"If You Take Any Of This Advice, You’ll Probably Feel More Grateful And Less Gross On Thanksgiving",0,5836,FALSE
A Room Full Of Feminists Just Applauded A Guy Who Dissed Feminists. Wait For It….,1,5837,TRUE
This Jerk Just Said Taliban Is Better Than Feminist. I’m The Jerk Who’s Agreeing With Him. (Whaaa??),0,5838,FALSE
"Next Time You Check The Tags On A New Shirt, You May Also Want To Check For This",1,5839,TRUE
"Next Time You Check The Tags On A New Shirt, You May Also Want To Check For This ",0,5840,FALSE
They’ll Let Lesbians Do It. Straight Guys Even. But THESE People? Not A Chance.,1,5841,TRUE
The Government Agency That Would Rather Let You Die Than To Treat All People Equally,0,5842,FALSE
What He Has To Say About Your Favorite Products And Brands Should Do More Than Worry You,1,5843,TRUE
"Your Phone Isn't Innocent. Neither Are Chocolates, Diamonds, Or Cottons. Not Even Blood-Thinners.",0,5844,FALSE
"Next Time You Check The Tags On A New Shirt, You May Also Want To Check For This ",1,5845,TRUE
"Next Time You Check The Tags On A New Shirt, You May Also Want To Check For This",0,5846,FALSE
"She Died Two Weeks After Giving This Interview, But Not Before Calling Out Some Serious BS",1,5847,TRUE
In 45 Seconds A Little Girl Is Going To Floor You. Then She'll Make You Care A Lot More About Cancer,0,5848,FALSE
What He Has To Say About Your Favorite Products And Brands Should Do More Than Worry You,1,5849,TRUE
What He Has To Say About Your Favorite Products And Brands Should Do More Than Worry You,0,5850,FALSE
"How Precious Is Your Spit To You? Because To Him, It's Potentially Life-Saving.",1,5851,TRUE
"How Precious Is Your Spit To You? Because To Him, It's Potentially Life-Saving.",0,5852,FALSE
The Miracle Of Life Has Become A Curse For These Women. Is It Time To Draw The Line?,1,5853,TRUE
"What Rights Issue Does Texas, North Dakota, El Salvador And The Philippines Have In Common?",0,5854,FALSE
They’ll Let Lesbians Do It. Straight Guys Even. But THESE People? Not A Chance.,1,5855,TRUE
They’ll Let Lesbians Do It. Straight Guys Even. But THESE People? Not A Chance.,0,5856,FALSE
"This Veteran Stunned The Crowd, Then Brought Them To Their Feet When He Spoke The Truth",1,5857,TRUE
"This Veteran Spoke The Truth And Totally Stunned The Crowd, Then Brought Them To Their Feet",0,5858,FALSE
"Some Say She's Too Fat To Model. She Gives Such A Perfect Response That Even Ellen Applauses
",1,5859,TRUE
"​If You Think She's Too Fat To Model, Hear Her Tell Ellen Her Refreshing Response To People Like You",0,5860,FALSE
They Ask This Homeless Veteran To Look In The Mirror. Who Stares Back Is Unrecognizable.,1,5861,TRUE
They Show This Down-On-His-Luck Veteran What Who He Is On The Inside,0,5862,FALSE
"Some Say She's ""Too Fat"" To Model. She Gives Such A Perfect Response That Even Ellen Applauses",1,5863,TRUE
"Some Say She's ""Too Fat"" To Model. She Gives Such A Perfect Response That Even Ellen Applauses",0,5864,FALSE
"Some Say This Model Is ""Fat"". She Gives Such A Perfect Response That Even Ellen Applauses.",1,5865,TRUE
"Some Say This Model Is ""Fat"". She Gives Such A Perfect Response That Even Ellen Applauses.",0,5866,FALSE
The Subliminal Message In So Many Animated Kids’ Movies And Shows Isn’t About Violence,1,5867,TRUE
"SAD FACT: For Every 1 Female Cartoon Character, There Are 3 Male Cartoon Characters",0,5868,FALSE
"Some Say This Model Is ""Fat"". She Gives Such A Perfect Response That Even Ellen Applauses.",1,5869,TRUE
This Model Is Fat? Hear Her Perfect Refreshing To That. (It's So Perfect That Even Ellen Applauses),0,5870,FALSE
This Incredible Timelapse Shows Us How Dignity And Respect Can Change A Man,1,5871,TRUE
This Incredible Timelapse Shows Us How Dignity And Respect Can Change A Man,0,5872,FALSE
The Most Hilarious Parody Video I've Seen Yet: What Does The Farmer Say?,1,5873,TRUE
"Forget What The Fox Says, These Farmers Are Actually Using Real Words Like 'Work' And 'Corn'",0,5874,FALSE
What He Has To Say About Your Favorite Products And Brands Should Do More Than Worry You,1,5875,TRUE
What He Has To Say About Your Favorite Products And Brands Should Do More Than Worry You,0,5876,FALSE
The One Where An Old White Couple Tries To Rap And Actually Pulls It Off,1,5877,TRUE
The One Where An Old White Couple Tries To Rap And Actually Pulls It Off,0,5878,FALSE
A Room Full Of Feminists Just Applauded A Guy Who Attacked Feminists. Wait For It…,1,5879,TRUE
Did A Room Full Of Feminists Just Applaud For A Guy Who Dissed Feminists? Wait For It…,0,5880,FALSE
"Ever Hear About The Lady Who Spilled Coffee On Herself At McDonald's, Then Sued For Millions?",1,5881,TRUE
"Ever Hear About The Lady Who Spilled Coffee On Herself At McDonald's, Then Sued For Millions?",0,5882,FALSE
"Next Time You Check The Tags On A New Shirt, You May Also Want To Check For This",1,5883,TRUE
"Next Time You Check The Tags On A New Shirt, You May Also Want To Check For This",0,5884,FALSE
"I Never Thought I'd Want To High Five A Teacher For Yelling At A Student, But I Was Wrong",1,5885,TRUE
"I Never Thought I'd Want To High Five A Teacher For Yelling At A Student, But I Was Wrong",0,5886,FALSE
The Subliminal Message In So Many Animated Kids’ Movies And Shows Isn’t About Violence,1,5887,TRUE
The Subliminal Message In So Many Animated Kids’ Movies And Shows Isn’t About Violence,0,5888,FALSE
Why These Women Give Up Their Children Is Heartbreaking. But Who Breaks Their Hearts Is Wonderful.,1,5889,TRUE
Why These Women Give Up Their Children Is Heartbreaking. But Who Breaks Their Hearts Is Wonderful.,0,5890,FALSE
Sometimes All It Takes Is A Few Well-Endowed Mannequins To Expose The Truth,1,5891,TRUE
Why Busty Mannequins May Soon Have More Real Parts Than Actual Women,0,5892,FALSE
Has It Really Come To This? Tell Me It Hasn't Come To This. Please.,1,5893,TRUE
Has It Really Come To This? Tell Me It Hasn't Come To This. Please.,0,5894,FALSE
"This Is Not A Joke. You May Laugh, But You Shouldn’t. It’s Quite Horrifying. ",1,5895,TRUE
"Here Ya Go, Gals. Congrats, You're Free!",0,5896,FALSE
We Use It Everyday ... Even Though It's Just As About Dangerous As Cigarettes,1,5897,TRUE
We Use It Everyday ... Even Though It's Just About As Dangerous As Cigarettes,0,5898,FALSE
They Asked Him His One Wish To Change The World. He Showed Them His Art.,1,5899,TRUE
Can Graffiti Make The World A Better Place?,0,5900,FALSE
Meet One Of The Men Responsible For These Giant Breasts. You're Not Going To Like Him.,1,5901,TRUE
Meet One Of The Men Responsible For These Giant Breasts. You're Not Going To Like Him.,0,5902,FALSE
"A 74% Is A Sad Percent For A University To Have, Especially When It Comes To Men Like Him",1,5903,TRUE
The Number He Is Holding Up Is Not The Kind Of Score A Top University Should Be Getting,0,5904,FALSE
They Asked Him His One Wish To Change The World. He Showed Them His Art.,1,5905,TRUE
They Asked Him His One Wish To Change The World. He Showed Them His Art.,0,5906,FALSE
They Asked Him His One Wish To Change The World. He Showed Them His Art.,1,5907,TRUE
They Asked A Graffiti Artist For His One Wish To Change The World. He Showed Them His Answer.,0,5908,FALSE
"Within 6 Seconds You Won’t Like Him. By The Time He Laughs, You’ll Despise Him. ",1,5909,TRUE
"Within 6 Seconds You Won’t Like Him. By The Time He Laughs, You’ll Despise Him. ",0,5910,FALSE
They Asked Him His One Wish To Change The World. He Showed Them His Art.,1,5911,TRUE
They Asked Him His One Wish To Change The World. He Showed Them His Art.,0,5912,FALSE
What Happened To An America Where We Give A Damn About Our Fellow Americans?,1,5913,TRUE
"Congress Is About To Go Home For The Holidays, While These People May Not HAVE A Home...",0,5914,FALSE
What Happened To An America Where We Give A Damn About Our Fellow Americans?,1,5915,TRUE
What Happened To An America Where We Give A Damn About Our Fellow Americans?,0,5916,FALSE
What Happened To This Being a Place Where We Gave A Damn About Our Fellow Americans?,1,5917,TRUE
What Happened To An America Where We Cared About Our Fellow Americans?,0,5918,FALSE
2 Monkeys Were Paid Unequally; See What Happens Next,1,5919,TRUE
2 Monkeys Were Paid Unequally; See What Happens Next,0,5920,FALSE
She Knocked On His Door To Ask For Help — He Shot Her Dead.,1,5921,TRUE
She Knocked On His Door to Ask For Help — He Shot Her Dead. Why Isn't Justice Being Served?,0,5922,FALSE
"Their School Has More Trophies Than It Does Incoming Black Male Freshman, So A Freshman Responded",1,5923,TRUE
"Their School Has More Trophies Than It Does Incoming Black Male Freshman, So A Freshman Responded",0,5924,FALSE
Who'd Have Thought A Man Talking About His Arm Would Be So Interesting?,1,5925,TRUE
A Man Somehow Gives A Poetic Look At Our Existence With His Arm,0,5926,FALSE
How Did A Conservative Texan Win In A Black District? He Convinced Them He Was Black.,1,5927,TRUE
Conservative Texas Republican Wins Election By Implying He’s Black,0,5928,FALSE
"Black Politician Wins Election In Texas. Problem Is, He’s Not Actually Black. 
",1,5929,TRUE
Conservative Texas Republican Wins Election By Implying He’s Black,0,5930,FALSE
The One Where An Older White Couple Tries To Rap And Actually Pulls It Off,1,5931,TRUE
"The One Where An Old White Couple Tries To Rap, And Actually Pulls It Off",0,5932,FALSE
Why These Women Give Up Their Children Is Heartbreaking. But Who Breaks Their Hearts Is Wonderful.,1,5933,TRUE
Children Are Forced To Live In Prisons For No Good Reason.  Meet The Woman Trying To Change That.,0,5934,FALSE
The Most Hilarious Parody Video I've Seen Yet: What Does The Farmer Say?,1,5935,TRUE
The Hilarious Parody Video That You've Gotta See: What Does The Farmer Say?,0,5936,FALSE
"How Many Countries Are There? Simple Question, Ridiculously Complicated Answer.",1,5937,TRUE
"How Many Countries Are There? Simple Question, Ridiculously Complicated Answer.",0,5938,FALSE
"Hey, Remember That Time Alcohol Prohibition Worked Really Well?",1,5939,TRUE
A Calm And Rational Explanation Of Why Prohibition Sucks The Hardest Of All American Policies,0,5940,FALSE
The Dalai Lama Uses Farting To Describe Humanity's Interconnection,1,5941,TRUE
The Dalai Lama's Inner Peace Is Connected To Farting. That Is A Sentence I Never Thought I'd Write.,0,5942,FALSE
A Visualization Of World War II Like You've Never Seen Before,1,5943,TRUE
A Hypnotizing Way To Visualize The Panic And Scale Of War,0,5944,FALSE
An Off-Duty Cop Gets Thrown Up Against A Wall And Frisked,1,5945,TRUE
"When Off-Duty Cops Are Getting Thrown Against Walls And Frisked, It's Time To Reexamine That Policy",0,5946,FALSE
"If You're Living In A Developed Country, But You're Not Happy, What Are You Doing Wrong?",1,5947,TRUE
"If A Government Can't Be Responsible For Your Happiness, Why Have A Government At All?",0,5948,FALSE
This Man On The Verge Of Breaking Down Says More In 3 Minutes Than Most Say In A Lifetime,1,5949,TRUE
This Man Lives Right In The Path Of Typhoon Haiyan And Was Pleading For Help A Year Before It Hit,0,5950,FALSE
We Have Solutions For These Women. They're Just Covered In Massive Amounts Of Red Tape.,1,5951,TRUE
We Have Solutions For These Women. They're Just Covered In Massive Amounts Of Red Tape.,0,5952,FALSE
"You Can't Be All Bossy To People.' Hear That, Homophobes? ",1,5953,TRUE
"You Can't Be All Bossy To People.' Hear That, Homophobes? ",0,5954,FALSE
"Finally, Something To Share With Everyone On Facebook Who Is Wildly Posting New Baby Photos ",1,5955,TRUE
On The Baby Train? Do This Before They're Born And They'll Lead Happier Lives.,0,5956,FALSE
The Miracle Of Life Has Become A Curse For These Women. Is It Time To Draw The Line?,1,5957,TRUE
How The Miracle Of Life Has Become A Curse For Women All Over The World,0,5958,FALSE
"Why Does Europe Always Do Things Better? Washing Machines, Public Transport And Now… Economies? ",1,5959,TRUE
"Why Does Europe Always Do Things Better? Washing Machines, Public Transport And Now… Economies? ",0,5960,FALSE
"You Can't Be All Bossy To People.' Hear That, Homophobes? ",1,5961,TRUE
"You Can't Be All Bossy To People.' Hear That, Homophobes? ",0,5962,FALSE
"I Wish I Was More Surprised At What A Student Came Out And Exposed About His School, But I'm Not",1,5963,TRUE
Just Heard A Ridiculously Unacceptable Fact About A Major College That I Fear Rings True Everywhere,0,5964,FALSE
Some Call It The Miracle Of Life. They Call It An Inescapable Curse.,1,5965,TRUE
"When The Miracle Of Life Becomes An Inescapable Curse, Is It Time To Draw The Line? ",0,5966,FALSE
"Finally, Something To Share With Everyone On Facebook Who Is Wildly Posting New Baby Photos ",1,5967,TRUE
"Finally, Something To Share With Everyone On Facebook Who Is Wildly Posting New Baby Photos ",0,5968,FALSE
Fast Food Usually Grosses Me Out. But This Video Changed That For 2 Minutes And 10 Seconds.,1,5969,TRUE
Fast Food Usually Grosses Me Out. But This Stuff Just Makes Me Happy.,0,5970,FALSE
"This ""Super-Sized"" Random Act Of Kindness Is Sure To Brighten Your Day",1,5971,TRUE
Fast Food Usually Grosses Me Out. But This Stuff Just Makes Me Happy For 2 Minutes And 10 Seconds.,0,5972,FALSE
"What One Thing Has Every Woman Of A Certain Age Done, According To Meryl Streep?",1,5973,TRUE
"What One Thing Has Every Woman Of A Certain Age Done, According To Meryl Streep? ",0,5974,FALSE
"Yeah, But She Didn't Think She'd End Up In Prison Either. ",1,5975,TRUE
"Yeah, But She Didn't Think She'd End Up In Prison Either. ",0,5976,FALSE
"I Wish I Was More Surprised At What A Student Came Out And Exposed About His School, But I'm Not",1,5977,TRUE
"I Wish I Was More Surprised At What A Student Came Out And Exposed About His School, But I'm Not",0,5978,FALSE
5 Maps That’ll Give You The Basics On One Of The World’s Longest Running Conflicts,1,5979,TRUE
5 Maps That’ll Give You The Basics On One Of The World’s Longest Running Conflicts,0,5980,FALSE
What Has Kept The World's Oldest Holocaust Survivor Thriving All These Years? THIS.,1,5981,TRUE
This Woman Played 100 Concerts From Memory While In A Concentration Camp. She's Still Doing It.,0,5982,FALSE
A Marine Was Sexually Assaulted. Her Commander Said She Deserved It For Wearing Running Shorts!?,1,5983,TRUE
This Marine Doesn't See Herself As A Victim. She Sees Herself As A Catalyst For Change.,0,5984,FALSE
I'm Not Saying That Obamacare Is Sexy. It's Not. But This Is. And You Should Have Insurance For It.,1,5985,TRUE
Why Obamacare Is Kind Of Sexy When You Think About It In A Certain Weird Way (Work With Me Here),0,5986,FALSE
A Marine Was Assaulted. Her Commander Said She Deserved It For Wearing Running Shorts.,1,5987,TRUE
A Marine Was Assaulted. Her Commander Said She Deserved It For Wearing Running Shorts.,0,5988,FALSE
"Kids To People Who Are Afraid Of Gays: 'If I'd Have Gotten A Bunch Of Microscopes, Would I Be Gay?' ",1,5989,TRUE
Kids To People Who Are Afraid Of Gays: 'You Can't Be All Bossy To People.',0,5990,FALSE
"It’s The Most Important Thing In The World To A Lot Of Us, But We Might Be Defining It All Wrong",1,5991,TRUE
How The World Could Be More Loving If We Used The Word ‘Family’ In A Less Traditional Sense,0,5992,FALSE
"She Was Stuck Paralyzed From The Neck Down, Until She Saw A Youtube Video That Changed Her Life",1,5993,TRUE
"She Was Stuck Paralyzed From The Neck Down, Until She Saw A Youtube Video That Changed Her Life",0,5994,FALSE
A Quick Guide To Identifying Someone's Sexual Orientation By Appearance Alone,1,5995,TRUE
I'm Gay. I Also Like Spinach. You Shouldn't Assume Either Without Talking To Me First.,0,5996,FALSE
This Kid Is Going To Die From An Awful Disease. But That Won’t Stop Him From Laughing. A Lot.,1,5997,TRUE
"How Do You React When Your Disease Wants To Kill You? Laugh In Its Face, Of Course.",0,5998,FALSE
See A TV Host’s Perfect Message To A Young Girl Whose School Called Her ‘Unacceptable’,1,5999,TRUE
See A TV Host’s Inspiring Response To A Girl Sent Home From School For Having Dreadlocks,0,6000,FALSE
They're College Grads. They're Doing Real Work. Yet They Can't Even Make Minimum Wage.,1,6001,TRUE
They're College Grads. They're Doing Real Work. Yet They Can't Even Make Minimum Wage.,0,6002,FALSE
Everything You Wanted To Know About The Way Orthodox Jews Look But Were Afraid To Ask,1,6003,TRUE
How Orthodox Jews’ Eye-Catching Fashions Reflect Their Beliefs And Values,0,6004,FALSE
Doctors Take A Long Shot And Inject Modified HIV Into Dying Girl. The Reason Why Will Amaze You.,1,6005,TRUE
Doctors Take A Long Shot And Inject Modified HIV Into Dying Girl. The Reason Why Will Amaze You.,0,6006,FALSE
"Know Anyone Who Thinks Racial Profiling Is Exaggerated? Watch This, And Tell Me When Your Jaw Drops.",1,6007,TRUE
"Know Anyone Who Thinks Racial Profiling Is Exaggerated? Watch This, And Tell Me When Your Jaw Drops.",0,6008,FALSE
​500 Kids Were Taken Out Of School The Day This 8 Year Old Girl Entered,1,6009,TRUE
​Incredible Footage Of A Little Black Girl Desegregating A School In The South,0,6010,FALSE
Carl Sagan Tries To Explain Evolution To An Argumentative Guy,1,6011,TRUE
Carl Sagan Tries To Explain Evolution To An Argumentative Guy,0,6012,FALSE
They Said Women Are 'Disrespecting Themselves' For Trying To Access This Info. These Women Disagree.,1,6013,TRUE
I Used To Have Pity For Myself. I'm A Woman In Native America.' Key Phrase Here: 'Used To.',0,6014,FALSE
This Kid Is Going To Die From An Awful Disease. But That Won’t Stop Him From Laughing. A Lot.,1,6015,TRUE
This 21 Year-Old Proves That Happiness Is At Least As Much About Attitude As It Is Circumstance,0,6016,FALSE
Everything You Wanted To Know About The Way Orthodox Jews Look But Were Afraid To Ask,1,6017,TRUE
Everything You Wanted To Know About The Way Orthodox Jews Look But Were Afraid To Ask,0,6018,FALSE
"Screw You, Sexist Music Industry — Here Is Janelle Monae Giving You Real Talk",1,6019,TRUE
"Screw You, Sexist Music Industry — Here Is Janelle Monae Giving You Real Talk",0,6020,FALSE
Noticed A Lot Of Mustaches Around You Recently? Meet The Reason Why.,1,6021,TRUE
Why The Cure To One Type Of Cancer Might Be Right Under Your Nose,0,6022,FALSE
"These Alarming Facts Essentially Say: Women, You're Collateral Damage",1,6023,TRUE
"These Alarming Facts Essentially Say: Women, You're Collateral Damage",0,6024,FALSE
"She Was Stuck Paralyzed From The Neck Down, Until She Saw A Youtube Video That Changed Her Life",1,6025,TRUE
"Why You Should Dedicate A Few Minutes A Day To Bettering Yourself, By A Paralyzed Woman",0,6026,FALSE
Dear Sexist Music Industry — Here Is Janelle Monae Giving You Some Real Talk,1,6027,TRUE
Dear Sexist Music Industry — Here Is Janelle Monae Giving You Some Real Talk,0,6028,FALSE
This Guy Is Living With A Nightmare Of A Disease... And Laughing About It?,1,6029,TRUE
This Guy Is Living With A Nightmare Of A Disease... And Laughing About It?,0,6030,FALSE
Nothing Ever Changes When People Refuse To Work Together & Then Throw Up Their Hands In Frustration,1,6031,TRUE
Why Do People Work Together To Change Things?,0,6032,FALSE
A Guy Dresses Up As Captain America and New Yorkers Can’t Even Handle It,1,6033,TRUE
A Guy Dresses Up As Captain America and New Yorkers Can’t Even Handle It,0,6034,FALSE
The Same Question Is Asked To Parents And Then Their Kids. The Difference Is Kinda Revolutionary.,1,6035,TRUE
The Same Question Is Asked To Parents And Then Their Kids. The Difference Is Kinda Revolutionary.,0,6036,FALSE
Why You Shouldn't Blame Parents When Their Kids Eat Fast Food,1,6037,TRUE
Why You Shouldn't Blame Parents When Their Kids Eat Fast Food,0,6038,FALSE
The Same Question Is Asked To Parents And Then Their Kids. The Difference Is Kinda Revolutionary.,1,6039,TRUE
The Same Question Is Asked To Parents And Then Their Kids. The Difference Is Kinda Revolutionary.,0,6040,FALSE
Everything You Wanted To Know About The Way Orthodox Jews Look But Were Afraid To Ask,1,6041,TRUE
Everything You Wanted To Know About The Way This Guy Looks But Were Afraid To Ask,0,6042,FALSE
​500 Kids Were Taken Out Of School The Day This 8 Year Old Girl Entered,1,6043,TRUE
​500 Kids Were Taken Out Of School The Day This 8 Year Old Girl Entered,0,6044,FALSE
"If You See A Burglary In Progress, You're Probably Going To Report It...Right?",1,6045,TRUE
What Happens When Our Communities Suffer Because People Are Afraid To Report Crimes?,0,6046,FALSE
Noticed A Rise In Mustaches Around You Recently? Meet The Reason Why.,1,6047,TRUE
"Noticed A Lot Of Beautiful, Beautiful Mustaches Around You Recently? Meet The Reason Why.",0,6048,FALSE
The Same Question Is Asked To Parents And Then Their Kids. The Difference Is Kinda Stunning.,1,6049,TRUE
A Simple Question Is Asked To Parents And Then Their Kids. The Difference Is Kinda Revolutionary.,0,6050,FALSE
How Many Nukes Have Been Dropped On America? Nope. Guess Again.,1,6051,TRUE
How Many Nukes Have Been Dropped On America? Nope. Guess Again.,0,6052,FALSE
A Quick Guide To Identifying Someone's Sexual Orientation By Appearance Alone,1,6053,TRUE
A Quick Guide To Identifying Someone's Sexual Orientation By Appearance Alone,0,6054,FALSE
Why You Shouldn't Blame Parents When Their Kids Eat Fast Food,1,6055,TRUE
Why You Shouldn't Blame Parents When Their Kids Eat Fast Food,0,6056,FALSE
A Jon Stewart Panel On Racism. Brought To You By All That Is Good And Holy.,1,6057,TRUE
A Jon Stewart Panel On Racism. Brought To You By All That Is Good And Holy.,0,6058,FALSE
A Famous Columnist Writes An Epically Bad Column. Stephen Colbert Gets America To Point And Laugh.,1,6059,TRUE
A Famous Columnist Writes An Epically Bad Column. Stephen Colbert Gets America To Point And Laugh.,0,6060,FALSE
Famous Columnist Has Trouble Defining Racism. Colbert Eats Him For Dinner.,1,6061,TRUE
A Famous Columnist Writes An Epically Bad Column. Stephen Colbert Gets America To Point And Laugh.,0,6062,FALSE
"A 6 Year Old Girl Walked Into A School — And 500 Kids Were Removed Because Of It
",1,6063,TRUE
​500 Kids Were Taken Out Of School The Day A 6 Year Old Girl Bravely Entered,0,6064,FALSE
A Singing Toilet Will Forever Raise Your Standards For What It Means To Be A Potty Mouth,1,6065,TRUE
A Singing Toilet Will Forever Raise Your Standards For What It Means To Be A Potty Mouth,0,6066,FALSE
Think Your Scars Are Ugly? This Artist Thinks You're A Walking Work Of Art.,1,6067,TRUE
How One Artist Is Telling The Story Of People's Lives Through Their Scars,0,6068,FALSE
"Most 21 Year-Olds Have A Messed Up Sense Of Humor. Well, This Guy Has A Pretty Good Reason For It.",1,6069,TRUE
This Kid Was Born With A Nightmare Of A Disease... But Has An Incredible Dream He Wants To Share,0,6070,FALSE
"Most 21 Year-Olds Have A Messed Up Sense Of Humor. Well, This Guy Has A Pretty Good Reason For It.",1,6071,TRUE
"Most 21 Year-Olds Have A Messed Up Sense Of Humor. Well, This Guy Has A Pretty Good Reason For It.",0,6072,FALSE
What Has Kept The World's Oldest Holocaust Survivor Thriving All These Years? THIS.,1,6073,TRUE
The Lady In Apartment 6 Believes She's The Luckiest Woman Alive. But Why?,0,6074,FALSE
It's Hard To Speak About These Things In Public. So He Drew This Instead.,1,6075,TRUE
Victims Of Sexual Abuse Don’t Become Monsters. Some Become Badass Artists Who Fight Them.,0,6076,FALSE
" Hitler Couldn't Kill Her. Here's Why Nothing Else Could, Either. ",1,6077,TRUE
How Tough Is She? Let's Put It This Way: Hitler Couldn't Kill Her.,0,6078,FALSE
"This Kid Just Called His Mom An Angel. After Watching What She's Done All Day, I Totally Agree. ",1,6079,TRUE
When Is A 2-Year-Old Driving A Trike Through Your House The Mellowest Part Of Your Day?,0,6080,FALSE
It's Hard To Speak About These Things In Public. So He Drew This Instead.,1,6081,TRUE
Take One Glance At This Powerful Drawing. It’s What Bravery Looks Like.,0,6082,FALSE
Don't Blame Parents When Their Kids Eat Fast Food,1,6083,TRUE
Don't Blame Parents When Their Kids Eat Fast Food,0,6084,FALSE
"When 1/3 Of This Population Is Afraid To Leave The House, You Know There Is A Problem",1,6085,TRUE
"If You See A Burglary In Progress, You're Probably Going To Report It...Right?",0,6086,FALSE
"If You Can Watch This Movie Trailer And Not Get Excited About The Movie Itself, You're Made Of Stone",1,6087,TRUE
Coming Soon: The Powerful Story Of How Farm Workers Kicked Some Tail,0,6088,FALSE
A Crooning Toilet Is Going To Raise Your Standards For What It Means To Be A Potty Mouth,1,6089,TRUE
A Crooning Toilet Is Going To Raise Your Standards For What It Means To Be A Potty Mouth,0,6090,FALSE
"If You See A Burglary In Progress, You're Probably Going To Report It...Right?",1,6091,TRUE
"If You See A Burglary In Progress, You're Probably Going To Report It...Right?",0,6092,FALSE
"Most 21 Year-Olds Have A Messed Up Sense Of Humor. Well, This Guy Has An Awesome Reason For It. ",1,6093,TRUE
This Kid Was Born With A Nightmare Of A Disease... But Has An Incredible Dream He Wants To Share,0,6094,FALSE
"When Folks See A Crime In Progress, Most Will Report It...Not These People. Here's Why.",1,6095,TRUE
"If You See A Crime In Progress, You're Probably Going To Report It...Right?",0,6096,FALSE
"It's Hard To Speak About These Things In Public. So He Drew This Instead. 
",1,6097,TRUE
"It's Hard To Speak About These Things In Public. So He Drew This Instead. 
",0,6098,FALSE
A Crooning Toilet Is Going To Raise Your Standards For What It Means To Be A Potty Mouth,1,6099,TRUE
A Crooning Toilet Is Going To Raise Your Standards For What It Means To Be A Potty Mouth,0,6100,FALSE
Think Your Scars Are Ugly? This Artist Thinks You're A Walking Work Of Art.,1,6101,TRUE
Think Your Scars Are Ugly? This Artist Thinks You're A Walking Work Of Art.,0,6102,FALSE
"When You Go Out To Eat, Tipping Is Not Optional. Yes, I Said It.",1,6103,TRUE
What Living On Tips Is Really Like,0,6104,FALSE
"When You Go Out To Eat, Tipping Is Not Optional. Yes, I Said It.",1,6105,TRUE
What Living On Tips Means To Millions Of Americans,0,6106,FALSE
Why Would 10 Million People Want To Live Inside A Lemonade Stand? Because It's Genius.,1,6107,TRUE
"San Franciscans Are Out To Prove They Don't Need Lemons From You Or From Anybody Else
",0,6108,FALSE
A Teenager Articulates How Policies Should Be Created Better Than Most Adults Probably Could,1,6109,TRUE
A Child Explains Who Should Speak To Children's Rights And Makes Total Sense. Next Up: Presidency.,0,6110,FALSE
A Teenager Articulates How Policies Should Be Created Better Than Most Adults Probably Could,1,6111,TRUE
A Teenager Articulates How Policies Should Be Created Better Than Most Adults Probably Could,0,6112,FALSE
How Many Nukes Have Been Dropped On America? Nope. Guess Again.,1,6113,TRUE
"But If You Watch From The End To The Beginning, It's Quite A Happy Tale",0,6114,FALSE
A Few Things You Want To Know About Being Transgender But Were Afraid To Ask,1,6115,TRUE
A Few Things You Want To Know About Being Transgender But Were Afraid To Ask,0,6116,FALSE
What Do You Get When You Add Diabetes To A Kids' Toy? Genius.,1,6117,TRUE
What Do You Get When You Add Diabetes To A Kids' Toy? Genius.,0,6118,FALSE
Yet Another Reason To Question The Thing We Spend 3 Billion Hours A Week Doing,1,6119,TRUE
Yet Another Reason To Question The Thing We Spend 3 Billion Hours A Week Doing,0,6120,FALSE
"Before You Say Corporations Don't Do Anything Good, Check Out Who Got These Dogs A Home",1,6121,TRUE
"Before You Say Corporations Don't Do Anything Good, Check Out Who Got These Dogs A Home",0,6122,FALSE
Your 4 Minute Reminder To Give A Fuck,1,6123,TRUE
"If You’re Feeling Hopeless About Climate Change, I Think This Video’ll Help",0,6124,FALSE
One Map Where You Definitely Don't Want To See Your House. But You Probably Will.,1,6125,TRUE
How Many Nukes Have Gone Off Next To Your House? Guess Again.,0,6126,FALSE
Why Certain Ideas Really Do Need To Go Viral,1,6127,TRUE
"And When It Comes Down To It, Coffee Really is One Of The Biggest Keys To Happiness",0,6128,FALSE
A Typhoon Has Just Hit His Country — Hear His Powerful Plea To The World,1,6129,TRUE
"His Country Is In Turmoil — Hopefully His Tearful Plea Will Wake Up The World
",0,6130,FALSE
"When You Go Out To Eat, Tipping Is Not Optional. Yes, I Said It.",1,6131,TRUE
"Odds Are, You Have Friends Or Family Who Depend On These Dollars To Live",0,6132,FALSE
"Hear A Singer's Catchy, Soulful Tune Against This Major Human Rights Violation",1,6133,TRUE
"Hear Singer Esperanza Spalding's Song About The Closure Of The Illegal Detention Camp, Guantanamo",0,6134,FALSE
Hear A Singer's Soulful Tune Against A Major Human Rights Violation,1,6135,TRUE
Hear A Singer's Soulful Tune Against A Major Human Rights Violation,0,6136,FALSE
"When You Go Out To Eat, Tipping Is Not Optional. You Read That Right.",1,6137,TRUE
"When You Go Out To Eat, Tipping Is Not Optional. You Read That Right.",0,6138,FALSE
"If 3 Little Girls Did This To My House, I'd Do Everything I Could To Get Them Full Rides To College",1,6139,TRUE
"If 3 Little Girls Did This To My House, I'd Do Everything I Could To Get Them Full Rides To College",0,6140,FALSE
Most Americans Are 5 Generations Removed From Something That Used To Be All Around Us,1,6141,TRUE
Most Americans Are 5 Generations Removed From Something That Used To Be All Around Us,0,6142,FALSE
"If 3 Little Girls Did This To My House, I'd Do Everything I Could To Get Them Full Rides To Harvard",1,6143,TRUE
"If 3 Little Girls Did This To My House, I'd Do Everything I Could To Get Them Full Rides To Yale",0,6144,FALSE
I Respect These Female Heroes So Much More With Tiny Waists And Sparkly Dresses! LOL J/K.,1,6145,TRUE
I Respect These Female Heroes So Much More With Tiny Waists And Sparkly Dresses! LOL J/K.,0,6146,FALSE
"This Kid Just Called His Mom An Angel. After Watching What She's Done All Day, I Totally Agree. ",1,6147,TRUE
"This Kid Just Called His Mom An Angel. After Watching What She's Done All Day, I Totally Agree. ",0,6148,FALSE
"This Kid Just Called His Mom An Angel. After Watching What She's Done All Day, I Totally Agree. ",1,6149,TRUE
"This Kid Just Called His Mom An Angel. After Watching What She's Done All Day, I Totally Agree. ",0,6150,FALSE
You'd Be A Feminist Too If You Experienced What She Did,1,6151,TRUE
"Hear Her Out, You Might Be A Feminist Too",0,6152,FALSE
Some States Have Decided That People Living On The Edge Might Not Be Such A Great Idea,1,6153,TRUE
Is Your State More Likely To Give A Darn About People Who Work For A Living?,0,6154,FALSE
"She Thought She Would 'Blend' After She Transitioned, So She Decided Somethng When It Didn't Happen",1,6155,TRUE
Orange Is The New Black' And This Actress Is The Start Of A New Wave,0,6156,FALSE
"He's The Only One In His School. Instead Of Feeling Special, He Gets Bullied Everywhere. ",1,6157,TRUE
How Do Bathrooms Become Battlegrounds For These Teens?,0,6158,FALSE
"He's The Only One In His School. Instead Of Feeling Special, He Gets Bullied Everywhere. ",1,6159,TRUE
"He's The Only One In His School. Instead Of Feeling Special, He Gets Bullied Everywhere. ",0,6160,FALSE
"It’s The Most Important Thing In The World To A Lot Of Us, But We Might Be Defining It All Wrong",1,6161,TRUE
"It’s The Most Important Thing In The World To A Lot Of Us, But We Might Be Defining It All Wrong",0,6162,FALSE
We Don’t Hear Enough From Native American Voices. Here’s An Inspiring Message From One.,1,6163,TRUE
"Despite A History Of Hardship, This Woman Kept The Smile On Her Face And A Belief In Peace",0,6164,FALSE
Why Would Millions Of People Want To Live In A Lemonade Stand? Because It's Genius.,1,6165,TRUE
Why Would Millions Of People Want To Live In A Lemonade Stand? Because It's Genius.,0,6166,FALSE
Walmart Went On The Record About What It Pays Its Workers. It Didn’t Count On Us Knowing Math.,1,6167,TRUE
"In School, Below 50% Is A Failing Grade. But Somebody's Giving Themselves A High Five.
",0,6168,FALSE
He Was Asked Why Whiteness Made Him So Uncomfortable. His Response Is Pretty Profound.,1,6169,TRUE
He Was Asked Why Whiteness Made Him So Uncomfortable. His Response Is Pretty Profound.,0,6170,FALSE
"Someone You Might Not Expect Makes A Speech You Won't Forget, And Will Be Glad You Heard",1,6171,TRUE
"The Vice President Shares Harrowing, Inspiring Advice On Facing Up To Hopelessness",0,6172,FALSE
Walmart Went On The Record About What It Pays Its Workers. It Didn’t Count On Us Knowing Math.,1,6173,TRUE
"Wow, So Walmart Is Super Proud Of Its Depressing Track Record On Paying People?",0,6174,FALSE
How Changing The Definition Of One Word Might Make TV Shows Worse But Real Life Better,1,6175,TRUE
How Changing The Definition Of One Word Might Make TV Shows Worse But Real Life Better,0,6176,FALSE
How Does It Feel To Be A Minority In A Minority In A Minority? Something Like This.,1,6177,TRUE
How Does It Feel To Be A Minority In A Minority In A Minority? Something Like This.,0,6178,FALSE
Some People Get Drum Sets To Play Music. This Person Got One For A Much More Beautiful Reason.,1,6179,TRUE
The Most Beautiful Reason I’ve Heard For Getting A Drum Set,0,6180,FALSE
Some People Get Drum Sets To Play Music. This Person Got One For A Much More Beautiful Reason.,1,6181,TRUE
Some People Get Drum Sets To Play Music. This Person Got One For A Much More Beautiful Reason.,0,6182,FALSE
"One Day After His Dad Dies, He Does This",1,6183,TRUE
Why You Might Want To Stop Whining About Your Family Over The Holidays,0,6184,FALSE
"If You Are Getting Bullied In School, Then You Better Watch This Awesome Nerd Stare At The Camera",1,6185,TRUE
Middle School Can Be Miserable. The Only Good Way Out Is Through. We Got Through. And So Will You.,0,6186,FALSE
"If You Told Her There'd Be A Famous Actress Like Her Ten Years Ago, She'd Have Laughed",1,6187,TRUE
A Rare Look Into The Past Of A Famous Transgender Actress,0,6188,FALSE
"If You Said Someone Like Her Would Be Famous 10 Years Ago, This Actress Might Have Laughed At You",1,6189,TRUE
"If I Could Show This Actress And Activist Her Future, I Bet What She'd See Would Be Magnificent",0,6190,FALSE
In 3 Minutes He Explains An Ignored Fact About Health Care. You'll Want To High-Five Your Screen.,1,6191,TRUE
Give Him 3 Minutes And He'll Explain What Everyone's Getting Wrong About People Losing Health Care,0,6192,FALSE
Some States Have Decided That People Living On The Edge Might Not Be Such A Great Idea,1,6193,TRUE
Some States Have Decided That People Living On The Edge Might Not Be Such A Great Idea,0,6194,FALSE
"In 3 Minutes, He Nails What No One Wants To Hear About Those Cancelled Health Plans",1,6195,TRUE
In 3 Minutes He Explains An Ignored Fact About Health Care. You'll Want To High-Five Your Screen.,0,6196,FALSE
"The Reality Homeless Children Live —Told By Mark, 10 Years Old",1,6197,TRUE
"The Reality Homeless Children Live —Told By Mark, 10 Years Old",0,6198,FALSE
"In 3 Minutes, He Nails What No One Wants To Hear About Those Cancelled Health Plans",1,6199,TRUE
It Takes Less Than 3 Minutes To Explain What No One Wants To Hear About Those Cancelled Health Plans,0,6200,FALSE
"The Day After His Dad Dies, He Waits Until The End Of His Show To Tell Us About It. It's Pretty Great.",1,6201,TRUE
"One Day After His Dad Dies, He Decides To Share Something With Us",0,6202,FALSE
Stuff Like This Is Why Public Transportation Is Way More Entertaining Than Sitting Alone In Your Car,1,6203,TRUE
Stuff Like This Is Why Public Transportation Is Way More Entertaining Than Sitting Alone In Your Car,0,6204,FALSE
Watch 2 Dudes Bring A Trolley Full Of People To A Rousing Applause,1,6205,TRUE
Watch 2 Dudes Bring A Trolley Full Of People To A Rousing Applause,0,6206,FALSE
An Honest 5 Minutes About Our Future That Will Make You Wonder If We HAVE a Future,1,6207,TRUE
"There Used To Be An Agreement: You Work Your Life, We'll Take Care Of You. No More.",0,6208,FALSE
A Kid Says Something To A Teacher That No One Should Have To Experience,1,6209,TRUE
A Kid Says Something To A Teacher That No One Should Have To Experience,0,6210,FALSE
That One Time When A Company With A Gajillion Dollars Tried Collecting Food Donations For Its Staff,1,6211,TRUE
That One Time When A Company With A Gajillion Dollars Tried Collecting Food Donations For Its Staff,0,6212,FALSE
"You Know How You’re Supposed To Always Want To Be Younger? Well, Screw That.",1,6213,TRUE
"You Know How You’re Supposed To Always Want To Be Younger? Well, Screw That.",0,6214,FALSE
Here’s What You’re Not Seeing In All Those Commercials Where Blissed-Out Moms Enjoy A Yogurt,1,6215,TRUE
Think You Graduated From Eating Sugar To Eating Real Grownup Food? Guess Again.,0,6216,FALSE
"Why Would 826,000+ People Want To Live In A Lemonade Stand? Because It's Genius.",1,6217,TRUE
"Why Would 826,000 People Want To Live In A Lemonade Stand? Because It's Genius.",0,6218,FALSE
"Wow, Here's A Scarily Simple Way To Sabotage Your Life And Everyone's Around You ",1,6219,TRUE
"Wow, Here's A Scarily Simple Way To Sabotage Your Life And Everyone's Around You ",0,6220,FALSE
Hear How The Audience At The Boston Symphony Orchestra Found Out JFK Had Been Shot.,1,6221,TRUE
"50 Years Ago, JFK Was Assassinated. Want To Know What It Felt Like To Hear The News?",0,6222,FALSE
​Read The Witty Suggestion An Advice Columnist Gives To A Homophobic Parent,1,6223,TRUE
​Read The Witty Suggestion An Advice Columnist Gives To A Homophobic Parent,0,6224,FALSE
Congress Could Be In A Lot Of Trouble If Their Kids Ever See This Video,1,6225,TRUE
"Apparently, This Was Made For Congress. Which Explains Why A 5-Year-Old Could Understand It.",0,6226,FALSE
8-Year-Old Narrator Understands Congress Better Than Most Of Us,1,6227,TRUE
It’s Done In A Very Simple Way. Because That’s The Only Way Congress Will Understand It.,0,6228,FALSE
Hear How The Audience At The Boston Symphony Orchestra Found Out JFK Had Been Shot.,1,6229,TRUE
"50 Years Ago, JFK Was Assassinated. Hear How The Boston Symphony Orchestra Responded. ",0,6230,FALSE
Someone You Might Not Expect Makes A Speech You Will Not Forget,1,6231,TRUE
Someone You Might Not Expect Makes A Speech You Will Not Forget,0,6232,FALSE
A Student Explains What's Wrong With Our School System And Why We Mistrust Teachers. Nails It.,1,6233,TRUE
A Student Explains What's Wrong With Our School System And Why We Mistrust Teachers. Nails It.,0,6234,FALSE
"This Congressman Might Seem Like The Worst, But He’s Part Of A Much Bigger Problem",1,6235,TRUE
"People Who Say “Congress Is Bought” Are Being Much More Literal Than They Think
",0,6236,FALSE
"With Just A Few Animated Doodles, A Little Kid Puts Congress In Its Place. ",1,6237,TRUE
"They May Have Guns, But This Kid’s Got A Cartoon And Something To Say. They Should Listen. ",0,6238,FALSE
"An Ad For Alcohol Takes A Dark Twist. Well Played, Sweden.",1,6239,TRUE
"This Might Start Out Like An Alcohol Ad, But It Does Not End Like One",0,6240,FALSE
Listen To Neil deGrasse Tyson Give You 10 Reasons Why You Should Love Science,1,6241,TRUE
Listen To Neil deGrasse Tyson Give You 10 Reasons Why You Should Love Science,0,6242,FALSE
The Health Consequences Of Sitting All Day In One 3 Minute Clip,1,6243,TRUE
Do You Sit Most Of The Day? You Probably Shouldn't Do That.,0,6244,FALSE
"I Talk About Money In Politics For A Living, And This Still Blew Me Away",1,6245,TRUE
This Is Why I’ll Never Shut Up About Money In Politics,0,6246,FALSE
"A Lot Of People Find It Hard To Talk To Her. So, She Put Together 4 Easy Tips.",1,6247,TRUE
"A Lot Of People Find It Hard To Talk To Her. So, She Put Together 4 Easy Tips.",0,6248,FALSE
Hear The Moment This Audience In Boston Found Out JFK Had Been Shot.,1,6249,TRUE
50 Years Ago: Hear The Moment A Crowd Finds Out The President Has Been Assassinated,0,6250,FALSE
Someone You Might Not Expect Makes A Speech You Will Not Forget,1,6251,TRUE
Someone You Might Not Expect Makes A Speech You Will Not Forget,0,6252,FALSE
"If You Let Your Kid See This Video, You'll Totally Lose The Moral High Ground On Eating Right",1,6253,TRUE
"If Your Kids Find Out How Much Sugar Is In Your Food, They’re Gonna Want Their Lucky Charms Back",0,6254,FALSE
They Did It 86 Times To Every Other President Combined. 82 Times To Obama Alone.,1,6255,TRUE
Why Are The Democrats Finally Fighting Back? See For Yourself.,0,6256,FALSE
"A Lot Of People Find It Hard To Talk To Her. So, She Put Together 4 Easy Tips.",1,6257,TRUE
"A Lot Of People Find It Hard To Talk To Her. So, She Put Together 4 Easy Tips.",0,6258,FALSE
He Was Asked Why Whiteness Made Him So Uncomfortable. His Response Is Pretty Profound.,1,6259,TRUE
He Was Asked Why Whiteness Made Him So Uncomfortable. His Response Is Pretty Profound.,0,6260,FALSE
A Minister Decides To Defy His Own Church To Protect His Own Son. Righteousness Ensues.,1,6261,TRUE
A Minister Defies His Church And Officiate A Gay Marriage. He's Biased Though. He Loves His Son.,0,6262,FALSE
"If We Paid These Women What They're Worth, There'd Be A Lot Of Men Complaining About Unfair Pay",1,6263,TRUE
It Would Really Be Easier To Clean Spit-Up If You Got A Check Afterward,0,6264,FALSE
A Minister Stands Up To Some Bullies Picking On His Son. By Bullies I Mean His Entire Religion.,1,6265,TRUE
A Minister Stands Up To Some Bullies Picking On His Son. By Bullies I Mean His Entire Religion.,0,6266,FALSE
A Minister Stands Up To Some Bullies Picking On His Son. By Bullies I Mean His Entire Religion.,1,6267,TRUE
A Minister Tells A Church To Start Walking The Walk So They Tell Him To Walk Out The Door,0,6268,FALSE
"When I Figured Out What This Girl Is Doing, I Felt Sick Because That Will Never Happen To Me",1,6269,TRUE
"When I Figured Out What This Girl Is Doing, I Felt Sick Because That Will Never Happen To Me",0,6270,FALSE
No Big Deal. He's Just Trying To Educate The Whole World. For Free.,1,6271,TRUE
No Big Deal. He's Just Trying To Educate The Whole World. For Free.,0,6272,FALSE
Feeling Depressed? Hear Tim Minchin Remind You That Things May Not Be Too Bad,1,6273,TRUE
Tim Minchin's Little Reminder That Things For You Are Probably Quite Good,0,6274,FALSE
"If Your Work Or Home Life Involves Sitting, You Really Should Watch A 3-Minute Clip About...Well, Sitting!",1,6275,TRUE
"If Some Of Your Work Life Involves Sitting, You Really Should Watch A 3-Minute Clip About...Well, Sitting!",0,6276,FALSE
No Big Deal. He's Just Trying To Educate The Whole World. For Free.,1,6277,TRUE
Why Don't We Educate The Whole World? For Free? No Big Deal.,0,6278,FALSE
When Being The Biggest Employer With The Most People On Welfare Is Considered A Success Story,1,6279,TRUE
When Being The Biggest Employer With The Most People On Welfare Is Considered A Success Story,0,6280,FALSE
No Big Deal. He's Just Trying To Educate The Whole World. For Free.,1,6281,TRUE
No Big Deal. He's Just Trying To Educate The Whole World. For Free.,0,6282,FALSE
"A Lot Of People Find It Hard To Talk To Laura. So, She Put Together 4 Easy Tips.",1,6283,TRUE
"Her Friends Found It Hard To Talk To Her. So, She Put Together 4 Easy Tips We All Can Use.",0,6284,FALSE
A Church Told A Pastor That He Couldn't Preside Over His Son's Wedding. He Responded. Appropriately.,1,6285,TRUE
A Church Told A Pastor That He Couldn't Preside Over His Own Son's Wedding. He Disagreed.,0,6286,FALSE
They Did It 86 Times To Every Other President Combined. 82 Times To Obama Alone.,1,6287,TRUE
They Did It 86 Times To Every Other President Combined. 82 Times To Obama Alone.,0,6288,FALSE
A Neo-Nazi Walked Into A Jewish Man's Antique Store. Can You Guess What Happened Next?,1,6289,TRUE
A Neo-Nazi Walked Into A Jewish Man's Antique Store. Can You Guess What Happened Next?,0,6290,FALSE
The Video That Will Reveal To Your Children What A Marshmallow-Prejudiced Hypocrite You Are,1,6291,TRUE
The Video That Will Reveal Many 'Healthy Eaters' As Marshmallow-Prejudiced Hypocrites,0,6292,FALSE
It's Pretty Shocking How Much Money This Person Would Make If They Didn't Love Their Client So Much.,1,6293,TRUE
This Working Woman Gives What Her Job Needs. Chauffeur? Check. A Loan? Yes. Bath? Get In The Tub.,0,6294,FALSE
"When I Figured Out What This Girl Is Doing, I Felt Sick To My Stomach",1,6295,TRUE
"When I Figured Out What This Girl Is Doing, I Felt Sick Because That Will Never Happen To Me",0,6296,FALSE
"When They Image Clothes For Models, Here's What Actual Women Would Have To Look Like",1,6297,TRUE
The Heartbreaking Reality Behind Fashion Designers' Sketches Of Women,0,6298,FALSE
"Wow, Here's A Scarily Simple Way To Sabotage Your Life And Everyone's Around You",1,6299,TRUE
"Wow, Here's A Scarily Simple Way To Sabotage Your Life And Everyone's Around You",0,6300,FALSE
This Is Everything That's Wrong With Politics In One Very Expensive Nutshell,1,6301,TRUE
"The House Did Something Awful, And They're Getting Paid Handsomely For It",0,6302,FALSE
"When They Imagine Clothes For Models, Here's What Actual Women Would Have To Look Like",1,6303,TRUE
"When They Imagine Clothes For Models, Here's What Actual Women Would Have To Look Like",0,6304,FALSE
This Recent Bill Is Everything That's Wrong With Politics In One Very Expensive Nutshell,1,6305,TRUE
This Recent Bill Is Everything That's Wrong With Politics In One Very Expensive Nutshell,0,6306,FALSE
This Recent Bill Is Everything That's Wrong With Politics In One Very Expensive Nutshell,1,6307,TRUE
This Recent Bill Is Everything That's Wrong With Politics In One Very Expensive Nutshell,0,6308,FALSE
The Only Dog Video On The Internet That Will Make You Reflect On Your Life,1,6309,TRUE
Do You Know Someone With This Black Dog?,0,6310,FALSE
Here Are 10 Snazzy Sciencey Reasons Why You Should Love Science,1,6311,TRUE
Listen To Neil deGrasse Tyson Give You 10 Reasons Why You Should Love Science,0,6312,FALSE
"After 3 Years In Jail, This Innocent Teen Finally Gets To Say A Few Words",1,6313,TRUE
"After 3 Years In Jail, This Innocent Teen Finally Gets To Say A Few Words",0,6314,FALSE
It Starts With The Media Asking A Dumb Question And Ends With You Realizing You've Seen This Already,1,6315,TRUE
This Is The Sequel To The Hunger Games That You Already Paid For,0,6316,FALSE
Watch The Moment Angelina Jolie Stands Up For Women Worldwide To The UN,1,6317,TRUE
Listen To Angelina Jolie Urge The UN To End Rape In War Zones,0,6318,FALSE
What Warren Buffet And Bill Gates Think Is 'Very Unfair',1,6319,TRUE
That One Time When Some Really Wealthy Dudes Were Actually ASKING To Be Taxed More,0,6320,FALSE
Feeling Crappy? Hear This Little Song Remind You That Things May Not Be Too Bad,1,6321,TRUE
Feeling Crappy? Hear Tim Minchin Remind You That Things May Not Be Too Bad,0,6322,FALSE
Watch The Moment Angelina Jolie Stands Up For Women Worldwide To The UN,1,6323,TRUE
Watch The Moment Angelina Jolie Stands Up For Women Worldwide To The UN,0,6324,FALSE
The Side Effect Of Birth Control No One Ever Talks About,1,6325,TRUE
The Side Effect Of Birth Control No One Ever Talks About,0,6326,FALSE
Feeling Crappy? Hear This Little Song Remind You That Your Life Could Be Worse.,1,6327,TRUE
Please Stop Moaning That Your Life Sucks—Hear This Song Remind You It Could Be Worse,0,6328,FALSE
Watch The Moment Angelina Jolie Stands Up For Women Worldwide To The UN,1,6329,TRUE
Watch The Moment Angelina Jolie Stands Up For Women Worldwide To The UN,0,6330,FALSE
"After 3 Years In Jail, This Innocent Teen Finally Gets To Say A Few Words",1,6331,TRUE
"After Having 3 Years Of His Life Stolen From Him, It's His Turn To Fight Back.",0,6332,FALSE
The Side Effect Of Birth Control No One Ever Talks About,1,6333,TRUE
The Side Effect Of Birth Control No One Ever Talks About,0,6334,FALSE
The Side Effect Of Birth Control No One Ever Talks About,1,6335,TRUE
The Global Side Effect Of Birth Control No One Ever Talks About,0,6336,FALSE
The Side Effect Of Birth Control No One Ever Talks About,1,6337,TRUE
$$$$: The Side Effect Of Birth Control No One Ever Talks About,0,6338,FALSE
What Warren Buffet And Bill Gates Think Is 'Very Unfair',1,6339,TRUE
What Warren Buffet And Bill Gates Think Is 'Very Unfair',0,6340,FALSE
"He's The Only One In His School. Instead Of Feeling Special, He Gets Bullied Everywhere.",1,6341,TRUE
"He's The Only One In His School. Instead Of Feeling Special, He Gets Bullied Everywhere.",0,6342,FALSE
"If You Tell This Dude To Man Up, You Better Be Prepared To Learn About Your Poor Choice Of Words",1,6343,TRUE
"If You Tell This Dude To Man Up, You Better Be Prepared To Learn About Your Poor Choice Of Words",0,6344,FALSE
"If You Tell This 'Manly' Dude To Man Up, You Better Be Prepared To Learn Why What You Said Is Awful",1,6345,TRUE
"If You Tell This 'Manly' Dude To Man Up, You Might Be Part Of The Problem",0,6346,FALSE
Watch This Guy Play With Some Legos To Learn About The Future Of Our Planet,1,6347,TRUE
"The Best Way To Explain A Global Problem? With Legos, Of Course.",0,6348,FALSE
"If You Tell This 'Manly' Dude To Man Up, You Better Be Prepared To Learn Why What You Said Is Awful",1,6349,TRUE
"If You Tell This 'Manly' Dude To Man Up, You Better Be Prepared To Learn Why What You Said Is Awful",0,6350,FALSE
Watch This Guy Play With Some Legos To Learn About The Future Of Our Planet,1,6351,TRUE
Watch This Guy Play With Some Legos To Learn About The Future Of Our Planet,0,6352,FALSE
Watch This Guy Play With Some Legos To Learn About The Future Of Our Planet,1,6353,TRUE
Watch This Guy Play With Some Legos To Learn About The Future Of Our Planet,0,6354,FALSE
"The Problem Isn't Racial Profiling In Stores, It's Just That People Don't Know How To Shop!",1,6355,TRUE
Wondering What To Do This Black Friday? Here's Some Advice From A Fellow Shopper.,0,6356,FALSE
"I Am Livid That A Magazine Did This To Jennifer Lawrence And My Guess Is She Is, Too",1,6357,TRUE
"I Am Livid That A Magazine Did This To Jennifer Lawrence And My Guess Is She Is, Too",0,6358,FALSE
Let's Be Real: How Likely Are We To Get Accidentally Nuked By A Warhead?,1,6359,TRUE
Why You're More Likely To Be Accidentally Blown Up By A Nuclear Bomb Than To Die In A Plane Crash,0,6360,FALSE
Here's A Scarily Simple Way To Sabotage Your Life And Everyone's Around You,1,6361,TRUE
"Wow, Here's A Scarily Simple Way To Sabotage Your Life And Everyone's Around You",0,6362,FALSE
More Than 93 Percent Of Americans Totally Want It To Be Legalized. And It's Not Weed.),1,6363,TRUE
More Than 93 Percent Of Americans Totally Want It To Be Legalized. And It's Not Weed.),0,6364,FALSE
10 Reasons That Will Convince Anyone That Science Is Awesome,1,6365,TRUE
Listen To Neil DeGrasse Tyson Give You 10 Reasons Why You Should Love Science,0,6366,FALSE
More Than 93 Percent Of Americans Totally Want This To Be Legalized. And It's Not Weed.),1,6367,TRUE
More Than 93 Percent Of Americans Totally Want This To Be Legalized. And It's Not Weed.),0,6368,FALSE
"If You Tell This Dude To 'Man Up,' You Better Be Prepared To Learn Why What You Said Is Awful",1,6369,TRUE
"If You Tell This Dude To 'Man Up,' You Better Be Prepared To Learn Why What You Said Is Awful",0,6370,FALSE
It's Pretty Shocking How Much Money This Person Would Make If They Didn't Love Their Client So Much.,1,6371,TRUE
It's Pretty Shocking How Much Money This Person Would Make If They Didn't Love Their Client So Much.,0,6372,FALSE
A Massacre Of Innocent People Is Happening And The World Looks The Other Way,1,6373,TRUE
An Unbelievable Crisis Is Happening And The UN's Called For Urgent Action. Will The World Listen?,0,6374,FALSE
This Famous Actor's Disguise Isn't Foolin' Anyone But Why He Puts It On Is A Pure Delight,1,6375,TRUE
This Famous Actor's Disguise Isn't Foolin' Anyone But Why He Puts It On Is A Pure Delight,0,6376,FALSE
It's Pretty Shocking How Much Money This Person Would Make If They Didn't Love Their Client So Much.,1,6377,TRUE
It's Pretty Shocking How Much Money This Person Would Make If They Didn't Love Their Client So Much.,0,6378,FALSE
Sometimes The Cops Help You Find Your Stolen Car. Sometimes The Cops Are The Ones Who Stole It.,1,6379,TRUE
"How Cops Blackmail People Into Handing Over Jewelry, Cash, And Cars",0,6380,FALSE
"Wondering What Happens To Divorced, Dark-Skinned, Single Mothers In This Country?",1,6381,TRUE
"Every Marriage Isn't The Same, Especially For Women In This Country",0,6382,FALSE
Mustachioed Kevin Bacon Jumps In Front Of A Green Screen — And Into Our Hearts,1,6383,TRUE
Never Underestimate The Power Of Bacon,0,6384,FALSE
A Massacre Of Innocent People Is Happening And The World Looks The Other Way,1,6385,TRUE
The World Is Looking Away From A Devastating Massacre Of Innocent People Happening. Are You?,0,6386,FALSE
"It Doesn't Make Sense To Stop ""AIDS In Africa."" Yes, You Read That Correctly.",1,6387,TRUE
AIDS Is 25 And Like Most Twentysomethings It's Having A Hard Time Finding A Home.,0,6388,FALSE
WAIT! Listen To This Guy's Talk On Spending Money And Happiness Before Going Out Shopping On Friday,1,6389,TRUE
Plans To Snag Some Hot Deals On Friday? Here's A Thought On What To Do With The Money You Saved.,0,6390,FALSE
"It Doesn't Make Sense To Stop ""AIDS In Africa."" Yes, You Read That Correctly.",1,6391,TRUE
"The Reason You Shouldn't Say ""AIDS In Africa"" Is Pretty Inspiring",0,6392,FALSE
Mustachioed Kevin Bacon Jumps In Front Of A Green Screen — And Into Our Hearts,1,6393,TRUE
"Bacon, Bacon, Kevin Bacon, Bacon, Economic Growth, Bacon, Bacon, Bacon, Bacon",0,6394,FALSE
A Massacre Of Innocent People Is Happening. Will The World Look The Other Way?,1,6395,TRUE
A Massacre Of Innocent People Is Happening And The World Looks The Other Way,0,6396,FALSE
WAIT! Listen To This Guy's Talk On Spending Money And Happiness Before Going Out Shopping On Friday,1,6397,TRUE
Whoever Said 'Money Can't Buy Happiness' Just Wasn't Spending It Right,0,6398,FALSE
WAIT! Listen To This Guy's Talk On Spending Money And Happiness Before Going Out Shopping On Friday,1,6399,TRUE
WAIT! Listen To This Guy's Talk On Spending Money And Happiness Before Going Out Shopping On Friday,0,6400,FALSE
WAIT! Listen To This Guy's Talk On Spending Money And Happiness Before Going Out Shopping On Friday,1,6401,TRUE
WAIT! Listen To This Guy's Talk On Spending Money And Happiness Before Going Out Shopping On Friday,0,6402,FALSE
"Why We Shouldn't Stop ""AIDS In Africa."" Yes, You Read That Correctly.",1,6403,TRUE
"Why We Shouldn't Stop ""AIDS In Africa."" Yes, You Read That Correctly.",0,6404,FALSE
Someone You Might Not Expect Makes A Speech You Will Not Forget,1,6405,TRUE
"Political Parties And Politics Aside, This Is Just A Man Talking About His Family",0,6406,FALSE
Sometimes The Cops Help You Find Your Stolen Car. Sometimes The Cops Are The Ones Who Stole It.,1,6407,TRUE
Sometimes The Cops Help You Find Your Stolen Car. Sometimes The Cops Are The Ones Who Stole It.,0,6408,FALSE
Sometimes The Cops Help You Find Your Stolen Car. Sometimes The Cops Are The Ones Who Stole It.,1,6409,TRUE
The Freaky Law That Lets Police Behave Like Bullies Stealing Lunch Money,0,6410,FALSE
You'd Be A Feminist Too If You Experienced What She Did,1,6411,TRUE
A Tale Of Growth And Self Discovery. Spoiler Alert: It Ends With ... A Feminist!,0,6412,FALSE
"This Woman Was Born In 1903. She's Still Alive Today, And Has Something Incredible To Say.",1,6413,TRUE
"If This Woman Were Alive Today She'd Be 110. Actually, She Is, And Has Something Incredible To Say.",0,6414,FALSE
Build One Of These With Some Legos Before Time Runs Out Or It's Gonna Get Super Hot In Here,1,6415,TRUE
"Before It's Too Late, Break Out Everyone's Favorite Childhood Toy And Follow Along",0,6416,FALSE
"A Half Mile Away From The Beginning Of The Gay Rights Movement, A Few Folks Are Left Out In The Cold",1,6417,TRUE
"A Half Mile Away From The Beginning Of The Gay Rights Movement, A Few Folks Are Left Out In The Cold",0,6418,FALSE
Sometimes The Cops Help You Find Your Stolen Car. Sometimes The Cops Are The Ones Who Stole It.,1,6419,TRUE
Sometimes Cops Help You Find Your Stolen Car. Sometimes Cops Are The Ones Who Stole It.,0,6420,FALSE
"The Kind Of Prison You Really, Really, Really Don’t Want To Go To",1,6421,TRUE
"The Kind Of Prison You Really, Really, Really Don’t Want To Go To",0,6422,FALSE
"Hey There, Person Who Doesn't Think You're A Feminist. You Probably Actually Are.",1,6423,TRUE
Ten Dollars Says You're A Feminist (If You Say You're Not) And You Just Don't Know It Yet,0,6424,FALSE
I Can't Believe We Even Still Need To Talk About Something I Thought America Dealt With Years Ago,1,6425,TRUE
"A Reminder Of What America Should Really Mean, From What Of It's Greatest Young Voices",0,6426,FALSE
It's Pretty Shocking How Much Money This Person Would Make If They Didn't Love Their Client So Much,1,6427,TRUE
It's Amazing How Much Money This Lady Would Make If She Didn't Love Her Client As Much As She Does,0,6428,FALSE
They Asked If She Had Anything Else She Wanted To Say To The Audience. That's When She Took It Home,1,6429,TRUE
They Asked If She Had Anything Else She Wanted To Say To The Audience. That's When She Took It Home,0,6430,FALSE
"It's Not A Ghost Or An Alien. It's Real, And It's Way Scarier.",1,6431,TRUE
How Did A Boy Scout Turn His Neighborhood Radioactive With A Bunch Of Smoke Alarms?,0,6432,FALSE
"Food Stamps Are For Lazy Freeloaders! Well, Let's Look At The Facts.",1,6433,TRUE
"Ugh, Just Get A Job And Get Off Food Stamps! If Only It Were That Simple.",0,6434,FALSE
"Food Stamps Are For Lazy Freeloaders! Well, Let's Look At The Facts.",1,6435,TRUE
"Food Stamps Are For Lazy Freeloaders! Well, Let's Look At The Facts.",0,6436,FALSE
Here's A Simple Way To Sabotage Your Life And Everyone's Around You,1,6437,TRUE
Got An Anarchist Streak? Here's The Simplest Way To Subvert Authority.,0,6438,FALSE
"When You Think Of Little Afghan Girls, Do You Think 'Badass'? You Should.",1,6439,TRUE
Kneepads? Check. Helmet? Check. Girl Power? Triple Check.,0,6440,FALSE
"She's Not Sorry For What She Said. In Fact, She's Just Getting Angrier.",1,6441,TRUE
"No, She's Not Sorry. She's Mad As Hell.",0,6442,FALSE
They Weren’t Happy With What She Said. So She Said It Again.,1,6443,TRUE
They Weren’t Happy With What She Said. So She Said It Again.,0,6444,FALSE
"If You Pass One Of These People At The Airport This Season, Maybe Tell Them You Support Them?",1,6445,TRUE
"If You Pass One Of These People At The Airport This Season, Maybe Tell Them You Support Them?",0,6446,FALSE
They Weren’t Happy With What She Said. So She Said It Again.,1,6447,TRUE
They Were Furious She Said It. So She Said It Again.,0,6448,FALSE
Some Creepy Dudes Wrote Some Creepy Things To This Reporter. So She Is Calling Them Out. In Public.,1,6449,TRUE
SCIENCE FACT: Being A Woman On The Internets Is Way Harder Than Being A Dude On The Internets,0,6450,FALSE
"They Said She Was Paralyzed, And She Couldn't Afford Her Recovery. Then A Dancer Changed It All",1,6451,TRUE
Learning Something New Can Always Make Our Lives Better. She Learned To Walk ... For The Second Time,0,6452,FALSE
The Amazing Number Of People Who Touch Your Food Before It Hits The Table,1,6453,TRUE
The Amazing Number Of People Who Touch Your Food Before It Hits The Table,0,6454,FALSE
"I Have Never Heard Of This Fox News Host, But He Nailed This Closing Monologue Of His Show",1,6455,TRUE
Fox News Host Takes My Love For Questioning Everything And Points It At Our Two Party System,0,6456,FALSE
"The Next Time Someone Says 'There's More Fish In The Sea,' Tell Them Why They're Wrong",1,6457,TRUE
How World Governments Do No Better A Job Of Caring For Fish Than Children,0,6458,FALSE
And This is One Artists Response To A Huge Promise From Our Government Being Broken,1,6459,TRUE
"There Is A Place Where America Doesn't Follow Our Most Basic Values, And She Wants Justice",0,6460,FALSE
The Amazing Number Of People Who Touch Your Food Before It Hits The Table,1,6461,TRUE
The Amazing Number Of People Who Touch Your Food Before It Hits The Table,0,6462,FALSE
The Incredible Number Of People Who Touch Your Food Before It Hits The Table,1,6463,TRUE
The Amazing Number Of People Who Bring Your Food To The Table,0,6464,FALSE
An Auto Executive Talks Up Gas. The Guy Next To Him Who Builds Space Rockets Puts Him In His Place.,1,6465,TRUE
An Auto Executive Talks Up Gas. The Guy Next To Him Who Builds Space Rockets Puts Him In His Place.,0,6466,FALSE
Some Creepy Dudes Wrote Some Creepy Things To This Reporter. So She Is Calling Them Out. In Public.,1,6467,TRUE
Some Creepy Dudes Wrote Some Creepy Things To This Reporter. So She Is Calling Them Out. In Public.,0,6468,FALSE
"Watch These Little Girls In Afghanistan Shatter Stereotypes, One Skateboard Trick At A Time",1,6469,TRUE
"Watch These Little Girls In Afghanistan Shatter Stereotypes, One Skateboard Trick At A Time",0,6470,FALSE
"Finding Nemo' Isn't A Children's Movie, It's A Warning. This Animation Will Show You How.",1,6471,TRUE
"In 50 Years, You Won't Be Able To Say ""There Are Always More Fish In The Sea.""",0,6472,FALSE
Some Creepy Dudes Wrote Some Creepy Things To This Reporter. So She Is Calling Them Out. In Public.,1,6473,TRUE
Some Creepy Dudes Wrote Some Creepy Things To This Reporter. So She Is Calling Them Out. In Public.,0,6474,FALSE
Watch Little Girls In Afghanistan Be Better At Skateboarding Than You'll Ever Be,1,6475,TRUE
"These Afghan Girls Only Have Time For Courage, Skateboards, And Badassery. Not Your Stereotypes.",0,6476,FALSE
Some Creepy Dudes Wrote Some Creepy Things To This Reporter. So She Is Calling Them Out. In Public.,1,6477,TRUE
Some Creepy Dudes Wrote Some Creepy Things To This Reporter. So She Is Calling Them Out. In Public.,0,6478,FALSE
This Famous Actor's Disguise Isn't Foolin' Anyone But Why He Puts It On Is A Pure Delight,1,6479,TRUE
This Famous Actor's Disguise Isn't Foolin' Anyone But Why He Puts It On Is A Pure Delight,0,6480,FALSE
Watch Little Girls In Afghanistan Be Better At Skateboarding Than You'll Ever Be,1,6481,TRUE
Watch Little Girls In Afghanistan Be Better At Skateboarding Than You'll Ever Be,0,6482,FALSE
I Might Be Happy If I Heard About A Stampede Of People On This Day ... Four Days AFTER Black Friday.,1,6483,TRUE
"There's A New Holiday In Town, And It's Called Giving Tuesday",0,6484,FALSE
Watch Little Girls In Afghanistan Be Better At Skateboarding Than You'll Ever Be,1,6485,TRUE
Watch Little Girls In Afghanistan Be Better At Skateboarding Than You'll Ever Be,0,6486,FALSE
A Stampede Of People On Black Friday Is A Bad Thing. A Stampede On This New Holiday? So Very Good.,1,6487,TRUE
A Stampede Of People On Black Friday Is A Bad Thing. A Stampede On This New Holiday? So Very Good.,0,6488,FALSE
A Stampede Of People On Black Friday Is A Bad Thing. A Stampede On This New Holiday? So Very Good.,1,6489,TRUE
A Stampede Of People On Black Friday Is A Bad Thing. A Stampede On This New Holiday? So Very Good.,0,6490,FALSE
The Poster Is Mesmerizing. The Story It Tells Is Electrifying. Have You Seen it?,1,6491,TRUE
"They Knew It Would Be Impossible To Draw The Whole Story, But That Didn't Stop Them From Trying.",0,6492,FALSE
The Poster Is Mesmerizing. The Story It Tells Is Electrifying. Have You Seen it?,1,6493,TRUE
The Poster Is Mesmerizing. The Story It Tells Is Electrifying. Have You Seen it?,0,6494,FALSE
The Poster Is Mesmerizing. The Story It Tells Is Electrifying. Have You Seen it?,1,6495,TRUE
The Poster Is Mesmerizing. The Story It Tells Is Electrifying. Have You Seen it?,0,6496,FALSE
The Poster Is Mesmerizing. The Story It Tells Is Electrifying. Have You Seen it?,1,6497,TRUE
The Poster Is Mesmerizing. The Story It Tells Is Electrifying. Have You Seen it?,0,6498,FALSE
The Horrifying Epidemic Happening That Is Barely Being Talked About,1,6499,TRUE
The Horrifying Epidemic Happening That Is Barely Being Talked About,0,6500,FALSE
And This is One Singer's Response To A Huge Promise Being Broken That Was Made To Us All,1,6501,TRUE
"A Reminder Of What America Should Really Mean, From What Of It's Greatest Young Voices",0,6502,FALSE
This French Anti-Bullying Campaign Is Skipping The Kids And Going For The Parents,1,6503,TRUE
This French Anti-Bullying Campaign Is Skipping The Kids And Going For The Parents,0,6504,FALSE
One Amazing TEDx Talk + 8 Million Views = One Life Changing Moment,1,6505,TRUE
If You Shared This Video Then You Helped Save A Life,0,6506,FALSE
"At First I Didn't Get Why They Were Thanking Their Heroes, Then I Realized How Deep It Really Went",1,6507,TRUE
"The Totally Free, Live-Saving, Beautiful, Inspiring And Humane Gift You Could Give Someone Someday",0,6508,FALSE
And This is One Singer's Response To A Huge Promise Being Broken That Was Made To Us All,1,6509,TRUE
And This is One Singer's Response To A Huge Promise Being Broken That Was Made To Us All,0,6510,FALSE
Something We've Had Since Humans Have Been Around Might Be Lost On Your Grandchildren,1,6511,TRUE
"In The Future, Kids Will Learn About Fish The Way We Learned About Dinosaurs",0,6512,FALSE
"If A Man Asks What Women Have Been Asking For Centuries, Will Men Finally Listen?",1,6513,TRUE
"If A Man Asks What Women Have Been Asking For Centuries, Will Men Finally Listen?",0,6514,FALSE
Perhaps The Only Dog Video On The Internet That Will Make You Reflect On Your Life,1,6515,TRUE
Perhaps The Only Dog Video On The Internet That Will Make You Question Your Happiness,0,6516,FALSE
"Maybe If A Man Asks Questions Women Have Been Asking For Centuries, Other Men Will Finally Listen",1,6517,TRUE
"If A Man Asks What Women Have Been Asking For Centuries, Will Men Finally Listen?",0,6518,FALSE
Watch This 6-Year-Old Give You The Most Adorable Guilt Trip Ever,1,6519,TRUE
Watch This 6-Year-Old Give You The Most Adorable Guilt Trip Ever,0,6520,FALSE
"The Hilarious, Then Horrible Story Of One Man's Fight To Not Be Dead",1,6521,TRUE
"This Guy Is Allergic To Alcohol. Every Time He Drinks, He Breaks Out Into Handcuffs.",0,6522,FALSE
Let This 6-Year-Old Give You An Adorable Guilt Trip About Something You Do Every Day,1,6523,TRUE
Watch This 6-Year-Old Give You An Adorable Guilt Trip About Recycling,0,6524,FALSE
And This is One Singer's Response To A Huge Promise That Was Made To Us All Being Broken,1,6525,TRUE
And This is One Singer's Response To A Huge Promise Being Broken That Was Made To Us All,0,6526,FALSE
Watch This 6-Year-Old Give You An Adorable Guilt Trip About Your Next Trip To The Beach,1,6527,TRUE
Watch This 6-Year-Old Lay Down The Law About What You Should Do Next Time You Go To The Beach,0,6528,FALSE
These Little Girls Are Asking The Most Devastating Question I Can Imagine,1,6529,TRUE
These Little Girls Have Asked The Most Devastating Question I Can Imagine,0,6530,FALSE
"Mind: Blown. I Couldn't Have Guessed What A Dad Made For His Son, Who Was Born Without A Hand.",1,6531,TRUE
"DIY Limb Creation: What One Dad Did For His Son, Who Was Born Without A Hand, Is Incredible",0,6532,FALSE
A Poem For All The 'Boobs Guys' And 'Butt Guys' Out There,1,6533,TRUE
A Poem For All The 'Boobs Guys' And 'Butt Guys' Out There,0,6534,FALSE
"I Couldn't Have Guessed What A Dad Made For His Son, Who Was Born Without A Hand. Mind: Blown!",1,6535,TRUE
"I Never Could Have Guessed What A Dad Made For His Son, Who Was Born Without A Hand.",0,6536,FALSE
A Damning Example Of Anti-Science Politicking You Need To See Side-By-Side To Believe,1,6537,TRUE
You Shouldn't Be Allowed To Deny Climate Change Until You've Watched This,0,6538,FALSE
"What The Media Actually Does To Women, Summed Up In 5 Minutes",1,6539,TRUE
"What The Media Actually Does To Women, Summed Up In 5 Minutes",0,6540,FALSE
5 Minutes Of What The Media Actually Does To Women,1,6541,TRUE
5 Minutes Of What The Media Actually Does To Women,0,6542,FALSE
Watch This 6-Year-Old Give You The Most Adorable Guilt Trip Ever About Something We Use Everyday,1,6543,TRUE
Let This 6-Year-Old Give You The Most Adorable Guilt Trip Ever,0,6544,FALSE
5 Minutes Of What The Media Actually Does To Women,1,6545,TRUE
5 Minutes Of What The Media Actually Does To Women,0,6546,FALSE
Watch This 6-Year-Old Give You The Most Adorable Guilt Trip Ever,1,6547,TRUE
Watch This 6-Year-Old Give You The Most Adorable Guilt Trip Ever,0,6548,FALSE
"I Learned My 1,2,3 And My A+B=C. This, I Didn't Learn.",1,6549,TRUE
You Weren't Into Math In School? See It In A Totally Different Light,0,6550,FALSE
A Glimpse At How The Media Treated Women In 2013 Is A Look At Way Too Many Cringe-Worthy Moments,1,6551,TRUE
A Glimpse At How The Media Treated Women In 2013 Is A Look At Way Too Many Cringe-Worthy Moments,0,6552,FALSE
Watch This 6-Year-Old Give You The Most Adorable Guilt Trip Ever,1,6553,TRUE
Watch This 6-Year-Old Give You The Most Adorable Guilt Trip Ever,0,6554,FALSE
He Woke Up Naked In The Back Seat Of His Car. It Was Full Of Leaves. Apparently It Was A Sign.,1,6555,TRUE
He Woke Up Naked In The Back Seat Of His Car. It Was Full Of Leaves. Apparently It Was A Sign.,0,6556,FALSE
"What If We Could Know, Without Asking People Who Work There, If A Company Treats Workers Fairly?",1,6557,TRUE
"What If We Could Know, Without Asking People Who Work There, If A Company Treats Workers Fairly?",0,6558,FALSE
Now Here's A Great Idea: A Ratings System For How Companies Treat Employees.,1,6559,TRUE
"If There Was A Way To Know How Companies Treat Their Workers, Would You Want To Know Before You Buy?",0,6560,FALSE
These Fashion Models Are Gorgeous. And You Know What Went Nowhere Near Them? Photoshop.,1,6561,TRUE
A Fashion Magazine That Doesn't Cover The Women In It With Digital Lies,0,6562,FALSE
It's A Love Story Within A Middle Eastern Conflict Wrapped Up In A Poem. And It's Breathtaking.,1,6563,TRUE
It's A Love Story Within A Middle Eastern Conflict Wrapped Up In A Poem. And It's Breathtaking.,0,6564,FALSE
He Woke Up Naked In The Back Seat Of His Car. It Was Full Of Leaves. Apparently It Was A Sign.,1,6565,TRUE
"The Hilarious, Then Tragic, Then Touching Story Of One Man's Fight To Not Be Dead",0,6566,FALSE
"I’m Not Usually A Fan Of Teaching Women To Fake Things, But I’ll Make An Exception This Time",1,6567,TRUE
Finally! A Tutorial Video For Everyone Who Is Obsessed With Having The 'Perfect' Body! Er...,0,6568,FALSE
Think You Know What 'Fat' Means? You Should Listen To This Dude's Definition.,1,6569,TRUE
Hey! A Quick Primer To Think Rationally About A Third Of Americans You Don't Realize You're Judging.,0,6570,FALSE
"I’m Not Usually A Fan Of Teaching Women To Fake Things, But I’ll Make An Exception This Time",1,6571,TRUE
"I’m Not Usually A Fan Of Teaching Women To Fake Things, But I’ll Make An Exception This Time",0,6572,FALSE
"When People Start Feeling A Little Squirrelly, They'll Do Some Drastically Awesome Things",1,6573,TRUE
"When People Start Feeling A Little Squirrelly, They'll Do Some Drastically Awesome Things",0,6574,FALSE
2 Minutes: The Reasons Why These People Are Mad as Heck,1,6575,TRUE
Everything You Wanted To Know About Folks Walking Out Today But Were Afraid To Ask,0,6576,FALSE
"I Get Hate Mail About My Stance On The Minimum Wage. Oh Well, Haters Gonna Hate, Right?",1,6577,TRUE
Here's Another 5 Reasons Why Raising Minimum Wage Is Smart And Sensible,0,6578,FALSE
There's A Way To Know If The Company You're Dealing With Treats Its Staff Fairly,1,6579,TRUE
What If You Could Know That The Company You Are Dealing With Treats Its Staff Fairly?,0,6580,FALSE
They Felt A Little Trapped Here. They're Solution Was Unimaginably Amazing.,1,6581,TRUE
So You Start Out With A Bunch Of People Who Want To Do Something Incredible. And Then They Do.,0,6582,FALSE
Fast Food Workers Are Walking Out All Across The Country. Here's Why.,1,6583,TRUE
"If You See Folks Gathering Outside Your Local McDonald's Today, Give 'Em A Honk And A Thumbs Up, Eh?",0,6584,FALSE
Fast Food Workers Are Walking Out All Across The Country. Here's Why.,1,6585,TRUE
Fast Food Workers Are Walking Out All Across The Country. Here's Why.,0,6586,FALSE
A Public Service Announcement About Racism That Will Make You Smile,1,6587,TRUE
A Totally Non-Cringeworthy Public Service Announcement About Racism,0,6588,FALSE
My 'English Only!' Father-In-Law Is Going To Hate Me For Finding This One,1,6589,TRUE
My 'They Took Arrr Jaaabs!' Father-In-Law Is Going To Hate Me For Finding This One,0,6590,FALSE
One Amazing TEDx Talk + 8 Million Views = One Life Changing Moment,1,6591,TRUE
How One TEDx Talk And 8 Million People Saved A Kid’s Life,0,6592,FALSE
"I Learned My 1,2,3 And My A+B=C. This, I Didn't Learn.",1,6593,TRUE
"I Learned My 1,2,3 And My A+B=C. This, I Didn't Learn.",0,6594,FALSE
Think You Know What 'Fat' Means? You Should Listen To This Dude's Definition.,1,6595,TRUE
Think You Know What 'Fat' Means? You Should Listen To This Dude's Definition.,0,6596,FALSE
It's A Love Story In A War Zone Told With Some Bullet-Proof Words. And She Wanted Him To Share It.,1,6597,TRUE
It's A Love Story In A War Zone Wrapped Up In A Bullet-Proof Poem. And She Wanted Him To Share It.,0,6598,FALSE
"Parents Should Never Outlive Their Children, Can We All Agree On That, At Least?",1,6599,TRUE
"It's All Of Our Jobs To Make A Vow To Protect Each Other, So Let's Start With The Sandy Hook Promise",0,6600,FALSE
"I Bet These People Never Expected To Be Models, But The Results Are Pretty Beautiful",1,6601,TRUE
We’re All Different And Nobody’s Perfect. About Time Some Mannequins Reflected That.,0,6602,FALSE
"I Bet These People Never Expected To Be Models, But The Results Are Pretty Beautiful",1,6603,TRUE
"I Bet These People Never Expected To Be Models, But The Results Are Pretty Beautiful",0,6604,FALSE
The Horrifying Crisis That Is Barely Being Talked About,1,6605,TRUE
The Horrifying Civil War That Is Barely Being Talked About,0,6606,FALSE
"Did That Really Just Happen? Yep. This Guy Pulled Down His Pants, On Stage, During His TED Talk.",1,6607,TRUE
This Ingenious Business Model Centers On Sanitation Efforts And... Toilet Humor?,0,6608,FALSE
"I Bet These People Never Expected To Be Models, But The Results Are Pretty Beautiful",1,6609,TRUE
"I Bet These People Never Expected To Be Models, But The Results Are Pretty Beautiful",0,6610,FALSE
Think You Know What 'Fat' Means? You Should Listen To This Dude's Definition.,1,6611,TRUE
Think You Know What 'Fat' Means? You Should Listen To This Dude's Definition.,0,6612,FALSE
Ever Fall In Love With The Wrong Person? He Did And Has A Few Stunning Things To Say.,1,6613,TRUE
"Love Is A Lot Like War. For Him, More Literally So.",0,6614,FALSE
"On May 10th, 1994, Nelson Mandela Silenced The World With An Inspiring Speech",1,6615,TRUE
"On May 10th, 1994, Nelson Mandela Silenced The World With An Inspiring Speech",0,6616,FALSE
"On May 10th, 1994, Nelson Mandela Silenced The World With An Inspiring Speech",1,6617,TRUE
"You'll Wish You Were There Hearing Mandela Give This Powerful Speech On May 10th, 1994",0,6618,FALSE
How Old Are You' Is The Simplest Question Ever. So Why'd It Ruin An 11-Year-Old's Life?,1,6619,TRUE
How Old Are You' Is The Simplest Question Ever. So Why'd It Ruin An 11-Year-Old's Life?,0,6620,FALSE
"Did That Really Just Happen? Yep. This Guy Pulled Down His Pants, On Stage, During His TED Talk.",1,6621,TRUE
"Move Over, Charmin. Here's Some Toilet Paper That's Better For The World (And Has 1200% More Puns)",0,6622,FALSE
Nelson Mandela's Beautiful Advice On How To Live Our Lives Makes Me Want To Make Some Changes,1,6623,TRUE
Nelson Mandela's Poignant Advice On How To Live Is How I Choose To Remember Him Today,0,6624,FALSE
Nelson Mandela's Beautiful Advice On How To Live Our Lives Makes Me Want To Make Some Changes,1,6625,TRUE
Nelson Mandela's Beautiful Advice On How To Live Our Lives Makes Me Want To Make Some Changes,0,6626,FALSE
"On May 10th, 1994, Nelson Mandela Silenced The World With These Inspiring Words",1,6627,TRUE
"On May 10th, 1994, Nelson Mandela Silenced The World With An Inspiring Speech",0,6628,FALSE
He Saved 669 Kids Lives From Nazi Death Camps — And What The Audience Do At 0.50 Is Incredible,1,6629,TRUE
Watch The 'British Schindler' Get The Touching Surprise Of His Life On TV,0,6630,FALSE
"When I say It, It's OK, But When This Little Girl Says It, It Makes Me Really, Really Uncomfortable",1,6631,TRUE
I Got A Ridiculously Uneasy Chill Every Time A Kid In This Video Said Something I hear Every Day,0,6632,FALSE
"After Hearing Someone Shame Women Who Have Abortions, She Bravely Spoke Out About Her Own",1,6633,TRUE
"After Hearing Someone Shame Women Who Have Abortions, She Bravely Spoke Out About Her Own",0,6634,FALSE
Nelson Mandela's Beautiful Advice On How To Live Our Lives Makes Me Want To Make Some Changes,1,6635,TRUE
Nelson Mandela's Beautiful Advice On How To Live Our Lives Makes Me Want To Make Some Changes,0,6636,FALSE
Nelson Mandela's Beautiful Advice On How To Live Our Lives Makes Me Want To Make Some Changes,1,6637,TRUE
Nelson Mandela's Beautiful Advice On How To Live Our Lives Makes Me Want To Make Some Changes,0,6638,FALSE
Nelson Mandela's Awesome Advice On How To Live Our Lives Makes Me Want To Make Some Changes,1,6639,TRUE
Nelson Mandela's Insightful Guidance Makes Me Want To Make Some Changes About How I Live,0,6640,FALSE
A 15 Year Old Ad About Racism Is A Great Reminder Of The Power We All Have To Promote Justice,1,6641,TRUE
A 15 Year Old Ad About Racism Is A Great Reminder Of The Power We All Have To Promote Justice,0,6642,FALSE
"I've Just Read Nelson Mandela's Beautiful Advice On How To Live, And Now I Want To Make Some Changes",1,6643,TRUE
"I've Just Read Nelson Mandela's Beautiful Advice On How To Live, And Now I Want To Make Some Changes",0,6644,FALSE
"This Man Lost One Of The Most Important Parts of His Life. 25 Years Later, He Found It Online.",1,6645,TRUE
"This Man Lost One Of The Most Important Parts of His Life. 25 Years Later, He Found It Online.",0,6646,FALSE
Adorable! 20 Things We Should Say More Often.,1,6647,TRUE
I Never Realized Corn Dogs Can Play Such A Big Role In Making People Happy,0,6648,FALSE
"You Could Knit A Giant Sweater To Wrap Around Your Car, Or You Could Try These Tips",1,6649,TRUE
Is A Trunk Laden With Christmas Gifts Wrecking Your Miles-Per-Gallon? Here’s How To Even It Out.,0,6650,FALSE
How Some Of The Best Humans Aren't Even Qualified For The Nobel Prize,1,6651,TRUE
Science Has Changed A Lot Since 1901. Except For The Highest Award For Science. Which Is Nuts.,0,6652,FALSE
"A Male Feminist’s Take On Crying, Pornography, And Miley Cyrus",1,6653,TRUE
Why Manhood Needs To Be Redefined And How To Do It,0,6654,FALSE
So A Dirty Joke And A Muslim Feminist Walk Into A Bar ...,1,6655,TRUE
"Meet The Muslim Who's Fighting Sexism, One Dirty Joke At A Time",0,6656,FALSE
How Some Of The Best Humans Aren't Even Qualified For The Nobel Prize,1,6657,TRUE
We Should Probably Fix A Few Really Obvious Things That Are Wrong With The Nobel Prize,0,6658,FALSE
"Fill In The Blank: 'Nice Guys Finish ___.' Nope, Not After What You're About To See.",1,6659,TRUE
"Fill In The Blank: 'Nice Guys Finish ___.' Nope, Not After What You're About To See.",0,6660,FALSE
So A Dirty Joke And A Muslim Feminist Walk Into A Bar ...,1,6661,TRUE
So A Dirty Joke And A Muslim Feminist Walk Into A Bar ...,0,6662,FALSE
Watch A Congressman Freak Out When Told To Not Talk About The People Suffering In The Room,1,6663,TRUE
"America Has Been Getting Fed Up With Congress. Apparently, This Congressman Is Over Congress Too.",0,6664,FALSE
"Only 15 Out Of The 566 Nobel Prize Recipients Have Been Women, And Other Terrible Facts",1,6665,TRUE
"Do The Nobel Prizes Still Matter? Yes. Do They Need A Major Overhaul? For The Love Of Science, Yes!",0,6666,FALSE
WATCH: 5 Double Standards In Less Than 60 Seconds,1,6667,TRUE
This Ad Nails 5 Double Standards Women Face In The Workplace Every Day In Less Than 60 Seconds,0,6668,FALSE
"Did That Really Just Happen? Yep. This Guy Pulled Down His Pants, On Stage, During His TED Talk.",1,6669,TRUE
Did That Really Happen? Yep. This Guy Just Pulled Down His Pants During His TED Talk.,0,6670,FALSE
"These Humans Are Pretty Much The Best We've Got, But They Don't Qualify For These Friggin Awards?!",1,6671,TRUE
"Do These Awards Still Matter? Yes. Do They Need A Major Overhaul? For The Love Of Science, Yes!",0,6672,FALSE
This Ad Totally Nails 5 Double Standards Women Face In Less Than 60 Seconds,1,6673,TRUE
WATCH: 5 Legit Double Standards In Less Than 60 Seconds,0,6674,FALSE
"This Man Lost One Of The Most Important Parts of His Life. 25 Years Later, He Found It Online.",1,6675,TRUE
"This Man Lost One Of The Most Important Parts of His Life. 25 Years Later, He Found It Online.",0,6676,FALSE
The 20 Things We Should Say More Often. Simply Adorable.,1,6677,TRUE
Adorable! 20 Things We Should Say More Often.,0,6678,FALSE
Hilarious! 20 Things We Should Say More Often.,1,6679,TRUE
Delightful! 20 Things We Should Say More Often.,0,6680,FALSE
"This Man Lost One Of The Most Important Parts of His Life. 25 Years Later, He Found It Online.",1,6681,TRUE
"25 Years After This Man Lost One Of The Most Important Parts Of His Life, He Found It Online.",0,6682,FALSE
"They Had Me At ""Flying Rhinos""",1,6683,TRUE
How Do These Rhinos Escape Poachers? By Flying!,0,6684,FALSE
So A Dirty Joke And A Muslim Feminist Walk Into A Bar ...,1,6685,TRUE
So A Dirty Joke And A Muslim Feminist Walk Into A Bar ...,0,6686,FALSE
Are All The Double Standards For Women Making Your Head Spin? Here's A Comic For Ya.,1,6687,TRUE
It's Time We Embrace That Famous Song And Demand Some R-E-S-P-E-C-T,0,6688,FALSE
Are All The Double Standards For Women Making Your Head Spin? Here's A Comic For Ya.,1,6689,TRUE
Are All The Double Standards For Women Making Your Head Spin? Here's A Comic For Ya.,0,6690,FALSE
Are All The Double Standards For Women Making Your Head Spin? Here's A Comic For Ya.,1,6691,TRUE
Are All The Double Standards For Women Making Your Head Spin? Here's A Comic For Ya.,0,6692,FALSE
Sad Sea Lions Make Me Angry. Here's Why We Should All Be As Pissed Off As I Am.,1,6693,TRUE
Sad Sea Lions Make Me Angry. Here's Why We Should All Be As Pissed Off As I Am.,0,6694,FALSE
Say Hello To The Ingenious Invention That's Maybe Gonna Be Around Longer Than All Of Us,1,6695,TRUE
Say Hello To The Ingenious Invention That's Maybe Gonna Be Around Longer Than All Of Us,0,6696,FALSE
The Secret Weapon A Woman Created To Save Herself From The Brink Of Suicide,1,6697,TRUE
The Secret Weapon A Woman Created To Save Herself From The Brink Of Suicide,0,6698,FALSE
"They Had Me At ""Flying Rhinos""",1,6699,TRUE
"They Had Me At ""Flying Rhinos""",0,6700,FALSE
Watch A Congressman Freak Out When Told To Not Talk About The People Suffering In The Room,1,6701,TRUE
A Congressman Goes Off On Congress After Being Told To Not Talk About The People Congress Won't Help,0,6702,FALSE
5 Myths About Our Schools That Fall Apart When You Look Closer,1,6703,TRUE
How The U.S. School System Stacks Up Against Other Countries And Why It Matters,0,6704,FALSE
11 Rules For Dating A Black Woman. The Last One Is Definitely No Joke.,1,6705,TRUE
11 Rules For Dating A Black Woman. The Last One Is Definitely No Joke.,0,6706,FALSE
5 Myths About Our Schools That Fall Apart When You Look Closer,1,6707,TRUE
5 Myths About Our Schools That Fall Apart When You Look Closer,0,6708,FALSE
"A Gay Comedian Steps Into The Mind Of A Homophobic Dad. What He Finds Is A Sad, Sad Truth.",1,6709,TRUE
"A Gay Comedian Steps Into The Mind Of A Homophobic Dad. What He Finds Is A Sad, Sad Truth.",0,6710,FALSE
A Clip That Begs The Question: Can These Kids Truly Be 'Happy' Working 12 and 16 Hour Days?,1,6711,TRUE
Why Black Friday Means Nothing To Children Such As These,0,6712,FALSE
This Ad Totally Nails 5 Ridiculous Double Standards Women Face In Less Than 60 Seconds,1,6713,TRUE
This Ad Totally Nails 5 Ridiculous Double Standards Women Face... In Less Than 60 Seconds,0,6714,FALSE
"A Gay Comedian Steps Into The Mind Of A Homophobic Dad And Finds A Sad, Sad Truth",1,6715,TRUE
"A Gay Comedian Plays A Homophobic Dad And Reveals A Sad, Sad Truth",0,6716,FALSE
A Congressman Loses His Temper When Told To Not Talk About The People Suffering In The Room,1,6717,TRUE
A Congressman Loses His Temper When Told To Not Talk About The People Suffering In The Room,0,6718,FALSE
This Ad Totally Nails 5 Ridiculous Double Standards Women Face In 60 Seconds,1,6719,TRUE
This Ad Totally Nails 5 Double Standards Women Face In Less Than 60 Seconds,0,6720,FALSE
"A Gay Comedian Steps Into The Mind Of A Homophobic Dad And Finds A Sad, Sad Truth",1,6721,TRUE
"A Gay Comedian Steps Into The Mind Of A Homophobic Dad And Finds A Sad, Sad Truth",0,6722,FALSE
This Ad Totally Nails 5 Unfortunate Double Standards Women Face In Less Than 60 Seconds,1,6723,TRUE
This Ad Totally Nails 5 Ridiculous Double Standards Women Face In Less Than 60 Seconds,0,6724,FALSE
"They Had Me At ""Flying Rhinos""",1,6725,TRUE
See The The Extreme Lengths It Takes To Protect Black Rhinos From Endangerment,0,6726,FALSE
"A Gigantic Corporation Tried To Mess With One Young Farmer, But She's Not Havin' It",1,6727,TRUE
"A Gigantic Corporation Tried To Mess With One Young Farmer, But She's Not Havin' It",0,6728,FALSE
"When Congress Is Basically Taking Bribes From Corporations, There's Only 1 Thing To Do. PRANK THEM.",1,6729,TRUE
This Is Probably The Least Effective Way To Bribe Your Congressman,0,6730,FALSE
These Hilariously Witty Comebacks To Sexist Comments Are Perfect,1,6731,TRUE
These Hilariously Witty Comebacks To Sexist Comments Are Perfect,0,6732,FALSE
"A Frightening Bully Tried To Mess With One Young Farmer, But She's Not Havin' It",1,6733,TRUE
"A Humongous Bully Tried To Mess With One Young Farmer, But She's Not Havin' It",0,6734,FALSE
194 Reasons Why Your Argument Against Gun Control Is Flawed,1,6735,TRUE
What The Number 194 Has To Do With Your Apathy To Gun Control,0,6736,FALSE
194 Reasons Why Your Argument Against Gun Control Is Flawed,1,6737,TRUE
194 Reasons Why Arguments Against Gun Control Are Flawed,0,6738,FALSE
"A Frightening Bully Tried To Mess With One Young Farmer, But She's Not Havin' It",1,6739,TRUE
"A Frightening Bully Tried To Mess With One Young Farmer, But She's Not Havin' It",0,6740,FALSE
"Sometimes, Silence Is A Good Thing. Here, It's Most Definitely Not.",1,6741,TRUE
"Sometimes, Silence Is A Good Thing. Here, It's Most Definitely Not.",0,6742,FALSE
"For Many Divorced Women, Having To Deal With This Every Week Is Simply What Life Is",1,6743,TRUE
"For Many Divorced Women, Having To Deal With This Every Week Is Simply What Life Is",0,6744,FALSE
"That Burger Looks Innocent, But It’s Hiding More Secrets Than A Teenager’s Diary",1,6745,TRUE
"I’d Like 1 Cheeseburger, Pickles, Onions, But Hold The Pyrophosphate",0,6746,FALSE
Here’s How To Save On Gas Money. Whether You Spend It On Christmas Presents Or Beer Is Up To You.,1,6747,TRUE
I Hate Trying To Pump Gas With Mittens On. Save Yourself A Few Pit Stops With These Tips.,0,6748,FALSE
Welcome To That One Time When You’re Thrilled That Kids Look Up To A Gang,1,6749,TRUE
"Holy Cow, A Real-Life Lawn Mower Gang?  Color Me Inspired!",0,6750,FALSE
What Taking A Job As A Seasonal Worker Can Do For You,1,6751,TRUE
How Many Jobs Are Created During The Holiday Season?,0,6752,FALSE
It’s Crazy How Normal People Look Underneath All That Makeup They Use To Look Normal,1,6753,TRUE
One Woman Boldly Goes Where Few Women On Television Have Gone Before,0,6754,FALSE
"Wow, A Super Simple Set Of Steps To Stop Cyberbullying From Happening To Your Kid",1,6755,TRUE
"Wow, A Super Simple Set Of Steps To Stop Cyberbullying From Happening To Your Kid",0,6756,FALSE
What Do These Scary-Looking People Have To Do With Child Abuse? The Answer Is Pleasantly Surprising.,1,6757,TRUE
What Do These Scary-Looking People Have To Do With Child Abuse? The Answer Is Pleasantly Surprising.,0,6758,FALSE
"A Male Feminist’s Take On Crying, Pornography, And Miley Cyrus",1,6759,TRUE
One Man Wants To Be The Last Link In His Family’s Legacy Of Violence,0,6760,FALSE
"It's A Great Decision For Prejudice In India, And A Bad Day For Law And Love",1,6761,TRUE
"In A Country Where Same-Gender Sex Is Now A Crime, Hear What It's Like To Be Gay In India",0,6762,FALSE
"A Dude Got Tired Of A Congressman Taking Legal Bribes, So He Had No Choice. Time For A Prank.",1,6763,TRUE
"A Dude Got Tired Of A Congressman Taking Legal Bribes, So He Had No Choice. Time For A Prank.",0,6764,FALSE
"The Future Of The Earth’s Next 100 Years, Visualized",1,6765,TRUE
"The Future Of The Earth’s Next 100 Years, Visualized",0,6766,FALSE
"Wow, A Super Simple Set Of Steps To Stop Cyberbullying From Happening To Your Kid",1,6767,TRUE
"Wow, A Super Simple Set Of Steps To Stop Cyberbullying From Happening To Your Kid",0,6768,FALSE
"Just When You Think His Big Brother Is Going To Fight The Attacker, Something Beautiful Happens",1,6769,TRUE
You Think That Cute Little Boy Looks Surprised? You Should Have Seen My Face.,0,6770,FALSE
"Oh Big Box Store, Oh Big Box Store, How Lovely Are Your Children?",1,6771,TRUE
"Oh Big Box Store, Oh Big Box Store, How Hard Working Are Your Children?",0,6772,FALSE
"I Loved The Pretty Dots On This Map ... But Upon Further Inspection, I Felt Sick To My Stomach",1,6773,TRUE
"I Loved The Pretty Dots On This Map ... But Upon Further Inspection, I Felt Sick To My Stomach",0,6774,FALSE
A Kid Looked Death Right In The Eye And Sang This Song. 5000 People Picked Up Where He Left Off.,1,6775,TRUE
A Kid Looked Death Right In The Eye And Sang This Song. 5000 People Picked Up Where He Left Off.,0,6776,FALSE
It's Easy For These Celebrities To Go Home — Not So Easy For Who They're Talking About,1,6777,TRUE
"Syria's Children Have No Safe Home, And These Celebrities Want You To Open Your Eyes To It",0,6778,FALSE
A Girl Is Hit By A Car And Is Dying. The Response She's Met With Is A Shrug And 'Not My Problem.',1,6779,TRUE
A Dramatization That Depicts The Difficulty Many Face In Accessing Healthcare In Palestine,0,6780,FALSE
Santa's Elves Aren't The Only Ones Who Work Hard During The Holidays,1,6781,TRUE
How The Holidays Bring A Little Extra Work To Our Economy,0,6782,FALSE
"It's Dumbfounding That Drastic Action Hasn't Been Taken, Even When 194 Children Have Died",1,6783,TRUE
194 Children Have Died In One Year Due To Guns. So When Drastic Action Be Taken?,0,6784,FALSE
You Think His Big Brother Will Fight The Attacker. Then There's A Shockingly Beautiful Twist.,1,6785,TRUE
You Want His Big Brother To Fight The Attacker. He Doesn't. It's Beautiful.,0,6786,FALSE
India Criminalizes Homosexuality. So What's It Like To Be Gay In India?,1,6787,TRUE
What Is It Like To Be Gay In India?,0,6788,FALSE
Nice Shirt Ya Got There. Care To Find Out A Little About Who Made It?,1,6789,TRUE
"A Scooter For Jimmy, A Dolly For Sue. And For These Kids, Maybe School And Time To Play?",0,6790,FALSE
"Black Girls Code. Simple Name, Revolutionary Premise.",1,6791,TRUE
How One Org Is Teaching Young Girls To Be The Programmers Rather Than The Programmed,0,6792,FALSE
"In A Country Where Same-Gender Sex Is Now A Crime, Hear What It's Like To Be Gay In India",1,6793,TRUE
Gay Rights Are Being Trampled On In This Country — But Hear How They Plan To Take A Stand,0,6794,FALSE
Human Beings Enjoy Sex! But Some Are Being Banned From Having It In India.,1,6795,TRUE
"Top Tip: If You Want To Keep People In Your Country Happy, Don't Ban Some Of Them From Having Sex",0,6796,FALSE
"The Future Of The Earth’s Next 100 Years, Visualized",1,6797,TRUE
The Effect Of Climate Change Explained By Animated Time-Lapse,0,6798,FALSE
"He Thought His Parents Were Breaking Up, But He Was Beautifully Wrong",1,6799,TRUE
There Is A Reason He Will Always Remember One Car More Than Any Other,0,6800,FALSE
"When You Are Alone, Do You Feel Lonely?",1,6801,TRUE
"When You Are Alone, Do You Feel Lonely?",0,6802,FALSE
Nice Shirt Ya Got There. Care To Find Out A Little About Who Made It?,1,6803,TRUE
Pssst...Nice Shirt Ya Got There. Care To Find Out A Little About Who Made It?,0,6804,FALSE
The Colorful Poster That Should Hang In The Mind Of Every Girl Who's Felt Insignificant,1,6805,TRUE
The Must-See Power Declaration For Any Girl Who Has An Itch To Change The World,0,6806,FALSE
"He Thought His Parents Were Breaking Up, But He Was Beautifully Wrong",1,6807,TRUE
"He Thought His Parents Were Breaking Up, But He Was Beautifully Wrong",0,6808,FALSE
Why A Drug Arrest Is Not Like Other Arrests,1,6809,TRUE
Why A Drug Arrest Is Not Like Other Arrests,0,6810,FALSE
"That Burger Looks Innocent, But It’s Hiding More Secrets Than A Teenager’s Diary",1,6811,TRUE
"That Burger Looks Innocent, But It’s Hiding More Secrets Than A Teenager’s Diary",0,6812,FALSE
She Was Raised To Think Girls Are Worthless. You Should See What Changed Her Mind.,1,6813,TRUE
"Until The Age Of 47, She Wouldn't Have Been Able To Read This Headline. You Should See Her Now.",0,6814,FALSE
A Video On Why Condoms Aren't Perfect Will Make You Laugh More Than Worry You,1,6815,TRUE
How A Condom Can't Protect You From Lord Voldemort,0,6816,FALSE
Here’s How To Save On Gas Money. Whether You Spend It On Christmas Presents Or Beer Is Up To You.,1,6817,TRUE
Here’s How To Save On Gas Money. Whether You Spend It On Christmas Presents Or Beer Is Up To You.,0,6818,FALSE
Do You Know Where The Internet Lives In Your City? ,1,6819,TRUE
Do You Know Where The Internet Lives In Your City? ,0,6820,FALSE
"A Firefighter Went To Put Out A Fire, But He Had No Idea He Would Be A Hero Of A Different Kind",1,6821,TRUE
"A Firefighter Went To Put Out A Fire, But He Had No Idea He Would Be A Hero Of A Different Kind",0,6822,FALSE
Watch This Department Store Erupt In Song For The Man The Entire World Loved,1,6823,TRUE
"To Honor The Man They Love, They Sang For His Freedom",0,6824,FALSE
Watch This Department Store Erupt In Song For The Man The Entire World Loved,1,6825,TRUE
Watch This Department Store Erupt In Song For The Man The Entire World Loved,0,6826,FALSE
If You Need An Example Of How Silly Our Standards Have Gotten For How Women Look ... Ta-Da!,1,6827,TRUE
The Perfect Instructional On How To Have The ‘Perfect’ Body,0,6828,FALSE
"A Few Weeks Before She Was Crowned 'Miss World,' She Was Raped. But This Isn't Just Her Story.",1,6829,TRUE
How A Former 'Miss World' Is Reopening Her Wounds So Others Can Heal,0,6830,FALSE
Leave It To An Archbishop (Yup!) To Make A Totally Perfect Argument For LGBT Rights,1,6831,TRUE
Here's An Unsnoozeable Sermon About Basic Human Rights We've All Been Waiting For,0,6832,FALSE
The Way This Poet Talks About Manhood Has Me Questioning Exactly What It Is,1,6833,TRUE
The Way This Poet Talks About Manhood Has Me Questioning Exactly What It Is,0,6834,FALSE
"I Have Never Seen A Shorter, So Straight-To-The-Point, No-BS Ad On Vaccines. And It's Pretty.",1,6835,TRUE
A 30-Second Animation On Vaccines That's As Painless As Vaccines,0,6836,FALSE
"In His Last Interview 17 Years Ago, A Science Icon Gave A Warning That Will Give You Goosebumps",1,6837,TRUE
"This Scientist Wouldn't Appreciate Me Calling Him A Prophet, But He Is",0,6838,FALSE
She Was Raised To Think Girls Are Worthless. You Should See What Changed Her Mind.,1,6839,TRUE
"Until The Age Of 47, She Thought Girls Were Worthless.",0,6840,FALSE
"In His Last Interview 17 Years Ago, A Science Icon Gave A Warning That Will Give You Goosebumps",1,6841,TRUE
"In His Last Interview 17 Years Ago, A Science Icon Gave A Warning That Will Give You Goosebumps",0,6842,FALSE
She Was Raised To Think Girls Are Worthless. You Should See What Changed Her Mind.,1,6843,TRUE
She Was Raised To Think Girls Are Worthless. You Should See What Changed Her Mind.,0,6844,FALSE
She Was Raised To Believe Women Are Worthless. You Should See What Changed Her Mind.,1,6845,TRUE
Her Experience Taught Her Girls Are Worthless. You Should See What Changed Her Mind.,0,6846,FALSE
A Video On Why Condoms Aren't Perfect Will Make You Laugh More Than Worry You,1,6847,TRUE
A Video On Why Condoms Aren't Perfect Will Make You Laugh More Than Worry You,0,6848,FALSE
"This Kid Thought His Parents Were Breaking Up After 20 Years, But He Was So Wrong",1,6849,TRUE
"This Kid Thought His Parents Were Breaking Up After 20 Years, But He Was So Wrong",0,6850,FALSE
"A Science Icon Died 17 Years Ago. In His Last Interview, He Made A Warning That Gives Me Goosebumps.",1,6851,TRUE
"A Science Icon Died 17 Years Ago. In His Last Interview, He Made A Warning That Gives Me Goosebumps.",0,6852,FALSE
An Off-Duty Cop Gets Thrown Up Against A Wall And Frisked,1,6853,TRUE
An Off-Duty Cop Gets Thrown Up Against A Wall And Frisked,0,6854,FALSE
I'm Suddenly A Massive Fan Of Rhinos After Seeing Them Fly,1,6855,TRUE
"Probably The Only Video About Rhinos You'll Ever Need To See, Because Flying",0,6856,FALSE
Why You’ll Be Telling Your Kids About The Days When We Used To Have Electricity,1,6857,TRUE
Why You’ll Be Telling Your Kids About The Days When We Used To Have Electricity,0,6858,FALSE
"I Don’t Want To Scare You, But This Very Convincing Argument Says We’re Headed For Disasterville",1,6859,TRUE
How We Got So Good At Advancing Society That We’re About To Advance Ourselves Out Of A Planet,0,6860,FALSE
One Woman's Journey Into Sex Slavery and Back In The Heart of Silicon Valley,1,6861,TRUE
This Is The Face Of Courage In A Faceless Underworld That's Closer Than You Think,0,6862,FALSE
One Woman's Journey Into Sex Slavery and Back In The Heart of Silicon Valley,1,6863,TRUE
One Woman's Journey Into Sex Slavery and Back In The Heart of Silicon Valley,0,6864,FALSE
Think She Sounds Silly And Immature In Her Story? Guess What — She Was Only 16 When It Happened.,1,6865,TRUE
"Without Sex Ed, Where Do You Expect Kids To Get Their Info? Judy Blume Didn’t Cover Teen Pregnancy.",0,6866,FALSE
The Worst Thing You Can Do To New Parents Is To Make Them Leave Their Kids To Earn A Paycheck,1,6867,TRUE
"If Folks In Washington Really Support Families And Kids, They'll Support This",0,6868,FALSE
Think She Should Have Known Better? I Think You Just Made An Argument For Sex Education.,1,6869,TRUE
Think She Should Have Known Better? I Think You Just Made An Argument For Sex Education.,0,6870,FALSE
"Environmental Benefits Aside, This Looks More Pleasant Than Honking And Yelling Out The Window",1,6871,TRUE
Is Your Biggest Fantasy Driving A Tank For A Day So You Can Drive Over All The Gridlock?,0,6872,FALSE
"Think Gen Y's Lazy? I'mma Print This Chart, Origami It Into A Mustache And Stick It On Your Face.",1,6873,TRUE
"Think Gen Y's Lazy? I'mma Print This Chart, Origami It Into A Mustache And Stick It On Your Face.",0,6874,FALSE
"You Know It's Bad, But You Do It Anyway. Let These People Tell You Why You Should Stop. Immediately.",1,6875,TRUE
"You Know It's Bad, But You Do It Anyway. Let These People Tell You Why You Should Stop. Immediately.",0,6876,FALSE
"I Know It's Hard To Believe, So Here's Proof Discrimination Does Bad Things To People",1,6877,TRUE
More People Need To See What This Study Says About The Impact Of Racism On Health,0,6878,FALSE
First The Women In This Clothing Store Were Offended. Then They Realized Who Was Being Offensive.,1,6879,TRUE
First The Women In This Clothing Store Were Offended. Then They Realized Who Was Being Offensive.,0,6880,FALSE
First The Women In This Clothing Store Were Offended. Then They Realized Who Was Being Offensive.,1,6881,TRUE
First The Women In This Clothing Store Were Offended. Then They Realized Who Was Being Offensive.,0,6882,FALSE
First The Women In This Clothing Store Were Offended. Then They Realized Who Was Being Offensive.,1,6883,TRUE
First These Women Were Offended. Then They Realized Who Was Being Offensive.,0,6884,FALSE
A Study Showing Racism Makes You Sick Makes Me Sick,1,6885,TRUE
Some Smartypants Researchers Showed How Discrimination Makes You Sick. That Makes Me Sick,0,6886,FALSE
This Study Showing Discrimination Makes You Sick Makes Me Sick,1,6887,TRUE
Some Scientists Showed Discrimination Makes You Sick. That Makes Me Sick.,0,6888,FALSE
Psst...Wanna Buy Some Stuff Right From The People Who Make It?,1,6889,TRUE
What If Some Of The Dollars You Spend On Food Could Help Sustain Good Jobs?,0,6890,FALSE
They Threw A Grenade At Her Brother Because She Helped Women,1,6891,TRUE
They Threw A Grenade At Her Brother Because She Helped Women,0,6892,FALSE
Psst...Wanna Buy Some Stuff Right From The People Who Make It?,1,6893,TRUE
Psst...Wanna Buy Some Stuff Right From The People Who Make It?,0,6894,FALSE
A Total Genius Explains How The Future Might Look If We Are All A Little More... Empathetic?,1,6895,TRUE
A Total Genius Explains How The Future Might Look If We Are All A Little More... Empathetic?,0,6896,FALSE
"Parents Should Never Outlive Their Children, Can We All Agree On That, At Least?",1,6897,TRUE
"Parents Should Never Outlive Their Children, Can We All Agree On That, At Least?",0,6898,FALSE
"Well, There Goes Pennsylvania. And It Used To Be Such A Nice State.",1,6899,TRUE
"Well, There Goes Pennsylvania. And It Used To Be Such A Nice State.",0,6900,FALSE
There’s A New (Old) Way To Think About Money. Are You Ready For It?,1,6901,TRUE
There’s A New (Old) Way To Think About Money. Are You Ready For It?,0,6902,FALSE
I’ve Got The Perfect Gift For All The People In Your Life Who Don’t Need Anything,1,6903,TRUE
I’m Straight Up Giving You An Excuse To Buy A Lump Of Coal For All Your Favorite Frenemies,0,6904,FALSE
The Perfect Gift For All The People In Your Life Who Don’t Actually Need Anything,1,6905,TRUE
The Perfect Gift For All The People In Your Life Who Don’t Actually Need Anything,0,6906,FALSE
The Perfect Gift For All The People In Your Life Who Don’t Actually Need Anything,1,6907,TRUE
The Perfect Gift For All The People In Your Life Who Don’t Actually Need Anything,0,6908,FALSE
One Time A Guy Gave A Homeless Man A Computer And The Recipient Did Exactly What The Giver Expected,1,6909,TRUE
One Time A Guy Gave A Homeless Man A Computer And The Recipient Did Exactly What The Giver Expected,0,6910,FALSE
Life Lessons From A Rapper. Some Are Great. Some Horrible. And Some Made Me Spit Out My Coffee.,1,6911,TRUE
"If Every Kid Took His (Sometimes Bizarre) Advice, The World Would At Least Be Much More Interesting",0,6912,FALSE
6 Guys Contradict Decades Of Stereotypes Using Only A Whiteboard And A Marker,1,6913,TRUE
Many Manly Men Make Meaningful Messages With Markers,0,6914,FALSE
"We All Know Smoking Is Bad For Your Health, But Be Careful: You Could Be Arrested and Lose Your Job",1,6915,TRUE
"We All Know Smoking Is Bad For Your Health, But Be Careful: You Could Be Arrested and Lose Your Job",0,6916,FALSE
6 Guys Contradict Decades Of Stereotypes Using Only A Whiteboard And A Marker,1,6917,TRUE
6 Guys Contradict Decades Of Stereotypes Using Only A Whiteboard And A Marker,0,6918,FALSE
"It's Hard To Look At These Mannequins, But I Guess That's The Point",1,6919,TRUE
A Storefront Is Stopping People In Their Tracks And It's Not A Sale,0,6920,FALSE
A Total Genius Just Explained What We Are Actually Wired For (Hint: It's Not Narcissism Or Violence),1,6921,TRUE
A Total Genius Just Explained What We Are Actually Wired For (Hint: It's Not Narcissism Or Violence),0,6922,FALSE
Not An Exaggeration: This Video Can Actually Help You Save Someone Having A Stroke,1,6923,TRUE
Not An Exaggeration: This Video Can Actually Help You Save Someone Having A Stroke,0,6924,FALSE
A Little Boy Is Going To Tell You Just Why He's So Happy ... You're Going To Want To Listen.,1,6925,TRUE
"A Kid Just Told Me Why He's Happy, And I'm Much Better Off For Listening",0,6926,FALSE
The Problem With Celebrity Gossip? They Don't Report Truly Astonishing Behavior Like His.,1,6927,TRUE
How Come Paparazzis Never Manage To Catch Celebs Engaged In This Type Of Behavior?,0,6928,FALSE
The Snoop-Dog Spoof Of The President That's Too Good Not To See,1,6929,TRUE
The Snoop-Dog Spoof Of The Most Controversial Law That's Too Wow Not To See,0,6930,FALSE
We Know About Stop And Frisk. But What Should We Call This Practice In NYC That Is Ruining Lives?,1,6931,TRUE
We Know About Stop And Frisk. But What Should We Call This Practice In NYC That Is Ruining Lives?,0,6932,FALSE
The Problem With Celebrity Gossip? They Don't Report Truly Astonishing Behavior Like His.,1,6933,TRUE
The Problem With Celebrity Gossip? They Don't Report Truly Amazing Behavior Like His.,0,6934,FALSE
A Little Boy Is Going To Tell You Just Why He's So Happy ... You're Going To Want To Listen.,1,6935,TRUE
A Little Boy Is Going To Tell You Just Why He's So Happy ... You're Going To Want To Listen.,0,6936,FALSE
"What Are Humans Actually ""Wired"" For? The Answer Makes A Lot Of Sense.",1,6937,TRUE
"What Are Humans Actually ""Wired"" For, Any Way? The Answer May Not Surprise You.",0,6938,FALSE
A Little Boy Reveals Why He's So Happy. And You're Going To Want To Listen.,1,6939,TRUE
You're Going To Want To Listen To Why This Little Boy Is So Happy,0,6940,FALSE
Head Doctor Says A Rich Kid Isn't Guilty BECAUSE He's Rich. Reporter Says What We're All Thinking.,1,6941,TRUE
Get Ready For Your WHAT?! Of The Day: A Psychologist Says A Rich Kid Isn't Guilty Because He's Rich.,0,6942,FALSE
Everyone At Starbucks Should Try One Insanely Simple Yet Incredible Idea,1,6943,TRUE
One Insanely Simple Idea I Hope To See Soon At Every Starbucks,0,6944,FALSE
"We Know Smoking Is Bad For Your Health, But Who Knew You Could Be Arrested And Lose Your Job For It?",1,6945,TRUE
We Know About Stop And Frisk. But What Should We Call This Practice In NYC That Is Ruining Lives?,0,6946,FALSE
The Problem With Celebrity Coverage? They Never Show These Kind of Videos.,1,6947,TRUE
The Problem With Celebrity Coverage? They Never Show Videos Like His.,0,6948,FALSE
Head Doctor Says A Rich Kid Isn't Guilty BECAUSE He's Rich. Reporter Says What We're All Thinking.,1,6949,TRUE
Head Doctor Says A Rich Kid Isn't Guilty BECAUSE He's Rich. Reporter Says What We're All Thinking.,0,6950,FALSE
Watch And Learn About One Seemingly Harmless Thing You Shouldn't Do In NYC If You Value Your Future,1,6951,TRUE
"We Know Smoking Is Bad For Your Health, But Who Knew You Could Be Arrested And Lose Your Job For It?",0,6952,FALSE
6 Guys Challenge Decades Of Stereotypes Using Only A Whiteboard And A Marker,1,6953,TRUE
6 Men Contradict Decades Of Stereotypes Using Only A Whiteboard And A Marker,0,6954,FALSE
"We Know About Stop And Frisk. But What Do We Call A Practice In NYC That Affects White People, Too?",1,6955,TRUE
"We Know About Stop And Frisk. But What Do We Call A Practice In NYC That Affects White People, Too?",0,6956,FALSE
Friends Don't Let Friends Drive Drunk. But They Do Let Them Think They've Been In A Ten-Year Coma.,1,6957,TRUE
Have You Ever Cared So Much About Someone That You Went To Hilarious Bizarre Lengths to Save?,0,6958,FALSE
The Experiment that Sheds Light On Why Telling Women What They Can And Can't Wear Is Bullshit,1,6959,TRUE
"The ""Terrorist Hijabi"" Experiment",0,6960,FALSE
Here's An Ad About Holiday Giving That Makes Me Wish I Could High-Five Ads,1,6961,TRUE
"Why Are Mother Theresa, Gandhi, And Jesus Impressed With This Guy's Generosity? Because Internet.",0,6962,FALSE
How Are You Going To Stick To Your New Year's Resolution? Me? I'm Going To Use Science.,1,6963,TRUE
How Are You Going To Stick To Your New Year's Resolution? Me? I'm Going To Use Science.,0,6964,FALSE
The Science You Should Know Before Making That New Year's Resolution,1,6965,TRUE
Do You Make New Year's Resolutions? Then Use Science To Make Them Better.,0,6966,FALSE
Here's The Science You Can't Not Know Before Making That Ambitious New Year's Resolution,1,6967,TRUE
The Hopeful Science You Should Know Before Making That Big New Year's Resolution,0,6968,FALSE
A Little Boy Reveals Why He's So Happy. And You're Going To Want To Listen.,1,6969,TRUE
A Little Boy Is Going To Tell You Exactly WHY He's Happy ... And You're Going To Want To Listen.,0,6970,FALSE
In A Decade Or Two I Bet Most People Will Feel The Same Way That Guy From 'The Hunger Games' Does,1,6971,TRUE
In A Decade Or Two I Bet Most People Will Feel The Same Way This Famous Actor Does,0,6972,FALSE
What One Guy Has To Say About Our Country's Obsession With Buying Stuff Should Terrify Us All,1,6973,TRUE
"Why Black Friday And The 'Buy, Buy, Buy' Mindset Are Not Good For Any Of Us",0,6974,FALSE
"1 Minute You're Walking Down The Street In NYC. The Next, You're Arrested, Jobless. What Did You Do?",1,6975,TRUE
"1 Minute You're Walking Down The Street In NYC. The Next, You're Arrested, Jobless. What Did You Do?",0,6976,FALSE
"This Really Happy 13 Year Old Hacks His Education, And Now I Regret I Didn't Do The Same With Mine",1,6977,TRUE
A Little Boy Is Going To Tell You Just Why He's So Happy ... You're Going To Want To Listen.,0,6978,FALSE
"If More People Knew The Secrets Those In Power Keep From Us All, It Might Just Cause A Revolution",1,6979,TRUE
"If More People Knew The Secrets Those In Power Keep From Us All, It Might Just Cause A Revolution",0,6980,FALSE
"Well, There Goes Pennsylvania. And It Used To Be Such A Nice State.",1,6981,TRUE
"Well, There Goes Pennsylvania. And It Used To Be Such A Nice State.",0,6982,FALSE
"If More People Knew The Secrets Those In Power Keep From Us All, It Might Just Cause A Revolution",1,6983,TRUE
"If More People Knew The Secrets Those In Power Keep From Us All, It Might Just Cause A Revolution",0,6984,FALSE
"If More People Knew The Secrets Those In Power Keep From Us All, It Might Just Cause A Revolution",1,6985,TRUE
A Brilliant Summary Of Our Problems With Government In 3 Minutes,0,6986,FALSE
Here's A Different Kind Of Lesson On Evolution That I'd Like To See In Our Schools,1,6987,TRUE
"This Guy Needs Our Help In Rethinking Human Nature, And I'm In. How About You?",0,6988,FALSE
He Took How His Bullies Hurt Him And Turned It Into These Beautiful 3 Minutes,1,6989,TRUE
Notice That This Is The First Time The Color Of The President Doesn't Match The Color Of His House?,0,6990,FALSE
"This Really Happy 13 Year Old Hacks His Education, And Now I Regret I Didn't Do The Same With Mine",1,6991,TRUE
"This Really Happy 13 Year Old Hacks His Education, And Now I Regret I Didn't Do The Same With Mine",0,6992,FALSE
"Women? Choice? Ha Ha Ha, Not In this Hospital.",1,6993,TRUE
"Women? Choice? Ha Ha Ha, Not In this Hospital.",0,6994,FALSE
"Women? Choice? Haha, Not In this Hospital.",1,6995,TRUE
"Women? Choice? Haha, Not In this Hospital.",0,6996,FALSE
His Bullies Used Sticks And Stones So He Turned The Experience Into Beautiful Words To Hurt Them,1,6997,TRUE
His Bullies Used Sticks And Stones So He Turned The Experience Into Beautiful Words To Hurt Them,0,6998,FALSE
"If You Thought Someone Couldn't Explain The Science Of Empathy With A Dry Erase Marker, You're Wrong",1,6999,TRUE
Ever Wonder Why You Get A Creepy-Crawly Feeling When There's A Spider Going Up Someone Else's Arm?,0,7000,FALSE
"Stop Asking Where Young Feminists Are. They Aren't Unicorns. They Exist. In Fact, Here’s One Now.",1,7001,TRUE
"Stop Asking Where Young Feminists Are. They Aren't Unicorns. They Exist. In Fact, Here’s One Now.",0,7002,FALSE
This Is The Best A Breathalyzer Will Ever Sound,1,7003,TRUE
The Instrument You Really Don't Want To Be Playing This Holiday Season,0,7004,FALSE
A(nother) Legitimate Reason To Detest Modern Pop Songs,1,7005,TRUE
NSFW: A Devastating Criticism Of Pop Songs In The Form Of ... You Guessed It ... A Goddamn Pop Song,0,7006,FALSE
"If They Taught CPR Like This, A Lot More People Would Know How To Do It",1,7007,TRUE
Unlikely Spokesman For Health Stars In Brilliant CPR Demonstration,0,7008,FALSE
"If You Thought Someone Couldn't Explain The Science Of Empathy With A Dry Erase Marker, You're Wrong",1,7009,TRUE
"If You Thought Someone Couldn't Explain The Science Of Empathy With A Dry Erase Marker, You're Wrong",0,7010,FALSE
Ever Wonder About The Secret Lives Of Those Holiday Gifts You're Swapping? Take A Look.,1,7011,TRUE
Ever Wonder About The Secret Lives Of Those Holiday Gifts You're Swapping? Take A Look.,0,7012,FALSE
Your Girlfriend Says She’s Fat. Here’s How To Respond.,1,7013,TRUE
Your Fat Girlfriend Says She’s Fat. Here’s How To Respond.,0,7014,FALSE
If 'Baby It's Cold Outside' Were A Little More Truthful It Would Sound Like This,1,7015,TRUE
The Hilarious Comedy Sketch That Puts Classic Song Up To The Microscope,0,7016,FALSE
What One Guy Has To Say About Our Country's Obsession With Buying Stuff Is Terrifying,1,7017,TRUE
What One Guy Has To Say About Our Country's Obsession With Buying Stuff Is Right On,0,7018,FALSE
"If You Thought Someone Couldn't Explain The Science Of Empathy With A Dry Erase Marker, You're Wrong",1,7019,TRUE
Watch How This Genius Explains The Evolution Of Empathy With A Dry Erase Marker,0,7020,FALSE
Here’s A Pizza. A Really Disturbing Pizza. A Pizza That Is Ruining Democracy. BAD PIZZA.,1,7021,TRUE
"Why Your Congre- Er, I Mean Pizza Is Ruining Democracy",0,7022,FALSE
"Roses Are Red, Violets Are Blue, I'm Not Pregnant, All Thanks To You",1,7023,TRUE
"Roses Are Red, Violets Are Blue, I'm Not Pregnant, All Thanks To You",0,7024,FALSE
Dustin Hoffman Breaks Down Crying Explaining Something That Every Woman Sadly Already Experienced,1,7025,TRUE
Dustin Hoffman Breaks Down Crying Explaining Something That Every Woman Sadly Already Experienced,0,7026,FALSE
"20th Century Fox Gave Him $25,000 To Make A Movie Trailer. Here's What He Did Instead.",1,7027,TRUE
"He Was Paid $25,000 To Make A Movie Trailer About Chasing Dreams, So He Chased His Dream Instead",0,7028,FALSE
"How One Study Can Be Taken Way Too Far: The Story Of ""Crack Babies""",1,7029,TRUE
"The Incredibly Unscientific Story Of How ""Crack Baby"" Became A Household Phrase",0,7030,FALSE
See Why We Have An Absolutely Ridiculous Standard Of Beauty In Just 37 Seconds,1,7031,TRUE
See Why We Have An Absolutely Ridiculous Standard Of Beauty In Just 37 Seconds,0,7032,FALSE
See Why We Have An Absolutely Ridiculous Standard Of Beauty In Just 37 Seconds,1,7033,TRUE
See Why We Have An Absolutely Ridiculous Standard Of Beauty In Just 37 Seconds,0,7034,FALSE
"This Really Happy 13-Year-Old Hacks His Education, And Now I Regret I Didn't Do The Same With Mine",1,7035,TRUE
"This Really Happy 13-Year-Old Hacks His Education, And Now I Regret I Didn't Do The Same With Mine",0,7036,FALSE
An NBA Star Came Out As Gay And President Obama Called Him. Others Experience Kind Of The Opposite.,1,7037,TRUE
An NBA Star Came Out As Gay And President Obama Called Him. Others Experience Kind Of The Opposite.,0,7038,FALSE
"If Someone Did This To My Pizza, I Would Probably Get Them Fired",1,7039,TRUE
"If A Politician Did This To My Pizza, I Would Probably Get Them Recalled",0,7040,FALSE
"20th Century Fox Gave Him $25,000 To Make A Movie Trailer. Here's What He Did Instead.",1,7041,TRUE
"20th Century Fox Gave Him $25,000 To Make A Movie Trailer. Here's What He Did Instead.",0,7042,FALSE
"Don't Look Too Closely, Because Everyone In This Video Is Naked. Or Do, Whatever.",1,7043,TRUE
"Hey Men, Here Is A Video Of Naked People For You That Isn't Porn",0,7044,FALSE
Sex Workers Want To Be Part Of The Solution. But They're Often Forced To Be Part Of The Problem.,1,7045,TRUE
"Trafficking. What's The First Thing That Comes To Mind? For Them, A Solution.",0,7046,FALSE
His Bullies Used Sticks And Stones So He Turned The Experience Into Beautiful Words To Hurt Them,1,7047,TRUE
His Bullies Used Sticks And Stones So He Turned The Experience Into Beautiful Words To Hurt Them,0,7048,FALSE
A Little Solution To A Big Problem With The Whole Eco-Friendly Green Lifestyleness Thing Going On,1,7049,TRUE
Cost: Free. Download Time: Under A Minute. Finally Remembering Your Reusable Totes: Priceless.,0,7050,FALSE
If The Christmas Song 'Baby It's Cold Outside' Were A Little More Truthful It Would Sound Like This,1,7051,TRUE
"If The Christmas Song 'Baby, It's Cold Outside' Sung The Truth It Would Sound Like This",0,7052,FALSE
Watch What Matthew Perry Says When A Dude Says His Drug Addiction Is His Choice,1,7053,TRUE
Watch What Matthew Perry Says When A Dude Says His Drug Addiction Is His Choice,0,7054,FALSE
"The Wedding Is Beautiful And All, But His Dad's Response To Him Coming Out? It's Just... Wow.",1,7055,TRUE
An Officer And A Gentleman Get Married,0,7056,FALSE
Watch What Chandler From Friends Says When A Dude Says His Drug Addiction Is His Choice,1,7057,TRUE
Watch What Matthew Perry Says When A Dude Says His Drug Addiction Is His Choice,0,7058,FALSE
"Hey Men, Here Are Some Naked People To Tell You Your Bodies Are Great",1,7059,TRUE
"Hey Men, Here Are Some Naked People To Tell You Your Bodies Are Great",0,7060,FALSE
I've Never Seen Such A Clever Parody Of Social Smoking,1,7061,TRUE
"Too Funny To Miss: ""But I'm Not An Ear Wax Picker. I'm A Social Ear Wax Picker.""",0,7062,FALSE
I've Never Seen Such A Clever Take On Social Smoking,1,7063,TRUE
Some People Think These Are Filthy Habits. But Really They're A Great Way To Meet People.,0,7064,FALSE
The Most Simple Explanation Of How To Get Out Of This Recession I've Seen Yet,1,7065,TRUE
The Most Simple Explanation Of How To Get Out Of This Recession I've Seen Yet,0,7066,FALSE
Ever Wonder About The Secret Lives Of Those Holiday Gifts You're Swapping? Take A Look.,1,7067,TRUE
Ever Wonder About The Secret Lives Of Those Holiday Gifts You're Swapping? Take A Look.,0,7068,FALSE
"Most Of These People Do The Right Thing, But The Guys At The End? I Want To Yell At Them.",1,7069,TRUE
"If You Saw A Drunk Woman Being Led Away To A Stranger's Hotel Room, Would You Stop It From Happening?",0,7070,FALSE
"Most Of These People Do The Right Thing, But The Guys At The End? I Want To Yell At Them.",1,7071,TRUE
"Most Of These People Do The Right Thing, But The Guys At The End? I Want To Yell At Them.",0,7072,FALSE
Here's Your Chance: Meet The Women Who Make Clothes Like Yours Day In And Day Out,1,7073,TRUE
Quick Quiz: Who Made That Shirt You're Wearing? Answer Inside.,0,7074,FALSE
"Most Of These People Do The Right Thing, But The Guys At The End? I Wish I Could Yell At Them.",1,7075,TRUE
"Most Of These People Do The Right Thing, But The Guys At The End? I Wish I Could Yell At Them.",0,7076,FALSE
"If The Christmas Song 'Baby, It's Cold Outside' Were A Little More Truthful It Would Sound Like This",1,7077,TRUE
"If The Christmas Song 'Baby, It's Cold Outside' Were A Little More Truthful It Would Sound Like This",0,7078,FALSE
,1,7079,TRUE
,,,
,1,1,TRUE
,,,
,1,1,TRUE
,,,
,1,1,TRUE
,,,
,1,1,TRUE
,,,
,1,1,TRUE
,,,
,1,1,TRUE
,,,
,1,1,TRUE
,,,
,1,1,TRUE
,,,
,1,1,TRUE
,,,
,1,1,TRUE
,,,
,1,1,TRUE
,,,
,1,1,TRUE
,,,
,1,1,TRUE
,,,
,1,1,TRUE
,,,
,1,1,TRUE
,,,
,1,1,TRUE
,,,
,1,1,TRUE
,,,
,1,1,TRUE
,,,
,1,1,TRUE
,,,
,1,1,TRUE
,,,
,1,1,TRUE
,,,
,1,1,TRUE
,,,
,1,1,TRUE
,,,
,1,1,TRUE
,,,
,1,1,TRUE
,,,
,1,1,TRUE
,,,
,1,1,TRUE
,,,
,1,1,TRUE
,,,
,1,1,TRUE
,,,
,1,1,TRUE
,,,
,1,1,TRUE
,,,
,1,1,TRUE
,,,
,1,1,TRUE
,,,
,1,1,TRUE
,,,
,1,1,TRUE
,,,
,1,1,TRUE
,,,
,1,1,TRUE
,,,
,1,1,TRUE
,,,
,1,1,TRUE
,,,
,1,1,TRUE
,,,
,1,1,TRUE
,,,
,1,1,TRUE
,,,
,1,1,TRUE
,,,
,1,1,TRUE
,,,
,1,1,TRUE
,,,
,1,1,TRUE
,,,
,1,1,TRUE
,,,
,1,1,TRUE
,,,
,1,1,TRUE
,,,
,1,1,TRUE
,,,
,1,1,TRUE
,,,
,1,1,TRUE
,,,
,1,1,TRUE
,,,
,1,1,TRUE
,,,
,1,1,TRUE
,,,
,1,1,TRUE
,,,
,1,1,TRUE
,,,
,1,1,TRUE
,,,
,1,1,TRUE
,,,
,1,1,TRUE
,,,
,1,1,TRUE
,,,
,1,1,TRUE
,,,
,1,1,TRUE
,,,
,1,1,TRUE
,,,
,1,1,TRUE
,,,
,1,1,TRUE
,,,
,1,1,TRUE
,,,
,1,1,TRUE
,,,
,1,1,TRUE
,,,
,1,1,TRUE
,,,
,1,1,TRUE
,,,
,1,1,TRUE
,,,
,1,1,TRUE
,,,
,1,1,TRUE
,,,
,1,1,TRUE
,,,
,1,1,TRUE
,,,
,1,1,TRUE
,,,
,1,1,TRUE
,,,
,1,1,TRUE
,,,
,1,1,TRUE
,,,
,1,1,TRUE
,,,
,1,1,TRUE
,,,
,1,1,TRUE
,,,
,1,1,TRUE
,,,
,1,1,TRUE
,,,
,1,1,TRUE
,,,
,1,1,TRUE
,,,
,1,1,TRUE
,,,
,1,1,TRUE
,,,
,1,1,TRUE
,,,
,1,1,TRUE
,,,
,1,1,TRUE
,,,
,1,1,TRUE
,,,
,1,1,TRUE
,,,
,1,1,TRUE
,,,
,1,1,TRUE
,,,
,1,1,TRUE
,,,
,1,1,TRUE
,,,
,1,1,TRUE
,,,
,1,1,TRUE
,,,
,1,1,TRUE
,,,
,1,1,TRUE
,,,
,1,1,TRUE
,,,
,1,1,TRUE
,,,
,1,1,TRUE
,,,
,1,1,TRUE
,,,
,1,1,TRUE
,,,
,1,1,TRUE
,,,
,1,1,TRUE
,,,
,1,1,TRUE
,,,
,1,1,TRUE
,,,
,1,1,TRUE
,,,
,1,1,TRUE
,,,
,1,1,TRUE
,,,
,1,1,TRUE
,,,
,1,1,TRUE
,,,
,1,1,TRUE
,,,
,1,1,TRUE
,,,
,1,1,TRUE
,,,
,1,1,TRUE
,,,
,1,1,TRUE
,,,
,1,1,TRUE
,,,
,1,1,TRUE
,,,
,1,1,TRUE
,,,
,1,1,TRUE
,,,
,1,1,TRUE
,,,
,1,1,TRUE
,,,
,1,1,TRUE
,,,
,1,1,TRUE
,,,
,1,1,TRUE
,,,
,1,1,TRUE
,,,
,1,1,TRUE
,,,
,1,1,TRUE
,,,
,1,1,TRUE
,,,
,1,1,TRUE
,,,
,1,1,TRUE
,,,
,1,1,TRUE
,,,
,1,1,TRUE
,,,
,1,1,TRUE
,,,
,1,1,TRUE
,,,
,1,1,TRUE
,,,
,1,1,TRUE
,,,
,1,1,TRUE
,,,
,1,1,TRUE
,,,
,1,1,TRUE
,,,
,1,1,TRUE
,,,
,1,1,TRUE
,,,
,1,1,TRUE
,,,
,1,1,TRUE
,,,
,1,1,TRUE
,,,
,1,1,TRUE
,,,
,1,1,TRUE
,,,
,1,1,TRUE
,,,
,1,1,TRUE
,,,
,1,1,TRUE
,,,
,1,1,TRUE
,,,
,1,1,TRUE
,,,
,1,1,TRUE
,,,
,1,1,TRUE
,,,
,1,1,TRUE
,,,
,1,1,TRUE
,,,
,1,1,TRUE
,,,
,1,1,TRUE
,,,
,1,1,TRUE
,,,
,1,1,TRUE
,,,
,1,1,TRUE
,,,
,1,1,TRUE
,,,
,1,1,TRUE
,,,
,1,1,TRUE
,,,
,1,1,TRUE
,,,
,1,1,TRUE
,,,
,1,1,TRUE
,,,
,1,1,TRUE
,,,
,1,1,TRUE
,,,
,1,1,TRUE
,,,
,1,1,TRUE
,,,
,1,1,TRUE
,,,
,1,1,TRUE
,,,
,1,1,TRUE
,,,
,1,1,TRUE
,,,
,1,1,TRUE
,,,
,1,1,TRUE
,,,
,1,1,TRUE
,,,
,1,1,TRUE
,,,
,1,1,TRUE
,,,
,1,1,TRUE
,,,
,1,1,TRUE
,,,
,1,1,TRUE
,,,
,1,1,TRUE
,,,
,1,1,TRUE
,,,
,1,1,TRUE
,,,
,1,1,TRUE
,,,
,1,1,TRUE
,,,
,1,1,TRUE
,,,
,1,1,TRUE
,,,
,1,1,TRUE
,,,
,1,1,TRUE
,,,
,1,1,TRUE
,,,
,1,1,TRUE
,,,
,1,1,TRUE
,,,
,1,1,TRUE
,,,
,1,1,TRUE
,,,
,1,1,TRUE
,,,
,1,1,TRUE
,,,
,1,1,TRUE
,,,
,1,1,TRUE
,,,
,1,1,TRUE
,,,
,1,1,TRUE
,,,
,1,1,TRUE
,,,
,1,1,TRUE
,,,
,1,1,TRUE
,,,
,1,1,TRUE
,,,
,1,1,TRUE
,,,
,1,1,TRUE
,,,
,1,1,TRUE
,,,
,1,1,TRUE
,,,
,1,1,TRUE
,,,
,1,1,TRUE
,,,
,1,1,TRUE
,,,
,1,1,TRUE
,,,
,1,1,TRUE
,,,
,1,1,TRUE
,,,
,1,1,TRUE
,,,
,1,1,TRUE
,,,
,1,1,TRUE
,,,
,1,1,TRUE
,,,
,1,1,TRUE
,,,
,1,1,TRUE
,,,
,1,1,TRUE
,,,
,1,1,TRUE
,,,
,1,1,TRUE
,,,
,1,1,TRUE
,,,
,1,1,TRUE
,,,
,1,1,TRUE
,,,
,1,1,TRUE
,,,
,1,1,TRUE
,,,
,1,1,TRUE
,,,
,1,1,TRUE
,,,
,1,1,TRUE
,,,
,1,1,TRUE
,,,
,1,1,TRUE
,,,
,1,1,TRUE
,,,
,1,1,TRUE
,,,
,1,1,TRUE
,,,
,1,1,TRUE
,,,
,1,1,TRUE
,,,
,1,1,TRUE
,,,
,1,1,TRUE
,,,
,1,1,TRUE
,,,
,1,1,TRUE
,,,
,1,1,TRUE
,,,
,1,1,TRUE
,,,
,1,1,TRUE
,,,
,1,1,TRUE
,,,
,1,1,TRUE
,,,
,1,1,TRUE
,,,
,1,1,TRUE
,,,
,1,1,TRUE
,,,
,1,1,TRUE
,,,
,1,1,TRUE
,,,
,1,1,TRUE
,,,
,1,1,TRUE
,,,
,1,1,TRUE
,,,
,1,1,TRUE
,,,
,1,1,TRUE
,,,
,1,1,TRUE
,,,
,1,1,TRUE
,,,
,1,1,TRUE
,,,
,1,1,TRUE
,,,
,1,1,TRUE
,,,
,1,1,TRUE
,,,
,1,1,TRUE
,,,
,1,1,TRUE
,,,
,1,1,TRUE
,,,
,1,1,TRUE
,,,
,1,1,TRUE
,,,
,1,1,TRUE
,,,
,1,1,TRUE
,,,
,1,1,TRUE
,,,
,1,1,TRUE
,,,
,1,1,TRUE
,,,
,1,1,TRUE
,,,
,1,1,TRUE
,,,
,1,1,TRUE
,,,
,1,1,TRUE
,,,
,1,1,TRUE
,,,
,1,1,TRUE
,,,
,1,1,TRUE
,,,
,1,1,TRUE
,,,
,1,1,TRUE
,,,
,1,1,TRUE
,,,
,1,1,TRUE
,,,
,1,1,TRUE
,,,
,1,1,TRUE
,,,
,1,1,TRUE
,,,
,1,1,TRUE
,,,
,1,1,TRUE
,,,
,1,1,TRUE
,,,
,1,1,TRUE
,,,
,1,1,TRUE
,,,
,1,1,TRUE
,,,
,1,1,TRUE
,,,
,1,1,TRUE
,,,
,1,1,TRUE
,,,
,1,1,TRUE
,,,
,1,1,TRUE
,,,
,1,1,TRUE
,,,
,1,1,TRUE
,,,
,1,1,TRUE
,,,
,1,1,TRUE
,,,
,1,1,TRUE
,,,
,1,1,TRUE
,,,
,1,1,TRUE
,,,
,1,1,TRUE
,,,
,1,1,TRUE
,,,
,1,1,TRUE
,,,
,1,1,TRUE
,,,
,1,1,TRUE
,,,
,1,1,TRUE
,,,
,1,1,TRUE
,,,
,1,1,TRUE
,,,
,1,1,TRUE
,,,
,1,1,TRUE
,,,
,1,1,TRUE
,,,
,1,1,TRUE
,,,
,1,1,TRUE
,,,
,1,1,TRUE
,,,
,1,1,TRUE
,,,
,1,1,TRUE
,,,
,1,1,TRUE
,,,
,1,1,TRUE
,,,
,1,1,TRUE
,,,
,1,1,TRUE
,,,
,1,1,TRUE
,,,
,1,1,TRUE
,,,
,1,1,TRUE
,,,
,1,1,TRUE
,,,
,1,1,TRUE
,,,
,1,1,TRUE
,,,
,1,1,TRUE
,,,
,1,1,TRUE
,,,
,1,1,TRUE
,,,
,1,1,TRUE
,,,
,1,1,TRUE
,,,
,1,1,TRUE
,,,
,1,1,TRUE
,,,
,1,1,TRUE
,,,
,1,1,TRUE
,,,
,1,1,TRUE
,,,
,1,1,TRUE
,,,
,1,1,TRUE
,,,
,1,1,TRUE
,,,
,1,1,TRUE
,,,
,1,1,TRUE
,,,
,1,1,TRUE
,,,
,1,1,TRUE
,,,
,1,1,TRUE
,,,
,1,1,TRUE
,,,
,1,1,TRUE
,,,
,1,1,TRUE
,,,
,1,1,TRUE
,,,
,1,1,TRUE
,,,
,1,1,TRUE
,,,
,1,1,TRUE
,,,
,1,1,TRUE
,,,
,1,1,TRUE
,,,
,1,1,TRUE
,,,
,1,1,TRUE
,,,
,1,1,TRUE
,,,
,1,1,TRUE
,,,
,1,1,TRUE
,,,
,1,1,TRUE
,,,
,1,1,TRUE
,,,
,1,1,TRUE
,,,
,1,1,TRUE
,,,
,1,1,TRUE
,,,
,1,1,TRUE
,,,
,1,1,TRUE
,,,
,1,1,TRUE
,,,
,1,1,TRUE
,,,
,1,1,TRUE
,,,
,1,1,TRUE
,,,
,1,1,TRUE
,,,
,1,1,TRUE
,,,
,1,1,TRUE
,,,
,1,1,TRUE
,,,
,1,1,TRUE
,,,
,1,1,TRUE
,,,
,1,1,TRUE
,,,
,1,1,TRUE
,,,
,1,1,TRUE
,,,
,1,1,TRUE
,,,
,1,1,TRUE
,,,
,1,1,TRUE
,,,
,1,1,TRUE
,,,
,1,1,TRUE
,,,
,1,1,TRUE
,,,
,1,1,TRUE
,,,
,1,1,TRUE
,,,
,1,1,TRUE
,,,
,1,1,TRUE
,,,
,1,1,TRUE
,,,
,1,1,TRUE
,,,
,1,1,TRUE
,,,
,1,1,TRUE
,,,
,1,1,TRUE
,,,
,1,1,TRUE
,,,
,1,1,TRUE
,,,
,1,1,TRUE
,,,
,1,1,TRUE
,,,
,1,1,TRUE
,,,
,1,1,TRUE
,,,
,1,1,TRUE
,,,
,1,1,TRUE
,,,
,1,1,TRUE
,,,
,1,1,TRUE
,,,
,1,1,TRUE
,,,
,1,1,TRUE
,,,
,1,1,TRUE
,,,
,1,1,TRUE
,,,
,1,1,TRUE
,,,
,1,1,TRUE
,,,
,1,1,TRUE
,,,
,1,1,TRUE
,,,
,1,1,TRUE
,,,
,1,1,TRUE
,,,
,1,1,TRUE
,,,
,1,1,TRUE
,,,
,1,1,TRUE
,,,
,1,1,TRUE
,,,
,1,1,TRUE
,,,
,1,1,TRUE
,,,
,1,1,TRUE
,,,
,1,1,TRUE
,,,
,1,1,TRUE
,,,
,1,1,TRUE
,,,
,1,1,TRUE
,,,
,1,1,TRUE
,,,
,1,1,TRUE
,,,
,1,1,TRUE
,,,
,1,1,TRUE
,,,
,1,1,TRUE
,,,
,1,1,TRUE
,,,
,1,1,TRUE
,,,
,1,1,TRUE
,,,
,1,1,TRUE
,,,
,1,1,TRUE
,,,
,1,1,TRUE
,,,
,1,1,TRUE
,,,
,1,1,TRUE
,,,
,1,1,TRUE
,,,
,1,1,TRUE
,,,
,1,1,TRUE
,,,
,1,1,TRUE
,,,
,1,1,TRUE
,,,
,1,1,TRUE
,,,
,1,1,TRUE
,,,
,1,1,TRUE
,,,
,1,1,TRUE
,,,
,1,1,TRUE
,,,
,1,1,TRUE
,,,
,1,1,TRUE
,,,
,1,1,TRUE
,,,
,1,1,TRUE
,,,
,1,1,TRUE
,,,
,1,1,TRUE
,,,
,1,1,TRUE
,,,
,1,1,TRUE
,,,
,1,1,TRUE
,,,
,1,1,TRUE
,,,
,1,1,TRUE
,,,
,1,1,TRUE
,,,
,1,1,TRUE
,,,
,1,1,TRUE
,,,
,1,1,TRUE
,,,
,1,1,TRUE
,,,
,1,1,TRUE
,,,
,1,1,TRUE
,,,
,1,1,TRUE
,,,
,1,1,TRUE
,,,
,1,1,TRUE
,,,
,1,1,TRUE
,,,
,1,1,TRUE
,,,
,1,1,TRUE
,,,
,1,1,TRUE
,,,
,1,1,TRUE
,,,
,1,1,TRUE
,,,
,1,1,TRUE
,,,
,1,1,TRUE
,,,
,1,1,TRUE
,,,
,1,1,TRUE
,,,
,1,1,TRUE
,,,
,1,1,TRUE
,,,
,1,1,TRUE
,,,
,1,1,TRUE
,,,
,1,1,TRUE
,,,
,1,1,TRUE
,,,
,1,1,TRUE
,,,
,1,1,TRUE
,,,
,1,1,TRUE
,,,
,1,1,TRUE
,,,
,1,1,TRUE
,,,
,1,1,TRUE
,,,
,1,1,TRUE
,,,
,1,1,TRUE
,,,
,1,1,TRUE
,,,
,1,1,TRUE
,,,
,1,1,TRUE
,,,
,1,1,TRUE
,,,
,1,1,TRUE
,,,
,1,1,TRUE
,,,
,1,1,TRUE
,,,
,1,1,TRUE
,,,
,1,1,TRUE
,,,
,1,1,TRUE
,,,
,1,1,TRUE
,,,
,1,1,TRUE
,,,
,1,1,TRUE
,,,
,1,1,TRUE
,,,
,1,1,TRUE
,,,
,1,1,TRUE
,,,
,1,1,TRUE
,,,
,1,1,TRUE
,,,
,1,1,TRUE
,,,
,1,1,TRUE
,,,
,1,1,TRUE
,,,
,1,1,TRUE
,,,
,1,1,TRUE
,,,
,1,1,TRUE
,,,
,1,1,TRUE
,,,
,1,1,TRUE
,,,
,1,1,TRUE
,,,
,1,1,TRUE
,,,
,1,1,TRUE
,,,
,1,1,TRUE
,,,
,1,1,TRUE
,,,
,1,1,TRUE
,,,
,1,1,TRUE
,,,
,1,1,TRUE
,,,
,1,1,TRUE
,,,
,1,1,TRUE
,,,
,1,1,TRUE
,,,
,1,1,TRUE
,,,
,1,1,TRUE
,,,
,1,1,TRUE
,,,
,1,1,TRUE
,,,
,1,1,TRUE
,,,
,1,1,TRUE
,,,
,1,1,TRUE
,,,
,1,1,TRUE
,,,
,1,1,TRUE
,,,
,1,1,TRUE
,,,
,1,1,TRUE
,,,
,1,1,TRUE
,,,
,1,1,TRUE
,,,
,1,1,TRUE
,,,
,1,1,TRUE
,,,
,1,1,TRUE
,,,
,1,1,TRUE
,,,
,1,1,TRUE
,,,
,1,1,TRUE
,,,
,1,1,TRUE
,,,
,1,1,TRUE
,,,
,1,1,TRUE
,,,
,1,1,TRUE
,,,
,1,1,TRUE
,,,
,1,1,TRUE
,,,
,1,1,TRUE
,,,
,1,1,TRUE
,,,
,1,1,TRUE
,,,
,1,1,TRUE
,,,
,1,1,TRUE
,,,
,1,1,TRUE
,,,
,1,1,TRUE
,,,
,1,1,TRUE
,,,
,1,1,TRUE
,,,
,1,1,TRUE
,,,
,1,1,TRUE
,,,
,1,1,TRUE
,,,
,1,1,TRUE
,,,
,1,1,TRUE
,,,
,1,1,TRUE
,,,
,1,1,TRUE
,,,
,1,1,TRUE
,,,
,1,1,TRUE
,,,
,1,1,TRUE
,,,
,1,1,TRUE
,,,
,1,1,TRUE
,,,
,1,1,TRUE
,,,
,1,1,TRUE
,,,
,1,1,TRUE
,,,
,1,1,TRUE
,,,
,1,1,TRUE
,,,
,1,1,TRUE
,,,
,1,1,TRUE
,,,
,1,1,TRUE
,,,
,1,1,TRUE
,,,
,1,1,TRUE
,,,
,1,1,TRUE
,,,
,1,1,TRUE
,,,
,1,1,TRUE
,,,
,1,1,TRUE
,,,
,1,1,TRUE
,,,
,1,1,TRUE
,,,
,1,1,TRUE
,,,
,1,1,TRUE
,,,
,1,1,TRUE
,,,
,1,1,TRUE
,,,
,1,1,TRUE
,,,
,1,1,TRUE
,,,
,1,1,TRUE
,,,
,1,1,TRUE
,,,
,1,1,TRUE
,,,
,1,1,TRUE
,,,
,1,1,TRUE
,,,
,1,1,TRUE
,,,
,1,1,TRUE
,,,
,1,1,TRUE
,,,
,1,1,TRUE
,,,
,1,1,TRUE
,,,
,1,1,TRUE
,,,
,1,1,TRUE
,,,
,1,1,TRUE
,,,
,1,1,TRUE
,,,
,1,1,TRUE
,,,
,1,1,TRUE
,,,
,1,1,TRUE
,,,
,1,1,TRUE
,,,
,1,1,TRUE
,,,
,1,1,TRUE
,,,
,1,1,TRUE
,,,
,1,1,TRUE
,,,
,1,1,TRUE
,,,
,1,1,TRUE
,,,
,1,1,TRUE
,,,
,1,1,TRUE
,,,
,1,1,TRUE
,,,
,1,1,TRUE
,,,
,1,1,TRUE
,,,
,1,1,TRUE
,,,
,1,1,TRUE
,,,
,1,1,TRUE
,,,
,1,1,TRUE
,,,
,1,1,TRUE
,,,
,1,1,TRUE
,,,
,1,1,TRUE
,,,
,1,1,TRUE
,,,
,1,1,TRUE
,,,
,1,1,TRUE
,,,
,1,1,TRUE
,,,
,1,1,TRUE
,,,
,1,1,TRUE
,,,
,1,1,TRUE
,,,
,1,1,TRUE
,,,
,1,1,TRUE
,,,
,1,1,TRUE
,,,
,1,1,TRUE
,,,
,1,1,TRUE
,,,
,1,1,TRUE
,,,
,1,1,TRUE
,,,
,1,1,TRUE
,,,
,1,1,TRUE
,,,
,1,1,TRUE
,,,
,1,1,TRUE
,,,
,1,1,TRUE
,,,
,1,1,TRUE
,,,
,1,1,TRUE
,,,
,1,1,TRUE
,,,
,1,1,TRUE
,,,
,1,1,TRUE
,,,
,1,1,TRUE
,,,
,1,1,TRUE
,,,
,1,1,TRUE
,,,
,1,1,TRUE
,,,
,1,1,TRUE
,,,
,1,1,TRUE
,,,
,1,1,TRUE
,,,
,1,1,TRUE
,,,
,1,1,TRUE
,,,
,1,1,TRUE
,,,
,1,1,TRUE
,,,
,1,1,TRUE
,,,
,1,1,TRUE
,,,
,1,1,TRUE
,,,
,1,1,TRUE
,,,
,1,1,TRUE
,,,
,1,1,TRUE
,,,
,1,1,TRUE
,,,
,1,1,TRUE
,,,
,1,1,TRUE
,,,
,1,1,TRUE
,,,
,1,1,TRUE
,,,
,1,1,TRUE
,,,
,1,1,TRUE
,,,
,1,1,TRUE
,,,
,1,1,TRUE
,,,
,1,1,TRUE
,,,
,1,1,TRUE
,,,
,1,1,TRUE
,,,
,1,1,TRUE
,,,
,1,1,TRUE
,,,
,1,1,TRUE
,,,
,1,1,TRUE
,,,
,1,1,TRUE
,,,
,1,1,TRUE
,,,
,1,1,TRUE
,,,
,1,1,TRUE
,,,
,1,1,TRUE
,,,
,1,1,TRUE
,,,
,1,1,TRUE
,,,
,1,1,TRUE
,,,
,1,1,TRUE
,,,
,1,1,TRUE
,,,
,1,1,TRUE
,,,
,1,1,TRUE
,,,
,1,1,TRUE
,,,
,1,1,TRUE
,,,
,1,1,TRUE
,,,
,1,1,TRUE
,,,
,1,1,TRUE
,,,
,1,1,TRUE
,,,
,1,1,TRUE
,,,
,1,1,TRUE
,,,
,1,1,TRUE
,,,
,1,1,TRUE
,,,
,1,1,TRUE
,,,
,1,1,TRUE
,,,
,1,1,TRUE
,,,
,1,1,TRUE
,,,
,1,1,TRUE
,,,
,1,1,TRUE
,,,
,1,1,TRUE
,,,
,1,1,TRUE
,,,
,1,1,TRUE
,,,
,1,1,TRUE
,,,
,1,1,TRUE
,,,
,1,1,TRUE
,,,
,1,1,TRUE
,,,
,1,1,TRUE
,,,
,1,1,TRUE
,,,
,1,1,TRUE
,,,
,1,1,TRUE
,,,
,1,1,TRUE
,,,
,1,1,TRUE
,,,
,1,1,TRUE
,,,
,1,1,TRUE
,,,
,1,1,TRUE
,,,
,1,1,TRUE
,,,
,1,1,TRUE
,,,
,1,1,TRUE
,,,
,1,1,TRUE
,,,
,1,1,TRUE
,,,
,1,1,TRUE
,,,
,1,1,TRUE
,,,
,1,1,TRUE
,,,
,1,1,TRUE
,,,
,1,1,TRUE
,,,
,1,1,TRUE
,,,
,1,1,TRUE
,,,
,1,1,TRUE
,,,
,1,1,TRUE
,,,
,1,1,TRUE
,,,
,1,1,TRUE
,,,
,1,1,TRUE
,,,
,1,1,TRUE
,,,
,1,1,TRUE
,,,
,1,1,TRUE
,,,
,1,1,TRUE
,,,
,1,1,TRUE
,,,
,1,1,TRUE
,,,
,1,1,TRUE
,,,
,1,1,TRUE
,,,
,1,1,TRUE
,,,
,1,1,TRUE
,,,
,1,1,TRUE
,,,
,1,1,TRUE
,,,
,1,1,TRUE
,,,
,1,1,TRUE
,,,
,1,1,TRUE
,,,
,1,1,TRUE
,,,
,1,1,TRUE
,,,
,1,1,TRUE
,,,
,1,1,TRUE
,,,
,1,1,TRUE
,,,
,1,1,TRUE
,,,
,1,1,TRUE
,,,
,1,1,TRUE
,,,
,1,1,TRUE
,,,
,1,1,TRUE
,,,
,1,1,TRUE
,,,
,1,1,TRUE
,,,
,1,1,TRUE
,,,
,1,1,TRUE
,,,
,1,1,TRUE
,,,
,1,1,TRUE
,,,
,1,1,TRUE
,,,
,1,1,TRUE
,,,
,1,1,TRUE
,,,
,1,1,TRUE
,,,
,1,1,TRUE
,,,
,1,1,TRUE
,,,
,1,1,TRUE
,,,
,1,1,TRUE
,,,
,1,1,TRUE
,,,
,1,1,TRUE
,,,
,1,1,TRUE
,,,
,1,1,TRUE
,,,
,1,1,TRUE
,,,
,1,1,TRUE
,,,
,1,1,TRUE
,,,
,1,1,TRUE
,,,
,1,1,TRUE
,,,
,1,1,TRUE
,,,
,1,1,TRUE
,,,
,1,1,TRUE
,,,
,1,1,TRUE
,,,
,1,1,TRUE
,,,
,1,1,TRUE
,,,
,1,1,TRUE
,,,
,1,1,TRUE
,,,
,1,1,TRUE
,,,
,1,1,TRUE
,,,
,1,1,TRUE
,,,
,1,1,TRUE
,,,
,1,1,TRUE
,,,
,1,1,TRUE
,,,
,1,1,TRUE
,,,
,1,1,TRUE
,,,
,1,1,TRUE
,,,
,1,1,TRUE
,,,
,1,1,TRUE
,,,
,1,1,TRUE
,,,
,1,1,TRUE
,,,
,1,1,TRUE
,,,
,1,1,TRUE
,,,
,1,1,TRUE
,,,
,1,1,TRUE
,,,
,1,1,TRUE
,,,
,1,1,TRUE
,,,
,1,1,TRUE
,,,
,1,1,TRUE
,,,
,1,1,TRUE
,,,
,1,1,TRUE
,,,
,1,1,TRUE
,,,
,1,1,TRUE
,,,
,1,1,TRUE
,,,
,1,1,TRUE
,,,
,1,1,TRUE
,,,
,1,1,TRUE
,,,
,1,1,TRUE
,,,
,1,1,TRUE
,,,
,1,1,TRUE
,,,
,1,1,TRUE
,,,
,1,1,TRUE
,,,
,1,1,TRUE
,,,
,1,1,TRUE
,,,
,1,1,TRUE
,,,
,1,1,TRUE
,,,
,1,1,TRUE
,,,
,1,1,TRUE
,,,
,1,1,TRUE
,,,
,1,1,TRUE
,,,
,1,1,TRUE
,,,
,1,1,TRUE
,,,
,1,1,TRUE
,,,
,1,1,TRUE
,,,
,1,1,TRUE
,,,
,1,1,TRUE
,,,
,1,1,TRUE
,,,
,1,1,TRUE
,,,
,1,1,TRUE
,,,
,1,1,TRUE
,,,
,1,1,TRUE
,,,
,1,1,TRUE
,,,
,1,1,TRUE
,,,
,1,1,TRUE
,,,
,1,1,TRUE
,,,
,1,1,TRUE
,,,
,1,1,TRUE
,,,
,1,1,TRUE
,,,
,1,1,TRUE
,,,
,1,1,TRUE
,,,
,1,1,TRUE
,,,
,1,1,TRUE
,,,
,1,1,TRUE
,,,
,1,1,TRUE
,,,
,1,1,TRUE
,,,
,1,1,TRUE
,,,
,1,1,TRUE
,,,
,1,1,TRUE
,,,
,1,1,TRUE
,,,
,1,1,TRUE
,,,
,1,1,TRUE
,,,
,1,1,TRUE
,,,
,1,1,TRUE
,,,
,1,1,TRUE
,,,
,1,1,TRUE
,,,
,1,1,TRUE
,,,
,1,1,TRUE
,,,
,1,1,TRUE
,,,
,1,1,TRUE
,,,
,1,1,TRUE
,,,
,1,1,TRUE
,,,
,1,1,TRUE
,,,
,1,1,TRUE
,,,
,1,1,TRUE
,,,
,1,1,TRUE
,,,
,1,1,TRUE
,,,
,1,1,TRUE
,,,
,1,1,TRUE
,,,
,1,1,TRUE
,,,
,1,1,TRUE
,,,
,1,1,TRUE
,,,
,1,1,TRUE
,,,
,1,1,TRUE
,,,
,1,1,TRUE
,,,
,1,1,TRUE
,,,
,1,1,TRUE
,,,
,1,1,TRUE
,,,
,1,1,TRUE
,,,
,1,1,TRUE
,,,
,1,1,TRUE
,,,
,1,1,TRUE
,,,
,1,1,TRUE
,,,
,1,1,TRUE
,,,
,1,1,TRUE
,,,
,1,1,TRUE
,,,
,1,1,TRUE
,,,
,1,1,TRUE
,,,
,1,1,TRUE
,,,
,1,1,TRUE
,,,
,1,1,TRUE
,,,
,1,1,TRUE
,,,
,1,1,TRUE
,,,
,1,1,TRUE
,,,
,1,1,TRUE
,,,
,1,1,TRUE
,,,
,1,1,TRUE
,,,
,1,1,TRUE
,,,
,1,1,TRUE
,,,
,1,1,TRUE
,,,
,1,1,TRUE
,,,
,1,1,TRUE
,,,
,1,1,TRUE
,,,
,1,1,TRUE
,,,
,1,1,TRUE
,,,
,1,1,TRUE
,,,
,1,1,TRUE
,,,
,1,1,TRUE
,,,
,1,1,TRUE
,,,
,1,1,TRUE
,,,
,1,1,TRUE
,,,
,1,1,TRUE
,,,
,1,1,TRUE
,,,
,1,1,TRUE
,,,
,1,1,TRUE
,,,
,1,1,TRUE
,,,
,,1,TRUE
,,2,FALSE
,,3,TRUE
,,4,FALSE
,,5,TRUE
,,6,FALSE
,,7,TRUE
,,8,FALSE
,,9,TRUE
,,10,FALSE
,,11,TRUE
,,12,FALSE
,,13,TRUE
,,14,FALSE
,,15,TRUE
,,16,FALSE
,,17,TRUE
,,18,FALSE
,,19,TRUE
,,20,FALSE
,,21,TRUE
,,22,FALSE
,,23,TRUE
,,24,FALSE
,,25,TRUE
,,26,FALSE
,,27,TRUE
,,28,FALSE
,,29,TRUE
,,30,FALSE
,,31,TRUE
,,32,FALSE
,,33,TRUE
,,34,FALSE
,,35,TRUE
,,36,FALSE
,,37,TRUE
,,38,FALSE
,,39,TRUE
,,40,FALSE
,,41,TRUE
,,42,FALSE
,,43,TRUE
,,44,FALSE
,,45,TRUE
,,46,FALSE
,,47,TRUE
,,48,FALSE
,,49,TRUE
,,50,FALSE
,,51,TRUE
,,52,FALSE
,,53,TRUE
,,54,FALSE
,,55,TRUE
,,56,FALSE
,,57,TRUE
,,58,FALSE
,,59,TRUE
,,60,FALSE
,,61,TRUE
,,62,FALSE
,,63,TRUE
,,64,FALSE
,,65,TRUE
,,66,FALSE
,,67,TRUE
,,68,FALSE
,,69,TRUE
,,70,FALSE
,,71,TRUE
,,72,FALSE
,,73,TRUE
,,74,FALSE
,,75,TRUE
,,76,FALSE
,,77,TRUE
,,78,FALSE
,,79,TRUE
,,80,FALSE
,,81,TRUE
,,82,FALSE
,,83,TRUE
,,84,FALSE
,,85,TRUE
,,86,FALSE
,,87,TRUE
,,88,FALSE
,,89,TRUE
,,90,FALSE
,,91,TRUE
,,92,FALSE
,,93,TRUE
,,94,FALSE
,,95,TRUE
,,96,FALSE
,,97,TRUE
,,98,FALSE
,,99,TRUE
,,100,FALSE
,,101,TRUE
,,102,FALSE
,,103,TRUE
,,104,FALSE
,,105,TRUE
,,106,FALSE
,,107,TRUE
,,108,FALSE
,,109,TRUE
,,110,FALSE
,,111,TRUE
,,112,FALSE
,,113,TRUE
,,114,FALSE
,,115,TRUE
,,116,FALSE
,,117,TRUE
,,118,FALSE
,,119,TRUE
,,120,FALSE
,,121,TRUE
,,122,FALSE
,,123,TRUE
,,124,FALSE
,,125,TRUE
,,126,FALSE
,,127,TRUE
,,128,FALSE
,,129,TRUE
,,130,FALSE
,,131,TRUE
,,132,FALSE
,,133,TRUE
,,134,FALSE
,,135,TRUE
,,136,FALSE
,,137,TRUE
,,138,FALSE
,,139,TRUE
,,140,FALSE
,,141,TRUE
,,142,FALSE
,,143,TRUE
,,144,FALSE
,,145,TRUE
,,146,FALSE
,,147,TRUE
,,148,FALSE
,,149,TRUE
,,150,FALSE
,,151,TRUE
,,152,FALSE
,,153,TRUE
,,154,FALSE
,,155,TRUE
,,156,FALSE
,,157,TRUE
,,158,FALSE
,,159,TRUE
,,160,FALSE
,,161,TRUE
,,162,FALSE
,,163,TRUE
,,164,FALSE
,,165,TRUE
,,166,FALSE
,,167,TRUE
,,168,FALSE
,,169,TRUE
,,170,FALSE
,,171,TRUE
,,172,FALSE
,,173,TRUE
,,174,FALSE
,,175,TRUE
,,176,FALSE
,,177,TRUE
,,178,FALSE
,,179,TRUE
,,180,FALSE
,,181,TRUE
,,182,FALSE
,,183,TRUE
,,184,FALSE
,,185,TRUE
,,186,FALSE
,,187,TRUE
,,188,FALSE
,,189,TRUE
,,190,FALSE
,,191,TRUE
,,192,FALSE
,,193,TRUE
,,194,FALSE
,,195,TRUE
,,196,FALSE
,,197,TRUE
,,198,FALSE
,,199,TRUE
,,200,FALSE
,,201,TRUE
,,202,FALSE
,,203,TRUE
,,204,FALSE
,,205,TRUE
,,206,FALSE
,,207,TRUE
,,208,FALSE
,,209,TRUE
,,210,FALSE
,,211,TRUE
,,212,FALSE
,,213,TRUE
,,214,FALSE
,,215,TRUE
,,216,FALSE
,,217,TRUE
,,218,FALSE
,,219,TRUE
,,220,FALSE
,,221,TRUE
,,222,FALSE
,,223,TRUE
,,224,FALSE
,,225,TRUE
,,226,FALSE
,,227,TRUE
,,228,FALSE
,,229,TRUE
,,230,FALSE
,,231,TRUE
,,232,FALSE
,,233,TRUE
,,234,FALSE
,,235,TRUE
,,236,FALSE
,,237,TRUE
,,238,FALSE
,,239,TRUE
,,240,FALSE
,,241,TRUE
,,242,FALSE
,,243,TRUE
,,244,FALSE
,,245,TRUE
,,246,FALSE
,,247,TRUE
,,248,FALSE
,,249,TRUE
,,250,FALSE
,,251,TRUE
,,252,FALSE
,,253,TRUE
,,254,FALSE
,,255,TRUE
,,256,FALSE
,,257,TRUE
,,258,FALSE
,,259,TRUE
,,260,FALSE
,,261,TRUE
,,262,FALSE
,,263,TRUE
,,264,FALSE
,,265,TRUE
,,266,FALSE
,,267,TRUE
,,268,FALSE
,,269,TRUE
,,270,FALSE
,,271,TRUE
,,272,FALSE
,,273,TRUE
,,274,FALSE
,,275,TRUE
,,276,FALSE
,,277,TRUE
,,278,FALSE
,,279,TRUE
,,280,FALSE
,,281,TRUE
,,282,FALSE
,,283,TRUE
,,284,FALSE
,,285,TRUE
,,286,FALSE
,,287,TRUE
,,288,FALSE
,,289,TRUE
,,290,FALSE
,,291,TRUE
,,292,FALSE
,,293,TRUE
,,294,FALSE
,,295,TRUE
,,296,FALSE
,,297,TRUE
,,298,FALSE
,,299,TRUE
,,300,FALSE
,,301,TRUE
,,302,FALSE
,,303,TRUE
,,304,FALSE
,,305,TRUE
,,306,FALSE
,,307,TRUE
,,308,FALSE
,,309,TRUE
,,310,FALSE
,,311,TRUE
,,312,FALSE
,,313,TRUE
,,314,FALSE
,,315,TRUE
,,316,FALSE
,,317,TRUE
,,318,FALSE
,,319,TRUE
,,320,FALSE
,,321,TRUE
,,322,FALSE
,,323,TRUE
,,324,FALSE
,,325,TRUE
,,326,FALSE
,,327,TRUE
,,328,FALSE
,,329,TRUE
,,330,FALSE
,,331,TRUE
,,332,FALSE
,,333,TRUE
,,334,FALSE
,,335,TRUE
,,336,FALSE
,,337,TRUE
,,338,FALSE
,,339,TRUE
,,340,FALSE
,,341,TRUE
,,342,FALSE
,,343,TRUE
,,344,FALSE
,,345,TRUE
,,346,FALSE
,,347,TRUE
,,348,FALSE
,,349,TRUE
,,350,FALSE
,,351,TRUE
,,352,FALSE
,,353,TRUE
,,354,FALSE
,,355,TRUE
,,356,FALSE
,,357,TRUE
,,358,FALSE
,,359,TRUE
,,360,FALSE
,,361,TRUE
,,362,FALSE
,,363,TRUE
,,364,FALSE
,,365,TRUE
,,366,FALSE
,,367,TRUE
,,368,FALSE
,,369,TRUE
,,370,FALSE
,,371,TRUE
,,372,FALSE
,,373,TRUE
,,374,FALSE
,,375,TRUE
,,376,FALSE
,,377,TRUE
,,378,FALSE
,,379,TRUE
,,380,FALSE
,,381,TRUE
,,382,FALSE
,,383,TRUE
,,384,FALSE
,,385,TRUE
,,386,FALSE
,,387,TRUE
,,388,FALSE
,,389,TRUE
,,390,FALSE
,,391,TRUE
,,392,FALSE
,,393,TRUE
,,394,FALSE
,,395,TRUE
,,396,FALSE
,,397,TRUE
,,398,FALSE
,,399,TRUE
,,400,FALSE
,,401,TRUE
,,402,FALSE
,,403,TRUE
,,404,FALSE
,,405,TRUE
,,406,FALSE
,,407,TRUE
,,408,FALSE
,,409,TRUE
,,410,FALSE
,,411,TRUE
,,412,FALSE
,,413,TRUE
,,414,FALSE
,,415,TRUE
,,416,FALSE
,,417,TRUE
,,418,FALSE
,,419,TRUE
,,420,FALSE
,,421,TRUE
,,422,FALSE
,,423,TRUE
,,424,FALSE
,,425,TRUE
,,426,FALSE
,,427,TRUE
,,428,FALSE
,,429,TRUE
,,430,FALSE
,,431,TRUE
,,432,FALSE
,,433,TRUE
,,434,FALSE
,,435,TRUE
,,436,FALSE
,,437,TRUE
,,438,FALSE
,,439,TRUE
,,440,FALSE
,,441,TRUE
,,442,FALSE
,,443,TRUE
,,444,FALSE
,,445,TRUE
,,446,FALSE
,,447,TRUE
,,448,FALSE
,,449,TRUE
,,450,FALSE
,,451,TRUE
,,452,FALSE
,,453,TRUE
,,454,FALSE
,,455,TRUE
,,456,FALSE
,,457,TRUE
,,458,FALSE
,,459,TRUE
,,460,FALSE
,,461,TRUE
,,462,FALSE
,,463,TRUE
,,464,FALSE
,,465,TRUE
,,466,FALSE
,,467,TRUE
,,468,FALSE
,,469,TRUE
,,470,FALSE
,,471,TRUE
,,472,FALSE
,,473,TRUE
,,474,FALSE
,,475,TRUE
,,476,FALSE
,,477,TRUE
,,478,FALSE
,,479,TRUE
,,480,FALSE
,,481,TRUE
,,482,FALSE
,,483,TRUE
,,484,FALSE
,,485,TRUE
,,486,FALSE
,,487,TRUE
,,488,FALSE
,,489,TRUE
,,490,FALSE
,,491,TRUE
,,492,FALSE
,,493,TRUE
,,494,FALSE
,,495,TRUE
,,496,FALSE
,,497,TRUE
,,498,FALSE
,,499,TRUE
,,500,FALSE
,,501,TRUE
,,502,FALSE
,,503,TRUE
,,504,FALSE
,,505,TRUE
,,506,FALSE
,,507,TRUE
,,508,FALSE
,,509,TRUE
,,510,FALSE
,,511,TRUE
,,512,FALSE
,,513,TRUE
,,514,FALSE
,,515,TRUE
,,516,FALSE
,,517,TRUE
,,518,FALSE
,,519,TRUE
,,520,FALSE
,,521,TRUE
,,522,FALSE
,,523,TRUE
,,524,FALSE
,,525,TRUE
,,526,FALSE
,,527,TRUE
,,528,FALSE
,,529,TRUE
,,530,FALSE
,,531,TRUE
,,532,FALSE
,,533,TRUE
,,534,FALSE
,,535,TRUE
,,536,FALSE
,,537,TRUE
,,538,FALSE
,,539,TRUE
,,540,FALSE
,,541,TRUE
,,542,FALSE
,,543,TRUE
,,544,FALSE
,,545,TRUE
,,546,FALSE
,,547,TRUE
,,548,FALSE
,,549,TRUE
,,550,FALSE
,,551,TRUE
,,552,FALSE
,,553,TRUE
,,554,FALSE
,,555,TRUE
,,556,FALSE
,,557,TRUE
,,558,FALSE
,,559,TRUE
,,560,FALSE
,,561,TRUE
,,562,FALSE
,,563,TRUE
,,564,FALSE
,,565,TRUE
,,566,FALSE
,,567,TRUE
,,568,FALSE
,,569,TRUE
,,570,FALSE
,,571,TRUE
,,572,FALSE
,,573,TRUE
,,574,FALSE
,,575,TRUE
,,576,FALSE
,,577,TRUE
,,578,FALSE
,,579,TRUE
,,580,FALSE
,,581,TRUE
,,582,FALSE
,,583,TRUE
,,584,FALSE
,,585,TRUE
,,586,FALSE
,,587,TRUE
,,588,FALSE
,,589,TRUE
,,590,FALSE
,,591,TRUE
,,592,FALSE
,,593,TRUE
,,594,FALSE
,,595,TRUE
,,596,FALSE
,,597,TRUE
,,598,FALSE
,,599,TRUE
,,600,FALSE
,,601,TRUE
,,602,FALSE
,,603,TRUE
,,604,FALSE
,,605,TRUE
,,606,FALSE
,,607,TRUE
,,608,FALSE
,,609,TRUE
,,610,FALSE
,,611,TRUE
,,612,FALSE
,,613,TRUE
,,614,FALSE
,,615,TRUE
,,616,FALSE
,,617,TRUE
,,618,FALSE
,,619,TRUE
,,620,FALSE
,,621,TRUE
,,622,FALSE
,,623,TRUE
,,624,FALSE
,,625,TRUE
,,626,FALSE
,,627,TRUE
,,628,FALSE
,,629,TRUE
,,630,FALSE
,,631,TRUE
,,632,FALSE
,,633,TRUE
,,634,FALSE
,,635,TRUE
,,636,FALSE
,,637,TRUE
,,638,FALSE
,,639,TRUE
,,640,FALSE
,,641,TRUE
,,642,FALSE
,,643,TRUE
,,644,FALSE
,,645,TRUE
,,646,FALSE
,,647,TRUE
,,648,FALSE
,,649,TRUE
,,650,FALSE
,,651,TRUE
,,652,FALSE
,,653,TRUE
,,654,FALSE
,,655,TRUE
,,656,FALSE
,,657,TRUE
,,658,FALSE
,,659,TRUE
,,660,FALSE
,,661,TRUE
,,662,FALSE
,,663,TRUE
,,664,FALSE
,,665,TRUE
,,666,FALSE
,,667,TRUE
,,668,FALSE
,,669,TRUE
,,670,FALSE
,,671,TRUE
,,672,FALSE
,,673,TRUE
,,674,FALSE
,,675,TRUE
,,676,FALSE
,,677,TRUE
,,678,FALSE
,,679,TRUE
,,680,FALSE
,,681,TRUE
,,682,FALSE
,,683,TRUE
,,684,FALSE
,,685,TRUE
,,686,FALSE
,,687,TRUE
,,688,FALSE
,,689,TRUE
,,690,FALSE
,,691,TRUE
,,692,FALSE
,,693,TRUE
,,694,FALSE
,,695,TRUE
,,696,FALSE
,,697,TRUE
,,698,FALSE
,,699,TRUE
,,700,FALSE
,,701,TRUE
,,702,FALSE
,,703,TRUE
,,704,FALSE
,,705,TRUE
,,706,FALSE
,,707,TRUE
,,708,FALSE
,,709,TRUE
,,710,FALSE
,,711,TRUE
,,712,FALSE
,,713,TRUE
,,714,FALSE
,,715,TRUE
,,716,FALSE
,,717,TRUE
,,718,FALSE
,,719,TRUE
,,720,FALSE
,,721,TRUE
,,722,FALSE
,,723,TRUE
,,724,FALSE
,,725,TRUE
,,726,FALSE
,,727,TRUE
,,728,FALSE
,,729,TRUE
,,730,FALSE
,,731,TRUE
,,732,FALSE
,,733,TRUE
,,734,FALSE
,,735,TRUE
,,736,FALSE
,,737,TRUE
,,738,FALSE
,,739,TRUE
,,740,FALSE
,,741,TRUE
,,742,FALSE
,,743,TRUE
,,744,FALSE
,,745,TRUE
,,746,FALSE
,,747,TRUE
,,748,FALSE
,,749,TRUE
,,750,FALSE
,,751,TRUE
,,752,FALSE
,,753,TRUE
,,754,FALSE
,,755,TRUE
,,756,FALSE
,,757,TRUE
,,758,FALSE
,,759,TRUE
,,760,FALSE
,,761,TRUE
,,762,FALSE
,,763,TRUE
,,764,FALSE
,,765,TRUE
,,766,FALSE
,,767,TRUE
,,768,FALSE
,,769,TRUE
,,770,FALSE
,,771,TRUE
,,772,FALSE
,,773,TRUE
,,774,FALSE
,,775,TRUE
,,776,FALSE
,,777,TRUE
,,778,FALSE
,,779,TRUE
,,780,FALSE
,,781,TRUE
,,782,FALSE
,,783,TRUE
,,784,FALSE
,,785,TRUE
,,786,FALSE
,,787,TRUE
,,788,FALSE
,,789,TRUE
,,790,FALSE
,,791,TRUE
,,792,FALSE
,,793,TRUE
,,794,FALSE
,,795,TRUE
,,796,FALSE
,,797,TRUE
,,798,FALSE
,,799,TRUE
,,800,FALSE
,,801,TRUE
,,802,FALSE
,,803,TRUE
,,804,FALSE
,,805,TRUE
,,806,FALSE
,,807,TRUE
,,808,FALSE
,,809,TRUE
,,810,FALSE
,,811,TRUE
,,812,FALSE
,,813,TRUE
,,814,FALSE
,,815,TRUE
,,816,FALSE
,,817,TRUE
,,818,FALSE
,,819,TRUE
,,820,FALSE
,,821,TRUE
,,822,FALSE
,,823,TRUE
,,824,FALSE
,,825,TRUE
,,826,FALSE
,,827,TRUE
,,828,FALSE
,,829,TRUE
,,830,FALSE
,,831,TRUE
,,832,FALSE
,,833,TRUE
,,834,FALSE
,,835,TRUE
,,836,FALSE
,,837,TRUE
,,838,FALSE
,,839,TRUE
,,840,FALSE
,,841,TRUE
,,842,FALSE
,,843,TRUE
,,844,FALSE
,,845,TRUE
,,846,FALSE
,,847,TRUE
,,848,FALSE
,,849,TRUE
,,850,FALSE
,,851,TRUE
,,852,FALSE
,,853,TRUE
,,854,FALSE
,,855,TRUE
,,856,FALSE
,,857,TRUE
,,858,FALSE
,,859,TRUE
,,860,FALSE
,,861,TRUE
,,862,FALSE
,,863,TRUE
,,864,FALSE
,,865,TRUE
,,866,FALSE
,,867,TRUE
,,868,FALSE
,,869,TRUE
,,870,FALSE
,,871,TRUE
,,872,FALSE
,,873,TRUE
,,874,FALSE
,,875,TRUE
,,876,FALSE
,,877,TRUE
,,878,FALSE
,,879,TRUE
,,880,FALSE
,,881,TRUE
,,882,FALSE
,,883,TRUE
,,884,FALSE
,,885,TRUE
,,886,FALSE
,,887,TRUE
,,888,FALSE
,,889,TRUE
,,890,FALSE
,,891,TRUE
,,892,FALSE
,,893,TRUE
,,894,FALSE
,,895,TRUE
,,896,FALSE
,,897,TRUE
,,898,FALSE
,,899,TRUE
,,900,FALSE
,,901,TRUE
,,902,FALSE
,,903,TRUE
,,904,FALSE
,,905,TRUE
,,906,FALSE
,,907,TRUE
,,908,FALSE
,,909,TRUE
,,910,FALSE
,,911,TRUE
,,912,FALSE
,,913,TRUE
,,914,FALSE
,,915,TRUE
,,916,FALSE
,,917,TRUE
,,918,FALSE
,,919,TRUE
,,920,FALSE
,,921,TRUE
,,922,FALSE
,,923,TRUE
,,924,FALSE
,,925,TRUE
,,926,FALSE
,,927,TRUE
,,928,FALSE
,,929,TRUE
,,930,FALSE
,,931,TRUE
,,932,FALSE
,,933,TRUE
,,934,FALSE
,,935,TRUE
,,936,FALSE
,,937,TRUE
,,938,FALSE
,,939,TRUE
,,940,FALSE
,,941,TRUE
,,942,FALSE
,,943,TRUE
,,944,FALSE
,,945,TRUE
,,946,FALSE
,,947,TRUE
,,948,FALSE
,,949,TRUE
,,950,FALSE
,,951,TRUE
,,952,FALSE
,,953,TRUE
,,954,FALSE
,,955,TRUE
,,956,FALSE
,,957,TRUE
,,958,FALSE
,,959,TRUE
,,960,FALSE
,,961,TRUE
,,962,FALSE
,,963,TRUE
,,964,FALSE
,,965,TRUE
,,966,FALSE
,,967,TRUE
,,968,FALSE
,,969,TRUE
,,970,FALSE
,,971,TRUE
,,972,FALSE
,,973,TRUE
,,974,FALSE
,,975,TRUE
,,976,FALSE
,,977,TRUE
,,978,FALSE
,,979,TRUE
,,980,FALSE
,,981,TRUE
,,982,FALSE
,,983,TRUE
,,984,FALSE
,,985,TRUE
,,986,FALSE
,,987,TRUE
,,988,FALSE
,,989,TRUE
,,990,FALSE
,,991,TRUE
,,992,FALSE
,,993,TRUE
,,994,FALSE
,,995,TRUE
,,996,FALSE
,,997,TRUE
,,998,FALSE
,,999,TRUE
,,1000,FALSE
,,1001,TRUE
,,1002,FALSE
,,1003,TRUE
,,1004,FALSE
,,1005,TRUE
,,1006,FALSE
,,1007,TRUE
,,1008,FALSE
,,1009,TRUE
,,1010,FALSE
,,1011,TRUE
,,1012,FALSE
,,1013,TRUE
,,1014,FALSE
,,1015,TRUE
,,1016,FALSE
,,1017,TRUE
,,1018,FALSE
,,1019,TRUE
,,1020,FALSE
,,1021,TRUE
,,1022,FALSE
,,1023,TRUE
,,1024,FALSE
,,1025,TRUE
,,1026,FALSE
,,1027,TRUE
,,1028,FALSE
,,1029,TRUE
,,1030,FALSE
,,1031,TRUE
,,1032,FALSE
,,1033,TRUE
,,1034,FALSE
,,1035,TRUE
,,1036,FALSE
,,1037,TRUE
,,1038,FALSE
,,1039,TRUE
,,1040,FALSE
,,1041,TRUE
,,1042,FALSE
,,1043,TRUE
,,1044,FALSE
,,1045,TRUE
,,1046,FALSE
,,1047,TRUE
,,1048,FALSE
,,1049,TRUE
,,1050,FALSE
,,1051,TRUE
,,1052,FALSE
,,1053,TRUE
,,1054,FALSE
,,1055,TRUE
,,1056,FALSE
,,1057,TRUE
,,1058,FALSE
,,1059,TRUE
,,1060,FALSE
,,1061,TRUE
,,1062,FALSE
,,1063,TRUE
,,1064,FALSE
,,1065,TRUE
,,1066,FALSE
,,1067,TRUE
,,1068,FALSE
,,1069,TRUE
,,1070,FALSE
,,1071,TRUE
,,1072,FALSE
,,1073,TRUE
,,1074,FALSE
,,1075,TRUE
,,1076,FALSE
,,1077,TRUE
,,1078,FALSE
,,1079,TRUE
,,1080,FALSE
,,1081,TRUE
,,1082,FALSE
,,1083,TRUE
,,1084,FALSE
,,1085,TRUE
,,1086,FALSE
,,1087,TRUE
,,1088,FALSE
,,1089,TRUE
,,1090,FALSE
,,1091,TRUE
,,1092,FALSE
,,1093,TRUE
,,1094,FALSE
,,1095,TRUE
,,1096,FALSE
,,1097,TRUE
,,1098,FALSE
,,1099,TRUE
,,1100,FALSE
,,1101,TRUE
,,1102,FALSE
,,1103,TRUE
,,1104,FALSE
,,1105,TRUE
,,1106,FALSE
,,1107,TRUE
,,1108,FALSE
,,1109,TRUE
,,1110,FALSE
,,1111,TRUE
,,1112,FALSE
,,1113,TRUE
,,1114,FALSE
,,1115,TRUE
,,1116,FALSE
,,1117,TRUE
,,1118,FALSE
,,1119,TRUE
,,1120,FALSE
,,1121,TRUE
,,1122,FALSE
,,1123,TRUE
,,1124,FALSE
,,1125,TRUE
,,1126,FALSE
,,1127,TRUE
,,1128,FALSE
,,1129,TRUE
,,1130,FALSE
,,1131,TRUE
,,1132,FALSE
,,1133,TRUE
,,1134,FALSE
,,1135,TRUE
,,1136,FALSE
,,1137,TRUE
,,1138,FALSE
,,1139,TRUE
,,1140,FALSE
,,1141,TRUE
,,1142,FALSE
,,1143,TRUE
,,1144,FALSE
,,1145,TRUE
,,1146,FALSE
,,1147,TRUE
,,1148,FALSE
,,1149,TRUE
,,1150,FALSE
,,1151,TRUE
,,1152,FALSE
,,1153,TRUE
,,1154,FALSE
,,1155,TRUE
,,1156,FALSE
,,1157,TRUE
,,1158,FALSE
,,1159,TRUE
,,1160,FALSE
,,1161,TRUE
,,1162,FALSE
,,1163,TRUE
,,1164,FALSE
,,1165,TRUE
,,1166,FALSE
,,1167,TRUE
,,1168,FALSE
,,1169,TRUE
,,1170,FALSE
,,1171,TRUE
,,1172,FALSE
,,1173,TRUE
,,1174,FALSE
,,1175,TRUE
,,1176,FALSE
,,1177,TRUE
,,1178,FALSE
,,1179,TRUE
,,1180,FALSE
,,1181,TRUE
,,1182,FALSE
,,1183,TRUE
,,1184,FALSE
,,1185,TRUE
,,1186,FALSE
,,1187,TRUE
,,1188,FALSE
,,1189,TRUE
,,1190,FALSE
,,1191,TRUE
,,1192,FALSE
,,1193,TRUE
,,1194,FALSE
,,1195,TRUE
,,1196,FALSE
,,1197,TRUE
,,1198,FALSE
,,1199,TRUE
,,1200,FALSE
,,1201,TRUE
,,1202,FALSE
,,1203,TRUE
,,1204,FALSE
,,1205,TRUE
,,1206,FALSE
,,1207,TRUE
,,1208,FALSE
,,1209,TRUE
,,1210,FALSE
,,1211,TRUE
,,1212,FALSE
,,1213,TRUE
,,1214,FALSE
,,1215,TRUE
,,1216,FALSE
,,1217,TRUE
,,1218,FALSE
,,1219,TRUE
,,1220,FALSE
,,1221,TRUE
,,1222,FALSE
,,1223,TRUE
,,1224,FALSE
,,1225,TRUE
,,1226,FALSE
,,1227,TRUE
,,1228,FALSE
,,1229,TRUE
,,1230,FALSE
,,1231,TRUE
,,1232,FALSE
,,1233,TRUE
,,1234,FALSE
,,1235,TRUE
,,1236,FALSE
,,1237,TRUE
,,1238,FALSE
,,1239,TRUE
,,1240,FALSE
,,1241,TRUE
,,1242,FALSE
,,1243,TRUE
,,1244,FALSE
,,1245,TRUE
,,1246,FALSE
,,1247,TRUE
,,1248,FALSE
,,1249,TRUE
,,1250,FALSE
,,1251,TRUE
,,1252,FALSE
,,1253,TRUE
,,1254,FALSE
,,1255,TRUE
,,1256,FALSE
,,1257,TRUE
,,1258,FALSE
,,1259,TRUE
,,1260,FALSE
,,1261,TRUE
,,1262,FALSE
,,1263,TRUE
,,1264,FALSE
,,1265,TRUE
,,1266,FALSE
,,1267,TRUE
,,1268,FALSE
,,1269,TRUE
,,1270,FALSE
,,1271,TRUE
,,1272,FALSE
,,1273,TRUE
,,1274,FALSE
,,1275,TRUE
,,1276,FALSE
,,1277,TRUE
,,1278,FALSE
,,1279,TRUE
,,1280,FALSE
,,1281,TRUE
,,1282,FALSE
,,1283,TRUE
,,1284,FALSE
,,1285,TRUE
,,1286,FALSE
,,1287,TRUE
,,1288,FALSE
,,1289,TRUE
,,1290,FALSE
,,1291,TRUE
,,1292,FALSE
,,1293,TRUE
,,1294,FALSE
,,1295,TRUE
,,1296,FALSE
,,1297,TRUE
,,1298,FALSE
,,1299,TRUE
,,1300,FALSE
,,1301,TRUE
,,1302,FALSE
,,1303,TRUE
,,1304,FALSE
,,1305,TRUE
,,1306,FALSE
,,1307,TRUE
,,1308,FALSE
,,1309,TRUE
,,1310,FALSE
,,1311,TRUE
,,1312,FALSE
,,1313,TRUE
,,1314,FALSE
,,1315,TRUE
,,1316,FALSE
,,1317,TRUE
,,1318,FALSE
,,1319,TRUE
,,1320,FALSE
,,1321,TRUE
,,1322,FALSE
,,1323,TRUE
,,1324,FALSE
,,1325,TRUE
,,1326,FALSE
,,1327,TRUE
,,1328,FALSE
,,1329,TRUE
,,1330,FALSE
,,1331,TRUE
,,1332,FALSE
,,1333,TRUE
,,1334,FALSE
,,1335,TRUE
,,1336,FALSE
,,1337,TRUE
,,1338,FALSE
,,1339,TRUE
,,1340,FALSE
,,1341,TRUE
,,1342,FALSE
,,1343,TRUE
,,1344,FALSE
,,1345,TRUE
,,1346,FALSE
,,1347,TRUE
,,1348,FALSE
,,1349,TRUE
,,1350,FALSE
,,1351,TRUE
,,1352,FALSE
,,1353,TRUE
,,1354,FALSE
,,1355,TRUE
,,1356,FALSE
,,1357,TRUE
,,1358,FALSE
,,1359,TRUE
,,1360,FALSE
,,1361,TRUE
,,1362,FALSE
,,1363,TRUE
,,1364,FALSE
,,1365,TRUE
,,1366,FALSE
,,1367,TRUE
,,1368,FALSE
,,1369,TRUE
,,1370,FALSE
,,1371,TRUE
,,1372,FALSE
,,1373,TRUE
,,1374,FALSE
,,1375,TRUE
,,1376,FALSE
,,1377,TRUE
,,1378,FALSE
,,1379,TRUE
,,1380,FALSE
,,1381,TRUE
,,1382,FALSE
,,1383,TRUE
,,1384,FALSE
,,1385,TRUE
,,1386,FALSE
,,1387,TRUE
,,1388,FALSE
,,1389,TRUE
,,1390,FALSE
,,1391,TRUE
,,1392,FALSE
,,1393,TRUE
,,1394,FALSE
,,1395,TRUE
,,1396,FALSE
,,1397,TRUE
,,1398,FALSE
,,1399,TRUE
,,1400,FALSE
,,1401,TRUE
,,1402,FALSE
,,1403,TRUE
,,1404,FALSE
,,1405,TRUE
,,1406,FALSE
,,1407,TRUE
,,1408,FALSE
,,1409,TRUE
,,1410,FALSE
,,1411,TRUE
,,1412,FALSE
,,1413,TRUE
,,1414,FALSE
,,1415,TRUE
,,1416,FALSE
,,1417,TRUE
,,1418,FALSE
,,1419,TRUE
,,1420,FALSE
,,1421,TRUE
,,1422,FALSE
,,1423,TRUE
,,1424,FALSE
,,1425,TRUE
,,1426,FALSE
,,1427,TRUE
,,1428,FALSE
,,1429,TRUE
,,1430,FALSE
,,1431,TRUE
,,1432,FALSE
,,1433,TRUE
,,1434,FALSE
,,1435,TRUE
,,1436,FALSE
,,1437,TRUE
,,1438,FALSE
,,1439,TRUE
,,1440,FALSE
,,1441,TRUE
,,1442,FALSE
,,1443,TRUE
,,1444,FALSE
,,1445,TRUE
,,1446,FALSE
,,1447,TRUE
,,1448,FALSE
,,1449,TRUE
,,1450,FALSE
,,1451,TRUE
,,1452,FALSE
,,1453,TRUE
,,1454,FALSE
,,1455,TRUE
,,1456,FALSE
,,1457,TRUE
,,1458,FALSE
,,1459,TRUE
,,1460,FALSE
,,1461,TRUE
,,1462,FALSE
,,1463,TRUE
,,1464,FALSE
,,1465,TRUE
,,1466,FALSE
,,1467,TRUE
,,1468,FALSE
,,1469,TRUE
,,1470,FALSE
,,1471,TRUE
,,1472,FALSE
,,1473,TRUE
,,1474,FALSE
,,1475,TRUE
,,1476,FALSE
,,1477,TRUE
,,1478,FALSE
,,1479,TRUE
,,1480,FALSE
,,1481,TRUE
,,1482,FALSE
,,1483,TRUE
,,1484,FALSE
,,1485,TRUE
,,1486,FALSE
,,1487,TRUE
,,1488,FALSE
,,1489,TRUE
,,1490,FALSE
,,1491,TRUE
,,1492,FALSE
,,1493,TRUE
,,1494,FALSE
,,1495,TRUE
,,1496,FALSE
,,1497,TRUE
,,1498,FALSE
,,1499,TRUE
,,1500,FALSE
,,1501,TRUE
,,1502,FALSE
,,1503,TRUE
,,1504,FALSE
,,1505,TRUE
,,1506,FALSE
,,1507,TRUE
,,1508,FALSE
,,1509,TRUE
,,1510,FALSE
,,1511,TRUE
,,1512,FALSE
,,1513,TRUE
,,1514,FALSE
,,1515,TRUE
,,1516,FALSE
,,1517,TRUE
,,1518,FALSE
,,1519,TRUE
,,1520,FALSE
,,1521,TRUE
,,1522,FALSE
,,1523,TRUE
,,1524,FALSE
,,1525,TRUE
,,1526,FALSE
,,1527,TRUE
,,1528,FALSE
,,1529,TRUE
,,1530,FALSE
,,1531,TRUE
,,1532,FALSE
,,1533,TRUE
,,1534,FALSE
,,1535,TRUE
,,1536,FALSE
,,1537,TRUE
,,1538,FALSE
,,1539,TRUE
,,1540,FALSE
,,1541,TRUE
,,1542,FALSE
,,1543,TRUE
,,1544,FALSE
,,1545,TRUE
,,1546,FALSE
,,1547,TRUE
,,1548,FALSE
,,1549,TRUE
,,1550,FALSE
,,1551,TRUE
,,1552,FALSE
,,1553,TRUE
,,1554,FALSE
,,1555,TRUE
,,1556,FALSE
,,1557,TRUE
,,1558,FALSE
,,1559,TRUE
,,1560,FALSE
,,1561,TRUE
,,1562,FALSE
,,1563,TRUE
,,1564,FALSE
,,1565,TRUE
,,1566,FALSE
,,1567,TRUE
,,1568,FALSE
,,1569,TRUE
,,1570,FALSE
,,1571,TRUE
,,1572,FALSE
,,1573,TRUE
,,1574,FALSE
,,1575,TRUE
,,1576,FALSE
,,1577,TRUE
,,1578,FALSE
,,1579,TRUE
,,1580,FALSE
,,1581,TRUE
,,1582,FALSE
,,1583,TRUE
,,1584,FALSE
,,1585,TRUE
,,1586,FALSE
,,1587,TRUE
,,1588,FALSE
,,1589,TRUE
,,1590,FALSE
,,1591,TRUE
,,1592,FALSE
,,1593,TRUE
,,1594,FALSE
,,1595,TRUE
,,1596,FALSE
,,1597,TRUE
,,1598,FALSE
,,1599,TRUE
,,1600,FALSE
,,1601,TRUE
,,1602,FALSE
,,1603,TRUE
,,1604,FALSE
,,1605,TRUE
,,1606,FALSE
,,1607,TRUE
,,1608,FALSE
,,1609,TRUE
,,1610,FALSE
,,1611,TRUE
,,1612,FALSE
,,1613,TRUE
,,1614,FALSE
,,1615,TRUE
,,1616,FALSE
,,1617,TRUE
,,1618,FALSE
,,1619,TRUE
,,1620,FALSE
,,1621,TRUE
,,1622,FALSE
,,1623,TRUE
,,1624,FALSE
,,1625,TRUE
,,1626,FALSE
,,1627,TRUE
,,1628,FALSE
,,1629,TRUE
,,1630,FALSE
,,1631,TRUE
,,1632,FALSE
,,1633,TRUE
,,1634,FALSE
,,1635,TRUE
,,1636,FALSE
,,1637,TRUE
,,1638,FALSE
,,1639,TRUE
,,1640,FALSE
,,1641,TRUE
,,1642,FALSE
,,1643,TRUE
,,1644,FALSE
,,1645,TRUE
,,1646,FALSE
,,1647,TRUE
,,1648,FALSE
,,1649,TRUE
,,1650,FALSE
,,1651,TRUE
,,1652,FALSE
,,1653,TRUE
,,1654,FALSE
,,1655,TRUE
,,1656,FALSE
,,1657,TRUE
,,1658,FALSE
,,1659,TRUE
,,1660,FALSE
,,1661,TRUE
,,1662,FALSE
,,1663,TRUE
,,1664,FALSE
,,1665,TRUE
,,1666,FALSE
,,1667,TRUE
,,1668,FALSE
,,1669,TRUE
,,1670,FALSE
,,1671,TRUE
,,1672,FALSE
,,1673,TRUE
,,1674,FALSE
,,1675,TRUE
,,1676,FALSE
,,1677,TRUE
,,1678,FALSE
,,1679,TRUE
,,1680,FALSE
,,1681,TRUE
,,1682,FALSE
,,1683,TRUE
,,1684,FALSE
,,1685,TRUE
,,1686,FALSE
,,1687,TRUE
,,1688,FALSE
,,1689,TRUE
,,1690,FALSE
,,1691,TRUE
,,1692,FALSE
,,1693,TRUE
,,1694,FALSE
,,1695,TRUE
,,1696,FALSE
,,1697,TRUE
,,1698,FALSE
,,1699,TRUE
,,1700,FALSE
,,1701,TRUE
,,1702,FALSE
,,1703,TRUE
,,1704,FALSE
,,1705,TRUE
,,1706,FALSE
,,1707,TRUE
,,1708,FALSE
,,1709,TRUE
,,1710,FALSE
,,1711,TRUE
,,1712,FALSE
,,1713,TRUE
,,1714,FALSE
,,1715,TRUE
,,1716,FALSE
,,1717,TRUE
,,1718,FALSE
,,1719,TRUE
,,1720,FALSE
,,1721,TRUE
,,1722,FALSE
,,1723,TRUE
,,1724,FALSE
,,1725,TRUE
,,1726,FALSE
,,1727,TRUE
,,1728,FALSE
,,1729,TRUE
,,1730,FALSE
,,1731,TRUE
,,1732,FALSE
,,1733,TRUE
,,1734,FALSE
,,1735,TRUE
,,1736,FALSE
,,1737,TRUE
,,1738,FALSE
,,1739,TRUE
,,1740,FALSE
,,1741,TRUE
,,1742,FALSE
,,1743,TRUE
,,1744,FALSE
,,1745,TRUE
,,1746,FALSE
,,1747,TRUE
,,1748,FALSE
,,1749,TRUE
,,1750,FALSE
,,1751,TRUE
,,1752,FALSE
,,1753,TRUE
,,1754,FALSE
,,1755,TRUE
,,1756,FALSE
,,1757,TRUE
,,1758,FALSE
,,1759,TRUE
,,1760,FALSE
,,1761,TRUE
,,1762,FALSE
,,1763,TRUE
,,1764,FALSE
,,1765,TRUE
,,1766,FALSE
,,1767,TRUE
,,1768,FALSE
,,1769,TRUE
,,1770,FALSE
,,1771,TRUE
,,1772,FALSE
,,1773,TRUE
,,1774,FALSE
,,1775,TRUE
,,1776,FALSE
,,1777,TRUE
,,1778,FALSE
,,1779,TRUE
,,1780,FALSE
,,1781,TRUE
,,1782,FALSE
,,1783,TRUE
,,1784,FALSE
,,1785,TRUE
,,1786,FALSE
,,1787,TRUE
,,1788,FALSE
,,1789,TRUE
,,1790,FALSE
,,1791,TRUE
,,1792,FALSE
,,1793,TRUE
,,1794,FALSE
,,1795,TRUE
,,1796,FALSE
,,1797,TRUE
,,1798,FALSE
,,1799,TRUE
,,1800,FALSE
,,1801,TRUE
,,1802,FALSE
,,1803,TRUE
,,1804,FALSE
,,1805,TRUE
,,1806,FALSE
,,1807,TRUE
,,1808,FALSE
,,1809,TRUE
,,1810,FALSE
,,1811,TRUE
,,1812,FALSE
,,1813,TRUE
,,1814,FALSE
,,1815,TRUE
,,1816,FALSE
,,1817,TRUE
,,1818,FALSE
,,1819,TRUE
,,1820,FALSE
,,1821,TRUE
,,1822,FALSE
,,1823,TRUE
,,1824,FALSE
,,1825,TRUE
,,1826,FALSE
,,1827,TRUE
,,1828,FALSE
,,1829,TRUE
,,1830,FALSE
,,1831,TRUE
,,1832,FALSE
,,1833,TRUE
,,1834,FALSE
,,1835,TRUE
,,1836,FALSE
,,1837,TRUE
,,1838,FALSE
,,1839,TRUE
,,1840,FALSE
,,1841,TRUE
,,1842,FALSE
,,1843,TRUE
,,1844,FALSE
,,1845,TRUE
,,1846,FALSE
,,1847,TRUE
,,1848,FALSE
,,1849,TRUE
,,1850,FALSE
,,1851,TRUE
,,1852,FALSE
,,1853,TRUE
,,1854,FALSE
,,1855,TRUE
,,1856,FALSE
,,1857,TRUE
,,1858,FALSE
,,1859,TRUE
,,1860,FALSE
,,1861,TRUE
,,1862,FALSE
,,1863,TRUE
,,1864,FALSE
,,1865,TRUE
,,1866,FALSE
,,1867,TRUE
,,1868,FALSE
,,1869,TRUE
,,1870,FALSE
,,1871,TRUE
,,1872,FALSE
,,1873,TRUE
,,1874,FALSE
,,1875,TRUE
,,1876,FALSE
,,1877,TRUE
,,1878,FALSE
,,1879,TRUE
,,1880,FALSE
,,1881,TRUE
,,1882,FALSE
,,1883,TRUE
,,1884,FALSE
,,1885,TRUE
,,1886,FALSE
,,1887,TRUE
,,1888,FALSE
,,1889,TRUE
,,1890,FALSE
,,1891,TRUE
,,1892,FALSE
,,1893,TRUE
,,1894,FALSE
,,1895,TRUE
,,1896,FALSE
,,1897,TRUE
,,1898,FALSE
,,1899,TRUE
,,1900,FALSE
,,1901,TRUE
,,1902,FALSE
,,1903,TRUE
,,1904,FALSE
,,1905,TRUE
,,1906,FALSE
,,1907,TRUE
,,1908,FALSE
,,1909,TRUE
,,1910,FALSE
,,1911,TRUE
,,1912,FALSE
,,1913,TRUE
,,1914,FALSE
,,1915,TRUE
,,1916,FALSE
,,1917,TRUE
,,1918,FALSE
,,1919,TRUE
,,1920,FALSE
,,1921,TRUE
,,1922,FALSE
,,1923,TRUE
,,1924,FALSE
,,1925,TRUE
,,1926,FALSE
,,1927,TRUE
,,1928,FALSE
,,1929,TRUE
,,1930,FALSE
,,1931,TRUE
,,1932,FALSE
,,1933,TRUE
,,1934,FALSE
,,1935,TRUE
,,1936,FALSE
,,1937,TRUE
,,1938,FALSE
,,1939,TRUE
,,1940,FALSE
,,1941,TRUE
,,1942,FALSE
,,1943,TRUE
,,1944,FALSE
,,1945,TRUE
,,1946,FALSE
,,1947,TRUE
,,1948,FALSE
,,1949,TRUE
,,1950,FALSE
,,1951,TRUE
,,1952,FALSE
,,1953,TRUE
,,1954,FALSE
,,1955,TRUE
,,1956,FALSE
,,1957,TRUE
,,1958,FALSE
,,1959,TRUE
,,1960,FALSE
,,1961,TRUE
,,1962,FALSE
,,1963,TRUE
,,1964,FALSE
,,1965,TRUE
,,1966,FALSE
,,1967,TRUE
,,1968,FALSE
,,1969,TRUE
,,1970,FALSE
,,1971,TRUE
,,1972,FALSE
,,1973,TRUE
,,1974,FALSE
,,1975,TRUE
,,1976,FALSE
,,1977,TRUE
,,1978,FALSE
,,1979,TRUE
,,1980,FALSE
,,1981,TRUE
,,1982,FALSE
,,1983,TRUE
,,1984,FALSE
,,1985,TRUE
,,1986,FALSE
,,1987,TRUE
,,1988,FALSE
,,1989,TRUE
,,1990,FALSE
,,1991,TRUE
,,1992,FALSE
,,1993,TRUE
,,1994,FALSE
,,1995,TRUE
,,1996,FALSE
,,1997,TRUE
,,1998,FALSE
,,1999,TRUE
,,2000,FALSE
,,2001,TRUE
,,2002,FALSE
,,2003,TRUE
,,2004,FALSE
,,2005,TRUE
,,2006,FALSE
,,2007,TRUE
,,2008,FALSE
,,2009,TRUE
,,2010,FALSE
,,2011,TRUE
,,2012,FALSE
,,2013,TRUE
,,2014,FALSE
,,2015,TRUE
,,2016,FALSE
,,2017,TRUE
,,2018,FALSE
,,2019,TRUE
,,2020,FALSE
,,2021,TRUE
,,2022,FALSE
,,2023,TRUE
,,2024,FALSE
,,2025,TRUE
,,2026,FALSE
,,2027,TRUE
,,2028,FALSE
,,2029,TRUE
,,2030,FALSE
,,2031,TRUE
,,2032,FALSE
,,2033,TRUE
,,2034,FALSE
,,2035,TRUE
,,2036,FALSE
,,2037,TRUE
,,2038,FALSE
,,2039,TRUE
,,2040,FALSE
,,2041,TRUE
,,2042,FALSE
,,2043,TRUE
,,2044,FALSE
,,2045,TRUE
,,2046,FALSE
,,2047,TRUE
,,2048,FALSE
,,2049,TRUE
,,2050,FALSE
,,2051,TRUE
,,2052,FALSE
,,2053,TRUE
,,2054,FALSE
,,2055,TRUE
,,2056,FALSE
,,2057,TRUE
,,2058,FALSE
,,2059,TRUE
,,2060,FALSE
,,2061,TRUE
,,2062,FALSE
,,2063,TRUE
,,2064,FALSE
,,2065,TRUE
,,2066,FALSE
,,2067,TRUE
,,2068,FALSE
,,2069,TRUE
,,2070,FALSE
,,2071,TRUE
,,2072,FALSE
,,2073,TRUE
,,2074,FALSE
,,2075,TRUE
,,2076,FALSE
,,2077,TRUE
,,2078,FALSE
,,2079,TRUE
,,2080,FALSE
,,2081,TRUE
,,2082,FALSE
,,2083,TRUE
,,2084,FALSE
,,2085,TRUE
,,2086,FALSE
,,2087,TRUE
,,2088,FALSE
,,2089,TRUE
,,2090,FALSE
,,2091,TRUE
,,2092,FALSE
,,2093,TRUE
,,2094,FALSE
,,2095,TRUE
,,2096,FALSE
,,2097,TRUE
,,2098,FALSE
,,2099,TRUE
,,2100,FALSE
,,2101,TRUE
,,2102,FALSE
,,2103,TRUE
,,2104,FALSE
,,2105,TRUE
,,2106,FALSE
,,2107,TRUE
,,2108,FALSE
,,2109,TRUE
,,2110,FALSE
,,2111,TRUE
,,2112,FALSE
,,2113,TRUE
,,2114,FALSE
,,2115,TRUE
,,2116,FALSE
,,2117,TRUE
,,2118,FALSE
,,2119,TRUE
,,2120,FALSE
,,2121,TRUE
,,2122,FALSE
,,2123,TRUE
,,2124,FALSE
,,2125,TRUE
,,2126,FALSE
,,2127,TRUE
,,2128,FALSE
,,2129,TRUE
,,2130,FALSE
,,2131,TRUE
,,2132,FALSE
,,2133,TRUE
,,2134,FALSE
,,2135,TRUE
,,2136,FALSE
,,2137,TRUE
,,2138,FALSE
,,2139,TRUE
,,2140,FALSE
,,2141,TRUE
,,2142,FALSE
,,2143,TRUE
,,2144,FALSE
,,2145,TRUE
,,2146,FALSE
,,2147,TRUE
,,2148,FALSE
,,2149,TRUE
,,2150,FALSE
,,2151,TRUE
,,2152,FALSE
,,2153,TRUE
,,2154,FALSE
,,2155,TRUE
,,2156,FALSE
,,2157,TRUE
,,2158,FALSE
,,2159,TRUE
,,2160,FALSE
,,2161,TRUE
,,2162,FALSE
,,2163,TRUE
,,2164,FALSE
,,2165,TRUE
,,2166,FALSE
,,2167,TRUE
,,2168,FALSE
,,2169,TRUE
,,2170,FALSE
,,2171,TRUE
,,2172,FALSE
,,2173,TRUE
,,2174,FALSE
,,2175,TRUE
,,2176,FALSE
,,2177,TRUE
,,2178,FALSE
,,2179,TRUE
,,2180,FALSE
,,2181,TRUE
,,2182,FALSE
,,2183,TRUE
,,2184,FALSE
,,2185,TRUE
,,2186,FALSE
,,2187,TRUE
,,2188,FALSE
,,2189,TRUE
,,2190,FALSE
,,2191,TRUE
,,2192,FALSE
,,2193,TRUE
,,2194,FALSE
,,2195,TRUE
,,2196,FALSE
,,2197,TRUE
,,2198,FALSE
,,2199,TRUE
,,2200,FALSE
,,2201,TRUE
,,2202,FALSE
,,2203,TRUE
,,2204,FALSE
,,2205,TRUE
,,2206,FALSE
,,2207,TRUE
,,2208,FALSE
,,2209,TRUE
,,2210,FALSE
,,2211,TRUE
,,2212,FALSE
,,2213,TRUE
,,2214,FALSE
,,2215,TRUE
,,2216,FALSE
,,2217,TRUE
,,2218,FALSE
,,2219,TRUE
,,2220,FALSE
,,2221,TRUE
,,2222,FALSE
,,2223,TRUE
,,2224,FALSE
,,2225,TRUE
,,2226,FALSE
,,2227,TRUE
,,2228,FALSE
,,2229,TRUE
,,2230,FALSE
,,2231,TRUE
,,2232,FALSE
,,2233,TRUE
,,2234,FALSE
,,2235,TRUE
,,2236,FALSE
,,2237,TRUE
,,2238,FALSE
,,2239,TRUE
,,2240,FALSE
,,2241,TRUE
,,2242,FALSE
,,2243,TRUE
,,2244,FALSE
,,2245,TRUE
,,2246,FALSE
,,2247,TRUE
,,2248,FALSE
,,2249,TRUE
,,2250,FALSE
,,2251,TRUE
,,2252,FALSE
,,2253,TRUE
,,2254,FALSE
,,2255,TRUE
,,2256,FALSE
,,2257,TRUE
,,2258,FALSE
,,2259,TRUE
,,2260,FALSE
,,2261,TRUE
,,2262,FALSE
,,2263,TRUE
,,2264,FALSE
,,2265,TRUE
,,2266,FALSE
,,2267,TRUE
,,2268,FALSE
,,2269,TRUE
,,2270,FALSE
,,2271,TRUE
,,2272,FALSE
,,2273,TRUE
,,2274,FALSE
,,2275,TRUE
,,2276,FALSE
,,2277,TRUE
,,2278,FALSE
,,2279,TRUE
,,2280,FALSE
,,2281,TRUE
,,2282,FALSE
,,2283,TRUE
,,2284,FALSE
,,2285,TRUE
,,2286,FALSE
,,2287,TRUE
,,2288,FALSE
,,2289,TRUE
,,2290,FALSE
,,2291,TRUE
,,2292,FALSE
,,2293,TRUE
,,2294,FALSE
,,2295,TRUE
,,2296,FALSE
,,2297,TRUE
,,2298,FALSE
,,2299,TRUE
,,2300,FALSE
,,2301,TRUE
,,2302,FALSE
,,2303,TRUE
,,2304,FALSE
,,2305,TRUE
,,2306,FALSE
,,2307,TRUE
,,2308,FALSE
,,2309,TRUE
,,2310,FALSE
,,2311,TRUE
,,2312,FALSE
,,2313,TRUE
,,2314,FALSE
,,2315,TRUE
,,2316,FALSE
,,2317,TRUE
,,2318,FALSE
,,2319,TRUE
,,2320,FALSE
,,2321,TRUE
,,2322,FALSE
,,2323,TRUE
,,2324,FALSE
,,2325,TRUE
,,2326,FALSE
,,2327,TRUE
,,2328,FALSE
,,2329,TRUE
,,2330,FALSE
,,2331,TRUE
,,2332,FALSE
,,2333,TRUE
,,2334,FALSE
,,2335,TRUE
,,2336,FALSE
,,2337,TRUE
,,2338,FALSE
,,2339,TRUE
,,2340,FALSE
,,2341,TRUE
,,2342,FALSE
,,2343,TRUE
,,2344,FALSE
,,2345,TRUE
,,2346,FALSE
,,2347,TRUE
,,2348,FALSE
,,2349,TRUE
,,2350,FALSE
,,2351,TRUE
,,2352,FALSE
,,2353,TRUE
,,2354,FALSE
,,2355,TRUE
,,2356,FALSE
,,2357,TRUE
,,2358,FALSE
,,2359,TRUE
,,2360,FALSE
,,2361,TRUE
,,2362,FALSE
,,2363,TRUE
,,2364,FALSE
,,2365,TRUE
,,2366,FALSE
,,2367,TRUE
,,2368,FALSE
,,2369,TRUE
,,2370,FALSE
,,2371,TRUE
,,2372,FALSE
,,2373,TRUE
,,2374,FALSE
,,2375,TRUE
,,2376,FALSE
,,2377,TRUE
,,2378,FALSE
,,2379,TRUE
,,2380,FALSE
,,2381,TRUE
,,2382,FALSE
,,2383,TRUE
,,2384,FALSE
,,2385,TRUE
,,2386,FALSE
,,2387,TRUE
,,2388,FALSE
,,2389,TRUE
,,2390,FALSE
,,2391,TRUE
,,2392,FALSE
,,2393,TRUE
,,2394,FALSE
,,2395,TRUE
,,2396,FALSE
,,2397,TRUE
,,2398,FALSE
,,2399,TRUE
,,2400,FALSE
,,2401,TRUE
,,2402,FALSE
,,2403,TRUE
,,2404,FALSE
,,2405,TRUE
,,2406,FALSE
,,2407,TRUE
,,2408,FALSE
,,2409,TRUE
,,2410,FALSE
,,2411,TRUE
,,2412,FALSE
,,2413,TRUE
,,2414,FALSE
,,2415,TRUE
,,2416,FALSE
,,2417,TRUE
,,2418,FALSE
,,2419,TRUE
,,2420,FALSE
,,2421,TRUE
,,2422,FALSE
,,2423,TRUE
,,2424,FALSE
,,2425,TRUE
,,2426,FALSE
,,2427,TRUE
,,2428,FALSE
,,2429,TRUE
,,2430,FALSE
,,2431,TRUE
,,2432,FALSE
,,2433,TRUE
,,2434,FALSE
,,2435,TRUE
,,2436,FALSE
,,2437,TRUE
,,2438,FALSE
,,2439,TRUE
,,2440,FALSE
,,2441,TRUE
,,2442,FALSE
,,2443,TRUE
,,2444,FALSE
,,2445,TRUE
,,2446,FALSE
,,2447,TRUE
,,2448,FALSE
,,2449,TRUE
,,2450,FALSE
,,2451,TRUE
,,2452,FALSE
,,2453,TRUE
,,2454,FALSE
,,2455,TRUE
,,2456,FALSE
,,2457,TRUE
,,2458,FALSE
,,2459,TRUE
,,2460,FALSE
,,2461,TRUE
,,2462,FALSE
,,2463,TRUE
,,2464,FALSE
,,2465,TRUE
,,2466,FALSE
,,2467,TRUE
,,2468,FALSE
,,2469,TRUE
,,2470,FALSE
,,2471,TRUE
,,2472,FALSE
,,2473,TRUE
,,2474,FALSE
,,2475,TRUE
,,2476,FALSE
,,2477,TRUE
,,2478,FALSE
,,2479,TRUE
,,2480,FALSE
,,2481,TRUE
,,2482,FALSE
,,2483,TRUE
,,2484,FALSE
,,2485,TRUE
,,2486,FALSE
,,2487,TRUE
,,2488,FALSE
,,2489,TRUE
,,2490,FALSE
,,2491,TRUE
,,2492,FALSE
,,2493,TRUE
,,2494,FALSE
,,2495,TRUE
,,2496,FALSE
,,2497,TRUE
,,2498,FALSE
,,2499,TRUE
,,2500,FALSE
,,2501,TRUE
,,2502,FALSE
,,2503,TRUE
,,2504,FALSE
,,2505,TRUE
,,2506,FALSE
,,2507,TRUE
,,2508,FALSE
,,2509,TRUE
,,2510,FALSE
,,2511,TRUE
,,2512,FALSE
,,2513,TRUE
,,2514,FALSE
,,2515,TRUE
,,2516,FALSE
,,2517,TRUE
,,2518,FALSE
,,2519,TRUE
,,2520,FALSE
,,2521,TRUE
,,2522,FALSE
,,2523,TRUE
,,2524,FALSE
,,2525,TRUE
,,2526,FALSE
,,2527,TRUE
,,2528,FALSE
,,2529,TRUE
,,2530,FALSE
,,2531,TRUE
,,2532,FALSE
,,2533,TRUE
,,2534,FALSE
,,2535,TRUE
,,2536,FALSE
,,2537,TRUE
,,2538,FALSE
,,2539,TRUE
,,2540,FALSE
,,2541,TRUE
,,2542,FALSE
,,2543,TRUE
,,2544,FALSE
,,2545,TRUE
,,2546,FALSE
,,2547,TRUE
,,2548,FALSE
,,2549,TRUE
,,2550,FALSE
,,2551,TRUE
,,2552,FALSE
,,2553,TRUE
,,2554,FALSE
,,2555,TRUE
,,2556,FALSE
,,2557,TRUE
,,2558,FALSE
,,2559,TRUE
,,2560,FALSE
,,2561,TRUE
,,2562,FALSE
,,2563,TRUE
,,2564,FALSE
,,2565,TRUE
,,2566,FALSE
,,2567,TRUE
,,2568,FALSE
,,2569,TRUE
,,2570,FALSE
,,2571,TRUE
,,2572,FALSE
,,2573,TRUE
,,2574,FALSE
,,2575,TRUE
,,2576,FALSE
,,2577,TRUE
,,2578,FALSE
,,2579,TRUE
,,2580,FALSE
,,2581,TRUE
,,2582,FALSE
,,2583,TRUE
,,2584,FALSE
,,2585,TRUE
,,2586,FALSE
,,2587,TRUE
,,2588,FALSE
,,2589,TRUE
,,2590,FALSE
,,2591,TRUE
,,2592,FALSE
,,2593,TRUE
,,2594,FALSE
,,2595,TRUE
,,2596,FALSE
,,2597,TRUE
,,2598,FALSE
,,2599,TRUE
,,2600,FALSE
,,2601,TRUE
,,2602,FALSE
,,2603,TRUE
,,2604,FALSE
,,2605,TRUE
,,2606,FALSE
,,2607,TRUE
,,2608,FALSE
,,2609,TRUE
,,2610,FALSE
,,2611,TRUE
,,2612,FALSE
,,2613,TRUE
,,2614,FALSE
,,2615,TRUE
,,2616,FALSE
,,2617,TRUE
,,2618,FALSE
,,2619,TRUE
,,2620,FALSE
,,2621,TRUE
,,2622,FALSE
,,2623,TRUE
,,2624,FALSE
,,2625,TRUE
,,2626,FALSE
,,2627,TRUE
,,2628,FALSE
,,2629,TRUE
,,2630,FALSE
,,2631,TRUE
,,2632,FALSE
,,2633,TRUE
,,2634,FALSE
,,2635,TRUE
,,2636,FALSE
,,2637,TRUE
,,2638,FALSE
,,2639,TRUE
,,2640,FALSE
,,2641,TRUE
,,2642,FALSE
,,2643,TRUE
,,2644,FALSE
,,2645,TRUE
,,2646,FALSE
,,2647,TRUE
,,2648,FALSE
,,2649,TRUE
,,2650,FALSE
,,2651,TRUE
,,2652,FALSE
,,2653,TRUE
,,2654,FALSE
,,2655,TRUE
,,2656,FALSE
,,2657,TRUE
,,2658,FALSE
,,2659,TRUE
,,2660,FALSE
,,2661,TRUE
,,2662,FALSE
,,2663,TRUE
,,2664,FALSE
,,2665,TRUE
,,2666,FALSE
,,2667,TRUE
,,2668,FALSE
,,2669,TRUE
,,2670,FALSE
,,2671,TRUE
,,2672,FALSE
,,2673,TRUE
,,2674,FALSE
,,2675,TRUE
,,2676,FALSE
,,2677,TRUE
,,2678,FALSE
,,2679,TRUE
,,2680,FALSE
,,2681,TRUE
,,2682,FALSE
,,2683,TRUE
,,2684,FALSE
,,2685,TRUE
,,2686,FALSE
,,2687,TRUE
,,2688,FALSE
,,2689,TRUE
,,2690,FALSE
,,2691,TRUE
,,2692,FALSE
,,2693,TRUE
,,2694,FALSE
,,2695,TRUE
,,2696,FALSE
,,2697,TRUE
,,2698,FALSE
,,2699,TRUE
,,2700,FALSE
,,2701,TRUE
,,2702,FALSE
,,2703,TRUE
,,2704,FALSE
,,2705,TRUE
,,2706,FALSE
,,2707,TRUE
,,2708,FALSE
,,2709,TRUE
,,2710,FALSE
,,2711,TRUE
,,2712,FALSE
,,2713,TRUE
,,2714,FALSE
,,2715,TRUE
,,2716,FALSE
,,2717,TRUE
,,2718,FALSE
,,2719,TRUE
,,2720,FALSE
,,2721,TRUE
,,2722,FALSE
,,2723,TRUE
,,2724,FALSE
,,2725,TRUE
,,2726,FALSE
,,2727,TRUE
,,2728,FALSE
,,2729,TRUE
,,2730,FALSE
,,2731,TRUE
,,2732,FALSE
,,2733,TRUE
,,2734,FALSE
,,2735,TRUE
,,2736,FALSE
,,2737,TRUE
,,2738,FALSE
,,2739,TRUE
,,2740,FALSE
,,2741,TRUE
,,2742,FALSE
,,2743,TRUE
,,2744,FALSE
,,2745,TRUE
,,2746,FALSE
,,2747,TRUE
,,2748,FALSE
,,2749,TRUE
,,2750,FALSE
,,2751,TRUE
,,2752,FALSE
,,2753,TRUE
,,2754,FALSE
,,2755,TRUE
,,2756,FALSE
,,2757,TRUE
,,2758,FALSE
,,2759,TRUE
,,2760,FALSE
,,2761,TRUE
,,2762,FALSE
,,2763,TRUE
,,2764,FALSE
,,2765,TRUE
,,2766,FALSE
,,2767,TRUE
,,2768,FALSE
,,2769,TRUE
,,2770,FALSE
,,2771,TRUE
,,2772,FALSE
,,2773,TRUE
,,2774,FALSE
,,2775,TRUE
,,2776,FALSE
,,2777,TRUE
,,2778,FALSE
,,2779,TRUE
,,2780,FALSE
,,2781,TRUE
,,2782,FALSE
,,2783,TRUE
,,2784,FALSE
,,2785,TRUE
,,2786,FALSE
,,2787,TRUE
,,2788,FALSE
,,2789,TRUE
,,2790,FALSE
,,2791,TRUE
,,2792,FALSE
,,2793,TRUE
,,2794,FALSE
,,2795,TRUE
,,2796,FALSE
,,2797,TRUE
,,2798,FALSE
,,2799,TRUE
,,2800,FALSE
,,2801,TRUE
,,2802,FALSE
,,2803,TRUE
,,2804,FALSE
,,2805,TRUE
,,2806,FALSE
,,2807,TRUE
,,2808,FALSE
,,2809,TRUE
,,2810,FALSE
,,2811,TRUE
,,2812,FALSE
,,2813,TRUE
,,2814,FALSE
,,2815,TRUE
,,2816,FALSE
,,2817,TRUE
,,2818,FALSE
,,2819,TRUE
,,2820,FALSE
,,2821,TRUE
,,2822,FALSE
,,2823,TRUE
,,2824,FALSE
,,2825,TRUE
,,2826,FALSE
,,2827,TRUE
,,2828,FALSE
,,2829,TRUE
,,2830,FALSE
,,2831,TRUE
,,2832,FALSE
,,2833,TRUE
,,2834,FALSE
,,2835,TRUE
,,2836,FALSE
,,2837,TRUE
,,2838,FALSE
,,2839,TRUE
,,2840,FALSE
,,2841,TRUE
,,2842,FALSE
,,2843,TRUE
,,2844,FALSE
,,2845,TRUE
,,2846,FALSE
,,2847,TRUE
,,2848,FALSE
,,2849,TRUE
,,2850,FALSE
,,2851,TRUE
,,2852,FALSE
,,2853,TRUE
,,2854,FALSE
,,2855,TRUE
,,2856,FALSE
,,2857,TRUE
,,2858,FALSE
,,2859,TRUE
,,2860,FALSE
,,2861,TRUE
,,2862,FALSE
,,2863,TRUE
,,2864,FALSE
,,2865,TRUE
,,2866,FALSE
,,2867,TRUE
,,2868,FALSE
,,2869,TRUE
,,2870,FALSE
,,2871,TRUE
,,2872,FALSE
,,2873,TRUE
,,2874,FALSE
,,2875,TRUE
,,2876,FALSE
,,2877,TRUE
,,2878,FALSE
,,2879,TRUE
,,2880,FALSE
,,2881,TRUE
,,2882,FALSE
,,2883,TRUE
,,2884,FALSE
,,2885,TRUE
,,2886,FALSE
,,2887,TRUE
,,2888,FALSE
,,2889,TRUE
,,2890,FALSE
,,2891,TRUE
,,2892,FALSE
,,2893,TRUE
,,2894,FALSE
,,2895,TRUE
,,2896,FALSE
,,2897,TRUE
,,2898,FALSE
,,2899,TRUE
,,2900,FALSE
,,2901,TRUE
,,2902,FALSE
,,2903,TRUE
,,2904,FALSE
,,2905,TRUE
,,2906,FALSE
,,2907,TRUE
,,2908,FALSE
,,2909,TRUE
,,2910,FALSE
,,2911,TRUE
,,2912,FALSE
,,2913,TRUE
,,2914,FALSE
,,2915,TRUE
,,2916,FALSE
,,2917,TRUE
,,2918,FALSE
,,2919,TRUE
,,2920,FALSE
,,2921,TRUE
,,2922,FALSE
,,2923,TRUE
,,2924,FALSE
,,2925,TRUE
,,2926,FALSE
,,2927,TRUE
,,2928,FALSE
,,2929,TRUE
,,2930,FALSE
,,2931,TRUE
,,2932,FALSE
,,2933,TRUE
,,2934,FALSE
,,2935,TRUE
,,2936,FALSE
,,2937,TRUE
,,2938,FALSE
,,2939,TRUE
,,2940,FALSE
,,2941,TRUE
,,2942,FALSE
,,2943,TRUE
,,2944,FALSE
,,2945,TRUE
,,2946,FALSE
,,2947,TRUE
,,2948,FALSE
,,2949,TRUE
,,2950,FALSE
,,2951,TRUE
,,2952,FALSE
,,2953,TRUE
,,2954,FALSE
,,2955,TRUE
,,2956,FALSE
,,2957,TRUE
,,2958,FALSE
,,2959,TRUE
,,2960,FALSE
,,2961,TRUE
,,2962,FALSE
,,2963,TRUE
,,2964,FALSE
,,2965,TRUE
,,2966,FALSE
,,2967,TRUE
,,2968,FALSE
,,2969,TRUE
,,2970,FALSE
,,2971,TRUE
,,2972,FALSE
,,2973,TRUE
,,2974,FALSE
,,2975,TRUE
,,2976,FALSE
,,2977,TRUE
,,2978,FALSE
,,2979,TRUE
,,2980,FALSE
,,2981,TRUE
,,2982,FALSE
,,2983,TRUE
,,2984,FALSE
,,2985,TRUE
,,2986,FALSE
,,2987,TRUE
,,2988,FALSE
,,2989,TRUE
,,2990,FALSE
,,2991,TRUE
,,2992,FALSE
,,2993,TRUE
,,2994,FALSE
,,2995,TRUE
,,2996,FALSE
,,2997,TRUE
,,2998,FALSE
,,2999,TRUE
,,3000,FALSE
,,3001,TRUE
,,3002,FALSE
,,3003,TRUE
,,3004,FALSE
,,3005,TRUE
,,3006,FALSE
,,3007,TRUE
,,3008,FALSE
,,3009,TRUE
,,3010,FALSE
,,3011,TRUE
,,3012,FALSE
,,3013,TRUE
,,3014,FALSE
,,3015,TRUE
,,3016,FALSE
,,3017,TRUE
,,3018,FALSE
,,3019,TRUE
,,3020,FALSE
,,3021,TRUE
,,3022,FALSE
,,3023,TRUE
,,3024,FALSE
,,3025,TRUE
,,3026,FALSE
,,3027,TRUE
,,3028,FALSE
,,3029,TRUE
,,3030,FALSE
,,3031,TRUE
,,3032,FALSE
,,3033,TRUE
,,3034,FALSE
,,3035,TRUE
,,3036,FALSE
,,3037,TRUE
,,3038,FALSE
,,3039,TRUE
,,3040,FALSE
,,3041,TRUE
,,3042,FALSE
,,3043,TRUE
,,3044,FALSE
,,3045,TRUE
,,3046,FALSE
,,3047,TRUE
,,3048,FALSE
,,3049,TRUE
,,3050,FALSE
,,3051,TRUE
,,3052,FALSE
,,3053,TRUE
,,3054,FALSE
,,3055,TRUE
,,3056,FALSE
,,3057,TRUE
,,3058,FALSE
,,3059,TRUE
,,3060,FALSE
,,3061,TRUE
,,3062,FALSE
,,3063,TRUE
,,3064,FALSE
,,3065,TRUE
,,3066,FALSE
,,3067,TRUE
,,3068,FALSE
,,3069,TRUE
,,3070,FALSE
,,3071,TRUE
,,3072,FALSE
,,3073,TRUE
,,3074,FALSE
,,3075,TRUE
,,3076,FALSE
,,3077,TRUE
,,3078,FALSE
,,3079,TRUE
,,3080,FALSE
,,3081,TRUE
,,3082,FALSE
,,3083,TRUE
,,3084,FALSE
,,3085,TRUE
,,3086,FALSE
,,3087,TRUE
,,3088,FALSE
,,3089,TRUE
,,3090,FALSE
,,3091,TRUE
,,3092,FALSE
,,3093,TRUE
,,3094,FALSE
,,3095,TRUE
,,3096,FALSE
,,3097,TRUE
,,3098,FALSE
,,3099,TRUE
,,3100,FALSE
,,3101,TRUE
,,3102,FALSE
,,3103,TRUE
,,3104,FALSE
,,3105,TRUE
,,3106,FALSE
,,3107,TRUE
,,3108,FALSE
,,3109,TRUE
,,3110,FALSE
,,3111,TRUE
,,3112,FALSE
,,3113,TRUE
,,3114,FALSE
,,3115,TRUE
,,3116,FALSE
,,3117,TRUE
,,3118,FALSE
,,3119,TRUE
,,3120,FALSE
,,3121,TRUE
,,3122,FALSE
,,3123,TRUE
,,3124,FALSE
,,3125,TRUE
,,3126,FALSE
,,3127,TRUE
,,3128,FALSE
,,3129,TRUE
,,3130,FALSE
,,3131,TRUE
,,3132,FALSE
,,3133,TRUE
,,3134,FALSE
,,3135,TRUE
,,3136,FALSE
,,3137,TRUE
,,3138,FALSE
,,3139,TRUE
,,3140,FALSE
,,3141,TRUE
,,3142,FALSE
,,3143,TRUE
,,3144,FALSE
,,3145,TRUE
,,3146,FALSE
,,3147,TRUE
,,3148,FALSE
,,3149,TRUE
,,3150,FALSE
,,3151,TRUE
,,3152,FALSE
,,3153,TRUE
,,3154,FALSE
,,3155,TRUE
,,3156,FALSE
,,3157,TRUE
,,3158,FALSE
,,3159,TRUE
,,3160,FALSE
,,3161,TRUE
,,3162,FALSE
,,3163,TRUE
,,3164,FALSE
,,3165,TRUE
,,3166,FALSE
,,3167,TRUE
,,3168,FALSE
,,3169,TRUE
,,3170,FALSE
,,3171,TRUE
,,3172,FALSE
,,3173,TRUE
,,3174,FALSE
,,3175,TRUE
,,3176,FALSE
,,3177,TRUE
,,3178,FALSE
,,3179,TRUE
,,3180,FALSE
,,3181,TRUE
,,3182,FALSE
,,3183,TRUE
,,3184,FALSE
,,3185,TRUE
,,3186,FALSE
,,3187,TRUE
,,3188,FALSE
,,3189,TRUE
,,3190,FALSE
,,3191,TRUE
,,3192,FALSE
,,3193,TRUE
,,3194,FALSE
,,3195,TRUE
,,3196,FALSE
,,3197,TRUE
,,3198,FALSE
,,3199,TRUE
,,3200,FALSE
,,3201,TRUE
,,3202,FALSE
,,3203,TRUE
,,3204,FALSE
,,3205,TRUE
,,3206,FALSE
,,3207,TRUE
,,3208,FALSE
,,3209,TRUE
,,3210,FALSE
,,3211,TRUE
,,3212,FALSE
,,3213,TRUE
,,3214,FALSE
,,3215,TRUE
,,3216,FALSE
,,3217,TRUE
,,3218,FALSE
,,3219,TRUE
,,3220,FALSE
,,3221,TRUE
,,3222,FALSE
,,3223,TRUE
,,3224,FALSE
,,3225,TRUE
,,3226,FALSE
,,3227,TRUE
,,3228,FALSE
,,3229,TRUE
,,3230,FALSE
,,3231,TRUE
,,3232,FALSE
,,3233,TRUE
,,3234,FALSE
,,3235,TRUE
,,3236,FALSE
,,3237,TRUE
,,3238,FALSE
,,3239,TRUE
,,3240,FALSE
,,3241,TRUE
,,3242,FALSE
,,3243,TRUE
,,3244,FALSE
,,3245,TRUE
,,3246,FALSE
,,3247,TRUE
,,3248,FALSE
,,3249,TRUE
,,3250,FALSE
,,3251,TRUE
,,3252,FALSE
,,3253,TRUE
,,3254,FALSE
,,3255,TRUE
,,3256,FALSE
,,3257,TRUE
,,3258,FALSE
,,3259,TRUE
,,3260,FALSE
,,3261,TRUE
,,3262,FALSE
,,3263,TRUE
,,3264,FALSE
,,3265,TRUE
,,3266,FALSE
,,3267,TRUE
,,3268,FALSE
,,3269,TRUE
,,3270,FALSE
,,3271,TRUE
,,3272,FALSE
,,3273,TRUE
,,3274,FALSE
,,3275,TRUE
,,3276,FALSE
,,3277,TRUE
,,3278,FALSE
,,3279,TRUE
,,3280,FALSE
,,3281,TRUE
,,3282,FALSE
,,3283,TRUE
,,3284,FALSE
,,3285,TRUE
,,3286,FALSE
,,3287,TRUE
,,3288,FALSE
,,3289,TRUE
,,3290,FALSE
,,3291,TRUE
,,3292,FALSE
,,3293,TRUE
,,3294,FALSE
,,3295,TRUE
,,3296,FALSE
,,3297,TRUE
,,3298,FALSE
,,3299,TRUE
,,3300,FALSE
,,3301,TRUE
,,3302,FALSE
,,3303,TRUE
,,3304,FALSE
,,3305,TRUE
,,3306,FALSE
,,3307,TRUE
,,3308,FALSE
,,3309,TRUE
,,3310,FALSE
,,3311,TRUE
,,3312,FALSE
,,3313,TRUE
,,3314,FALSE
,,3315,TRUE
,,3316,FALSE
,,3317,TRUE
,,3318,FALSE
,,3319,TRUE
,,3320,FALSE
,,3321,TRUE
,,3322,FALSE
,,3323,TRUE
,,3324,FALSE
,,3325,TRUE
,,3326,FALSE
,,3327,TRUE
,,3328,FALSE
,,3329,TRUE
,,3330,FALSE
,,3331,TRUE
,,3332,FALSE
,,3333,TRUE
,,3334,FALSE
,,3335,TRUE
,,3336,FALSE
,,3337,TRUE
,,3338,FALSE
,,3339,TRUE
,,3340,FALSE
,,3341,TRUE
,,3342,FALSE
,,3343,TRUE
,,3344,FALSE
,,3345,TRUE
,,3346,FALSE
,,3347,TRUE
,,3348,FALSE
,,3349,TRUE
,,3350,FALSE
,,3351,TRUE
,,3352,FALSE
,,3353,TRUE
,,3354,FALSE
,,3355,TRUE
,,3356,FALSE
,,3357,TRUE
,,3358,FALSE
,,3359,TRUE
,,3360,FALSE
,,3361,TRUE
,,3362,FALSE
,,3363,TRUE
,,3364,FALSE
,,3365,TRUE
,,3366,FALSE
,,3367,TRUE
,,3368,FALSE
,,3369,TRUE
,,3370,FALSE
,,3371,TRUE
,,3372,FALSE
,,3373,TRUE
,,3374,FALSE
,,3375,TRUE
,,3376,FALSE
,,3377,TRUE
,,3378,FALSE
,,3379,TRUE
,,3380,FALSE
,,3381,TRUE
,,3382,FALSE
,,3383,TRUE
,,3384,FALSE
,,3385,TRUE
,,3386,FALSE
,,3387,TRUE
,,3388,FALSE
,,3389,TRUE
,,3390,FALSE
,,3391,TRUE
,,3392,FALSE
,,3393,TRUE
,,3394,FALSE
,,3395,TRUE
,,3396,FALSE
,,3397,TRUE
,,3398,FALSE
,,3399,TRUE
,,3400,FALSE
,,3401,TRUE
,,3402,FALSE
,,3403,TRUE
,,3404,FALSE
,,3405,TRUE
,,3406,FALSE
,,3407,TRUE
,,3408,FALSE
,,3409,TRUE
,,3410,FALSE
,,3411,TRUE
,,3412,FALSE
,,3413,TRUE
,,3414,FALSE
,,3415,TRUE
,,3416,FALSE
,,3417,TRUE
,,3418,FALSE
,,3419,TRUE
,,3420,FALSE
,,3421,TRUE
,,3422,FALSE
,,3423,TRUE
,,3424,FALSE
,,3425,TRUE
,,3426,FALSE
,,3427,TRUE
,,3428,FALSE
,,3429,TRUE
,,3430,FALSE
,,3431,TRUE
,,3432,FALSE
,,3433,TRUE
,,3434,FALSE
,,3435,TRUE
,,3436,FALSE
,,3437,TRUE
,,3438,FALSE
,,3439,TRUE
,,3440,FALSE
,,3441,TRUE
,,3442,FALSE
,,3443,TRUE
,,3444,FALSE
,,3445,TRUE
,,3446,FALSE
,,3447,TRUE
,,3448,FALSE
,,3449,TRUE
,,3450,FALSE
,,3451,TRUE
,,3452,FALSE
,,3453,TRUE
,,3454,FALSE
,,3455,TRUE
,,3456,FALSE
,,3457,TRUE
,,3458,FALSE
,,3459,TRUE
,,3460,FALSE
,,3461,TRUE
,,3462,FALSE
,,3463,TRUE
,,3464,FALSE
,,3465,TRUE
,,3466,FALSE
,,3467,TRUE
,,3468,FALSE
,,3469,TRUE
,,3470,FALSE
,,3471,TRUE
,,3472,FALSE
,,3473,TRUE
,,3474,FALSE
,,3475,TRUE
,,3476,FALSE
,,3477,TRUE
,,3478,FALSE
,,3479,TRUE
,,3480,FALSE
,,3481,TRUE
,,3482,FALSE
,,3483,TRUE
,,3484,FALSE
,,3485,TRUE
,,3486,FALSE
,,3487,TRUE
,,3488,FALSE
,,3489,TRUE
,,3490,FALSE
,,3491,TRUE
,,3492,FALSE
,,3493,TRUE
,,3494,FALSE
,,3495,TRUE
,,3496,FALSE
,,3497,TRUE
,,3498,FALSE
,,3499,TRUE
,,3500,FALSE
,,3501,TRUE
,,3502,FALSE
,,3503,TRUE
,,3504,FALSE
,,3505,TRUE
,,3506,FALSE
,,3507,TRUE
,,3508,FALSE
,,3509,TRUE
,,3510,FALSE
,,3511,TRUE
,,3512,FALSE
,,3513,TRUE
,,3514,FALSE
,,3515,TRUE
,,3516,FALSE
,,3517,TRUE
,,3518,FALSE
,,3519,TRUE
,,3520,FALSE
,,3521,TRUE
,,3522,FALSE
,,3523,TRUE
,,3524,FALSE
,,3525,TRUE
,,3526,FALSE
,,3527,TRUE
,,3528,FALSE
,,3529,TRUE
,,3530,FALSE
,,3531,TRUE
,,3532,FALSE
,,3533,TRUE
,,3534,FALSE
,,3535,TRUE
,,3536,FALSE
,,3537,TRUE
,,3538,FALSE
,,3539,TRUE
,,3540,FALSE
,,3541,TRUE
,,3542,FALSE
,,3543,TRUE
,,3544,FALSE
,,3545,TRUE
,,3546,FALSE
,,3547,TRUE
,,3548,FALSE
,,3549,TRUE
,,3550,FALSE
,,3551,TRUE
,,3552,FALSE
,,3553,TRUE
,,3554,FALSE
,,3555,TRUE
,,3556,FALSE
,,3557,TRUE
,,3558,FALSE
,,3559,TRUE
,,3560,FALSE
,,3561,TRUE
,,3562,FALSE
,,3563,TRUE
,,3564,FALSE
,,3565,TRUE
,,3566,FALSE
,,3567,TRUE
,,3568,FALSE
,,3569,TRUE
,,3570,FALSE
,,3571,TRUE
,,3572,FALSE
,,3573,TRUE
,,3574,FALSE
,,3575,TRUE
,,3576,FALSE
,,3577,TRUE
,,3578,FALSE
,,3579,TRUE
,,3580,FALSE
,,3581,TRUE
,,3582,FALSE
,,3583,TRUE
,,3584,FALSE
,,3585,TRUE
,,3586,FALSE
,,3587,TRUE
,,3588,FALSE
,,3589,TRUE
,,3590,FALSE
,,3591,TRUE
,,3592,FALSE
,,3593,TRUE
,,3594,FALSE
,,3595,TRUE
,,3596,FALSE
,,3597,TRUE
,,3598,FALSE
,,3599,TRUE
,,3600,FALSE
,,3601,TRUE
,,3602,FALSE
,,3603,TRUE
,,3604,FALSE
,,3605,TRUE
,,3606,FALSE
,,3607,TRUE
,,3608,FALSE
,,3609,TRUE
,,3610,FALSE
,,3611,TRUE
,,3612,FALSE
,,3613,TRUE
,,3614,FALSE
,,3615,TRUE
,,3616,FALSE
,,3617,TRUE
,,3618,FALSE
,,3619,TRUE
,,3620,FALSE
,,3621,TRUE
,,3622,FALSE
,,3623,TRUE
,,3624,FALSE
,,3625,TRUE
,,3626,FALSE
,,3627,TRUE
,,3628,FALSE
,,3629,TRUE
,,3630,FALSE
,,3631,TRUE
,,3632,FALSE
,,3633,TRUE
,,3634,FALSE
,,3635,TRUE
,,3636,FALSE
,,3637,TRUE
,,3638,FALSE
,,3639,TRUE
,,3640,FALSE
,,3641,TRUE
,,3642,FALSE
,,3643,TRUE
,,3644,FALSE
,,3645,TRUE
,,3646,FALSE
,,3647,TRUE
,,3648,FALSE
,,3649,TRUE
,,3650,FALSE
,,3651,TRUE
,,3652,FALSE
,,3653,TRUE
,,3654,FALSE
,,3655,TRUE
,,3656,FALSE
,,3657,TRUE
,,3658,FALSE
,,3659,TRUE
,,3660,FALSE
,,3661,TRUE
,,3662,FALSE
,,3663,TRUE
,,3664,FALSE
,,3665,TRUE
,,3666,FALSE
,,3667,TRUE
,,3668,FALSE
,,3669,TRUE
,,3670,FALSE
,,3671,TRUE
,,3672,FALSE
,,3673,TRUE
,,3674,FALSE
,,3675,TRUE
,,3676,FALSE
,,3677,TRUE
,,3678,FALSE
,,3679,TRUE
,,3680,FALSE
,,3681,TRUE
,,3682,FALSE
,,3683,TRUE
,,3684,FALSE
,,3685,TRUE
,,3686,FALSE
,,3687,TRUE
,,3688,FALSE
,,3689,TRUE
,,3690,FALSE
,,3691,TRUE
,,3692,FALSE
,,3693,TRUE
,,3694,FALSE
,,3695,TRUE
,,3696,FALSE
,,3697,TRUE
,,3698,FALSE
,,3699,TRUE
,,3700,FALSE
,,3701,TRUE
,,3702,FALSE
,,3703,TRUE
,,3704,FALSE
,,3705,TRUE
,,3706,FALSE
,,3707,TRUE
,,3708,FALSE
,,3709,TRUE
,,3710,FALSE
,,3711,TRUE
,,3712,FALSE
,,3713,TRUE
,,3714,FALSE
,,3715,TRUE
,,3716,FALSE
,,3717,TRUE
,,3718,FALSE
,,3719,TRUE
,,3720,FALSE
,,3721,TRUE
,,3722,FALSE
,,3723,TRUE
,,3724,FALSE
,,3725,TRUE
,,3726,FALSE
,,3727,TRUE
,,3728,FALSE
,,3729,TRUE
,,3730,FALSE
,,3731,TRUE
,,3732,FALSE
,,3733,TRUE
,,3734,FALSE
,,3735,TRUE
,,3736,FALSE
,,3737,TRUE
,,3738,FALSE
,,3739,TRUE
,,3740,FALSE
,,3741,TRUE
,,3742,FALSE
,,3743,TRUE
,,3744,FALSE
,,3745,TRUE
,,3746,FALSE
,,3747,TRUE
,,3748,FALSE
,,3749,TRUE
,,3750,FALSE
,,3751,TRUE
,,3752,FALSE
,,3753,TRUE
,,3754,FALSE
,,3755,TRUE
,,3756,FALSE
,,3757,TRUE
,,3758,FALSE
,,3759,TRUE
,,3760,FALSE
,,3761,TRUE
,,3762,FALSE
,,3763,TRUE
,,3764,FALSE
,,3765,TRUE
,,3766,FALSE
,,3767,TRUE
,,3768,FALSE
,,3769,TRUE
,,3770,FALSE
,,3771,TRUE
,,3772,FALSE
,,3773,TRUE
,,3774,FALSE
,,3775,TRUE
,,3776,FALSE
,,3777,TRUE
,,3778,FALSE
,,3779,TRUE
,,3780,FALSE
,,3781,TRUE
,,3782,FALSE
,,3783,TRUE
,,3784,FALSE
,,3785,TRUE
,,3786,FALSE
,,3787,TRUE
,,3788,FALSE
,,3789,TRUE
,,3790,FALSE
,,3791,TRUE
,,3792,FALSE
,,3793,TRUE
,,3794,FALSE
,,3795,TRUE
,,3796,FALSE
,,3797,TRUE
,,3798,FALSE
,,3799,TRUE
,,3800,FALSE
,,3801,TRUE
,,3802,FALSE
,,3803,TRUE
,,3804,FALSE
,,3805,TRUE
,,3806,FALSE
,,3807,TRUE
,,3808,FALSE
,,3809,TRUE
,,3810,FALSE
,,3811,TRUE
,,3812,FALSE
,,3813,TRUE
,,3814,FALSE
,,3815,TRUE
,,3816,FALSE
,,3817,TRUE
,,3818,FALSE
,,3819,TRUE
,,3820,FALSE
,,3821,TRUE
,,3822,FALSE
,,3823,TRUE
,,3824,FALSE
,,3825,TRUE
,,3826,FALSE
,,3827,TRUE
,,3828,FALSE
,,3829,TRUE
,,3830,FALSE
,,3831,TRUE
,,3832,FALSE
,,3833,TRUE
,,3834,FALSE
,,3835,TRUE
,,3836,FALSE
,,3837,TRUE
,,3838,FALSE
,,3839,TRUE
,,3840,FALSE
,,3841,TRUE
,,3842,FALSE
,,3843,TRUE
,,3844,FALSE
,,3845,TRUE
,,3846,FALSE
,,3847,TRUE
,,3848,FALSE
,,3849,TRUE
,,3850,FALSE
,,3851,TRUE
,,3852,FALSE
,,3853,TRUE
,,3854,FALSE
,,3855,TRUE
,,3856,FALSE
,,3857,TRUE
,,3858,FALSE
,,3859,TRUE
,,3860,FALSE
,,3861,TRUE
,,3862,FALSE
,,3863,TRUE
,,3864,FALSE
,,3865,TRUE
,,3866,FALSE
,,3867,TRUE
,,3868,FALSE
,,3869,TRUE
,,3870,FALSE
,,3871,TRUE
,,3872,FALSE
,,3873,TRUE
,,3874,FALSE
,,3875,TRUE
,,3876,FALSE
,,3877,TRUE
,,3878,FALSE
,,3879,TRUE
,,3880,FALSE
,,3881,TRUE
,,3882,FALSE
,,3883,TRUE
,,3884,FALSE
,,3885,TRUE
,,3886,FALSE
,,3887,TRUE
,,3888,FALSE
,,3889,TRUE
,,3890,FALSE
,,3891,TRUE
,,3892,FALSE
,,3893,TRUE
,,3894,FALSE
,,3895,TRUE
,,3896,FALSE
,,3897,TRUE
,,3898,FALSE
,,3899,TRUE
,,3900,FALSE
,,3901,TRUE
,,3902,FALSE
,,3903,TRUE
,,3904,FALSE
,,3905,TRUE
,,3906,FALSE
,,3907,TRUE
,,3908,FALSE
,,3909,TRUE
,,3910,FALSE
,,3911,TRUE
,,3912,FALSE
,,3913,TRUE
,,3914,FALSE
,,3915,TRUE
,,3916,FALSE
,,3917,TRUE
,,3918,FALSE
,,3919,TRUE
,,3920,FALSE
,,3921,TRUE
,,3922,FALSE
,,3923,TRUE
,,3924,FALSE
,,3925,TRUE
,,3926,FALSE
,,3927,TRUE
,,3928,FALSE
,,3929,TRUE
,,3930,FALSE
,,3931,TRUE
,,3932,FALSE
,,3933,TRUE
,,3934,FALSE
,,3935,TRUE
,,3936,FALSE
,,3937,TRUE
,,3938,FALSE
,,3939,TRUE
,,3940,FALSE
,,3941,TRUE
,,3942,FALSE
,,3943,TRUE
,,3944,FALSE
,,3945,TRUE
,,3946,FALSE
,,3947,TRUE
,,3948,FALSE
,,3949,TRUE
,,3950,FALSE
,,3951,TRUE
,,3952,FALSE
,,3953,TRUE
,,3954,FALSE
,,3955,TRUE
,,3956,FALSE
,,3957,TRUE
,,3958,FALSE
,,3959,TRUE
,,3960,FALSE
,,3961,TRUE
,,3962,FALSE
,,3963,TRUE
,,3964,FALSE
,,3965,TRUE
,,3966,FALSE
,,3967,TRUE
,,3968,FALSE
,,3969,TRUE
,,3970,FALSE
,,3971,TRUE
,,3972,FALSE
,,3973,TRUE
,,3974,FALSE
,,3975,TRUE
,,3976,FALSE
,,3977,TRUE
,,3978,FALSE
,,3979,TRUE
,,3980,FALSE
,,3981,TRUE
,,3982,FALSE
,,3983,TRUE
,,3984,FALSE
,,3985,TRUE
,,3986,FALSE
,,3987,TRUE
,,3988,FALSE
,,3989,TRUE
,,3990,FALSE
,,3991,TRUE
,,3992,FALSE
,,3993,TRUE
,,3994,FALSE
,,3995,TRUE
,,3996,FALSE
,,3997,TRUE
,,3998,FALSE
,,3999,TRUE