"""We have one beautiful law,"" Trump recently said in his characteristically bizarre syntax and diction, repeating the word ""beautiful."""
"...immigrants as criminals and eugenics, all of which were once considered fringe and extreme. White nationalists embrace white supremacist and white separatist views."
"...we sounded the alarm in the early months of Trump’s presidency, when prime-time Fox News host Tucker Carlson began to experiment with segments that used euphemisms like “Western civilization” to package the idea that white people are inherently more civilized while people of color are a threat to national stability."
"[Black Lives Matter] is essentially a non-falsifiable religious cult that sets itself specifically against Christianity, just like the French Revolution did."
[Democrats employ] their full arsenal to delegitimize the Trump presidency for the apparent crime of winning the 2016 election.
[Newsoms's] obsession with masks has created an almost hostile environment in our neighborhoods and streets.
[Newsoms's] onslaught of propaganda ignores conflicting science on mask-wearing (some studies suggest it may even increase infection) and vilifying those who ever leave their house with a wish to breath unimpeded oxygen as they walk down the sidewalk alone.
"[The police] now prefer to think of themselves more like glorified social workers, there to heal the wounds of a broken society by showing off their skateboarding skills at Extinction Rebellion protests and putting on makeup and rainbow lanyards to prance embarrassingly at Gay Pride festivals."
‘A new low’: Washington Post media critic blows up Tucker Carlson’s absurd lies about white nationalism
‘Gangster capitalist’ Trump is running a ‘mafia state’ — and things are about to get worse: Pulitzer Prize-winning journalist
"“She will be inheriting a government in crisis,” the post states, touting a plethora of false narratives routinely peddled by Trump’s critics."
"“You know, there’s over 100 million people with preexisting conditions,” he said, claiming, “They weren’t able to get insurance before; now they cannot be denied insurance.”"
A Biden victory would be a victory for radical anti-Americanism.
A Biden victory would be a victory for violence in the streets reinforced by an anti-police and pro-criminal bias.
"A Biden victory would ensure government-imposed thought-police courses that are anti-history, anti-free thought, anti-White, and anti-male."
A Biden victory would mean massive tax increases which would propel America into a depression.
"A bold statement Wednesday from former Secretary of Defense Gen. James Mattis eviscerating Donald Trump has landed like a bomb in the Senate Republican caucus, sending members fleeing in all different directions."
"A city council member in Minneapolis was quoted as claiming that there had been no looting or burning on the first night of the protest, and that police were to blame for subsequent events because they were “incredibly brutal” in response."
A code that will blacklist from Oscar consideration any movie that does not meet whatever Orwellian diversity requirements are coming.
"A cop shoots a Black man, and a police union flexes its muscle"
A copy of the flyer also shows the union bosses’ significant support for mass illegal and legal immigration to the United States — an effort to drive up union membership.
A cursory Twitter search reveals that accounts supporting the Antifa terrorist movement can easily be found on the platform.
"A Democratic National Convention like no other began on Monday, with politicians trading raucous cheers in a crowded arena for speeches delivered from quiet locations across the country because of the coronavirus pandemic."
"A diverse group of protesters cheered to hip hop music and tried to argue about police brutality with police officers in riot gear, who occasionally lunged into crowds to pluck people out for arrest after bottles and other projectiles were thrown."
A donation-based Denver yoga chain which held special classes for minorities and LGBT people was forced to shut down after community activists derided the company as an institution of white supremacy.
"A federal judge in Tucson, Arizona delivered a blow Monday to the Trump administration’s strategy of criminalizing humanitarian aid work along the southern border with her decision to overturn the convictions of four volunteers on religious freedom grounds."
"A good conclusion to draw might be that the charity of the top 0.1 percent and of corporations both are vastly overstated and not even fractionally as useful as simply taxing them at the same effective rate as the rest of us pay, so maybe we should get on with that already."
"A Joe Biden presidency could reset ties with top U.S. trade partner Mexico that have suffered since Donald Trump made his first White House bid, tarring Mexican migrants as rapists and gun-runners and vowing to keep them out with a border wall."
A lawsuit percolating through the courts attempts to weigh the religious liberty of Orthodox Jews with a dire and compelling public health interest.
A leader of a movement that urges women to brag about having an abortion promoted the procedure to children in a video from Cut’s HiHo on the YouTube channel.
"A London based Islamic group, which purports to be a “human rights organisation”, has had an advertisement claiming the Chinese coronavirus is an act of revenge from Allah pulled from Facebook."
A majority of Americans do not agree with Democrats’ gun violence demagoguery. 
A new report reveals that the 2017 GOP tax law was rife with monumental self-dealing by rich GOP lawmakers who have since benefited bigly.
"A plan known as the Fairness for High-Skilled Immigrants Act is a boon to Silicon Valley billionaires, big business elites, and outsourcing firms, as they would be able to readily import more lower-paid Indian and Chinese foreign workers to take American jobs that would have otherwise gone to American citizens."
"A president completely out of control, abusing government power to achieve his political ends, and desperate to prevent any check on his colossal Niagara Falls of bullshit, is about to make Twitter an object lesson, the first trophy in Trump's expanding war against free speech."
"A previous boom that saw gun sales double over a decade through 2016 corresponded largely with Democratic President Barack Obama’s time in office, when fears that gun control laws would be enacted drove gun aficionados to stock up."
"A protester could be seen throwing an object at Frey as he slinked away. Biden, so far, has enjoyed the luxury of remaining in his basement, hidden away from volatile activists who want answers."
A pro-Trump political ad quotes Joe Biden directly and the lying liars at the lying PolitiFact still rate it “mostly false.”
A push by Virginia Democrats to loosen restrictions on late-term abortions is erupting into a fierce partisan clash as video of a legislative hearing goes viral.
"A recent piece in The Wall Street Journal by Walter Russell Mead has caused a bit of a stir among the chattering classes. Headlined “The Coronavirus May Make Trump Stronger,” it argues that President Trump’s abysmal and malfeasant handling of the greatest public health emergency in a century is a feature, not a bug, in his quest for a second term."
"A recent study conducted by the Karolinska Institute and Linkoping University in Sweden found biological males — claiming to be transgender women — who were administered a full year of hormone therapy, still maintained muscle mass and strength advantages over biological women."
"A reminder: The bill that Republicans in Tennessee are trying to quash would make these hygiene products tax-free for THREE DAYS, once a year!!!!"
A report in The New York Times claims that the UFC star Conor McGregor sexually assaulted a woman in Ireland.
A report showed at least 150 neighbourhoods across the country were “held” by Islamist radicals.
A review of his posts in online message boards revealed he wanted to plant neo-Nazi propaganda inside Nevada middle and high schools.
A specter is haunting the West; our elites see intolerant authoritarianism—along with a plethora of related “-phobias” and “-isms”—everywhere.
A study shows that the number of children getting routine vaccines to protect them from dangerous diseases has dramatically declined in the wake of the coronavirus.
"A Supreme Court filing lays bare the deep chasm between prominent Republicans who believe in the rule of law and wannabe president for life Donald Trump, whose says he enjoys absolute immunity from any inquiry into his conduct."
A tear slipped down the cheek of Ghanaian-German artist Zohra Opoku as she recalled how the global Black Lives Matter had kindled her pain and anger while she was stranded away from home due to coronavirus lockdowns.
"A three-year-old girl in China’s Jiangsu province died after receiving a rabies vaccination last month, an ominous development in light of persistent scandals over low-quality and improperly-handled vaccines."
"A trio of polls released ahead of Wednesday’s Democratic presidential debate showed a majority of Americans support Medicare for All, but offered conflicting signals about whether the proposed healthcare overhaul could hurt the party in the November 2020 general election."
A Trump-loving white security guard with a racist past shot and killed an unarmed Black man during an unprovoked hotel parking lot attack.
"A year after a Democratic wave swept an unprecedented number of women and people of color into higher office all across America, and at a time when Trump’s approval rating is cratering, women should not be afraid of nominating another woman to drive Trump and his brand of pig-headed patriarchy out of the Oval Office."
"A young, slender woman with a sign reading “End All Violence” stood at the doors and pleaded with the looters to stop. "
ABC News anchor George Stephanopoulos cut off President Donald Trump on Tuesday during an egregious string of lies about health care at an event with voters.
Abortion is a savage act of violence against innocent children.
Abortion is not healthcare. Healthcare preserves human life. Abortion destroys it.
"Abortion is not justice, in fact, it’s the ultimate act of oppression, and we’re gonna take a stand for the voiceless children scheduled to die at Planned Parenthood today."
"Abortion propaganda was always meant to obscure the reality of abortion, not justify it."
"Abortionists, who prey on desperate people, should no longer receive your hard-earned tax dollars."
"According to Planned Parenthood office in Roanoke, Virginia, the abortion giant will continue to perform abortion services during the COVID-19 pandemic, claiming abortion is an “essential” medical service."
"According to white nationalists who promote the Replacement Theory, enemies of the white race are seeking to “replace” whites with non-whites in the United States and many other countries. "
Activists for untrammeled entrance into the U.S. by Muslim “refugees” affixed a banner reading “Refugees Welcome” to the pedestal of the Statue of Liberty Tuesday.
"Actor Idris Elba insists he has been the victim of racism since the moment he was born, comparing questions about his experience with racism to asking him how long he has been breathing."
"Actress-turned-feminist activist Emily Ratajkowski and her husband are living in “prime NYC real estate” completely for free, according to a new report."
"Add to this toxic mix overmagnification by a media eager for pictures, the disinformation of Russian troll farms plus the president’s own tweets and public remarks."
"After all, not only was the intrepid, all-controlling/all-seeing hero of their meta-theory—Donald Trump—roundly defeated at the polls, but the anonymous persona at the center of the cult has dropped from sight."
"After all, our present administration, however unhinged, hardly launched this madness. President Trump’s rash, risky, and repugnant decision to assassinate Iranian Major General Qassem Suleimani on the sovereign soil of Iraq was only the latest version of what has proven to be a pervasive state of affairs."
"After all, who else are they going to find who would be willing to just openly gaslight members of Congress, telling them not to believe the evidence of the dead in Pittsburgh and Christchurch and El Paso and many other mass-killing sites, by wielding her blackness like a shield?"
"After being forced to issue a humiliating apology for urging doctors to wash hands and wear protective gear, Li died, allegedly of Chinese coronavirus infection, in February."
"After Donald Trump won the presidency in 2016 and the left-wing terrorists in Antifa took to the streets, everything changed again."
"After Donald Trump’s outrageous photo op in which he used federal police to attack peaceful protesters so that he could walk to a church to hold up a Bible, others noted how inappropriate it was for General Mark Milley, the current chairman of the Joint Chiefs of Staff, to not only be tailing behind Donald Trump during this publicized stunt but to be wearing his battle fatigues, something extremely inappropriate for the setting."
"After President Donald Trump’s news conference on a positive jobs report Friday morning, the mainstream media contorted a quote from the president to falsely convey he thinks George Floyd is happy about the jobs numbers."
"After Stephen Miller's white nationalist views outed, Latinos ask, 'where's the GOP outrage?'"
"After Steve King’s offensive implication that white people own Western civilization, Chris Hayes predictably responded with an idiotic remark about Western civilization giving us Hitler."
"After that phone call, police asked the couple to come in for questioning, prompting them to flee Saudi Arabia, a country long known for draconian laws against homosexuality."
"After the first Black president, Barack Obama, was elected in 2008, the number of hate groups “ballooned,” Miller-Idriss said, just as Ku Klux Klan activity grew again after the 1954 Brown v. Board of Ed. decision desegregating schools, and during the 1960s civil rights movement."
"After the murder of George Floyd provoked civil unrest, Donald Trump and the Republican leaders of Congress bloviated extensively about ""law and order."" "
"After too many episodes ramming down their throats that racism is wrong, the British Empire was bad, homosexuality is great, Victorian history looked like one great big United Colours of Benetton advert and that a female Doctor is better than a white male one, the series’s viewers have been abandoning it in their droves."
"After tremendous pressure on the Department of Homeland Security, Miller is advancing his agenda of not just blocking migrants from entering the country illegally, but making life in the U.S. so unbearable for legal immigrants that they leave the country."
"After witnessing the right-wing reaction to Greta Thunberg, the teenage climate activist from Sweden who spoke at the United Nations this week, there can be no doubt that modern-day conservatism, especially the Republican Party, functions primarily as a protection racket for the fragile egos of mediocre white men."
"After years of openly struggling with her weight (and health) and a seemingly self-imposed sabbatical from political lectures after backing Hillary Clinton in ’16, actress Lena Dunham announced to the world that it was Joaquin Phoenix’s unhinged Oscars tirade on the environment that has made her want to become vegan."
"Again and again, the information provided in the hearing completely contradicted the rosy statements that have been coming from Donald Trump and other White House officials and warned of a dire situation ahead."
"Ah yes, the stereotype of the dumb slut. Of course, conservative lawyers before the court carefully avoid the words ""dumb"" or ""slut"" when arguing that we shouldn't treating birth control exactly as we treat any other prescription medication. "
"Alarmingly, the Trump administration wants to take the reins off payday lenders."
"Alex Berenson, a former reporter at the New York Times who has written extensively debunking fearmongering claims related to the lockdowns wrote on Twitter Thursday that the tech giant to benefit the most from pandemic stay-home orders is refused to sell his latest book."
"All elected officials and candidates need to start being asked in public, on videos immediately posted to social media, why they aren’t doing anything to keep naked men from getting access to naked girls in showers, bathrooms, and locker rooms."
All of this paints the picture of an administration unprepared and unable to fulfill key duties in keeping American citizens safe.
All of which makes it obvious that Trump's claim that he closed the borders to reduce the spread of the virus is false.
"All of which serves as an important reminder: the president isn’t just ignoring scientists and related policy experts; he’s also ignoring his own administration that issued a related report, noting that climate change is a global security threat."
"All those bonanzas could have been used to fix your roads, bridges, mass transits, schools, clinics, and drinking water systems. Egomaniac Trump doesn't care about you; for him, it's about using the government to enrich himself and his family members and to bail out his failing hotels and golf courses."
"Almost all of this is gibberish; Trump still can’t speak coherently about California’s wildfires; and no officials in the Golden State ever conceded that he was “right” about the subject, because he wasn’t."
"Already, American taxpayers are forced to annually subsidize about $18.5 billion in medical costs for illegal aliens, according to estimates by Chris Conover, formerly of the Center for Health Policy and Inequalities Research at Duke University."
"Also during his speech, Trump said his administration defends Christians and Jews from the radical left Democrats and condemns the socialism that he claims has ravaged Venezuela."
"Also, decades of NRA propaganda have convinced people to associate guns with safety and, indeed, as the economy craters, the NRA is treating this crisis as another opportunity to sell guns to people."
"Although he didn’t seem to direct his comments at anyone in particular, many celebrities that consider themselves climate change activists have not adjusted their lifestyles of taking private jets to their engagements around the globe, for example, Leonardo DiCaprio, Katy Perry and Orlando Bloom all took heat in 2019 when they were among the A-listers to attend Google’s climate change conference by way of private jets and mega yachts."
"Alzheimer’s patients, lower-income preschool children, and HIV and cancer patients are among the Americans whose needs may go unmet so that the Trump administration can afford to detain thousands of migrant children."
Amazon first refused to publish a book skeptical of the mainstream narrative on the novel Wuhan coronavirus while still continuing to promote works by anarchists and Adolf Hitler.
"Amazon threatened to fire workers for speaking out to the press against the company’s role in climate change, according to the grassroots Amazon employee organization Amazon Employees For Climate Justice (AECJ)‏."
America is in the midst of a new cultural civil war that for years has been brewing under the surface as left-wing academics breed aggressively woke children now permeating throughout the nation’s mainstream institutions.
"America is likely to remain a relative manufacturing wasteland, as barren as Trump’s own ill-conceived ideas on trade."
America would be better off as a borderless rest stop for the world’s predators and parasites.
"Americans are growing increasingly aware of racial inequality in the United States, but a large majority still oppose the use of one-time payments, known as reparations, to tackle the persistent wealth gap between Black and white citizens."
"Americans generally associate white pride with slavery, segregation, and skinheads. For most of us those are negative associations so, yes, we think it’s creepy to be proud that you’re white."
"Americans know President Donald Trump is an outrageous, scandal-ridden character."
"Americans Need To Stop Hurrying Young People Into Student Debt Slavery. Above all, we must give high schoolers personalized post-secondary educational recommendations before they get caught in the quagmire of student debt."
"America's atrociously inadequate welfare state makes it by far the most vulnerable rich country to a viral pandemic, and the vicious, right-wing ideology of the Republican Party has wrecked the government's ability to manage crises of any kind."
"Among rich lefties, perhaps, this new reality was acceptable, as it dovetailed with their guilt over their own success."
"An analysis by Fox News shows at least eight potential Democratic candidates have voiced support for or touted aspects of the proposal, which amounts to a drastic overhaul of the U.S. economy and government benefit system."
An angry Senate Majority Leader Mitch McConnell (R-KY) slammed Democrats for voting against the bill and blamed House Speaker Nancy Pelosi (D-CA) for nixing bipartisan negotiations over a coronavirus package.
"An attorney for President Donald Trump on Friday blasted U.S. House Democrats’ request for six years of Trump’s tax returns as “a misguided attempt” to politicize the tax laws, accusing lawmakers of harassment and interference in IRS audits."
"An illegal alien has been charged with enticing a 13-year-old girl through social media and raping her in Madison County, Alabama."
"An individual can change his hormone levels and undergo surgery to better imitate the opposite sex, but a male on the day of his conception will remain a male on the day of his death."
An internationally known virologist with a military background explained to Breitbart News the United States is vulnerable to potential pandemics due to production of vaccines overseas and a lack of interest in making significant changes to the National Pandemic Plan.
"An organization backed by Saudi Arabia accused several foreign countries of inciting young women to reject their families, the first public comments from Riyadh since a woman claiming domestic abuse was granted asylum in Canada over the weekend."
"And amid the left-wing effort to demonize and defund police in America, Miranda has endorsed the radical Black Lives Matter movement that is smearing those police."
"And as discussed below, the idea that there is a real personal trait called “gender” that challenges or invalidates the identity significance of biological sex is equally fallacious."
"And combined with his Zoom calls into MSNBC and CNN, and sending out Kamala to give a prebuttal to Trump, it doubles down on the idea in the mind of those who aren’t that partisan that Biden is a weak figure, operating out of fear, with no answer except a return to lockdown and mandatory masks outside until a vaccine is widely available."
And has there ever been a more nauseating spectacle of empty gesture politics than Nancy Pelosi and her crew parading in African garb in the Congress last week?
"And he angrily demanded credit for having restricted travel from China earlier, saying that subsequent events had vindicated him — a typical egomaniacal gesture from the president."
And here is an unconfirmed report — from a retired Metropolitan Police officer — that rank-and-file police in Bristol wanted to intervene but were overruled by their woke superiors.
And his demagoguery around the Central American immigrant caravans and asylum-seekers continually obscure the fact that asking for asylum is an entirely legal form of immigration — even though Trump and his defenders now like to call it a “loophole.”
And if Bezos imagines that this act of blatant greenwashing will do anything either to save the planet or make the world a better place than he is living in cloud cuckoo land.
"And if we look at a subset of guns which the left  loves to deride - rifles, for instance - then a clearer picture about gun deaths is quickly visible."
"And in no sane world is Harris a moderate, but that is how the New York Times cast her in its continuing delusional coverage of the election."
"And in return for the value you have created, the employment you have provided and the tax revenue you have generated, all you get is a bunch of chippy socialists and whiny Remoaners accusing you of being selfish, greedy, and unpatriotic."
And making matters worse is that Trump refuses to condemn the violence from the far-right because doing so would undermine his mendacious claim that leftists are responsible for a lion's share of the mayhem.
"And most egregiously, in what will surely be viewed as one of the most ill-advised stunts in presidential history, the Trump Administration had federal security forces use tear gas and projectiles to vacate Lafayette square by force of arms so Trump could make a show of walking over to St. John’s Church and posing awkwardly with a bible held upside down."
"And no one could ever forget, or forgive, the attempted Democratic character assassination of Justice Brett Kavanaugh two years ago."
"And now we’re living through the 1619 Riots, and now the mask has been completely removed from the Democrat Party and media as we see vandalism, the desecration of our history, occupation, violent assaults against police and citizens, and the end of the rule of law encouraged, championed, and normalized."
And one particularly radical idea is sure to grab the attention of young people around the country: wiping out student loan debt for the vast majority of American borrowers.
"And rather than falter or die of old age, the expansion has continued through Trump’s first three years in office, giving him a trump card in the campaign to win a second term in November."
"And so, while demonstrations began to spread and police engaged in ruthless attacks on nonviolent protesters, Americans have been subjected to Trump trying — feebly, but at great cost to both taxpayers and public safety — to assuage his ego by demanding that his real life display of weenie-ness be “fixed” with reshoots and post-production edits."
"And sure, Republicans are stupid enough to go out and get infected, doing the virus’ dirty work for it. But the economy isn’t going anywhere as long as most people, who are sane and smart, refuse to put themselves in danger for a movie or haircut."
"And the oligarch billionaires have been waiting for just this moment, funding massive voter suppression, right-wing media, politicians who tell us that up is down, and efforts to keep their colleague, billionaire Donald Trump, in office."
"And the result this past weekend in Virginia’s 5th congressional district GOP primary, where first term Rep. Denver Riggleman lost to Bob Good, a Christian-sharia-loving, anti-LGBTQ, anti-immigrant bigot, is just the latest example of where the GOP is heading with or without Trump."
"And then along came President Barry Obama, who spent trillions of dollars on — what the hell did he spend all that money on?"
"And when Trump refuses to bow to the howling shrieks of the political correctness brigade and actually speaks openly and boldly about getting a good deal for Americans, it’s still refreshing, even as his first term nears a close."
And while some of these more cartoonish members are still on Capitol Hill we’re occasionally reminded about the torch being passed to a new generation of lawmakers who are equally difficult to take seriously.
"And yes, there’s something in the Fox News DNA over the years that has meant that women political opponents spark a deeper sense of outrage and hate."
"And yet lately, higher officials in the Democratic Party have started to express at least some sympathy for the devils — these destroyers of public peace.  "
Andrew Cuomo Has A New Plan To Kill New Yorkers
"Andreyah Garland, a 44-year-old single mother of three daughters, bought a shotgun in May for protection in the quaint middle-class town of Fishkill, New York. "
Angry Democrats blamed Republicans for what they see as a debacle that could leave millions of Americans without health care.
"Announcing and then signing a series of legally dubious executive orders, including an effort to slash the emergency federal unemployment boost by $200 from the $600 previously implemented by Democrats, Trump touted his order for a payroll tax ""holiday""—which experts noted would later have to be paid back—but said if he won in November that such a cut would become permanent."
"Another BLM activist — apparently unaware of the illegality of mass gatherings during the Chinese coronavirus pandemic — questioned: “If you want to shout and scream at me that every life matters, why are you not in the streets showing me that my black life matters?”"
"Another part of the problem is that the police have been brainwashed into imagining that the main threat to law and order and stability comes from the (largely mythical) far right — when it fact, for years, the far more significant threat comes from the hard left."
Anthony Fauci has shown himself to be a feckless bureaucrat whose ego and cowardice has done more harm than good to the United States and world in a time we desperately needed precisely the opposite.
Anti-Muslim bigotry is one of the cornerstones of Trumpism.
"Anti-vaxxers represent only about 2 percent of American families, although you’d be forgiven for thinking they’re more numerous. They certainly make a lot of noise and have some world-famous adherents. However, like malaria-carrying mosquitoes, this tiny group that punches above its weight may be on the verge of creating a public health problem for us all."
"Anyone who has seen the Sky series Chernobyl will recognise the kind of stolid, bureaucratic mindset captured in this damning paragraph from the report."
Anyone who has shouldered the burden of six-figure student loan debt knows the heavy toll it can take.
"AOC Ignores 130% Murder Increase in NYC, Claims Unemployment Leads People to ‘Shoplift’ Bread"
"Apparently, even many people within the gun rights movement are concerned and are working to prevent people from openly bringing weapons to the rally but with leaders like Tucker Carlson and Donald Trump rooting them on, the “good people” who will descend on Richmond on January 20 may feel like they have approval to light a spark."
"Appearing on CNN's ""New Day,"" national security expert Juliette Kayyem scoffed at a promise that Donald Trump made on Twitter Sunday night, where the president claimed his administration would have a good idea about how to handle the coronavirus pandemic in 15 days and go from there."
"Appearing Tuesday Cheddar Live, Rep. Maxine Waters (D) formally endorsed former Vice President Joe Biden for the White House, claiming that President Donald Trump is “destroying America” and advocating for the killing of both black and white children in the wake of nationwide protests over the death of George Floyd."
Are Trump and his ilk manipulating the markets for personal gain?
"Armed police supporters and anti-racism demonstrators clashed in Louisville on Saturday before the Kentucky Derby horse race, while Rochester police used tear gas to disperse protesters, as discord in cities across the United States continued to simmer."
"As a candidate, Trump recognized that China was taking our jobs, stealing our intellectual property, and using the United States as its piggy bank."
"As a perennial litigant, Trump weaponized the law to devastate perceived enemies, to consolidate power, to frustrate opposing parties, as former federal prosecutor and acclaimed author James D. Zirin illuminates in his compelling and disturbing history of Trump’s use and abuse of the law, Plaintiff in Chief: A Portrait of Trump in 3,500 Lawsuits (All Points Books)."
"As a political calculation, it shows Biden’s campaign is confident about their standing with many suburban moderates who were swing voters in the past but have moved solidly into the Democratic Party during Trump’s presidency, offended by his bullying demeanor and chaotic style."
"As also, of course, even more depressingly are the police – several of whom have been caught on camera abasing themselves before the mob by going down on the knees as if to beg for mercy for their ‘white privilege’."
"As banks leave low-income communities and jack up the cost of basic financial services such as checking accounts, many Americans instead have to rely on expensive and often predatory “fringe banking” institutions, such as check-cashing businesses, payday lenders and pawnshops."
"As Black Lives Matter rioters coursed through the city, Lightfoot attempted to lock the protesters out of the Loop area by raising the bridges over the Chicago River and blockading highway exits feeding into downtown."
"As Breitbart News also reported in January, if elected, Warren has also vowed to fill at least half of her Cabinet with women and “non-binary” individuals – or those who claim they are neither male nor female."
"As Breitbart News most recently reported, blue-collar Americans in landscaping, conservation work, the meatpacking industry, construction industry, and fishing jobs have had their wages dragged down by foreign workers imported through the H-2B visa program."
"As Breitbart News reported, Bloomberg and the left are embracing the transgender ideology despite scientific facts."
"As Congress begins debating the Equality Act, the Heritage Foundation warns that if the bill becomes law it will prove the death knell for women’s sports."
As congressional Republicans unsuccessfully voted to defund the ACA more than 50 times he went on the warpath against an obscure portion of the law meant to safeguard participating insurance companies against crippling financial loss as a result of the new requirement to cover clients with pre-existing conditions.
"As controversies about the “reopening” of America loom over our lives, nothing seems as intrinsically irrelevant — yet possibly as critically important — as how soon major spectator sports return."
"As coronavirus outbreak continues, Trump fails to inspire confidence"
"As dear leader Mitch McConnell (R-Ky.) is fond of saying, “winners make policy, losers go home.” And yet unfortunately, Republicans in the Senate refuse to take the phrase to heart. Which is a real shame. We are just under 280 days into the Trump presidency, yet beyond nominations, Congress has made almost no progress passing the agenda America elected them to enact."
"As for Joe Biden, he’s made some truly bizarre comments about guns over his long political career, driven more by a desire to appease both gun-control advocates and gun-owning Democrat constituencies than any coherent philosophy."
"As it has played out on the ground, these gatherings have become bellicose, and frequently armed, mobs protesting police officers at their homes, breaking into health-board meetings that were being held online, and breaking down the doors inside the Statehouse and attending committee meetings unmasked in order to intimidate state legislators."
"As mayor of New York for 12 contentious years, Bloomberg backed the wildly racist stop-and-frisk policy that empowered cops to target men of color for random searches, which Charles Blow of the New York Times said “amounted to a police occupation of minority neighborhoods” and did little to actually stop crime."
"As part of his plan to protect the commonwealth of Virginia from the spread of the Wuhan coronavirus, Gov. Ralph Northam determined that citizens should not be allowed to attend church or worship services, but are fine travel to an abortion clinic and undergo an elective procedure like surgical abortion."
"As part of Pelosi’s coronavirus plan, House Democrats slipped in multiple measures from their H.R. 1 legislation that would implement nationwide ballot harvesting for federal elections — effectively allowing political operatives to collect and deliver an endless number of absentee ballots from voters."
"As people sip cafecito and eat croquetas at the landmark restaurant, the buzz here these days is what Cubans say is the alarming rise of Democratic presidential frontrunner Sen. Bernie Sanders, whose unabashed defense of late Cuban dictator Fidel Castro has riled Cuban-Americans who view his comments as a personal attack."
"As Santa Claus loads his sleigh led by flying reindeer, climate change proponents are spreading the story of the animals’ plight because of global warming."
"As shocking as it is, even the terrorists of ISIS have been shown for respect for science when it comes to COVID-19 than the Christian Right, American white nationalists and coronavirus truthers. And the more the Christian Right rails against Fauci and social distancing, the more painfully obvious it becomes that they are a white nationalist death cult."
"As shown below, women are harmed by Planned Parenthood, and the vulnerable––such as sex abuse victims and the unborn––are sacrificed for profit and political advance."
"As tempting as it is to believe there’s a consolation prize for a Biden-Harris win, this argument ignores one of the key truisms of politics: Politicians seek power, and leftist ones especially."
"As the bully-in chief, he weaponizes language into a tool of hatred and in doing so transforms politics into a spectacularized theater of bigotry, humiliations, and violence."
"As the deadly COVID-19 contagion sweeps across the country, gun sales are surging, spurred in many regions by panic buying and purchases by first-time firearm owners."
"As the future administration of Joe Biden and Kamala Harris heads for the White House (no matter the recalcitrant loser still ensconced there), the rest of us must equip ourselves with both courage and caution, living as we do in a divided nation, in -- to be exact -- two very different Americas."
"As the president spoke about doing “a lot” to address gun violence, while also emphasizing mental health, it was hard not to think of one of the first bills Trump signed into law."
As the ranks of Democratic Party 2020 presidential hopefuls continue to swell and Trump’s chaotic lawlessness proliferates it’s easy to miss a deepening crisis that’s already taking a toll on millions of households and is about to get much worse.
"As the Republican Party is struggling to defend him in a moment of nationwide strife, President Donald Trump decided Thursday night to fuel divisions within GOP rather than make nice."
"As the senators’ letter pointed out this week, government watchdogs have repeatedly called out the PHEAA’s mismanagement of the program over the years."
"As The Washington Post described talks with two dozen administration officials, the White House spent times scrambling to gain control of a rudderless response defined by bureaucratic infighting, confusion and misinformation."
"As the world as we know it comes to a quicker-than-expected end, with much of Australia caught up in wildfires that climate change did not start, but are unquestionably making worse, Amazon CEO Jeff Bezos is getting roundly toasted for his announcement that the company with the too-ironic name will be donating roughly $690,000 to Australia to help combat the ongoing fires."
"As the world’s scientists and pharmaceutical companies seek a cure for the coronavirus, other anti-vaxxers are gearing up for a fight against any potential new vaccine."
"As Trump has attempted to create chaos in the streets and encouraged a culture of criminality in corporate America, he has also presided over unprecedented corruption in the executive branch of the federal government."
"As Trump was speaking, black-clad leftists gathered outside with bullhorns, flashing lights, vuvuzelas and a guillotine."
"As voters around the country brace for the general election in November, lawmakers in different states have begun the process of introducing bills aimed at rolling back the rights of transgender people, previewing a major civil rights issue aimed at polarizing voters."
"As we got into the cab, our tow truck driver, a middle-aged man from Brooklyn, wasted only a few minutes before bringing up Trump with missionary zeal. He told us that he hated politics and hated politicians, but loved Donald Trump. Why? Because Trump is the only one speaking up for people like him."
"As we have seen across America these past weeks, like other left-wing, antisemitic movements, BLM justifies violence and resorts to it."
"At a Republican dinner in Lewiston, Maine, on Saturday night, Sen. Susan Collins gave a rousing welcome to former Gov. Paul LePage, whined about dark money being spent against her, and lied about the damage done by the 2017 tax scam bill, for which she provided the deciding vote. "
"At any other time, the U.S. would have led efforts and coordinated global fights against epidemics, but the science-averse Trump administration had already axed the CDC expert in China."
"At least Morrissey, who stepped into his son’s life after an unexpected pregnancy, chose life — unlike Northam, who supports late-term abortion and advocates for killing unwanted children after failed abortions."
"At the time, Moynihan was primarily concerned that irresponsible politicians promising their constituents an insupportable array of handouts would jeopardize America’s economic well-being."
"At the time, Wilson claimed he was only helping illuminate the contours of the 2016 race, before eventually being hired by one of the White House hopefuls."
"At this point — and keep in mind this is the open discussion part of the debate — after Biden had his say, Trump jumped in and Biden became outright obnoxious and  started interrupting Trump constantly"
"At what point did we decide George Washington and Abraham Lincoln were moral monsters, or that all police are racist thugs?"
"Athletes and fans are excited for Sowers' historic role at Super Bowl LIV and have remarked that her position is especially poignant given there have only been 13 out gay and bi players in the NFL's 100-year history, according to OutSports."
Australian Rugby Player Israel Folau and his anti-gay sentiments appear to have gone too far this time.
"Author and Trump hater Stephen King is feeling the heat from fellow liberals following his tweets about the Academy Award nominations, in which he said that quality is more important than diversity when it comes to creating works of art."
"Backed by Trump & Co., that's the brilliant health care priority being pushed by top Republican officials in 18 states."
"Bad news for wealthy New York elites looking to avoid protestors by fleeing to The Hamptons. The pitchfork-wielding mob has found you, and they’re not backing down."
"Banks lamented that China has now become a partisan issue simply because Trump has blamed China for trying to hide the discovery of the coronavirus in Wuhan, China, and allowing it to spread to the rest of the world."
"Bannon, who previously served as Executive Chairman of Breitbart News, has denied the false claims spewed against him mostly by those on the left."
"Barring that, Trumpism will spread and infect our nation like a deadly cancer."
Bastille Day – the Beginning of Liberal Madness
"Bear in mind that none of these moneyed elites did anything to earn these extraordinary bonanzas. They didn’t work any harder, didn’t get smarter, didn’t add anything of value to society but simply reclined in luxury and let their money make money."
Because the white Jews knows that the Negroes are the real Children of Israel and to keep Americas secret the [white Jews] will blackmail America
Because Trump’s plan to gut pollution safeguards was so drastic that many states announced plans to enforce stricter emissions standards on their own.
"Before President Donald Trump threatened to violently suppress demonstrations in memory of Floyd, before the spread of recording equipment let the world witness how U.S. police brutalize non-white bodies and before “I can’t breathe” became a global rallying cry challenging American cruelty and injustice, America tried to explain its racism to the world."
"Before they decide whether to let this stand, congressional Republicans should probably have an uncomfortable conversation."
"Before you cast your ballot, let's toast your informed self-respect as clear-minded voters who can see an immoral, law-breaking, greedy Trump regime full of plutocrats who couldn't care less about America and the people they've exploited."
"Bennett is seen immediately unleashing a tirade against Pan as he walks beside the politician, who tries to ignore, then laugh off his antagonist."
Bernie Sanders Claims Medicare for All Will Save Americans ‘Substantial Sums’
"Bernie Sanders Is Crazy, But The Only Democrat Candidate Voters Actually Like"
Bernie whacks Trump on pre-existing conditions
"Beto O'Rourke defends Ilhan Omar, assails Trump as 'racist' as his celebrity status wanes"
Bevin’s downplaying of the necessity of vaccines is reckless — but deliberately infecting his children is much more so.
"Beyond publishing propaganda-laced fluff pieces, the press proved its hatred of Trump by providing only scant coverage of three stories: China’s takeover of Hong Kong, its persecution of Uighurs, and its use of TikTok and WeChat to spy on Americans."
Bezos is merely the scam’s latest and most outrageously profligate useful idiot.
Biden is embracing Cardi as his latest celebrity surrogate after she told New York police “fuck you” and said Minnesota rioters had “no choice” but to loot and steal after George Floyd’s death.
"Biden made the apocalyptic pronouncement while discussing climate change before a crowd of supporters in Peterborough, New Hampshire."
Biden rips Trump for giving Rush Medal of Freedom.
"Biden spoke passionately Saturday night about handing out food to children and adults with his wife, Jill, and his grandchildren earlier in the day as he blamed President Donald Trump, who has proposed and begun to implement deep benefit cuts for federal subsidies benefiting the poor"
"Biden would be a disaster for small businesses, their employees, and their communities."
"Biden’s five picks are typical of centrists who want to trim the edges of our bloated, draconian justice system without changing anything systemically."
"Biden’s new, 12-page policy plan proposes financing for its recommendations, including funneling more money to regions with high poverty rates and pushing the United States to net-zero greenhouse emissions by 2050, by raising corporate taxes and ending subsidies for fossil fuels."
Biden’s shift radically leftward reflects that of his party.
"Biden’s statement was in keeping with that practice of obscuring the role of the Islamic State, or radical Islam in general."
"Big Labor is not buying the Democrats' Green New Deal, saying the proposed economic and energy reforms could cause “immediate harm” to millions of union employees and threaten their livelihoods."
Big-money donors seem to have activated their astroturf groups to get people out in the streets to make sure that Trump feels the pressure from his beloved base to open up the economy.
Bill Gates has a total legacy of inflicting suffering on people under the guise of giving them a useful product.
Billionaire Democrat presidential hopeful Mike Bloomberg is a staunch proponent of gun control for America with one caveat–he gets to spend his days surrounded by good guys with guns to keep him safe.
"Bizarrely, Abbott declared he was focused not on preventing infections but on making sure there were enough hospital beds for those who get infected. "
Black Lives Matter (BLM) cloaks itself in garb of justice and morality.
"Black Lives Matter activists in Chicago held a rally Monday evening to stand in solidarity with the dozens of individuals who were arrested after a night of mass looting and criminal activity, with one organizer brazenly defending looting as a form of reparations."
Black Lives Matter In Public Schools Is Turning Kids Into Little Marxists
"BLM, like the Women’s March, has from its start been ardently antisemitic."
"Bloomberg also supports passage of the Equality Act, which would bar governments and sports organizations from recognizing the biological/physiological difference between men and women and replace it with “gender identity.”"
Bloomberg claims he has been against redlining.
Bloomberg is running the same tactics that helped Democrats successfully win the House of Representatives in 2018 — threatening that Republicans’ attempt to repeal Obamacare would remove healthcare coverage for preexisting conditions.
Bloomberg looked like that 3-point favorite in college football walking into a trap game unprepared/looking ahead on the road and getting walloped by the home dog.
"Bloomberg, imbued with the shamelessness of a man too rich to ever hear the word “no,” openly bragged about the racism motivating the policy, telling a crowd in Aspen in 2015 that 95% of murderers are “male, minorities, 16 to 25” and that this supposed fact was enough to justify treating an entire demographic as suspicious and a policy that amounted to “throw them up against the walls and frisk them.” "
Bloomberg’s radical transgender agenda included supporting the Do No Harm Act that would gut the Religious Freedom Restoration Act’s provision to protect Americans right to live and act according to their religious convictions.
"Borrowing from Hillary Clinton, leftist Italian media have labeled those attending the pro-family Congress a “list of deplorables,” calling pro-life and pro-family advocates “neofascists” and “homophobes.”"
"Breaking store windows, setting buildings on fire, vandalizing monuments to American heroes, leaving graffiti threats on synagogue walls, attacking Christian churches and tombstones, terrorizing the living, and giving no peace to the dead— these are the great accomplishments of Antifa and those they egg on."
"Breitbart London previously reported on the content of these guidelines, which promote transgender ideology, homosexual lifestyles, and “safe access to abortion”."
"Brexit Party leader Nigel Farage blasted Boris Johnson for failing to confront the Marxist Black Lives Matter UK movement, saying that the prime minister is “trapped” by a politically correct culture."
"Britain’s parliament has rebranded itself with possibly the wokest logo evah: a rainbow flag which invokes simultaneously the racial harmony of South Africa, the quiet dignity of Black Lives Matter, the modest restraint of the transgender movement, the subtlety of LGBTQ and the scientific and economic integrity of the green movement – all in one multicoloured vomiting splurge of rainbow-hued diversity."
British Olympic swimmer Sharron Davies also slammed the concept of transgender athletes.
Brooklyn measles outbreak: How a glossy booklet spread anti-vaccine messages in Orthodox Jewish communities
"Bush, who has largely avoided politics since leaving office in 2009, has recently weighed in on the Chinese coronavirus pandemic and the death of George Floyd — and while neither statement mentioned President Trump by name, they were regarded as veiled swipes at his handling of both matters."
"But across the country, Americans were confronting a horrific landscape of downtown retail districts being destroyed by mobs Sunday as police did nothing to intervene."
"But as many reminded the President, his horrific mismanagement of the coronavirus pandemic also happened on his watch."
"But at least ISIS had enough common sense and scientific knowledge to realize that coronavirus posed a major threat to its members; in the U.S., the Christian Right and white nationalists have failed to take coronavirus seriously."
"But Bannon — the former Harvard Business School grad, Goldman Sachs managing director, and Hollywood mogul — cast California as a linchpin in the fight to halt the spread of what he called the globalist and elitist agenda. He urged Republicans to organize, rise up — and put up a fight to hold on to California House seats that are considered vulnerable in 2018."
"But behind the scenes, Trump was getting briefings. Terrible briefings. Really awful stuff. His own campaign manager, Brad Parscale, who was reported to have spent his hefty paycheck from the Trump campaign on condos, a luxury boat and a Ferrari, met with him and showed him his internal poll numbers."
But Buttigieg’s liberal elite background has not stopped him from claiming the mantle of a Democrat political figure in a Republican “red state.”
"But Carlson is the most prominent critic of the corporate visa-worker pipelines, which divert job opportunities and wages away from Americans."
"But Christian right leaders are also not about to let medical science supersede their authority, much less get in the way of their quest for power and cold, hard cash."
"But even as the job losses mounted into the tens of millions as the nation rushed to try to contain an already widespread pandemic, the President personally promoted miracle quack cures like hydroxychloroquine and demonstrated his unbridled personal buffoonery by wondering aloud about the possibility of drinking bleach and injecting sunlight as a method of curing oneself of coronavirus."
"But even if there was a president in the Oval Office who took the issue seriously, there’s still a do-nothing Senate to contend with."
But even those who take steps to better their financial situation often end up stunting their opportunities in the long run thanks to the high cost of financial services. College offers a prime example.
"But existing U.S. sanctions already place such huge obstacles in the way of Iranian oil exports and imports of food, medicine, and other consumer products that it is hard to imagine what further pain these new sanctions can possibly inflict on the besieged people of Iran."
But Hedges also sees hope for saving the United States from imminent tyranny. Where? In the George Floyd protests and the possibility of revolutionary change.
"But how is Francis going to maintain that particular comedy persona now that we know that underneath he is a cowardly, politically correct, blubbing cry-baby who in fact really does care what a bunch of race-baiting, commie thugs think, and is so scared of losing his very well-paid job on mainstream TV that he’s prepared to grovel and humiliate himself in order to keep it?"
"But if there is one thing we have learned about Trump in the last four years, it's that he's a human earthworm: Every time he gets cut in half, he grows another tail using lies, cheating, and thievery."
"But in her rush for snarky liberal-bashing, Swoyer misses the real story about Alexandria Ocasio-Cortez’s pricey haircut: the blatant and disparate “female tax” that women in power must pay to achieve and maintain their power."
"But instead of closing loopholes that allow criminals to access firearms, the bill by House Democrats could turn millions of law-abiding American gun owners into felons."
But Islam is the mother load of bad ideas.
"But it was Hawley’s keynote address at the National Conservatism Conference that nailed down who he is, what he believes, and where his party is going in a way that should be absolutely terrifying for every American."
But it’s getting increasingly difficult to maintain the myth that the enormous wealth inequality in not just American society but the entire world somehow reflect a system that’s fairly rewarding people for their talent and labor.
"But it's also true that high-profile travesties of justice, such as the one Senate Republicans are currently preparing to commit, can often provoke major political backlash. "
"But make no mistake about it: Despite receiving widespread positive attention from many in the press, Ocasio-Cortez’s radical left-wing policy proposals and her socialist ideology present a significant threat to America’s economy and its longstanding commitment to individual liberty. "
"But Never Trumpers are not decent people. All that matters to them is media money and cable news fame,  and these mercenary grifters know their grift as house-trained conservatives feted by the corporate media ends the moment they choose Trump over anyone, including Jurassic Communist."
But New York’s Andrew Cuomo is no normal governor. This is the jamoke whose state has the most deaths from COVID-19 of any but is taking a victory lap and coming out with a book about his abject failure.
"But of course, Joe Biden and the leftist cabal who will control him will never allow that, and the sheep’s clothing Democrats and fake media outlets like NBC News are using to push AFFH and demonize its critics, like Trump, is race and racism."
"But one glaring absentee was Trump, who not only declined an invitation but failed to send any American representative at all."
But pockets of vaccine skeptics have helped cause outbreaks of measles and whooping cough.
"But rather than appreciate the fact that Asian-American women are considered highly attractive, Lim sees only a sneaking racial bias, a reflection of our upside-down cultural world where victimhood and oppression carry more social currency than even beauty and success."
"But so many anti-vaxxers add selfishness to their faults and put innocent children, who because of age or immune system deficiencies cannot be vaccinated, in danger."
"But the ""young outsiders"" do share the racism of traditional conservatives. They are easily riled up by the demonization of social spending programs like Obamacare or food stamps"
But the British Government — and this one’s Conservative; imagine what a Labour one would be like! — is so wedded to green ideology and so nervous of the well-funded anti-fracking campaign industry that it has imposed such extreme precautionary principles on shale gas exploration that the fracking industry has effectively been strangled at birth with red tape.
"But the Christian Right embodies a dangerous form of Christianity that is bitterly anti-science, and its ideology goes hand in hand with white nationalism and the coronavirus truther movement."
But the fact that Trump cloaks this fact by stoking false fears about immigrant crime and delivering rage-filled rants about “illegal” immigration shows that this isn’t some genuine and reasoned policy view about the costs and benefits of new entrants to the labor force — it’s a reactionary stance built atop anti-immigrant bigotry.
But the national and global trends spin a tale of two separate realities. An irrational fear of vaccines among well-educated and largely white Americans has fueled an utterly preventable and dangerous disease that had been considered “eliminated” by scientists.
"But the president kept his word when it came to the Court. It’s still early in the Trump era, of course, and we really have no idea how the residual political effects of our acute partisan battles or investigations or ugly rhetoric or the often-incompetent presidency will manifest in the long term."
"But the radical left doesn’t want you to know that history is nuanced and complex; all they want is to use it as an excuse for promoting guilt, division, self-hatred."
"But the sad truth is that as long as Christian right leaders keep on shilling for Republicans, the party will close its eyes and embrace them, no matter how many people have to die."
But the sclerotic bureaucracy that rules the healthcare system itself is an abject disaster and a national embarrassment.
But the self-righteous red-state politicians should stop yapping about bailouts and remember what the blue states have done for them these past many years. 
"But the skeptics have taken on a brasher, bolder tone in recent months."
"But the timing made the mailer less of an attack than an argument in favor of Lewis George: It arrived in mailboxes as protests over police killings of Black people, including George Floyd in Minneapolis, broke out nationwide and sparked calls for massive overhauls of police departments across the country."
"But then, science has never been a strong point of the Christian Right or white nationalists. They are bitterly anti-science, which is why they so deeply resent anyone who offers accurate information on the pandemic — be it Dr. Fauci or reporters at CNN and MSNBC."
But there may be a more innocuous place for white supremacist propaganda to spread: Amazon currently sells multiple books that espouse racist and white supremacist ideologies on its platform.
"But there's a method to their madness. As chaotic and dysfunctional as they are at governing, Trump and the Republicans are united on their electoral strategy."
"But to Democrats, the tactic of demonizing Republicans as racists was nothing new"
"But Trump also has provided Democrats with fodder they are likely to use to challenge his healthcare claims, and they are sure to argue that Trump will cost millions of Americans their coverage."
"But Trump and his most ardent supporters seem almost physically repulsed at the very idea of wearing a mask. One Republican Ohio state legislator even claimed that since “we are all created in the image and likeness of God,” covering the face with a mask is an affront to God’s creation."
"But Trump has a track record of flouting scientific advice and some experts are skeptical that vaccine trials, which have to study potential side effects on a wide range of people before they can deliver a verdict, can be completed by late this year or even early next year."
"But Trump’s pro-American policies are frustrating judges who were appointed by former President Barack Obama, prompting some to leave and open new slots for Trump-appointed judges."
"But with the can of worms now open, Democrats see opportunity on everything from gun control to climate change, especially if the Supreme Court upholds Trump’s declaration."
But you have to remember that the Oscars were started in the late 1920s by a lame white guy (Louis B. Mayer) as a way to give his friends participation trophies
But Trump and his cabal and cult members are never to be questioned about their vile behavior.
"But, whether this switch constitutes a true win for the racist right or not, it’s clear that MAGA conservatives are highly attuned to how decisions are made in the White House and which positions they want to control."
"But, yeah, good work each and every one of you reporters who made this fake story something to waste time on this week. You’re all hacks."
"By any sensible measure, the Trump administration is among the worst ever seen for respecting, valuing, and following science."
"By bringing BLM into the classroom, activist educators are allowing the most radically divisive movement in modern American history to warp children’s worldviews."
"By supporting Medicare for All, ACP is supporting dramatic pay cuts for its members."
"By threatening the kids and their families with deportation, the administration’s U.S. Citizenship and Immigration Services was effectively delivering death sentences."
Cable news is poison.
California has a ten-day waiting period on gun purchases yet that state also witnesses some of the most heinous public firearm-based attacks in the nation.
California’s only “achievement” in health care is extending “free” benefits to illegal aliens.
"Can the loyalty of Trump voters withstand racial tensions, cities on fire, stores looted, and people being beaten and killed in the streets? Yes. If the left keeps comparing gun owners to slave owners. If they advocate throwing white women out of airplanes; if they beat their neighbors with two-by-fours; if they murder a 77-year-old former police chief and broadcast it on Facebook Live."
"Cancellation of a two-week United Nations meeting on gender equality, female empowerment and “women’s issues” due to the coronavirus outbreak sparked an outcry from 12,000 disappointed delegates, diplomats and non-government organizations scheduled to fly into New York for the event and work towards ending “default male thinking” across the globalist organization."
"Carmen Lodato wears a pin with her mother’s face — a reminder of the heart-wrenching murder six years ago in Alexandria, Va., that got her into the fight for gun control."
Cartoon dubious rich person Betsy DeVos issued a new rule on Thursday that will require public schools to share more of the CARES Act relief funds—meant for public schools—with private schools.
"Cartwright, who represents Pennsylvania’s eighth congressional district, launched a campaign ad recently, claiming that Bognet would eliminate health insurance coverage for millions of Americans."
Catholic League president Bill Donohue slammed New York mayor Bill de Blasio Friday for his irrational coronavirus lockdown rules and anti-religious animus.
CBS Late Show host Stephen Colbert claimed on Tuesday that President Donald Trump’s describing himself as a “nationalist” serves as an indication of his hidden sympathy for white nationalist movements such as Ku Klux Klan.
Celebrity Pseudoscience: Here Are Nine Household Names Who’ve Pushed Bad Science on The Public
"Certainly, in a cult revolving around an omnipotent, all-seeing hero who in their mythology is reliably ten steps ahead of the nefarious liberal criminals overseeing a global pedophilia ring about to be brought to ground, the notion of a legitimate defeat at the polls is inconceivable. "
"Certainly, the disadvantaged citizens of Alabama or Mississippi or Tennessee aren't to blame for the demagogic nonsense uttered by Republicans who misrepresent them in Congress, and they don't deserve to be punished either."
"Charleston, West Virginia is the most recent small city to be secretly targeted by the Obama administration and the politically-powerful resettlement agency industry as a site to place more refugees."
Chernobyl is basically a more benign version of the Republican Party.
"China – the country that throws its minorities into concentration camps and uses them for slave labor, the brutal authoritarian regime driven by Han Chinese racial supremacist ideology, the government that thinks nothing of wiping out entire villages if it needs to build a few dams quickly to put on a good show for the Olympics – boasted of its superior compassion and tolerance in the pages of the CCP’s Global Times on Monday"
China appears to be feeding off similar complaints from the left in the United States. Complaints about partisan “gridlock” are perennial and grow especially loud when Democrats and their highly sympathetic media are the ones complaining about Republicans getting in their way.
"China is attacking the values of freedom, human rights, and sovereignty that the United States and other like-minded nations hold dear."
China’s state-run media quickly seized on the obsessions of their American counterparts over the weekend by linking President Donald Trump to “white nationalism”
"China’s state-run propaganda newspaper Global Times repeatedly gloated this weekend over the widespread destruction by radical leftists in the United States, claiming on Monday that “Chinese netizens are cheering” looting and vandalism."
"Chinese state media outlets have been bursting with criticism for President Donald Trump during the current round of riots, but the Chinese Communist Party (CCP) also tossed a few bricks at former President Barack Obama and his Democrat Party, needling them for doing little about racial issues and touting China’s efforts to care for its poor and disenfranchised as vastly superior to the Democrats’ half-hearted socialism."
Christians should make clear that the perpetuation of objectionable vaccines and the lack of alternatives is a kind of coercion.
Climate Wunderkind Greta Thunberg has garnered gushing praise from celebrities during her environmental crusade.
Closing the gender pay gap is not rocket science – even though recently graduated female rocket scientists earn 89 cents on the dollar to their male peers.
"CNN anchor Chris Cuomo was quick to defend climate activist Greta Thunberg from ""Trumpers"" who mocked her on Thursday but was quickly reminded about the settlement his network recently made with Covington Catholic High School student Nick Sandmann."
"CNN Hires Woke Saints Safety Malcolm Jenkins to Comment on Race, Social Justice Issues"
CNN national correspondent John King ripped President Donald Trump for not mentioning climate change in his second State of the Union address.
"Cohen said political leaders are playing with fire when they promote white supremacist talking points, such as exaggerated claims of the security threat immigrants present and their supposed drain on public resources, to stoke their supporters."
"Collins, often described as a “moderate,” is not a far-right wingnut; the Maine senator leans conservative but isn’t an extremist like Rep. Devin Nunes of California or Rep. Jim Jordan of Ohio. "
"Conservative Christians exploded on social media, citing the controversy as further proof that their faith is under attack by intolerant liberals and coastal elites who care little about human life."
"Conservative commentator Ben Shapiro wants you to know that he’s so pro-life, he wouldn’t even consider aborting baby Hitler."
"Conservatives Win In Poland, And Leftist Media With No Better Ideas Calls It Bigotry"
"Considering the negative, often false propaganda uttered by politicians hostile to Social Security and the financial services industry, and misleading media coverage, that is not surprising, that many young people have been conditioned to think they should not count on Social Security to be there when their time to retire rolls around."
"Consistently, Trump has fed the menacing right-wing misinformation machine by repeatedly insisting that the virus is “going to go away.” He has systematically undermined his own top scientists and is now ignoring them altogether."
Conway recycled a right-wing talking point that falsely claims a bill designed to loosen certain restrictions on late-term abortions in Virginia is “infanticide” during her Monday appearance on “Outnumbered Overtime with Harris Faulkner.”
"Cops are to blame for much of this mayhem. Video clips show them wildly out of control, inciting violence and inflicting it, instead of defusing and preventing it."
"Corinthian College Inc. is the bankrupted and criminal organization that Marco Rubio was defending just this past year, probably because he got a boatload of money from them in campaign organizations. Over the past 10 years it has come to light—through numerous lawsuits and state and federal investigations—that untold billions of dollars has been swindled out of student and taxpayers’ pockets by this private educational company."
"Coronavirus truthers ignorantly believe that the mainstream media, Democrats, liberals, progressives and Never Trump conservatives have been exaggerating the threat of COVID-19."
Coronavirus vaccine and quarantine protesters in America form an unholy COVID-19 alliance.
Coronavirus vaccine and quarantine protesters in America form an unholy COVID-19 alliance. These groups have converged to spread the same dangerous and self-defeating message.
Coronavirus: E.U. blasts Trump's travel ban as it unleashes chaos and confusion.
"Court made clear what was otherwise evident then: Rubio and his fellow Republicans didn’t kill Obamacare, they only made it a bigger mess."
Crisis in chief: The president is spreading disinformation about the coronavirus — and there's no way to stop him
"Critical education has now turned into indoctrination on critical race theory. Some 4,500 classrooms have adopted the New York Times’ anti-American “1619 Project” into their curricula."
"Critics of the federal refugee resettlement program warn that, if elected, Hillary Clinton will flood the country with Muslim refugees."
"Cuban slave doctors that have escaped the system have said that, while working abroad, the Castro regime forced them to invent patients and throw away perfectly good medicine to boost the statistics on the number of patients Cuban doctors actually treat."
"Cuomo has been championed by the mainstream media for his response to the coronavirus pandemic in New York City, but his state-wide response to nursing homes deserves anything but the glowing praise he’s received."
"Curiously, both Kelly and Yen seem unaware of the influx of undocumented immigrants pouring into this country daily from countries with very low vaccination rates..."
"David Rothkopf, an anti-Trump commentator, cited the coronavirus pandemic in telling Parscale ""you should have considered the term 'Death Star' a little more carefully-what with the 100,000 or more people who are likely to die because of your candidate's failed leadership."""
Debates about the viability of school voucher programs have focused in recent months on programs with lackluster or spotty academic records. But there’s another issue raised by the potential expansion of public financing for private schools: an exacerbation of segregation.
Dem Senators Say Mismanaged Student Loan Program Screwed Thousands
"Demagogue that he is and that he’s toyed with becoming since well before he ran for president, Donald Trump used his June 2 rant against looting and thuggery after George Floyd’s murder to bang the drum for a civil war that he’s been toying with starting ever since he took out full-page newspaper ads in 1989, calling for the death penalty and greater police presence even after the charges against young black men in the Central Park jogger attack were soon found to be  baseless."
"Demagogue that he is and that he’s toyed with becoming since well before he ran for president, Donald Trump used his June 2 rant against looting and thuggery after George Floyd’s murder to bang the drum for a civil war that he’s been toying with starting ever since he took out full-page newspaper ads in 1989, calling for the death penalty and greater police presence even after the charges against young black men in the Central Park jogger attack were soon found to be  baseless. "
"Democrat megadonor and healthcare executive Judy Faulkner has tried to block a Trump healthcare rule that would cut healthcare costs, grant patients more control over their healthcare data, and preserve her company’s dominant status in the electronic healthcare record market."
"Democrat presidential candidate Joe Biden, who boasted during the CNN debate Sunday evening of his 100 percent rating from abortion political advocacy group NARAL, presents his “Agenda for the Catholic Community” at his campaign website."
Democrat presidential hopeful Pete Buttigieg apparently felt the sting of Rush Limbaugh’s recent comments about his masculinity and lashed out at the radio icon and Trump supporters in an interview with Ellen DeGeneres.
Democrat presidential hopeful Sen. Amy Klobuchar (D-MN) attempted to slam Democrat challenger former New York City Mayor Michael Bloomberg after he said it takes him a “long time” to get materials together to release his tax returns and claimed he “can’t go to TurboTax.”
"Democratic presidential candidate Joe Biden on Tuesday blasted President Donald Trump’s response to U.S. protests over racism and police misconduct, vowing to try to heal the country’s racial divide and not “fan the flames of hate.”"
Democratic presidential nominee Joe “You Ain’t Black” Biden seems to be trying to brand himself as a champion for small business.
Democratic U.S. Rep. David Cicilline of Rhode Island eloquently blasted Republican Rep. Matt Gaetz of Florida during Wednesday’s House hearing on gun control.
Democrats also said some girls might risk being thrown out of their homes or beaten if they tell their parents they're pregnant.
"Democrats and other critics blasted Trump's plan to reduce the scope of the task force Tuesday, given the threat that death tolls would rise as states reopen businesses and other parts of their economies."
Democrats are shortsighted if they simply believe that creating new limits on gun ownership will increase Americans’ safety.
"Democrats are suddenly obsessed with Lev Parnas, the Rudy Giuliani associate who was indicted on federal campaign charges last fall."
Democrats have made it clear they will sandbag the people we’ve elected to govern if we refuse to vote for Democrats.
Democrats have seethed as they helplessly watched the Trump administration undo or block a slew of Obama-era environmental proposals during the past two years.
Democrats Push Pork for Planned Parenthood in Coronavirus Package
"Democrats Ramp Up Their War On America’s Institutions, Promising Riots If Trump Nominates A Justice"
"Democrats really don’t want to spend billions of taxpayer dollars on a giant, ineffective border wall, so if Trump were try to come up with an offer designed to entice them, he’d have to propose something that would be (a) enormous; and (b) wildly unpopular among Republicans."
"Democrats recently provided more funding for the state’s roads — through an unpopular, regressive gas tax hike rather than spending cuts on less urgent priorities."
Democrats tried to remove him for office for a scandal in which he did the same exact thing he's doing now — placing his own short-sighted interests above the needs of the country — but they failed.
"Derrick Morgan, senior vice president for federal and regulatory affairs for oil lobby group American Fuel & Petrochemical Manufacturers (AFRM), bragged about how successful the industry has been in pushing anti-protest legislation,"
DeSantis was initially tentative to shut down outdoor recreational areas like beaches and was ridiculed by the media for his allegedly relaxed response.
"Despite an estimate showing that China — the world's biggest polluter — emitted 25 percent less carbon than in the same four-week period the previous year, Shuo remains skeptical about any lasting changes."
"Despite Democrats regularly characterizing America as socially pathologized with anti-woman “sexism” and “misogyny” — where women face greater cultural, economic, political, and social adversities relative to men — Warren framed her sex as a political asset in comparison to her male competitors for the Democrats’ presidential nomination to defeat President Donald Trump in November’s general election."
"Despite encouraging and supporting unrest, Ocasio-Cortez simultaneously advises her Twitter followers to avoid “public places” due to the coronavirus outbreak"
"Despite pre-existing and new guidelines, critical decisions made by governors and state leadership have, in some cases, exacerbated the crisis. In New York, Gov. Cuomo’s instruction for long-term care facilities to continue accepting patients with COVID-19 led to devastating results."
"Despite saving millions upon millions of lives, vaccines have been meet with skepticism by a small but growing faction of conspiracy theorists. And Donald Trump, ""human megaphone that is the president of the United States,"" has only made matters worse by supporting an ""alternative vaccine schedule."""
"DeVos, like all Trump administration officials, is a Clue-caricature villain."
"Disgraced right-wing televangelist Jim Bakker has been promoting his product Silver Solution as a way to treat the deadly coronavirus, and attorneys general in different states are going after him with a vengeance for it."
"Diversity Org Admits Gays, Minorities Hugely Overrepresented in UK Television"
"Donald Trump appeared to make some important news via Twitter last night, announcing a dramatic new plan to use Immigration and Customs Enforcement (ICE) agents to remove “millions” of people from American soil."
"Donald Trump became the first U.S. president to attend the annual March for Life in Washington on Friday, unleashing a fierce attack on his Democratic rivals during a rally in an election-year show of support for opponents of abortion rights."
"Donald Trump claimed he has seen evidence the new coronavirus originated in a Chinese lab, as he threatened tariffs on Beijing over its role in the global pandemic."
"Donald Trump has taken heat for mostly refusing to mask up while performing his duties. This left the Biden camp with a choice to make when Joe woke up from political hibernation, and they went all in."
Donald Trump is calling on lawmakers to completely ban any and all Muslims from entering the U.S. in order to protect the homeland amid heightened national security concerns.
"Donald Trump is not an ideas man. This has been a defining feature of his presidency. He’s not a learned policy wonk, understanding the complex nuances of law and governance. He is, at his core, just a former game show host and a con man."
Donald Trump Loves the Iranian People So Much He’s Banned Them From the U.S.
"Donald Trump used his mighty Twitter platform to drum up business for his golf course in Los Angeles on Sunday. U.S. deaths from COVID-19 neared 80,000, but the president didn’t tweet about that."
"Donald Trump, by design, is a chaos monster who shovels crap out faster than people can process it."
"Donald Trump, by design, is a chaos monster who shovels crap out faster than people can process it. "
"Donald Trump, the latest political demagogue to employ the term as a rhetorical bludgeon against peaceful protesters, can look forward to sitting alongside Sen. Joseph McCarthy, former Alabama Gov. George Wallace, Chicago Mayor Richard J. Daley, who ordered police to attack political demonstrators at the 1968 Democratic convention, Richard Nixon and many foreign dictators in the annals of history — and if there is an afterlife, in the middle of the inferno."
"Donald Trump, who was pro-choice in the not-too-distant past and never fit the mold of a far-right culture-war crusader, has taken a keen interest in abortion rights lately."
"Donald Trump’s presidential campaign and many of his administration’s policies have played on the trope of threats posed by refugees, asylum seekers and other migrants."
"Donald Trump’s reelection strategy has been clear for some weeks—destroy America’s great cities, including deliberately refusing to provide the systems needed to fight COVID-19—then point to the damage he’s done and blame “Democrat mayors.” "
"Donald Trump’s victory last November was not just a repudiation of the Democrat Party and Hillary Clinton. No, 2016 was a revolt against the entire Washington establishment, both on the left and the right. Don’t forget, Trump blew away everyone in the Republican primary too, from accomplished governors to Jeb Bush (R) from Tea Party darlings to washed up Senators. Trump wiped the floor with them."
"Doubling down, Rapaport — a raging left-wing Trump hater — tweeted “Singing slave owners.”"
"Drew Brees is now on his third 1984-ish public confession, a full-blown grovel tour, for the sin of expressing respect for the American flag."
Drivers in Ireland will be forced to buy electric vehicles within ten years according to a new law by the left-wing government in Dublin.
Drowned out by the algorithm: Vaccination advocates struggle to be heard online
"Duda’s promise to protect children from gender ideology has been described by the globalist international media as an “attack on the LGBT community”, and as the president “portraying gay people as enemies”."
"During a meeting on the coronavirus Monday, Trump asked a group of pharmaceutical CEOs if a vaccine would ""make you better quicker,"" indicating the president does not fully grasp that a vaccine would prevent, not treat, the virus."
"During a rare public address last week, the former president appeared to challenge Trumpism while urging U.S. voters to resist detractors of American democracy"
"During a speech to Young America’s Foundation’s 41st annual National Conservative Student Conference, Hawley slammed the “reigning consensus” of Washington, D.C.’s ruling class that asserts free trade and endless immigration are vital to meet the needs of corporate leaders, the business lobby, and the donor class while ignoring its impact on middle-class Americans."
"During her acceptance speech for best actress in a limited television series for Fosse/Vernon, Williams went on a bizarre rant about the need for abortion rights in the United States and for American women to vote for pro-choice candidates during election years."
"During July’s debate, Sanders again stated that people will “pay more in taxes” but claimed that it would result in “less” spent on health care."
"During May, the abortion industry and its allies celebrated #SexEdForAll month, with proponents of comprehensive sex education (CSE) urging children be taught about sexual “pleasure” as part of the language of “medically accurate” sex ed."
"During that address, Lindell, a former drug addict turned born-again Christian who has donated more than $200,000 to Trump’s election efforts, went off-script, proclaiming to the nation that Trump had been “chosen by God.”"
"During the campaign, it was clear that much of the momentum behind NeverTrump was driven by narcissism, as well as by self-interest. NeverTrump gambled on a Hillary Clinton victory, preparing to blame Trump supporters and hoping to take revenge."
"During Tuesday’s Democrat debate in Des Moines, Iowa, Sen. Elizabeth Warren (D-MA) described Sen. Bernie Sanders (D-VT) as her “friend” despite framing him as a sexist who denied the possibility of a woman being elected president of the United States."
"Earlier, the Welt am Sonntag German newspaper reported that President Donald Trump had offered funds to lure CureVac to the United States"
Edwards’ allies are pushing a narrative that supporting Rispone is akin to being a racist like infamous white supremacist David Duke.
Elba was recently the subject of considerable media attention after being one of the first celebrities to contract the Chinese coronavirus.
Elements of the left are claiming now that America’s national parks are built on systemic racism.
Elite Pete Buttigieg Claims He Was 'Shaped by the American Heartland'.
"Equally important, he notes, is that it is difficult for incumbents to distance themselves from Trump over fears he will turn his base against them — meaning they are in a trap of their own making."
"Erdogan, a half-literate man from Asia Minor, holds no fondness for the secular-liberal 20th century."
"Ernst, one of the Senate’s leading government waste hawks, unveiled legislation on Wednesday that would end a carveout for millionaires to obtain a taxpayer-funded unemployment benefit during the coronavirus outbreak."
Even a member of French President Emmanuel Macron’s La République en Marche! (LREM/Republic on the Move) slammed the sports hijab.
"Even after climton's loss in 2016, the network tried desperately to drag her back into the spotlight, to juice up its long-running narrative that she’s a an all-powerful force of marauding feminist evil, which viewers embrace with lust."
"Even as U.S. immigration officials have pushed to deport hundreds of Iraqi Christians over the last few years, asserting in court that they are unlikely to be targeted in their homeland, another arm of the Trump administration has insisted just the opposite, saying that Christians in Iraq face terror and extortion."
"Even before Trump started to make a big show out of not wearing a mask, it was common, at least in my South Philadelphia neighborhood, to see MAGA-hat-clad white men walking around without masks, delivering contemptuous sneers to the rest of us suckers who are covering our noses and mouths."
"Even if Trump is “unraveling” as Never Trumpers are wont to claim, his supporters won’t disappear on November 4th. George Will and the leftists many Never Trumpers now ally themselves with must reconcile their perception of the American people with reality."
"Even if you don’t speak white nationalist dog whistle, this speech is pretty shocking. Hawley is claiming that the United States is run, and has been run, by a secret group of international “elites” who value terrible things—such as education, achievement, and progress."
"Even prior to Trump formally announcing Barrett as his nominee, leftists launched a string of attacks, targeting her faith, family, and conservative positions."
"Even Richard Nixon, to whom Trump likes to compares himself to, was occasionally willing to venture out into crowds of protesters to talk to them. Trump, however, is such a wuss that he made his cadre of protectors tear-gas people rather than subject himself to a crowd’s insults. Far from proving he was a tough guy, Trump’s actions only led to another round of taunting about his wimpiness."
"Even sharp critics of Trump expressed horror at Harris’s treatment of Brian Buescher, one of the president’s federal judiciary nominees and a member of the Knights of Columbus, a Catholic charitable organization that collects and distributes winter coats for poor children, and provides funds and baby supplies for crisis pregnancy shelters."
"Even the European Union (with the Maastricht Treaty in 1993) has adopted the radical economic and political ideologies of Thatcherism and Reaganism—neoliberalism—that benefitted wealthy elites while forcing austerity on its poorer member nations, inflicting massive pain and inciting right-wing movements in Greece, Spain and Italy, among others."
"Even the leftist New York Times refused to endorse Sanders, essentially dissing the 78-year-old socialist as old and unhealthy."
Even though Thunberg is capable of doing things many on the right refuse to do — such as read and understand scientific evidence — right-wingers argued that Thunberg and her fellow youth activists cannot think for themselves.
Even Trump isn't nutty enough — yet — to seriously suggest that the Democrats have some secret plan to bulldoze the suburbs. 
Even Trump’s own health care advisers know nothing about the ‘mythical’ health care plan he brags about
"Even when Republicans are in power, they're constantly told that the all-powerful left is persecuting Christians and is intent on banning Christmas."
"Even while claiming to reopen in New York, Cuomo is slapping on unnecessary restrictions such as mandating customers order food with alcohol at bars and restaurants, because forcing people to eat has everything to do with coronavirus."
"Even while liberals were being ridiculed and dismissed by Biden and by the Democratic Party hierarchy, which bizarrely invested its political energy in appealing to Republican neocons, liberals were busy marginalizing journalists, including Glenn Greenwald and Matt Taibbi, who called out Biden and the Democrats."
"Ever since Democratic presidential candidate Sen. Elizabeth Warren (D-Mass.) revealed her plan to forgive student debt and make public universities free on Monday morning, the internet has been a carnival of bad faith, magical thinking and misinformation about the nature of college costs in the United States."
"Every corporate mainstream media organization has repeatedly claimed, without evidence, that tariffs were hurting U.S. consumers."
Everyone in the establishment media are working overtime to either cancel or terrorize Rowling into repudiating her beliefs.
"Everything in the progressive agenda is aimed at dismantling nationhood, hence the creation of strains of victimhood according to gender and ethnicity."
"Experts have warned that a total U.S. withdrawal from Syria, which is still embroiled in a chaotic civil war spawned eight years ago by protests against dictator Bashar al-Assad, would advance the interests of Iran and Russia."
Experts sound off after messy and chaotic Trump-Biden debate
Extreme gun advocacy group called Rocky Mountain Gun Owners cares more about fear-based fundraising and the money it generates than the policies they claim that money supports.
"Extremists on the far right are deeply troubled by the name Black Lives Matter, viewing it as an assertion that white lives don’t matter — which, of course, it isn’t."
Facebook is banning white nationalism and white supremacy from its social network following criticism that it had not done enough to eliminate hate speech on its platform.
"Facebook, YouTube and Amazon all answered with policy changes, removing some fear-mongering content related to vaccines."
"Far from inspiring confidence during a public-health crisis, Trump appeared awfully confused during his televised meeting with pharmaceutical execs."
"Farage also had harsh words for the “idiot” police leader in Bristol who made the conscious decision to let activists rip down a historic statue of Edward Colston, the once-beloved mega-philanthropist who founded almshouses, hospitals, and schools across the country who has now been transformed into a hate figure for his business ties to the slave trade in the 1600s."
"Far-right talk show host Glenn Beck is being slammed by everyone from liberals and progressives to Never Trump conservatives for his idiotic argument that if older Americans have to die from coronavirus, so be it — it’s better to end social distancing and get the U.S. economy back on track than to maintain social distancing and keep hurting the economy."
"Fashion and music mogul Kanye West unleashed a wild rant on Twitter late Monday, accusing his wife Kim Kardashian West of attempting to “lock” him “up with a doctor” after he spoke about abortion and his children during his presidential campaign event in Charleston, South Carolina."
"Father Horan was one of the many voices from the Catholic Left who joined the mainstream media lynching of students from Covington Catholic High School this weekend, rashly judging them as racists without bothering to ascertain what actually happened, simply because some of the boys were wearing MAGA hats."
"Fearful and insecure Americans are taking advantage of weak and ineffective gun-control laws and stocking up, as President Trump might say, “like never before.”"
"Female genital mutilation is illegal in Germany, leading many families to travel to their country of origin to have the gruesome ritual performed on their daughters."
"Feminists know that all of the protections enacted for “women” in the law depend on the confidence that we can identify, as a genuine, ontological fact, those creatures marked off in nature as “females.”"
"Few could have anticipated that the historic release of the first image of a black hole would devolve into a public spectacle of sexist outrage — though such are the times we live in, in which literally every news item is picked apart by reactionaries."
"Few would consider a global pandemic reason to celebrate. In fact, many people are suffering, such as those out of work or others who were near retirement and now thrust back into a grueling role. But the pandemic does provide all of us an opportunity to rethink our life philosophies, and reorder our priorities."
"Finally, he launched into a meandering rant about Biden, suggesting that under the Obama administration, nothing was done to fix policing in the United States. While the previous administration surely didn’t do enough, and Biden himself has contributed to the criminal justice problems in the country, Trump completely ignored the fact that the Obama Justice Department actually did take significant steps toward reform following the protests in Ferguson."
"First, as a small-minded, small-government zealot, he obsequiously followed Trump's lead of do-nothingism, pretending the bad thing would just drift away. "
Florida student says high school rejected pro-life club for 'controversial' views.
"Floyd, 46, was killed in police custody in Minneapolis, Minnesota, on Memorial Day, setting off nationwide protests and riots and reinvigorating the Black Lives Matter movement."
"FNC’s Carlson Slams Cowering, Dithering American Leaders for Riot Response — ‘This Is How Nations Collapse’"
"Following a terrible school shooting in Parkland, Florida, last year, CNN hosted an anti-gun rally that whitewashed Sheriff Scott Israel’s fatal errors."
"Football supports Trump in its promotion of racial division, the crushing of dissent, and the spread of misinformation, inequality, and brutality."
"For a fleeting moment on Tuesday, the political universe was kumbayaing in mutual disgust at Donald Trump’s meeting with Robert Kennedy Jr."
"For a lazy narcissist like Trump, that must have been a life-altering realization: Hollywood fakery can make even the biggest idiot appear smart and capable. So he has spent the entire presidency, which he thinks of more as a fake TV job than a real one, using photo-ops, pep rallies and other stunts to try to shape an image of himself as sharp and tough, an image that runs totally counter to reality."
"For about five years, between 2006 and 2011, HuffPo was a hotbed bed of anti-vaccine conspiracy theorizing."
"For AOC and her mobbing cohorts that have been seen disrupting meals in Pittsburgh, San Diego, D.C., and other American cities, the fight is too great for people to waste time enjoying their lives."
"For decades, Democratic administrations have been cleaning up economic messes left to them by Republican administrations."
"For decades, opponents of reproductive rights have faced a judicial arithmetic they could not overcome: there simply weren't five justices willing to overturn Roe."
"For Democrats, this wave or new regulation, censorship, and civic pressure will free the less-than-one-percent of people who say they are transgender from the oppressive, outdated rules of male-dominated supremacy."
"For example, even though the BBC remains the dominant radio and TV broadcast in Britain, I almost never listen to it or watch it any more because it’s pure woke propaganda."
"For far too many on the left, chaos is the point. Destruction is the goal. They prefer the unknown madness that lies ahead to whatever is still managing to (barely) hold us together in the present."
"For Fox, Clinton, Omar, and Ocasio-Cortez represent perfect targets in terms of riling up its intolerant base: Clinton is a woman of a certain age, while Ocasio-Cortez and Omar are women of a certain heritage."
"For one thing, his plan would slash subsidized student loan repayment plans, and let the government crack down on missed payments. To left-wing politicians who think the state should hand out more subsidies, this might as well have been Armageddon."
"For one thing, Trump’s impatience now threatens to undo the measures of the last ten weeks. Thanks in part to the foment of anti-lockdown protesters tacitly endorsed by Trump, governors are under increasing political pressure to reopen quickly—perhaps too soon."
"For our friends on the Left, Trump’s refusal to wear a mask is irresponsible toxic masculinity that is sending the wrong message and getting people killed, even though Dr. Deborah Brix has explained it’s not much of a risk. Biden, meanwhile, to their minds is leading by example by wearing his mask even when there is no good reason he should."
"For several years, climate change doomsayers have turned their attention to cattle, as a series of reports demonstrated that “livestock emissions” are more dangerous for the environment than automobiles."
"For some on the right, all references to massacres such as these are supposed to avoid phrases such as “mass shooting” and “gun violence,” because the rhetoric, according to the right, might imply there’s something wrong with guns. "
"For some years now, conservative and libertarian education policy experts have warned against voucher systems in favor, instead, of tax-credit scholarships and education savings accounts, which are less likely to drag the regulations and mandates of government schools into the private arena."
"For starters, Gautney, per her Twitter profile, is an associate professor of sociology at Fordham University, a private school located in New York City. None of this is a problem on its own; in a free society, people should be able to tweet whatever dumb things they want while working in whichever industry or field of research."
"For that matter, Christianity is equally anti-suicide. And yet, the Christian Right and many of President Donald Trump’s far-right white evangelical supporters have been encouraging behavior that is suicidal."
"For the latest grisly example of hypocrisy, “progressive” cronyism, feminist cry-bullying, and Deep State entrenchment, look no further than Britain’s Chief Medical Officer Dame Sally Davies."
"For the most part however, Biden’s campaign has faded into the background of American politics as the nation struggles to combat the coronavirus pandemic and a new surge in violent demonstrations engulfing the country in a storm of anarchy."
"For those who want equal representation, the sea of white maleness really sucked."
"For twenty days, from the day the first death from coronavirus was known, Democrats did nothing about it. They were too busy with the president’s impeachment trial — a trial Pelosi had delayed unnecessarily for several weeks."
"For years now, Fox News has been mainstreaming arguments that used to be the province of  fringe websites run by neo-Nazis and other groups who believe the U.S. is meant to be a country of white people and for white people"
"For years, people opposed to vaccines have flooded Hotez’s social media accounts, calling him a shill for the pharmaceutical industry, though he’s never been paid by a drugmaker."
"Former Australia Prime Minister Kevin Rudd ripped Donald Trump’s botched handling of the coronavirus pandemic in a new op-ed, describing the U.S. president as a “quack apothecary” for hyping unproven cures"
"Former Defense Secretary William Cohen on Friday called out President Donald Trump’s violent rhetoric about anti-racism protesters, warning the White House is “leading us down the trail toward a dictatorship.”"
"Former ESPN personality Jemele Hill attacked the NFL for its lack of black coaches, and blasted the Rooney Rule as an insufficient solution to the problem."
"Former GOP strategist Steve Schmidt on Monday rebuked President Donald Trump’s fumbling response to the coronavirus pandemic, suggesting the United States would not be facing “catastrophe” if former President Barack Obama were still in office"
Former Mayor Pete Buttigieg (D) claimed during the Democrat debate on Friday that he has been “consistent” on his position on health care.
"Former Republican presidential nominee Mitt Romney took to Twitter on Monday morning to attack President Donald Trump, using the Martin Luther King Jr. holiday to suggest that Trump is a racist."
"Former Vice President Al Gore turned up the rhetorical heat during a conference in Atlanta on Thursday, where he warned that climate change could bring about the end of civilization."
Former Vice President Joe Biden lied on Monday about his past position on the best way to deal with the novel Wuhan coronavirus rapidly spreading worldwide that would eventually bloom into a global pandemic.
"Fortunately, President Trump and his administration have rejected Obama’s foolish positions on this issue and clearly named the enemy: radical Islam."
"Four states will hold their primary contests on Tuesday night, despite Georgia and Louisiana each postponing their elections previously scheduled for a few weeks later over concerns of the spreading Wuhan virus."
"France has in recent years been forced to take a hard look at its core values, perceived by many to be threatened by Islam following a string of jihadist attacks that have killed over 240 people since 2015."
"Franciscan friar Father Daniel Horan, a pro-LGBT priest and professor who will be speaking at the upcoming Los Angeles Religious Education Congress, took to Twitter this weekend to bash the March for Life and condemn without trial a group of white Catholic high school boys as “racists” for supposedly “taunting” a Native American man beating a drum."
Franklin Graham: Democrats Exploit Coronavirus to ‘Defeat Donald Trump in the Election’
Free trade has helped gut working and middle class American jobs and stripped whole middle American towns of their industries and livelihoods.
Frustrated Democrats slammed Republicans for what they see as a debacle that could leave millions of Americans without health care.
Further biased editing on the page included a section on “reports of extremist activities” focusing on largely dubious claims of “far-right” involvement in violence and rioting.
"Further, the Trump Tax Cuts and Jobs Act also repealed the Obamacare individual mandate, which serves as a giant middle-class tax cut."
"Furthermore, the president has repeatedly and infamously made sweeping, overtly bigoted comments about minority populations"
"Future generations will pay for it, which is justice because it’s dumb young people who demand all this insane social welfare spending."
Gadsby's work is a testament to how eagerly the arbiters of our culture will devour and elevate work that convincingly purports to be progressive.
"Given a certain level of mistrust, here are several public information topics for which we should remain on high alert for quackery."
"Given the stark choice between defending democracy or defending white supremacy, Republican voters went with the latter, in the form of the Great Orange Nemesis in the White House, who hasn't been exactly subtle about his fascist yearnings."
"Given these bleak prospects, students who go to college to “find themselves” are likely to waste precious time and money because they lack a clear vision."
"Global warming is a silly, frivolous and expensive religion which only the stupidly rich can afford to indulge."
Goddamn the Democrats who coddle these left-wing terrorists.
"Good grief, what better example of the Democrat tyranny do you need than these anti-science lockdowns?"
"Gov. Greg Abbott dug his heels in Tuesday in a TV interview explaining why Texas will be the only state in the nation to reject refugees seeking resettlement, saying that aid groups working with refugees should instead prioritize other Texans in need, including the state’s homeless population."
Government contracts obtained by consumer advocacy group Knowledge Ecology International show that the Trump administration is giving pharmaceutical companies a green light to charge exorbitant prices for potential coronavirus treatments developed with taxpayer money by refusing to exercise federal authority to constrain costs.
Grassroots anti-choice organizations have been increasingly pushing GOP officials to end exceptions for abortion if the mother is raped or a victim of incest.
"Greek leftists in the city of Thessaloniki set fire to an American flag in front of a United States consulate, claiming to be doing so in solidarity with “U.S. insurgents”."
Greenpeace co-founder and former president of Greenpeace Canada Patrick Moore explained to Breitbart News how Greenpeace’s original spirit of celebrating humanity was usurped by an anti-human Malthusian vision.
"Greta Thunberg, the teenage climate activist from Sweden, the 16-year-old’s steely-eyed courage has helped inspire kids across the country — and the world — to join her call to strike from school last week and stand up for more aggressive action to combat the climate crisis."
"Gun control groups hit back, saying the closures are strictly a public health matter — even as a number of sympathetic Democratic governors acknowledge bowing to pressure from lawsuits and the Trump administration."
Gun enthusiasts have erroneously enlisted the Constitution to justify this extreme democracy of firepower.
Gwyneth Paltrow’s new Goop Lab on Netflix is a sleazy infomercial for her pseudoscience empire
"Haqqani claimed the Taliban are just looking for a round of free and fair elections, laughably pretending the murderous Islamist extremists would cheerfully accept losing and head back to their caves in peace if the Afghan people reject them."
"Harking back to the embarrassing days of Gov. Rick ""Oops"" Perry, my state of Texas is once again saddled with a Republican gubernatorial goober"
Harris is also pushing legislation that would dramatically expand the legal and financial incentives for hundreds of thousands of Indian low-wage college graduates to take U.S.-based jobs from U.S. college graduates.
"Harris, like her Democrat competitors at the time, signaled that she supports free, taxpayer-funded health care for illegal aliens, which by some estimates could cost up to $660 billion per decade."
Harry Potter author Joanne ‘JK’ Rowling has again been targeted by trans activists for warning that children believed to be “trans” should not necessarily be “shunted towards hormones and surgery”.
Harry Potter creator J.K. Rowling released a lengthy essay in response to the mounting attacks she’s received from transgender activists forcing an effort to erase womanhood and targeting the Harry Potter author for refusing accept their logic that a man can “become” a woman merely by asserting that he has done so.
"Harvard University recently announced that it will ban students from in-person classes for the entirety of the next academic year. The decision, not based on science, is typical of the decisions made by many elites in response to the novel coronavirus sweeping the globe."
Hate is the GOP brand under Trump and sadly it’s working to attract like-minded people to its ranks.
"Having a baby is hard, caring for a baby is hard, going back to work after a leave is hard but a few weeks of salary is not worth killing your baby for."
"Having failed to contain a historic public health crisis and ensuing economic downturn, the Republican Party is running on a big lie, claiming against all evidence that ""Democrat-led"" cities are rife with crime and rioting and chaos, with fearful (white) residents fleeing in droves to safer locales in the suburbs. "
"he conservative Club for Growth Action group launched NeverTrumperChrisJacobs.com and launched an ad, claiming that Jacobs campaigned with Never Trump Republican Bill Weld as well as refusing to back President Donald Trump in 2016. "
He even wants a son to get a background check before a father can give him a gun as a gift.
"He has been critical of illegal aliens, but not immigrants in general. Weaver nonetheless implies Trump is somehow responsible."
"He is asking President Trump, a fellow climate change disbeliever and another white nationalist, for help with dousing the fires."
"He justified his racism by saying that “many people agree with me,” and by continuing to rave on Twitter about how the real purveyors of “racist hatred” are those who look askance at his embracing the rhetoric of Stormfront and the KKK."
He lied about matters large and small. He refused to shake House Speaker Nancy Pelosi's outstretched hand. He talked up a divisive culture war.
"He mourned the dead, touted his gun control and education proposals, and that was it."
"He pointed out, in blunt and colorful language, that economic suicide in pursuit of the latter goal is insanity. His video went viral."
He recently released a social media ad featuring a small employer who claims that the Trump administration has left behind small businesses and that Biden would be a “partner in the White House.”
"He was supposed to host a lame event at the White House on Thursday to bolster fake concerns that white evangelicals are being oppressed, but blew off pandering to his strongest supporters for an hour, likely because he couldn't pry himself away from news coverage of the impeachment trial's kickoff. "
"He’s a 78-year-old white male millionaire seeking the affections of the wokesters, a gruff socialist with bedraggled hair and terrifying policy proposals."
"Healthcare “experts” are telling us the coronavirus is lethal if you want to go to work, school, or your grandmother’s funeral, but not so lethal if you are out en masse to support “approved” causes."
Her call for a Green New Deal -- which would seek to focus on income inequality and climate change by funding a host of radical ideas on liberal wish-lists and overhaul the nation's energy sector -- has been embraced by a number of 2020 hopefuls already.
Her proposal brings into sharp focus conservatives’ crusade to legislate control of women’s bodies through restrictive abortion bills and other measures that undermine reproductive rights.
Here — keep a sick bag handy as you watch — are some Hollywood celebrities putting their special actor voices on to tell us how ashamed they are of being white.
Here are three obvious but important ways the media demonstrated a disgusting partisan slant instead of good journalism.
"Here, for example, is a tweet video of woke hipsters saluting protesters—and getting their windows smashed with rocks. "
"Here’s an irony: Thanks to Roe, America is a whiter place than it would otherwise have become. If pro-lifers had had their way, on the other hand, America would be considerably blacker and browner than it is today."
Here’s why the fear of medical bankruptcy could make the spread of coronavirus even worse in the US
Here's how Trump is grifting the pandemic to give the rich another big tax cut
"Here's the first thing to notice about the horrific news cycle of the past few days: Donald Trump is openly stoking right-wing violence, in no small part, because it bumps the coronavirus pandemic (6 million cases and rising, more than 183,000 dead) and the economic crisis (10% unemployment and 29 million Americans going hungry) out of the headlines."
Here's why the tormented conservative mind is so drawn to the dangerous allure of miracle drugs
"Hillary’s letter is painful. It’s riddled with stilted speech and a weak attempt to use swear words like that other future has-been who at least can kind of skateboard and pretend to air drum. Whether or not you agreed with Trump’s approach, at least his fondness for cuss words is authentic, something Hilldog struggles with."
"His $16.3 trillion Green New Deal plan, perhaps one of his most prolific proposals, will be paid for, he claims, through a variety of methods including slashes in military spending and lawsuits against the fossil fuel industry."
Hispanic foreigners attending the town hall — Fox News Latino did not say whether they were legal or illegal aliens — told Obama they feared that federal Judge Andrew Hansen’s stay on Obama’s executive order will force them to return to their home countries.
Historian explains the bizarre racist theory behind the far right's hysteria over the George Floyd protests
"Holding a face mask draped over a pen in his left hand, and reading from a script evidently placed slightly off-camera, Biden labored through a presentation that sought to portray Trump as a plutocrat serving his cronies."
Hollywood’s idea of entertainment today is either pushing sex on your children or straight-up propaganda.
Hotez said anti-vaccine groups are seizing on the anti-government sentiment stoked by conservative-leaning protesters to advance their cause.
House and Senate Democrats are responding to the coronavirus outbreak in the United States by supporting measures to effectively strip President Trump of his authority to impose travel bans to protect American citizens.
"House Democrats passed the $3 trillion, 1,815-page leftist Heroes Act in May, which many House Democrats reportedly admitted serves as more of a “policy wishlist” than a bill to alleviate the effects of the coronavirus pandemic."
House Democrats’ Chinese coronavirus relief package bails out coastal millionaires and billionaires while ensuring big businesses are able to freely hire illegal aliens and visa overstayers over unemployed Americans.
House Republicans are gearing up for a sustained push to expose leftist Democrats in the House Democrat majority on their increasingly extreme views on abortion.
"House Speaker Nancy Pelosi (D-CA) on Monday waxed hyperbolic about the 2020 presidential election, telling an audience that “civilization as we know it is at stake.”"
"House Speaker Nancy Pelosi debuted a 1,120-page coronavirus rescue bill after Democrats tanked the Senate proposal on Sunday night."
How a 'constitutionalist' Oregon sheriff rules his rural county like a personal fiefdom
How a Yale professor trolls the liberals on Trump’s reelection by writing propaganda disguised as academic analysis
How anti-vaxxers target grieving moms and turn them into crusaders against vaccines
How Bill Barr's Justice Department weaponized the 'rule of law' to attack Trump's political opponents
How can God heal our land and forgive the sins when abortion and same-sex marriage are laws and many people are anti-Israel.
"How do the people at these rallies make sense of their claims that they are not ""racist""  or ""violent"" while they are carrying guns, waving Confederate flags, wearing other fascist insignia and in several cases displaying signs with Nazi slogans?"
How far will Republicans go to destroy democracy?
How the coronavirus pandemic shows that Christian white nationalism is a much greater threat to the US than radical Islam
How Transgender Athletes Are Poised To Ruin Girls’ Sports
"However, China’s record of successfully producing vaccines in recent years has been so abysmal that communist state media openly admit that they prefer using international manufacturers."
"However, despite the apparent boundless determination of elites and activists to turn the fuel the controversy until it becomes so intense the [Redskins] team feels compelled to change the name, Native Americans do not share that same passion or aim."
"However, Roth's own barrage of anti-Trump, politically charged tweets seemingly calls into question whether he should be creating guidelines for the president and other Twitter users, especially when Twitter is under fire for its alleged left-wing bias."
"However, social media watchdogs are foaming at the mouth over the choice to place a teen climate activist on a panel with public health experts."
"However, the 45-year-old actor Joaquin Phoenix used his time on stage to call for his celebrity cohorts to put their money where their mouths are when it comes to climate change."
"However, there are serious questions about Parnas’s credibility, and many of his claims about Trump are dubious or contradicted by other evidence."
"However, there is evidence suggesting that having cops in schools can help perpetuate the school-to-prison pipeline ― the cycle in which students, particularly students of color, are pushed out of school and into the criminal justice system when school authorities criminalize student misbehavior."
"However, this intentionally cruel right-wing political maneuver is so unpopular -- especially today -- that there was no trumpeting of the legal filing by the White House to strike Obamacare. "
"Hundreds of white nationalists lined the streets of Charlottesville, Va., last Saturday to protest the removal of a Confederate monument. Some waved Confederate and Nazi flags, others brandished shields."
"Hungarian Prime Minister Viktor Orban, a staunch anti-immigrant populist, said on Wednesday a new wave of migrants trying to cross the border from Turkey into the European Union must be stopped as far south as possible and his government was ready to help frontline Greece."
Hungary is backing President Trump in his crackdown on migrants claiming asylum at the southern border -- as the government touts its own success in drastically reducing the influx of migrants into the country.
Hungary’s parliament has passed a declaration against signing the Istanbul Convention on preventing and combating violence against women because it smuggles in provisions declaring gender a “social construct” and allowing “gender-based asylum claims”.
"Hysterical media coverage however, has convinced Americans they are dealing with a virus more dangerous than it really is, prompting lawmakers to keep in place strict lockdowns leading to greater public health consequences than the virus itself."
"I get that the media really want to do some bullcrap horse-race point-scoring partisan sniping right now. But these are actually important questions. And “gotcha” reporting may get you butt-slapped by your fellow reporters at the bar, but it’s actually really dangerous."
"I have zero interest in contributing to the daily chorus of outrage over Trump’s Twitter feed, or feigning shock and horror over the casual, combative style that fueled him to the GOP nomination and then to the presidency. He does not want Democrats to die. The sky isn’t falling because Trump made a bad retweet."
I think the presence of über-hawk John Bolton in the administration somewhat obscured Pompeo's Iran obsession.
"If activist judges insist on redefining marriage by court order, the only alternative will be the constitutional process. We must do what is legally necessary to defend the sanctity of marriage."
"If China’s actions in the coronavirus catastrophe offer any window into this communist regime’s machinations, deceitfulness, and debasement of human life, it is that the threat they represent is unlike anything America has faced."
"If Donald Trump was willing to have Americans gassed and beaten so he could stage a photo opportunity, what will he be willing to do to retain the presidency come election time?"
"If she doesn't want to thank him for his honorable service, that's her business, but these ugly attempts at smearing him are unbecoming of those in positions of authority."
"If the Left doesn’t feel comfortable imposing its will through gun-control legislation, it will find other avenues of power to engineer the public."
"If the Massachusetts Democrat’s proposal were to become law, it would almost certainly face a court challenge – thanks to the fact that it’s a tax on wealth, as opposed to a tax on income."
"If the only way we can get rid of a sociopathic tyrant named Trump is with an oligarch named Bloomberg, we will be forced to choose the oligarch."
"If the press could think beyond the narrow assumptions of political debate, and if the Democratic Party had more rhetorical daring, they might make it clear that Black Lives Matter, a formidable coalition of civil rights organizations, and tens of thousands of outraged citizens filling the streets in protest of police brutality, are on the side of the law. "
"If the public schools in your area are not yet polluted with social justice propaganda, great."
"If there is one group that deserves our deepest contempt it is the liberal elites, those who posture as the moral arbiters of society while abandoning every value they purportedly hold the moment they become inconvenient. "
"If they do win, Democrats have hinted at enacting the most sweeping left-wing agenda in American history: amnesty for illegal aliens, D.C. statehood, a dramatic expansion of Medicare, the packing of the Supreme Court, the elimination of the coal industry, an end to oil pipelines like the Keystone XL, new draconian gun controls, the regionalization of cities to minimize the independence of suburbs, ending the Electoral College, and reparations for slavery, among other radical ideas."
"If they get their way, insurance giants (which are major campaign donors to Abbott and other GOP officials who're pushing the court action) would again be able to gouge customers, boot young people from their parents' coverage and refuse to cover people with preexisting conditions."
"If Trump’s actions threatened to turn the culture war into an active shooting war, that would just be collateral damage on the road to his political recovery."
"If vaccination as a mechanism works, that doesn’t mean that vaccines cannot be a health hazard depending on how they’re made."
"If we want to explain what has happened to the Republican Party, which all must try to do in this hour of crisis when democracy itself is on the line owing to Republican perfidy, it is essential for us to view events not from the perspective of the rational actor but from that of the party politician."
"If you didn’t know, Donald Trump is golfing and hanging out with rich people in New Jersey this weekend, so of course, high on flattery, he’s holding media events."
"If you had a choice between, say, indulging Boris Johnson’s self-aggrandising predilection for grands projets — such as HS2 or his lunatic proposed tunnel to Ireland — or having more of your own money to spend on things you actually wanted, which would you choose?"
"If you have a moment, how about joining two retired officers, Bill Astore and me, Danny Sjursen, as we think about this country's catastrophic forever wars that, regardless of their deadly costs and lack of progress, never seem quite to end?"
"If you think the Left will ever abandon any of its cherished policy objectives merely because a majority of the American public strongly disagrees, you haven’t studied how the Left operates. "
"If your “rights” mean taking everyone else’s rights away, that is not “peaceful protest.” And to compare mob behavior to the civil rights movement is to dishonor its legacy."
"I'm also struck by Blackburn's style of needlessly toxic politics, once again questioning the patriotism of a decorated U.S. Army combat veteran who earned a Purple Heart."
"Imagine a world where over one-half of the members in the Republican House of Representatives, including the top Republican in that caucus, sign on to a clumsy, thoroughly bogus attempt to overturn a national election based on contrived lies that add up to nothing except the fact that their man lost. "
"Imagine the outgoing, losing president, doing his level best to sabotage and hamstring the man who beat him in the election, alternatively whining and threatening elected Republican officials, demanding a list of those opposed to him, so that he could single them out for punishment."
"Immigration Voice claims to be an independent group, but reportedly works closely with Compete America, an advocacy group formed by the nation’s major tech companies, nearly all of whom employees large blocs of Indian and Chinese visa-workers in jobs that could be filled by young American graduates."
Impassioned Americans don't understand that Black Lives Matter is a rhetorical facade masking Marxist ideas that would destroy the lives of vulnerable Americans.
Impeachment Is Just Another Word For Delusional Democrats Holding The Nation Hostage
Impressionable students – our children and grandchildren – are about to be forced to endure radical LGBT sexual indoctrination in the classroom.
"In 2016, Donald Trump fueled his improbable presidential victory with an arsenal of catch phrases designed to incite and excite the Fox News and Breitbart audience who live in fear of America’s diversity and inevitable demographic changes."
"In 2017, the International Basketball Federation overturned its long-criticized ban on religious headwear, including the hijab, after much scrutiny."
"In 2018, Trump spoke wistfully about Chinese President Xi Jinping’s ability to change the constitution and scrap limits on the number of terms he could serve. And today he is trying to get Russia reinstated into the Group of 7, the organization of large democratic economies, even as Putin seeks to extend his presidential term until 2036 and still retains control of a portion of Ukraine, the reason Russia was expelled from what had been the G8 in the first place."
"In a Biden administration, the Loony Left will be in charge of policy -- people who want to defund the police."
"In a bizarre and unexpected twist, pop super star Lana Del Rey is being smeared as “racist” over an Instagram post in which she slammed modern-day feminism."
"In a country awash in guns and grassroots racism, with a major party flirting with mob violence, getting rid of police departments would be akin to jumping out of the frying pan and into the fire of uncontained extremism. "
"In a country where gun ownership and firearms training are seen by the far right as inalienable, all-American freedoms, the military is a ripe breeding ground for disaffected men looking for individual empowerment, a sense of belonging, and just such training."
"In a desperate attempt to gin up some free publicity, the makers of Faith Based, a movie that mocks Christians and Christianity, felt they had to target Breitbart News readers."
"In a Friday interview with PBS, Sanders was more blunt: “Am I here to tell you absolutely, this is a slam dunk, no chance that he will lose? That is not what I’m saying,” the Vermont senator said."
"In a nation that has so often boasted about being the wealthiest and freest in history, I've regularly witnessed painful divisions caused by hunger, homelessness, sickness, degradation, and so much more. "
"In a part of the country where the rules about who can access abortion care vary dramatically from state to state, the COVID-19 pandemic has sewn another layer of confusion."
"In a rambling, vague, and, at times, gratuitously boastful press conference, President Donald Trump demonstrated his sprawling ignorance about public health Wednesday night as he gave his first speech in response to the coronavirus outbreak."
"In a roughly 10-minute speech, Biden celebrated his Super Tuesday wins and hit on talking points including affordable health care, access to rural health care, climate change, gun control and reducing student loan debt."
"In a scaremongering article on Monday, the Gray Lady warned that corners are being cut in the search for a vaccine and that it is politically motivated."
"In a September executive order, President Donald Trump gave states and local governments the right to reject refugees, but instead of saying no, most state and local officials have blindsided the administration by opting in, according to two former officials familiar with the matter."
"In a sweeping social policy shift, the Trump administration is seeking to remake health rules at home and abroad for women, gay and transgender people, restricting access to abortion, curtailing support for contraception and narrowing the scope of civil rights in healthcare."
"In a three-part breakdown of how Trump has failed this moment and the nation, (Ret.) Gen. Allen specifically called out this administration singling out antifa—a leaderless movement that is, by definition, anti-fascist—as a terrorist group while ignoring the white supremacists who have been proven to be inciting violence at some of these protests."
"In a tweet, which he quickly deleted, the president shared the now-viral clip while blaring: “WOW, BLOOMBERG IS A TOTAL RACIST!”"
"In a year that has seen armed militia members confront protesters, some voting rights advocates worry gun-toting groups will show up outside polling places."
"In addition to calling for severe funding cuts to Seattle police, CHAZ protests have been oozing with socialist slogans, propaganda and demands."
"In addition to mocking Ivanka for her looks, the exhibit that invites people to throw trash at vacuuming Ivanka Trump lookalike demeans the First Daughter’s success as a business woman and White House advisor to that of a woman with a vacuum—as if something’s wrong with that, too."
"In addition, there is his use of Twitter to spew out verbal grenades that explode in an array of racial hatred and panics aimed at his critics and those groups who do not fit into his white nationalist view of citizenship and who should inhabit the public sphere."
"In an act of blunt-force plutocratic thuggery, the Trump/GOP cabal has mounted a vast voter-suppression ploy to cut off a simple electoral reform that is crucial this pandemic year: voting by mail."
"In an age when media stardom apparently confers some kind of universal expertise, it’s probably not a complete surprise that Republican House leaders keep trotting out pundit/provocateur Candace Owens to testify in congressional hearings on what should be a matter requiring the utmost seriousness and gravity: white nationalist terrorism and its toll on the American social fabric."
"In an apparent attempt to blame sexism for the blowback the Rashida Tlaib received for her ""Impeach the Motherf*cker"" remark, Pelosi wondered aloud what the response would have been if a man made the same comment. "
"In an apparent attempt to divert attention from a lacklustre White House effort to counter the COVID-19 pandemic and a tone-deaf approach to racial injustice, President Donald Trump has entered into another of his many quagmires where he seems to have spoken first and contemplated later."
"In an astounding bit of revisionist history, Democratic House Speaker Nancy Pelosi now claims that Trump’s January shutdown of travel from China, which Benen does not even mention, didn’t go far enough."
"In an emailed statement, a Trump Organization spokeswoman blasted de Blasio for “using the power of his office to try and launch an investigation into his political opponent.” The statement called the allegations “unfounded and clearly motivated by politics.”"
"In an era in which domestic terrorism is an increasingly deadly societal scourge, it’s dangerous when a sitting American president lies to rabid followers with tales of infants being executed in medical facilities."
"In August, Planned Parenthood made the decision to opt out of the federal family planning grant program, portraying itself as a victim of the Trump administration."
"In certain ways, 2020 feels a lot like 1968. Federal troops and local police are clashing with Black people sick of police brutality and discrimination. Americans are dying in massive, alarming numbers ― then, in the Vietnam war; now, as the coronavirus pandemic spreads across the nation. Americans are angry."
"In Chicago, Democratic Mayor Lori Lightfoot, who had initially blasted the news, said the U.S. attorney’s office will supervise the additional agents joining existing federal law enforcement offices."
In contrast to former Justice Anthony Kennedy — a Ronald Reagan nominee and right-wing libertarian — Thomas has been an unyielding culture warrior.
"In court and in public, the administration defended the extreme and disruptive measure being based on national security considerations, though it was clearly an instantiation of Trump’s bigoted campaign promise to end all Muslim immigration to the United States."
"In Europe, no government has joined Trump’s anti-Iran crusade (though John Bolton is whispering in the ear of the new Trump-loving prime minister, Boris Johnson.)"
In every case legislators are being swarmed by right-wing activists who don’t hesitate to use deceit and hysteria to stop Equal Rights Amendment (ERA) ratification from happening.
"In fact, Clinton’s plan is so inept in its ability to understand how college funding even operates, and so atrociously far from providing any adequate solutions to a complex problem, that it sounds like she was channeling the Simpsons."
"In fact, the scenario of killing babies after they're born that Trump depicted was ridiculously false."
"In fact, there is every indication that the Obama administration, with the ideological support of the Hillary Clinton campaign team, along with their allies in the politically powerful refugee resettlement industry, continue to aggressively increase both the number of refugees they are bringing in to the United States and the number of locations where those refugees are being resettled."
"In February, Breitbart News’s John Binder reported that Trump’s travel ban halted almost all legal immigration from countries designated as sponsors of terrorism."
"In February, Mexican illegal alien Pablo Hernandez was driving a pick-up truck when he struck a six-year-old boy and a 16-year-old teenage boy as they were crossing the street."
"In his defense, Trump and his supporters have claimed that not all the protesters were peaceful, and that there were criminals among them. "
"In his failed bid for the Democrat nomination for 2020, Beto O’Rourke said churches that oppose same-sex marriage should lose their tax-exempt status.  In other words, toe the non-Biblical party line or else!"
"In his ongoing effort to differentiate between himself and Bernie Sanders, Joe Biden is touting background checks but ignoring the fact they do not stop mass public attackers."
"In July 2019, Rep. Alexandria Ocasio-Cortez, D-N.Y., and other Democrats visited a similar processing center in Clint, Texas, and made explosive allegations about the conditions there."
"In July, Biden finally revealed his health plan would enshrine Roe v. Wade into the Constitution and force taxpayers to fund abortion."
"In New York City, the national epicenter of the disease, the same racialized outcomes are observed, with more African Americans being hospitalized and dying from the disease than any other racial group, followed by Latinos."
"In office, however, Trump has continued the GOP crusade against Medicaid. "
In one of his his most recent lies President Donald Trump now says he’s always known and felt the coronavirus crisis is a pandemic.
"In other words, it would be much harder to arrest an illegal alien in this country than it is to arrest you."
"In part, it seems, this is because Trump is hoping he can defuse the impact of the outbreak on his own fortunes through force of will."
"In Philadelphia, the most hated man during the coronavirus pandemic might very well be Joel Freedman — the wealthy, Los Angeles-based real estate investor who has kept a large hospital closed even as cases in the city rise."
"In practical terms, Trump wants to make the transition from dramatically curtailing refugee admissions to effectively ending refugee admissions."
"In practice, that means it's hard to trust Bezos' pledge when Amazon, the source of his wealth, has been aggressively courting oil and gas companies with its cloud computing services and threatened workers who campaigned for stronger climate action with dismissal."
"In reality, this is the usual hard-left suspects doing their damnedest to destabilise UK democracy at a time when it is already being heavily frayed by the ongoing lockdown."
"In recent months, Trump has begun aggressively attacking mail voting, a process that is standard in some states now and which many others are expanding because of concerns that in-person voting could spread the coronavirus. Trump has repeatedly claimed that expanding voting by mail will let Democrats cheat, even though he, his press secretary and a top adviser have all voted by mail in recent elections."
"In response to Hawley’s criticisms, Sargent went to his blog Monday night to accuse Hawley of racialist dog-whistles."
"In September, Trump made roughly his ten-zillionth claim that he had a ""much better"" health care plan than Biden, despite having no health care plan. "
"In so doing, Hawley, populist firebrand that he is, showed that he was willing to overturn the stale orthodoxies that have mildewed our economy and undermined our security."
"In stark contrast to the arrests of peaceful anti-lockdown protesters in Hyde Park the day before, the Metropolitan Police took no actions to stop the left-wing demonstration that lasted well into the evening and spanned several miles of the city."
"In the case of student debt cancellation, they also force people to make painful choices: Does a young couple put off getting married to get their student debt reduced? Do they wait another year before taking good jobs, so that they qualify? Must a struggling young person stay away from his parents’ home and couch-surf for a year to obtain the benefit?"
"In the chaos of this moment, it seems likely that Joe Biden will just squeeze into the presidency and that he'll certainly win the popular vote, Donald Trump's Mussolini-like behavior and election night false claim of victory notwithstanding"
"In the dominant political fight in D.C., Donald Trump wants a giant wall along the U.S./Mexico border."
"In the latest born-again-Kanye news, it’s been reported that the newly-saved rapper is headlining the prayer rally Awaken 2020, which will also be headed up by a bunch of Trump-supporting anti-LGBTQ rights fanatics."
"In the latest horrifying killing in gun-free Britain, a man was slashed to death with a machete on the streets of Wolverhampton, England on Monday."
"In the months that followed, all independent polling has found the American mainstream not only blames Trump and his party for the shutdown, but also does not want to spend billions of taxpayer dollars on an ineffective and unnecessary border wall."
"In the runup to the 2018 midterm elections, President Donald Trump often railed against the caravans of migrants from Central America making their way to the U.S. to request asylum."
"In the Trumpian pandemic moment, gun purchases have soared in a country that already topped the world by far in armed citizens. "
"In the video, while answering a question of whether conservatives have legitimate fears of Islamic terrorism and therefore justification for measures to stop it, she appears to say that white men are in fact a greater threat."
"In the wake of the El Paso shooting, in which 22 were killed and 24 injured, the discovery of a racist manifesto that may be linked to the shooter has pushed white supremacist ideologies into prominence."
"In the wake of Trump’s batshit executive order on social media, it looked as if Twitter was about to get fucked and fucked hard by Donald Trump."
"In the weeks leading up to the District of Columbia’s primary election, a powerful interest group repeatedly hammered council candidate Janeese Lewis George with an attack that in the past has proved devastating: She was soft on crime and unsupportive of the D.C. police force."
"In the Spectator, Matt Ridley provides further evidence that the leftist ideologues who infest Britain’s bloated, self-serving, inefficient healthcare bureaucracy are peevishly rejecting numerous offers from the private sector for political reasons"
"In their blatant, arrogant insouciance, Barr’s actions have a much deeper and alarming significance than the simple emergence of Barr as  a corrupt Trump toady at the head of DOJ."
"In their place, Trump credits himself for early and stronger travel bans, even if the evidence now is about home-grown coronavirus spread."
"In these times of left-wing mobs filling the streets, assaulting civilians and police officers, destroying property with apparent impunity, flagrantly defying coronavirus social distancing rules, and even seceding from the Union, one of the few consolations for conservatives is the notion that gun rights appear to be safe for a generation to come. "
"In total, the American economy has lost trillions of dollars because of Donald Trump's willful, malicious, corrupt and likely intentional negligence in responding to the coronavirus pandemic."
"In truth, these examples are caricatures of Epicureanism. Epicureanism is not hedonism; rather, it abhors lack of restraint and shameless debauchery. After all, these things bring more pain than pleasure."
"In Tuesday night's debate, the two progressive senators de-escalated a tense round of tit-for-tat exchanges between their presidential campaigns over the charged issues of gender and electability."
"In Washington, three key issues seemed to galvanize most of the protesters: climate change, immigration and reproductive rights."
"In what could be construed as an act of treason, President Trump recently ordered such paramilitary groups and right-wing thugs to take up arms and to threaten Democratic-led state governments such as Michigan's in order to force them to ""reopen"" their state."
"Indeed, Black Lives Matter and its attendant ideology contain all the elements of a religion: it promulgates doctrines that are explicitly normative, it has a cosmology and a morality, its claims are not subject to or consistent with scientific proofs."
"Indeed, just this week, Donald Trump, who once said the climate crisis was a hoax concocted by the Chinese, marveled at cold temperatures throughout the Midwest, convinced that the frigid weather is evidence of … something."
"Indeed, that original NYT report suggested that the management at Trump’s club in New Jersey was well aware of the fact that it employed undocumented immigrants, and it deliberately took steps to obscure the fact that it broke the law – repeatedly, over the course of several years."
"Indeed, while Trump's 2014 response to Ebola might have led one to believe he would likely overreact to a disease outbreak under his watch, there's every indication that he's underreacting now."
"India’s Prime Minister Narendra Modi is often compared to Donald Trump, especially when it comes to his anti-Muslim policies."
Ingraham began the exchange by noting American graduates’ salaries have been suppressed by the flood of foreign graduates.
Inhibiting travel and commerce—not to mention making consular interviews deeply intrusive on a gendered basis—by imposing restrictions on pregnant women is an alarmist reaction to a small issue.
"Instead of challenging the smears that America is a racist country, instead of standing up for police officers and the rule of law, even the Republican Party is taking a knee, is looking to appease, is acting as Black Lives Matter-lite with their stupid and completely unnecessary police reform ideas."
"Instead of motivating kids to payback their loans, Clinton’s plan might actually lead to the decline in liberal arts enrollment."
"Instead of that, we’re in this amazing moment where the media is claiming that everyone wants schools reopened, of course, but but but reasons – so they push out polls like this."
"Instead today, we see an alliance between corporate media and corporate tech titans to squelch debate, silence conservatives, and literally censor regular Americans, dissenting scientists, newspaper competitors, and even the president of the United States."
"Instead, the forgetful and frail former VP will be used as a vehicle for the left’s cultural revolution, especially since Biden’s vice presidential pick Kamala Harris has proven to be a solid member of the far left."
"Instead, they want to force women and their doctors to subject dying newborns to further horrific medical intervention, to needles and lights and loud voices and scalpels and machines that will only prolong the inevitable, only prolong their pain."
"Interestingly, in addition to his leftward missions of social engineering, Bloomberg has taken on a rightward mission of economic self-interest for himself and his fat-cat friends: stopping a wealth tax."
Iranian Supreme Leader Ayatollah Ali Khamenei ordered Iran’s military on Friday to expand its role in fighting the Chinese coronavirus outbreak in the country “due to the increased likelihood of the coronavirus being a biological attack.”
"Ironically, bans on “high-capacity” magazines are part of the Bloomberg campaign’s gun control push, yet a Virginia Tech review board found that such a ban would have had a negligible impact on the results of the 2007 attack."
Is Islam a destructive force in the world?
"Israel has a vested interest in escalation, not de-escalation, with Iran."
"Issuing a defiant call to arms to grassroots Republicans, former White House chief strategist Steve Bannon railed Friday against dangerous “global elites” and the Silicon Valley “lords of technology” whom he said are robbing U.S. citizens of jobs, wealth and opportunity."
It amazes me that even intelligent people – including one or two politicians and commentators on the right who really should know better – are taking these disgusting Black Lives Matter/Antifa protests at face value.
"It has been going on for years, just like the Marxist Antonio Gramsci wanted when he called for a “Long March Through the Institutions”: little by little Hollywood, TV land, publishing, the media industry, music, sport — every branch of the entertainment industry, every aspect of popular culture has been suborned by left-wing activists who have infiltrated the system and corrupted it for their own political ends."
It is a monumental ode to human stupidity that the wealthiest nation in the world teeters on the edge of a dangerous measles epidemic at the same time that poor nations are struggling to vaccinate their residents.
"It is also partly the result of anti-Trump hysteria, which has created an alternate reality for much of urban America, particularly its elites."
"It is also worth noting that the “white nationalist” in question, Patrick Casey, does not claim to be a white nationalist but an identitarian activist, a group the far-left media regularly attack as racist."
It is far from the first time that Trump has offered to intervene in a seemingly intractable international dispute.
"It is no wonder why Republicans insisted on ramming through incredibly unpopular tax cuts for American corporations that were already making near-record profits, even at the risk of losing control of the House of Representatives."
"It is not only cops who are often able to live outside the law. It is also the wealthy and well-connected sociopaths who poison the environment, exploit the poor and manipulate unprincipled political officials."
"It is worth noting that in eight of the top ten countries where Christian persecution is highest, Islamist ideology is the prime driver of the hostility."
It marked the second incident in as many days of a vehicle driving at people protesting Floyd’s death after a New York City Police car was captured on video on Saturday driving into a crowd of protesters who were pelting it with objects.
It matters that figures like Marsha Blackburn are trying to smear a decorated American war hero. It also matters why she's engaged in such a toxic scheme.
"It may have taken Trump to point out the pitfalls of the Chimerica link, but coming up with a coherent strategy to replace it is clearly beyond the president’s abilities."
"It obviously works extremely well for Democrats, a large faction and the leadership of which appears to be as impervious to facts as anti-vaxxers and QAnon followers."
It remains to be seen how players — whose wages span a wide spectrum in a league with no salary cap — will respond to the request following calls from government ministers to cut their often-astronomical wages.
It reminds us that a once-great university has fallen to the forces of wokist ignorance and that you’d really be better off trying to study for your degree elsewhere.
"It seems like Democratic dogma that anytime the Constitution or the founding is mentioned there must be a caveat attached, as if there is some huge group of people who think slavery and not letting women vote was just fine."
"It seems that there is only one thing The New York Times is more afraid of than the Coronavirus, and that of course is a victory by Donald Trump in November."
It took less than 24 hours for left-wingers to pledge burning down the country if Republicans don't abdicate their duty to fill a Supreme Court vacancy
It was at this point that Trump thought it’d be a good idea to start bragging.
It was language distinctly reminiscent of white mobs bitter about the failure of local law enforcement to execute Blacks accused of crimes.
"It was not just Wallace's interruptions or poor management that cemented his role as worst debate moderator of all time, but the off-topic and ridiculous framing of his questions."
"It was not Republican governors ignoring expert advice to ""reopen"" states in time for Memorial Day, nor Trump's constant blasting of lockdown orders, nor Trump's partisan contempt for mask usage, nor the party's anti-science ravings about the basics of pandemic spread."
"It was not stingy family leave policies that had this baby killed, it was the child’s mother, encouraged and enabled by a culture and legal regime that regard babies as a capstone consumer commodity to be ordered up when convenient, and violently disposed of when inconvenient."
It wasn't long after Donald Trump and his team took office that they looked for ways to make things easier for polluters.
It will be a media and corporate blitzkrieg. The same machinery currently pushing Black Lives Matter ideology will be easily repurposed for the gun control blitz. 
"It would indeed be out of character for the Trump administration to take any firm stand against criminalizing homosexuality, since Trump — despite his campaign promises that he would live and let live — has been one of the most LGBTQ-hostile presidents in modern politics."
It seems as if things may be coming to a head as we launch into what I fervently hope will be the last year of this bizarre and disturbing political ordeal.
It’s a mafia state. There’s no control. There’s no regulation. The system is full of legalized bribery. The electoral process is corrupt as well. The courts are stacked with right-wing ideologues.
"It’s a strange fact of our moment that President Trump has claimed to have “plans” (or “a method”) for annihilating millions of innocent people, possibly most of the population of Afghanistan."
"It’s all part of an endless, dehumanizing Fox News campaign to silence opponents, and specifically to silence and intimidate Democratic women."
"It’s also hard to imagine many people emulating the strategically directed, war-painted looters in the Boston Tea Party of 1773 now by breaking into headquarters or warehouses of big pharma conglomerates such as Pfizer, Inc. and dumping their over-priced, corruptly protected  products into rivers. "
It’s also true that in no time in modern American history has a president’s disposition and rhetoric conflicted more dramatically with the outcomes of his administration. But that has been a net win for the Constitution.
It’s also why attempts to portray pro-lifers as racists smack of disingenuousness.
"It’s Dr. Martin Luther King, Jr. Day, and for several hours now countless mostly white, mostly male pro-gun, anti-gun control activists have been marching throughout the streets of Richmond, Virginia, claiming to merely be exercising their Second Amendment rights. "
"It’s no exaggeration to say that everything that Trump has done since then has been a pathetic effort to nuh-uh the hecklers and prove that he’s no #BunkerBoy, but a big, tough guy who will totally kick your ass without breaking a sweat. He’ll shove the White House doctor out to tell some more lies about Trump’s health, if that’s what it takes."
"It’s no exaggeration to say that the anti-choice movement, from tip to toe, is stuffed with melodramatic liars and grifters."
"It’s not a huge deal that an eccentric, pro-Trump activist clumsily used a bad analogy in a local speech. The analogy is bad enough, however, that it certainly shouldn’t be on the president’s Twitter feed."
It’s one of the most common forms of political pornography among the online Left.
"It’s only a matter of time, the argument goes, before the Roe v. Wade precedent is struck down at the hands of five conservative justices, two of whom are on the high court thanks to Trump."
"It’s paramount now, as Fox News and the right-wing noise machine try to take down a new generation of Democratic women leaders, that everyone understands the strategy in play."
"It's also a function of the moral hazard that allows a plutocrat like Donald Trump to gain control over a so-called democracy with the goal of funneling resources (through tax policies, government subsidies and other laws) to themselves and other members of his class, while denying resources and opportunities to the vast majority of Americans."
"It's hard to describe what is actually happening in this country without sounding hyperbolic. But this is where we are: Republicans under Trump have whipped themselves into a racist hysteria, and have decided nothing short of straight-up warfare on American cities can make the world right again."
It's long past time to stop excusing Donald Trump's racist trolling as the accidental bumblings of an idiot who doesn't know better.
"It's no exaggeration to say that the anti-choice movement, from tip to toe, is stuffed with liars and grifters."
"It's not clear at how or why Mary Trump could have broken the law, as the president claimed, when she turned over records of her family's taxes in her possession to the New York Times."
"It's not just governments and international organizations that have lined up to express dismay at Trump's move. Experts, entrepreneurs and others have also been quick to condemn the announcement."
"It's perverse that any other governor would follow Abbott's lead, for he presides over a health care disaster."
"Jerry Falwell Jr., the shamelessly greedy president of Liberty University, has spent weeks downplaying the coronavirus threat, accusing the media of wildly exaggerating it to ""destroy the American economy"" and of course to damage Donald Trump."
"Joe Biden can count among his many celebrity activists, Cardi B, who has told New York police “fuck you,” said Minnesota rioters had “no choice but to loot and steal after George Floyd’s death, and has revealed herself as a gun control advocate."
Joe Biden is a much better human being than Donald Trump. That fact is indisputable.
"Joe Biden is refusing to rule out scrapping the Senate filibuster, arguing it remains to be seen how “obstreperous” Republicans will be after President Donald Trump leaves office."
"Joe Biden, who has been content to sit in the basement thus far, now has to play some offense, and he has two big chances to do it."
"Joe Biden’s (D) selection of Sen. Kamala Harris (D-CA) as his running mate is emblematic of the progressive shift steadily embraced by the former vice president, as Harris’s record displays her radical, far-left ideology, despite the more moderate demeanor she attempted to display during her failed presidential bid."
Joe Biden’s ‘Unity’ Platform with Bernie Sanders Gives Free Health Care to DACA Illegal Aliens
"John William King, 44, a white supremacist who orchestrated the attack, is the second man to be executed in one of the most gruesome hate crimes in modern U.S. history."
"Jose Acosta, 33-year-old Honduran immigrant, snuck into the U.S. eight months ago in Eagle Pass, Texas, but was apprehended weeks later in Houston on his way to a job in North Carolina."
"Jurek, a Sanders staffer in Iowa, was caught arguing that gulags were beneficial for the Soviet Union and suggesting they could be used to re-educate both Trump voters and billionaires."
"Just a few weeks later, our divided leaders were taken by surprise by the pandemic, and bickered on cable news, asking why nothing was done sooner."
"Just off the top of my head, CNN is already filled with useless and uninteresting Never Trump deadwood."
"Just this week, the far-left Washington Post demanded an immediate and total shutdown of all police movies and TV shows."
"Justice Sonia Sotomayor, in her dissent, accused the majority of weaponizing the First Amendment — an unconscionable position for a person tasked with “faithfully and impartially” discharging the duty to protect the inherent rights of all Americans. The dissenters have perverted the intent of the Founders. It’s none of Sotomayor’s business how we use free expression. It’s her business to protect it."
"Kailee Scales, managing director for Black Lives Matter Network Action Fund and Black Lives Matter Global Network, Inc., has been universally panned for her performance in an online Q&A where she dodged simple questions about where donations to the movement actually go."
Kamala Harris Attacks Efficacy Of Coronavirus Vaccine Because Orange Man Bad
"Kansas is poised to finally accept Medicaid expansion under the Affordable Care Act, through an agreement achieved by Democratic Gov. Laura Kelly and Sen. Jim Denning, the Republican leader of the state Senate."
"Keeping the country locked down in the name of the pandemic is a way for [Democratic mayors and governors] to hurt Trump, which is the only thing they really care about. Once he’s gone, the rationale for lockdowns, mask mandates, and doom and gloom rhetoric is gone, too."
"Kendrick, who, like many Planned Parenthood supporters, blames men for pro-life legislation while she ignores mention of the life of unborn babies, also drafted a “testicular bill of rights."
"Khamenei did not offer any “evidence” that the Wuhan virus is a biological attack on Iran and China, nor have any other Iranian officials making the case."
King went on to defend his tweet with a number of confused and contradictory statements.
"King’s defense understandably rang hollow, as he has a long history of making comments ranging from insensitive to downright unacceptable."
"Large majorities of both parties seem to like the Green New Deal, despite efforts by Fox News to paint it as disastrous."
"Last week, Ankara broke the 2015 agreement with Brussels in which it would stop the illegal flow of migrants through Turkey in exchange for money and continuing EU accession talks, and opened the gates which resulted in thousands of migrants amassing on the near-east country’s land border with Greece."
"Last week, Barstool Sports founder Dave Portnoy released a three-minute video in which he vigorously ranted against the ongoing lockdowns. Portnoy’s basic point was that the goalposts have shifted from “flatten the curve” to “find a cure.”"
"Last week, Miranda and Hamilton co-creator Jeffrey Seller apologized in two separate hostage-style videos for not endorsing Black Lives Matter years ago."
"Last week, the House Judiciary Committee moved forward with plans for an expansive investigation into Trump World abuses, prompting White House Press Secretary Sarah Huckabee Sanders to release a rather intemperate press statement."
"Last week, the Woke Taliban, who work at the publishing house handling Rowling’s upcoming children’s book, The Ickabog,  threatened a strike unless the book was blacklisted and canceled."
"Last year, Netflix threatened to pull production from Georgia following the state’s passage of the so-called “fetal heartbeat” bill on abortion."
"Last year, some states tried to ban abortion after just six weeks into a pregnancy ― when many women don’t even know they’re pregnant yet. Considering that 1 in 4 women has an abortion during her lifetime, the effects of these restrictions could prove devastating."
"Last year, XFL Commissioner Oliver Luck noted that the XFL reached out to Kaepernick, but the former NFL player demanded absurdly high $20 million a season salary."
Lawmakers are treading a dangerous and unconstitutional path in the service of fear-driven objections to trans existence.
Lawmakers specifically said they want to protect women from facing unfair competition from men who claim to be transgender women.
Lawmakers who claim to care about women’s emotional health would do better to listen to the hundreds of thousands of women who seek abortion care every year and know it is the right decision.
Lebanese citizens from across sectarian divides came together in a rare display in unity late last year after proposed tax hikes enraged an already struggling populace.
Left unsaid is that Obamacare — through its myriad of reporting mandates such as cumbersome electronic health records — is largely responsible for this paperwork burden. 
"Leftist media and the technocratic elite who run the dominant institutions of our culture push a narrative of America in which conservatives are racist, sexist, authoritarian ignoramuses, while liberals are noble, virtuous, and intellectually superior citizen-scholars."
"Left-wing Christians declare that the real way to end abortion is to make abortion unnecessary, and the only way to do that is by establishing a generous cradle-to-grave welfare state."
"Lefty corporate financial muscle can be deployed against gun and ammunition manufacturers, making it hard for them to stay in business. "
"Legions of 'trainers' holding up 'White Fragility' are indoctrinating government agencies, corporate workforces, and schools."
Legions of white people are kneeling to ask forgiveness for something they had no part of.
Leonhardt’s column in the New York Times provides more evidence that elite Americans are so enamored of immigration and diversity that they would throw the college graduate class under the bus rather than give up their visions of ruling over a chaotic and fractured “diverse” society.
Lesh pins the blame mainly on the statist bureaucracy mentality of Public Health England (PHE).
"Let’s be clear what is happening here. Under the pretext of protesting the killing of a black man by a white police officer in Minneapolis, hard-left terror cells across the West are taking to the streets and fomenting chaos and violence with a view to overthrowing Western civilisation."
Letters from GOP members of Congress and national pro-life leaders to the White House and the Food and Drug Administration (FDA) last week asserted Democrats are attempting to exploit the coronavirus pandemic for the purpose of advancing their party’s pro-abortion agenda.
Lexington’s Bishop John Stowe is admonishing Covington Catholic students insisting that the teens can’t claim to be “pro-life” while supporting a president who “denigrates” immigrants and refugees.
"LGBTQ activists Garden State Equality and abortion business Planned Parenthood announced in a joint statement Wednesday they are pleased their recommended public school sex ed standards, modeled after the National Sexuality Education Standards for grades K-12, were approved."
Libby Emmons joins host Ben Domenech to discuss her son’s experience in the New York City public school system and how it pushes the left’s narrative of systemic racism and white privilege.
"Liberal economist and New York Times opinion writer Paul Krugman, in a scathing column this week, warns that extreme events like the wildfires that have been devastating Australia are a preview of things to come — and he stresses that right-wing politicians who deny the reality of climate change are as great a threat as the events themselves."
"Liberals, sadly, were not prepared to let whiteness remain Times New Roman. They poked and they prodded, and eventually got the resentful backlash they were provoking."
"Like Donald Trump, Griffin's an obvious coward who wants to push violent rhetoric but isn't willing to face the consequences for doing so. "
"Like many Americans also crippled by student loans, Brewster’s been making sacrifices since she graduated: She put off her wedding for two years and once she and her husband, Ryan, finally got married in November 2018, they decided they couldn’t afford a honeymoon."
"Like many left-wing entertainer elites, Eilish has also been vocal about attacking President Trump and anyone who would vote for him."
"Like many Never Trump screeds, Will’s criticisms are cloaked around the Republican party. His real issue, however, is with Trump voters. He blames the party for nominating Trump and stocking Congress with “invertebrates whose unswerving abjectness has enabled his institutional vandalism…” But if pro-Trump Congressmen are “invertebrates,” what does that make the Americans who voted for them?"
"Like other autocrats and de facto crime bosses, Trump rewards his servants' loyalty to further cement his control over them."
"Like the costly and controversial Green New Deal, which Booker co-sponsored in the form of a Senate resolution, Booker’s plan aims to address both climate change and economic inequality."
"Like the Roman Empire in its decline, the United States is now vomiting up grotesque spectacles."
"Likewise, Pelosi’s HEROES Act would provide business with a neverending flood of cheap, illegal foreign labor that they would be legally allowed to hire over the roughly 36.5 million Americans who are jobless due to the crisis."
"Local health officer Dr Rosana Salvaterra appeared to co-sign the demonstration, praising activists for wearing masks and claiming they obeyed social distancing protocols — although footage of the event strongly suggests that is not strictly accurate."
"Loeffler blamed leftist media, especially the Daily Beast, for perpetuating narratives that she might have violated statutes against insider trading. She continued, noting that the media created the narrative against her because, like President Donald Trump, she is a political outsider."
Long argued the hypocrisy of woke white women demanding change for women and transgenders has moved the political conversation far away from the original discussion of police brutality and racial equality.
"Long before becoming president, Donald Trump was already acting as if he were the head of a lynch mob."
"Long-simmering tensions between Japan and South Korea exploded at the beginning of July, when Japan imposed restrictions on the export of chemicals crucial to electronics manufacturing to South Korea."
"Looking around the United States, there is never enough welfare for the left to stop killing developing humans in utero—solidly Democratic states lead the nation in abortion rates."
"Lots of People Don’t Like Being Injected with Mystery Substances, Study Finds"
Lots of politicians and critics across the board have attacked the Green New Deal proposed last week by freshman Democrats Rep. Alexandria Ocasio-Cortez of New York and Sen. Ed Markey of Massachusetts.
"Mack’s organization—which has a long history of association with the Bundys—claims that the U.S. constitution grants sheriffs, and not federal or state officers, powers as the supreme law of the land. "
Mainstream media outlets continue to print false and defamatory descriptions of Breitbart News in a nakedly political effort to marginalize a growing competitor.
"Major League Baseball is using its financial muscle to support the U.S. women's softball team, which already is assured a spot in the Tokyo Olympics while the American men's baseball team struggles to qualify."
"Making life worse for black people is not a bug in the Democrat Party, it’s a feature."
"Male and female are the two sexes — but transgender advocates now claim more than 50 “genders” — including agender, bigender, gender fluid, gender non-conforming, genderqueer, intersex, two-spirit, etc, plus “cis-gender” for the 99+ percent of people who are normal, non-transgender people."
Many are mocking the president’s astonishing lack of understanding about even the most basic concepts of vaccines and how drug tests on them are performed.
"Many Chicagoans vehemently oppose President Donald Trump’s pledge to send federal officers to the third-largest U.S. city, after seeing camouflaged agents deployed in Portland club and tear-gas anti-racism protesters."
"Many conservatives came to Hawley’s defense, slamming Tapper’s attack on the Missouri senator."
Many Democratic congressional candidates in 2018 attacked Republican opponents for bowing to the gun lobby.
Many Democrats are exploiting the coronavirus pandemic to launch a full-bore push for socialism—making the socialist rhetoric of the early Democratic presidential debates look tepid by comparison.
Many forget the BLM platform is antisemitic.
Many people have sought to fetishise Britain’s health bureaucracy as the nation’s saviour during this crisis.
"Many people in politics and media are still not used to female power, and Pelosi’s novel position, while creating some pointless problems for her, also gives her some surprising advantages."
"Many pointed out at the time of the Park Police’s first statement denying use of “tear gas” was obviously misleading. But Trump and his right-wing defenders jumped on it. Most prominently, Federalist writer Mollie Hemingway wrote a piece, shared by the president, accusing the media of falsely reporting that tear gas was used, even though the crowd was exposed to gases and compounds that clearly caused tears and severe irritation."
"Marianne Williamson, the self-help guru who warned of the “dark psychic force” unleashed by Republican President Donald Trump, suspended her quixotic outsider campaign for the 2020 Democratic presidential nomination on Friday."
"Matters worsened for him when COVID-19 hit the United States and exposed him not just as a divisive buffoon, but a cynically incompetent one. The Administration delayed its response, worried that any action they took would hurt the stock market and erode Trump’s last remaining electoral strength."
"Maybe people shouldn’t be surprised that a predatory abortion business profiting from such deaths isn’t doing enough to make sure women’s future fertility survives a visit to an abortionist, fighting common-sense laws for informed consent."
"Meanwhile, a pervasive celebrity culture — in which celebrities are considered trusted “experts” solely because of their fame — has poisoned the idea of what constitutes expertise."
"Meanwhile, Britain’s police forces are notorious for focusing on matters of policing hate speech rather than violent crime, particularly with regard to Muslim grooming gangs."
"Meanwhile, the California Democrat claimed the Heroes Act is “disciplined, focused, necessary.”"
Medically unnecessary laws regulating abortion have been exposed as dishonest attempts to close clinics.
Meet the shadowy accountants who do Trump’s taxes and help him seem richer than he is
"Members of the House of Representatives tax committee also pointed to other segments of Cohen’s testimony as topics likely to draw further scrutiny, including claims that Trump deflated the value of his properties to lower his tax bill and called the government “stupid” for giving him a $10 million tax refund in 2008."
"Memories of smashed windows, stolen merchandise and stores set ablaze is fresh in the minds of business owners in major U.S. cities including New York, Los Angeles and Portland, where aggressors damaged buildings under the cover of peaceful demonstrations sparked by the May 25 police killing of George Floyd, a Black man."
Michael Kranish of the Washington Post also published a lengthy article detailing Bloomberg’s verbal diarrhea when it came to expressing his uglier views on women. 
"Michael Mann, arguably the world’s no. 1 climate alarmist, goes on to make proclamations that only a publication as ideologically compromised as the Guardian would think to publish."
"Middle-class exodus: From 2007 to 2016, California lost a net million residents — some 2.5% of its population (which still grows due to births and immigration). "
Mike Pompeo is the real Iran war hawk: An evangelical Christian and hardline neocon has quietly become a dangerous power player
Miller is considered the “architect” of the Trump administration’s most cruel policy—separating parents from their young children after they crossed the U.S.-Mexico border.
"Miller is the architect of President Donald Trump's hardline immigration policies that have separated children from parents, forced people seeking asylum in the U.S. to wait in Mexico under squalid conditions, instituted the Muslim ban and poured money from the military into border wall construction."
"Minhaj, who used to appear on “The Daily Show” before getting his own Netflix series, “Patriot Act,” last year, aired an episode in February in which he broke down the often confusing but debilitating problem of crushing student loan debt in the United States."
"Model and left-wing activist Emily Ratajkowski celebrated Easter Sunday, the most important day in the Christian calendar, by posting racy photos of herself in a thong."
"Monday for his show’s opening monologue, Fox News Channel’s Tucker Carlson gave a scathing criticism of the Black Lives Matter Movement for the violent tactics it has used to rise to power and questioned many Republicans for their unwillingness to stand up to oppose those tactics."
"Month by month, the cost of wasting so much money on weaponry and other military expenses grows higher, as defense contractor salaries continue to be fattened at taxpayer expense, while public health resources are robbed of financial support."
"More broadly, Biden has an uphill battle trying to claim that he backs small business. He served eight years as vice president in one of the most anti-business administrations in U.S. history. "
"More subtly, however, Pelosi is also using her gender to put Trump — who is visibly unnerved by having any woman around that isn’t clearly there to serve him, sexually or otherwise — on his heels."
"More than 100 gang members from El Salvador are among the massive wave of migrants that's poured across the border in recent months, with nearly 400 illegal immigrants nabbed trying to cross en masse last week and a group of more than 100 caught scaling a wall Monday, beleaguered border officials said."
"Moreover, NeverTrump would not only have to separate Trump from his political base, but also to win the support of that base for its own candidate. That will be particularly difficult, as NeverTrump has made no secret of its general disdain for Trump supporters."
"Moreover, Rowling says she’s concerned that the radical activists have been allowed to become mainstream and that undue inculcation of the trans agenda into among the youth is causing an explosion of sudden transitioning among children — and mostly girls — because of peer pressure and not for medical or mental health related reasons."
"Moreover, Trump's war fever is also a self-serving fascistic affirmation of his toxic hyper-masculinity and his admiration for military power and authoritarian displays generally associated with demagogues who use such displays as a tool to produce respect among their followers."
Morrison is a typical right-wing conservative who is in thrall to the energy sector of his country's economy. 
MSNBC anchor Katy Tur on Wednesday boldly declared that there was “almost no middle class” in America.
"Much of this health hazard lies at the feet of folks like RFK Jr., so the idea that Trump was doing the anti-vax slow-jam with this quack a week before Inauguration Day understandably put Twitterverse over the edge"
"Multiple studies have attempted to translate the New Green Deal resolution's pledges into concrete policies, but often claim to significantly underestimate the actual costs due to the resolution's vagueness."
"Mulvaney apparently didn’t see this line of inquiry coming, so he was left in an awkward spot: Democrats are trying to embarrass Trump, but his chief of staff has no idea why Trump would be embarrassed by his own tax materials."
Muslim communities were the first to feel Donald Trump’s assault on Black and brown communities in this country with his vile Muslim ban.
Muslims should not even be allowed to seek positions of political office in this country.
"My appreciation for Rural America has only grown as the lunacy of blacklists, rioting, looting, woke fascism, and a full-blown CHAZ has spread like a malignant cancer throughout dozens of Democrat-run cities."
"My point is that it was a bait-and-switch, and not in a crazed, left-wing state like California. "
"n Dr. King's day, that other America was, for a time, laid bare to the nation through mass social unrest and political change, through the bold actions of the freedom fighters who won the Voting Rights Act and then just kept on fighting, as well as governmental programs like the ""War on Poverty."""
"Nancy Pelosi Proposes 1,400-Page Coronavirus Bill Stuffed with Pork"
National Parks Are Latest Target of Systemic Racism Claim in America
Nationwide riots have wreaked havoc and destruction across America over the past week in response to the death of Minneapolis man George Floyd in police custody. 
"Naturally, of course, right-wingers reacted in the ugliest way possible: By arguing that Thunberg’s identity — as a young person, as a person on the autism spectrum and, although they are careful not to say this directly, as a girl — inherently discredits what she has to say."
"Naturally, our fake news media and social media overlords attempted to twist the president’s warning into something it wasn’t — a threat, as in If you start looting, my government’s going to start shooting."
"NBC cited Center for Countering Digital Hate, a group claiming to fight “hate and misinformation” online."
"Nearly 60 percent of Americans now support the marginal tax rate program Ocasio-Cortez has proposed uncluding a remarkable 45 percent of Republicans, despite all the work right-wing media has done to demonize Ocasio-Cortez and anything related to her."
"Netflix disappointed investors when the streaming entertainment giant reported domestic subscriber growth that missed forecasts for the third straight quarter, signaling continued weakness at home as the company supports leftist politics and faces increasing competition from Disney, Apple, and other studios."
"Netflix's statements related to leaving Georgia if fetal heartbeat law goes into effect is the company’s way of firing a warning shot to Georgia and similar states: Conform to our Hollywood ideals and values, or we won’t give you our business."
"Never before have the freewheeling inclinations of some Electoral College members flipped an election, so the impact of the high court's decision may be just mathematical."
Never mind the fact that some of Trump’s strongest supporters have had no problem whatsoever in criticizing him for substantive reasons — as in the backlash against his criticism of Attorney General Jeff Sessions. NeverTrumpers still believe themselves to be the unique guardians of conservative orthodoxy and honest punditry.
Never Trump leader Rick Wilson’s hypocrisy is not limited to now attacking those who support the Confederate flag after previously supporting it himself.
"Nevertheless, the media jihad continues, and that includes NBC shamelessly running a debunked and deceptive smear story that had been reported on and debunked all the way back in May."
"Nevertheless, the radical left is now emboldened and have the Democrat Party, academia, the media, countless district attorney offices, the government bureaucracy, corporate America, and Hollywood on the run."
"Nevertheless, The Jesus Is King crooner launched his presidential campaign on Sunday in South Carolina where he railed against progressive policies such as abortion and gun control."
"Nevertheless, Trump and other Republicans have tarred the protests as havens for terrorists intent on destroying property."
"New York City parents and those across America where these evil restrictions are reemerging have to remember, and have to punish at the polls the politicians who steal this from our kids."
"New York Rep. Alexandria Ocasio-Cortez casually spotlighted her revolutionary rejection of biology, sex, and the male-or-female society during a live Facebook chat in which she was asked about her views on the military draft."
"New Zealand Prime Minister Jacinda Ardern last month said she’s baffled by America’s failure to pass stricter gun laws, despite the wave of mass shootings that have taken place across the country over the last few decades."
Newly empowered Democrats in Washington and statehouses across the country are flexing their legislative muscle with a host of tax proposals that would affect billionaires and blue collar alike.
"Next came the sob stories. Those student loans are suffocating a generation, the candidates suggested. After all, “40 million of us who can’t start a family,” the diaper-changing daddy Swalwell contradictorily proclaimed, adding that they “Can’t take a good idea and start a business and can’t buy our first home.”"
No sooner do states start getting together to talk about what it would take to start a rolling economic re-opening than here comes Donald Trump to assert that only he has that authority.
Nobel laureate Paul Krugman breaks down Trump's anti-working class agenda
None of Biden’s Democrat counterparts challenged his claim of economic selflessness.
Nor do Americans appreciate folks who wax eloquently about human dignity and rights while endorsing the murdering of American children in the womb.
"Northam, who is leading the push for stronger gun laws in his state, said he wants to avoid a repeat of violence that erupted at a 2017 white supremacist rally in Charlottesville, when a march by white nationalists erupted and led to the death of a counterprotester."
"Not content to recede gracefully, or even to steer clear of various conspiracies on par with fluoride and gay frogs, Miss Havisham is still at it. This time, she’s got a righteous burn for President Trump, imagining how John F. Kennedy would have sounded had he written a letter to former Soviet leader Nikita Kruschev along the lines of Trump’s recent letter to Turkish President Recep Erdogan."
"Not only would House Bill 2320 rescind the rights for same-sex marriage, it also would cement into law a litany of far right wing extremist claims, including that being LGBTQ is a “mythology,” government recognition of LGBTQ people is “the greatest sham since the inception of American jurisprudence,” and the proposition that there “are no ex-blacks but there are thousands of ex-gays.”"
"Not since the Jim Crow South years have we had to worry about people's physical safety as they approach the polls to cast their vote -- and the ""Four More Years"" folks and other gun-toting Trump supporters have, I fear, just gotten started. "
Notorious crimes committed by illegal aliens — such as the killing of Kate Steinle in 2015 — became national symbols of the lack of immigration enforcement and a general decline in the rule of law.
Now a few words for voters inclined to support dictator Donald Trump.
"Now Democrats have upped the ante, threatening an even greater disruption to federal checks and balances by knocking down some of the last few remaining constitutional barriers to their permanent governance."
"Now it is Biden’s bizarre behavior, forgetfulness, and word salads served on those few occasions he emerges from his basement in unscripted exchanges."
"Now Modi has made international headlines for yet another similarity: He’s constructing a massive wall … but unlike Trump’s goal of keeping immigrants out, Modi’s wall was built to hide the country’s poverty from the gold-plated American president."
"Now Republicans, who are working hard to destroy ObamaCare, will not have to face voters on the issue until after the election."
"Now that most of America has begun opening back up without the predicted spikes in coronavirus and Joe Biden has left his basement bunker, Americans are remembering that there’s an election going on. As normalcy quickly returns some places, so to has the battle for 1600 Pennsylvania Avenue."
"Now that the Supreme Court has ruled on Texas' ridiculous suit against four other states, perhaps we can take stock of what's happened over the past few weeks."
"Now the pandemic has hit, and we’ve never been less prepared, thanks to Trump’s actions and inactions."
"Now today, the San Francisco mindset is still, shall we say, peculiar. It’s a city, after all, where old-money trust-fund types, addled with guilt, have joined with nouveaux riche tech tycoons to create a bizarre overclass ideology that’s a part Karl Marx, one part MSNBC, one part Michel Foucault, and maybe even a little bit of Ayn Rand."
Now Trump claims that as president he can wipe out any debt to society for past criminal conduct.
"Now, the data shows there is an aftershock in the form of the looming tsunami of student debt defaults that will hit communities of color the hardest, according to data compiled by the National Center for Education Statistics and Demos, a progressive think tank."
"Now, Trump’s economic advisers and his unqualified son-in-law Jared Kushner have another way to undermine Social Security: The so-called “Eagle Plan,” which would be more aptly named the Work ’Til You Die Plan."
"Now, with Biden as the Democrat 2020 nominee, and Sen. Kamala Harris (D-CA) as his running mate, the anti-Catholic bias has not only continued, but intensified."
"Numerous gun control proposals have been thwarted in the U.S. Congress, largely because of opposition by Republican lawmakers and the influential National Rifle Association gun rights lobby."
"O’Rourke, a native of the U.S.-Mexican border town El Paso, has blasted Trump’s use of tariffs as a “huge mistake” and has vowed to suspend them on his first day in office."
"Obama’s claim that “history” was on his side is arguably false. The massive, historically unprecedented wave of immigrants crashing across the U.S. southern border is a political phenomenon, set in motion by the 1965 Immigration and Nationality Act and accelerated by the Obama administration’s disastrous Deferred Action for Childhood Arrivals (DACA)."
Obama’s joke about moat with alligators came to mind while reading a newly published report from the New York Times on Donald Trump’s zealotry on border policy.
"Obviously, this is true of Trump and his gang, who have left an extraordinary number of posts vacant simply because they don't understand why it is necessary to fill them."
"Ocasio-Cortez used this weekend’s news cycle to continue highlighting the evils of wealth inequality, and to draw attention to serious policy fixes for the problem."
"Of all the shameful things that Fox News has done over the years, its most blatantly irresponsible might very well be the weeks its hosts spent claiming that coronavirus wasn’t nearly as dangerous as liberals in the media were making it out to be and that Democrats exaggerated the threat in order to attack President Donald Trump."
Of course these power-hungry leftists want us helpless and defenseless.
"Of course Trump doesn’t care about other people, only his ego and his appearance. Reporting from the Associated Press confirms this, as a Thursday article explained Trump told advisers that wearing a mask would “send the wrong message.”"
"Of course, not everyone supports this liberal-libertarian liberaltarianism.  To name just one opponent, there’s Donald Trump. "
"Of course, regionally, the Democrat base consists nearly exclusively on top income earners and rich executives who live in metropolitan areas and major cities along the coasts."
"Of course, the demands of tolerance are not universal. The strong gods are still suppressed and exiled, and the heretic-hunting inquisitors of diversity have become more paranoid and vindictive in triumph."
"Of course, the famously corrupted higher education sports market is a happy NFL partner and crime may pay after all, as it often does in the Trump league."
"Of course, this is not the first time that Gaga has pushed the idea of endemic racism."
"Of course, viruses don’t just “go away” regardless of the amount of propaganda or wishful thinking you throw at them. His theory, however, is telling. Trump’s strategy from the beginning of this crisis has been to minimize the threat and wish it away."
Officials at Dartmouth College looked the other way this week when a group of leftist student activists disrupted classes to bring attention to their support for the Green New Deal.
"Oh for crying out loud. The desperation. Imagine if you got your news only from the New York Times, and how bigoted that would make you against non-liberals."
"Oh, and Azar put on his best hyper-partisan hat to assure America that if the Trump administration and his Republican Party succeed in convincing the Supreme Court to wipe ""Obamacare"" from the books, then for sure, this time, then present a Republican plan to ""protect those with preexisting conditions"" with new legislation that hasn't been written, that Azar would not describe, with ""exact details"" that do not yet exist."
"Omar believes USA Powerlifting is discriminating against males who identify as transgender women, based on the “myth” that they have a “direct competitive advantage” over biological females."
"Omar defines herself as a victim of prejudice, saying those who try to call her to account for her threats to “burn down” American institutions are therefore anti-black, anti-Muslim, and anti-female."
"On every equality issue is the same picture with today's Democrats, signaling their virtue with social justice slogans, while pushing policies that would hurt African-Americans instead of helping them."
"On Friday, Trump claimed he had reached a landmark last-minute immigration deal with Mexico, which meant he no longer had to impose the tariffs he had been threatening, part of his incoherent southern-border policy."
"On how the woke-left police the new orthodoxy of thought, Farage said “Fear is what dominating absolutely everything”, pointing out political activists would vilify dissenters online, in the street, and agitate against businesses to deprive funding."
"On immigration, Klobuchar now supports a “path to citizenship” for illegal aliens — though she once took a harder line."
"On July 15, New York City cops were bloodied in broad daylight by assailants who know that Mayor Bill De Blasio shares their dislike for the police."
"On June 1, Donald Trump, the failed businessman who became president by pretending to be a successful businessman on reality TV, decided to tear-gas peaceful protesters in search of a photo op."
"On Monday, the Grammy-winning crooner and left-wing agitator tweeted to her 81 million followers a graphic of the coalition with a caption demanding, “Change in the music industry begins now.”"
"On Monday, Mike Pence outright lied to reporters when explaining why it was just dandy for Trump to hold a rally in Tulsa on Saturday over the objection of local officials."
"On Monday, the Supreme Court voted in an 8-1 decision against Rubio’s gimmick to take down Obamacare."
"On multiple occasions, Trump has claimed his full healthcare plan would be released in ""two weeks,"" ""one month,"" ""soon,"" and so on, the truth is that it has been three and a half years and Trump still has not released a plan. "
"On one hand, it’s true that a female candidate would face an uphill battle against the ingrained sexism of the electorate, not to mention the vicious misogyny of Donald Trump."
"On one hand, naive teenagers who signed off their financial futures to leftist, anti-American institutions would catch a break. The college cartel screwed you; now here’s a government waiver to make you forever grateful to the Democrats. "
"On Saturday, several thousand protesters were seen marching in the French capital — defying the country’s China virus lockdown measures — as a part of the ‘March of Solidarity’ for migrants “without papers” — a left-wing euphemism for illegal aliens."
"On Tuesday of this week, Barr continued his assault on the rule of law by rejecting federal prosecutors' sentencing guidelines for Trump minion Roger Stone, who has been convicted of lying under oath in connection with the Russia scandal."
"On Tuesday, AOC once again ignited a media firestorm when she continued bashing President Trump's administration by alluding to Nazi Germany while describing the way Trump detained migrant families on the border."
"On Tuesday, President Donald Trump will give an Oval Office address on the government shutdown he created, during which he presumably will lie through his teeth to defend his highly unpopular immigration agenda."
"On Tuesday, retired U.S. Navy Admiral Mike Mullen, who served as the 17th chairman of the Joint Chiefs of Staff, also took aim at Trump’s brutal policies against American citizens."
"On Wednesday, democrats got a chance to grill President Donald Trump's point person on deregulation as Andrew Wheeler came to Capitol Hill for his confirmation hearing to be the next permanent administrator of the Environmental Protection Agency."
"Once you’ve grasped these points, the true significance of those hard-left activists’ assault on those statues becomes clear. By destroying — or trying to destroy — those statues, what they are really trying to destroy is Britain’s sense of history and, by extension, its cohesive national identity."
"One driving force behind the record rates of youth sports officials and referees quitting is increasingly abusive and belligerent behavior by parents, including verbal abuse, threats and even fights."
"One example of a Medicaid waiver involves work rules, which require able-bodied adults to work a minimum number of hours each month or participate in an equivalent activity as a condition for continued Medicaid eligibility. "
"One of the bitterest cases in academe involved Steven Salaita, whose offer of a tenured faculty position at the University of Illinois was revoked in 2014 after he posted a series of tweets harshly critical of Israel."
"Opposition to immunizations was once largely limited to online bullying, but now opponents are increasingly taking their harassment tactics into the real world: aggressively following legislators and doctors and, in some cases, using physical violence."
"Oscar-winning actor Leonardo DiCaprio is a vocal climate change activist, however, he has taken some heat in the past for his preference for fuel-guzzling private plane travel."
Other European countries have also said they will strip dual nationals who joined Islamic State of citizenship.
"Other than the fact that none of the above is even close to the truth and that the entire premise of the article is the fakest of fake news, the Daily Beast has a real bombshell on its hands."
"Outraged Democrats vowed to appeal a federal judge’s ruling that could undo the US health care law known as Obamacare, saying on Saturday that they will use their new power in Congress to hold Republicans responsible and “expose their lies.”"
"Over 70,000 women in Germany have been subjected to female genital mutilation (FGM), and a further 17,000 young girls are at risk of having the barbaric procedure being committed against them."
"Over the next six weeks, Slaoui said 30,000 subjects will be recruited to test the vaccine that could end the brutal lockdown America has gone through over the past four months."
"Over the past few decades, RFK Jr.’s famous name has helped him get in the door to talk to important people, and it probably isn’t long before the person who is all jacked up to meet a Kennedy realizes the guy is totally cray-cray."
"Over the past three decades, the fascism of political correctness has only grown more oppressive and suffocating, but now, with the left-wing moral panic sparked by the tragic death of George Floyd while in police custody, the left is emboldened."
"Over the past week, activists, some of who are believed to be affiliated with Black Lives Matter have rioted across the country following the death of George Floyd in police custody, wreaking havoc and destruction against America’s towns, cities, and local communities. "
"Over the past week, President Trump's Circus Maximus of American fascism reached full bloom."
Owens defended herself Friday by insisting that her blackness was credential enough to claim expertise in domestic terrorism.
"Palmer had been using the power of deputization to create a private armed force comprised of his political supporters—and he gave them tremendous powers, including the ability to harass his enemies."
"Pandemic Apprentice': Deprived of rallies to inflate his ego, Trump muscles in on sickness and death"
"Parent borrowing is a sacrifice many black parents make to pay for their children’s college education, and it is especially prevalent among families whose children attend historically black colleges and universities."
Parents and leaders must stop the hyper sexualization movement that aims to federally mandate their dangerous standards that objectify and place our children at risk of sexual coercion and life altering health risks.
Part of the problem is that the police — or at least their right-on superiors with their crappy sociology degrees from second rate universities and their Common Purpose leadership training certificates — no longer see it as their job to combat actual crime.
Paul Krugman blast GOP's claim they have a superior alternative to Obamacare
Pelosi made similar comments claiming that President Trump’s possible re-election threatens the world as House Democrats readied two articles of impeachment against the president.
"Pelosi’s coronavirus plan uses the pandemic to cram provisions of the House Democrats’ H.R. 1 legislation into federal law. That legislation went even further in its efforts to create loopholes for voter fraud, allowing convicted felons to vote in federal elections."
"Pence provides no details about the supposed vaccine coming for the fall (it’s not a “surprise” if you announce it too many times in advance), but he does spend a good deal of time bragging about how testing is now so good that “today less than 6% of Americans tested each week are found to have the virus.”"
"Pence responded by bizarrely claiming that the Obama-Biden response to the H1N1 swine flu in 2009 was a bigger ""failure,"" because that virus infected 60 million people."
Pence was the source of inspiration to pro-life activists for a second time Friday as he had addressed the March for Life rally earlier in the day when he made a surprise visit to speak to thousands of pro-life marchers participating in the annual event.
"People keep getting sick and the economy is cratering, but for Republicans, hating women is still a major priority: republican governors in Texas, Ohio and even Maryland are trying to use the coronavirus crisis as an excuse to block women from getting abortions, claiming that ending a pregnancy is a “nonessential” medical procedure that must be rescheduled."
"People often pay little attention to their state and local politics in the months leading up to a presidential election, yet these are the powerbrokers who have micromanaged their lives, suppressed their freedoms, and refused to reopen schools these past six months."
People seem to think that the coronavirus mania has gone away.
"People were tear-gassed, manhandled, shoved, battered with clubs and slammed with shields on Monday to clear the way for Trump to cross the street from the White House for a photo op at St. John’s Episcopal Church. The onslaught against the protesters began 25 minutes before a 7 p.m. curfew."
Perhaps that is why both Warren and Sanders have gone out of their way to hammer home the fact that their proposals would only affect the wealthiest Americans.
"Perhaps the pushback from the Pentagon will increase the political cost, but if congressional Republicans won’t break with the president, then he’ll probably be able to create the carnage he seeks without too much difficulty."
"Personalized healthcare eliminates needless layers of bureaucracy and harmful regulations, letting doctors focus on their patients. "
Phoenix’s Oscar speech for Joker was a rambling discourse that veered in several direction before settling on environmental platitudes.
"Physicians are fleeing the island as a financially strapped healthcare system, long treated less generously than the states under Medicaid and Medicare, squeezes their income."
"Planned Parenthood, the abortion industry giant says the “white supremacy” and “systemic bias in policing” that “took George Floyd’s life” are the same factors involved in “attacks” on women’s abortion rights."
"Plus, you’ll be funding rotting schools, potholes, corrupt Democrat political machines, and self-destructive social justice programs."
"Police cars redecorated in the colours of unicorn vomit (in solidarity with LGBTQetc), policemen being encouraged to wear high heels and paint their fingernails in solidarity with something or other, policemen obsessed with hurty tweets but not with preventing burglary or grooming gangs."
Police in Milwaukee on Thursday identified the five brewery employees shot and killed by a co-worker who later took his own life in the latest spasm of gun violence plaguing U.S. workplaces and schools.
"Police made scores of arrests at Friday’s massive demonstration in Brooklyn, loading cuffed protesters onto city buses lined up on Atlantic Avenue, shutting down a major thoroughfare."
Politicians have no business directing or defining patriotism — especially when their rhetoric sounds like 1950s-era Soviet sloganeering.
"Pompeo also spoke with the Wichita Eagle in November, and that interview turned messy, too."
Pompeo appeared hopelessly lost when WSMV’s Nancy Amon was far better prepared for an interview than he was.
"Populist eruptions and governments from Brexit to Budapest to President Trump are perceived as confirmation of their fears, necessitating increasingly ferocious efforts to defend liberal democratic pluralism and its virtues of openness, tolerance, and inclusivity."
"Populist Interior Minister Matteo Salvini has slammed Saudi Arabia, the host of the Italian football Super Cup, for not allowing single women to attend the match without a man accompanying them."
"Portraying the president and his PiS allies as aggressors in a culture war, Reuters featured a quote from far-left presidential candidate Robert Biedron –who is himself gay — likening the Family Charter to policies favoured by former German Chancellor Adolf Hitler."
"Posting on Twitter, the former stripper turned rapper said that she “really love[s]” the concept of government even though she does not agree with it."
"Powell and others in the George W. Bush administration lied extensively while making the case for war in Iraq in the early 2000s, fabricating “evidence” of the existence of weapons of mass destruction within the country."
Power is pretty much all the racist right wants.
Practicing pro-life litigators know that Trump judges are saving lives by permitting restrictions on abortion to go into effect.
"Pregnancy is not a disease cured by abortion, and using American tax dollars to prop up an organization committed to abortion is a misuse of scarce resources."
"President Barack Obama called it an act of “terror” at the time, but the media and the Democrats obscured the connection to ISIS, in keeping with the standards of political correctness encouraged by the Obama administration for eight years."
"President Donald Trump abruptly turned and walked away from the lectern at a White House news briefing Monday after telling a reporter to ""ask China"" in response to a question about U.S. coronavirus testing capacity. "
"President Donald Trump accused Democrats of “politicizing” the deadly coronavirus during a campaign rally here on Friday, claiming that the outbreak is “their new hoax” as he continued to downplay the risk in the U.S."
President Donald Trump and his top allies on Tuesday took the opportunity—with a characteristic lack of self-awareness—to blast Democratic presidential candidate Mike Bloomberg as “racist”.
"President Donald Trump asserted without evidence Friday that the COVID-19 pandemic will ""go away without a vaccine."" The comments contradict the belief of some of the president's task force members."
"President Donald Trump bragged on Sunday that the Republican Party has never been stronger or more united than it is now, even as his impeachment trial is set to begin in the Senate this week."
President Donald Trump clearly wasn’t pleased on Wednesday when he learned that his former Defense Secretary James Mattis had spoken out against him. So the president responded in his usual and predictable way: lashing out on Twitter.
"President Donald Trump had a lot to say about health care when he gave his State of the Union speech on Tuesday, February 4, claiming that he was determined to protect coverage for preexisting health conditions and that “socialist” Democrats were trying to rob Americans of the health plans they love."
"President Donald Trump has been doubling down on his love of tariffs this week, vowing to increase tariffs on Chinese imports."
"President Donald Trump has characterized those clashing with law enforcement after George Floyd’s death under the knee of a Minneapolis police officer as organized, radical-left thugs engaging in domestic terrorism, an assertion repeated by Attorney General William Barr."
"President Donald Trump has slammed the idea of police defunding, tweeting that the “Radical Left Democrats have gone Crazy!,” and many Democrats including presumptive presidential nominee Joe Biden have called for more measured reform."
"President Donald Trump in an interview on Wednesday ripped former Vice President Joe Biden for failing on race relations, after 43 years in public office."
"President Donald Trump is losing support from his evangelical base as he lurches from one crisis into another. Numerous polls show that religious Americans, like most other Americans, disapprove of the president’s performance, and that could imperil his re-election chances."
"President Donald Trump lashed out Friday at his niece Mary Trump for the first time on Twitter, clearly riled up by the fact that she has released a tell-all book about their family."
"President Donald Trump on Tuesday praised U.S. police departments and downplayed police violence against Black people, saying “more white people” are killed by police officers."
"President Donald Trump personifies the impulse to ignore the peril while insisting on prejudice, rather than science."
President Donald Trump rambled off-topic after Rush Limbaugh asked him about health care protections for those with pre-existing conditions.
"President Donald Trump ridiculed Democrats promoting the Green New Deal on Thursday, during a campaign rally in Iowa."
President Donald Trump ridiculed former Secretary of State Colin Powell on Sunday for endorsing former Vice President Joe Biden for president.
"President Donald Trump sparked ire on Tuesday after he spread yet another conspiracy theory, this time about wind farms."
President Donald Trump used the occasion to again voice skepticism about climate change.
"President Donald Trump, however, would have us all eat our “one marshmallow now” with a reckless return to pre-pandemic life. He would risk igniting a second wave of infection, which would entail the needless sacrifice of thousands of more lives and a squandered chance to lay the foundation for a durable post-pandemic economy."
"President Donald Trump's top health advisers – Anthony Fauci and Deborah Birx – showed up at a White House event Friday with protective masks, though the president himself continued to spurn any kind of face covering."
"President Obama stubbornly refused to use the term “radical Islam” through the end of his presidency, because he thought it somehow insulted Muslims or emboldened Islamist terrorists."
President of Belarus refuses to cancel sports and scoffs at ‘Psychosis’ of coronavirus measures.
President Trump is culpable in the preventable deaths of tens of thousands of Americans due to the evisceration of environmental protections in addition to the preventable deaths of tens of thousands of other Americans due to Trump’s disastrous response to the COVID-19 pandemic.
President Trump is perfecting the art of the peace deal.
"President Trump poked fun at Sen. Amy Klobuchar, D-Minn., Sunday for vowing to tackle climate change as she kicked off her 2020 presidential campaign in a snowy, freezing Minneapolis park."
"President Trump ran promising judges who wouldn’t murder America, and Gorsuch just gave him and everyone who voted for him a giant middle finger."
President Trump sought to play down the threat from coronavirus and announced Vice President Mike Pence would be his point person to coordinate government efforts to prevent a widespread outbreak.
President Trump was “impeached forever” as Nancy Pelosi so childishly put it.
"President Trump warned us “when the looting starts the shooting starts,” and, tragically, that is exactly what has happened."
"President Trump's two-day visit to India turned to substance Tuesday after opening with a heavy dose of pomp and pageantry, but few concrete accomplishments were expected from the whirlwind trip."
"Prior to the outbreak, it was legal for pro-life advocates to gather at a certain distance outside of abortion clinics to offer women alternatives to ending the life of their unborn child."
"Pro-democracy dissidents in Cuba condemned the island’s “accredited journalists” — reporters from mainstream media outlets with Communist Party permission to work — for their silence in the wake of an increasingly violent wave of repression, the Spain-based Diario de Cuba reported on Tuesday."
"Prominent black conservatives are seeing how the mainstream media are using the death of George Floyd  — to portray America as racist, to vilify all police officers, to force the mantle of victimhood onto black Americans — and they are calling foul."
"Proponents of better compensation and labor rights for college athletes have hammered the NCAA on numerous fronts over the last decade, with federal lawsuits, attempts to unionize, legislation in statehouses and Congress, and new leagues that aim to compete for top-tier athletes by paying them more than the NCAA allows."
Proponents of stricter protections for students argue the DOE’s recent rollback of Obama-era rules aimed at protecting students from predatory for-profit colleges will only lead to even more student defaulting on their loans.
Proponents of stricter protections for students argue the DOE’s recent rollback of Obama-era rules aimed at protecting students from predatory for-profit colleges will only lead to even more student failing to pay back their loans.
"Protests over the police killings of George Floyd, Breonna Taylor, Tony McDade and other Black Americans have ignited a national conversation about the role of law enforcement in society."
Pro-Trump fanatics are violently attacking protesters — and Fox News wants them to go further
"Providing health care to illegal aliens has become a widely supported plan among elected Democrats, while the overwhelming majority of Americans oppose it."
"Public attention is a strange beast. Communities of color have known for endless years that the police can kill them with impunity, and it's not as if people haven't been saying so for decades."
Quite how ‘woke’ is synonymous with ‘quality’ Wenger could not explain: probably because the two concepts are antithetical.
Racist Rep. Steve King (R-Iowa) said generations of people would not be here without rape and incest while making the case for anti-abortion legislation without exceptions for victims of those crimes.
"Radical Virginia Citizens Defense League has organized a rally in Richmond for January 20, and the event is already attracting out-of-state pro-gun folks, including a potential horde of white nationalists."
Rambling Trump flops hard after Limbaugh asks how he will protect people with pre-existing conditions
"Rather than help be a part of the solution, Trump is intentionally exacerbating the tensions–not only because he himself is a racist whose politics of authoritarian white grievance align with the same forces driving police violence itself, but because he is desperate and in grave political peril."
"Rather than reducing federal subsidies to universities and placing the leftist institutions at the mercy of the free market, Obama wants to increase the amount students can borrow with interest from the government."
Redfield—usually a reliable Trump sycophant—admitted that some recent cases that had been written off as deaths due to flu were likely cases of the coronavirus.
Refugees have become a hot button issue as millions attempted to flee the terrorist group ISIS and the southern border was swamped with asylum claims.
"Reilly also suggested that Trump’s “grudge” against Puerto Rico correlates with a soured golf course deal on the island, and explained why the sport may be responsible for Trump’s embrace of a wild conspiracy theory about wind turbines causing cancer."
"Religion will also prove more attractive in a practical way. One of the underreported stories of the 2007-2008 financial crisis was the critical role various churches played in helping people cope with the abrupt collapse of home values, the big drop in retirement savings due to falling stock prices, and the subsequent tsunami of pink slips and salary cuts."
"Remarkably, the first three years of Trump’s presidency were relatively smooth sailing outside of self-inflicted crimes and mishaps. His actual approach to life was never fully tested in the Oval Office. Now, with the first real challenge of his presidency, he is utterly adrift."
"Remember how incensed people got when Trump floated his (admittedly, impractical) ideological test for immigrants."
"Rep. Al Green (D-TX) at a hearing on Wednesday perpetuated the hoax that President Trump called white nationalists at a rally in Charlottesville, Virginia in 2017 “very fine people.”"
"Rep. Alexandria Ocasio-Cortez (D-NY) has been an avid supporter of the “Green New Deal,” a plan that would take dramatic steps to curb the United States’ contribution to global climate change."
Rep. Alexandria Ocasio-Cortez (D-NY) on Tuesday blasted President Donald Trump’s border wall as a “monument to hate” and a “monument to himself.”
"Rep. Alexandria Ocasio-Cortez (D-NY) slammed billionaire Jeff Bezos, the richest man in the world and owner of the Washington Post, for paying his employees what she called “starvation wages.”"
"Rep. Alexandria Ocasio-Cortez, D-N.Y., has taken Congress by storm, quickly becoming the de facto leader of the left-wing bloc of freshman Democrats seeking to overhaul the status quo with far-left ideas like the Green New Deal."
"Rep. Gaetz, known for spreading fake news, conspiracy theories and lies, and supporting the alt-right, announced to the House Judiciary Committee that undocumented immigrants are to blame for gun violence and building President Trump’s wall would reduce the violence."
Rep. Ilhan Omar of Minnesota recently sparked a major controversy when she criticized U.S. support for Israel and used some rhetoric that House Speaker Nancy Pelosi was quick to denounce as anti-Semitic.
"Rep. Liz Cheney (R-WY), the chairwoman of the House Republican Conference, added that Republicans are fighting “pure evil” on the part of those who would kill babies after being born."
Rep. Luis Gutierrez (D-IL) whined about Breitbart News’ coverage of illegal immigrants and Muslim refugees during his recent commencement address at Cambridge College.
"Reporting from Buzzfeed News Thursday evening exposed how President Donald Trump’s immigration policies led to four deaths and preventable surgeries for children held in the administration’s detention regime, including one eight-year-old boy whose forehead was partially removed."
"Reports of Americans misusing bleach and other disinfectants quickly flooded the news, as hospital emergency rooms saw spikes in bleach exposure and other similar poisonings. When confronted with the news of people misusing bleach, Trump refused to take any responsibility."
"Republican Rep. Clay Higgins of Louisiana has a long and colorful track record of being a right-wing prick who has a strange preoccupation with World War II, though which side he’s most obsessed with remains debatable."
"Republican state legislators from Texas to Arizona, to Wisconsin, where Covid-19 cases are now shooting through the roof, all rode the “reopening” bandwagon for months while pounding their chests on their Facebook pages about their “patriotism,” attending rallies in support of gun-toting Neo-Nazi militias, and bringing frivolous lawsuits to force businesses to reopen. "
Republicans are flooding this red state with cash over panic state may flip on Trump
Republicans are indulging in a nasty gambit — but they won't like the final endgame
"Republicans are more pessimistic about the country’s direction than at almost any other time during Donald Trump’s presidency, as a trio of crises – the coronavirus pandemic, an economic downturn and mass protests over police brutality – buffets his administration."
"Republicans cheered their Mad King, while Democrats were disgusted and stunned."
"Republicans need to be asked how they can tell us to vote for them “because judges” when their Supreme Court nominees just passed an LGBT version of Roe v. Wade that will lead to teaching preschoolers the confusing, anti-science lie that “boys can have girl brains.”"
"Republicans will claim that they prioritize pro-life policies, and democrats will keep abortion sacrosanct."
"Republicans, however, are likely to vehemently oppose the plan to tax the wealthy."
"Republicans, however, still believe they can win, given the radicalism of the Democratic Party and the frailty of former Vice President Joe Biden, who was an extraordinarily weak primary candidate and who has barely left his home in Wilmington, Delaware, for months."
Researchers see a growing threat from white supremacists who call themselves “accelerationists” and avow violence to counter democratic governments.
"Retailers, pharmacies, liquor stores and other merchants across the United States are gobbling up insurance that protects buildings from damage caused by societal unrest, worried about possible street violence after the U.S. presidential election, insurers and brokers told Reuters."
"Reuters photographer Dylan Martinez heard the words ring out during chaotic scenes in London on Saturday, when mostly peaceful anti-racist demonstrations turned into violent scuffles with counter-protesters in the area."
"Right-wing media sprung into action to try to discredit her, of course, by implying that a woman who graduated summa cum laude with an economics degree is a bimbo and with  Twitchy using a screenshot to make the usually genial Ocasio-Cortez somehow look like a ballbuster."
"Right-wing propagandist Glenn Beck told viewers of his BlazeTV show that Americans who are older should just go back to work and prepare to die: ""Even if we all get sick, I would rather die than kill the country."""
"Riot police appeared to make some progress in driving back activists after this, but the situation remains tense, with the police horses unnerved by individuals who hurled flares towards them."
Rispone is crying foul about the race-baiting ads from Edwards’ allies.
Rowe then dismantled each of Atkins’ unsubstantiated points. He lambasted celebrities for constantly broadcasting their political opinions as though their views have any impact on most Americans.
Rowling added that the current regime of trans extremists are far more misogynistic than any old time sexists have ever been.
"Rowling has been branded a hater, even a “terrorist” who “wants trans kids to die” because she disagrees with the far left’s transgender agenda."
Rowling refuses to buy into this anti-science trans nonsense that demands we all be gaslighted into believing a man can magically transform into a woman simply by saying he’s a woman followed by a chorus of “I Feel Pretty.”
Rowling then went on to explain that she has several charities that cater to at-risk women and children and the radical trans movement is only putting these vulnerable people at still more risk of being abused at the hands of men claiming to be women.
"Rubio began his specific effort to sabotage the law in 2013, a few short years after entering the Senate and before setting out to win the White House. "
"Safe spaces, trigger warnings, de-platforming etc is nothing to do with progressive values and everything to do with delegitimising even moderate voices of disagreement."
"Sanders praises the radical Green New Deal, champions a Medicare for All plan with a $34 trillion price tag, nods to abortion as a means of population control, and defends bread lines and Fidel Castro’s Cuba."
"Sargent has written leftist pieces at the Washington Post for years. In March 2016, Sargent called then-candidate Donald Trump a “nightmare nominee,” saying that not even white men like Trump."
"School systems across the country are adopting BLM curriculum at at alarming rate, indoctrinating our children to achieve Marxist objectives."
SCOTUS’s Transgender Ruling Firebombs The Constitution.
"Secondly, the Democrat field is so awful, there aren’t any acceptable alternatives."
"Security measures are in place as there are concerns radical groups could face off in Richmond, but Democrat office holders and their surrogates in the gun control movement, as well as establishment media reporters, are working hard to paint the entire gun rally as a meeting of extremists and racists."
Sen. Amy Klobuchar (D-MN) boasted that she worked on the nuclear deal and similarly applauded it.
"Sen. Bernie Sanders (I-Vt.) was among those who suggested Wednesday that a Medicare for All system—falsely dismissed by Republicans and corporate Democrats as prohibitively expensive and unrealistic—could afford all Americans the ability to see a doctor if they develop the flu-like symptoms associated with coronavirus, officially known as COVID-19."
"Sen. Bernie Sanders’ (I-VT) immigration plan, which opens the border to all foreign nationals, was drafted by a handful of illegal alien staffers."
"Sen. Dianne Feinstein of California was among the Democratic senators who questioned Barrett earlier this week, and she zeroed in on Trump's egregious behavior. "
"Sen. Elizabeth Warren is aggressively pushing a new wealth tax – which she’s dubbed the “UltraMillionaireTax” – ahead of this weekend’s formal presidential campaign launch, but keeps running into the same question from critics: Is it even constitutional?"
"Sen. Elizabeth Warren, D-Mass., Thursday released a sweeping immigration plan that would dramatically increase the number of refugee admissions by nearly 800 percent from FY 2018 and 250 percent from the Obama years."
"Sen. Elizabeth Warren's radical immigration plans involves decriminalizing illegal immigration, increasing legal immigration, and ending all detention of illegal aliens, minus those deemed to be “a flight or safety risk.”"
"Sen. Ernst’s flippancy shows how little she and other Republicans think of the grannies and grandpas, dads and moms, and working men and women who have broken their backs to pay taxes and provide for their families."
Sen. Tom Cotton (R-AR) says it “makes absolutely no sense” to continue current legal immigration levels when millions of Americans remain jobless due to the Chinese coronavirus crisis.
Senate Majority Leader Mitch McConnell shredded a House Democratic anti-corruption proposal on Wednesday over a provision that would make going to the polls a national holiday.
"Senator Jacqueline Eustache-Brinio, a member of the centre-right Republicans, said that nearly all of France is affected by radical Islam."
Senator Kamala Harris (D-CA) tells Lawrence O'Donnell that Donald Trump fuming about a Black Lives Matter sign in front of Trump Tower is why the attention should be focused on passing the George Floyd Justice and Policing Act.
Sexual Abuse by Clerics Pervasive In Islamic Schools
"She is one of Donald Trump's natural heirs, even using his patented lies and happy-talk approach to the virus, telling lawmakers recently that ""in South Dakota, we didn't take a one-size-fits-all approach and the results have been incredible."""
She rips Rush for being a “racist” and mocks him for pretending to be surprised.
"Shortly after he took office on Monday, California's Democratic Gov. Gavin Newsom unearthed an unprecedented new health care agenda for his state, aimed at offering dramatically more benefits to illegal immigrants and protecting the embattled Affordable Care Act, which a federal judge recently struck down as unconstitutional."
"Should China be the first country to develop an effective vaccine, dictator Xi Jinping has promised to provide the world with “free” coronavirus vaccines paid for by Beijing."
Shupe acknowledged achieving the first “non-binary” sex designation was a win for the radical LGBTQ lobby.
"Since 2016, Democrats have thrown sand, wrenches, and donkey poo into every gear of government to overturn the results of a free and fair election played by rules."
"Since January 2017, Trump has volleyed on healthcare often spewing lies about forthcoming release dates for his plan. "
"Since taking office in 2017, Trump has worked with his Republican allies in Congress to make the U.S. tax system even friendlier to the wealthy and large corporations while leaving working- and middle-class families in the dust."
"Since the beginning, Biden has been grasping at the coattails of America’s first black president and relying on his administration’s laurels related to Obamacare, race relations, gun restrictions, and climate change."
"Since the coronavirus pandemic began, emboldened pro-life groups have used the public health crisis to try to disrupt access to abortion."
Since the Democrat Congress and the Obama administration orchestrated the government takeover of student loans in 2010 the total amount of student loan debt has exploded.
"Since the incident, the mainstream media — in accordance with its new role as the left-liberal Establishment’s fully compliant harlot — has been on a mission to destroy Hepple."
"Since the start of the coronavirus outbreak, Trump has hampered efforts to slow the virus’s spread and encouraged Americans’ restlessness under quarantine."
"Since then, drip by drip, other parts of the federal government have had their online content trimmed to omit mention of lesbian, gay, bisexual, transgender and queer people."
"Since then, health care has turned out to be a very strong issue for Democrats, who campaigned on the issue aggressively during the 2018 midterms and enjoyed a net gain of 40 seats in the U.S. House of Representatives."
"Since Wall Street hucksters crashed our economy about a decade ago, it's been increasingly clear that the American majority of middle-class and poor families is being intentionally crushed by corporate and governmental decisions imposed by plutocratic elites, creating an untenable, ever-widening level of inequality."
"Since when did even conservative publications consider that it’s the right and moral thing to do to provide covering fire for an increasingly thuggish, openly hard-left, and borderline terroristic group which is less obviously to do with ‘racism’, but which has almost everything to do with smashing Western civilisation?"
Six Republican Senators have failed to develop a coalition for their plan that exchanges a fifth of border wall funding for an amnesty for illegal aliens and increased immigration.
"Smearing conservative news outlets on Wikipedia and later banning them is a common pattern on the site, which has been criticized by its co-founder for a left-wing bias."
"Smith’s announcement Sunday at the all-male, historically black college in Atlanta, Georgia provoked impassioned calls for both making higher education free across the country and canceling student debt."
So conservative activists are turning to their favorite weapons — bad faith and distraction — to advance an agenda of gender inequality.
"So it appears McCabe is allowed to lie to federal investigators about corruption affecting the U.S. government, cover it up with more lies, and get off scot-free even though what he did is a crime, while Stone faces years in prison for lying about gossip that affected nothing of public importance."
"So it was creepy when Obama was trying to replace American idealism with progressivism and calling it “economic patriotism,” and it’s creepy when Trump does basically the same thing under the guise of economic nationalism."
"So the goal is to keep people poor, keep ’em scared, keep their schools crappy (no school choice, no charter schools), tell them there’s no hope because America is evil and racist — in other words, keep ’em voting for Democrats."
So their gradual arrival is likely to have a dramatic effect as the number of pro-migrant judges decline.
"So we flee far from the controlling  grasp of the left — either to Rural America and to the suburbs, and Joe Biden intends to destroy all of that, starting with the suburbs."
So we have tens of millions of legal and illegal aliens present in the United States and we’re expected to believe none of them vote?
"So while these Republicans in D.C. are still lost in the mindset that voters will still support them because ""they're not the other guys,"" that's not entirely true: promises were made, tens of millions of dollars were raised off said promises. Time to man up, Republicans, and fulfill those promises or else people might call you for what you're acting like right now: liars."
"So while they’ve been pretending to be Influencers, the actual subtext of their “thoughtful warnings” against Bernie has been naked, sweaty panic, has been Holy shit if they choose Bernie I’ll either have to out myself as a total fraud by supporting Bernie or never be welcomed in a green room again!"
"So yes, San Francisco Democrats are on the left, but theirs is a leftism that mostly leaves billionaires alone, free to further build their fortunes. To be sure, these fatcats have to be careful about stepping in the human poop on the sidewalks—and they must be careful, too, about the muggers and junkies—but they have security guards to insulate them from the riffraff."
"So you have the New York Times, the Tax Policy Center and — AND — the godless liars at PolitiFact admitting “Biden’s plan would mean higher taxes on average for all income groups,” and the ad is rated still “mostly false.”"
"So, imagine the gall it would take to knock Winfrey for not being charitable enough. That’s what happened when a salty Instagram user slid into the comments under a photo Winfrey posted celebrating the graduates of Colorado College"
Social media is awash with curious images of woke white women creating mayhem at Black Lives Matter demonstrations.
Social media users were quick to point out the interactions and slammed McGuire for appearing to undermine Coyne Schofield’s hockey skills.
Social Security 2100 Act will provide an important forum to help educate the public and could puncture many of the toxic myths that have taken hold about Social Security in recent decades.
Social-justice started to creep into the armed forces during the Obama years.
"Some 20 million may have shown up to BLM rallies in the last month, but the hardcore activists behind these rallies—the true-believing cult members and leaders—are relatively small in number."
"Some of the local governments choosing to accept refugees voted heavily in favor of Trump in 2016, after an election campaign in which he vowed to clamp down on immigration and the flow of refugees — particularly Muslim refugees."
Some people hate Trump and mock everything from his geography gaffes to his appearance. They’ve done the same thing with Rush. All of this mockery and vitriol is just an attempt to thwart their real success in revolutionizing American culture and politics.
"Some people have expressed concern that full cancellation could reward wealthier—and whiter—people, who are less in need than others. But full cancellation will reduce the racial wealth gap."
"Sooner or later you're going to encounter these anti-American ideas about addressing racism in your workplace, on kids' homework, or in the faculty lounge"
"Soule needed to be in the top six runners to advance, but came out eighth because the two biological males were also competing as transgender girls."
"Spencer speculated that the media may be ""soulless golem,"" a reference to magically animated beings from Jewish folklore."
State health departments and legislators who sneer at parental concerns and call for vaccination mandates erode parents’ trust.
State of emergency: Tensions rise in Virginia as right-wing gun fanatics descend
"Still, the CDC has withdrawn tracking numbers about testing from its website, fueling the belief that the White House is still playing politics with health information."
Strategic purchases of U.S. businesses and the placement of Chinese companies on American stock exchanges and indexes have also given the PRC enormous suasion over the avenues of American soft power.
Student debt increased by a whopping 107 percent between 2009 and 2019. Americans now owe $1.6 trillion in education loans. Policy wonks and politicians respond by concocting flashy plans that hardly solve the debt crisis.
Successive centrist administrations have failed to stand up to an increasingly feral activist media and a worryingly censorious academic establishment.
"Such rivals as House Speaker Nancy Pelosi and Senate Majority Leader Mitch McConnell saw overstepping in the name of climate change, a blown campaign rollout to even explain all of its aspirational aspects, and, more generally, a need to slap down an unruly first-year Democratic Socialist."
Suicide hotlines are overwhelmed. Unemployment is skyrocketing. Women and children in abusive relationships are stuck at home in a nightmare situation with their abusers. Alcohol sales are through the roof. Foster kids have nowhere to go to be loved and cared for.
"Sure, some people might prioritize Netflix and pumpkin spice lattes over student loan payments and retirement contributions. But for people like David (not his real name), a 32-year-old living in Harlem, New York, banking fees eat up a good chunk of his income."
"Sure, the coronavirus pandemic is racing through the American population like an out-of-control locomotive."
"Sure, they’re pretending to be righteously upset about the death of George Floyd – but this is a pretty pathetic excuse, given that obviously the British government is not remotely responsible for the actions of the Minneapolis police department. "
"Sure, the scripts that Trump’s handlers and yes-people write for him are not heralded for excellence in speechwriting, but there’s nothing like the rambling we hear when the gold-plated Republican is given a chance to freestyle."
"Surprising because in its early trailer, FX’s Anti-Phyllis Schlafly Series Mrs. America sold itself as a celebration of second-wave feminism as it waged righteous war against the dark forces of the “patriarchy.”"
"Take the case of non-Hodgkin’s lymphoma survivor Chris Gonzalez; after being laid off by Goldman Sachs, the federal government gave him some relief by suspending his federal student loan payments. New Jersey, on the other hand, sued him and proceeded to snap up a state tax refund he was counting on."
"Take, for example, the four reliably liberal Supreme Court justices, all of whom believe it’s OK to compel Americans to pay dues to political organizations they disagree with, to coerce them to say things they abhor, and to compel them to create things that undermine their principles."
"Targeted for their race and gender identity, trans black women are overlooked and their cause should be included in the protests that have been waged since the death of George Floyd, a black man, in police custody, they said."
Team Trump simply decided to consider changes that would have dramatic effects on those who rely on the social-insurance programs.
"Tedros and his agency have been on the defensive after President Donald Trump of the United States — the WHO’s biggest single donor — last week ordered a halt to U.S. funding for the agency, alleging that it botched the early response to the outbreak."
"Tellingly, when not constrained by the debate format, these same politicians push the same narrative to garner support for bailing out student loans, all while the media provides the Democrats a free assist."
"Tens of millions of children under 12 months are potentially at risk for diseases such as diphtheria and polio as the Chinese coronavirus pandemic interrupts routine vaccinations, according to data published by global public health experts on Friday."
Tens of thousands rallied peacefully and the news media treated it like it was the start of the second civil war or at least another violent confrontation like Charlottesville.
"Thanks to the GOP’s commitment to voter suppression, paired with decades of phony rhetoric about voter fraud, millions of black and brown Americans have no access to the ballot box."
"That is because much of what Newsom and the Democrats value in California has to do with good intentions, rather than real-world results."
"That meant anyone walking into a branch with a certain level of assets instantly became a target for multiple offers. Customers with lower incomes were less of a priority, increasingly treated as little more than a source of fee harvesting."
"That Sanders’ proposal lacks any sort of means-testing requirement makes it clear that he believes this is something all people deserve, but it’s unclear why, or how that’s a worthwhile investment given that it will be allocated toward those who are relatively rich (or could have been relatively rich had they not gotten a useless master’s degree that doesn’t translate into higher earnings)."
"That target was sufficient for the Department of Homeland Security to unleash at least 100 unnamed, unmarked customs and immigration agents, who have earned ignominy by snatching people almost at random off the streets to hold them for hours, charge some, and release most – all while ignoring local and state police, the mayor and governor, who asked them to leave."
"That the Secret Service takes precautions to protect the president in a time of chaos is, in itself, to be expected. But the contrast between Trump’s chest-thumping and the fact that he was cowering in the basement was objectively funny.  Unsurprisingly, a lot of people made fun of him, and he didn’t like it."
"That was because stingy lawmakers, mostly Republicans but some Democrats, refused to enact the full stimulus package former President Barack Obama's economic advisers sought using the same economic principles as I."
"That was when I first understood that it isn’t mainly a tragic Lyndon Johnson, a scheming Richard Nixon, or even an ignorant, pathological Donald Trump who make a republic and its political culture and economy illegitimate and unsustainable."
"That’s because the Bengal famine is one of the radical left’s favourite historical talking points: apparently — so all good leftists and Islamists are taught — it shows Winston Churchill to have been an uncaring racist who, in 1943-44, deliberately allowed 1.5 million Bengalis to starve in an act of ‘genocide’."
"That’s because while these problems have been centuries in the making from slavery to Jim Crow to Ferguson and beyond, Donald Trump’s particular failings as a person and a candidate are fanning the flames of the crisis."
That’s led some vaccine foes to join the protesters — whom Trump has encouraged on Twitter — in staging demonstrations in state capitals to “reopen America.”
That’s why a new proposal from a bevy of progressive lawmakers comes as a welcome and innovative addition to the policy arsenal: increasing the corporate tax rate in accordance with the gap between CEO pay and median worker pay.
"That’s why white nationalists, who are enthusiasts for the abortion of black and brown people, despise pro-lifers, as anyone reporting in good faith should know."
That's why it's reasonable to be skeptical about the likely success of the current crop of wannabe Trumps. 
"The ""baby parts"" debacle from a few years ago is another example of how the anti-choice movement is not a group sober-minded devout Christians who just love ""life,"" but in fact a bunch of fanatics who have contempt for the truth and think nothing of spinning wild stories and engaging in implausible thought-experiments in their efforts to smear feminists."
The $1 trillion coronavirus relief package Congress passed won't come close to making up for the damage caused by COVID-19 and the Trump administration's lethal dawdling.
"The “baby parts” debacle from a few years ago is another example of how the anti-choice movement is not a group sober-minded devout Christians who just love “life,” but in fact a bunch of fanatics who have contempt for the truth and think nothing of spinning wild stories and engaging in implausible thought-experiments in their efforts to smear feminists."
"The “moment,” intended to fact-check the President, was filled with establishment media articles from CNN, the Washington Post and other outlets, baselessly asserting that Trump was lying about mail-in ballots."
The “Muslim ban” exists only in the minds of Democrats and left-wing journalists.
The 1619 Project simply spreads an intellectual veneer onto the hatred and bigotry of her sophomore musings.
"The 2010s saw the U.S. economy achieve its longest-ever expansion, with notable milestones such as 110 months of uninterrupted job gains and an unemployment rate near a half-century low becoming easy bragging points for politicians and economists alike."
"The 2020 electorate seems to have about the same digestive system as a goose, which is to say that it doesn’t seem to hold on to anything for very long."
"The absurd Democratic talking point that Portland’s violence was created by federal officers is crumbling as local police, not feds, declare riot after riot, night after night in the City of Roses."
"The ADL report represents a sobering warning about the reach of white supremacist groups, which can take advantage of the efficiency and anonymity provided by social media to disseminate their ideology with little fear of backlash."
"The administration has stonewalled Congress during the impeachment proceedings and other investigations, but the American public overwhelmingly wants the Trump administration to comply with lawmakers."
The Age of Conspiracy Theories in which we are now immured has produced a kind of bastard offspring: the Shared Violent Fantasy
The Age of Conspiracy Theories in which we are now immured has produced a kind of bastard offspring: the Shared Violent Fantasy. 
"The American Petroleum Institute's (API's) estimates were released two days before South Carolina's Democratic primary, where the candidates will compete with platforms that push aggressive agendas on energy and the environment."
The American president’s threat to reverse that decision and impose the metals tariffs is the latest example of his mercurial approach to trade policy.
"The anti-choice movement has always been run by lying trolls, and always will be."
"The anti-vaccination community holds to an unscientific conspiracy theory that childhood vaccinations are toxic and cause numerous illnesses and injuries, including autism, and spreads these beliefs through YouTube, Facebook and other online platforms."
"The anti-vaccine crowd frequently falls back on the claim that vaccines cause autism, despite more than two dozen studies clearly showing that vaccination does not increase the incidence of autism. Nor did it make a whit of biological sense that vaccines would."
The argument that the real way to end abortion is to make abortion unnecessary by establishing a generous cradle-to-grave welfare state salves left-wing Christians' consciences for their support of radically pro-abortion politicians like Sen. Bernie Sanders.
The astute observer will note that China is not exactly eager to take in large numbers of migrants or refugees from beyond its borders.
The author of the piece Omar tweeted out seemed to have no problem with wiping out $1.5 trillion in student loan debt and promising everyone a subsidized higher education.
"The back and forth underscored the tension between Trump's desire to quickly reopen businesses and other institutions and return to a sense of ""normalcy"" despite stubborn coronavirus caseloads in some parts of the country and fears of resurgence. "
The backlash by health-care professionals and science advocates was immediate and widespread. And for good reason.
The battle of Portland is just plain crazy — but what else would you expect in Donald Trump’s dystopian America?
"The biggest problem for NeverTrump, however, is the pitiful performance of the Republican Congress, which has been unable to act on its core priorities, and reinforces the notion that only Trump is strong enough to lead the party."
"The bill would also provide a massive giveaway to the many technology, banking, insurance, and staffing companies that have replaced a huge number of U.S. graduates with large blocs of compliant Indian and Chinese graduates."
The bill would entirely remake immigration system with the explicit purpose of ensuring that criminals are able to move to the United States and settle here permanently with immunity.
"The Black Lives Matter movement, sparked by police murdering Black people, predates Trump’s presidency by several years, but the president personifies the kind of systemic racism the movement has always decried."
"The bloc has also indicated that it wants to exercise some control over the extent to which Britain can cut its taxes in the name of a so-called “level playing field” — fearing that a less bureaucratic, lower tax Britain would be too competitive compared to a European Union notorious for red tape and inflexibility."
"The Boeing Company is set to lay off more than 12,000 Americans in the midst of the Chinese coronavirus crisis while planning an expansion in India."
The brave culture warriors who puff their chests over pro-life legislation are largely quiet when a country with more financial power over them than Georgia transgresses on a scale beyond any comparison.
"The bureaucrats and local would-be dictators concocting their various plans to protect us all from each other have to be relieved of their power or the police state will be permanent. So how did we get here, and how do we reclaim our liberty and the right to take risks to survive?"
"The campaign believes the push can help Trump by drumming up support from suburban and older voters who may be rattled by violent images, which have been broadcast often by conservative media outlets."
"The cancellation of Olympic qualifying events wreaks havoc with athletes waiting to advance, organizers and federations forced to find new venues — not to mention disrupting hotel reservations, airplane flights, and ticket reservations."
"The CBPP also points out that the end of Obamacare would result in even wider health and income gaps for people of color, citing an Urban Institute analysis from before the coronavirus pandemic."
The celebrated rapper and Trump supporter Kanye West has decided to take his Sunday Service choir to a Christian event featuring many anti-LGBTQ crusaders.
"The Christian Right, white nationalists and coronavirus truthers are so twisted that they have even turned Dr. Anthony Fauci into one of the objects of their hatred. Fauci, an expert immunologist who is part of Trump’s coronavirus task force, has had to increase his security detail because of death threats from extremists who believe he is exaggerating the threat in order to undermine Trump’s presidency."
The Christian right's perverse hostility to science is definitely going to get people killed
"The Citibank and Bank of America examples are just the tip of the iceberg, and do not even begin to reveal the larger financial shenanigans against gun makers via Operation Choke Point."
"The concept of changing one’s biological sex is, of course, nonsense, as sex is determined by unalterable chromosomes."
"The Conservatives may have surrendered every last joint of ideological backbone to the forces of Social Justice, identity politics and weaponised resentment."
The contrast also illustrates the Republican Party's callous indifference to the immediate desperate needs of millions of Americans.
"The coronavirus has presented the president with an adversary unlike any other he has confronted. It cannot be intimidated by angry tweets. It cannot be dismissed with a nickname. It cannot be diminished by calling it a “hoax,” as he did in February. And as the death toll rises, while Trump’s poll numbers fall, a new, old strategy is taking shape."
"The coronavirus pandemic, enabled and accelerated by Donald Trump, has killed more than 60,000 Americans. "
The corporate media are now describing the burning and looting of cities as “political speech.”
"The curfews, which have never before occurred on an Election Day in recent times, were a response to looting that occurred after generally peaceful protests against police violence and racism. However, the curfews also come in a climate where the Republican Party, led by President Trump, has been repeatedly making false claims that voting by mail is rife with fraud"
"The DACA amnesty-for-wall funding plan is despised by Trump’s most loyal supporters who have warned the administration against caving to the big business lobby and billionaire donor class, both of which have pushed for an amnesty for illegal aliens for the last two years."
The death of Ruth Bader Ginsburg may have already doomed Obamacare
The declaration that a man’s penis becomes a female penis once a man declares himself to be transgender is built on the transgender claim that men who say they are women are actually women.
"The Democrat Party has been completely radicalized, emboldened, and is currently eating itself alive in the kind of cultish moral panic we have not seen since McCarthyism or the McMartin preschool scandal."
"The Democratic Party’s presumptive vice presidential nominee Kamala Harris is the ultimate San Francisco Democrat, representing the “woke” left-libertarianism of a place where everything is tolerated except for conservatism and where Silicon Valley’s plutocrats are free to enrich themselves insulated from the deplorable riffraff they despise."
"The Democrats that run these cities did not only stand by as their cities were burned and looted, as predominantly black neighborhoods were burned and looted by predominantly white, left-wing terrorist groups like Antifa — these Democrats encouraged and continue to encourage burning and looting."
"The Democrats’ bill is a massive giveaway to Silicon Valley, to tech donors, and to many Fortune 500 companies in the banking and insurance industries who have replaced their American graduates with blocs of imported Indian and Chinese workers."
The Democrats’ plan is designed to aid the multiple refugee agencies that profit from high numbers of foreign refugees entering the country.
"The demonstrators are, ostensibly, protesting the death of George Floyd, a black man who died after being pinned down a white police officer, who has since been charged with third-degree murder and negligent manslaughter, in the U.S. city of Minneapolis, Minnesota — although some believe Mr Floyd’s death is increasingly being used as cover for riots, looting, and the advancement of various political agendas."
The deputy commissioner of Kolkata Police eventually apologized for the bloodying of students - many of whom were women - and argued that tensions had risen too quickly.
The desperate liars at NBC News are comparing President Trump to Democrat-segregationist George Wallace because he wants to protect America’s suburbs.
The destruction of the middle class is destroying democracies and paving the way for authoritarian rule.
"The devil in the data for Democrats, however, showed promising signs for a rebounding economy emerging from the dark days of the dystopian lockdowns as states began to reopen earlier this spring."
"The devil is in the details, however, since—while some charter schools are effective in achieving student success—others have been examples of cronyism and corruption as a result of arrangements between politicians and private businesses."
The Doctor Who franchise has tested this notion to destruction – losing audiences hand over fist and squeezing every last bit of life out of its own brand by turning every episode into a politically correct lecture.
"The documents also include allegations about the NRA's search for a personal mansion for LaPierre, whose alleged obsession with ""purchasing a lavish home for himself"" led Ackerman to pull out of the deal. "
The dream for compromise between those demanding absolute affirmation for ever-evolving gender and sexual convictions and others of strong religious faith is unrealistic — and not because of religious folks.
The dumbest person alive': Video reveals how painfully and dangerously wrong Trump has been about the coronavirus
"The dynamic exposes two underappreciated realities of Trump’s Iran obsession: Any U.S. war on Iran will ignite war in Iraq, and U.S. credibility is visibly faltering across the region."
"The elites arrogantly attribute Trump’s popularity among his supporters to racism, religious fundamentalism, and ignorance."
"The euro may be in its death throes, as the new ECB president, Christine Lagarde, has proved herself unready for prime time."
The Europeans have set up a complicated barter-type system to skirt direct financial transactions with Iran and so evade possible U.S. sanctions.
The explosion of the Hispanic population has long-term job prospect consequences as well: Both legal and illegal aliens will occupy 75 percent of new American jobs in as little as five years.
"The facts are these: with the protection of the Democrat Party and media, the marauders have been loosened. "
The failure to act to ameliorate global warming exposes the myth of human progress and the illusion that we are rational creatures.
"The false messages that they say convinced hundreds of New Yorkers not to vaccinate their children weren’t spread in a Facebook group or on YouTube, but through a glossy magazine written by and for Orthodox Jewish parents."
"The far-left French “Black African Defence League” has threatened statues of some of France’s most famous icons, including Napoleon Bonaparte and General Charles De Gaulle."
The fatal shooting of the promising honors student sparked outrage in her hometown and became the symbol of a larger conversation on the scourge of gun violence.
The FBI Makes a Bizarre Claim About Pro-Choice Terrorism
"The fear was well-deserved, since Trump has also made a number of dangerous comments about vaccines, linking immunizations to cases of autism and suggesting we need different vaccination schedules for small children…"
The federal government is failing!': MSNBC host spits fire as he details Trump's ignorant and inept outbreak response
"The final part of the Biden plan is to un-muzzle the experts, but disease experts have dominated the White House response from the start, with Dr. Anthony Fauci even fashioning himself into a grotesque pop culture icon."
"The financial backers of the BLM movement, such as the Ford Foundation and George Soros’ Open Society Foundations, no doubt recognize the value of infiltrating the understructure of our educational system."
"The First Amendment forbids the establishment of a state church in the United States, but it in no way imposes the incoherent burden of religious neutrality on our civic institutions"
"The First Amendment is also not a priority for the right, for all its whimpering about ""freedom of speech."""
"The flood of foreign workers helps raise corporate stock values by dropping the nationwide price of professional skills, especially among subcontractors."
The flurry of hirings brought the NFL under fire Tuesday from those who think the league’s “Rooney Rule” – an NFL policy that requires teams to interview minority candidates for head coaching and senior football operations jobs – doesn't do what it's intended to do.
The former administration presented itself as a protector of students against mistreatment by student loan companies that were seeking to collect debts owed and were accused of abusing student borrowers to pad their own profits
"The foul-mouthed 38-year-old has seen his popularity wane with some of his movies flopping in recent years, perhaps partly as a result of audiences turning against his woke humor."
"The French aren’t only stigmatizing Chinese people but all Asians, it seems."
The gay lobby wants Graham’s money but they do not want the Christian worldview that inspires people to give money to his organization or to volunteer their time to serve others.
"The George Floyd protests have devolved into riots that have included looting, buildings being set on fire, businesses destroyed, the White House going on lockdown, and people being beaten and killed."
The godless liars hang their “mostly false” lie on the fake argument Biden is taken out of context in the ad. 
"The Golden Globes kick off the Hollywood awards season on Sunday, but the most talked-about attraction at the customarily boozy dinner in Beverly Hills may be the wicked tongue of host Ricky Gervais."
"The golfer-in-chief has been transformed into the ""wartime president."""
"The government of the secretive central Asian nation Turkmenistan published photos of what it claimed to be thousands of cyclists celebrating World Health Day on Tuesday with a crowded ride through the nation’s capital, Ashgabat – one of several sporting events seemingly held with no concern for the Chinese coronavirus."
"The government wants to usurp parents, any chance they get. What consequences does this have in the lives of American families?"
The group claims “systemic racism” has made it difficult for black individuals to obtain birth control and enjoy “reproductive freedom.”
"The Guttmacher Institute, the abortion industry think tank established by Planned Parenthood, published a survey examining 32 studies in 27 countries and found that “[w]orldwide, the most commonly reported reason women cite for having an abortion is to postpone or stop childbearing.”"
The harshest attack on Trump and military action against civilians was issued in The Atlantic on Wednesday by former Defense Secretary and retired Marine Corps general Jim Mattis. He hailed peaceful protesters for working for a better future.
"The head of the Communist Party’s special panel to address the coronavirus crisis, Zhong Nanshan, was quoted in state propaganda outlet Xinhua saying that the government believed the outbreak would peak within 7-10 days, then start subsiding."
The hearing comes a day after the Democrat-led House held a hearing to discuss the alleged threat of white nationalist terrorism to the country.
"The Heroes Act contains many leftist provisions, including:"
The home and justice secretaries have drawn up plans to fast-track the judicial system so that Black Lives Matter vandals and violent far-left protesters can be jailed within 24 hours.
"The hot new idea to tax America’s rich is a wealth tax, which – although designed to target the wealthiest taxpayers – could end up eventually hurting middle-class families."
"The House Democrats’ 1,400-page coronavirus recovery bill threatens the livelihood of millions of American graduates and their families by expanding work visas for many of the roughly 1.5 million foreign college graduate contract workers who hold jobs in the United States."
"The huge political decision follows a sustained lobbying campaign by gay and transgender groups, wealthy transgender activists, law school professors, and other elite groups."
"The idea behind the conspiracy is that these miracle vaccines — and they are medical miracles — can cause autism, when there is no data to back that up."
The Internet lashed out at Rep. Devin Nunes (R-CA) on Sunday after he told Americans to go to restaurants during the novel coronavirus pandemic.
The intersectionality-obsessed media claims Buttigieg doesn't have enough diversity points to run for president.
"The irony of these radicalized, educated women announcing their privilege and “white guilt” as if it’s something to brag about is that doing so loudly and violently as they have in recent weeks is perhaps the highest form of white privilege."
"The irony, of course, is that the exhibit that invites people to throw trash at vacuuming Ivanka Trump lookalike reflects every stereotype feminists claim to stand against, oversexualizing Ivanka’s body and ignoring her hard work."
"The issue of mandatory vaccination is once again an item of debate in media circles given the recent outbreaks in measles, and fueled this week by the continued inability of politicians to discuss vaccination policy without sounding like anti-science fools."
"The Labour politician, who has presided over an epidemic of violent crime — particularly knife crime — and the extension of London’s illegal drugs trade into surrounding areas ..."
"The latter featured Clinton’s typical thimble full of warmth and charm, but with an amusing preamble."
"The Law and Justice (PiS) party politician promised to “protect the interests of the family” from dangers such as pornography and to “defend the institution of marriage”, stressing that the nuclear family is rooted in Polish tradition and is the institution on which society is built."
"The leader of India, Prime Minister Narendra Modi, has been groomed by the right-wing, xenophobic and Islamophobic Rashtriya Swayamsevak Sangh (RSS) along with its polticial arm, the Bharatiya Janata Party (BJP)."
The left is blacklisting us for referring to biological men as “he.”
"The left’s blacklisting rampage is already in full force, and only getting started."
The left-wing Antifa and Black Lives Matter terrorists will probably try to attack the suburbs and Rural America in an indirect way — going after power stations and the like.
The left-wing mob had gathered in Parliament Square in London in defiance of the coronavirus lockdown to protest over the death of George Floyd in the United States and the supposed implicit racism they believe is ingrained in the British and American systems of government.
The legislation ends criminal penalties for self-abortion and – in the case of an unborn baby who is the victim of a homicide – defines “person” as “a human being who has been born and is alive.”
The LGBT lobby group Accountable for Equality has launched an attack on Christian pastor Franklin Graham for recruiting Christian volunteers for coronavirus relief work in New York.
"The liberal class, once again, served as pathetic cheerleaders and censors for a candidate and a political party that in Europe would be considered on the far-right. "
The Lilly Ledbetter Fair Pay Act of 2009 was the latest legislative effort to close the persistently stubborn gap between how much women and men earn.
"The looting and riots and fires in blue cities across the country today reaffirm that it is not “justice” but “war” that today’s radicals have in mind. From a moment that brought all Americans together in their sense of right and wrong, politicians and groups bent on destabilizing the nation chose division…and got their way."
"The mainstreaming of transgender ideology has had a “corrosive impact” on British society and has had a negative influence on the wellbeing of children, a study from think tank Civitas has found."
"The man-made Amazon fires are for clearing the land of its forests and indigenous people. The benefits are for Jair Bolsonaro’s cronies, while producing a climate disaster for the world."
"The mass protests could put Trumpism to a serious test. The president has urged police to come down hard on protesters, and now there’s an endless highlight reel of cops brutalizing people in the way Black Lives Matter activists have always said they do."
The measure would prevent U.S. graduates from getting hundreds of thousands of college-grade jobs as the foreign workers’ visas expire — despite the colossal job losses being caused by China’s Wuhan virus.
The media and the left did their best to ignore the racial diversity of the well-armed crowd.
"The media’s coverage of the Kavanaugh confirmation circus shows its strength in pushing a narrative, but sadly, journalists have failed to use their power to unite the world in opposition to China’s sickening persecution of Uighurs and Hong Kong citizens."
"The media-anointed, all-knowing guru of COVID has been fudging the truth in order to encourage what he views as better behavior from the American people. Put simply, Fauci has been acting less like a public official and more like a parent keeping certain truths from his children."
"The message from the Bouman backlash is that if you are a woman who becomes the face of a massive scientific breakthrough, sexist internet trolls will spend way too much of their time harassing you and trying to disprove your credibility."
"The moment Barack Obama embraced and legitimized the left-wing terrorists in Occupy Wall Street (that have now morphed into Antifa and Black Lives Matter), I toldjaso."
The moment was yet another headache for Biden as he struggles to appeal to gun owners. 
"The movement known as NeverTrump — self-identified conservatives who vowed never to vote for Donald Trump, even at the price of a Hillary Clinton presidency and liberal dominance of the Supreme Court for generations — did not take long to recover from the shock of Trump’s victory in November."
The movement’s hysteric leader proceeded to hush the crowd so the mayor’s answer could be heard across the streets so they could vote him out next year if he bowed to their anarchic demands.
"The narrative of the 1619 Project will inevitably lead impressionable children, likely to remain unexposed to competing evidence, to arrive at the same hate-filled conclusions about America."
The National Republican Senatorial Committee slammed Senate Democrats for blocking the legislation.
"The nation's chief diplomat didn't seem to agree, however. He complained about the line of inquiry and complained about the Obama administration for a while."
"The network also hypes the idea that nonwhite immigrants are dirty and diseased, as well as inherently criminal."
The Never Trumper Republicans of The Lincoln Project have mobilized former Defense Secretary Jim Mattis’s scathing broadside against the president in their latest attack on Donald Trump.
The new judges are picked by Trump’s attorney general and cannot be blocked by hostile Democrats.
"The new law forces radical sexual ideology and its indoctrination into the minds and hearts of our children again, without parental recourse."
The new numbers from Gallup are an unwelcome sight for Democrats after kicking off the week with a disaster caucus in Iowa who and simultaneously anticipating a Trump acquittal in the Senate. Trump will also now have the opportunity to shine in his newfound approval in Tuesday night’s address to the nation while Democrats are in disarray.
The New Way Forward Act is the single most radical piece of legislation we have ever seen proposed in this country — ever.
"The New York Times recently published a fairly detailed fact-check of these Trump World arguments that democrats don’t mind executing babies after birth, and not surprisingly, the rhetoric is irresponsibly wrong."
The New York Times wants you to know there is no reason to fear your conscience protections being steamrolled by the juggernaut that is the queer politics machine.
"The night before the rant, the Jesus Is King rapper continued his crusade against abortion, gun control, and pornography."
"The note, which was full of anti-Semitic language and lauded white supremacy, named the Christchurch shooter and the man accused of fatally shooting 11 people."
The NRA has long agitated to crush tougher gun control laws in this country but for its officials to be directly engaged in trutherism about school shootings is a new low.
The number of April background checks to purchase a firearm showed Americans flocking to gun stores in high numbers for the second month in a row amid worries about the coronavirus pandemic.
The numbers finding broad American approval of Trump illustrate the catastrophe of the impeachment proceedings backfiring on Democrats that were precisely intended to bring the president’s approval numbers down.
"The once venerable Lancet medical journal has put forward Joe Biden as the best choice for Americans’ health, continuing the magazine’s unabashed left-wing activism."
"The open letter — Millionaires Against Pitchforks — has been released to coincide with the orgy of virtue-signalling by the globalist elite at the World Economic Forum in Davos, Switzerland."
The outrage over white portrayals of Christ and the apostles is a blind meant to detract us from the real goal: canceling Christianity.
"The over-the-top, theatrical lies of the anti-choice movement are so comical that the mainstream media, for decades, has shied away from covering them too closely, likely out of fear that they’re actually too ridiculous to be believed."
"The pandemic is clearly the precipitating cause of today’s crisis, but there’s an underlying disease that has been with us for a long time: neoliberal economics."
"The pandemic response has handed Democrats a once-in-a-lifetime opportunity to grow dependence on government, thereby establishing permanent entitlements and buying votes; pass pork-barrel spending for special interests under cover of pandemic relief; and leverage reopenings of businesses, churches, and schools to check more things off their hard-left wishlist, from killing the economy to address climate change to defunding the police."
"The phony indignation of Republican senators who balk at assisting the states, cities and towns financially devastated by the virus is as unearned as their perennial denigration of the poor receiving food stamps -- when they know full well that their farmers receive billions in subsidies to stay in business. "
The photograph of Katie Bouman sitting in front of her computer with the first black hole image instantly made her the face of the project — which is why an informal coterie of sexist trolls kicked off a sexist investigation to invalidate her contributions.
"The police lynching of George Floyd provoked widespread denunciation, with even ghouls like Rush Limbaugh and Mitch McConnell condemning the individual officers responsible for the death."
The Polish president promised to ban the propagation of LGBT ideology in public institutions and the promotion of homosexuality in schools.
The poll results came as new rules brought in by the so-called Conservative government mean schools in England will be forced to hold mandatory “LGBT-inclusive” sex education including the promotion of gender ideology.
"The president and his Republican brethren made all kinds of predictions about what would happen if their tax plan passed, and each of those predictions – from job creation to growth rates to the fiscal impact – turned out to be wrong."
"The president has failed miserably at handling the first serious challenges of his presidency: COVID-19 and the racial justice protests, Conway charged. They have not only revealed the incompetence of the “failing, flailing” president, but his inhumanity as well, Conway argued."
"The president is an obvious horror show, but he’s enabled by members of a movement most saliently characterized by its racism and vengeance, and by apologists who insist the rest of us must understand and respect that movement."
"The president, a onetime reality TV star, added some new surprises to the mix on Tuesday."
"The president’s likely opponent in the November elections, Democrat Joe Biden, was not among those who were inspired. Instead, tone-deaf as he is to the American people and the things of the Spirit, he said the president’s appearance outside the church shows he “is more interested in power than in principle.”"
"The progressive push to bend Americans’ attitudes and their male-and-female civic society around the idea of “gender identity” has already attacked and cracked many of the popular social rules that help Americans manage the cooperation and competition among and between complementary, different, and equal men and women."
The protests in London come days after Black Lives Matter and Antifa flooded the streets of the British capital over the weekend — with little to no regard for the government-mandated social distancing — calling “to burn this shit down” and hailing the chaos and riots in America as a sign that the “West is Falling”.
The provision would suspend the Department of Labor’s ability to prosecute any employer hiring illegal aliens and visa overstayers.
"The radical leftist has been gaining in the national polls and is beginning to take the lead in key early primary and caucus states as the February 3 Iowa caucus, which kicks off the Democrat Party’s nomination process, draws nearer."
The reason for the attacks becomes clearer when considering that Black Lives Matter and Antifa are Marxist organizations and Marxism is an enemy of Christianity.
"The Redskins tweeted the hashtag, but Ocasio-Cortez couldn’t let that happen without taking a shot at the Redskins name."
"The remarks, by the BBC’s head of drama Piers Wenger, will confirm what many viewers have long suspected: that the BBC isn’t interested in making quality programming any more – only in enforcing the politically correct obsessions (equality, diversity, etc) of the narrow, metropolitan liberal elite."
The Republican Party and its propaganda news media have decided to ignore reality and fully immerse themselves in TrumpWorld. 
The Republican Party has been taken over by ideological extremists.
The Republican party is holding itself together by appealing to fascist evils
The Republican Party is poised to cement its hold on power in state legislatures and the U.S. House of Representatives after winning nearly every election in which the power to redraw legislative maps was at stake.
"The Republican Party, unsurprisingly, has taken the position that President Trump should be defended."
The Republican president assumed he was helping the industry at the expense of the environment – a trade-off Trump was happy to make since he rejects climate science anyway.
"The Republican president entered the initial round of talks with the North Korean dictator in Singapore with minimal preparation – Trump went so far as to mock the very idea of doing pre-summit homework – and soon after, he made a series of concessions to Kim Jong-un in exchange for effectively nothing."
"The Republican president proceeded to pitch an aggressively anti-immigrant message ahead of Election Day 2018, when voters handed Democrats control of the House."
"The result of this tribalism will not be a catharsis of white identity, improving equality for non-whites. It will be resentment towards being the only tribe not given the special treatment bestowed by victimhood."
The revelation of more than $1 billion in public money erroneously paid out shines a light on the part of the government’s massive relief program with which most ordinary Americans are most familiar.
"The right to abortion is just that — the right to kill unborn humans. But pro-abortionists like Quinn and Cuomo find it easier to argue that they are fighting for “reproductive rights” (even though pro-lifers are not objecting to any woman’s right to reproduce) or that fetuses are not humans but “clumps of cells.” Just as with slave owners and eugenicists before them, it’s easier for pro-abortionists to advocate for murder after they’ve dehumanized the lives they want to end."
"The right-wing media personality, who claimed the 2012 Sandy Hook massacre was a hoax, was sued by the parent of a young boy slain in the attack."
"The rising hysteria among gun nuts has led to Watts being personally inundated on social media with grotesque, misogynist harassment in recent days."
"The ruling will lead to a tsunami of polarizing court cases and further degradation of Americans' natural rights to free speech, to free association, and to worshipping God as their consciences require."
"The safe, heavily researched HPV vaccine remains tragically under-used — and anti-vaccine movies and conferences could make it more so if we’re not careful."
"The same goes for Govs. Gavin Newsom, Andrew Cuomo, Jay Inslee, and every other Wuhan virus Karen issuing diktats from on high."
The same people who tell you enforcing our immigration laws is impossible because we can’t round up millions of illegal aliens will have no problem whatsoever rounding up millions of defiant gun owners. 
The second case was on whether a person’s claimed sense of “gender identity” allowed them to claim workplace sex-discrimination against their transgender status.
"The second thing to note is that it's nonetheless a terrifying development that will almost certainly lead to more violence, especially in light of what promises to be a chaotic but close election, where violent tactics and intimidation could affect the outcome."
The self-flattering conceit that sustains NeverTrump’s criticism is that Trump supporters are participating in a cult of personality.
The Senegalese was subjected to insults and monkey chants during the match against Inter Milan at San Siro on Boxing Day and was sent off for dissent late in the game with Napoli coach Carlo Ancelotti blaming his loss of temper on the atmosphere in the stadium.
"The spectacular rise of human civilization that took place during the last 10,000 years now appears to be coming to an end with the refusal of our species to significantly curb the carbon emissions and pollutants that might cause human extinction."
"The startling, aggressive attacks on peaceful protesters by the National Guard occurred after a “pointed threat” from the Pentagon that if the Guard couldn’t handle the situation, active-duty military units would be sent to deal with civilians, the Times reported."
The Supreme Court has redefined the 1964 workplace sex discrimination law to cover “transgender” people who claim to have changed their sex.
"The targeted killing is the latest demonstration of how, two decades after the CIA spotted but was unable to kill a man they believed was al Qaeda leader Osama bin Laden in Afghanistan, the U.S. has become adept at hunting and killing its enemies, particularly in the troubled regions of the Middle East, South Asia and Africa."
"The taxpayer-funded BBC has announced that 16-year-old eco-warrior Greta Thunberg will be guest-editing the broadcaster’s flagship current affairs radio programme, the Today show."
"The text implies Biden, if elected president, would fully enforce the transgender ideology on 325 million Americans, whether in sports, the military, K-12 schools, and healthcare."
"The think tank, whose international patrons have included the NeverTrump “conservative” Bill Kristol and Iraq war cheerleader Richard Perle, smeared Geller and Spencer in a new report, titled “Free to be Extreme.”"
"The three major networks, like most of the dinosaur media, are so diabolically possessed with hatred for Donald J. Trump that they actively conceal virtually anything that shines a positive light on the president"
The Times’ about-face was just one example of a little Orwellian campaign that’s sprung up in the liberal media since the Disneyland measles outbreak to try to rewrite history by shoehorning vaccine opposition into the shopworn trope that it is conservatives who are “anti-science.”
"The tragedy of America’s 18 years in Afghanistan has been a stubborn refusal to admit the Afghan government is incapable of standing on its own, no matter how much money is poured into it, how much training its troops are given, or how many of its battles American soldiers fight."
The transgender effort to suppress any recognition that men and women are different and complementary would not matter except for the movement’s political alliance with wealthy progressives and radical feminists who wish to destroy the political power of the male-and-female family.
The transgender ideology says people have the government-enforced right to be treated as male or female according to their sense of “gender identity”.
"The Treasury Department has, quite flagrantly, violated a law that requires it to turn over any individual's tax returns to the House Ways and Means Committee upon request. "
"The Trump administration and Congressional Republicans continue to seek cuts in food stamps and health care for children, as DCReport keeps advising readers."
"The Trump administration has repeatedly said there is an ongoing “crisis” at the southern border and sought to deter migrants, many of whom were Central American families, from making the journey."
The Trump Administration hasn’t built a single foot of border fencing after thirty months of riling up its supporters with claims that the wall was vital to national security.
"The Trump administration made its anti-LGBTQ healthcare announcement on the fourth anniversary of the Pulse massacre, in Pride month."
"The Trump administration on Thursday scrapped one of its most ambitious proposals for lowering prescription medicine prices, backing down from a policy aimed at health insurers and raising the possibility of new measures focused on drugmakers."
"The Trump regime’s efforts include changes to immigration laws designed to maintain a “white” majority, detention centers and concentration camps specifically targeting Hispanic and Latino migrants and refugees, and efforts to keep African Americans and other non-whites from voting."
"The Turkmen government also published photos of contact sporting events such as wrestling and martial arts, which most of the world has canceled to prevent the spread of the deadly pathogen originating in central Wuhan, China."
"The tweet comes on the heels of Trump’s hostile response to protests against racial injustice engulfing the United States following the death of Floyd, an unarmed Black man who died after a white police officer knelt on his neck for almost nine minutes in Minneapolis."
"The two men are known to be friendly and frequently golf together at Mar-a-lago. But apart from their friendship, Trump should feel a great bond with Limbaugh. After all, without his three decades of on-air bombast, bluster, and fearless defense of his audience, there likely would not be a President Trump."
"The U.S. manufacturing jobs boom comes as free trade economists, billionaire donors, and establishment media pundits have routinely claimed that Trump’s 25 percent tariff on imported steel and ten percent tariff on aluminum would cripple the American economy."
The U.S. president has come under sustained criticism for his racially incendiary rhetoric since launching his candidacy in 2015 — including his repeated use of the word “invasion” to describe immigration along the U.S.-Mexico border.
"The U.S.-Saudi war in Yemen, the bloody war that Trump continued, over the bipartisan congressional objections, has generated the world’s worst humanitarian crisis, and it is farther than ever from success."
"The unions and Democrats claim that money is the problem, even though the decrepit schools of Baltimore rank third in the U.S. for per-capita spending. "
"The United States is a failed democracy and a mafia state, the natural result of what happens when capitalism is deregulated."
The useful idiot white liberal youth who see themselves as righteous crusaders for the downtrodden minorities are doing the dirty work of communist agitators in what has become the largest global brainwashing operation of the 21st century.
"The Utah Republican Sen. Mike Lee honed his inner troll while using everything from posters showing Aquaman and Star Wars characters to quotes from Austin Powers to paint the Green New Deal bill as ""ridiculous"" and something that would never pass in Congress and never work. "
"The utter failure of private capitalism to prepare for the coronavirus should have surprised no one. Private capitalism, as business school graduates repeat, focuses on profit. The “profit incentive,” they learn, makes private capitalism the superior, “most efficient” economic system available."
The video also shows Trump claiming that a coronavirus vaccine will be available “relatively soon” — only to be contradicted by Dr. Robert Kadlec of the Department of Health and Human Services (DHS).
"The war against President Trump’s “invisible enemy” spasms on and we’re regularly reminded that healthcare workers, dangerously ill-equipped, must beg for personal protective equipment. "
The Washington Post offers a glimpse into its woke Taliban-occupied workplace.
The White House is cynically harnessing the coronavirus panic in a complete image makeover.
"The white supremacists and other far right extremists are super-gun-owners, they are armed to the teeth, and law enforcement is understandably reluctant to get them het up."
"The whiteness of the protests alongside the stark racial disparities in COVID-19 mortality underscores that the desire to reopen businesses is rooted in white supremacy. As if it weren’t already clear, in Michigan where the nation’s most prominent protest took place, armed white men demanded an end to the lockdown while carrying Confederate flags, swastikas, and nooses."
"The whole anti-vaxx (as it became known) thing was nuts, a way for fading celebrities to pretend to be the vanguard of a Great Cause that Saved The Children from a sinister government conspiracy."
"The whole endeavor, born of desperation, became an embarrassing fiasco for the president, but there was an underlying point of real significance: Trump and his allies realized that the American mainstream didn’t see the value of the regressive GOP tax plan, which disproportionately benefited the wealthy and big corporations."
"The Woke Taliban have been chipping away at artistic freedom for three decades, and now the actual death of artistic freedom will be enshrined by the Motion Picture Academy’s new “diversity requirements.”"
"The Woke Taliban have declared the anti-racism of colorblindness racism, but we hicks don’t subscribe to that nonsense — and never will."
"The words and notions of all these documents (Green New Deal, Venezuelan Constitution, UN Covenant “International Covenant on Economic, Social and Cultural Rights”, Stalin-written Soviet Constitution) may sound good to some, but in the end, they are just empty words at best, a siren call for the naïve, beckoning them to a socialist utopia, and at worst, lip service meant to distract from totalitarian brutality."
"The George Floyd protests took a global turn over the weekend as Antifa and Black Lives Matter activists took to the streets of London to ‘stand up to racism’ and to celebrate the riots engulfing the United States, which they claim is a signal that “the West is falling”."
"The gun lobby has repeatedly claimed that using a gun in self-defense is a common event, often going so far as to allege that Americans defend themselves with guns millions of times a year."
The New York Times devoted its entire “Sunday Review” section this weekend to an economic manifesto that lays out a radical left-wing vision for redesigning the American economy in the wake of the coronavirus pandemic.
Their own ideology of selfishness may someday end up punishing them and their constituents -- especially if the folks in the blue states decide they no longer want to be played for chumps.
"Their revolution was the screech of a mob, much as we are seeing in several of our own cities and towns today. So let’s review this absurdly celebrated event."
Then along came an unmasked superhero to the rescue. President Trump announced he was personally taking charge and would sign several executive orders to save the unemployed and rescue the economy.
"Then, at the behest of Republicans, 40% of the Obama stimulus was foolishly wasted on business tax cuts. "
There are some voices in the Democratic Party that freely admit how dangerously secular the Party has grown
"There can be no serious discussion of this issue, however, in 60-second sound bites. So, beyond the soak-the-rich shtick that shades every Democratic economic debate point, the candidates resorted to two tactics: shock and sob stories."
There have been Agatha Christie adaptations again abundant with historically implausible casting and heavy-handed left-wing editorialising.
There is no doubt that there have been U.S. government missteps on the path towards trying to control the spread of coronavirus.
There is no such thing as a moderate Muslim. They’re ALL the same.
"There is no way to fling the footage into the Trash folder, or to edit the crap out of it until it sends the “right” message. Trump’s continued demands that the world act like a reality-show producer who can keep giving him mulligans only reaffirms that he is, above all things, a narcissistic moron."
"There is so much horse-race journalism about the 2020 election, as well as Trump's daily abominations, that the mainstream media is not focusing on how all this is impacting the emotions and mental health of the American people."
"There is zero chance any significant resistance to their demands will be mounted by a single Democrat lawmaker, no matter what they tell gullible red and purple-state constituents when they run for office as “moderates” who respect the hell out of America’s gun rights."
There isn't anyone with more political credibility than Pelosi.
"There may be plenty of baseball players who have set up generations of their families for life, and while the young players wait for their day in salary arbitration, it’s the middle class that’s getting squeezed."
"There was a point a few years ago at which some GOP officials, fearing a backlash in response to the “war on women,” pretended to be pro-choice and used highly deceptive rhetoric about contraception as a way to improve their electoral prospects."
"There was no immediate confirmation from US officials about the alleged plan to slash US troop numbers in Germany and cap them at 25,000 in future. But Trump’s lukewarm support of longstanding cooperation agreements with European allies has long caused alarm on the continent."
"There were many reasons that Trump defeated Clinton in 2016, and sexism was surely among them."
There’s only one reason the left-wing terrorists in Antifa and Black Lives Matter always-always-always focused their marauding in left-wing cities: they know the populace is defenseless.
There's a dollop of cream on top of the shit sandwich that is the Trump-backed lawsuit in front of the Supreme Court to overturn the Affordable Care Act (ACA). 
"There's been a buffoonish quality to Ammon Bundy's brand of far-right ""constitutionalist"" politics over the past six months, primarily organized in a typically paranoid response to COVID-19-related public-health measures: Protesting at the home of a police officer who had arrested an anti-vaccination fanatic for violating the closure of a playground."
"There's no sense in trying to catalogue the rank gibberish emitting from Donald Trump's cakehole every day, because he's better at lying than we are at keeping up with him."
"These [policies] include creating collective ownership in black communities, instituting reparations including for illegal aliens, defunding the police, and “disrupt[ing] the Western-prescribed nuclear family structure.”"
These freakish people are laying in wait to strike you with a new extreme lockdown and a biology-altering vaccine.
"These numbers also help illuminate Democrats’ thinking: Since Trump has no wiggle room with his base, they are content to watch consequences pile up, driving Trump’s overall numbers further into the ditch."
"These plans were never hidden. Indeed, they were clumsily obvious. Since the 1970s, predatory gangster capitalism has been accepted as either ""normal"" or ""inevitable"" in the United States (as well as the United Kingdom and elsewhere). "
These very nasty but cunning and well-organised thugs have used every propaganda trick in the book to persuade gullible teens and early-twentysomethings on social media accounts like Instagram that these protests are good because they’re against ‘racism. 
"They all swing radical left, they all pay homage to the identity politics pieties of the Social Justice movement, they all brutally enforced conformity on #MeToo, and now they’re doing the same with Black Lives Matter."
"They back more gun control laws, deflecting blame and hoping that somehow making some 300 million guns disappear nationwide will prove to be easier than keeping children in their own cities away from stray bullets."
"They came to the United States from all corners of the globe -- Somalia, Rwanda, El Salvador, the Balkans, Germany, Iraq -- claiming to have been persecuted but, in reality, they were the persecutors."
"They gobble down internet conspiracy theories like QAnon, which creates engagement with right-wing politics for those who aren't religious conservatives or business elites. "
They see the pandemic as societal breakdown and therefore an opportunity to get out their guns and finally shoot all those liberals that they have wanted to kill for a very long time.
"They will not do that by making the Department of Justice even less accountable to elected officials, as Democrats are demanding. They will do it by slashing and burning the bureaucracy and its powers. Government by and for the people will perish from the earth if unelected officials are capable of weaponizing government against the people’s elected representatives."
They daydream about sending tactical squads to pry Bubba’s guns from his cold dead fingers. 
"They’ve all surrendered to the radical left because a) in many cases they share its politics anyway, and b) if they didn’t do so their careers would now be toast."
"They've gone from echoing Trump's pooh-poohing of the coronavirus to cheerleading for their ""wartime president."""
This argument that the real way to end abortion is to make abortion unnecessary by establishing a generous cradle-to-grave welfare state is also an extension of the dishonest taunt that conservative Christians only care about babies before they’re born.
"This Black Lives Matter movement is a dangerous, Marxist organisation, hell-bent on anarchy, and we need to wake up, get some facts into our heads, and understand what it is we’re fighting."
This comes in response to Biden and members of his so-called coronavirus task force suggesting another shutdown may be necessary as COVID-19 cases are spiking in some areas of the United States.
This dark new event revealed that America’s white nationalism problem goes far beyond Trump
"This group is small but vocal, and represents a predictable if threatening merging of forces."
"This idea, gaining traction under the hashtag #CancelStudentDebt following the release of Sanders’ college debt forgiveness plan, is bad for several reasons, but naturally appealing in a sort of populist way, since plenty of people choose not to think about second-order impacts and potential consequences of driving our country into even more ruinous national debt than before."
"This institutionalised incompetence and sclerosis may well explain why Britain has plummeted to the bottom quarter of Organisation for Economic Co-operation and Development (OECD) countries for Covid-19 diagnostic testing, per capita."
"This is a positive for the party’s electoral prospects, after a bitterly fragmented primary. Unfortunately, the people selected for the task forces demonstrate how not only the party establishment, but even an insurgent progressive like Sanders, privilege certain topics over others. The criminal justice reform task force is incredibly milquetoast."
"This is a time to redouble pressure on Republicans to stop helping Democrats shred the Constitution and Americans’ natural rights, withdrawing support from them if they do not."
"This is all great news. It now looks like we have a safe, highly effective vaccine that has the potential to significantly reduce many forms of cancer. So why is it also becoming a key target of many anti-vaxxers?"
"This is also true for students snookered into matriculating at sketchy for-profit colleges, which offer almost no marketable skills or career preparedness to justify the cost. And it further describes recent college graduates who, through an accident of timing, entered the real world during the Great Recession and its aftermath, finding it difficult to obtain work in their field of study."
"This is another example of Trump’s false dichotomy between saving the economy and fighting the virus. After all, the economy isn’t going to recover if millions are sick and people are afraid to leave their houses — and early evidence from the states that have tried to “reopen” their economies makes that clear."
"This is typical Trumpian projection, of course. He's always accusing his opponents of doing the thing that he's actually doing, to the point where any Trump accusation should be presumed to be a confession."
"This is what Breitbart News has reported, based on publicly available data ignored by the anti-tariff crowd for over a year."
"This is what the corporate news media does now. They lie, or at least fail to do anything resembling due diligence as long as what they are reporting hurts Donald Trump and then they clarify."
"This is why Donald Trump is awake at 2:30 a.m., rage-tweeting. When he sleeps, he dreams, and his dreams are nightmares. He’s a frightened, desperate man. Every day, he turns on his television, and the death count from the COVID-19 virus keeps going up."
"This isn’t because they’re racist — very few people are in these multicultural times — but because they recognise that BLM is a divisive, aggressive, hard-left activist group whose ultimate goal is not to bring about peace but to foment chaos and Marxist revolution."
"This kind of over-the-top misogyny is, not surprisingly, being accompanied by an absolute barrage of violent fantasies from the gun lovers who plan to descend on Richmond on Monday."
"This makes sense only if you believe the White House statement that our ""strongman"" wannabe dictator “is not worried at all” that he might catch the virus."
"This message of depending on the State for security might seem like an odd fit with the Democrats’ “Abolish the Police” mania, and it’s certainly hard to sell abolishing the police with a side order of draconian gun laws to thinking Americans – but remember, the Left isn’t terribly interested in persuading anyone, and will feel secure in its power after a big election victory. "
"This redefinition of aggression has been going on for decades on the American right, fueled in large part by the NRA and the gun industry. "
This same media are describing peaceful protests by Tea Partiers and those ravaged by anti-science lockdowns as “dangerous” and “violent.”
"This segment endorsing a welcome for all sick foreigners is a dramatic escalation from the Democrats’ unpopular promises to fund health care for at least 11 million resident illegal aliens, most of whom work long hours for low wages in the U.S. labor market that is flooded by illegal and legal immigrants."
"This story starts, as many tales of Republican incompetence do, with sheer ignorance and lack of curiosity."
"This unholy, unscientific alliance of right-wingers, COVID-19 truthers and anti-vaxxers became very clear recently following the viral spread of an anti-COVID-19 propaganda movie called “Plandemic,” featuring disgraced scientist-turned-anti-vaxxer ..."
This violence has nothing to do with George Floyd; everything to do with the hard left’s relentless war on Western Civilisation.
"This was not the president’s first gesture of warmth in the wake of Limbaugh’s sad revelation. The president took to Twitter to cheer him on, saying, “Many people do not know what a great guy & fantastic political talent the great Rush Limbaugh is. There is nobody like him. Looking for a speedy recovery for our friend!”"
This would be the same Taliban that gleefully murders young women for the crime of going to school and regards democracy as a crime against Islam punishable by death.
"This year Trump brazenly said he is stopping or limiting enforcement of the laws designed to protect consumers from companies that sell you and your children hazardous products, pollute your air and water, defraud you in the marketplace, and fail to recall your defective cars/trucks."
This insane story of blackface and backbiting at the far-left Washington Post might be the most revealing thing you read today.
"This, of course, was before the president ignored his national security team, withdrew U.S. forces from northern Syria, and effectively invited Turkey to launch a brutal offensive against our Kurdish allies."
"Those activists will, of course, all be on the left — watermelons, essentially: green on the outside, red on the inside — and will continue to promote environmentalism by whatever means possible in order advance the controlling agenda of global eco-fascism."
"Those areas have been plagued for years by gun and gang-related violence, including Englewood and West Garfield Park."
"Those fighting for Black racial equality in Britain need to put realistic reform over dreams of revolution, said Imarn Ayton, an activist who has had a prominent role in protests that swept London in recent weeks."
"Those filings are expected to show that Sen. Sanders, the so-called democratic socialist, made millions from book sales."
"Those NGOs will be organisations like Greenpeace, Friends of the Earth, the WWF – all with budgets the size of large corporations, all dependent on ramping up the scare narrative in order to generate the hysteria that raises their profile, increases subscriptions from the gullible and terrified public, and boosts their power and influence."
Though  Alexandria Ocasio-Cortez was by no means the first to describe migrant detention centres as concentration camps — disgraced Arizona Sheriff Joe Arpaio boasted his “tent city” in the Sonora Desert was just that — her comments ignited a firestorm of controversy.
"Though conservatives try to demonize Ocasio-Cortez an Omar, their actual policy views are perfectly mainstream.  The New York lawmaker proposed a 70 percent tax on top incomes — a view backed by public opinion and many well-respected economists."
"Though he boasted about working with some of the greatest experts in public health in the world, he demonstrated no personal knowledge of the science or the nature of the outbreak"
"Though it was Major League Baseball that he mentioned — “We have to get our sports back. I’m tired of watching baseball games that are 14 years old” — the sport that truly matters to him is football, the only major mass entertainment (other than Trumpism) that endorses tribalism and toxic masculinity so flagrantly and keeps violence in vogue."
"Though the author reserved much of his political bile for Democrats, he also attacked Republicans and espoused some left-wing views, claiming that “our lifestyle is destroying the environment of our country.”"
"Though the indictment of a woman for her own pregnancy loss is unusual in Alabama, it is not unusual for prosecutors to charge people with murder even if they never killed anyone."
"Though the lone vice presidential debate was far more civil than the mind-melting presidential debate last week, it was not much different in substance. "
"Though Trump has not been as outspoken on vaccines as president as he was in the past, he has repeatedly falsely suggested that vaccines cause autism."
"Thousands of asylum seekers crammed in border towns near the Texas-Mexico border awaiting U.S. immigration hearings are at risk of dying from coronavirus because of poor health access and unsafe conditions, advocates say."
"Thousands of pro-gun fanatics are expected to descend on the Virginia state capital on Martin Luther King Day, and, until Northam's declaration of a state of emergency, clearly had expected to brandish weapons and look as menacing as possible to lawmakers who want to reform the state's gun laws."
"Threre are some concerns about whether some of the goals set by the Green New Deal are realistic, but to argue that the blueprint is genocidal is hopelessly bonkers."
"Throughout his nearly four years as president, Donald Trump has made a plethora of promises that he failed to keep."
"Throughout his presidency, Trump has shown a penchant for quick fixes and slapdash policies aimed at satisfying the short-term appetites of his base, no matter how much it hurts the country’s long-term welfare."
"Throughout the anti-racism protests that have rocked the United States since the killing of George Floyd in Minneapolis on May 25, President Donald Trump and his obedient sycophants at Fox News have engaged in nonstop fear-mongering over the Antifa movement."
"Throughout the night, indeed the convention, the Democrats have appeared terrified that their constituents are too dumb to know how to vote or something. In any event, they have been yammering about it a lot."
"Thus far in the 2020 presidential campaign, Biden has flippantly downplayed the threat from China, only to quickly walk back his comments when he faced backlash."
"Thus the old stereotype of the tycoon or corporate chieftain as some sort of conservative stuffed shirt has been replaced by such hipper-than-thou figures as Richard Branson, Elon Musk, and the various Silicon Valley masters of the universe."
Time Magazine Naming Joe Biden ‘Person Of The Year’ Makes Total Sense For Today’s Boot-licking Media
"Tinpot tyrant Trump and his demented circle of enablers shout for ""law and order,"" and feigning concern for the damage or injury that might result from unruly protests."
"To begin with, the left’s organized and oppressive violence has no effect on us, and that’s primarily because the left-wing terrorists in Antifa and Black Lives Matter know not to come out here."
"To bolster the argument that doctors deliver viable infants alive and let them die, the anti-choice movement also trots out a series of people who claim to have “survived” abortion."
To say that the police are a fascistic organization no doubt sounded like hyperbole to a lot of people during the Obama administration. Now it's becoming clear that it's just a fact.
"To show how absurd Trump’s claim of absolute immunity from investigation is the Republicans cite Jeremy Bentham, the 18th and 19th Century British economist and legal reformer:"
"To the extent it even comes up, it's entirely Trump bragging about anything that's gone right and blaming others for everything that's gone wrong. "
"To the extent the Times created space for explanations, it was for claims that the protests had begun peacefully."
"To the surprise of literally no one whatsoever, Britain’s Chancellor Rishi Sunak has turned on the firehoses, maxed out on credit, and unleashed on the UK economy a public spending budget so profligate it would make a drunken sailor on shore leave blush."
"To the thinking person, the claim doesn’t make sense. How could this be a new phenomenon adopted from the small white nationalist movement when mainstream conservatives have been fighting to end affirmative action for decades?"
"To TrumpWorld, Portland and other Democratic-led big cities (which of course is virtually all of them) are hives of scum and villainy, overrun by criminals and ""rioters,"" which must be conquered by Trump's enforcers and armed vigilante supporters."
"Today, the cumulative stress of Donald Trump’s escalating trade war is leading to if not an irreparable breach between America and China, then certainly a significant fraying."
"Today’s mainstream media doesn’t want you to remember, but the early days of feminism were rife with ideological battles and  backstabbing that would put a medieval court to shame."
"Top Democrat and GOP members of the House Armed Services Committee ducked and dodged when a Pentagon official said the sex of transgender soldiers is decided by their biology, not by their claimed “gender identity.”"
"Top Democrats running for president in 2020 have jumped on and endorsed Democratic Socialist Alexandria Ocasio-Cortez’s radical Green New Deal that aims, among other things, to eliminate air travel."
Top Six Awful Democrat Ideas Senate Republicans Blocked from Coronavirus Bill...
Top Trump officials are in disarray and contradicting each other over coronavirus response as outlook worsens
"Transgender controversy also erupted ahead of International Women’s Day in Leicester, after a students’ union at Leicester University voted to rebrand the day as International Womxn’s Day, in order to be more inclusive of transgender women."
"Transgender ideology says each persons’ preferences are — and should be — unconnected from their bodies. It says that men and women are interchangeable, and can switch their sex by switching their own sense of “gender identity” so that men who say they are women really do become biological women, complete with female penises."
Transgender MMA fighter Fallon Fox twice broke a female opponent’s skull to win matches and now he is being praised by some in the LGBT community.
Transgenderism’s War On Women Betrays Left’s Claims To Champion Our Rights
"Trump — who has been criticized for painting an overly rosy picture of the outbreak, often contradicting his own health officials ..."
"Trump again drew a misleading comparison between the coronavirus and the seasonal flu, telling his supporters that ""35,000 on average each year die from the flu, that's a lot of people."""
"Trump also threatened to invoke the Insurrection Act, an 1807 law that would allow the president to send U.S. armed forces into states for the purpose of domestic law enforcement, if mayors and governors didn’t do more to curb the unrest."
"Trump and Giuliani are vulgar and buffoonish, but they play the same slimy game as their Democratic opponents."
"Trump and his attorneys have been aggressively fighting the office of Manhattan DA Cyrus Vance, claiming that because the president enjoys “absolute immunity,” he is under no obligation to share his financial records with Vance and other prosecutors."
"Trump and his mouthpieces routinely mock, demean and terrorize anyone and everyone they view as the enemy."
"Trump and his team have confronted years of questions about their competence and ability to tackle routine governmental tasks. Occasionally, those concerns are especially acute."
Trump and the GOP are desperately launching a war on American cities
"Trump and the petty politics of revenge: 'If the president doesn't act, people will die'"
Trump attacking wind power is nothing new.
"Trump audaciously claims that any crimes he may have committed crimes before assuming office cannot even be investigated, not even if he committed murder, in effect trying to extend the protections of bankruptcy law with which he is so familiar to criminal law. No statute, court decision or our Constitution supports this claim of being above the law."
"Trump blasts report on his business losses, calls accounting a 'sport'"
"Trump boasted last week that Modi promised ""millions and millions"" of people would honor him on his route to the stadium, Al Jazeera reported."
Trump broadcasts his utter ignorance in the face of the coronavirus outbreak
Trump claims the WHO is in need of reform and is heavily influenced by China.
"Trump could sit on live TV, peeing his pants and whimpering that the protesters are coming for him, and his base would stick by him and claim to see courage in the urine puddles below his chair, just so long as he keeps the racism and the lib-triggering coming. They know he’s a “Bunker Boy,” but will pretend they don’t see it until the bitter end."
Trump credits his administration’s efforts to deregulate industries and cut taxes for a bullish stock market and a historically low unemployment rate.
"Trump enjoys and encourages state brutality against people of color, and black people in particular. It excites him and his most ardent followers. But his response isn’t just based on personal predilections. It’s also based on political considerations."
"Trump had been responding to a question about his health care policy. Since he knows almost nothing about health care policy and cares even less, he launched into a meaningless and obfuscatory rant about how his administration will supposedly protect pre-existing conditions."
"Trump has also in his years in the White House frequently praised the use of violence. He told police officers in 2017 that they shouldn’t worry about hitting suspects’ heads as they place them in patrol cars. And on a conference call with governors on Monday, he berated them for not “dominating” the streets of their cities."
"Trump has also repeatedly threatened to cut off billions of dollars of payments to insurers that they are guaranteed under the law, creating uncertainty and chaos in the individual insurance market."
Trump has also threatened to impose an additional 25 percent tariffs on $325 billion worth of imports from China.
Trump has also repeatedly lied about important details regarding the COVID-19 outbreak.
"Trump has been able to maintain 40% approval ratings by effectively manipulating the lizard brains of white Republicans, but even before COVID-19 hit, he was considered one of the worst presidents in the two surveys of scholars done in 2018."
"Trump has been able to maintain 40% approval ratings by effectively manipulating the lizard brains of white Republicans, but even before COVID-19 hit, Trump was considered one of the worst presidents in the two surveys of scholars done in 2018."
"Trump has been doing this from the beginning, apparently believing, like Tinker Bell that if he just claps his hands it will all go away."
"Trump has kept it up ever since, instructing federal police to tear-gas peaceful protesters outside the White House on Monday evening to clear the area for his ludicrous photo-op holding a Bible in front of St. John’s Episcopal Church in Lafayette Square, a stunt that outraged the bishop who oversees that church."
"Trump has made ""law and order""—replete with thinly-veiled racist appeals to white voters—a pillar of his re-election bid. "
"Trump has made boasting about his tax cuts a central part of his re-election case, and Democrats are still trying to figure out how to respond."
Trump has made the deliberate choice to be the “divider-in-chief” and created a mindset of “us vs. them” that is tearing our nation apart.
"Trump has repeatedly boasted about and taken credit for the stock market’s performance during his three years in office, including as recently as last Saturday after a strong rebound the day before. Trump has also warned that Wall Street would fall if a Democratic candidate wins the November presidential election."
Trump has shown at best a hazy grasp of his actual powers during his presidency and instead has made broad statements about his authority under the Constitution.
"Trump is “angry” that intelligence officials informed Sanders and other members of Congress about some of Russia’s meddling efforts in the 2020 election cycle, Biden said, adding that the administration must do more to secure the integrity of our elections."
Trump is already bungling the coronavirus response — and it could get much worse
"Trump is also attempting an obvious slow-motion coup, in which he is purging senior national security officials who have shown themselves unwilling to do his bidding, for example, by turning the country's military against the American people."
"Trump is nothing if not a public relations savant. Once the dust settles, if he cannot take credit for restoring order, he’ll do his best to deflect and lay the blame at someone else’s feet. He’ll remind his followers what the other side thinks of them, how they desecrated our American values, and what will happen to them if Joe Biden becomes the apologizer-in-chief."
Trump is still sabotaging Obamacare — as COVID-19 looms over the uninsured
"Trump likes to tell this story with vivid and completely made-up details about swaddling a baby in blankets before murdering it. The Senate held hearings in which anti-choice activist Jill Stanek — a crazed, racist liar who also claims Chinese people think aborted fetuses are a “delicacy” — claimed, almost certainly falsely, that she once witnessed a baby being killed this way."
"Trump may not be much of a stable genius, but he doesn't need to be the brightest bulb on the KKK Christmas tree to be a racist troll."
"Trump officials took to the Sunday shows today to, as usual, defend themselves and their incompetent leader from the latest scandals and demonstrations of incompetence."
"Trump on Tuesday also touted the economic numbers under his administration before the coronavirus pandemic, said that former Presidents Bush and Obama didn't take up the police reform issue because they were not capable and said he is optimistic about a coronavirus vaccine"
Trump only cares about one person: Donald J. Trump.
Trump proceeded to ignore multiple other attempts made over subsequent weeks by his advisers and Republican allies to get him to take the pandemic seriously. Instead he dismissed their warnings as “alarmist” and would go on to hold a number of rallies (seven) and golfing outings (three) between learning of Obama’s pandemic playbook and ultimately declaring a national emergency.
Trump relishing in his dream job as Pundit-in-Chief.
Trump slammed by national security expert for more pandemic bungling
"Trump slammed for bragging two COVID vaccines 'took place on my watch' — 'so did 246,000 American deaths'"
"Trump speaks to the great American crackpot, especially the younger set that was otherwise more interested in perusing conspiracy theory websites or ""pick-up artist"" forums than in voting."
"Trump supporters obviously don’t want to admit this. If you turn on Fox News, read Breitbart and The Daily Wire or browse through the cesspools of YouTube or Reddit, you’ll find plenty of people who spin or defend Trump’s bungling."
"Trump used to say that Mexico will pay for the wall, but since that is impossible, he has endorsed the bizarre claim that the wall will pay for itself."
"Trump was a major factor in the early rumblings of white nationalism on the network, which gave him considerable airtime during his reality TV days to air conspiracy theories about Barack Obama’s birth certificate."
"Trump was caught on tape during the visit apparently telling his wife to “smile” (she briefly complied, but then spent the rest of the visit looking like a hostage) and then generating images that are terrifying, but not for the reasons the president may have hoped."
"Trump was widely criticized after National Guard troops and other federal forces drove peaceful protesters from the area around the White House on Monday before he and other administration officials walked to a nearby church, which had been damaged the night before, to pose holding a BIble."
Trump White House unleashes a dangerous virus of misinformation
Trump will likely pardon Stone for the crimes he committed in service to his longtime master.
"Trump wore no face mask nor any other protective gear, which is typical for him, despite recommendations to the contrary by the Centers for Disease Control and Prevention. He stopped to talk to employees — who were wearing white lab coats, masks, gloves, goggles, hair coverings and plastic booties — while they were working with the sterile swabs."
Trump is publicly bragging about committing crimes against the Constitution and the American people.
"Trump, a businessman with an almost uncanny ability to get the better terms of a deal, must marvel at the licentiousness all around him in “the swamp.”"
"Trump, not surprisingly, used the speech as an opportunity to attack former President Barack Obama, claiming that he did nothing to promote criminal justice reform when he was in office. "
"Trump, of course, is his most stunning when he’s off-book, and not in the “my eldest daughter is stunning” kind of way."
"Trump, who actually was his school’s team captain, has long claimed that he was the best athlete there, a boast rarely challenged because coaches and classmates tended to praise him once it became in their best interests to do so."
"Trump, who opted against giving a Super Bowl pregame interview last year, made several eyebrow-raising remarks during his interview with host Margaret Brennan, touching on topics including his plan to withdraw U.S. troops from Syria and whether he would let his 12-year-old son play football."
"Trump’s comments, sent in a tweet, were his latest in a series of inflammatory statements related to race, which has become a top political issue ahead of the Nov. 3 election amid nationwide protests about civil rights and racial inequality."
"Trump’s crude but mind-bogglingly effective myth-making is forcing people like me, who considered the society of the late 1960s frightening and maniacally riven enough, to reckon more darkly now with what destroys or regenerates a republic. "
Trump’s evangelical cabal are behind Republican attacks on women’s reproductive rights.
Trump’s Fourth of July remarks doubled down on his speech the previous evening at Mount Rushmore in South Dakota where he accused “angry mobs” of trying to erase history and painted himself as a bulwark against left-wing extremism.
Trump’s latest anti-China barb came as new figures showed 30 million Americans have lost their jobs during lockdown.
"Trump’s Latest Dose of Anti-Trans Poison Is Cruel, and Utterly Predictable"
"Trump’s obsession with building a wall on the U.S.-Mexico border is the literal manifestation of America’s long, ugly history of racially authoritarian “populism.”"
"Trump’s profound megalomania, impulsiveness, and defective character is what got us where we are today. If we are to have any shot at a real recovery, he needs to go."
Trump’s tax cut proposal came just days after his ridiculous assertions that when America had only 15 confirmed coronavirus cases the umber would quickly fall and with warmer weather the pathogen would lose its deadly power.
Trumpism is the white supremacist capitalist kamikaze mission we warned you about.
Trump's 'American Führer' fantasy: Yale psychiatrist says the president's 'displays of false strength' foreshadow plan to question election results
"Trump's blatant lie about the stock market was dangerous and disturbing, given that the American people will have to turn to the government for accurate information about the outbreak in order to keep safe."
Trump's comments came during a mega-rally in the world's largest cricket stadium — part of an elaborate Indian welcome for a president who revels in pomp and pageantry.
"Trump's decision to remove the troops near the Turkish border has allowed Turkey to lodge an attack on U.S. Kurdish allies who helped in the fight against the Islamic State terrorist group, also known as ISIS."
Trump's fascist Circus Maximus is also a way of intimidating his foes and further seducing his cult members and other followers.
Trump's haphazard decision to threaten a war with Iran also puts Americans at risk of terrorist attacks and undermines previous efforts to roll back Iran's nuclear program.
"Trump's impeachment process in the House was reduced to a political spectacle and served to undermine reason and informed judgment while promoting a steady stream of the performative diversions produced through a regimen of ignorance, self-serving lies and the triumph of illusion."
Trump's nomination of Amy Coney Barrett: Another step toward Christian fascism
Trump's payroll tax ploy ploy endangers Social Security — and it will have to be paid back next year
"Trump's right-wing propaganda media have provided cover for his malfeasance. As such, they have made the crisis worse by circulating lies and disinformation to their gullible, ignorant audience. "
Trump's 'task force' performance is an act -- he's still the same psychotic monster he always was
Trump's unraveling series of blunders is costing American lives — and will test his 'Fifth Avenue shooting' theory
"TrumpWorld also reflects the horrible surrealism of the film and novel ""Children of Men"" turned into a lived experience for America and the world. "
"Trying to bar women from abortion is bad enough in regular times, but it seemed even more sadistic during a pandemic and an economic crash, when financial and health concerns weigh more heavily than ever on women deciding whether or not continue pregnancies."
"Tucker Carlson has been attempting to do the dirty anti-journalistic, pro-fascist work, of carrying the hoax water of Hunter Biden-gate for Trump."
Tuesday’s fundraiser was hardly the first time that Biden has made false accusations that Trump is sympathetic toward antisemitism.
Twitter Boss Finds the Balls to Call Out Trump’s Race-War Tweet
Twitter censored a post from Rep. Matt Gaetz (R-FL) after he suggested that Antifa terrorists should be treated in the same ways as Middle Eastern terrorists.
"Twitter's ""Head of Site Integrity"" Yoel Roth boasts on his LinkedIn that he is in charge of ""developing and enforcing Twitter’s rules,"" like the one that led Twitter to slap a new ""misleading"" warning label on two of President Trump's tweets concerning nationwide mail-in balloting on Tuesday."
Two Muslim men say they were booted off an Alaska Airlines flight in February because of text messages they sent in Arabic.
"Two years after the Trump administration made the state-sanctioned kidnapping of children at the border official U.S. policy, the horrors around this crime against humanity continue to be exposed."
"Typical of this new breed was the senior policeman we saw in Bristol, explaining why he hadn’t intervened when a bronze statue of Edward Colston, a slave trader but also one of the city’s main historic benefactors, was pulled down in broad daylight by a masked thugs."
"U.S. firearms makers will be able within days to export as much as 20% more guns, including assault rifles and ammunition, under rules the Trump administration announced on Friday."
"U.S. Park Police walked back its claim on Friday that no ""tear gas"" was used to clear protesters in front of the White House before President Donald Trump crossed the street for his ill-fated photo-op on Monday."
"U.S. President Donald Trump retweeted a video showing one of his supporters in Florida shouting “white power” at protesters of his administration, drawing rebukes from allies and adversaries as protests continue in the aftermath of George Floyd’s death."
"U.S. prosecutors on Friday unveiled charges against 18 Portland, Oregon protesters ranging from assaulting police to arson and trespassing, a day after the Trump administration expanded the deployment of tactical police to Seattle."
"U.S. Rep. Steve King, under fire for defending white nationalism and white supremacism is now endorsing President Trump’s desire to declare a national emergency to build his wall."
U.S. women’s soccer team co-captain Megan Rapinoe is begging prominent male soccer stars to must begin agitating for political causes.
"UFC Middleweight Champion Israel Adesanya’s comment that his opponent will ""crumble like the Twin Towers"", in addition to being terrible and inappropriate, also makes no sense. "
"Ultimately, the best way to defeat the idea of white supremacy is to ignore cartoon villains like Spencer and Anglin. They’re bigots, losers, and attention-seekers who survive on the oxygen the media gives them."
"Ultimately, the rejection of mask-wearing really goes back to the fact that Trump, Ingraham and their most faithful followers are guided by fascist impulse, even when they don't or can't articulate a fully fleshed-out fascist ideology."
"Unbelievably, with all they had seen their child suffer, his parents not only refused the doctor’s suggestion that he receive another DTaP vaccination they also declined all the other scheduled vaccinations the boy had missed."
"Under President Reagan, church and state became inextricably intertwined and have remained so, with the Trump administration’s backing of “religious freedom” and “religious liberty” as battering rams against LGBTQ rights and reproductive choice."
"Unfortunately for you non-Texans, Gov. Abbott's extreme gooberness is now surging across our borders to afflict people in your state."
"Unfortunately, everything changed in 2014 with the “Hands Up, Don’t Shoot” hoax."
"Until recently, there seemed to be no broader plan behind NeverTrump’s early, and vigorous, opposition to Trump and his administration. But the contours of a plan have begun to emerge, particularly on social media, where the movement’s criticism of Trump alternates with praise for some of his opponents in the 2016 Republican primary."
"Until the last few years, all Washington could talk about was how to cut Social Security benefits, and by how much but a grass-roots progressive coalition began campaigning for expansion in 2013, and the idea has since moved straight to the heart of the Democratic Party."
"USA Today Sports published a broadside against youth tackle football, claiming that the sport is just too dangerous for children."
"Using the coronavirus as his excuse, Donald Trump is working to give the highest-paid American workers a valuable tax break, while tossing crumbs to the middle class and the working poor."
"Using the same alarmist language he has employed to describe illegal immigration, Trump painted Democrat-led cities as out of control and lashed out at the “radical left,” which he blamed for rising violence in some cities, even though criminal justice experts say it defies easy explanation."
"Vice President Joe Biden said of COVID-19 on Tuesday in a public address that “Our darkest days are ahead of us, not behind us,” the same day Congress passed another $900 billion big business and blue state bailout spree and the day after he received the new COVID vaccine on live television."
"Vice President Mike Pence — a Christian conservative with a long history of anti-science views, including both denying that condoms are safe and cigarettes are dangerous — is running the White House coronavirus task force, which is no doubt one of the big reasons the U.S. has one of the worst responses to the pandemic in the world."
"Vice President Mike Pence repeatedly made false claims about the Trump administration's coronavirus response as he dodged, interrupted and obfuscated through the vice presidential debate on Wednesday."
"Victoria’s Secret spring campaign featuring transgender and plus-sized models marks a dramatic shift toward progressive feminism for Victoria’s Secret, which has been roiled by management changes in the past year."
"Violence against women has plagued Mexico for years and the many killings of women drew international attention when they spiked in the 1990s, about the time of the signing of the North American Free Trade Agreement and of an increase in Juarez of manufacturing plants known as maquiladoras."
"Virginia’s House Republican leader said on Saturday that white supremacists and any other groups trying to spread “hate, violence, or civil unrest” were not welcome at a pro-gun rally in the state’s capital on Monday, which is expected to draw thousands."
"Voting in quasi-militarized settings was not confined to the nation’s capital. In Philadelphia, on election eve, the mayor announced a curfew that was slated to take effect an hour before its polls closed, but subsequently delayed it after an outcry by other city officials and activists."
Wall Street surged on Thursday as investors weighed the prospect of economic recovery against bellicose remarks from President Donald Trump regarding U.S.-China trade and a whistleblower’s dire warnings about the U.S. response to the coronavirus pandemic.
Warren has been reaching out to LGBT voters by condemning Christian schools that hold and teach a biblical worldview of human sexuality and marriage.
Warren savages Biden for wanting McConnell to get re-elected (Biden’s argument about being able to convince McConnell’s Republicans to work with him seems even more tone-deaf) while Buttigieg hits Bloomberg for opposing raising the minimum wage and Obama’s candidacy.
"Warren, a U.S. senator from Massachusetts, estimates her healthcare overhaul will cost an additional $20.5 trillion in federal spending over 10 years without the need to raise middle-class taxes, a claim questioned by some of her rivals in the 2020 White House race."
Warren’s speech included leftist talking points — from corporations’ alleged mistreatment of American workers and unions to the dangers of “cutthroat capitalism” and the pitfalls of free trade.
"Washington continues to operate just as it always has, filling the coffers of the Pentagon as though “national security” were nothing but a matter of war and more war."
"Watching a crazed mob tear down the statue of Christopher Columbus in Pelosi’s native Baltimore on July 4, it was impossible to believe an earlier generation of Democratic leaders would have allowed such destruction."
Watching the Republican Party is like watching your friend drink himself to death.
"Way back in 2012, then-Gov. Rick Scott made headlines with a weird new policy: Any claim for unemployment could no longer be done by phone or in person—it had to be filed online using his new website. "
We did consent to the lockdowns and now are suffering under the insanity that has flowed from them—economic suicide and petty local laws that serve no purpose other than to nanny us into submission.
We have to hear stump speeches and debate exchanges that relate to the rapidly deteriorating facts on the ground in this country — and not get hung up on the histrionics of how we got here.
"We have to hope that the GOP evolves into a better version of itself because, as Arthur Schlesinger Jr. observed in an article in the New York Times in 1950, this country needs two intelligent parties."
"We just survived eight years of a messianic presidency, with a finger-wagging, patriotism-appropriating administration lecturing us on how to be proper Americans."
"We might note that at the time of this Texas ruling, national liberals were spluttering with outraged opposition."
"We must be wary of allowing those wielding the toxic charge of racism, no matter how well intentioned their motives, to decide who has a voice and who does not. "
We should expect growing support for this item for a few reasons: Younger voters of all political stripes are being exposed to the status quo student loan system. Younger voters are also less likely to accept the toxic brand of “conservatism.”
"We used to think of interracial marriage as a sign of social progress. Now, thanks to The New York Times, we know it’s just another sinister tool of white supremacy."
"We, as Muslim and Hindu women of color, have watched in horror as both the country of our ancestors, India, and the country of our birth, the United States, have devolved into nationalism and fascism."
"We’re materially comfortable, we have no desire to climb the corporate ladder, we’re happy with what we have, which makes us hard to bribe; and we just want to be left alone — and that’s why we get the hell out of these cesspool cities run by Democrats — these failed totalitarian states filled with crime, social unrest, terrible schools, high taxes, and busybody bureaucrats empowered by over-regulation."
"Wealth taxes have been tried in many European countries, with limited success."
Welcome to 'Crazytown': An unprecedented frenzy in Georgia shows how democracy breaks down
"Welcome to the longest U.S. economic expansion in history, one perhaps best characterized by the excesses of extreme wealth and an ever-widening chasm between the unfathomably rich and everyone else."
"What appears to have happened is that, like Barr, Pompeo is an ideological extremist who has figured out how to appease and flatter the president into helping him achieve his own goals."
What is new is the direct indictment of white people as a race. This happened through a strange rhetorical transformation over the past few years.
What the hell do you think is going to happen when you vote for the same political party that coddles and encourages these terrorists?
"What this means is that in these particular countries, local law enforcement agree to not enforce anti-gun laws, especially dangerous radical ones like confiscation, bans, mandatory registration, and limiting the size of magazines."
What was once a must-see stage show drawing celebrities and fans from around the world is now the latest target of a woke mob of leftists hellbent on castigating America’s founding and its founders as nothing more than bigots and slave owners.
"What we can expect from Bezos’s $10 billion, in other words, is $10 billion worth of green bullshit spread liberally around the world, scaring impressionable school kids, colonising university departments, misleading the mainstream media, granting shyster politicians the excuse they need to raise taxes and introduce more regulations in the name of ‘saving the planet.’"
What will stop the hyper sexualization of our children by the counterfeit sexual freedom culture?
What’s been even more entertaining is watching these Principled Prostitutes attempt to avoid this dilemma as they sought to influence Democrats into choosing Anyone But Bernie.
"Whatever the specifics of what Donald Trump’s diagnosis may be, from the moment protesters started to hit the streets to denounce police brutality, one thing was certain: The president’s brainworms would direct his energies away from doing anything useful and toward the task of managing his ego, relying on the reality TV tricks he mistakes for the real work of presidenting."
"When a child is molded to believe that sex is expected at their age, defined as recreational, erotic, lustful, and material, then what stops them from recognizing the deceitful approach of a sex trafficker and abuser?  Nothing."
"When a figurehead like Trump repeats the myth that vaccines cause autism, as he did during the presidential debates, many parents may choose not to vaccinate, putting children at unnecessary risk."
"When Democrats are releasing violent criminals, encouraging illegal immigration, and passing laws to disarm you while turning the police into eunuchs, it’s over."
When did it become racist to like the national anthem and Mount Rushmore?
"When did vaccines become politicized? Amid a measles outbreak, suddenly Republicans support anti-vaxxers."
"When far-right white evangelicals, white nationalists and coronavirus truthers rail against social distancing and encourage large gatherings, they are encouraging suicidal behavior. And there have been many examples."
"When greed and power are exercised by giant multinational corporations that escape the discipline of the nation-state, the potential for evil becomes infinite in nature."
"When he finally spoke in the Rose Garden on Monday, Trump threatened to deploy the military against American citizens if the governors didn’t take his advice for a more forceful crackdown. This threat didn’t appear to cow anyone, and only increased the anger."
"When I opened Britain’s bestselling tabloid conservative Sunday newspaper, I was greeted by a double-page spread showing a vast mob of Black Lives Matter activists marching on Downing Street in London."
"When it comes to the Green New Deal blueprint to address the climate crisis, Republicans generally like to pretend it calls for the elimination of hamburgers."
"When Mexico’s leader enters the White House to meet President Donald Trump on Wednesday, he will do so not only as a hostage to the whims of his U.S. counterpart, but also as partner in an unlikely alliance that has benefited both men."
"When President Trump rolled out his recent budget proposal, it made some cuts that were always going to cause controversy. For one thing, his plan would slash subsidized student loan repayment plans, and let the government crack down on missed payments."
"When the left is emboldened, cities burn, statues topple, careers and people are disappeared, good men are murdered, civil liberties are trampled, and the dual horrors of blacklisting and censorship reign supreme."
"When the Muslim ban was first enacted, it triggered chaos at airports and prompted widespread protest and legal challenges, and it continues to impose devastating costs on families and people who wish to come to the U.S."
"When the nation's highest civilian honor went to a right-wing media personality, it served as an oddly appropriate capstone to Trump's broader goals."
"When two sadists in uniform shoved an elderly man to the ground for the crime of approaching them, causing him a critical head injury, their fellow cops made no attempt to help the victim. "
"Whether it is due to gaffes, his inability to complete some sentences, or lack of knowledge on a subject, Biden has proven that interviews are not for him and the media has covered accordingly."
Whether you find Trump’s buffoonery utterly disgraceful or a sign of authenticity may mark our central political divide today.
Which is why Republicans like McConnell complaining about federal entitlements is so laughable. 
"While a number of transgender advocates and LGBTQ health experts applauded P&G’s decision to redesign the Always packaging by removing the female signs, the company’s announcement sparked criticism online, including a bounty of transphobic commentary."
"While Americans still cling to sexist gender roles at home, overwhelming majorities believe that sex discrimination in public spaces should be illegal."
"While corporate media, hypocritical politicians, and others labeled anyone in favor of reopening the economy, getting kids back in school, and even gathering for holidays a “grandma-killer,” one “expert in ethics and health policy” in the New York Times says that vaccinating elderly people first is racist."
While Democrats were busy diverting the attention and energy of the entire country into a pointless trial that could not possibly have ended in anything other than President Donald Trump’s acquittal...
While Democrats were diverting the attention and energy of the entire country into a pointless trial that could not possibly have ended in anything other than President Donald Trump’s acquittal...
"While falling short of calling half the nation “deplorable” as former Secretary of State Hillary Clinton did in 2016, the comments echo a deep disdain for a large population of the country increasingly perpetuated by left-wing elites in the wake of the George Floyd protests characterizing the U.S. as irredeemably racist."
"While health experts say a vaccine to prevent infection is needed to return life to normal, the survey points to a potential trust issue for the Trump administration already under fire for its often contradictory safety guidance during the pandemic."
"While it’s perfectly evident that Trump does have racist supporters (which he is suspiciously reluctant to condemn), many contend that Trumpism is itself not racist, but merely a justified reaction to the Left’s racial patronage."
"While Lecturing Americans On Racism, Big Business Opposes Ban On Using Foreign Slave Labor"
"While many women, and the men who love them, are well aware that, spurred on by the Vatican, United States Conference of Catholic Bishops (USCCB) and the so-called personhood movement, Republicans are working feverishly to eradicate women’s reproductive rights."
"While no one is praising Trump as a thought leader in the way Limbaugh has been, he’s undeniably made conservative ideas tangible for average Americans."
"While NYC has largely tamed the lethal and highly contagious coronavirus, another epidemic is starting to rear its ugly head in the city once again — violent crimes."
"While Omar is in no danger of being held accountable for her extremism, her ascent to rock-star status among Democrats and their media cheering section gives the lie to their claims to be standing up against hate and antisemitism."
"While Pence and the president have tried to paint a rosier picture of the virus and project a return to normalcy, some members of the task force are eager to resume appearances from White House grounds"
"While President Donald Trump’s impeachment trial had been wrapping up, he expanded one of his most controversial and inflammatory policies with little fanfare and minimal opposition: the travel ban on people from multiple Muslim-majority countries."
"While President Trump visited the southern border Thursday, Democratic darling Beto O’Rourke visited the dentist — posting a bizarre video showing him getting a mouth-wide-open cleaning in order to highlight the story of his dental hygienist’s upbringing in El Paso."
"While riots raged across the United States over Floyd’s death, editors on Wikipedia promptly set out to spin the narrative of the unrest against Trump."
"While sexual ambiguity does occasionally occur, the authors note, “intersex individuals are extremely rare, and they are neither a third sex nor proof that sex is a ‘spectrum’ or a ‘social construct.’”"
"While Snapchat is happy to blame President Trump — who is working to restore order — for the ongoing violence, it has not said anything about support for the domestic terrorist Antifa movement on its platform."
"While the announcement identifies cases of alleged police misconduct, it does not mention violence accompanying the protests over Floyd’s death that the Foundation is now backing."
"While the mayor has severely curtailed religious practice in the city, he has defended the rights of citizens to form huge gatherings to protest, even violently, and obviously without social distancing or masks (except perhaps antifa masks)."
"While the piece fairly analyzes the fracturing of the white nationalist movement, it makes the bizarre claim that ideas that are widely popular amongst mainstream conservatives, such as ending affirmative action, are actually white nationalist in origin."
"While the press had no problem regurgitating the propaganda Ben Rhodes created in the D.C. echo chamber to sell President Obama’s 2015 disastrous Iran deal, with Trump corporate media has opted to limit coverage of Iran’s horrific human rights abuses."
"While the stupid Democrats who vote for Democrats stress and worry  about another round of looting and burning this weekend in their Democrat-run cities, all I’m worried about is the weather."
"While the threat of anti-trans bills being passed into law is real and present, all such legislation will almost certainly be challenged in the courts immediately upon passing or before it can be fully implemented."
"While the workaday majority of Americans continue to be mired in our low-wage economy, the precious few at the tippy top soared out of sight in 2019."
"While these many similarities between Green New Deal and the constitution ushered in by Venezuelan leftist dictator Hugo Chavez in 1999 may be just happenstance, the important thing to remember is that Venezuela under its new constitution has become a disaster zone."
"While Trump has stopped short of invoking the 1807 act to use the military to enforce laws domestically, he’s kept the option open, fomenting further unrest and division. Rather than staging photo opportunities while awkwardly holding a Bible in Lafayette Square, Trump would have issued a formal proclamation calling on the insurgents to disperse if he’s serious about the application of the Insurrection Act."
"While, in the wake of the El Paso murders, the media and most of our politicians are acting shocked that there are armed racists in America who are trying to terrify people of color, the reality is that it’s pretty much always been that way here in the United States."
"While, in the wake of the El Paso murders, the media and most of our politicians are acting shocked—“shocked, I tell you!”—that there are armed racists in America who are trying to terrify people of color, the reality is that it’s pretty much always been that way here in the United States."
"White House Press Secretary Kayleigh McEnany voiced tepid support for Defense Secretary Mark Esper, after he stated Wednesday that he did not support invoking the Insurrection Act, which would allow active-duty troops to act in domestic law enforcement roles."
White mobs have once again moved out of the shadows and into the limelight during this Trump moment.
"White nationalism-fueled violence is on the rise, but FBI is slow to call it domestic terrorism."
White people are being asked—or pushed—to take stock of their whiteness and identify with it more. This is a remarkably bad idea.
"White supremacist violent extremists can generally be characterized by hatred for immigrants and ethnic minorities, often combining these prejudices with virulent anti-Semitism or anti-Muslim views, the DHS report states."
"Whitmer takes on Trump for claiming the economy is booming, asking “for whom?” … She details local pieces of legislation Dem. Governors are working on before claiming Democrats are the ones who actually fight for hardworking Americans."
"Why are members of the fairer sex on the frontlines of riotous efforts to support a movement that insists they're racist, capitalism is racist, and the whole system is racist?"
"Why did Democrats vote overwhelmingly against a bill that would require infants born alive after abortion to be treated as any other infant born at that gestational age? Because abortion is the right to destroy one’s own child, and if a woman chose to kill her baby, to the left it would seem a violation of her so-called right to choose for doctors to try to save that baby."
Why did Trump offer up this cards? That's because his vaunted skills in making the deal absolutely failed to budge the prices from pharmaceutical companies and a deal that had been in the works for months absolutely collapsed. 
Why women have abortions is a topic much discussed by those who argue that ending a life in the womb is sometimes necessary.
Wikipedia’s coverage of other contentious political topics such as abortion were also criticized with Sanger singling out Wikipedia claiming abortion is “one of the safest procedures in medicine.”
Wikipedia’s own articles on the Floyd protests similarly reflect the Foundation’s abandonment of neutrality by being unduly skewed towards smearing President Donald Trump while downplaying protestor violence and the violent Antifa group’s involvement.
"Wilson and Ali have received death threats for the ""crime"" of poking fun at Donald Trump and the members of his political cult."
"Wilton Gregory, the first African American to be named as cardinal and known as a refined diplomat, made headlines when he blasted President Donald Trump’s photo opportunity hoisting a Bible at a Washington church after police used tear gas to clear demonstrators in June."
Winston Churchill was a ‘racist’. Or so the Black Lives Matter graffiti says on the plinth of his statue in London’s Parliament Square which is bound to be pulled down by hard-left activists sooner or later because the police don’t seem to have that much of an appetite to save it.
"With it’s bothsidesism and pro-Trump onesiderism, the New York Times is flailing"
"With our climate-impacted world now highly prone to fires, extreme storms and sea-level rise, nuclear energy is touted as a possible replacement for the burning of fossil fuels for energy – the leading cause of climate change."
"With radical feminists and extremist trans activists seeking to have her publishers and film associates ban her from earning a living, she understands how the radical left seeks not to merely disagree with their opponents, but to destroy them utterly as human beings."
"With the arrival of one virus, our legal rights seem to have been deemed irrelevant, completely subordinated to the arbitrary whims of politicians, all in the name of 'safety.'"
"With this in mind, the Trump administration reportedly hopes to reduce poverty in the United States, not by making a material difference in struggling families’ finances, but by tinkering with the threshold for what counts as poverty."
"With President Donald Trump signaling that he's eager for the country to relax stringent measures meant to stem the tide of the Covid-19 pandemic, it's important to realize how dangerous this idea is."
"Within two weeks of Floyd’s passing in Minneapolis police custody, militant social justice warriors racked up an estimated $1-2 billion in damage, causing the costliest outbreak of political upheaval in U.S. history, devastating minority businesses while kicking off an entire summer of chaos engulfing the nation’s major cities and eventually spreading to the suburbs."
"Witness, for instance, the wacky nonsense New York mayor and current Trump flunky Rudy Giuliani addressed to Salon's Roger Sollenberger during a text interview this week. "
"Women’s rights advocates were relieved late Monday when Senate Democrats blocked an extreme anti-choice bill from advancing to a floor debate—but were soon outraged by President Donald Trump’s lies about abortion care, as well as the corporate media for enabling his blatantly false characterization of the bill to stand."
"Won’t it be absurdly difficult to enforce new gun-control laws, or move toward the outright confiscation that is always and forever the Left’s ultimate goal, after a year of record-breaking gun sales?"
Yale psychiatrist explains why the coronavirus pandemic and Donald Trump's irrational cult is a deadly combination
"Yep, after openly committing adultery against the Republican Party, these shameless cheats honestly believed the Democrat Party would make them equal and trusted partners in the family business."
"Yes Trump and the right are embracing and celebrating death. It is ghoulish. It is also one more illustration that the Age of Trump is an American dystopia where what was previously unimaginable (for most decent people) has become ""normal."""
"Yes, he might be a demented Stalinist eager to flood America with illegal aliens and take away our guns and health insurance, but he sure gave those venal Never Trumpers a sweet face job Saturday night in Nevada, and now I can’t tell if my tears come from joy or laughter."
"Yes, the rich are rich and want to stay that way, and yet at the same time, fat cats now lean left, even far left, on cultural issues–and they want you to do as you’re told. "
"Yet bizarrely, the entirety of the Establishment — from Prime Minister Boris Johnson downwards — and the bodies representing every cultural institution from the Church of England to the Football Association, have been grovelling and fawning and kowtowing to BLM as if its name were to be taken at face value."
"Yet every nation except Mongolia and Greenland recorded dozens to thousands of deaths no matter what they tried, even socialist systems with draconian lockdowns like Italy (684.63 deaths per million), Spain (830.57), and the United Kingdom (722.45)."
Yet it's merely the tip of the iceberg of war criminals lurking -- and working -- on U.S. turf.
"Yet no one denies that older nuclear plants, with an aged infrastructure often surpassing expected lifetimes, are extremely inefficient and run a higher risk of disaster."
"Yet Omar is unashamed about being linked to this kind of hate, even claiming that while she opposes economic sanctions on the tyrannical, terrorist-supporting Iranian regime, she thinks boycotts of Israel are justified."
"Yet the gender ideology is rapidly gaining power, aided by huge donations from wealthy individuals and medical companies."
"Yet the overwhelming narrative across social media today and, depressingly, across much of the mainstream media is that these ugly, sinister shows of force by the triumphant radical left are something almost charming and admirable rather than something we should all fear."
"Yet when researchers in the U.S. have been so corrupt they have gone to jail, mainstream scientists still accept their research."
Yet the Trump family and his allies are evidently using this national emergency to enrich themselves.
"You may remember that hours after America was attacked by al Qaeda on 9/11 thousands of Muslims, regular folks celebrated in the streets."
"You may remember that NBC journalist Nancy Snyderman broke her Ebola quarantine, to the outrage of her neighbors."
"You need to keep a close eye on what your school is teaching because the left only wants to teach your kids to engage in loveless sex, the sanctity of abortion, why America is evil, that men are women and women are men, and that Global Warming is real. (It’s not.)"
You’ve heard of Jim Crow and Southern Segregation…? That was ALL Democrats.
Young female athletes’ dreams and accomplishments have been dashed across the country when competing against biological males who “identify” as females.
"Young white men, reacting to social and educational constructs that paint them as the embodiment of historical evil, are fertile ground for white supremacists."
Young women taking part in high school and college athletics across the country have had their dreams of winning dashed by the movement to allow biological male who “identify” as female to compete against them.
YouTube is making clear there will be no “birtherism” on its platform during this year’s U.S. presidential election – a belated response to a type of conspiracy theory more prevalent in the 2012 race.